log_time,publish_time,data
2026-04-28 22:39:27.609488,2026-04-28 22:39:27.609488,24.562742233276367
2026-04-28 22:39:27.798518,2026-04-28 22:39:27.798518,24.56973648071289
2026-04-28 22:39:27.999165,2026-04-28 22:39:27.999165,24.751462936401367
2026-04-28 22:39:28.199550,2026-04-28 22:39:28.199550,24.73015022277832
2026-04-28 22:39:28.400630,2026-04-28 22:39:28.400630,24.712034225463867
2026-04-28 22:39:28.597719,2026-04-28 22:39:28.597719,24.69663429260254
2026-04-28 22:39:28.796910,2026-04-28 22:39:28.796910,24.68354606628418
2026-04-28 22:39:28.999005,2026-04-28 22:39:28.999005,24.672420501708984
2026-04-28 22:39:29.198039,2026-04-28 22:39:29.198039,24.6629638671875
2026-04-28 22:39:29.399292,2026-04-28 22:39:29.399292,24.654926300048828
2026-04-28 22:39:29.597609,2026-04-28 22:39:29.597609,24.64809226989746
2026-04-28 22:39:29.799554,2026-04-28 22:39:29.799554,24.466503143310547
2026-04-28 22:39:29.997904,2026-04-28 22:39:29.997904,24.312152862548828
2026-04-28 22:39:30.199946,2026-04-28 22:39:30.199946,24.18095588684082
2026-04-28 22:39:30.397843,2026-04-28 22:39:30.397843,24.06943702697754
2026-04-28 22:39:30.599567,2026-04-28 22:39:30.599567,23.974645614624023
2026-04-28 22:39:30.802165,2026-04-28 22:39:30.802165,23.89407539367676
2026-04-28 22:39:30.999066,2026-04-28 22:39:30.999066,23.82558822631836
2026-04-28 22:39:31.198616,2026-04-28 22:39:31.198616,23.76737594604492
2026-04-28 22:39:31.397423,2026-04-28 22:39:31.397423,23.717893600463867
2026-04-28 22:39:31.597632,2026-04-28 22:39:31.597632,23.67583465576172
2026-04-28 22:39:31.798847,2026-04-28 22:39:31.798847,23.815866470336918
2026-04-28 22:39:32.000599,2026-04-28 22:39:32.000599,23.759111404418945
2026-04-28 22:39:32.210655,2026-04-28 22:39:32.210655,23.71086883544922
2026-04-28 22:39:32.403018,2026-04-28 22:39:32.403018,23.669864654541016
2026-04-28 22:39:32.599880,2026-04-28 22:39:32.599880,23.635009765625
2026-04-28 22:39:32.799479,2026-04-28 22:39:32.799479,23.781164169311523
2026-04-28 22:39:32.998547,2026-04-28 22:39:32.998547,23.9053955078125
2026-04-28 22:39:33.197015,2026-04-28 22:39:33.197015,24.1867733001709
2026-04-28 22:39:33.400950,2026-04-28 22:39:33.400950,24.250164031982425
2026-04-28 22:39:33.597454,2026-04-28 22:39:33.597454,24.30404663085937
2026-04-28 22:39:33.799826,2026-04-28 22:39:33.799826,23.82250213623047
2026-04-28 22:39:33.998923,2026-04-28 22:39:33.998923,23.23740768432617
2026-04-28 22:39:34.209885,2026-04-28 22:39:34.209885,22.91585922241211
2026-04-28 22:39:34.400210,2026-04-28 22:39:34.400210,22.642541885375977
2026-04-28 22:39:34.602982,2026-04-28 22:39:34.602982,22.41022300720215
2026-04-28 22:39:34.800666,2026-04-28 22:39:34.800666,22.21275329589844
2026-04-28 22:39:35.012810,2026-04-28 22:39:35.012810,22.044902801513672
2026-04-28 22:39:35.197014,2026-04-28 22:39:35.197014,22.07801055908203
2026-04-28 22:39:35.408508,2026-04-28 22:39:35.408508,22.10615348815918
2026-04-28 22:39:35.597208,2026-04-28 22:39:35.597208,22.13007354736328
2026-04-28 22:39:35.797598,2026-04-28 22:39:35.797598,22.150405883789062
2026-04-28 22:39:35.996970,2026-04-28 22:39:35.996970,22.167688369750977
2026-04-28 22:39:36.209635,2026-04-28 22:39:36.209635,22.3581600189209
2026-04-28 22:39:36.402074,2026-04-28 22:39:36.402074,22.52006149291992
2026-04-28 22:39:36.597430,2026-04-28 22:39:36.597430,22.833457946777344
2026-04-28 22:39:36.807941,2026-04-28 22:39:36.807941,22.92406463623047
2026-04-28 22:39:36.999204,2026-04-28 22:39:36.999204,23.00107955932617
2026-04-28 22:39:37.196897,2026-04-28 22:39:37.196897,23.06654357910156
2026-04-28 22:39:37.397080,2026-04-28 22:39:37.397080,23.1221866607666
2026-04-28 22:39:37.599775,2026-04-28 22:39:37.599775,23.169483184814453
2026-04-28 22:39:37.797951,2026-04-28 22:39:37.797951,23.209686279296875
2026-04-28 22:39:38.000057,2026-04-28 22:39:38.000057,24.122764587402344
2026-04-28 22:39:38.198524,2026-04-28 22:39:38.198524,24.898881912231445
2026-04-28 22:39:38.398465,2026-04-28 22:39:38.398465,25.55858039855957
2026-04-28 22:39:38.597309,2026-04-28 22:39:38.597309,25.06463623046875
2026-04-28 22:39:38.798719,2026-04-28 22:39:38.798719,24.644784927368164
2026-04-28 22:39:38.998156,2026-04-28 22:39:38.998156,24.28791046142578
2026-04-28 22:39:39.207962,2026-04-28 22:39:39.207962,23.984567642211918
2026-04-28 22:39:39.400141,2026-04-28 22:39:39.400141,23.550945281982425
2026-04-28 22:39:39.598507,2026-04-28 22:39:39.598507,23.18236541748047
2026-04-28 22:39:39.797352,2026-04-28 22:39:39.797352,22.86907386779785
2026-04-28 22:39:40.000465,2026-04-28 22:39:40.000465,22.60277557373047
2026-04-28 22:39:40.203404,2026-04-28 22:39:40.203404,22.376420974731445
2026-04-28 22:39:40.397297,2026-04-28 22:39:40.397297,22.18402099609375
2026-04-28 22:39:40.600223,2026-04-28 22:39:40.600223,22.020479202270508
2026-04-28 22:39:40.800225,2026-04-28 22:39:40.800225,21.8814697265625
2026-04-28 22:39:40.999474,2026-04-28 22:39:40.999474,21.76331329345703
2026-04-28 22:39:41.201986,2026-04-28 22:39:41.201986,21.662878036499023
2026-04-28 22:39:41.397717,2026-04-28 22:39:41.397717,21.5775089263916
2026-04-28 22:39:41.597977,2026-04-28 22:39:41.597977,21.504945755004883
2026-04-28 22:39:41.799646,2026-04-28 22:39:41.799646,21.443265914916992
2026-04-28 22:39:41.998074,2026-04-28 22:39:41.998074,19.808807373046875
2026-04-28 22:39:42.197854,2026-04-28 22:39:42.197854,20.001548767089844
2026-04-28 22:39:42.398073,2026-04-28 22:39:42.398073,18.58334732055664
2026-04-28 22:39:42.600114,2026-04-28 22:39:42.600114,18.95990753173828
2026-04-28 22:39:42.798967,2026-04-28 22:39:42.798967,17.697952270507812
2026-04-28 22:39:42.997636,2026-04-28 22:39:42.997636,18.20732307434082
2026-04-28 22:39:43.197152,2026-04-28 22:39:43.197152,18.640287399291992
2026-04-28 22:39:43.397038,2026-04-28 22:39:43.397038,18.8325252532959
2026-04-28 22:39:43.599056,2026-04-28 22:39:43.599056,17.413896560668945
2026-04-28 22:39:43.798584,2026-04-28 22:39:43.798584,17.79009246826172
2026-04-28 22:39:44.001940,2026-04-28 22:39:44.001940,18.10985946655273
2026-04-28 22:39:44.198847,2026-04-28 22:39:44.198847,16.799631118774414
2026-04-28 22:39:44.398853,2026-04-28 22:39:44.398853,15.86171817779541
2026-04-28 22:39:44.602745,2026-04-28 22:39:44.602745,14.888710021972656
2026-04-28 22:39:44.802726,2026-04-28 22:39:44.802726,14.237435340881348
2026-04-28 22:39:44.999316,2026-04-28 22:39:44.999316,13.68385124206543
2026-04-28 22:39:45.199716,2026-04-28 22:39:45.199716,13.38908576965332
2026-04-28 22:39:45.403608,2026-04-28 22:39:45.403608,13.314316749572754
2026-04-28 22:39:45.599655,2026-04-28 22:39:45.599655,13.074981689453123
2026-04-28 22:39:45.800444,2026-04-28 22:39:45.800444,13.047327995300291
2026-04-28 22:39:45.999012,2026-04-28 22:39:45.999012,13.023822784423828
2026-04-28 22:39:46.210037,2026-04-28 22:39:46.210037,13.003843307495115
2026-04-28 22:39:46.398447,2026-04-28 22:39:46.398447,13.162641525268556
2026-04-28 22:39:46.597995,2026-04-28 22:39:46.597995,13.47340202331543
2026-04-28 22:39:46.798867,2026-04-28 22:39:46.798867,13.737547874450684
2026-04-28 22:39:47.000972,2026-04-28 22:39:47.000972,13.786290168762209
2026-04-28 22:39:47.198550,2026-04-28 22:39:47.198550,13.82772159576416
2026-04-28 22:40:00.296918,2026-04-28 22:40:00.296918,14.03872013092041
2026-04-28 22:40:00.498324,2026-04-28 22:40:00.498324,14.04228687286377
2026-04-28 22:40:00.699674,2026-04-28 22:40:00.699674,14.221099853515623
2026-04-28 22:40:00.896988,2026-04-28 22:40:00.896988,14.373091697692873
2026-04-28 22:40:01.114938,2026-04-28 22:40:01.114938,14.502284049987791
2026-04-28 22:40:01.312546,2026-04-28 22:40:01.312546,14.43631649017334
2026-04-28 22:40:01.497454,2026-04-28 22:40:01.497454,14.556025505065918
2026-04-28 22:40:01.699333,2026-04-28 22:40:01.699333,14.481996536254885
2026-04-28 22:40:01.909326,2026-04-28 22:40:01.909326,14.594853401184082
2026-04-28 22:40:02.111789,2026-04-28 22:40:02.111789,14.690781593322754
2026-04-28 22:40:02.297882,2026-04-28 22:40:02.297882,14.772320747375488
2026-04-28 22:40:02.508363,2026-04-28 22:40:02.508363,14.841629028320312
2026-04-28 22:40:02.699693,2026-04-28 22:40:02.699693,14.900540351867676
2026-04-28 22:40:02.909518,2026-04-28 22:40:02.909518,14.950615882873535
2026-04-28 22:40:03.108717,2026-04-28 22:40:03.108717,14.993179321289062
2026-04-28 22:40:03.299491,2026-04-28 22:40:03.299491,15.029358863830566
2026-04-28 22:40:03.509093,2026-04-28 22:40:03.509093,15.060111045837402
2026-04-28 22:40:03.707622,2026-04-28 22:40:03.707622,15.086251258850098
2026-04-28 22:40:03.909028,2026-04-28 22:40:03.909028,15.10846996307373
2026-04-28 22:40:04.106789,2026-04-28 22:40:04.106789,15.127355575561523
2026-04-28 22:40:04.307360,2026-04-28 22:40:04.307360,14.967626571655272
2026-04-28 22:40:04.498989,2026-04-28 22:40:04.498989,15.007638931274414
2026-04-28 22:40:04.699132,2026-04-28 22:40:04.699132,14.86586856842041
2026-04-28 22:40:04.898478,2026-04-28 22:40:04.898478,14.745363235473633
2026-04-28 22:40:05.109320,2026-04-28 22:40:05.109320,14.81871509552002
2026-04-28 22:40:05.298503,2026-04-28 22:40:05.298503,14.881063461303713
2026-04-28 22:40:05.508021,2026-04-28 22:40:05.508021,14.934060096740724
2026-04-28 22:40:05.698524,2026-04-28 22:40:05.698524,14.979107856750488
2026-04-28 22:40:05.896986,2026-04-28 22:40:05.896986,15.0173978805542
2026-04-28 22:40:06.097033,2026-04-28 22:40:06.097033,15.049943923950195
2026-04-28 22:40:06.298403,2026-04-28 22:40:06.298403,15.077609062194824
2026-04-28 22:40:06.498417,2026-04-28 22:40:06.498417,15.101123809814451
2026-04-28 22:40:06.708627,2026-04-28 22:40:06.708627,15.121111869812012
2026-04-28 22:40:06.898803,2026-04-28 22:40:06.898803,15.138100624084473
2026-04-28 22:40:07.106791,2026-04-28 22:40:07.106791,15.152542114257812
2026-04-28 22:40:07.299079,2026-04-28 22:40:07.299079,15.164816856384276
2026-04-28 22:40:07.502216,2026-04-28 22:40:07.502216,15.175251007080078
2026-04-28 22:40:07.707262,2026-04-28 22:40:07.707262,15.18411922454834
2026-04-28 22:40:07.907540,2026-04-28 22:40:07.907540,15.015876770019531
2026-04-28 22:40:08.099005,2026-04-28 22:40:08.099005,15.048651695251465
2026-04-28 22:40:08.309753,2026-04-28 22:40:08.309753,15.076509475708008
2026-04-28 22:40:08.507151,2026-04-28 22:40:08.507151,14.924407958984377
2026-04-28 22:40:08.702130,2026-04-28 22:40:08.702130,14.970903396606444
2026-04-28 22:40:08.898368,2026-04-28 22:40:08.898368,14.83464241027832
2026-04-28 22:40:09.106855,2026-04-28 22:40:09.106855,14.89460277557373
2026-04-28 22:40:09.296950,2026-04-28 22:40:09.296950,14.945568084716797
2026-04-28 22:40:09.507833,2026-04-28 22:40:09.507833,14.988889694213867
2026-04-28 22:40:09.707917,2026-04-28 22:40:09.707917,15.025712013244627
2026-04-28 22:40:09.902954,2026-04-28 22:40:09.902954,15.232792854309082
2026-04-28 22:40:10.103126,2026-04-28 22:40:10.103126,15.408811569213867
2026-04-28 22:40:10.298208,2026-04-28 22:40:10.298208,15.558426856994627
2026-04-28 22:40:10.497849,2026-04-28 22:40:10.497849,15.68560028076172
2026-04-28 22:40:10.702240,2026-04-28 22:40:10.702240,15.96947956085205
2026-04-28 22:40:10.907261,2026-04-28 22:40:10.907261,16.21077537536621
2026-04-28 22:40:11.097859,2026-04-28 22:40:11.097859,16.591659545898438
2026-04-28 22:40:11.311459,2026-04-28 22:40:11.311459,17.0911922454834
2026-04-28 22:40:11.508239,2026-04-28 22:40:11.508239,17.34001350402832
2026-04-28 22:40:11.708969,2026-04-28 22:40:11.708969,17.551511764526367
2026-04-28 22:40:11.907232,2026-04-28 22:40:11.907232,17.731285095214844
2026-04-28 22:40:12.097770,2026-04-28 22:40:12.097770,17.884092330932617
2026-04-28 22:40:12.307437,2026-04-28 22:40:12.307437,18.013978958129883
2026-04-28 22:40:12.497195,2026-04-28 22:40:12.497195,18.12438201904297
2026-04-28 22:40:12.707437,2026-04-28 22:40:12.707437,18.218223571777344
2026-04-28 22:40:12.908362,2026-04-28 22:40:12.908362,18.297990798950195
2026-04-28 22:40:13.109014,2026-04-28 22:40:13.109014,18.36579132080078
2026-04-28 22:40:13.307358,2026-04-28 22:40:13.307358,18.599205017089844
2026-04-28 22:40:13.510792,2026-04-28 22:40:13.510792,20.028074264526367
2026-04-28 22:40:13.708503,2026-04-28 22:40:13.708503,21.24261283874512
2026-04-28 22:40:13.907639,2026-04-28 22:40:13.907639,22.27497100830078
2026-04-28 22:40:14.107056,2026-04-28 22:40:14.107056,23.152475357055664
2026-04-28 22:40:14.311665,2026-04-28 22:40:14.311665,23.89835357666016
2026-04-28 22:40:14.507253,2026-04-28 22:40:14.507253,24.532350540161133
2026-04-28 22:40:14.710992,2026-04-28 22:40:14.710992,25.07124900817871
2026-04-28 22:40:14.906771,2026-04-28 22:40:14.906771,25.52931022644043
2026-04-28 22:40:15.109545,2026-04-28 22:40:15.109545,26.094446182250977
2026-04-28 22:40:15.307138,2026-04-28 22:40:15.307138,26.57481002807617
2026-04-28 22:40:15.506989,2026-04-28 22:40:15.506989,26.98311996459961
2026-04-28 22:40:15.708121,2026-04-28 22:40:15.708121,27.330183029174805
2026-04-28 22:40:15.910320,2026-04-28 22:40:15.910320,27.625186920166016
2026-04-28 22:40:16.106821,2026-04-28 22:40:16.106821,27.875940322875977
2026-04-28 22:40:16.298231,2026-04-28 22:40:16.298231,28.089080810546875
2026-04-28 22:40:16.506902,2026-04-28 22:40:16.506902,25.28196907043457
2026-04-28 22:40:16.699781,2026-04-28 22:40:16.699781,22.895923614501957
2026-04-28 22:40:16.899096,2026-04-28 22:40:16.899096,20.86778450012207
2026-04-28 22:40:17.109574,2026-04-28 22:40:17.109574,19.14386749267578
2026-04-28 22:40:17.299480,2026-04-28 22:40:17.299480,17.678537368774414
2026-04-28 22:40:17.509148,2026-04-28 22:40:17.509148,16.433006286621094
2026-04-28 22:40:17.707912,2026-04-28 22:40:17.707912,15.374305725097656
2026-04-28 22:40:17.910888,2026-04-28 22:40:17.910888,14.474409103393556
2026-04-28 22:40:18.110382,2026-04-28 22:40:18.110382,13.709498405456545
2026-04-28 22:40:18.309775,2026-04-28 22:40:18.309775,13.05932331085205
2026-04-28 22:40:18.507462,2026-04-28 22:40:18.507462,15.494956016540527
2026-04-28 22:40:18.708295,2026-04-28 22:40:18.708295,17.565244674682617
2026-04-28 22:40:18.906994,2026-04-28 22:40:18.906994,19.324989318847656
2026-04-28 22:40:19.108695,2026-04-28 22:40:19.108695,20.820772171020508
2026-04-28 22:40:19.307222,2026-04-28 22:40:19.307222,22.092187881469727
2026-04-28 22:40:19.510056,2026-04-28 22:40:19.510056,23.172889709472656
2026-04-28 22:40:19.710644,2026-04-28 22:40:19.710644,24.091487884521484
2026-04-28 22:40:19.907477,2026-04-28 22:40:19.907477,24.872295379638672
2026-04-28 22:40:20.107306,2026-04-28 22:40:20.107306,25.360200881958008
2026-04-28 22:40:20.307376,2026-04-28 22:40:20.307376,25.774921417236328
2026-04-28 22:40:20.510404,2026-04-28 22:40:20.510404,26.12743377685547
2026-04-28 22:40:20.709238,2026-04-28 22:40:20.709238,25.72394371032715
2026-04-28 22:40:20.908970,2026-04-28 22:40:20.908970,25.205196380615234
2026-04-28 22:40:21.110895,2026-04-28 22:40:21.110895,24.940040588378903
2026-04-28 22:40:21.309820,2026-04-28 22:40:21.309820,24.89044189453125
2026-04-28 22:40:21.509052,2026-04-28 22:40:21.509052,24.67250061035156
2026-04-28 22:40:21.707487,2026-04-28 22:40:21.707487,24.48724937438965
2026-04-28 22:40:21.907777,2026-04-28 22:40:21.907777,24.50556945800781
2026-04-28 22:40:22.108775,2026-04-28 22:40:22.108775,24.52113914489746
2026-04-28 22:40:22.307138,2026-04-28 22:40:22.307138,24.534374237060547
2026-04-28 22:40:22.508294,2026-04-28 22:40:22.508294,24.545625686645508
2026-04-28 22:40:22.708421,2026-04-28 22:40:22.708421,24.3794059753418
2026-04-28 22:40:22.908357,2026-04-28 22:40:22.908357,24.238121032714844
2026-04-28 22:40:23.109854,2026-04-28 22:40:23.109854,24.11802673339844
2026-04-28 22:40:23.307850,2026-04-28 22:40:23.307850,24.015947341918945
2026-04-28 22:40:23.510701,2026-04-28 22:40:23.510701,23.753398895263672
2026-04-28 22:40:23.707034,2026-04-28 22:40:23.707034,23.53023338317871
2026-04-28 22:40:23.911638,2026-04-28 22:40:23.911638,23.34054183959961
2026-04-28 22:40:24.108093,2026-04-28 22:40:24.108093,23.003522872924805
2026-04-28 22:40:24.307532,2026-04-28 22:40:24.307532,22.71705818176269
2026-04-28 22:40:24.508664,2026-04-28 22:40:24.508664,22.473560333251957
2026-04-28 22:40:24.708492,2026-04-28 22:40:24.708492,22.266590118408203
2026-04-28 22:40:24.908093,2026-04-28 22:40:24.908093,22.09066390991211
2026-04-28 22:40:25.107716,2026-04-28 22:40:25.107716,21.941125869750977
2026-04-28 22:40:25.313257,2026-04-28 22:40:25.313257,21.81402015686035
2026-04-28 22:40:25.510748,2026-04-28 22:40:25.510748,21.70598030090332
2026-04-28 22:40:38.609389,2026-04-28 22:40:38.609389,21.614145278930664
2026-04-28 22:40:38.811030,2026-04-28 22:40:38.811030,21.53608512878418
2026-04-28 22:40:39.008917,2026-04-28 22:40:39.008917,21.469736099243164
2026-04-28 22:40:39.210201,2026-04-28 22:40:39.210201,21.41333770751953
2026-04-28 22:40:39.412394,2026-04-28 22:40:39.412394,21.36540031433105
2026-04-28 22:40:39.614239,2026-04-28 22:40:39.614239,21.50043296813965
2026-04-28 22:40:39.810697,2026-04-28 22:40:39.810697,21.615211486816406
2026-04-28 22:40:40.009906,2026-04-28 22:40:40.009906,21.7127742767334
2026-04-28 22:40:40.210922,2026-04-28 22:40:40.210922,21.79570198059082
2026-04-28 22:40:40.408397,2026-04-28 22:40:40.408397,21.86618995666504
2026-04-28 22:40:40.611501,2026-04-28 22:40:40.611501,21.926105499267575
2026-04-28 22:40:40.809821,2026-04-28 22:40:40.809821,21.977033615112305
2026-04-28 22:40:41.008660,2026-04-28 22:40:41.008660,22.020322799682617
2026-04-28 22:40:41.210443,2026-04-28 22:40:41.210443,22.232898712158203
2026-04-28 22:40:41.409613,2026-04-28 22:40:41.409613,22.413589477539062
2026-04-28 22:40:41.608688,2026-04-28 22:40:41.608688,22.567174911499023
2026-04-28 22:40:41.807128,2026-04-28 22:40:41.807128,22.697723388671875
2026-04-28 22:40:42.010004,2026-04-28 22:40:42.010004,22.808691024780277
2026-04-28 22:40:42.207753,2026-04-28 22:40:42.207753,22.903011322021484
2026-04-28 22:40:42.408530,2026-04-28 22:40:42.408530,23.158966064453125
2026-04-28 22:40:42.606990,2026-04-28 22:40:42.606990,23.200746536254883
2026-04-28 22:40:42.808591,2026-04-28 22:40:42.808591,23.41204071044922
2026-04-28 22:40:43.012503,2026-04-28 22:40:43.012503,23.59164047241211
2026-04-28 22:40:43.207235,2026-04-28 22:40:43.207235,23.74430084228516
2026-04-28 22:40:43.408129,2026-04-28 22:40:43.408129,23.874061584472656
2026-04-28 22:40:43.611319,2026-04-28 22:40:43.611319,24.160140991210938
2026-04-28 22:40:43.808051,2026-04-28 22:40:43.808051,24.40330696105957
2026-04-28 22:40:44.007626,2026-04-28 22:40:44.007626,24.60999870300293
2026-04-28 22:40:44.206959,2026-04-28 22:40:44.206959,24.78568649291992
2026-04-28 22:40:44.410211,2026-04-28 22:40:44.410211,24.935020446777344
2026-04-28 22:40:44.608039,2026-04-28 22:40:44.608039,25.237735748291016
2026-04-28 22:40:44.808078,2026-04-28 22:40:44.808078,25.495044708251957
2026-04-28 22:40:45.010596,2026-04-28 22:40:45.010596,25.713756561279297
2026-04-28 22:40:45.207697,2026-04-28 22:40:45.207697,25.899662017822266
2026-04-28 22:40:45.411953,2026-04-28 22:40:45.411953,26.05768203735352
2026-04-28 22:40:45.607002,2026-04-28 22:40:45.607002,26.01621627807617
2026-04-28 22:40:45.811522,2026-04-28 22:40:45.811522,25.980972290039062
2026-04-28 22:40:46.006757,2026-04-28 22:40:46.006757,26.12679481506348
2026-04-28 22:40:46.210717,2026-04-28 22:40:46.210717,26.2507438659668
2026-04-28 22:40:46.407358,2026-04-28 22:40:46.407358,26.356101989746094
2026-04-28 22:40:46.607363,2026-04-28 22:40:46.607363,26.269874572753903
2026-04-28 22:40:46.810745,2026-04-28 22:40:46.810745,26.37236213684082
2026-04-28 22:40:47.008713,2026-04-28 22:40:47.008713,26.283695220947266
2026-04-28 22:40:47.207239,2026-04-28 22:40:47.207239,26.208328247070312
2026-04-28 22:40:47.408227,2026-04-28 22:40:47.408227,26.14426612854004
2026-04-28 22:40:47.608511,2026-04-28 22:40:47.608511,26.265594482421875
2026-04-28 22:40:47.807563,2026-04-28 22:40:47.807563,26.368724822998047
2026-04-28 22:40:48.007093,2026-04-28 22:40:48.007093,26.45638465881348
2026-04-28 22:40:48.209685,2026-04-28 22:40:48.209685,26.530895233154297
2026-04-28 22:40:48.407088,2026-04-28 22:40:48.407088,26.41844940185547
2026-04-28 22:40:48.608082,2026-04-28 22:40:48.608082,26.49864959716797
2026-04-28 22:40:48.808452,2026-04-28 22:40:48.808452,26.566822052001957
2026-04-28 22:40:49.008395,2026-04-28 22:40:49.008395,26.6247673034668
2026-04-28 22:40:49.208141,2026-04-28 22:40:49.208141,26.674020767211918
2026-04-28 22:40:49.409640,2026-04-28 22:40:49.409640,26.71588706970215
2026-04-28 22:40:49.609551,2026-04-28 22:40:49.609551,26.75147247314453
2026-04-28 22:40:49.808907,2026-04-28 22:40:49.808907,26.781719207763672
2026-04-28 22:40:50.007408,2026-04-28 22:40:50.007408,26.631649017333984
2026-04-28 22:40:50.208402,2026-04-28 22:40:50.208402,26.67987060546875
2026-04-28 22:40:50.409117,2026-04-28 22:40:50.409117,26.72085952758789
2026-04-28 22:40:50.607667,2026-04-28 22:40:50.607667,26.755699157714844
2026-04-28 22:40:50.806952,2026-04-28 22:40:50.806952,26.78531265258789
2026-04-28 22:40:51.007647,2026-04-28 22:40:51.007647,26.81048393249512
2026-04-28 22:40:51.208256,2026-04-28 22:40:51.208256,26.831880569458008
2026-04-28 22:40:51.407154,2026-04-28 22:40:51.407154,24.740692138671875
2026-04-28 22:40:51.606945,2026-04-28 22:40:51.606945,22.96318244934082
2026-04-28 22:40:51.807565,2026-04-28 22:40:51.807565,21.452299118041992
2026-04-28 22:40:52.012899,2026-04-28 22:40:52.012899,19.992265701293945
2026-04-28 22:40:52.210226,2026-04-28 22:40:52.210226,18.751239776611328
2026-04-28 22:40:52.406827,2026-04-28 22:40:52.406827,17.696365356445312
2026-04-28 22:40:52.606959,2026-04-28 22:40:52.606959,16.97550392150879
2026-04-28 22:40:52.809955,2026-04-28 22:40:52.809955,16.36277198791504
2026-04-28 22:40:53.009604,2026-04-28 22:40:53.009604,15.84195041656494
2026-04-28 22:40:53.207304,2026-04-28 22:40:53.207304,15.575033187866213
2026-04-28 22:40:53.406986,2026-04-28 22:40:53.406986,15.348153114318848
2026-04-28 22:40:53.607073,2026-04-28 22:40:53.607073,15.15530490875244
2026-04-28 22:40:53.806694,2026-04-28 22:40:53.806694,14.815603256225586
2026-04-28 22:40:54.007287,2026-04-28 22:40:54.007287,14.526856422424316
2026-04-28 22:40:54.207425,2026-04-28 22:40:54.207425,14.281421661376951
2026-04-28 22:40:54.408945,2026-04-28 22:40:54.408945,14.072802543640137
2026-04-28 22:40:54.608562,2026-04-28 22:40:54.608562,13.895475387573242
2026-04-28 22:40:54.809131,2026-04-28 22:40:54.809131,13.74474811553955
2026-04-28 22:40:55.009851,2026-04-28 22:40:55.009851,13.616629600524902
2026-04-28 22:40:55.210406,2026-04-28 22:40:55.210406,13.507728576660156
2026-04-28 22:40:55.408809,2026-04-28 22:40:55.408809,13.415163040161133
2026-04-28 22:40:55.606851,2026-04-28 22:40:55.606851,13.160700798034668
2026-04-28 22:40:55.807653,2026-04-28 22:40:55.807653,12.944408416748049
2026-04-28 22:40:56.009696,2026-04-28 22:40:56.009696,12.760560035705566
2026-04-28 22:40:56.210088,2026-04-28 22:40:56.210088,12.604288101196287
2026-04-28 22:40:56.410179,2026-04-28 22:40:56.410179,12.295676231384276
2026-04-28 22:40:56.609092,2026-04-28 22:40:56.609092,12.033355712890623
2026-04-28 22:40:56.811168,2026-04-28 22:40:56.811168,11.810383796691896
2026-04-28 22:40:57.010034,2026-04-28 22:40:57.010034,11.620857238769531
2026-04-28 22:40:57.209297,2026-04-28 22:40:57.209297,11.459760665893556
2026-04-28 22:40:57.408485,2026-04-28 22:40:57.408485,11.322827339172363
2026-04-28 22:40:57.608033,2026-04-28 22:40:57.608033,11.20643424987793
2026-04-28 22:40:57.808759,2026-04-28 22:40:57.808759,11.107501029968262
2026-04-28 22:40:58.007258,2026-04-28 22:40:58.007258,11.023406982421877
2026-04-28 22:40:58.206985,2026-04-28 22:40:58.206985,10.951927185058594
2026-04-28 22:40:58.409868,2026-04-28 22:40:58.409868,10.891169548034668
2026-04-28 22:40:58.608107,2026-04-28 22:40:58.608107,10.83952522277832
2026-04-28 22:40:58.806918,2026-04-28 22:40:58.806918,10.97140884399414
2026-04-28 22:40:59.008981,2026-04-28 22:40:59.008981,11.083510398864746
2026-04-28 22:40:59.210110,2026-04-28 22:40:59.210110,11.17879581451416
2026-04-28 22:40:59.408872,2026-04-28 22:40:59.408872,11.08400821685791
2026-04-28 22:40:59.608617,2026-04-28 22:40:59.608617,11.003437995910645
2026-04-28 22:40:59.809939,2026-04-28 22:40:59.809939,10.934953689575195
2026-04-28 22:41:00.009286,2026-04-28 22:41:00.009286,10.700960159301758
2026-04-28 22:41:00.208039,2026-04-28 22:41:00.208039,10.677847862243652
2026-04-28 22:41:00.408377,2026-04-28 22:41:00.408377,10.482420921325684
2026-04-28 22:41:00.608610,2026-04-28 22:41:00.608610,10.492088317871094
2026-04-28 22:41:00.808187,2026-04-28 22:41:00.808187,10.324525833129885
2026-04-28 22:41:01.008325,2026-04-28 22:41:01.008325,10.182096481323242
2026-04-28 22:41:01.208778,2026-04-28 22:41:01.208778,10.23681354522705
2026-04-28 22:41:01.407211,2026-04-28 22:41:01.407211,10.28332233428955
2026-04-28 22:41:01.612962,2026-04-28 22:41:01.612962,13.13535499572754
2026-04-28 22:41:01.807506,2026-04-28 22:41:01.807506,15.55958366394043
2026-04-28 22:41:02.009161,2026-04-28 22:41:02.009161,17.620176315307617
2026-04-28 22:41:02.208019,2026-04-28 22:41:02.208019,19.371681213378903
2026-04-28 22:41:02.408263,2026-04-28 22:41:02.408263,18.04796028137207
2026-04-28 22:41:02.607831,2026-04-28 22:41:02.607831,19.73529815673828
2026-04-28 22:41:02.807752,2026-04-28 22:41:02.807752,21.16953468322754
2026-04-28 22:41:03.008217,2026-04-28 22:41:03.008217,19.576135635375977
2026-04-28 22:41:03.210918,2026-04-28 22:41:03.210918,21.03424644470215
2026-04-28 22:41:03.409328,2026-04-28 22:41:03.409328,19.46114158630371
2026-04-28 22:41:03.611834,2026-04-28 22:41:03.611834,20.936500549316406
2026-04-28 22:41:03.809121,2026-04-28 22:41:03.809121,22.1905574798584
2026-04-28 22:41:16.909501,2026-04-28 22:41:16.909501,23.25650405883789
2026-04-28 22:41:17.111511,2026-04-28 22:41:17.111511,24.162559509277344
2026-04-28 22:41:17.309113,2026-04-28 22:41:17.309113,24.756925582885746
2026-04-28 22:41:17.509231,2026-04-28 22:41:17.509231,25.262136459350582
2026-04-28 22:41:17.715220,2026-04-28 22:41:17.715220,25.69156646728516
2026-04-28 22:41:17.911453,2026-04-28 22:41:17.911453,26.232362747192383
2026-04-28 22:41:18.109532,2026-04-28 22:41:18.109532,26.516258239746094
2026-04-28 22:41:18.309184,2026-04-28 22:41:18.309184,26.757570266723636
2026-04-28 22:41:18.509523,2026-04-28 22:41:18.509523,26.962684631347656
2026-04-28 22:41:18.708453,2026-04-28 22:41:18.708453,27.13703155517578
2026-04-28 22:41:18.909134,2026-04-28 22:41:18.909134,27.28522682189941
2026-04-28 22:41:19.108470,2026-04-28 22:41:19.108470,27.235410690307617
2026-04-28 22:41:19.308646,2026-04-28 22:41:19.308646,27.19306945800781
2026-04-28 22:41:19.507706,2026-04-28 22:41:19.507706,27.15707778930664
2026-04-28 22:41:19.709680,2026-04-28 22:41:19.709680,27.126483917236328
2026-04-28 22:41:19.910963,2026-04-28 22:41:19.910963,27.100481033325195
2026-04-28 22:41:20.107529,2026-04-28 22:41:20.107529,27.07837677001953
2026-04-28 22:41:20.309231,2026-04-28 22:41:20.309231,27.059589385986328
2026-04-28 22:41:20.509516,2026-04-28 22:41:20.509516,27.04361915588379
2026-04-28 22:41:20.708196,2026-04-28 22:41:20.708196,27.030044555664062
2026-04-28 22:41:20.910313,2026-04-28 22:41:20.910313,27.01850700378418
2026-04-28 22:41:21.110306,2026-04-28 22:41:21.110306,27.008699417114254
2026-04-28 22:41:21.311220,2026-04-28 22:41:21.311220,27.176145553588867
2026-04-28 22:41:21.510785,2026-04-28 22:41:21.510785,27.31847381591797
2026-04-28 22:41:21.707885,2026-04-28 22:41:21.707885,27.439453125
2026-04-28 22:41:21.907313,2026-04-28 22:41:21.907313,27.36650276184082
2026-04-28 22:41:22.109900,2026-04-28 22:41:22.109900,27.30449676513672
2026-04-28 22:41:22.309382,2026-04-28 22:41:22.309382,27.25179100036621
2026-04-28 22:41:22.507314,2026-04-28 22:41:22.507314,27.20699119567871
2026-04-28 22:41:22.714190,2026-04-28 22:41:22.714190,27.16891098022461
2026-04-28 22:41:22.907519,2026-04-28 22:41:22.907519,27.13654327392578
2026-04-28 22:41:23.107958,2026-04-28 22:41:23.107958,27.10902976989746
2026-04-28 22:41:23.309649,2026-04-28 22:41:23.309649,27.085643768310547
2026-04-28 22:41:23.509570,2026-04-28 22:41:23.509570,26.889986038208008
2026-04-28 22:41:23.707530,2026-04-28 22:41:23.707530,26.89945602416992
2026-04-28 22:41:23.908732,2026-04-28 22:41:23.908732,26.731725692749023
2026-04-28 22:41:24.108098,2026-04-28 22:41:24.108098,26.58915328979492
2026-04-28 22:41:24.309963,2026-04-28 22:41:24.309963,26.467967987060547
2026-04-28 22:41:24.507185,2026-04-28 22:41:24.507185,26.364961624145508
2026-04-28 22:41:24.707068,2026-04-28 22:41:24.707068,26.27740478515625
2026-04-28 22:41:24.912441,2026-04-28 22:41:24.912441,26.202980041503903
2026-04-28 22:41:25.108350,2026-04-28 22:41:25.108350,26.139720916748047
2026-04-28 22:41:25.309949,2026-04-28 22:41:25.309949,26.08595085144043
2026-04-28 22:41:25.508410,2026-04-28 22:41:25.508410,26.040245056152344
2026-04-28 22:41:25.709555,2026-04-28 22:41:25.709555,26.00139617919922
2026-04-28 22:41:25.907657,2026-04-28 22:41:25.907657,25.968374252319336
2026-04-28 22:41:26.109777,2026-04-28 22:41:26.109777,25.940305709838867
2026-04-28 22:41:26.309769,2026-04-28 22:41:26.309769,25.916446685791016
2026-04-28 22:41:26.507741,2026-04-28 22:41:26.507741,25.896167755126957
2026-04-28 22:41:26.707824,2026-04-28 22:41:26.707824,25.878929138183597
2026-04-28 22:41:26.907150,2026-04-28 22:41:26.907150,25.86427879333496
2026-04-28 22:41:27.108404,2026-04-28 22:41:27.108404,25.85182380676269
2026-04-28 22:41:27.307124,2026-04-28 22:41:27.307124,25.841238021850582
2026-04-28 22:41:27.507859,2026-04-28 22:41:27.507859,25.832239151000977
2026-04-28 22:41:27.707050,2026-04-28 22:41:27.707050,25.8245906829834
2026-04-28 22:41:27.910833,2026-04-28 22:41:27.910833,25.818090438842773
2026-04-28 22:41:28.108185,2026-04-28 22:41:28.108185,25.81256484985352
2026-04-28 22:41:28.310445,2026-04-28 22:41:28.310445,25.8078670501709
2026-04-28 22:41:28.507049,2026-04-28 22:41:28.507049,25.979656219482425
2026-04-28 22:41:28.707003,2026-04-28 22:41:28.707003,26.125675201416016
2026-04-28 22:41:28.908536,2026-04-28 22:41:28.908536,26.425575256347656
2026-04-28 22:41:29.107945,2026-04-28 22:41:29.107945,26.68048858642578
2026-04-28 22:41:29.306954,2026-04-28 22:41:29.306954,26.897165298461918
2026-04-28 22:41:29.508024,2026-04-28 22:41:29.508024,27.08134078979492
2026-04-28 22:41:29.707359,2026-04-28 22:41:29.707359,27.237890243530277
2026-04-28 22:41:29.907667,2026-04-28 22:41:29.907667,27.37095642089844
2026-04-28 22:41:30.110057,2026-04-28 22:41:30.110057,27.48406219482422
2026-04-28 22:41:30.314582,2026-04-28 22:41:30.314582,27.58020401000977
2026-04-28 22:41:30.509758,2026-04-28 22:41:30.509758,27.837703704833984
2026-04-28 22:41:30.708347,2026-04-28 22:41:30.708347,28.05657958984375
2026-04-28 22:41:30.909429,2026-04-28 22:41:30.909429,28.242624282836918
2026-04-28 22:41:31.106945,2026-04-28 22:41:31.106945,28.40076065063477
2026-04-28 22:41:31.309539,2026-04-28 22:41:31.309539,28.535179138183597
2026-04-28 22:41:31.510029,2026-04-28 22:41:31.510029,28.649433135986328
2026-04-28 22:41:31.707508,2026-04-28 22:41:31.707508,28.74654960632324
2026-04-28 22:41:31.909448,2026-04-28 22:41:31.909448,28.82909774780273
2026-04-28 22:41:32.107251,2026-04-28 22:41:32.107251,28.89926528930664
2026-04-28 22:41:32.307807,2026-04-28 22:41:32.307807,28.95890617370605
2026-04-28 22:41:32.511108,2026-04-28 22:41:32.511108,29.009601593017575
2026-04-28 22:41:32.709896,2026-04-28 22:41:32.709896,29.05269241333008
2026-04-28 22:41:32.909727,2026-04-28 22:41:32.909727,29.089319229125977
2026-04-28 22:41:33.107043,2026-04-28 22:41:33.107043,29.12045288085937
2026-04-28 22:41:33.307707,2026-04-28 22:41:33.307707,29.14691734313965
2026-04-28 22:41:33.507585,2026-04-28 22:41:33.507585,29.169410705566406
2026-04-28 22:41:33.707050,2026-04-28 22:41:33.707050,29.18852996826172
2026-04-28 22:41:33.907101,2026-04-28 22:41:33.907101,29.204782485961918
2026-04-28 22:41:34.109439,2026-04-28 22:41:34.109439,29.218595504760746
2026-04-28 22:41:34.308067,2026-04-28 22:41:34.308067,29.230337142944336
2026-04-28 22:41:34.506980,2026-04-28 22:41:34.506980,27.482505798339844
2026-04-28 22:41:34.708121,2026-04-28 22:41:34.708121,25.996849060058597
2026-04-28 22:41:34.907819,2026-04-28 22:41:34.907819,24.734039306640625
2026-04-28 22:41:35.108358,2026-04-28 22:41:35.108358,23.66065216064453
2026-04-28 22:41:35.307782,2026-04-28 22:41:35.307782,22.748273849487305
2026-04-28 22:41:35.507205,2026-04-28 22:41:35.507205,23.55478286743164
2026-04-28 22:41:35.708186,2026-04-28 22:41:35.708186,24.240314483642575
2026-04-28 22:41:35.907514,2026-04-28 22:41:35.907514,24.823017120361328
2026-04-28 22:41:36.109427,2026-04-28 22:41:36.109427,25.318315505981445
2026-04-28 22:41:36.309314,2026-04-28 22:41:36.309314,25.73931884765625
2026-04-28 22:41:36.507856,2026-04-28 22:41:36.507856,25.921388626098636
2026-04-28 22:41:36.707412,2026-04-28 22:41:36.707412,26.251930236816406
2026-04-28 22:41:36.909097,2026-04-28 22:41:36.909097,26.35710906982422
2026-04-28 22:41:37.110619,2026-04-28 22:41:37.110619,26.44651222229004
2026-04-28 22:41:37.309484,2026-04-28 22:41:37.309484,26.522504806518555
2026-04-28 22:41:37.508206,2026-04-28 22:41:37.508206,26.58709716796875
2026-04-28 22:41:37.708358,2026-04-28 22:41:37.708358,25.76309585571289
2026-04-28 22:41:37.909204,2026-04-28 22:41:37.909204,25.941598892211918
2026-04-28 22:41:38.109411,2026-04-28 22:41:38.109411,25.91754722595215
2026-04-28 22:41:38.308718,2026-04-28 22:41:38.308718,25.72132110595703
2026-04-28 22:41:38.507880,2026-04-28 22:41:38.507880,25.55452919006348
2026-04-28 22:41:38.711128,2026-04-28 22:41:38.711128,25.412755966186523
2026-04-28 22:41:38.908869,2026-04-28 22:41:38.908869,25.29224967956543
2026-04-28 22:41:39.107133,2026-04-28 22:41:39.107133,25.189817428588867
2026-04-28 22:41:39.308401,2026-04-28 22:41:39.308401,25.27853202819824
2026-04-28 22:41:39.508514,2026-04-28 22:41:39.508514,25.35394096374512
2026-04-28 22:41:39.709355,2026-04-28 22:41:39.709355,25.41803741455078
2026-04-28 22:41:39.908017,2026-04-28 22:41:39.908017,25.47251892089844
2026-04-28 22:41:40.109263,2026-04-28 22:41:40.109263,25.518829345703125
2026-04-28 22:41:40.309762,2026-04-28 22:41:40.309762,25.55819129943848
2026-04-28 22:41:40.511297,2026-04-28 22:41:40.511297,25.591650009155277
2026-04-28 22:41:40.713760,2026-04-28 22:41:40.713760,25.62009048461914
2026-04-28 22:41:40.908077,2026-04-28 22:41:40.908077,25.820045471191406
2026-04-28 22:41:41.110686,2026-04-28 22:41:41.110686,25.99000740051269
2026-04-28 22:41:41.310547,2026-04-28 22:41:41.310547,26.13447570800781
2026-04-28 22:41:41.509263,2026-04-28 22:41:41.509263,26.257272720336918
2026-04-28 22:41:41.709956,2026-04-28 22:41:41.709956,26.361650466918945
2026-04-28 22:41:41.912232,2026-04-28 22:41:41.912232,26.45037078857422
2026-04-28 22:41:42.108501,2026-04-28 22:41:42.108501,26.525785446166992
2026-04-28 22:41:55.209692,2026-04-28 22:41:55.209692,26.58988571166992
2026-04-28 22:41:55.411552,2026-04-28 22:41:55.411552,26.644371032714844
2026-04-28 22:41:55.607533,2026-04-28 22:41:55.607533,26.6906852722168
2026-04-28 22:41:55.808857,2026-04-28 22:41:55.808857,26.73005104064941
2026-04-28 22:41:56.007964,2026-04-28 22:41:56.007964,26.763511657714844
2026-04-28 22:41:56.207059,2026-04-28 22:41:56.207059,26.967735290527344
2026-04-28 22:41:56.409815,2026-04-28 22:41:56.409815,26.96554374694824
2026-04-28 22:41:56.607146,2026-04-28 22:41:56.607146,26.963680267333984
2026-04-28 22:41:56.810881,2026-04-28 22:41:56.810881,26.96209716796875
2026-04-28 22:41:57.010578,2026-04-28 22:41:57.010578,26.960750579833984
2026-04-28 22:41:57.212248,2026-04-28 22:41:57.212248,26.95960807800293
2026-04-28 22:41:57.409014,2026-04-28 22:41:57.409014,26.958635330200195
2026-04-28 22:41:57.613375,2026-04-28 22:41:57.613375,26.957809448242188
2026-04-28 22:41:57.809402,2026-04-28 22:41:57.809402,27.13288688659668
2026-04-28 22:41:58.007010,2026-04-28 22:41:58.007010,27.28170394897461
2026-04-28 22:41:58.209811,2026-04-28 22:41:58.209811,27.23241806030273
2026-04-28 22:41:58.408693,2026-04-28 22:41:58.408693,27.366304397583008
2026-04-28 22:41:58.609415,2026-04-28 22:41:58.609415,27.3043270111084
2026-04-28 22:41:58.811434,2026-04-28 22:41:58.811434,27.25164794921875
2026-04-28 22:41:59.010398,2026-04-28 22:41:59.010398,27.20686912536621
2026-04-28 22:41:59.208132,2026-04-28 22:41:59.208132,27.16880798339844
2026-04-28 22:41:59.408217,2026-04-28 22:41:59.408217,27.136455535888672
2026-04-28 22:41:59.608592,2026-04-28 22:41:59.608592,27.10895538330078
2026-04-28 22:41:59.808063,2026-04-28 22:41:59.808063,27.085580825805664
2026-04-28 22:42:00.008266,2026-04-28 22:42:00.008266,27.065711975097656
2026-04-28 22:42:00.215248,2026-04-28 22:42:00.215248,27.04882431030273
2026-04-28 22:42:00.412720,2026-04-28 22:42:00.412720,27.034469604492188
2026-04-28 22:42:00.611032,2026-04-28 22:42:00.611032,25.26445579528809
2026-04-28 22:42:00.808940,2026-04-28 22:42:00.808940,23.75994300842285
2026-04-28 22:42:01.013481,2026-04-28 22:42:01.013481,22.481107711791992
2026-04-28 22:42:01.207998,2026-04-28 22:42:01.207998,21.39409828186035
2026-04-28 22:42:01.407861,2026-04-28 22:42:01.407861,20.29435920715332
2026-04-28 22:42:01.610808,2026-04-28 22:42:01.610808,19.35957908630371
2026-04-28 22:42:01.809412,2026-04-28 22:42:01.809412,18.389236450195312
2026-04-28 22:42:02.010266,2026-04-28 22:42:02.010266,17.56444549560547
2026-04-28 22:42:02.211587,2026-04-28 22:42:02.211587,16.687589645385742
2026-04-28 22:42:02.407597,2026-04-28 22:42:02.407597,15.942264556884766
2026-04-28 22:42:02.606928,2026-04-28 22:42:02.606928,15.30873680114746
2026-04-28 22:42:02.807660,2026-04-28 22:42:02.807660,14.770238876342772
2026-04-28 22:42:03.011557,2026-04-28 22:42:03.011557,14.31251621246338
2026-04-28 22:42:03.209363,2026-04-28 22:42:03.209363,13.923450469970703
2026-04-28 22:42:03.407396,2026-04-28 22:42:03.407396,13.592745780944824
2026-04-28 22:42:03.609257,2026-04-28 22:42:03.609257,13.311646461486816
2026-04-28 22:42:03.809250,2026-04-28 22:42:03.809250,13.072711944580078
2026-04-28 22:42:04.008701,2026-04-28 22:42:04.008701,13.045398712158203
2026-04-28 22:42:04.208134,2026-04-28 22:42:04.208134,13.02218246459961
2026-04-28 22:42:04.408203,2026-04-28 22:42:04.408203,13.002449035644531
2026-04-28 22:42:04.608247,2026-04-28 22:42:04.608247,12.809894561767578
2026-04-28 22:42:04.807529,2026-04-28 22:42:04.807529,12.646223068237305
2026-04-28 22:42:05.007429,2026-04-28 22:42:05.007429,12.507102012634276
2026-04-28 22:42:05.206976,2026-04-28 22:42:05.206976,12.564630508422852
2026-04-28 22:42:05.408508,2026-04-28 22:42:05.408508,12.613529205322266
2026-04-28 22:42:05.609841,2026-04-28 22:42:05.609841,12.655094146728516
2026-04-28 22:42:05.807645,2026-04-28 22:42:05.807645,12.514641761779783
2026-04-28 22:42:06.007214,2026-04-28 22:42:06.007214,12.571039199829102
2026-04-28 22:42:06.209009,2026-04-28 22:42:06.209009,12.618977546691896
2026-04-28 22:42:06.410375,2026-04-28 22:42:06.410375,12.835505485534668
2026-04-28 22:42:06.611840,2026-04-28 22:42:06.611840,12.84377384185791
2026-04-28 22:42:06.807878,2026-04-28 22:42:06.807878,13.026582717895508
2026-04-28 22:42:07.009581,2026-04-28 22:42:07.009581,13.006189346313477
2026-04-28 22:42:07.207016,2026-04-28 22:42:07.207016,12.98885440826416
2026-04-28 22:42:07.408545,2026-04-28 22:42:07.408545,13.149901390075684
2026-04-28 22:42:07.610623,2026-04-28 22:42:07.610623,13.11100959777832
2026-04-28 22:42:07.807114,2026-04-28 22:42:07.807114,13.07795238494873
2026-04-28 22:42:08.008044,2026-04-28 22:42:08.008044,13.049853324890137
2026-04-28 22:42:08.208854,2026-04-28 22:42:08.208854,12.850187301635742
2026-04-28 22:42:08.407773,2026-04-28 22:42:08.407773,12.680472373962402
2026-04-28 22:42:08.607338,2026-04-28 22:42:08.607338,12.536213874816896
2026-04-28 22:42:08.808119,2026-04-28 22:42:08.808119,12.413594245910645
2026-04-28 22:42:09.007127,2026-04-28 22:42:09.007127,12.309367179870604
2026-04-28 22:42:09.210965,2026-04-28 22:42:09.210965,12.22077465057373
2026-04-28 22:42:09.408267,2026-04-28 22:42:09.408267,12.145471572875977
2026-04-28 22:42:09.609861,2026-04-28 22:42:09.609861,12.081462860107422
2026-04-28 22:42:09.807028,2026-04-28 22:42:09.807028,11.851274490356444
2026-04-28 22:42:10.007079,2026-04-28 22:42:10.007079,11.655614852905272
2026-04-28 22:42:10.208189,2026-04-28 22:42:10.208189,11.489303588867188
2026-04-28 22:42:10.412873,2026-04-28 22:42:10.412873,11.347939491271973
2026-04-28 22:42:10.607118,2026-04-28 22:42:10.607118,11.227779388427734
2026-04-28 22:42:10.808890,2026-04-28 22:42:10.808890,11.125643730163574
2026-04-28 22:42:11.006948,2026-04-28 22:42:11.006948,11.03882884979248
2026-04-28 22:42:11.211211,2026-04-28 22:42:11.211211,10.965035438537598
2026-04-28 22:42:11.407981,2026-04-28 22:42:11.407981,10.902311325073242
2026-04-28 22:42:11.607498,2026-04-28 22:42:11.607498,10.84899616241455
2026-04-28 22:42:11.809205,2026-04-28 22:42:11.809205,10.803677558898926
2026-04-28 22:42:12.009030,2026-04-28 22:42:12.009030,10.94093894958496
2026-04-28 22:42:12.207615,2026-04-28 22:42:12.207615,11.057610511779783
2026-04-28 22:42:12.407846,2026-04-28 22:42:12.407846,12.914593696594238
2026-04-28 22:42:12.608497,2026-04-28 22:42:12.608497,14.493029594421388
2026-04-28 22:42:12.808414,2026-04-28 22:42:12.808414,15.83470058441162
2026-04-28 22:42:13.010977,2026-04-28 22:42:13.010977,16.975120544433594
2026-04-28 22:42:13.209556,2026-04-28 22:42:13.209556,17.944477081298828
2026-04-28 22:42:13.414437,2026-04-28 22:42:13.414437,18.768430709838867
2026-04-28 22:42:13.609659,2026-04-28 22:42:13.609659,19.46879196166992
2026-04-28 22:42:13.806823,2026-04-28 22:42:13.806823,20.064096450805664
2026-04-28 22:42:14.008970,2026-04-28 22:42:14.008970,20.57010841369629
2026-04-28 22:42:14.208864,2026-04-28 22:42:14.208864,21.00021743774414
2026-04-28 22:42:14.407822,2026-04-28 22:42:14.407822,21.36580848693848
2026-04-28 22:42:14.608931,2026-04-28 22:42:14.608931,21.500782012939453
2026-04-28 22:42:14.807164,2026-04-28 22:42:14.807164,19.85769462585449
2026-04-28 22:42:15.007476,2026-04-28 22:42:15.007476,18.63685417175293
2026-04-28 22:42:15.208100,2026-04-28 22:42:15.208100,17.423357009887695
2026-04-28 22:42:15.407039,2026-04-28 22:42:15.407039,16.391883850097656
2026-04-28 22:42:15.609020,2026-04-28 22:42:15.609020,15.515132904052734
2026-04-28 22:42:15.807598,2026-04-28 22:42:15.807598,14.94567584991455
2026-04-28 22:42:16.010365,2026-04-28 22:42:16.010365,14.461636543273926
2026-04-28 22:42:16.207836,2026-04-28 22:42:16.207836,14.050204277038574
2026-04-28 22:42:16.407826,2026-04-28 22:42:16.407826,13.876267433166504
2026-04-28 22:42:16.607685,2026-04-28 22:42:16.607685,13.90420150756836
2026-04-28 22:42:16.809764,2026-04-28 22:42:16.809764,14.27950954437256
2026-04-28 22:42:17.011508,2026-04-28 22:42:17.011508,14.598520278930664
2026-04-28 22:42:17.209050,2026-04-28 22:42:17.209050,14.86967945098877
2026-04-28 22:42:17.407390,2026-04-28 22:42:17.407390,14.924384117126465
2026-04-28 22:42:17.610116,2026-04-28 22:42:17.610116,15.146663665771484
2026-04-28 22:42:17.810004,2026-04-28 22:42:17.810004,15.335601806640623
2026-04-28 22:42:18.012413,2026-04-28 22:42:18.012413,15.671979904174805
2026-04-28 22:42:18.208130,2026-04-28 22:42:18.208130,15.95790195465088
2026-04-28 22:42:18.410200,2026-04-28 22:42:18.410200,16.20093536376953
2026-04-28 22:42:18.609989,2026-04-28 22:42:18.609989,16.231733322143555
2026-04-28 22:42:18.816139,2026-04-28 22:42:18.816139,16.433691024780273
2026-04-28 22:42:19.009379,2026-04-28 22:42:19.009379,16.605356216430664
2026-04-28 22:42:19.209508,2026-04-28 22:42:19.209508,16.575490951538086
2026-04-28 22:42:19.418082,2026-04-28 22:42:19.418082,16.55010414123535
2026-04-28 22:42:19.609602,2026-04-28 22:42:19.609602,16.528526306152344
2026-04-28 22:42:19.814057,2026-04-28 22:42:19.814057,16.51018524169922
2026-04-28 22:42:20.015298,2026-04-28 22:42:20.015298,16.49459457397461
2026-04-28 22:42:20.206908,2026-04-28 22:42:20.206908,16.481342315673828
2026-04-28 22:42:20.408157,2026-04-28 22:42:20.408157,16.47007942199707
2026-04-28 22:42:33.507825,2026-04-28 22:42:33.507825,16.46050453186035
2026-04-28 22:42:33.707619,2026-04-28 22:42:33.707619,16.45236587524414
2026-04-28 22:42:33.910485,2026-04-28 22:42:33.910485,16.445449829101562
2026-04-28 22:42:34.107747,2026-04-28 22:42:34.107747,16.4395694732666
2026-04-28 22:42:34.308957,2026-04-28 22:42:34.308957,16.4345703125
2026-04-28 22:42:34.507082,2026-04-28 22:42:34.507082,16.430322647094727
2026-04-28 22:42:34.707070,2026-04-28 22:42:34.707070,16.426712036132812
2026-04-28 22:42:34.907291,2026-04-28 22:42:34.907291,16.423643112182617
2026-04-28 22:42:35.106873,2026-04-28 22:42:35.106873,16.42103385925293
2026-04-28 22:42:35.308720,2026-04-28 22:42:35.308720,16.41881561279297
2026-04-28 22:42:35.506939,2026-04-28 22:42:35.506939,16.41693115234375
2026-04-28 22:42:35.708575,2026-04-28 22:42:35.708575,16.415328979492188
2026-04-28 22:42:35.907032,2026-04-28 22:42:35.907032,16.41396713256836
2026-04-28 22:42:36.109010,2026-04-28 22:42:36.109010,16.412809371948242
2026-04-28 22:42:36.306856,2026-04-28 22:42:36.306856,16.58760643005371
2026-04-28 22:42:36.509107,2026-04-28 22:42:36.509107,16.73618507385254
2026-04-28 22:42:36.711447,2026-04-28 22:42:36.711447,16.862476348876953
2026-04-28 22:42:36.913332,2026-04-28 22:42:36.913332,16.969823837280273
2026-04-28 22:42:37.107479,2026-04-28 22:42:37.107479,17.061067581176758
2026-04-28 22:42:37.307110,2026-04-28 22:42:37.307110,17.314407348632812
2026-04-28 22:42:37.509912,2026-04-28 22:42:37.509912,17.529747009277344
2026-04-28 22:42:37.711085,2026-04-28 22:42:37.711085,17.712785720825195
2026-04-28 22:42:37.908655,2026-04-28 22:42:37.908655,17.868366241455078
2026-04-28 22:42:38.109411,2026-04-28 22:42:38.109411,18.000612258911133
2026-04-28 22:42:38.308375,2026-04-28 22:42:38.308375,18.113019943237305
2026-04-28 22:42:38.509956,2026-04-28 22:42:38.509956,18.38434791564941
2026-04-28 22:42:38.710874,2026-04-28 22:42:38.710874,18.61497688293457
2026-04-28 22:42:38.910993,2026-04-28 22:42:38.910993,18.811012268066406
2026-04-28 22:42:39.108789,2026-04-28 22:42:39.108789,18.97764205932617
2026-04-28 22:42:39.308086,2026-04-28 22:42:39.308086,19.11927604675293
2026-04-28 22:42:39.507154,2026-04-28 22:42:39.507154,19.239665985107425
2026-04-28 22:42:39.709241,2026-04-28 22:42:39.709241,19.517778396606445
2026-04-28 22:42:39.908132,2026-04-28 22:42:39.908132,19.754175186157227
2026-04-28 22:42:40.107465,2026-04-28 22:42:40.107465,19.95511054992676
2026-04-28 22:42:40.308544,2026-04-28 22:42:40.308544,20.125905990600582
2026-04-28 22:42:40.508759,2026-04-28 22:42:40.508759,20.27108383178711
2026-04-28 22:42:40.709114,2026-04-28 22:42:40.709114,20.39448356628418
2026-04-28 22:42:40.910400,2026-04-28 22:42:40.910400,20.675153732299805
2026-04-28 22:42:41.109266,2026-04-28 22:42:41.109266,20.913724899291992
2026-04-28 22:42:41.308681,2026-04-28 22:42:41.308681,21.11651039123535
2026-04-28 22:42:41.511416,2026-04-28 22:42:41.511416,21.288877487182617
2026-04-28 22:42:41.711481,2026-04-28 22:42:41.711481,21.43538856506348
2026-04-28 22:42:41.908273,2026-04-28 22:42:41.908273,21.559925079345703
2026-04-28 22:42:42.109148,2026-04-28 22:42:42.109148,21.66577911376953
2026-04-28 22:42:42.310147,2026-04-28 22:42:42.310147,21.755756378173828
2026-04-28 22:42:42.509610,2026-04-28 22:42:42.509610,22.008018493652344
2026-04-28 22:42:42.709291,2026-04-28 22:42:42.709291,22.22244071960449
2026-04-28 22:42:42.907110,2026-04-28 22:42:42.907110,22.404699325561523
2026-04-28 22:42:43.109874,2026-04-28 22:42:43.109874,22.559619903564453
2026-04-28 22:42:43.308796,2026-04-28 22:42:43.308796,22.691301345825195
2026-04-28 22:42:43.507776,2026-04-28 22:42:43.507776,22.803232192993164
2026-04-28 22:42:43.711407,2026-04-28 22:42:43.711407,22.89837074279785
2026-04-28 22:42:43.907409,2026-04-28 22:42:43.907409,22.97924041748047
2026-04-28 22:42:44.110039,2026-04-28 22:42:44.110039,23.0479793548584
2026-04-28 22:42:44.308556,2026-04-28 22:42:44.308556,23.282188415527344
2026-04-28 22:42:44.508017,2026-04-28 22:42:44.508017,23.30548477172852
2026-04-28 22:42:44.708917,2026-04-28 22:42:44.708917,23.50106811523437
2026-04-28 22:42:44.907564,2026-04-28 22:42:44.907564,23.491533279418945
2026-04-28 22:42:45.109511,2026-04-28 22:42:45.109511,23.483428955078125
2026-04-28 22:42:45.310169,2026-04-28 22:42:45.310169,23.476539611816406
2026-04-28 22:42:45.511464,2026-04-28 22:42:45.511464,23.470684051513672
2026-04-28 22:42:45.708380,2026-04-28 22:42:45.708380,23.64148712158203
2026-04-28 22:42:45.907092,2026-04-28 22:42:45.907092,23.610889434814453
2026-04-28 22:42:46.108020,2026-04-28 22:42:46.108020,23.760662078857425
2026-04-28 22:42:46.307085,2026-04-28 22:42:46.307085,23.71218681335449
2026-04-28 22:42:46.509249,2026-04-28 22:42:46.509249,23.84676551818848
2026-04-28 22:42:46.709557,2026-04-28 22:42:46.709557,23.961156845092773
2026-04-28 22:42:46.907622,2026-04-28 22:42:46.907622,23.88260841369629
2026-04-28 22:42:47.108670,2026-04-28 22:42:47.108670,23.991622924804688
2026-04-28 22:42:47.307396,2026-04-28 22:42:47.307396,23.908504486083984
2026-04-28 22:42:47.508539,2026-04-28 22:42:47.508539,23.837854385375977
2026-04-28 22:42:47.708369,2026-04-28 22:42:47.708369,23.777801513671875
2026-04-28 22:42:47.913709,2026-04-28 22:42:47.913709,23.726755142211918
2026-04-28 22:42:48.109322,2026-04-28 22:42:48.109322,23.68336677551269
2026-04-28 22:42:48.307904,2026-04-28 22:42:48.307904,23.646488189697266
2026-04-28 22:42:48.506986,2026-04-28 22:42:48.506986,23.61513900756836
2026-04-28 22:42:48.708583,2026-04-28 22:42:48.708583,23.58849334716797
2026-04-28 22:42:48.907380,2026-04-28 22:42:48.907380,23.56584358215332
2026-04-28 22:42:49.107898,2026-04-28 22:42:49.107898,23.370811462402344
2026-04-28 22:42:49.307214,2026-04-28 22:42:49.307214,23.205034255981445
2026-04-28 22:42:49.507018,2026-04-28 22:42:49.507018,23.064123153686523
2026-04-28 22:42:49.706934,2026-04-28 22:42:49.706934,22.9443473815918
2026-04-28 22:42:49.907097,2026-04-28 22:42:49.907097,22.842538833618164
2026-04-28 22:42:50.115422,2026-04-28 22:42:50.115422,22.75600242614746
2026-04-28 22:42:50.307593,2026-04-28 22:42:50.307593,22.682445526123047
2026-04-28 22:42:50.508125,2026-04-28 22:42:50.508125,22.619922637939453
2026-04-28 22:42:50.708956,2026-04-28 22:42:50.708956,22.5667781829834
2026-04-28 22:42:50.907850,2026-04-28 22:42:50.907850,22.521604537963867
2026-04-28 22:42:51.107533,2026-04-28 22:42:51.107533,22.48320770263672
2026-04-28 22:42:51.309121,2026-04-28 22:42:51.309121,22.450571060180664
2026-04-28 22:42:51.507420,2026-04-28 22:42:51.507420,22.422828674316406
2026-04-28 22:42:51.707513,2026-04-28 22:42:51.707513,22.399248123168945
2026-04-28 22:42:51.907318,2026-04-28 22:42:51.907318,22.37920379638672
2026-04-28 22:42:52.107682,2026-04-28 22:42:52.107682,22.36216735839844
2026-04-28 22:42:52.307835,2026-04-28 22:42:52.307835,22.347686767578125
2026-04-28 22:42:52.507279,2026-04-28 22:42:52.507279,22.335376739501957
2026-04-28 22:42:52.707349,2026-04-28 22:42:52.707349,22.324914932250977
2026-04-28 22:42:52.907747,2026-04-28 22:42:52.907747,22.31602096557617
2026-04-28 22:42:53.109422,2026-04-28 22:42:53.109422,22.308462142944336
2026-04-28 22:42:53.312205,2026-04-28 22:42:53.312205,22.30203628540039
2026-04-28 22:42:53.514676,2026-04-28 22:42:53.514676,22.296573638916016
2026-04-28 22:42:53.707493,2026-04-28 22:42:53.707493,22.29193115234375
2026-04-28 22:42:53.908971,2026-04-28 22:42:53.908971,22.287986755371094
2026-04-28 22:42:54.108236,2026-04-28 22:42:54.108236,22.284631729125977
2026-04-28 22:42:54.308648,2026-04-28 22:42:54.308648,22.28178024291992
2026-04-28 22:42:54.506874,2026-04-28 22:42:54.506874,22.27935791015625
2026-04-28 22:42:54.707061,2026-04-28 22:42:54.707061,22.27729797363281
2026-04-28 22:42:54.906933,2026-04-28 22:42:54.906933,22.27554702758789
2026-04-28 22:42:55.107471,2026-04-28 22:42:55.107471,22.274059295654297
2026-04-28 22:42:55.306896,2026-04-28 22:42:55.306896,22.27279281616211
2026-04-28 22:42:55.507732,2026-04-28 22:42:55.507732,22.27171897888184
2026-04-28 22:42:55.711935,2026-04-28 22:42:55.711935,22.27080345153809
2026-04-28 22:42:55.906965,2026-04-28 22:42:55.906965,22.27002716064453
2026-04-28 22:42:56.106829,2026-04-28 22:42:56.106829,22.269367218017575
2026-04-28 22:42:56.308050,2026-04-28 22:42:56.308050,22.26880645751953
2026-04-28 22:42:56.507979,2026-04-28 22:42:56.507979,22.26832771301269
2026-04-28 22:42:56.707160,2026-04-28 22:42:56.707160,22.26792335510254
2026-04-28 22:42:56.908064,2026-04-28 22:42:56.908064,22.267578125
2026-04-28 22:42:57.108807,2026-04-28 22:42:57.108807,22.267284393310547
2026-04-28 22:42:57.306892,2026-04-28 22:42:57.306892,22.44281768798828
2026-04-28 22:42:57.509072,2026-04-28 22:42:57.509072,22.59202003479004
2026-04-28 22:42:57.707371,2026-04-28 22:42:57.707371,22.71884155273437
2026-04-28 22:42:57.907293,2026-04-28 22:42:57.907293,22.826641082763672
2026-04-28 22:42:58.108687,2026-04-28 22:42:58.108687,22.918270111083984
2026-04-28 22:42:58.307744,2026-04-28 22:42:58.307744,22.99615478515625
2026-04-28 22:42:58.507453,2026-04-28 22:42:58.507453,23.062355041503903
2026-04-28 22:42:58.707189,2026-04-28 22:42:58.707189,23.118627548217773
2026-04-28 22:43:11.812092,2026-04-28 22:43:11.812092,23.16645812988281
2026-04-28 22:43:12.007510,2026-04-28 22:43:12.007510,23.207115173339844
2026-04-28 22:43:12.207000,2026-04-28 22:43:12.207000,23.24167251586914
2026-04-28 22:43:12.407052,2026-04-28 22:43:12.407052,23.271045684814453
2026-04-28 22:43:12.610311,2026-04-28 22:43:12.610311,23.2960147857666
2026-04-28 22:43:12.807594,2026-04-28 22:43:12.807594,23.317237854003903
2026-04-28 22:43:13.008556,2026-04-28 22:43:13.008556,23.335277557373047
2026-04-28 22:43:13.207394,2026-04-28 22:43:13.207394,23.350610733032227
2026-04-28 22:43:13.406949,2026-04-28 22:43:13.406949,23.363643646240234
2026-04-28 22:43:13.610910,2026-04-28 22:43:13.610910,23.37472152709961
2026-04-28 22:43:13.814432,2026-04-28 22:43:13.814432,23.384138107299805
2026-04-28 22:43:14.008867,2026-04-28 22:43:14.008867,23.56792449951172
2026-04-28 22:43:14.208434,2026-04-28 22:43:14.208434,23.72414207458496
2026-04-28 22:43:14.407320,2026-04-28 22:43:14.407320,23.85692596435547
2026-04-28 22:43:14.610788,2026-04-28 22:43:14.610788,23.96979331970215
2026-04-28 22:43:14.807502,2026-04-28 22:43:14.807502,24.065731048583984
2026-04-28 22:43:15.006836,2026-04-28 22:43:15.006836,24.14727783203125
2026-04-28 22:43:15.210408,2026-04-28 22:43:15.210408,24.39237403869629
2026-04-28 22:43:15.407061,2026-04-28 22:43:15.407061,24.600704193115234
2026-04-28 22:43:15.606781,2026-04-28 22:43:15.606781,24.95356750488281
2026-04-28 22:43:15.810355,2026-04-28 22:43:15.810355,25.429283142089844
2026-04-28 22:43:16.006843,2026-04-28 22:43:16.006843,26.009422302246094
2026-04-28 22:43:16.209981,2026-04-28 22:43:16.209981,26.502540588378903
2026-04-28 22:43:16.407588,2026-04-28 22:43:16.407588,26.745908737182617
2026-04-28 22:43:16.606966,2026-04-28 22:43:16.606966,27.12855339050293
2026-04-28 22:43:16.807322,2026-04-28 22:43:16.807322,27.45380210876465
2026-04-28 22:43:17.007912,2026-04-28 22:43:17.007912,27.730262756347656
2026-04-28 22:43:17.208576,2026-04-28 22:43:17.208576,27.96525382995605
2026-04-28 22:43:17.408683,2026-04-28 22:43:17.408683,28.16499710083008
2026-04-28 22:43:17.607535,2026-04-28 22:43:17.607535,28.334779739379883
2026-04-28 22:43:17.809466,2026-04-28 22:43:17.809466,28.479093551635746
2026-04-28 22:43:18.010112,2026-04-28 22:43:18.010112,28.60176086425781
2026-04-28 22:43:18.208468,2026-04-28 22:43:18.208468,28.70602798461914
2026-04-28 22:43:18.409670,2026-04-28 22:43:18.409670,28.794654846191406
2026-04-28 22:43:18.608312,2026-04-28 22:43:18.608312,28.86998748779297
2026-04-28 22:43:18.808577,2026-04-28 22:43:18.808577,28.93402099609375
2026-04-28 22:43:19.009990,2026-04-28 22:43:19.009990,27.757980346679688
2026-04-28 22:43:19.207530,2026-04-28 22:43:19.207530,26.934127807617188
2026-04-28 22:43:19.409660,2026-04-28 22:43:19.409660,26.05807113647461
2026-04-28 22:43:19.608911,2026-04-28 22:43:19.608911,25.31342315673828
2026-04-28 22:43:19.808181,2026-04-28 22:43:19.808181,24.68047142028809
2026-04-28 22:43:20.009457,2026-04-28 22:43:20.009457,24.14246368408203
2026-04-28 22:43:20.207418,2026-04-28 22:43:20.207418,23.685155868530277
2026-04-28 22:43:20.411031,2026-04-28 22:43:20.411031,23.296445846557617
2026-04-28 22:43:20.607964,2026-04-28 22:43:20.607964,22.966041564941406
2026-04-28 22:43:20.808064,2026-04-28 22:43:20.808064,22.685197830200195
2026-04-28 22:43:21.007477,2026-04-28 22:43:21.007477,22.44647979736328
2026-04-28 22:43:21.209893,2026-04-28 22:43:21.209893,22.24357032775879
2026-04-28 22:43:21.410872,2026-04-28 22:43:21.410872,22.07109832763672
2026-04-28 22:43:21.608472,2026-04-28 22:43:21.608472,21.748714447021484
2026-04-28 22:43:21.808438,2026-04-28 22:43:21.808438,21.474687576293945
2026-04-28 22:43:22.007829,2026-04-28 22:43:22.007829,21.24176597595215
2026-04-28 22:43:22.212031,2026-04-28 22:43:22.212031,21.04378318786621
2026-04-28 22:43:22.411343,2026-04-28 22:43:22.411343,20.87549591064453
2026-04-28 22:43:22.615189,2026-04-28 22:43:22.615189,20.732452392578125
2026-04-28 22:43:22.809357,2026-04-28 22:43:22.809357,20.61086654663086
2026-04-28 22:43:23.008651,2026-04-28 22:43:23.008651,20.507516860961918
2026-04-28 22:43:23.207878,2026-04-28 22:43:23.207878,20.4196720123291
2026-04-28 22:43:23.412006,2026-04-28 22:43:23.412006,20.169219970703125
2026-04-28 22:43:23.607933,2026-04-28 22:43:23.607933,20.132118225097656
2026-04-28 22:43:23.809239,2026-04-28 22:43:23.809239,19.92480087280273
2026-04-28 22:43:24.006857,2026-04-28 22:43:24.006857,19.748580932617188
2026-04-28 22:43:24.209194,2026-04-28 22:43:24.209194,19.42301177978516
2026-04-28 22:43:24.410991,2026-04-28 22:43:24.410991,19.32206153869629
2026-04-28 22:43:24.610698,2026-04-28 22:43:24.610698,19.060470581054688
2026-04-28 22:43:24.807190,2026-04-28 22:43:24.807190,19.013898849487305
2026-04-28 22:43:25.007569,2026-04-28 22:43:25.007569,18.974315643310547
2026-04-28 22:43:25.207070,2026-04-28 22:43:25.207070,18.7648868560791
2026-04-28 22:43:25.408521,2026-04-28 22:43:25.408521,18.58687210083008
2026-04-28 22:43:25.606835,2026-04-28 22:43:25.606835,20.19337272644043
2026-04-28 22:43:25.808582,2026-04-28 22:43:25.808582,21.558897018432617
2026-04-28 22:43:26.009543,2026-04-28 22:43:26.009543,22.719594955444336
2026-04-28 22:43:26.209089,2026-04-28 22:43:26.209089,23.706186294555664
2026-04-28 22:43:26.408319,2026-04-28 22:43:26.408319,24.544790267944336
2026-04-28 22:43:26.608667,2026-04-28 22:43:26.608667,25.25760269165039
2026-04-28 22:43:26.806808,2026-04-28 22:43:26.806808,25.86349296569824
2026-04-28 22:43:27.007159,2026-04-28 22:43:27.007159,26.37849998474121
2026-04-28 22:43:27.206952,2026-04-28 22:43:27.206952,26.81625747680664
2026-04-28 22:43:27.407667,2026-04-28 22:43:27.407667,27.1883487701416
2026-04-28 22:43:27.607678,2026-04-28 22:43:27.607678,27.50462913513184
2026-04-28 22:43:27.807505,2026-04-28 22:43:27.807505,27.77346611022949
2026-04-28 22:43:28.006857,2026-04-28 22:43:28.006857,28.001976013183597
2026-04-28 22:43:28.206764,2026-04-28 22:43:28.206764,28.19621086120605
2026-04-28 22:43:28.409676,2026-04-28 22:43:28.409676,28.361310958862305
2026-04-28 22:43:28.607045,2026-04-28 22:43:28.607045,28.50164604187012
2026-04-28 22:43:28.806991,2026-04-28 22:43:28.806991,28.620929718017575
2026-04-28 22:43:29.010850,2026-04-28 22:43:29.010850,28.722322463989254
2026-04-28 22:43:29.207446,2026-04-28 22:43:29.207446,28.808504104614254
2026-04-28 22:43:29.407457,2026-04-28 22:43:29.407457,28.881759643554688
2026-04-28 22:43:29.606961,2026-04-28 22:43:29.606961,28.944026947021484
2026-04-28 22:43:29.807686,2026-04-28 22:43:29.807686,28.9969539642334
2026-04-28 22:43:30.006873,2026-04-28 22:43:30.006873,29.041942596435547
2026-04-28 22:43:30.207819,2026-04-28 22:43:30.207819,27.146589279174805
2026-04-28 22:43:30.408046,2026-04-28 22:43:30.408046,27.46913146972656
2026-04-28 22:43:30.607679,2026-04-28 22:43:30.607679,25.80970001220703
2026-04-28 22:43:30.811670,2026-04-28 22:43:30.811670,24.3991813659668
2026-04-28 22:43:31.007638,2026-04-28 22:43:31.007638,23.20024299621582
2026-04-28 22:43:31.207589,2026-04-28 22:43:31.207589,22.18114280700684
2026-04-28 22:43:31.406880,2026-04-28 22:43:31.406880,21.31490898132324
2026-04-28 22:43:31.607754,2026-04-28 22:43:31.607754,20.578611373901367
2026-04-28 22:43:31.808686,2026-04-28 22:43:31.808686,19.952756881713867
2026-04-28 22:43:32.006895,2026-04-28 22:43:32.006895,19.42078018188477
2026-04-28 22:43:32.208590,2026-04-28 22:43:32.208590,19.14438247680664
2026-04-28 22:43:32.408995,2026-04-28 22:43:32.408995,18.733661651611328
2026-04-28 22:43:32.606910,2026-04-28 22:43:32.606910,18.56033134460449
2026-04-28 22:43:32.808779,2026-04-28 22:43:32.808779,18.237218856811523
2026-04-28 22:43:33.008392,2026-04-28 22:43:33.008392,17.962574005126953
2026-04-28 22:43:33.210820,2026-04-28 22:43:33.210820,17.7291259765625
2026-04-28 22:43:33.409030,2026-04-28 22:43:33.409030,17.53069496154785
2026-04-28 22:43:33.607642,2026-04-28 22:43:33.607642,17.362028121948242
2026-04-28 22:43:33.807655,2026-04-28 22:43:33.807655,17.218660354614258
2026-04-28 22:43:34.007433,2026-04-28 22:43:34.007433,17.096799850463867
2026-04-28 22:43:34.208213,2026-04-28 22:43:34.208213,16.99321746826172
2026-04-28 22:43:34.407010,2026-04-28 22:43:34.407010,16.90517234802246
2026-04-28 22:43:34.606945,2026-04-28 22:43:34.606945,17.006114959716797
2026-04-28 22:43:34.809004,2026-04-28 22:43:34.809004,17.091917037963867
2026-04-28 22:43:35.008231,2026-04-28 22:43:35.008231,17.51641082763672
2026-04-28 22:43:35.206909,2026-04-28 22:43:35.206909,18.05301094055176
2026-04-28 22:43:35.408249,2026-04-28 22:43:35.408249,18.333341598510746
2026-04-28 22:43:35.608772,2026-04-28 22:43:35.608772,18.39583969116211
2026-04-28 22:43:35.808680,2026-04-28 22:43:35.808680,18.448963165283203
2026-04-28 22:43:36.008411,2026-04-28 22:43:36.008411,18.49411964416504
2026-04-28 22:43:36.207202,2026-04-28 22:43:36.207202,18.532501220703125
2026-04-28 22:43:36.411852,2026-04-28 22:43:36.411852,18.565126419067383
2026-04-28 22:43:36.607446,2026-04-28 22:43:36.607446,18.592857360839844
2026-04-28 22:43:36.807783,2026-04-28 22:43:36.807783,18.61642837524414
2026-04-28 22:43:37.007292,2026-04-28 22:43:37.007292,18.81224632263184
2026-04-28 22:43:50.110100,2026-04-28 22:43:50.110100,18.978689193725582
2026-04-28 22:43:50.307702,2026-04-28 22:43:50.307702,19.120166778564453
2026-04-28 22:43:50.507465,2026-04-28 22:43:50.507465,19.24042320251465
2026-04-28 22:43:50.707479,2026-04-28 22:43:50.707479,19.342641830444336
2026-04-28 22:43:50.908796,2026-04-28 22:43:50.908796,19.605308532714844
2026-04-28 22:43:51.107347,2026-04-28 22:43:51.107347,19.65279197692871
2026-04-28 22:43:51.306900,2026-04-28 22:43:51.306900,19.69315528869629
2026-04-28 22:43:51.514070,2026-04-28 22:43:51.514070,19.727462768554688
2026-04-28 22:43:51.708092,2026-04-28 22:43:51.708092,19.93240547180176
2026-04-28 22:43:51.907190,2026-04-28 22:43:51.907190,20.10660743713379
2026-04-28 22:43:52.107553,2026-04-28 22:43:52.107553,20.25467872619629
2026-04-28 22:43:52.308367,2026-04-28 22:43:52.308367,20.556320190429688
2026-04-28 22:43:52.507179,2026-04-28 22:43:52.507179,20.98849868774414
2026-04-28 22:43:52.708287,2026-04-28 22:43:52.708287,21.35584831237793
2026-04-28 22:43:52.908677,2026-04-28 22:43:52.908677,21.4923152923584
2026-04-28 22:43:53.109615,2026-04-28 22:43:53.109615,21.60831069946289
2026-04-28 22:43:53.312979,2026-04-28 22:43:53.312979,21.7069091796875
2026-04-28 22:43:53.507460,2026-04-28 22:43:53.507460,21.79071617126465
2026-04-28 22:43:53.711008,2026-04-28 22:43:53.711008,22.03773307800293
2026-04-28 22:43:53.914977,2026-04-28 22:43:53.914977,22.775041580200195
2026-04-28 22:43:54.107791,2026-04-28 22:43:54.107791,22.87441062927246
2026-04-28 22:43:54.310858,2026-04-28 22:43:54.310858,22.958873748779297
2026-04-28 22:43:54.508779,2026-04-28 22:43:54.508779,23.030668258666992
2026-04-28 22:43:54.712515,2026-04-28 22:43:54.712515,23.091691970825195
2026-04-28 22:43:54.912730,2026-04-28 22:43:54.912730,22.967782974243164
2026-04-28 22:43:55.107212,2026-04-28 22:43:55.107212,22.862459182739254
2026-04-28 22:43:55.309033,2026-04-28 22:43:55.309033,23.124496459960938
2026-04-28 22:43:55.509026,2026-04-28 22:43:55.509026,23.17144775390625
2026-04-28 22:43:55.708008,2026-04-28 22:43:55.708008,23.387136459350582
2026-04-28 22:43:55.907857,2026-04-28 22:43:55.907857,23.57047271728516
2026-04-28 22:43:56.109996,2026-04-28 22:43:56.109996,23.726306915283203
2026-04-28 22:43:56.310263,2026-04-28 22:43:56.310263,23.85876846313477
2026-04-28 22:43:56.507751,2026-04-28 22:43:56.507751,23.795578002929688
2026-04-28 22:43:56.708460,2026-04-28 22:43:56.708460,23.74186515808105
2026-04-28 22:43:56.909908,2026-04-28 22:43:56.909908,23.69621086120605
2026-04-28 22:43:57.109497,2026-04-28 22:43:57.109497,23.65740394592285
2026-04-28 22:43:57.318084,2026-04-28 22:43:57.318084,23.624418258666992
2026-04-28 22:43:57.506873,2026-04-28 22:43:57.506873,23.59638023376465
2026-04-28 22:43:57.707808,2026-04-28 22:43:57.707808,23.748329162597656
2026-04-28 22:43:57.907069,2026-04-28 22:43:57.907069,23.877487182617188
2026-04-28 22:43:58.108002,2026-04-28 22:43:58.108002,23.98727035522461
2026-04-28 22:43:58.309851,2026-04-28 22:43:58.309851,24.080585479736328
2026-04-28 22:43:58.507668,2026-04-28 22:43:58.507668,23.98412322998047
2026-04-28 22:43:58.706941,2026-04-28 22:43:58.706941,24.077911376953125
2026-04-28 22:43:58.907075,2026-04-28 22:43:58.907075,23.98184967041016
2026-04-28 22:43:59.108984,2026-04-28 22:43:59.108984,23.900196075439453
2026-04-28 22:43:59.307915,2026-04-28 22:43:59.307915,23.830791473388672
2026-04-28 22:43:59.506802,2026-04-28 22:43:59.506802,23.77179908752441
2026-04-28 22:43:59.709886,2026-04-28 22:43:59.709886,23.72165298461914
2026-04-28 22:43:59.907228,2026-04-28 22:43:59.907228,23.679031372070312
2026-04-28 22:44:00.109179,2026-04-28 22:44:00.109179,23.64280128479004
2026-04-28 22:44:00.310287,2026-04-28 22:44:00.310287,23.61200523376465
2026-04-28 22:44:00.508538,2026-04-28 22:44:00.508538,23.58583068847656
2026-04-28 22:44:00.709224,2026-04-28 22:44:00.709224,23.56357955932617
2026-04-28 22:44:00.908728,2026-04-28 22:44:00.908728,23.54466819763184
2026-04-28 22:44:01.108860,2026-04-28 22:44:01.108860,23.52859306335449
2026-04-28 22:44:01.309958,2026-04-28 22:44:01.309958,23.514928817749023
2026-04-28 22:44:01.508837,2026-04-28 22:44:01.508837,23.503314971923828
2026-04-28 22:44:01.709104,2026-04-28 22:44:01.709104,23.49344253540039
2026-04-28 22:44:01.908972,2026-04-28 22:44:01.908972,23.48505210876465
2026-04-28 22:44:02.108994,2026-04-28 22:44:02.108994,23.47791862487793
2026-04-28 22:44:02.315100,2026-04-28 22:44:02.315100,23.47185516357422
2026-04-28 22:44:02.513440,2026-04-28 22:44:02.513440,23.29092025756836
2026-04-28 22:44:02.709942,2026-04-28 22:44:02.709942,23.137126922607425
2026-04-28 22:44:02.906984,2026-04-28 22:44:02.906984,23.18218231201172
2026-04-28 22:44:03.113994,2026-04-28 22:44:03.113994,23.04469871520996
2026-04-28 22:44:03.308877,2026-04-28 22:44:03.308877,23.10361862182617
2026-04-28 22:44:03.510440,2026-04-28 22:44:03.510440,22.97792053222656
2026-04-28 22:44:03.709551,2026-04-28 22:44:03.709551,23.046857833862305
2026-04-28 22:44:03.909256,2026-04-28 22:44:03.909256,22.929672241210938
2026-04-28 22:44:04.109520,2026-04-28 22:44:04.109520,22.83006477355957
2026-04-28 22:44:04.311738,2026-04-28 22:44:04.311738,22.745399475097656
2026-04-28 22:44:04.508881,2026-04-28 22:44:04.508881,22.673433303833008
2026-04-28 22:44:04.708102,2026-04-28 22:44:04.708102,22.61226272583008
2026-04-28 22:44:04.910540,2026-04-28 22:44:04.910540,22.560266494750977
2026-04-28 22:44:05.106896,2026-04-28 22:44:05.106896,22.516069412231445
2026-04-28 22:44:05.311478,2026-04-28 22:44:05.311478,22.478504180908203
2026-04-28 22:44:05.509940,2026-04-28 22:44:05.509940,22.446571350097656
2026-04-28 22:44:05.709645,2026-04-28 22:44:05.709645,22.41942977905273
2026-04-28 22:44:05.908779,2026-04-28 22:44:05.908779,22.396358489990234
2026-04-28 22:44:06.113502,2026-04-28 22:44:06.113502,22.37674903869629
2026-04-28 22:44:06.313099,2026-04-28 22:44:06.313099,22.36008071899414
2026-04-28 22:44:06.508428,2026-04-28 22:44:06.508428,22.345911026000977
2026-04-28 22:44:06.708698,2026-04-28 22:44:06.708698,22.3338680267334
2026-04-28 22:44:06.911024,2026-04-28 22:44:06.911024,22.323633193969727
2026-04-28 22:44:07.109248,2026-04-28 22:44:07.109248,22.31493186950684
2026-04-28 22:44:07.307063,2026-04-28 22:44:07.307063,22.30753517150879
2026-04-28 22:44:07.506857,2026-04-28 22:44:07.506857,22.30124855041504
2026-04-28 22:44:07.711287,2026-04-28 22:44:07.711287,22.29590606689453
2026-04-28 22:44:07.909350,2026-04-28 22:44:07.909350,22.29136276245117
2026-04-28 22:44:08.107732,2026-04-28 22:44:08.107732,22.28750228881836
2026-04-28 22:44:08.307377,2026-04-28 22:44:08.307377,22.28422164916992
2026-04-28 22:44:08.509549,2026-04-28 22:44:08.509549,22.28143119812012
2026-04-28 22:44:08.706825,2026-04-28 22:44:08.706825,22.27906036376953
2026-04-28 22:44:08.908098,2026-04-28 22:44:08.908098,22.10126304626465
2026-04-28 22:44:09.108906,2026-04-28 22:44:09.108906,21.950136184692383
2026-04-28 22:44:09.309026,2026-04-28 22:44:09.309026,21.821678161621094
2026-04-28 22:44:09.507338,2026-04-28 22:44:09.507338,21.71249008178711
2026-04-28 22:44:09.708704,2026-04-28 22:44:09.708704,21.443897247314453
2026-04-28 22:44:09.908435,2026-04-28 22:44:09.908435,21.21559333801269
2026-04-28 22:44:10.109150,2026-04-28 22:44:10.109150,21.02153587341309
2026-04-28 22:44:10.321405,2026-04-28 22:44:10.321405,20.680805206298828
2026-04-28 22:44:10.509748,2026-04-28 22:44:10.509748,20.391185760498047
2026-04-28 22:44:10.707114,2026-04-28 22:44:10.707114,20.14500617980957
2026-04-28 22:44:10.912101,2026-04-28 22:44:10.912101,20.11153793334961
2026-04-28 22:44:11.110242,2026-04-28 22:44:11.110242,19.907306671142575
2026-04-28 22:44:11.307446,2026-04-28 22:44:11.307446,19.90949249267578
2026-04-28 22:44:11.507187,2026-04-28 22:44:11.507187,19.91135025024414
2026-04-28 22:44:11.707173,2026-04-28 22:44:11.707173,19.91292762756348
2026-04-28 22:44:11.910879,2026-04-28 22:44:11.910879,19.914270401000977
2026-04-28 22:44:12.108576,2026-04-28 22:44:12.108576,19.9154109954834
2026-04-28 22:44:12.307714,2026-04-28 22:44:12.307714,19.916379928588867
2026-04-28 22:44:12.507025,2026-04-28 22:44:12.507025,19.91720390319824
2026-04-28 22:44:12.708709,2026-04-28 22:44:12.708709,19.91790580749512
2026-04-28 22:44:12.906886,2026-04-28 22:44:12.906886,19.918500900268555
2026-04-28 22:44:13.108875,2026-04-28 22:44:13.108875,19.91900634765625
2026-04-28 22:44:13.311793,2026-04-28 22:44:13.311793,19.919437408447266
2026-04-28 22:44:13.508061,2026-04-28 22:44:13.508061,19.91980361938477
2026-04-28 22:44:13.708306,2026-04-28 22:44:13.708306,19.920114517211918
2026-04-28 22:44:13.907311,2026-04-28 22:44:13.907311,19.92037773132324
2026-04-28 22:44:14.106873,2026-04-28 22:44:14.106873,19.920602798461918
2026-04-28 22:44:14.307642,2026-04-28 22:44:14.307642,19.920793533325195
2026-04-28 22:44:14.509318,2026-04-28 22:44:14.509318,19.920955657958984
2026-04-28 22:44:14.707169,2026-04-28 22:44:14.707169,20.096874237060547
2026-04-28 22:44:14.908337,2026-04-28 22:44:14.908337,20.24640655517578
2026-04-28 22:44:15.112972,2026-04-28 22:44:15.112972,20.37350845336914
2026-04-28 22:44:15.306880,2026-04-28 22:44:15.306880,20.481544494628903
2026-04-28 22:44:28.408541,2026-04-28 22:44:28.408541,20.573375701904297
2026-04-28 22:44:28.608508,2026-04-28 22:44:28.608508,20.65143203735352
2026-04-28 22:44:28.813531,2026-04-28 22:44:28.813531,20.7177791595459
2026-04-28 22:44:29.010715,2026-04-28 22:44:29.010715,20.774173736572266
2026-04-28 22:44:29.206992,2026-04-28 22:44:29.206992,20.822111129760746
2026-04-28 22:44:29.408023,2026-04-28 22:44:29.408023,20.862855911254883
2026-04-28 22:44:29.610988,2026-04-28 22:44:29.610988,20.897491455078125
2026-04-28 22:44:29.808860,2026-04-28 22:44:29.808860,20.926929473876957
2026-04-28 22:44:30.018694,2026-04-28 22:44:30.018694,20.95195198059082
2026-04-28 22:44:30.207410,2026-04-28 22:44:30.207410,20.973222732543945
2026-04-28 22:44:30.408756,2026-04-28 22:44:30.408756,20.991300582885746
2026-04-28 22:44:30.607692,2026-04-28 22:44:30.607692,21.006668090820312
2026-04-28 22:44:30.808969,2026-04-28 22:44:30.808969,21.019731521606445
2026-04-28 22:44:31.008597,2026-04-28 22:44:31.008597,19.097240447998047
2026-04-28 22:44:31.208631,2026-04-28 22:44:31.208631,17.463123321533203
2026-04-28 22:44:31.407052,2026-04-28 22:44:31.407052,16.07412338256836
2026-04-28 22:44:31.607359,2026-04-28 22:44:31.607359,14.893473625183104
2026-04-28 22:44:31.808282,2026-04-28 22:44:31.808282,13.889921188354492
2026-04-28 22:44:32.007972,2026-04-28 22:44:32.007972,13.036901473999023
2026-04-28 22:44:32.206966,2026-04-28 22:44:32.206966,12.311835289001465
2026-04-28 22:44:32.406966,2026-04-28 22:44:32.406966,11.695528984069824
2026-04-28 22:44:32.607513,2026-04-28 22:44:32.607513,11.17166805267334
2026-04-28 22:44:32.807583,2026-04-28 22:44:32.807583,10.72638702392578
2026-04-28 22:44:33.007968,2026-04-28 22:44:33.007968,10.34789752960205
2026-04-28 22:44:33.209236,2026-04-28 22:44:33.209236,12.4871187210083
2026-04-28 22:44:33.407658,2026-04-28 22:44:33.407658,14.30545711517334
2026-04-28 22:44:33.607133,2026-04-28 22:44:33.607133,13.390107154846191
2026-04-28 22:44:33.807055,2026-04-28 22:44:33.807055,12.612060546875
2026-04-28 22:44:34.007372,2026-04-28 22:44:34.007372,11.950719833374023
2026-04-28 22:44:34.208249,2026-04-28 22:44:34.208249,11.388580322265623
2026-04-28 22:44:34.407870,2026-04-28 22:44:34.407870,10.910762786865234
2026-04-28 22:44:34.608187,2026-04-28 22:44:34.608187,10.504616737365724
2026-04-28 22:44:34.809685,2026-04-28 22:44:34.809685,10.159393310546877
2026-04-28 22:44:35.008171,2026-04-28 22:44:35.008171,9.865952491760254
2026-04-28 22:44:35.208907,2026-04-28 22:44:35.208907,9.616528511047363
2026-04-28 22:44:35.406944,2026-04-28 22:44:35.406944,9.404518127441406
2026-04-28 22:44:35.608686,2026-04-28 22:44:35.608686,9.400090217590332
2026-04-28 22:44:35.807511,2026-04-28 22:44:35.807511,9.396327018737791
2026-04-28 22:44:36.008914,2026-04-28 22:44:36.008914,9.56890869140625
2026-04-28 22:44:36.208217,2026-04-28 22:44:36.208217,9.715603828430176
2026-04-28 22:44:36.406924,2026-04-28 22:44:36.406924,9.84029483795166
2026-04-28 22:44:36.606918,2026-04-28 22:44:36.606918,9.946281433105469
2026-04-28 22:44:36.808177,2026-04-28 22:44:36.808177,10.036370277404783
2026-04-28 22:44:37.006906,2026-04-28 22:44:37.006906,10.11294651031494
2026-04-28 22:44:37.206976,2026-04-28 22:44:37.206976,10.178035736083984
2026-04-28 22:44:37.407030,2026-04-28 22:44:37.407030,10.23336124420166
2026-04-28 22:44:37.609229,2026-04-28 22:44:37.609229,10.280388832092283
2026-04-28 22:44:37.808157,2026-04-28 22:44:37.808157,10.144579887390137
2026-04-28 22:44:38.007076,2026-04-28 22:44:38.007076,10.02914333343506
2026-04-28 22:44:38.209620,2026-04-28 22:44:38.209620,9.931021690368652
2026-04-28 22:44:38.408705,2026-04-28 22:44:38.408705,10.023399353027344
2026-04-28 22:44:38.608560,2026-04-28 22:44:38.608560,10.101921081542969
2026-04-28 22:44:38.812052,2026-04-28 22:44:38.812052,10.16866397857666
2026-04-28 22:44:39.009129,2026-04-28 22:44:39.009129,10.225396156311035
2026-04-28 22:44:39.209176,2026-04-28 22:44:39.209176,10.0978364944458
2026-04-28 22:44:39.408358,2026-04-28 22:44:39.408358,9.98941135406494
2026-04-28 22:44:39.609490,2026-04-28 22:44:39.609490,9.897249221801758
2026-04-28 22:44:39.808719,2026-04-28 22:44:39.808719,9.9946928024292
2026-04-28 22:44:40.009901,2026-04-28 22:44:40.009901,9.901739120483398
2026-04-28 22:44:40.210137,2026-04-28 22:44:40.210137,9.822728157043455
2026-04-28 22:44:40.408657,2026-04-28 22:44:40.408657,9.755569458007812
2026-04-28 22:44:40.609123,2026-04-28 22:44:40.609123,9.69848346710205
2026-04-28 22:44:40.809460,2026-04-28 22:44:40.809460,9.825742721557615
2026-04-28 22:44:41.009728,2026-04-28 22:44:41.009728,9.93391227722168
2026-04-28 22:44:41.209740,2026-04-28 22:44:41.209740,10.025856971740724
2026-04-28 22:44:41.408990,2026-04-28 22:44:41.408990,10.104009628295898
2026-04-28 22:44:41.610405,2026-04-28 22:44:41.610405,10.170439720153809
2026-04-28 22:44:41.807455,2026-04-28 22:44:41.807455,10.22690486907959
2026-04-28 22:44:42.020879,2026-04-28 22:44:42.020879,10.274900436401367
2026-04-28 22:44:42.208890,2026-04-28 22:44:42.208890,10.315696716308594
2026-04-28 22:44:42.409503,2026-04-28 22:44:42.409503,10.35037326812744
2026-04-28 22:44:42.610330,2026-04-28 22:44:42.610330,10.37984848022461
2026-04-28 22:44:42.810678,2026-04-28 22:44:42.810678,10.404902458190918
2026-04-28 22:44:43.011943,2026-04-28 22:44:43.011943,10.42619800567627
2026-04-28 22:44:43.211350,2026-04-28 22:44:43.211350,10.444299697875977
2026-04-28 22:44:43.407691,2026-04-28 22:44:43.407691,10.459686279296877
2026-04-28 22:44:43.612507,2026-04-28 22:44:43.612507,10.472764015197754
2026-04-28 22:44:43.807677,2026-04-28 22:44:43.807677,10.483880996704102
2026-04-28 22:44:44.012395,2026-04-28 22:44:44.012395,10.493330001831056
2026-04-28 22:44:44.209552,2026-04-28 22:44:44.209552,10.501361846923828
2026-04-28 22:44:44.408514,2026-04-28 22:44:44.408514,10.50818920135498
2026-04-28 22:44:44.610875,2026-04-28 22:44:44.610875,10.513991355895996
2026-04-28 22:44:44.806829,2026-04-28 22:44:44.806829,10.518924713134766
2026-04-28 22:44:45.007390,2026-04-28 22:44:45.007390,10.523117065429688
2026-04-28 22:44:45.208140,2026-04-28 22:44:45.208140,10.526680946350098
2026-04-28 22:44:45.411106,2026-04-28 22:44:45.411106,10.353928565979004
2026-04-28 22:44:45.608361,2026-04-28 22:44:45.608361,10.2070894241333
2026-04-28 22:44:45.807923,2026-04-28 22:44:45.807923,10.082275390625
2026-04-28 22:44:46.010785,2026-04-28 22:44:46.010785,10.151966094970703
2026-04-28 22:44:46.208455,2026-04-28 22:44:46.208455,12.496357917785645
2026-04-28 22:44:46.412004,2026-04-28 22:44:46.412004,14.489091873168944
2026-04-28 22:44:46.611635,2026-04-28 22:44:46.611635,16.18291664123535
2026-04-28 22:44:46.813040,2026-04-28 22:44:46.813040,17.622665405273438
2026-04-28 22:44:47.021029,2026-04-28 22:44:47.021029,18.84645271301269
2026-04-28 22:44:47.213770,2026-04-28 22:44:47.213770,19.88667297363281
2026-04-28 22:44:47.407692,2026-04-28 22:44:47.407692,20.77085876464844
2026-04-28 22:44:47.608052,2026-04-28 22:44:47.608052,21.52241897583008
2026-04-28 22:44:47.808388,2026-04-28 22:44:47.808388,22.161243438720703
2026-04-28 22:44:48.014974,2026-04-28 22:44:48.014974,22.70424461364746
2026-04-28 22:44:48.211213,2026-04-28 22:44:48.211213,23.165794372558597
2026-04-28 22:44:48.407376,2026-04-28 22:44:48.407376,23.55811309814453
2026-04-28 22:44:48.607649,2026-04-28 22:44:48.607649,23.891584396362305
2026-04-28 22:44:48.807477,2026-04-28 22:44:48.807477,24.175033569335938
2026-04-28 22:44:49.007445,2026-04-28 22:44:49.007445,24.415966033935547
2026-04-28 22:44:49.207190,2026-04-28 22:44:49.207190,24.620758056640625
2026-04-28 22:44:49.408031,2026-04-28 22:44:49.408031,24.619050979614254
2026-04-28 22:44:49.608755,2026-04-28 22:44:49.608755,24.617599487304688
2026-04-28 22:44:49.807974,2026-04-28 22:44:49.807974,24.616365432739254
2026-04-28 22:44:50.008899,2026-04-28 22:44:50.008899,24.61531639099121
2026-04-28 22:44:50.208441,2026-04-28 22:44:50.208441,24.614425659179688
2026-04-28 22:44:50.409999,2026-04-28 22:44:50.409999,24.61366844177246
2026-04-28 22:44:50.607209,2026-04-28 22:44:50.607209,24.61302375793457
2026-04-28 22:44:50.808975,2026-04-28 22:44:50.808975,24.612476348876957
2026-04-28 22:44:51.007265,2026-04-28 22:44:51.007265,24.612010955810547
2026-04-28 22:44:51.207435,2026-04-28 22:44:51.207435,24.611616134643555
2026-04-28 22:44:51.407191,2026-04-28 22:44:51.407191,24.61128044128418
2026-04-28 22:44:51.608476,2026-04-28 22:44:51.608476,24.610994338989254
2026-04-28 22:44:51.809110,2026-04-28 22:44:51.809110,24.43497085571289
2026-04-28 22:44:52.009608,2026-04-28 22:44:52.009608,24.285348892211918
2026-04-28 22:44:52.208339,2026-04-28 22:44:52.208339,24.158172607421875
2026-04-28 22:44:52.410146,2026-04-28 22:44:52.410146,24.050071716308597
2026-04-28 22:44:52.607349,2026-04-28 22:44:52.607349,23.95818519592285
2026-04-28 22:44:52.807734,2026-04-28 22:44:52.807734,23.880083084106445
2026-04-28 22:44:53.011929,2026-04-28 22:44:53.011929,23.813695907592773
2026-04-28 22:44:53.207503,2026-04-28 22:44:53.207503,23.757266998291016
2026-04-28 22:44:53.407069,2026-04-28 22:44:53.407069,23.709300994873047
2026-04-28 22:44:53.607028,2026-04-28 22:44:53.607028,23.66853141784668
2026-04-28 22:45:06.712454,2026-04-28 22:45:06.712454,23.63387680053711
2026-04-28 22:45:06.909884,2026-04-28 22:45:06.909884,23.604419708251957
2026-04-28 22:45:07.107141,2026-04-28 22:45:07.107141,23.579381942749023
2026-04-28 22:45:07.317544,2026-04-28 22:45:07.317544,23.7338809967041
2026-04-28 22:45:07.517087,2026-04-28 22:45:07.517087,23.865205764770508
2026-04-28 22:45:07.710056,2026-04-28 22:45:07.710056,23.801050186157227
2026-04-28 22:45:07.909342,2026-04-28 22:45:07.909342,23.746517181396484
2026-04-28 22:45:08.107019,2026-04-28 22:45:08.107019,23.700164794921875
2026-04-28 22:45:08.314791,2026-04-28 22:45:08.314791,23.660764694213867
2026-04-28 22:45:08.507248,2026-04-28 22:45:08.507248,23.803056716918945
2026-04-28 22:45:08.709394,2026-04-28 22:45:08.709394,23.74822235107422
2026-04-28 22:45:08.907354,2026-04-28 22:45:08.907354,23.70161437988281
2026-04-28 22:45:09.107189,2026-04-28 22:45:09.107189,23.661996841430664
2026-04-28 22:45:09.309095,2026-04-28 22:45:09.309095,23.62832260131836
2026-04-28 22:45:09.509184,2026-04-28 22:45:09.509184,23.599699020385746
2026-04-28 22:45:09.707839,2026-04-28 22:45:09.707839,23.575368881225582
2026-04-28 22:45:09.907294,2026-04-28 22:45:09.907294,23.554689407348636
2026-04-28 22:45:10.109293,2026-04-28 22:45:10.109293,23.537111282348636
2026-04-28 22:45:10.312938,2026-04-28 22:45:10.312938,23.52216911315918
2026-04-28 22:45:10.508704,2026-04-28 22:45:10.508704,23.68524932861328
2026-04-28 22:45:10.710523,2026-04-28 22:45:10.710523,23.82386779785156
2026-04-28 22:45:10.908607,2026-04-28 22:45:10.908607,23.941694259643555
2026-04-28 22:45:11.108153,2026-04-28 22:45:11.108153,24.041847229003903
2026-04-28 22:45:11.307419,2026-04-28 22:45:11.307419,24.126976013183597
2026-04-28 22:45:11.510432,2026-04-28 22:45:11.510432,24.1993350982666
2026-04-28 22:45:11.709579,2026-04-28 22:45:11.709579,24.260841369628903
2026-04-28 22:45:11.908451,2026-04-28 22:45:11.908451,24.313121795654297
2026-04-28 22:45:12.123613,2026-04-28 22:45:12.123613,24.18177795410156
2026-04-28 22:45:12.307776,2026-04-28 22:45:12.307776,24.07013702392578
2026-04-28 22:45:12.507612,2026-04-28 22:45:12.507612,23.97524070739746
2026-04-28 22:45:12.706890,2026-04-28 22:45:12.706890,23.894580841064453
2026-04-28 22:45:12.920127,2026-04-28 22:45:12.920127,23.826017379760746
2026-04-28 22:45:13.112151,2026-04-28 22:45:13.112151,23.76774024963379
2026-04-28 22:45:13.319366,2026-04-28 22:45:13.319366,23.718204498291016
2026-04-28 22:45:13.507266,2026-04-28 22:45:13.507266,23.676097869873047
2026-04-28 22:45:13.707645,2026-04-28 22:45:13.707645,21.706714630126957
2026-04-28 22:45:13.919141,2026-04-28 22:45:13.919141,20.208520889282227
2026-04-28 22:45:14.110082,2026-04-28 22:45:14.110082,18.75927352905273
2026-04-28 22:45:14.319810,2026-04-28 22:45:14.319810,17.703195571899414
2026-04-28 22:45:14.507289,2026-04-28 22:45:14.507289,16.62974739074707
2026-04-28 22:45:14.709141,2026-04-28 22:45:14.709141,15.71731662750244
2026-04-28 22:45:14.909572,2026-04-28 22:45:14.909572,14.941749572753906
2026-04-28 22:45:15.108087,2026-04-28 22:45:15.108087,14.45829963684082
2026-04-28 22:45:15.308079,2026-04-28 22:45:15.308079,14.047367095947266
2026-04-28 22:45:15.512888,2026-04-28 22:45:15.512888,13.698075294494627
2026-04-28 22:45:15.710617,2026-04-28 22:45:15.710617,13.40117645263672
2026-04-28 22:45:15.907742,2026-04-28 22:45:15.907742,13.148812294006348
2026-04-28 22:45:16.107435,2026-04-28 22:45:16.107435,12.934303283691406
2026-04-28 22:45:16.321812,2026-04-28 22:45:16.321812,12.751970291137695
2026-04-28 22:45:16.508286,2026-04-28 22:45:16.508286,12.421205520629885
2026-04-28 22:45:16.710385,2026-04-28 22:45:16.710385,12.140055656433104
2026-04-28 22:45:16.924394,2026-04-28 22:45:16.924394,11.901079177856444
2026-04-28 22:45:17.108572,2026-04-28 22:45:17.108572,11.873729705810549
2026-04-28 22:45:17.306924,2026-04-28 22:45:17.306924,11.674701690673828
2026-04-28 22:45:17.522407,2026-04-28 22:45:17.522407,11.68130874633789
2026-04-28 22:45:17.722080,2026-04-28 22:45:17.722080,11.686924934387209
2026-04-28 22:45:17.921984,2026-04-28 22:45:17.921984,11.867480278015137
2026-04-28 22:45:18.117933,2026-04-28 22:45:18.117933,12.020951271057127
2026-04-28 22:45:18.318060,2026-04-28 22:45:18.318060,12.327183723449709
2026-04-28 22:45:18.510652,2026-04-28 22:45:18.510652,12.587481498718262
2026-04-28 22:45:18.708218,2026-04-28 22:45:18.708218,12.808733940124512
2026-04-28 22:45:18.909946,2026-04-28 22:45:18.909946,12.99679946899414
2026-04-28 22:45:19.114077,2026-04-28 22:45:19.114077,13.156654357910156
2026-04-28 22:45:19.309201,2026-04-28 22:45:19.309201,13.29253101348877
2026-04-28 22:45:19.509201,2026-04-28 22:45:19.509201,13.583807945251465
2026-04-28 22:45:19.707760,2026-04-28 22:45:19.707760,13.831392288208008
2026-04-28 22:45:19.919206,2026-04-28 22:45:19.919206,14.041840553283691
2026-04-28 22:45:20.116996,2026-04-28 22:45:20.116996,14.220720291137695
2026-04-28 22:45:20.317434,2026-04-28 22:45:20.317434,14.37276840209961
2026-04-28 22:45:20.518677,2026-04-28 22:45:20.518677,14.502009391784668
2026-04-28 22:45:20.719084,2026-04-28 22:45:20.719084,14.61186408996582
2026-04-28 22:45:20.918152,2026-04-28 22:45:20.918152,14.705241203308104
2026-04-28 22:45:21.110699,2026-04-28 22:45:21.110699,14.784610748291016
2026-04-28 22:45:21.317657,2026-04-28 22:45:21.317657,14.852075576782228
2026-04-28 22:45:21.519001,2026-04-28 22:45:21.519001,14.90942096710205
2026-04-28 22:45:21.717528,2026-04-28 22:45:21.717528,14.958163261413574
2026-04-28 22:45:21.919738,2026-04-28 22:45:21.919738,14.999595642089844
2026-04-28 22:45:22.118023,2026-04-28 22:45:22.118023,15.034811973571776
2026-04-28 22:45:22.309316,2026-04-28 22:45:22.309316,14.888965606689451
2026-04-28 22:45:22.507067,2026-04-28 22:45:22.507067,14.764995574951172
2026-04-28 22:45:22.710059,2026-04-28 22:45:22.710059,14.659621238708496
2026-04-28 22:45:22.912219,2026-04-28 22:45:22.912219,14.570053100585938
2026-04-28 22:45:23.109483,2026-04-28 22:45:23.109483,14.66970157623291
2026-04-28 22:45:23.310830,2026-04-28 22:45:23.310830,14.578620910644531
2026-04-28 22:45:23.520480,2026-04-28 22:45:23.520480,14.501202583312988
2026-04-28 22:45:23.708016,2026-04-28 22:45:23.708016,14.435397148132324
2026-04-28 22:45:23.921280,2026-04-28 22:45:23.921280,14.37946319580078
2026-04-28 22:45:24.110778,2026-04-28 22:45:24.110778,14.331918716430664
2026-04-28 22:45:24.318812,2026-04-28 22:45:24.318812,14.291505813598633
2026-04-28 22:45:24.516886,2026-04-28 22:45:24.516886,14.43293571472168
2026-04-28 22:45:24.722695,2026-04-28 22:45:24.722695,14.377370834350586
2026-04-28 22:45:24.924322,2026-04-28 22:45:24.924322,14.330140113830566
2026-04-28 22:45:25.117928,2026-04-28 22:45:25.117928,14.289994239807127
2026-04-28 22:45:25.317180,2026-04-28 22:45:25.317180,14.25586986541748
2026-04-28 22:45:25.521720,2026-04-28 22:45:25.521720,14.4026460647583
2026-04-28 22:45:25.717234,2026-04-28 22:45:25.717234,14.52740478515625
2026-04-28 22:45:25.918535,2026-04-28 22:45:25.918535,14.633450508117676
2026-04-28 22:45:26.108922,2026-04-28 22:45:26.108922,14.723588943481444
2026-04-28 22:45:26.310055,2026-04-28 22:45:26.310055,14.800207138061523
2026-04-28 22:45:26.509988,2026-04-28 22:45:26.509988,14.86533260345459
2026-04-28 22:45:26.708637,2026-04-28 22:45:26.708637,14.92068862915039
2026-04-28 22:45:26.921179,2026-04-28 22:45:26.921179,14.08883571624756
2026-04-28 22:45:27.109570,2026-04-28 22:45:27.109570,14.436447143554688
2026-04-28 22:45:27.319237,2026-04-28 22:45:27.319237,14.731918334960938
2026-04-28 22:45:27.517829,2026-04-28 22:45:27.517829,14.983067512512209
2026-04-28 22:45:27.707839,2026-04-28 22:45:27.707839,15.196544647216797
2026-04-28 22:45:27.917733,2026-04-28 22:45:27.917733,15.37800121307373
2026-04-28 22:45:28.121121,2026-04-28 22:45:28.121121,15.708019256591797
2026-04-28 22:45:28.307038,2026-04-28 22:45:28.307038,15.988534927368164
2026-04-28 22:45:28.507083,2026-04-28 22:45:28.507083,16.226974487304688
2026-04-28 22:45:28.707924,2026-04-28 22:45:28.707924,16.429645538330078
2026-04-28 22:45:28.907524,2026-04-28 22:45:28.907524,16.601917266845703
2026-04-28 22:45:29.119261,2026-04-28 22:45:29.119261,16.748350143432617
2026-04-28 22:45:29.308051,2026-04-28 22:45:29.308051,16.87281608581543
2026-04-28 22:45:29.508272,2026-04-28 22:45:29.508272,16.978612899780273
2026-04-28 22:45:29.719986,2026-04-28 22:45:29.719986,17.068538665771484
2026-04-28 22:45:29.907636,2026-04-28 22:45:29.907636,17.144977569580078
2026-04-28 22:45:30.107845,2026-04-28 22:45:30.107845,17.209949493408203
2026-04-28 22:45:30.307139,2026-04-28 22:45:30.307139,17.265174865722656
2026-04-28 22:45:30.518113,2026-04-28 22:45:30.518113,17.312118530273438
2026-04-28 22:45:30.717092,2026-04-28 22:45:30.717092,17.352018356323242
2026-04-28 22:45:30.906897,2026-04-28 22:45:30.906897,17.385934829711914
2026-04-28 22:45:31.118606,2026-04-28 22:45:31.118606,17.414762496948242
2026-04-28 22:45:31.320784,2026-04-28 22:45:31.320784,17.439268112182617
2026-04-28 22:45:31.518598,2026-04-28 22:45:31.518598,17.46009635925293
2026-04-28 22:45:31.717716,2026-04-28 22:45:31.717716,17.477800369262695
2026-04-28 22:45:31.918930,2026-04-28 22:45:31.918930,17.492849349975586
2026-04-28 22:45:45.017101,2026-04-28 22:45:45.017101,17.505640029907227
2026-04-28 22:45:45.216940,2026-04-28 22:45:45.216940,17.34073257446289
2026-04-28 22:45:45.416962,2026-04-28 22:45:45.416962,17.200559616088867
2026-04-28 22:45:45.616970,2026-04-28 22:45:45.616970,17.08141326904297
2026-04-28 22:45:45.817909,2026-04-28 22:45:45.817909,16.980138778686523
2026-04-28 22:45:46.016872,2026-04-28 22:45:46.016872,15.663586616516112
2026-04-28 22:45:46.220645,2026-04-28 22:45:46.220645,14.544517517089844
2026-04-28 22:45:46.417027,2026-04-28 22:45:46.417027,13.593308448791504
2026-04-28 22:45:46.618114,2026-04-28 22:45:46.618114,12.960562705993652
2026-04-28 22:45:46.817135,2026-04-28 22:45:46.817135,12.422727584838867
2026-04-28 22:45:47.017030,2026-04-28 22:45:47.017030,12.141349792480469
2026-04-28 22:45:47.218452,2026-04-28 22:45:47.218452,11.726397514343262
2026-04-28 22:45:47.417713,2026-04-28 22:45:47.417713,11.373687744140623
2026-04-28 22:45:47.617170,2026-04-28 22:45:47.617170,11.073884963989258
2026-04-28 22:45:47.817280,2026-04-28 22:45:47.817280,10.994832992553713
2026-04-28 22:45:48.017249,2026-04-28 22:45:48.017249,10.751858711242676
2026-04-28 22:45:48.218404,2026-04-28 22:45:48.218404,10.721110343933104
2026-04-28 22:45:48.419768,2026-04-28 22:45:48.419768,10.870757102966309
2026-04-28 22:45:48.617659,2026-04-28 22:45:48.617659,10.997955322265623
2026-04-28 22:45:48.817909,2026-04-28 22:45:48.817909,11.281855583190918
2026-04-28 22:45:49.019564,2026-04-28 22:45:49.019564,11.523171424865724
2026-04-28 22:45:49.221673,2026-04-28 22:45:49.221673,11.728289604187012
2026-04-28 22:45:49.418686,2026-04-28 22:45:49.418686,11.902639389038086
2026-04-28 22:45:49.618545,2026-04-28 22:45:49.618545,12.050837516784668
2026-04-28 22:45:49.819647,2026-04-28 22:45:49.819647,12.17680549621582
2026-04-28 22:45:50.018304,2026-04-28 22:45:50.018304,12.108097076416016
2026-04-28 22:45:50.219893,2026-04-28 22:45:50.219893,12.225476264953612
2026-04-28 22:45:50.424109,2026-04-28 22:45:50.424109,12.32524871826172
2026-04-28 22:45:50.617405,2026-04-28 22:45:50.617405,12.41005516052246
2026-04-28 22:45:50.817159,2026-04-28 22:45:50.817159,12.30635929107666
2026-04-28 22:45:51.025788,2026-04-28 22:45:51.025788,12.393999099731444
2026-04-28 22:45:51.217714,2026-04-28 22:45:51.217714,12.292712211608888
2026-04-28 22:45:51.417765,2026-04-28 22:45:51.417765,12.20661735534668
2026-04-28 22:45:51.620887,2026-04-28 22:45:51.620887,12.133437156677246
2026-04-28 22:45:51.820340,2026-04-28 22:45:51.820340,12.071234703063965
2026-04-28 22:45:52.025005,2026-04-28 22:45:52.025005,12.194143295288086
2026-04-28 22:45:52.217180,2026-04-28 22:45:52.217180,12.29861545562744
2026-04-28 22:45:52.417143,2026-04-28 22:45:52.417143,12.38741683959961
2026-04-28 22:45:52.617189,2026-04-28 22:45:52.617189,12.462898254394531
2026-04-28 22:45:52.818121,2026-04-28 22:45:52.818121,12.527056694030762
2026-04-28 22:45:53.019963,2026-04-28 22:45:53.019963,12.581592559814451
2026-04-28 22:45:53.219429,2026-04-28 22:45:53.219429,12.627946853637695
2026-04-28 22:45:53.417307,2026-04-28 22:45:53.417307,12.667348861694336
2026-04-28 22:45:53.622709,2026-04-28 22:45:53.622709,12.70083999633789
2026-04-28 22:45:53.817702,2026-04-28 22:45:53.817702,12.729308128356934
2026-04-28 22:45:54.019059,2026-04-28 22:45:54.019059,12.75350570678711
2026-04-28 22:45:54.221008,2026-04-28 22:45:54.221008,12.774073600769045
2026-04-28 22:45:54.423738,2026-04-28 22:45:54.423738,12.791556358337402
2026-04-28 22:45:54.622270,2026-04-28 22:45:54.622270,12.806416511535645
2026-04-28 22:45:54.819405,2026-04-28 22:45:54.819405,12.819047927856444
2026-04-28 22:45:55.021902,2026-04-28 22:45:55.021902,12.829784393310549
2026-04-28 22:45:55.222408,2026-04-28 22:45:55.222408,12.838910102844238
2026-04-28 22:45:55.417076,2026-04-28 22:45:55.417076,12.846667289733888
2026-04-28 22:45:55.619134,2026-04-28 22:45:55.619134,12.85326099395752
2026-04-28 22:45:55.820211,2026-04-28 22:45:55.820211,13.03464698791504
2026-04-28 22:45:56.019321,2026-04-28 22:45:56.019321,13.188824653625488
2026-04-28 22:45:56.217678,2026-04-28 22:45:56.217678,13.495657920837402
2026-04-28 22:45:56.418824,2026-04-28 22:45:56.418824,13.580683708190918
2026-04-28 22:45:56.618721,2026-04-28 22:45:56.618721,13.828737258911133
2026-04-28 22:45:56.817677,2026-04-28 22:45:56.817677,14.039583206176758
2026-04-28 22:45:57.019435,2026-04-28 22:45:57.019435,14.218801498413086
2026-04-28 22:45:57.220259,2026-04-28 22:45:57.220259,14.371137619018556
2026-04-28 22:45:57.421981,2026-04-28 22:45:57.421981,14.50062370300293
2026-04-28 22:45:57.617214,2026-04-28 22:45:57.617214,14.61068630218506
2026-04-28 22:45:57.817276,2026-04-28 22:45:57.817276,14.88002109527588
2026-04-28 22:45:58.017700,2026-04-28 22:45:58.017700,15.10895538330078
2026-04-28 22:45:58.217139,2026-04-28 22:45:58.217139,15.303549766540527
2026-04-28 22:45:58.417865,2026-04-28 22:45:58.417865,15.468954086303713
2026-04-28 22:45:58.617660,2026-04-28 22:45:58.617660,15.609548568725586
2026-04-28 22:45:58.821306,2026-04-28 22:45:58.821306,15.72905445098877
2026-04-28 22:45:59.021986,2026-04-28 22:45:59.021986,15.830633163452148
2026-04-28 22:45:59.219287,2026-04-28 22:45:59.219287,15.91697597503662
2026-04-28 22:45:59.420439,2026-04-28 22:45:59.420439,15.99036693572998
2026-04-28 22:45:59.622898,2026-04-28 22:45:59.622898,15.876968383789062
2026-04-28 22:45:59.817998,2026-04-28 22:45:59.817998,15.780579566955566
2026-04-28 22:46:00.018189,2026-04-28 22:46:00.018189,15.874429702758787
2026-04-28 22:46:00.218285,2026-04-28 22:46:00.218285,15.77842140197754
2026-04-28 22:46:00.418997,2026-04-28 22:46:00.418997,15.69681453704834
2026-04-28 22:46:00.623025,2026-04-28 22:46:00.623025,15.803230285644531
2026-04-28 22:46:00.818709,2026-04-28 22:46:00.818709,15.893682479858398
2026-04-28 22:46:01.024143,2026-04-28 22:46:01.024143,15.97056770324707
2026-04-28 22:46:01.218657,2026-04-28 22:46:01.218657,16.035921096801758
2026-04-28 22:46:01.416929,2026-04-28 22:46:01.416929,16.091468811035156
2026-04-28 22:46:01.618792,2026-04-28 22:46:01.618792,16.138687133789062
2026-04-28 22:46:01.816921,2026-04-28 22:46:01.816921,16.178821563720703
2026-04-28 22:46:02.019316,2026-04-28 22:46:02.019316,16.212936401367188
2026-04-28 22:46:02.218247,2026-04-28 22:46:02.218247,16.241931915283203
2026-04-28 22:46:02.417078,2026-04-28 22:46:02.417078,16.09079933166504
2026-04-28 22:46:02.620496,2026-04-28 22:46:02.620496,15.962335586547852
2026-04-28 22:46:02.817135,2026-04-28 22:46:02.817135,15.853141784667969
2026-04-28 22:46:03.018365,2026-04-28 22:46:03.018365,15.584545135498049
2026-04-28 22:46:03.220126,2026-04-28 22:46:03.220126,15.18045711517334
2026-04-28 22:46:03.418163,2026-04-28 22:46:03.418163,14.66120147705078
2026-04-28 22:46:03.618055,2026-04-28 22:46:03.618055,14.219833374023438
2026-04-28 22:46:03.818125,2026-04-28 22:46:03.818125,13.844671249389648
2026-04-28 22:46:04.016877,2026-04-28 22:46:04.016877,13.525782585144045
2026-04-28 22:46:04.218253,2026-04-28 22:46:04.218253,13.254728317260742
2026-04-28 22:46:04.420513,2026-04-28 22:46:04.420513,13.024331092834473
2026-04-28 22:46:04.620191,2026-04-28 22:46:04.620191,12.65271282196045
2026-04-28 22:46:04.817696,2026-04-28 22:46:04.817696,12.512618064880373
2026-04-28 22:46:05.018665,2026-04-28 22:46:05.018665,12.21775722503662
2026-04-28 22:46:05.218185,2026-04-28 22:46:05.218185,11.967124938964844
2026-04-28 22:46:05.419343,2026-04-28 22:46:05.419343,11.754087448120115
2026-04-28 22:46:05.619888,2026-04-28 22:46:05.619888,11.573005676269531
2026-04-28 22:46:05.817272,2026-04-28 22:46:05.817272,11.419085502624512
2026-04-28 22:46:06.017560,2026-04-28 22:46:06.017560,11.288253784179688
2026-04-28 22:46:06.217196,2026-04-28 22:46:06.217196,11.352828979492188
2026-04-28 22:46:06.418435,2026-04-28 22:46:06.418435,11.407716751098633
2026-04-28 22:46:06.616875,2026-04-28 22:46:06.616875,11.454371452331545
2026-04-28 22:46:06.816903,2026-04-28 22:46:06.816903,11.494028091430664
2026-04-28 22:46:07.019129,2026-04-28 22:46:07.019129,11.52773666381836
2026-04-28 22:46:07.218369,2026-04-28 22:46:07.218369,11.556388854980469
2026-04-28 22:46:07.417996,2026-04-28 22:46:07.417996,11.580742835998535
2026-04-28 22:46:07.616908,2026-04-28 22:46:07.616908,11.601444244384766
2026-04-28 22:46:07.819313,2026-04-28 22:46:07.819313,11.61903953552246
2026-04-28 22:46:08.019808,2026-04-28 22:46:08.019808,11.63399600982666
2026-04-28 22:46:08.217464,2026-04-28 22:46:08.217464,11.646709442138672
2026-04-28 22:46:08.418612,2026-04-28 22:46:08.418612,11.657515525817873
2026-04-28 22:46:08.619508,2026-04-28 22:46:08.619508,11.66670036315918
2026-04-28 22:46:08.817513,2026-04-28 22:46:08.817513,11.674508094787598
2026-04-28 22:46:09.018389,2026-04-28 22:46:09.018389,13.790519714355469
2026-04-28 22:46:09.218820,2026-04-28 22:46:09.218820,15.589128494262695
2026-04-28 22:46:09.417481,2026-04-28 22:46:09.417481,16.94216537475586
2026-04-28 22:46:09.618291,2026-04-28 22:46:09.618291,16.334434509277344
2026-04-28 22:46:09.817967,2026-04-28 22:46:09.817967,15.817863464355469
2026-04-28 22:46:10.017414,2026-04-28 22:46:10.017414,15.378777503967283
2026-04-28 22:46:10.219025,2026-04-28 22:46:10.219025,15.00555419921875
2026-04-28 22:46:23.320615,2026-04-28 22:46:23.320615,16.44612693786621
2026-04-28 22:46:23.519107,2026-04-28 22:46:23.519107,17.67061424255371
2026-04-28 22:46:23.721808,2026-04-28 22:46:23.721808,18.711429595947266
2026-04-28 22:46:23.922687,2026-04-28 22:46:23.922687,19.420339584350582
2026-04-28 22:46:24.122301,2026-04-28 22:46:24.122301,20.022912979125977
2026-04-28 22:46:24.319775,2026-04-28 22:46:24.319775,20.53510093688965
2026-04-28 22:46:24.517343,2026-04-28 22:46:24.517343,20.970460891723636
2026-04-28 22:46:24.718338,2026-04-28 22:46:24.718338,21.340517044067383
2026-04-28 22:46:24.918594,2026-04-28 22:46:24.918594,21.65506362915039
2026-04-28 22:46:25.118345,2026-04-28 22:46:25.118345,21.92243003845215
2026-04-28 22:46:25.319155,2026-04-28 22:46:25.319155,21.97390937805176
2026-04-28 22:46:25.522912,2026-04-28 22:46:25.522912,22.01766586303711
2026-04-28 22:46:25.718810,2026-04-28 22:46:25.718810,21.879079818725582
2026-04-28 22:46:25.917531,2026-04-28 22:46:25.917531,21.585498809814453
2026-04-28 22:46:26.118034,2026-04-28 22:46:26.118034,21.33595466613769
2026-04-28 22:46:26.319558,2026-04-28 22:46:26.319558,21.123842239379883
2026-04-28 22:46:26.516943,2026-04-28 22:46:26.516943,20.94354820251465
2026-04-28 22:46:26.718167,2026-04-28 22:46:26.718167,20.79029655456543
2026-04-28 22:46:26.917577,2026-04-28 22:46:26.917577,20.6600341796875
2026-04-28 22:46:27.119711,2026-04-28 22:46:27.119711,20.5493106842041
2026-04-28 22:46:27.319034,2026-04-28 22:46:27.319034,20.4551944732666
2026-04-28 22:46:27.517214,2026-04-28 22:46:27.517214,20.37519645690918
2026-04-28 22:46:27.717041,2026-04-28 22:46:27.717041,20.30719757080078
2026-04-28 22:46:27.917347,2026-04-28 22:46:27.917347,20.425180435180664
2026-04-28 22:46:28.117390,2026-04-28 22:46:28.117390,20.525466918945312
2026-04-28 22:46:28.317497,2026-04-28 22:46:28.317497,20.610708236694336
2026-04-28 22:46:28.521251,2026-04-28 22:46:28.521251,20.683164596557617
2026-04-28 22:46:28.720406,2026-04-28 22:46:28.720406,20.744752883911133
2026-04-28 22:46:28.918594,2026-04-28 22:46:28.918594,20.797101974487305
2026-04-28 22:46:29.120715,2026-04-28 22:46:29.120715,20.84160041809082
2026-04-28 22:46:29.320975,2026-04-28 22:46:29.320975,20.87942123413086
2026-04-28 22:46:29.516939,2026-04-28 22:46:29.516939,20.911571502685547
2026-04-28 22:46:29.719728,2026-04-28 22:46:29.719728,20.93889808654785
2026-04-28 22:46:29.917682,2026-04-28 22:46:29.917682,20.96212577819824
2026-04-28 22:46:30.117442,2026-04-28 22:46:30.117442,20.981868743896484
2026-04-28 22:46:30.319534,2026-04-28 22:46:30.319534,20.9986515045166
2026-04-28 22:46:30.521931,2026-04-28 22:46:30.521931,21.012916564941406
2026-04-28 22:46:30.724077,2026-04-28 22:46:30.724077,21.025041580200195
2026-04-28 22:46:30.917478,2026-04-28 22:46:30.917478,21.03534698486328
2026-04-28 22:46:31.122042,2026-04-28 22:46:31.122042,21.04410743713379
2026-04-28 22:46:31.318744,2026-04-28 22:46:31.318744,21.05155372619629
2026-04-28 22:46:31.519495,2026-04-28 22:46:31.519495,21.057884216308597
2026-04-28 22:46:31.719078,2026-04-28 22:46:31.719078,21.063262939453125
2026-04-28 22:46:31.919059,2026-04-28 22:46:31.919059,21.06783676147461
2026-04-28 22:46:32.120741,2026-04-28 22:46:32.120741,21.07172393798828
2026-04-28 22:46:32.318074,2026-04-28 22:46:32.318074,21.250808715820312
2026-04-28 22:46:32.519161,2026-04-28 22:46:32.519161,21.40303039550781
2026-04-28 22:46:32.718621,2026-04-28 22:46:32.718621,21.532421112060547
2026-04-28 22:46:32.919012,2026-04-28 22:46:32.919012,21.64240074157715
2026-04-28 22:46:33.118771,2026-04-28 22:46:33.118771,21.735883712768555
2026-04-28 22:46:33.319842,2026-04-28 22:46:33.319842,21.81534576416016
2026-04-28 22:46:33.520113,2026-04-28 22:46:33.520113,22.05866813659668
2026-04-28 22:46:33.719779,2026-04-28 22:46:33.719779,22.265493392944336
2026-04-28 22:46:33.917005,2026-04-28 22:46:33.917005,22.441293716430664
2026-04-28 22:46:34.119909,2026-04-28 22:46:34.119909,22.59072494506836
2026-04-28 22:46:34.318639,2026-04-28 22:46:34.318639,22.71774101257324
2026-04-28 22:46:34.520160,2026-04-28 22:46:34.520160,22.82570457458496
2026-04-28 22:46:34.717545,2026-04-28 22:46:34.717545,22.9174747467041
2026-04-28 22:46:34.918189,2026-04-28 22:46:34.918189,22.9954776763916
2026-04-28 22:46:35.121475,2026-04-28 22:46:35.121475,23.23756217956543
2026-04-28 22:46:35.320416,2026-04-28 22:46:35.320416,23.267553329467773
2026-04-28 22:46:35.523550,2026-04-28 22:46:35.523550,23.468826293945312
2026-04-28 22:46:35.723153,2026-04-28 22:46:35.723153,23.63990974426269
2026-04-28 22:46:35.918739,2026-04-28 22:46:35.918739,23.785327911376957
2026-04-28 22:46:36.117573,2026-04-28 22:46:36.117573,23.908935546875
2026-04-28 22:46:36.318855,2026-04-28 22:46:36.318855,24.01400184631348
2026-04-28 22:46:36.523651,2026-04-28 22:46:36.523651,24.103307723999023
2026-04-28 22:46:36.719732,2026-04-28 22:46:36.719732,24.179218292236328
2026-04-28 22:46:36.922642,2026-04-28 22:46:36.922642,24.243741989135746
2026-04-28 22:46:37.121958,2026-04-28 22:46:37.121958,24.298585891723636
2026-04-28 22:46:37.320687,2026-04-28 22:46:37.320687,24.34520530700684
2026-04-28 22:46:37.517439,2026-04-28 22:46:37.517439,24.38483047485352
2026-04-28 22:46:37.717734,2026-04-28 22:46:37.717734,24.41851234436035
2026-04-28 22:46:37.920739,2026-04-28 22:46:37.920739,24.447141647338867
2026-04-28 22:46:38.119858,2026-04-28 22:46:38.119858,24.47147560119629
2026-04-28 22:46:38.320215,2026-04-28 22:46:38.320215,24.49216079711914
2026-04-28 22:46:38.517760,2026-04-28 22:46:38.517760,24.509742736816406
2026-04-28 22:46:38.719302,2026-04-28 22:46:38.719302,24.524688720703125
2026-04-28 22:46:38.918159,2026-04-28 22:46:38.918159,24.537391662597656
2026-04-28 22:46:39.118381,2026-04-28 22:46:39.118381,24.548189163208008
2026-04-28 22:46:39.318161,2026-04-28 22:46:39.318161,24.5573673248291
2026-04-28 22:46:39.517050,2026-04-28 22:46:39.517050,24.565168380737305
2026-04-28 22:46:39.717484,2026-04-28 22:46:39.717484,24.57179832458496
2026-04-28 22:46:39.918436,2026-04-28 22:46:39.918436,24.40165328979492
2026-04-28 22:46:40.118355,2026-04-28 22:46:40.118355,24.257030487060547
2026-04-28 22:46:40.318700,2026-04-28 22:46:40.318700,24.30988311767578
2026-04-28 22:46:40.518152,2026-04-28 22:46:40.518152,24.35480690002441
2026-04-28 22:46:40.718145,2026-04-28 22:46:40.718145,24.39299201965332
2026-04-28 22:46:40.921903,2026-04-28 22:46:40.921903,24.24966812133789
2026-04-28 22:46:41.121857,2026-04-28 22:46:41.121857,24.12784194946289
2026-04-28 22:46:41.320720,2026-04-28 22:46:41.320720,24.0242919921875
2026-04-28 22:46:41.520280,2026-04-28 22:46:41.520280,23.9362735748291
2026-04-28 22:46:41.718466,2026-04-28 22:46:41.718466,23.6856746673584
2026-04-28 22:46:41.917278,2026-04-28 22:46:41.917278,23.4726676940918
2026-04-28 22:46:42.123084,2026-04-28 22:46:42.123084,23.29161071777344
2026-04-28 22:46:42.317868,2026-04-28 22:46:42.317868,22.961933135986328
2026-04-28 22:46:42.517160,2026-04-28 22:46:42.517160,22.68170547485352
2026-04-28 22:46:42.721076,2026-04-28 22:46:42.721076,22.443511962890625
2026-04-28 22:46:42.918487,2026-04-28 22:46:42.918487,22.241046905517575
2026-04-28 22:46:43.117023,2026-04-28 22:46:43.117023,21.893171310424805
2026-04-28 22:46:43.320317,2026-04-28 22:46:43.320317,21.59747695922852
2026-04-28 22:46:43.517126,2026-04-28 22:46:43.517126,21.34613609313965
2026-04-28 22:46:43.720313,2026-04-28 22:46:43.720313,21.132497787475582
2026-04-28 22:46:43.920857,2026-04-28 22:46:43.920857,20.950904846191406
2026-04-28 22:46:44.117829,2026-04-28 22:46:44.117829,20.62076759338379
2026-04-28 22:46:44.322470,2026-04-28 22:46:44.322470,20.34015274047852
2026-04-28 22:46:44.521014,2026-04-28 22:46:44.521014,20.10163116455078
2026-04-28 22:46:44.717379,2026-04-28 22:46:44.717379,19.89888572692871
2026-04-28 22:46:44.919511,2026-04-28 22:46:44.919511,19.72655296325684
2026-04-28 22:46:45.121925,2026-04-28 22:46:45.121925,19.40428924560547
2026-04-28 22:46:45.317527,2026-04-28 22:46:45.317527,18.95458221435547
2026-04-28 22:46:45.520685,2026-04-28 22:46:45.520685,18.04498863220215
2026-04-28 22:46:45.717588,2026-04-28 22:46:45.717588,17.271835327148438
2026-04-28 22:46:45.918448,2026-04-28 22:46:45.918448,16.614652633666992
2026-04-28 22:46:46.117754,2026-04-28 22:46:46.117754,15.880268096923828
2026-04-28 22:46:46.318338,2026-04-28 22:46:46.318338,15.2560396194458
2026-04-28 22:46:46.516886,2026-04-28 22:46:46.516886,14.549665451049805
2026-04-28 22:46:46.718347,2026-04-28 22:46:46.718347,14.125027656555176
2026-04-28 22:46:46.917718,2026-04-28 22:46:46.917718,13.764086723327637
2026-04-28 22:46:47.117035,2026-04-28 22:46:47.117035,13.45728588104248
2026-04-28 22:46:47.317270,2026-04-28 22:46:47.317270,13.196505546569824
2026-04-28 22:46:47.517468,2026-04-28 22:46:47.517468,12.974842071533203
2026-04-28 22:46:47.717620,2026-04-28 22:46:47.717620,12.786428451538086
2026-04-28 22:46:47.917513,2026-04-28 22:46:47.917513,12.626276969909668
2026-04-28 22:46:48.117728,2026-04-28 22:46:48.117728,12.314366340637209
2026-04-28 22:46:48.316933,2026-04-28 22:46:48.316933,12.225024223327637
2026-04-28 22:46:48.517076,2026-04-28 22:46:48.517076,11.973301887512209
2026-04-28 22:47:01.623049,2026-04-28 22:47:01.623049,11.759337425231934
2026-04-28 22:47:01.817299,2026-04-28 22:47:01.817299,11.577467918395996
2026-04-28 22:47:02.021975,2026-04-28 22:47:02.021975,11.422879219055176
2026-04-28 22:47:02.218716,2026-04-28 22:47:02.218716,11.291478157043455
2026-04-28 22:47:02.421509,2026-04-28 22:47:02.421509,11.179787635803224
2026-04-28 22:47:02.617840,2026-04-28 22:47:02.617840,11.084851264953612
2026-04-28 22:47:02.818186,2026-04-28 22:47:02.818186,11.004154205322266
2026-04-28 22:47:03.018322,2026-04-28 22:47:03.018322,10.93556308746338
2026-04-28 22:47:03.222448,2026-04-28 22:47:03.222448,10.877259254455566
2026-04-28 22:47:03.419597,2026-04-28 22:47:03.419597,10.827701568603516
2026-04-28 22:47:03.619297,2026-04-28 22:47:03.619297,10.609796524047852
2026-04-28 22:47:03.820081,2026-04-28 22:47:03.820081,10.42457675933838
2026-04-28 22:47:04.016991,2026-04-28 22:47:04.016991,10.26714038848877
2026-04-28 22:47:04.218744,2026-04-28 22:47:04.218744,10.133319854736328
2026-04-28 22:47:04.417840,2026-04-28 22:47:04.417840,10.019571304321287
2026-04-28 22:47:04.617703,2026-04-28 22:47:04.617703,9.92288589477539
2026-04-28 22:47:04.821054,2026-04-28 22:47:04.821054,9.840703010559082
2026-04-28 22:47:05.017186,2026-04-28 22:47:05.017186,9.77084732055664
2026-04-28 22:47:05.221387,2026-04-28 22:47:05.221387,9.711470603942873
2026-04-28 22:47:05.417032,2026-04-28 22:47:05.417032,9.66100025177002
2026-04-28 22:47:05.620769,2026-04-28 22:47:05.620769,9.6181001663208
2026-04-28 22:47:05.820429,2026-04-28 22:47:05.820429,9.405853271484377
2026-04-28 22:47:06.017386,2026-04-28 22:47:06.017386,9.225444793701172
2026-04-28 22:47:06.217292,2026-04-28 22:47:06.217292,9.072096824645996
2026-04-28 22:47:06.416921,2026-04-28 22:47:06.416921,9.117531776428224
2026-04-28 22:47:06.619209,2026-04-28 22:47:06.619209,8.98037052154541
2026-04-28 22:47:06.817959,2026-04-28 22:47:06.817959,8.863783836364746
2026-04-28 22:47:07.017450,2026-04-28 22:47:07.017450,8.76468563079834
2026-04-28 22:47:07.217098,2026-04-28 22:47:07.217098,8.680451393127441
2026-04-28 22:47:07.417283,2026-04-28 22:47:07.417283,8.60885238647461
2026-04-28 22:47:07.618495,2026-04-28 22:47:07.618495,8.723773956298828
2026-04-28 22:47:07.820881,2026-04-28 22:47:07.820881,8.821457862854004
2026-04-28 22:47:08.018235,2026-04-28 22:47:08.018235,11.013864517211914
2026-04-28 22:47:08.217629,2026-04-28 22:47:08.217629,12.87740993499756
2026-04-28 22:47:08.417069,2026-04-28 22:47:08.417069,14.63720417022705
2026-04-28 22:47:08.618176,2026-04-28 22:47:08.618176,16.30881118774414
2026-04-28 22:47:08.820494,2026-04-28 22:47:08.820494,17.729677200317383
2026-04-28 22:47:09.017920,2026-04-28 22:47:09.017920,18.76163101196289
2026-04-28 22:47:09.220630,2026-04-28 22:47:09.220630,19.6387939453125
2026-04-28 22:47:09.419250,2026-04-28 22:47:09.419250,20.38438034057617
2026-04-28 22:47:09.621384,2026-04-28 22:47:09.621384,21.018129348754883
2026-04-28 22:47:09.820096,2026-04-28 22:47:09.820096,21.55681610107422
2026-04-28 22:47:10.024259,2026-04-28 22:47:10.024259,22.01469993591309
2026-04-28 22:47:10.218061,2026-04-28 22:47:10.218061,22.403902053833008
2026-04-28 22:47:10.419900,2026-04-28 22:47:10.419900,22.91050338745117
2026-04-28 22:47:10.617174,2026-04-28 22:47:10.617174,23.16533470153809
2026-04-28 22:47:10.820399,2026-04-28 22:47:10.820399,23.381940841674805
2026-04-28 22:47:11.019859,2026-04-28 22:47:11.019859,23.56605529785156
2026-04-28 22:47:11.220938,2026-04-28 22:47:11.220938,23.722553253173828
2026-04-28 22:47:11.418066,2026-04-28 22:47:11.418066,23.85557746887207
2026-04-28 22:47:11.617757,2026-04-28 22:47:11.617757,23.968647003173828
2026-04-28 22:47:11.821090,2026-04-28 22:47:11.821090,24.064756393432617
2026-04-28 22:47:12.017490,2026-04-28 22:47:12.017490,24.146448135375977
2026-04-28 22:47:12.217618,2026-04-28 22:47:12.217618,24.21588706970215
2026-04-28 22:47:12.417602,2026-04-28 22:47:12.417602,24.27490997314453
2026-04-28 22:47:12.622734,2026-04-28 22:47:12.622734,24.32508087158203
2026-04-28 22:47:12.818833,2026-04-28 22:47:12.818833,24.367725372314453
2026-04-28 22:47:13.018020,2026-04-28 22:47:13.018020,24.403972625732425
2026-04-28 22:47:13.217554,2026-04-28 22:47:13.217554,24.61056327819824
2026-04-28 22:47:13.417664,2026-04-28 22:47:13.417664,24.61038589477539
2026-04-28 22:47:13.619368,2026-04-28 22:47:13.619368,24.61023330688477
2026-04-28 22:47:13.819296,2026-04-28 22:47:13.819296,24.610105514526367
2026-04-28 22:47:14.020423,2026-04-28 22:47:14.020423,24.609994888305664
2026-04-28 22:47:14.218274,2026-04-28 22:47:14.218274,24.60990333557129
2026-04-28 22:47:14.419425,2026-04-28 22:47:14.419425,24.60982322692871
2026-04-28 22:47:14.617008,2026-04-28 22:47:14.617008,24.60975646972656
2026-04-28 22:47:14.822033,2026-04-28 22:47:14.822033,24.609699249267575
2026-04-28 22:47:15.019750,2026-04-28 22:47:15.019750,24.609649658203125
2026-04-28 22:47:15.220993,2026-04-28 22:47:15.220993,24.60960960388184
2026-04-28 22:47:15.418795,2026-04-28 22:47:15.418795,24.60957336425781
2026-04-28 22:47:15.622926,2026-04-28 22:47:15.622926,24.78532600402832
2026-04-28 22:47:15.819083,2026-04-28 22:47:15.819083,24.93471336364746
2026-04-28 22:47:16.020009,2026-04-28 22:47:16.020009,25.061695098876957
2026-04-28 22:47:16.222896,2026-04-28 22:47:16.222896,25.169628143310547
2026-04-28 22:47:16.419360,2026-04-28 22:47:16.419360,25.261371612548828
2026-04-28 22:47:16.618457,2026-04-28 22:47:16.618457,25.339353561401367
2026-04-28 22:47:16.823056,2026-04-28 22:47:16.823056,25.405637741088867
2026-04-28 22:47:17.019840,2026-04-28 22:47:17.019840,25.46197891235352
2026-04-28 22:47:17.225499,2026-04-28 22:47:17.225499,25.509870529174805
2026-04-28 22:47:17.418715,2026-04-28 22:47:17.418715,25.55057716369629
2026-04-28 22:47:17.625501,2026-04-28 22:47:17.625501,25.58517837524414
2026-04-28 22:47:17.826468,2026-04-28 22:47:17.826468,25.43880844116211
2026-04-28 22:47:18.018197,2026-04-28 22:47:18.018197,25.49017333984375
2026-04-28 22:47:18.220382,2026-04-28 22:47:18.220382,25.53383445739746
2026-04-28 22:47:18.418586,2026-04-28 22:47:18.418586,25.570947647094727
2026-04-28 22:47:18.623171,2026-04-28 22:47:18.623171,25.60249328613281
2026-04-28 22:47:18.818223,2026-04-28 22:47:18.818223,25.62930679321289
2026-04-28 22:47:19.018422,2026-04-28 22:47:19.018422,25.652097702026367
2026-04-28 22:47:19.218956,2026-04-28 22:47:19.218956,25.671470642089844
2026-04-28 22:47:19.424854,2026-04-28 22:47:19.424854,25.687936782836918
2026-04-28 22:47:19.618177,2026-04-28 22:47:19.618177,25.701934814453125
2026-04-28 22:47:19.819360,2026-04-28 22:47:19.819360,25.713830947875977
2026-04-28 22:47:20.020749,2026-04-28 22:47:20.020749,25.72394371032715
2026-04-28 22:47:20.218810,2026-04-28 22:47:20.218810,25.732540130615234
2026-04-28 22:47:20.417535,2026-04-28 22:47:20.417535,25.56406593322754
2026-04-28 22:47:20.619227,2026-04-28 22:47:20.619227,25.420862197875977
2026-04-28 22:47:20.817552,2026-04-28 22:47:20.817552,25.29913902282715
2026-04-28 22:47:21.018610,2026-04-28 22:47:21.018610,25.371456146240234
2026-04-28 22:47:21.217348,2026-04-28 22:47:21.217348,25.432924270629883
2026-04-28 22:47:21.417020,2026-04-28 22:47:21.417020,25.48517417907715
2026-04-28 22:47:21.618966,2026-04-28 22:47:21.618966,25.529584884643555
2026-04-28 22:47:21.818076,2026-04-28 22:47:21.818076,25.56733512878418
2026-04-28 22:47:22.020692,2026-04-28 22:47:22.020692,25.599422454833984
2026-04-28 22:47:22.218949,2026-04-28 22:47:22.218949,25.62669563293457
2026-04-28 22:47:22.418260,2026-04-28 22:47:22.418260,23.013160705566406
2026-04-28 22:47:22.623051,2026-04-28 22:47:22.623051,20.791654586791992
2026-04-28 22:47:22.820493,2026-04-28 22:47:22.820493,21.71587562561035
2026-04-28 22:47:23.017144,2026-04-28 22:47:23.017144,22.501462936401367
2026-04-28 22:47:23.217547,2026-04-28 22:47:23.217547,23.169212341308597
2026-04-28 22:47:23.419559,2026-04-28 22:47:23.419559,23.736799240112305
2026-04-28 22:47:23.618093,2026-04-28 22:47:23.618093,24.219247817993164
2026-04-28 22:47:23.818394,2026-04-28 22:47:23.818394,24.629329681396484
2026-04-28 22:47:24.017269,2026-04-28 22:47:24.017269,23.3958683013916
2026-04-28 22:47:24.216844,2026-04-28 22:47:24.216844,22.17164421081543
2026-04-28 22:47:24.417671,2026-04-28 22:47:24.417671,21.306835174560547
2026-04-28 22:47:24.616871,2026-04-28 22:47:24.616871,20.395965576171875
2026-04-28 22:47:24.818875,2026-04-28 22:47:24.818875,19.621726989746094
2026-04-28 22:47:25.017980,2026-04-28 22:47:25.017980,18.963624954223636
2026-04-28 22:47:25.219237,2026-04-28 22:47:25.219237,18.404237747192383
2026-04-28 22:47:25.419893,2026-04-28 22:47:25.419893,17.928756713867188
2026-04-28 22:47:25.618927,2026-04-28 22:47:25.618927,17.524600982666016
2026-04-28 22:47:25.818627,2026-04-28 22:47:25.818627,17.005285263061523
2026-04-28 22:47:26.018581,2026-04-28 22:47:26.018581,16.388086318969727
2026-04-28 22:47:26.217581,2026-04-28 22:47:26.217581,16.039247512817383
2026-04-28 22:47:26.418217,2026-04-28 22:47:26.418217,15.566954612731934
2026-04-28 22:47:26.618145,2026-04-28 22:47:26.618145,15.165505409240724
2026-04-28 22:47:26.818506,2026-04-28 22:47:26.818506,14.824273109436035
2026-04-28 22:47:39.920742,2026-04-28 22:47:39.920742,14.534226417541504
2026-04-28 22:47:40.118573,2026-04-28 22:47:40.118573,14.46346664428711
2026-04-28 22:47:40.318744,2026-04-28 22:47:40.318744,14.227540969848633
2026-04-28 22:47:40.516994,2026-04-28 22:47:40.516994,14.027003288269045
2026-04-28 22:47:40.717731,2026-04-28 22:47:40.717731,13.85654640197754
2026-04-28 22:47:40.917010,2026-04-28 22:47:40.917010,13.711658477783203
2026-04-28 22:47:41.118225,2026-04-28 22:47:41.118225,13.58850383758545
2026-04-28 22:47:41.318454,2026-04-28 22:47:41.318454,13.483821868896484
2026-04-28 22:47:41.519990,2026-04-28 22:47:41.519990,13.219060897827148
2026-04-28 22:47:41.717188,2026-04-28 22:47:41.717188,12.994013786315918
2026-04-28 22:47:41.920486,2026-04-28 22:47:41.920486,12.978506088256836
2026-04-28 22:47:42.117088,2026-04-28 22:47:42.117088,12.789542198181152
2026-04-28 22:47:42.317078,2026-04-28 22:47:42.317078,12.628923416137695
2026-04-28 22:47:42.519785,2026-04-28 22:47:42.519785,12.49239730834961
2026-04-28 22:47:42.719522,2026-04-28 22:47:42.719522,12.552131652832031
2026-04-28 22:47:42.918661,2026-04-28 22:47:42.918661,12.4271240234375
2026-04-28 22:47:43.118693,2026-04-28 22:47:43.118693,12.496649742126465
2026-04-28 22:47:43.318996,2026-04-28 22:47:43.318996,12.555746078491213
2026-04-28 22:47:43.516932,2026-04-28 22:47:43.516932,12.60597801208496
2026-04-28 22:47:43.718719,2026-04-28 22:47:43.718719,12.648674964904783
2026-04-28 22:47:43.920696,2026-04-28 22:47:43.920696,12.684967041015623
2026-04-28 22:47:44.119687,2026-04-28 22:47:44.119687,12.715815544128418
2026-04-28 22:47:44.319006,2026-04-28 22:47:44.319006,12.742037773132324
2026-04-28 22:47:44.516936,2026-04-28 22:47:44.516936,12.764325141906738
2026-04-28 22:47:44.721949,2026-04-28 22:47:44.721949,12.783270835876465
2026-04-28 22:47:44.925206,2026-04-28 22:47:44.925206,12.799373626708984
2026-04-28 22:47:45.119033,2026-04-28 22:47:45.119033,12.988842964172363
2026-04-28 22:47:45.317670,2026-04-28 22:47:45.317670,13.149890899658203
2026-04-28 22:47:45.517060,2026-04-28 22:47:45.517060,13.111001014709473
2026-04-28 22:47:45.719822,2026-04-28 22:47:45.719822,13.0779447555542
2026-04-28 22:47:45.919229,2026-04-28 22:47:45.919229,13.049846649169922
2026-04-28 22:47:46.118474,2026-04-28 22:47:46.118474,13.02596378326416
2026-04-28 22:47:46.317531,2026-04-28 22:47:46.317531,13.00566291809082
2026-04-28 22:47:46.520546,2026-04-28 22:47:46.520546,12.812625885009766
2026-04-28 22:47:46.717347,2026-04-28 22:47:46.717347,12.648544311523438
2026-04-28 22:47:46.917484,2026-04-28 22:47:46.917484,12.509075164794922
2026-04-28 22:47:47.119307,2026-04-28 22:47:47.119307,12.39052677154541
2026-04-28 22:47:47.317304,2026-04-28 22:47:47.317304,12.289759635925291
2026-04-28 22:47:47.517491,2026-04-28 22:47:47.517491,12.204108238220217
2026-04-28 22:47:47.718355,2026-04-28 22:47:47.718355,12.131304740905762
2026-04-28 22:47:47.918389,2026-04-28 22:47:47.918389,11.893640518188477
2026-04-28 22:47:48.120103,2026-04-28 22:47:48.120103,11.691625595092772
2026-04-28 22:47:48.320893,2026-04-28 22:47:48.320893,11.519912719726562
2026-04-28 22:47:48.520890,2026-04-28 22:47:48.520890,11.373957633972168
2026-04-28 22:47:48.717299,2026-04-28 22:47:48.717299,11.249895095825195
2026-04-28 22:47:48.919965,2026-04-28 22:47:48.919965,11.144441604614258
2026-04-28 22:47:49.117442,2026-04-28 22:47:49.117442,11.05480670928955
2026-04-28 22:47:49.318781,2026-04-28 22:47:49.318781,10.97861671447754
2026-04-28 22:47:49.520324,2026-04-28 22:47:49.520324,10.91385555267334
2026-04-28 22:47:49.718868,2026-04-28 22:47:49.718868,10.858808517456056
2026-04-28 22:47:49.917493,2026-04-28 22:47:49.917493,12.394049644470217
2026-04-28 22:47:50.117698,2026-04-28 22:47:50.117698,12.116973876953123
2026-04-28 22:47:50.318593,2026-04-28 22:47:50.318593,13.46349048614502
2026-04-28 22:47:50.520614,2026-04-28 22:47:50.520614,13.02599811553955
2026-04-28 22:47:50.718007,2026-04-28 22:47:50.718007,14.236160278320312
2026-04-28 22:47:50.919243,2026-04-28 22:47:50.919243,15.440580368041992
2026-04-28 22:47:51.118862,2026-04-28 22:47:51.118862,16.464336395263672
2026-04-28 22:47:51.320439,2026-04-28 22:47:51.320439,17.334529876708984
2026-04-28 22:47:51.519493,2026-04-28 22:47:51.519493,18.074193954467773
2026-04-28 22:47:51.719979,2026-04-28 22:47:51.719979,18.70290946960449
2026-04-28 22:47:51.917772,2026-04-28 22:47:51.917772,19.2373161315918
2026-04-28 22:47:52.119466,2026-04-28 22:47:52.119466,19.69156265258789
2026-04-28 22:47:52.320487,2026-04-28 22:47:52.320487,20.077672958374023
2026-04-28 22:47:52.517028,2026-04-28 22:47:52.517028,20.40586471557617
2026-04-28 22:47:52.717438,2026-04-28 22:47:52.717438,20.684829711914062
2026-04-28 22:47:52.918070,2026-04-28 22:47:52.918070,20.921947479248047
2026-04-28 22:47:53.116909,2026-04-28 22:47:53.116909,21.29928207397461
2026-04-28 22:47:53.317689,2026-04-28 22:47:53.317689,19.510639190673828
2026-04-28 22:47:53.518315,2026-04-28 22:47:53.518315,17.990293502807617
2026-04-28 22:47:53.725132,2026-04-28 22:47:53.725132,16.697999954223633
2026-04-28 22:47:53.918464,2026-04-28 22:47:53.918464,15.775330543518066
2026-04-28 22:47:54.122918,2026-04-28 22:47:54.122918,14.99106216430664
2026-04-28 22:47:54.318766,2026-04-28 22:47:54.318766,14.148653030395508
2026-04-28 22:47:54.522070,2026-04-28 22:47:54.522070,13.432604789733888
2026-04-28 22:47:54.719202,2026-04-28 22:47:54.719202,15.81224536895752
2026-04-28 22:47:54.920449,2026-04-28 22:47:54.920449,17.83493995666504
2026-04-28 22:47:55.119942,2026-04-28 22:47:55.119942,19.554229736328125
2026-04-28 22:47:55.317591,2026-04-28 22:47:55.317591,21.015626907348636
2026-04-28 22:47:55.519621,2026-04-28 22:47:55.519621,22.257814407348636
2026-04-28 22:47:55.721262,2026-04-28 22:47:55.721262,23.31367301940918
2026-04-28 22:47:55.919546,2026-04-28 22:47:55.919546,24.211153030395508
2026-04-28 22:47:56.120278,2026-04-28 22:47:56.120278,24.97401237487793
2026-04-28 22:47:56.320592,2026-04-28 22:47:56.320592,25.62244033813477
2026-04-28 22:47:56.520215,2026-04-28 22:47:56.520215,26.173606872558597
2026-04-28 22:47:56.720212,2026-04-28 22:47:56.720212,26.64209747314453
2026-04-28 22:47:56.920851,2026-04-28 22:47:56.920851,27.040313720703125
2026-04-28 22:47:57.120785,2026-04-28 22:47:57.120785,27.37879753112793
2026-04-28 22:47:57.318517,2026-04-28 22:47:57.318517,27.6665096282959
2026-04-28 22:47:57.519859,2026-04-28 22:47:57.519859,27.91106414794922
2026-04-28 22:47:57.718551,2026-04-28 22:47:57.718551,28.11893653869629
2026-04-28 22:47:57.920950,2026-04-28 22:47:57.920950,28.295625686645508
2026-04-28 22:47:58.118522,2026-04-28 22:47:58.118522,28.44581413269043
2026-04-28 22:47:58.318056,2026-04-28 22:47:58.318056,28.57347297668457
2026-04-28 22:47:58.519935,2026-04-28 22:47:58.519935,28.681983947753903
2026-04-28 22:47:58.721004,2026-04-28 22:47:58.721004,28.77421760559082
2026-04-28 22:47:58.922411,2026-04-28 22:47:58.922411,28.852615356445312
2026-04-28 22:47:59.121627,2026-04-28 22:47:59.121627,28.91925430297852
2026-04-28 22:47:59.320573,2026-04-28 22:47:59.320573,28.97589683532715
2026-04-28 22:47:59.528100,2026-04-28 22:47:59.528100,29.024044036865234
2026-04-28 22:47:59.720369,2026-04-28 22:47:59.720369,29.06496810913086
2026-04-28 22:47:59.919639,2026-04-28 22:47:59.919639,29.099754333496094
2026-04-28 22:48:00.117641,2026-04-28 22:48:00.117641,29.129322052001957
2026-04-28 22:48:00.327113,2026-04-28 22:48:00.327113,29.154455184936523
2026-04-28 22:48:00.517368,2026-04-28 22:48:00.517368,29.175819396972656
2026-04-28 22:48:00.719962,2026-04-28 22:48:00.719962,29.19397735595703
2026-04-28 22:48:00.917594,2026-04-28 22:48:00.917594,29.20941162109375
2026-04-28 22:48:01.118678,2026-04-28 22:48:01.118678,29.222530364990234
2026-04-28 22:48:01.319165,2026-04-28 22:48:01.319165,29.23368263244629
2026-04-28 22:48:01.518260,2026-04-28 22:48:01.518260,29.243162155151367
2026-04-28 22:48:01.724775,2026-04-28 22:48:01.724775,29.251218795776367
2026-04-28 22:48:01.917622,2026-04-28 22:48:01.917622,29.082284927368164
2026-04-28 22:48:02.118297,2026-04-28 22:48:02.118297,28.938692092895508
2026-04-28 22:48:02.321854,2026-04-28 22:48:02.321854,28.816638946533203
2026-04-28 22:48:02.517144,2026-04-28 22:48:02.517144,28.712892532348636
2026-04-28 22:48:02.717936,2026-04-28 22:48:02.717936,28.62471008300781
2026-04-28 22:48:02.917636,2026-04-28 22:48:02.917636,28.549753189086918
2026-04-28 22:48:03.117234,2026-04-28 22:48:03.117234,28.486040115356445
2026-04-28 22:48:03.318232,2026-04-28 22:48:03.318232,28.431884765625
2026-04-28 22:48:03.518677,2026-04-28 22:48:03.518677,28.38585090637207
2026-04-28 22:48:03.717879,2026-04-28 22:48:03.717879,28.170942306518555
2026-04-28 22:48:03.917509,2026-04-28 22:48:03.917509,27.988269805908203
2026-04-28 22:48:04.119896,2026-04-28 22:48:04.119896,27.83299827575684
2026-04-28 22:48:04.317701,2026-04-28 22:48:04.317701,27.701017379760746
2026-04-28 22:48:04.518489,2026-04-28 22:48:04.518489,27.58883285522461
2026-04-28 22:48:04.718579,2026-04-28 22:48:04.718579,27.49347686767578
2026-04-28 22:48:04.919436,2026-04-28 22:48:04.919436,27.41242408752441
2026-04-28 22:48:05.120524,2026-04-28 22:48:05.120524,27.343528747558597
2026-04-28 22:48:18.226525,2026-04-28 22:48:18.226525,27.284969329833984
2026-04-28 22:48:18.420730,2026-04-28 22:48:18.420730,27.235191345214844
2026-04-28 22:48:18.620614,2026-04-28 22:48:18.620614,27.1928825378418
2026-04-28 22:48:18.826135,2026-04-28 22:48:18.826135,27.156917572021484
2026-04-28 22:48:19.017579,2026-04-28 22:48:19.017579,27.12635040283203
2026-04-28 22:48:19.218778,2026-04-28 22:48:19.218778,27.100366592407227
2026-04-28 22:48:19.417521,2026-04-28 22:48:19.417521,27.254060745239254
2026-04-28 22:48:19.619458,2026-04-28 22:48:19.619458,27.38470268249512
2026-04-28 22:48:19.818213,2026-04-28 22:48:19.818213,27.495746612548828
2026-04-28 22:48:20.019000,2026-04-28 22:48:20.019000,27.590133666992188
2026-04-28 22:48:20.218692,2026-04-28 22:48:20.218692,27.84614562988281
2026-04-28 22:48:20.418012,2026-04-28 22:48:20.418012,28.06375503540039
2026-04-28 22:48:20.617429,2026-04-28 22:48:20.617429,28.248722076416016
2026-04-28 22:48:20.819131,2026-04-28 22:48:20.819131,28.405946731567383
2026-04-28 22:48:21.019538,2026-04-28 22:48:21.019538,28.53958511352539
2026-04-28 22:48:21.217952,2026-04-28 22:48:21.217952,28.65317916870117
2026-04-28 22:48:21.417206,2026-04-28 22:48:21.417206,28.749732971191406
2026-04-28 22:48:21.617589,2026-04-28 22:48:21.617589,28.83180427551269
2026-04-28 22:48:21.819549,2026-04-28 22:48:21.819549,28.90156555175781
2026-04-28 22:48:22.018185,2026-04-28 22:48:22.018185,26.324142456054688
2026-04-28 22:48:22.219238,2026-04-28 22:48:22.219238,26.77005195617676
2026-04-28 22:48:22.418408,2026-04-28 22:48:22.418408,27.149076461791992
2026-04-28 22:48:22.617277,2026-04-28 22:48:22.617277,24.83452796936035
2026-04-28 22:48:22.819915,2026-04-28 22:48:22.819915,25.50387954711914
2026-04-28 22:48:23.020218,2026-04-28 22:48:23.020218,26.07282829284668
2026-04-28 22:48:23.228940,2026-04-28 22:48:23.228940,26.556434631347656
2026-04-28 22:48:23.417032,2026-04-28 22:48:23.417032,26.967500686645508
2026-04-28 22:48:23.623079,2026-04-28 22:48:23.623079,27.31690788269043
2026-04-28 22:48:23.819649,2026-04-28 22:48:23.819649,27.613903045654297
2026-04-28 22:48:24.017806,2026-04-28 22:48:24.017806,27.86634826660156
2026-04-28 22:48:24.218049,2026-04-28 22:48:24.218049,28.0809268951416
2026-04-28 22:48:24.421584,2026-04-28 22:48:24.421584,28.26331901550293
2026-04-28 22:48:24.619581,2026-04-28 22:48:24.619581,28.418352127075195
2026-04-28 22:48:24.818695,2026-04-28 22:48:24.818695,28.55013084411621
2026-04-28 22:48:25.017460,2026-04-28 22:48:25.017460,28.66214370727539
2026-04-28 22:48:25.218818,2026-04-28 22:48:25.218818,28.75735282897949
2026-04-28 22:48:25.417583,2026-04-28 22:48:25.417583,28.838281631469727
2026-04-28 22:48:25.618338,2026-04-28 22:48:25.618338,28.90707015991211
2026-04-28 22:48:25.821717,2026-04-28 22:48:25.821717,28.965539932250977
2026-04-28 22:48:26.018822,2026-04-28 22:48:26.018822,29.015241622924805
2026-04-28 22:48:26.220496,2026-04-28 22:48:26.220496,29.057485580444336
2026-04-28 22:48:26.418839,2026-04-28 22:48:26.418839,29.093395233154297
2026-04-28 22:48:26.618982,2026-04-28 22:48:26.618982,29.12391662597656
2026-04-28 22:48:26.820654,2026-04-28 22:48:26.820654,29.14986038208008
2026-04-28 22:48:27.021399,2026-04-28 22:48:27.021399,29.171913146972656
2026-04-28 22:48:27.218170,2026-04-28 22:48:27.218170,29.190656661987305
2026-04-28 22:48:27.417394,2026-04-28 22:48:27.417394,29.206588745117188
2026-04-28 22:48:27.617689,2026-04-28 22:48:27.617689,29.22013282775879
2026-04-28 22:48:27.817395,2026-04-28 22:48:27.817395,29.23164367675781
2026-04-28 22:48:28.021511,2026-04-28 22:48:28.021511,29.24142837524414
2026-04-28 22:48:28.218478,2026-04-28 22:48:28.218478,29.24974632263184
2026-04-28 22:48:28.417727,2026-04-28 22:48:28.417727,29.25681495666504
2026-04-28 22:48:28.617781,2026-04-28 22:48:28.617781,29.2628231048584
2026-04-28 22:48:28.817047,2026-04-28 22:48:28.817047,29.26793098449707
2026-04-28 22:48:29.020913,2026-04-28 22:48:29.020913,29.272274017333984
2026-04-28 22:48:29.219757,2026-04-28 22:48:29.219757,29.275962829589844
2026-04-28 22:48:29.422626,2026-04-28 22:48:29.422626,29.27910041809082
2026-04-28 22:48:29.618390,2026-04-28 22:48:29.618390,29.28176689147949
2026-04-28 22:48:29.817826,2026-04-28 22:48:29.817826,29.108251571655277
2026-04-28 22:48:30.018256,2026-04-28 22:48:30.018256,28.96076393127441
2026-04-28 22:48:30.218359,2026-04-28 22:48:30.218359,29.011180877685547
2026-04-28 22:48:30.417901,2026-04-28 22:48:30.417901,28.878253936767575
2026-04-28 22:48:30.617740,2026-04-28 22:48:30.617740,28.7652645111084
2026-04-28 22:48:30.818763,2026-04-28 22:48:30.818763,28.669225692749023
2026-04-28 22:48:31.016942,2026-04-28 22:48:31.016942,28.58759117126465
2026-04-28 22:48:31.217039,2026-04-28 22:48:31.217039,28.51820373535156
2026-04-28 22:48:31.417453,2026-04-28 22:48:31.417453,28.4592227935791
2026-04-28 22:48:31.617075,2026-04-28 22:48:31.617075,28.409090042114254
2026-04-28 22:48:31.817191,2026-04-28 22:48:31.817191,28.36647605895996
2026-04-28 22:48:32.019466,2026-04-28 22:48:32.019466,28.33025360107422
2026-04-28 22:48:32.219005,2026-04-28 22:48:32.219005,28.299467086791992
2026-04-28 22:48:32.417312,2026-04-28 22:48:32.417312,28.27329635620117
2026-04-28 22:48:32.618281,2026-04-28 22:48:32.618281,28.07526969909668
2026-04-28 22:48:32.818144,2026-04-28 22:48:32.818144,27.90694808959961
2026-04-28 22:48:33.017191,2026-04-28 22:48:33.017191,27.76387596130371
2026-04-28 22:48:33.220095,2026-04-28 22:48:33.220095,27.642263412475582
2026-04-28 22:48:33.420090,2026-04-28 22:48:33.420090,27.53889274597168
2026-04-28 22:48:33.617488,2026-04-28 22:48:33.617488,27.451026916503903
2026-04-28 22:48:33.818014,2026-04-28 22:48:33.818014,27.376340866088867
2026-04-28 22:48:34.018397,2026-04-28 22:48:34.018397,27.31285858154297
2026-04-28 22:48:34.217525,2026-04-28 22:48:34.217525,27.258899688720703
2026-04-28 22:48:34.421327,2026-04-28 22:48:34.421327,27.21303367614746
2026-04-28 22:48:34.619164,2026-04-28 22:48:34.619164,27.174047470092773
2026-04-28 22:48:34.819691,2026-04-28 22:48:34.819691,27.14090919494629
2026-04-28 22:48:35.020192,2026-04-28 22:48:35.020192,24.827585220336918
2026-04-28 22:48:35.217226,2026-04-28 22:48:35.217226,22.86125946044922
2026-04-28 22:48:35.417989,2026-04-28 22:48:35.417989,21.189882278442383
2026-04-28 22:48:35.617371,2026-04-28 22:48:35.617371,19.76921272277832
2026-04-28 22:48:35.818419,2026-04-28 22:48:35.818419,18.561643600463867
2026-04-28 22:48:36.017035,2026-04-28 22:48:36.017035,17.53520965576172
2026-04-28 22:48:36.217510,2026-04-28 22:48:36.217510,16.66274070739746
2026-04-28 22:48:36.417117,2026-04-28 22:48:36.417117,15.921141624450684
2026-04-28 22:48:36.620507,2026-04-28 22:48:36.620507,15.290782928466797
2026-04-28 22:48:36.820556,2026-04-28 22:48:36.820556,14.75497817993164
2026-04-28 22:48:37.020003,2026-04-28 22:48:37.020003,14.29954433441162
2026-04-28 22:48:37.217733,2026-04-28 22:48:37.217733,13.91242504119873
2026-04-28 22:48:37.423056,2026-04-28 22:48:37.423056,13.5833740234375
2026-04-28 22:48:37.622708,2026-04-28 22:48:37.622708,13.303680419921877
2026-04-28 22:48:37.818361,2026-04-28 22:48:37.818361,13.065940856933594
2026-04-28 22:48:38.016998,2026-04-28 22:48:38.016998,12.863862037658691
2026-04-28 22:48:38.219401,2026-04-28 22:48:38.219401,12.692094802856444
2026-04-28 22:48:38.421458,2026-04-28 22:48:38.421458,12.546092987060549
2026-04-28 22:48:38.619534,2026-04-28 22:48:38.619534,12.421992301940918
2026-04-28 22:48:38.822113,2026-04-28 22:48:38.822113,12.316505432128906
2026-04-28 22:48:39.017365,2026-04-28 22:48:39.017365,12.226841926574709
2026-04-28 22:48:39.223768,2026-04-28 22:48:39.223768,12.150628089904783
2026-04-28 22:48:39.417412,2026-04-28 22:48:39.417412,12.08584690093994
2026-04-28 22:48:39.617786,2026-04-28 22:48:39.617786,12.206562995910645
2026-04-28 22:48:39.820448,2026-04-28 22:48:39.820448,12.30917263031006
2026-04-28 22:48:40.020487,2026-04-28 22:48:40.020487,12.396390914916992
2026-04-28 22:48:40.218897,2026-04-28 22:48:40.218897,12.470525741577148
2026-04-28 22:48:40.417885,2026-04-28 22:48:40.417885,12.533540725708008
2026-04-28 22:48:40.618203,2026-04-28 22:48:40.618203,12.587102890014648
2026-04-28 22:48:40.821734,2026-04-28 22:48:40.821734,12.632631301879885
2026-04-28 22:48:41.021819,2026-04-28 22:48:41.021819,12.671330451965332
2026-04-28 22:48:41.223577,2026-04-28 22:48:41.223577,12.704224586486816
2026-04-28 22:48:41.417478,2026-04-28 22:48:41.417478,12.732184410095217
2026-04-28 22:48:41.618550,2026-04-28 22:48:41.618550,12.755950927734377
2026-04-28 22:48:41.818045,2026-04-28 22:48:41.818045,12.776151657104492
2026-04-28 22:48:42.018405,2026-04-28 22:48:42.018405,12.617541313171388
2026-04-28 22:48:42.224315,2026-04-28 22:48:42.224315,12.658504486083984
2026-04-28 22:48:42.419277,2026-04-28 22:48:42.419277,12.69332218170166
2026-04-28 22:48:42.616847,2026-04-28 22:48:42.616847,12.722917556762695
2026-04-28 22:48:42.817611,2026-04-28 22:48:42.817611,12.74807357788086
2026-04-28 22:48:43.018278,2026-04-28 22:48:43.018278,12.76945686340332
2026-04-28 22:48:43.221242,2026-04-28 22:48:43.221242,12.78763198852539
2026-04-28 22:48:43.419396,2026-04-28 22:48:43.419396,12.803080558776855
2026-04-28 22:48:56.519818,2026-04-28 22:48:56.519818,12.81621265411377
2026-04-28 22:48:56.729711,2026-04-28 22:48:56.729711,12.827374458312988
2026-04-28 22:48:56.918729,2026-04-28 22:48:56.918729,12.836861610412598
2026-04-28 22:48:57.120286,2026-04-28 22:48:57.120286,12.844925880432127
2026-04-28 22:48:57.319460,2026-04-28 22:48:57.319460,12.851780891418455
2026-04-28 22:48:57.522131,2026-04-28 22:48:57.522131,12.8576078414917
2026-04-28 22:48:57.721064,2026-04-28 22:48:57.721064,12.686779022216797
2026-04-28 22:48:57.919275,2026-04-28 22:48:57.919275,12.541574478149414
2026-04-28 22:48:58.118845,2026-04-28 22:48:58.118845,12.418150901794434
2026-04-28 22:48:58.321008,2026-04-28 22:48:58.321008,12.137459754943848
2026-04-28 22:48:58.521080,2026-04-28 22:48:58.521080,11.89887237548828
2026-04-28 22:48:58.720615,2026-04-28 22:48:58.720615,11.871853828430176
2026-04-28 22:48:58.921409,2026-04-28 22:48:58.921409,12.024669647216797
2026-04-28 22:48:59.124607,2026-04-28 22:48:59.124607,12.330344200134276
2026-04-28 22:48:59.318687,2026-04-28 22:48:59.318687,12.238604545593262
2026-04-28 22:48:59.518634,2026-04-28 22:48:59.518634,12.687970161437988
2026-04-28 22:48:59.717795,2026-04-28 22:48:59.717795,13.245712280273438
2026-04-28 22:48:59.919881,2026-04-28 22:48:59.919881,13.895574569702148
2026-04-28 22:49:00.119837,2026-04-28 22:49:00.119837,14.623738288879396
2026-04-28 22:49:00.317405,2026-04-28 22:49:00.317405,15.242677688598633
2026-04-28 22:49:00.529081,2026-04-28 22:49:00.529081,15.768775939941406
2026-04-28 22:49:00.718608,2026-04-28 22:49:00.718608,16.391740798950195
2026-04-28 22:49:00.918947,2026-04-28 22:49:00.918947,16.921260833740234
2026-04-28 22:49:01.118901,2026-04-28 22:49:01.118901,17.371353149414062
2026-04-28 22:49:01.321280,2026-04-28 22:49:01.321280,17.753931045532227
2026-04-28 22:49:01.517575,2026-04-28 22:49:01.517575,18.07912254333496
2026-04-28 22:49:01.717344,2026-04-28 22:49:01.717344,18.35553550720215
2026-04-28 22:49:01.917853,2026-04-28 22:49:01.917853,18.590486526489254
2026-04-28 22:49:02.117516,2026-04-28 22:49:02.117516,19.66910171508789
2026-04-28 22:49:02.319259,2026-04-28 22:49:02.319259,20.58592414855957
2026-04-28 22:49:02.520604,2026-04-28 22:49:02.520604,21.365222930908203
2026-04-28 22:49:02.722389,2026-04-28 22:49:02.722389,22.027626037597656
2026-04-28 22:49:02.919302,2026-04-28 22:49:02.919302,22.590669631958008
2026-04-28 22:49:03.117839,2026-04-28 22:49:03.117839,23.06925773620605
2026-04-28 22:49:03.319039,2026-04-28 22:49:03.319039,23.476055145263672
2026-04-28 22:49:03.520229,2026-04-28 22:49:03.520229,23.821834564208984
2026-04-28 22:49:03.719232,2026-04-28 22:49:03.719232,24.291528701782227
2026-04-28 22:49:03.919398,2026-04-28 22:49:03.919398,24.690767288208008
2026-04-28 22:49:04.120941,2026-04-28 22:49:04.120941,25.03012084960937
2026-04-28 22:49:04.317686,2026-04-28 22:49:04.317686,25.318572998046875
2026-04-28 22:49:04.520849,2026-04-28 22:49:04.520849,25.56375503540039
2026-04-28 22:49:04.719520,2026-04-28 22:49:04.719520,25.772159576416016
2026-04-28 22:49:04.926749,2026-04-28 22:49:04.926749,26.12508583068848
2026-04-28 22:49:05.117334,2026-04-28 22:49:05.117334,26.425073623657227
2026-04-28 22:49:05.319851,2026-04-28 22:49:05.319851,26.680063247680664
2026-04-28 22:49:05.520736,2026-04-28 22:49:05.520736,26.89680290222168
2026-04-28 22:49:05.719738,2026-04-28 22:49:05.719738,27.081031799316406
2026-04-28 22:49:05.917820,2026-04-28 22:49:05.917820,27.237627029418945
2026-04-28 22:49:06.117327,2026-04-28 22:49:06.117327,27.3707332611084
2026-04-28 22:49:06.317644,2026-04-28 22:49:06.317644,27.48387336730957
2026-04-28 22:49:06.517202,2026-04-28 22:49:06.517202,27.580041885375977
2026-04-28 22:49:06.718854,2026-04-28 22:49:06.718854,27.66178703308105
2026-04-28 22:49:06.918516,2026-04-28 22:49:06.918516,27.73126792907715
2026-04-28 22:49:07.117185,2026-04-28 22:49:07.117185,27.790327072143555
2026-04-28 22:49:07.320832,2026-04-28 22:49:07.320832,27.84052848815918
2026-04-28 22:49:07.518152,2026-04-28 22:49:07.518152,27.88319969177246
2026-04-28 22:49:07.717941,2026-04-28 22:49:07.717941,27.919469833374023
2026-04-28 22:49:07.917016,2026-04-28 22:49:07.917016,27.95029830932617
2026-04-28 22:49:08.118750,2026-04-28 22:49:08.118750,27.976503372192383
2026-04-28 22:49:08.316914,2026-04-28 22:49:08.316914,26.065185546875
2026-04-28 22:49:08.517307,2026-04-28 22:49:08.517307,24.440563201904297
2026-04-28 22:49:08.717480,2026-04-28 22:49:08.717480,23.05963516235352
2026-04-28 22:49:08.926980,2026-04-28 22:49:08.926980,21.88584518432617
2026-04-28 22:49:09.118490,2026-04-28 22:49:09.118490,20.712345123291016
2026-04-28 22:49:09.317040,2026-04-28 22:49:09.317040,19.714866638183597
2026-04-28 22:49:09.517058,2026-04-28 22:49:09.517058,18.86701202392578
2026-04-28 22:49:09.717051,2026-04-28 22:49:09.717051,17.97055435180664
2026-04-28 22:49:09.923176,2026-04-28 22:49:09.923176,17.20856475830078
2026-04-28 22:49:10.118615,2026-04-28 22:49:10.118615,16.56087303161621
2026-04-28 22:49:10.322505,2026-04-28 22:49:10.322505,16.01033592224121
2026-04-28 22:49:10.522973,2026-04-28 22:49:10.522973,15.71816062927246
2026-04-28 22:49:10.718471,2026-04-28 22:49:10.718471,15.469812393188477
2026-04-28 22:49:10.918041,2026-04-28 22:49:10.918041,15.25871467590332
2026-04-28 22:49:11.119312,2026-04-28 22:49:11.119312,15.079282760620115
2026-04-28 22:49:11.317976,2026-04-28 22:49:11.317976,14.926765441894531
2026-04-28 22:49:11.516879,2026-04-28 22:49:11.516879,14.797125816345217
2026-04-28 22:49:11.717162,2026-04-28 22:49:11.717162,14.686931610107422
2026-04-28 22:49:11.918645,2026-04-28 22:49:11.918645,14.593267440795898
2026-04-28 22:49:12.117906,2026-04-28 22:49:12.117906,14.513651847839355
2026-04-28 22:49:12.320199,2026-04-28 22:49:12.320199,14.445979118347168
2026-04-28 22:49:12.518905,2026-04-28 22:49:12.518905,14.388457298278809
2026-04-28 22:49:12.719766,2026-04-28 22:49:12.719766,14.339563369750977
2026-04-28 22:49:12.918679,2026-04-28 22:49:12.918679,14.298004150390623
2026-04-28 22:49:13.121398,2026-04-28 22:49:13.121398,14.262678146362305
2026-04-28 22:49:13.318186,2026-04-28 22:49:13.318186,14.232651710510254
2026-04-28 22:49:13.518762,2026-04-28 22:49:13.518762,14.207128524780272
2026-04-28 22:49:13.719807,2026-04-28 22:49:13.719807,14.361215591430664
2026-04-28 22:49:13.921716,2026-04-28 22:49:13.921716,14.492189407348633
2026-04-28 22:49:14.120971,2026-04-28 22:49:14.120971,14.603517532348633
2026-04-28 22:49:14.317651,2026-04-28 22:49:14.317651,14.698145866394045
2026-04-28 22:49:14.517724,2026-04-28 22:49:14.517724,14.95436191558838
2026-04-28 22:49:14.719981,2026-04-28 22:49:14.719981,15.172144889831545
2026-04-28 22:49:14.918913,2026-04-28 22:49:14.918913,15.357260704040527
2026-04-28 22:49:15.119746,2026-04-28 22:49:15.119746,15.514609336853027
2026-04-28 22:49:15.320150,2026-04-28 22:49:15.320150,15.648355484008787
2026-04-28 22:49:15.520182,2026-04-28 22:49:15.520182,15.937820434570312
2026-04-28 22:49:15.720967,2026-04-28 22:49:15.720967,16.008085250854492
2026-04-28 22:49:15.919570,2026-04-28 22:49:15.919570,16.06781005859375
2026-04-28 22:49:16.120859,2026-04-28 22:49:16.120859,16.118576049804688
2026-04-28 22:49:16.322145,2026-04-28 22:49:16.322145,16.161727905273438
2026-04-28 22:49:16.518645,2026-04-28 22:49:16.518645,16.198406219482422
2026-04-28 22:49:16.719998,2026-04-28 22:49:16.719998,16.229581832885742
2026-04-28 22:49:16.920256,2026-04-28 22:49:16.920256,16.25608253479004
2026-04-28 22:49:17.119313,2026-04-28 22:49:17.119313,16.278608322143555
2026-04-28 22:49:17.319826,2026-04-28 22:49:17.319826,16.297754287719727
2026-04-28 22:49:17.518925,2026-04-28 22:49:17.518925,16.314027786254883
2026-04-28 22:49:17.718184,2026-04-28 22:49:17.718184,16.152080535888672
2026-04-28 22:49:17.924968,2026-04-28 22:49:17.924968,16.01442527770996
2026-04-28 22:49:18.117504,2026-04-28 22:49:18.117504,15.897417068481444
2026-04-28 22:49:18.322263,2026-04-28 22:49:18.322263,15.79796028137207
2026-04-28 22:49:18.520975,2026-04-28 22:49:18.520975,15.713422775268556
2026-04-28 22:49:18.718598,2026-04-28 22:49:18.718598,15.641565322875977
2026-04-28 22:49:18.918331,2026-04-28 22:49:18.918331,15.580487251281738
2026-04-28 22:49:19.119179,2026-04-28 22:49:19.119179,15.528570175170898
2026-04-28 22:49:19.318429,2026-04-28 22:49:19.318429,15.484440803527832
2026-04-28 22:49:19.517236,2026-04-28 22:49:19.517236,15.44693088531494
2026-04-28 22:49:19.718898,2026-04-28 22:49:19.718898,15.415047645568848
2026-04-28 22:49:19.919503,2026-04-28 22:49:19.919503,15.387947082519531
2026-04-28 22:49:20.121551,2026-04-28 22:49:20.121551,15.364911079406738
2026-04-28 22:49:20.319682,2026-04-28 22:49:20.319682,15.345330238342283
2026-04-28 22:49:20.521559,2026-04-28 22:49:20.521559,15.50446891784668
2026-04-28 22:49:20.720965,2026-04-28 22:49:20.720965,15.63973617553711
2026-04-28 22:49:20.921805,2026-04-28 22:49:20.921805,15.75471305847168
2026-04-28 22:49:21.117956,2026-04-28 22:49:21.117956,15.85244369506836
2026-04-28 22:49:21.317883,2026-04-28 22:49:21.317883,15.935514450073242
2026-04-28 22:49:21.518363,2026-04-28 22:49:21.518363,16.00612449645996
2026-04-28 22:49:21.717384,2026-04-28 22:49:21.717384,16.066143035888672
2026-04-28 22:49:34.817435,2026-04-28 22:49:34.817435,16.117158889770508
2026-04-28 22:49:35.021277,2026-04-28 22:49:35.021277,16.1605224609375
2026-04-28 22:49:35.218437,2026-04-28 22:49:35.218437,16.1973819732666
2026-04-28 22:49:35.417872,2026-04-28 22:49:35.417872,16.22871208190918
2026-04-28 22:49:35.620161,2026-04-28 22:49:35.620161,16.431123733520508
2026-04-28 22:49:35.817399,2026-04-28 22:49:35.817399,16.603174209594727
2026-04-28 22:49:36.018514,2026-04-28 22:49:36.018514,16.74941635131836
2026-04-28 22:49:36.218959,2026-04-28 22:49:36.218959,16.87372398376465
2026-04-28 22:49:36.420961,2026-04-28 22:49:36.420961,16.97938346862793
2026-04-28 22:49:36.622883,2026-04-28 22:49:36.622883,17.069194793701172
2026-04-28 22:49:36.818923,2026-04-28 22:49:36.818923,17.32131576538086
2026-04-28 22:49:37.021438,2026-04-28 22:49:37.021438,17.53561782836914
2026-04-28 22:49:37.219934,2026-04-28 22:49:37.219934,17.717775344848633
2026-04-28 22:49:37.424757,2026-04-28 22:49:37.424757,17.872608184814453
2026-04-28 22:49:37.619891,2026-04-28 22:49:37.619891,18.00421714782715
2026-04-28 22:49:37.819596,2026-04-28 22:49:37.819596,18.116085052490234
2026-04-28 22:49:38.019517,2026-04-28 22:49:38.019517,18.21117210388184
2026-04-28 22:49:38.220515,2026-04-28 22:49:38.220515,18.291996002197266
2026-04-28 22:49:38.422175,2026-04-28 22:49:38.422175,18.36069679260254
2026-04-28 22:49:38.621856,2026-04-28 22:49:38.621856,18.419092178344727
2026-04-28 22:49:38.825425,2026-04-28 22:49:38.825425,18.46872901916504
2026-04-28 22:49:39.019072,2026-04-28 22:49:39.019072,18.51091957092285
2026-04-28 22:49:39.218993,2026-04-28 22:49:39.218993,18.546781539916992
2026-04-28 22:49:39.418609,2026-04-28 22:49:39.418609,18.7530460357666
2026-04-28 22:49:39.618650,2026-04-28 22:49:39.618650,18.928369522094727
2026-04-28 22:49:39.819587,2026-04-28 22:49:39.819587,19.077396392822266
2026-04-28 22:49:40.020079,2026-04-28 22:49:40.020079,19.20406723022461
2026-04-28 22:49:40.220546,2026-04-28 22:49:40.220546,19.311738967895508
2026-04-28 22:49:40.419934,2026-04-28 22:49:40.419934,19.40325927734375
2026-04-28 22:49:40.617436,2026-04-28 22:49:40.617436,19.48105239868164
2026-04-28 22:49:40.818521,2026-04-28 22:49:40.818521,19.54717445373535
2026-04-28 22:49:41.018867,2026-04-28 22:49:41.018867,19.60338020324707
2026-04-28 22:49:41.218425,2026-04-28 22:49:41.218425,19.826934814453125
2026-04-28 22:49:41.417957,2026-04-28 22:49:41.417957,20.016958236694336
2026-04-28 22:49:41.617423,2026-04-28 22:49:41.617423,20.178476333618164
2026-04-28 22:49:41.823159,2026-04-28 22:49:41.823159,20.315767288208008
2026-04-28 22:49:42.018023,2026-04-28 22:49:42.018023,20.43246459960937
2026-04-28 22:49:42.218687,2026-04-28 22:49:42.218687,20.531658172607425
2026-04-28 22:49:42.421976,2026-04-28 22:49:42.421976,20.615970611572266
2026-04-28 22:49:42.617401,2026-04-28 22:49:42.617401,20.687639236450195
2026-04-28 22:49:42.828203,2026-04-28 22:49:42.828203,20.924335479736328
2026-04-28 22:49:43.022767,2026-04-28 22:49:43.022767,20.94974899291992
2026-04-28 22:49:43.218907,2026-04-28 22:49:43.218907,21.14712905883789
2026-04-28 22:49:43.422564,2026-04-28 22:49:43.422564,21.314903259277344
2026-04-28 22:49:43.617527,2026-04-28 22:49:43.617527,21.45751190185547
2026-04-28 22:49:43.817613,2026-04-28 22:49:43.817613,21.5787296295166
2026-04-28 22:49:44.018716,2026-04-28 22:49:44.018716,21.6817626953125
2026-04-28 22:49:44.219556,2026-04-28 22:49:44.219556,21.76934242248535
2026-04-28 22:49:44.417706,2026-04-28 22:49:44.417706,21.84378433227539
2026-04-28 22:49:44.617121,2026-04-28 22:49:44.617121,21.907060623168945
2026-04-28 22:49:44.817344,2026-04-28 22:49:44.817344,21.960845947265625
2026-04-28 22:49:45.018445,2026-04-28 22:49:45.018445,22.182344436645508
2026-04-28 22:49:45.219757,2026-04-28 22:49:45.219757,22.3706169128418
2026-04-28 22:49:45.417763,2026-04-28 22:49:45.417763,22.530649185180664
2026-04-28 22:49:45.623342,2026-04-28 22:49:45.623342,22.842458724975582
2026-04-28 22:49:45.823079,2026-04-28 22:49:45.823079,23.10749626159668
2026-04-28 22:49:46.018785,2026-04-28 22:49:46.018785,23.33277702331543
2026-04-28 22:49:46.217553,2026-04-28 22:49:46.217553,23.700048446655277
2026-04-28 22:49:46.416955,2026-04-28 22:49:46.416955,24.01222801208496
2026-04-28 22:49:46.619371,2026-04-28 22:49:46.619371,24.2775821685791
2026-04-28 22:49:46.816964,2026-04-28 22:49:46.816964,24.50313186645508
2026-04-28 22:49:47.016788,2026-04-28 22:49:47.016788,24.870630264282227
2026-04-28 22:49:47.220294,2026-04-28 22:49:47.220294,25.18300437927246
2026-04-28 22:49:47.417098,2026-04-28 22:49:47.417098,25.448522567749023
2026-04-28 22:49:47.621093,2026-04-28 22:49:47.621093,25.674213409423828
2026-04-28 22:49:47.817079,2026-04-28 22:49:47.817079,26.041831970214844
2026-04-28 22:49:48.017281,2026-04-28 22:49:48.017281,26.354307174682617
2026-04-28 22:49:48.216894,2026-04-28 22:49:48.216894,26.619911193847656
2026-04-28 22:49:48.422107,2026-04-28 22:49:48.422107,26.845674514770508
2026-04-28 22:49:48.617739,2026-04-28 22:49:48.617739,27.037572860717773
2026-04-28 22:49:48.819993,2026-04-28 22:49:48.819993,27.200687408447266
2026-04-28 22:49:49.018351,2026-04-28 22:49:49.018351,27.33933448791504
2026-04-28 22:49:49.216920,2026-04-28 22:49:49.216920,27.457183837890625
2026-04-28 22:49:49.418848,2026-04-28 22:49:49.418848,27.557355880737305
2026-04-28 22:49:49.617390,2026-04-28 22:49:49.617390,27.64250373840332
2026-04-28 22:49:49.817353,2026-04-28 22:49:49.817353,27.53909683227539
2026-04-28 22:49:50.017099,2026-04-28 22:49:50.017099,27.45120048522949
2026-04-28 22:49:50.219878,2026-04-28 22:49:50.219878,27.376489639282227
2026-04-28 22:49:50.419164,2026-04-28 22:49:50.419164,27.31298446655273
2026-04-28 22:49:50.617102,2026-04-28 22:49:50.617102,27.25900650024414
2026-04-28 22:49:50.820210,2026-04-28 22:49:50.820210,27.213123321533203
2026-04-28 22:49:51.018085,2026-04-28 22:49:51.018085,27.17412376403809
2026-04-28 22:49:51.218040,2026-04-28 22:49:51.218040,27.140974044799805
2026-04-28 22:49:51.418000,2026-04-28 22:49:51.418000,27.112796783447266
2026-04-28 22:49:51.620373,2026-04-28 22:49:51.620373,27.08884620666504
2026-04-28 22:49:51.819188,2026-04-28 22:49:51.819188,27.0684871673584
2026-04-28 22:49:52.019348,2026-04-28 22:49:52.019348,27.051183700561523
2026-04-28 22:49:52.216926,2026-04-28 22:49:52.216926,27.036474227905277
2026-04-28 22:49:52.419269,2026-04-28 22:49:52.419269,27.023971557617188
2026-04-28 22:49:52.621195,2026-04-28 22:49:52.621195,27.01334571838379
2026-04-28 22:49:52.820897,2026-04-28 22:49:52.820897,26.82853126525879
2026-04-28 22:49:53.018169,2026-04-28 22:49:53.018169,26.67143821716309
2026-04-28 22:49:53.219307,2026-04-28 22:49:53.219307,26.53791046142578
2026-04-28 22:49:53.417911,2026-04-28 22:49:53.417911,26.42441177368164
2026-04-28 22:49:53.620462,2026-04-28 22:49:53.620462,26.32793617248535
2026-04-28 22:49:53.816956,2026-04-28 22:49:53.816956,26.245933532714844
2026-04-28 22:49:54.017632,2026-04-28 22:49:54.017632,24.242637634277344
2026-04-28 22:49:54.219171,2026-04-28 22:49:54.219171,22.53983497619629
2026-04-28 22:49:54.422356,2026-04-28 22:49:54.422356,20.91667366027832
2026-04-28 22:49:54.619543,2026-04-28 22:49:54.619543,19.712766647338867
2026-04-28 22:49:54.819704,2026-04-28 22:49:54.819704,18.51366424560547
2026-04-28 22:49:55.017722,2026-04-28 22:49:55.017722,17.670207977294922
2026-04-28 22:49:55.221416,2026-04-28 22:49:55.221416,16.953269958496094
2026-04-28 22:49:55.421468,2026-04-28 22:49:55.421468,16.519655227661133
2026-04-28 22:49:55.621755,2026-04-28 22:49:55.621755,16.151081085205078
2026-04-28 22:49:55.818680,2026-04-28 22:49:55.818680,16.013574600219727
2026-04-28 22:49:56.017970,2026-04-28 22:49:56.017970,15.720913887023926
2026-04-28 22:49:56.217299,2026-04-28 22:49:56.217299,15.47215175628662
2026-04-28 22:49:56.417016,2026-04-28 22:49:56.417016,15.260704040527344
2026-04-28 22:49:56.618963,2026-04-28 22:49:56.618963,15.256754875183104
2026-04-28 22:49:56.818806,2026-04-28 22:49:56.818806,15.077616691589355
2026-04-28 22:49:57.018935,2026-04-28 22:49:57.018935,15.101130485534668
2026-04-28 22:49:57.219848,2026-04-28 22:49:57.219848,14.945335388183594
2026-04-28 22:49:57.417529,2026-04-28 22:49:57.417529,14.812910079956056
2026-04-28 22:49:57.618576,2026-04-28 22:49:57.618576,14.70034885406494
2026-04-28 22:49:57.821412,2026-04-28 22:49:57.821412,14.604671478271484
2026-04-28 22:49:58.016999,2026-04-28 22:49:58.016999,14.523345947265623
2026-04-28 22:49:58.221271,2026-04-28 22:49:58.221271,14.454218864440918
2026-04-28 22:49:58.422706,2026-04-28 22:49:58.422706,14.395461082458496
2026-04-28 22:49:58.620018,2026-04-28 22:49:58.620018,14.5212984085083
2026-04-28 22:49:58.819631,2026-04-28 22:49:58.819631,14.452478408813477
2026-04-28 22:49:59.020546,2026-04-28 22:49:59.020546,14.39398193359375
2026-04-28 22:49:59.220463,2026-04-28 22:49:59.220463,14.34425926208496
2026-04-28 22:49:59.419256,2026-04-28 22:49:59.419256,14.477776527404783
2026-04-28 22:49:59.621582,2026-04-28 22:49:59.621582,14.591266632080078
2026-04-28 22:49:59.818912,2026-04-28 22:49:59.818912,14.511951446533203
2026-04-28 22:50:00.020111,2026-04-28 22:50:00.020111,14.444533348083496
2026-04-28 22:50:13.121298,2026-04-28 22:50:13.121298,14.211447715759276
2026-04-28 22:50:13.319046,2026-04-28 22:50:13.319046,14.189105033874512
2026-04-28 22:50:13.518422,2026-04-28 22:50:13.518422,13.994333267211914
2026-04-28 22:50:13.718435,2026-04-28 22:50:13.718435,13.828777313232422
2026-04-28 22:50:13.917350,2026-04-28 22:50:13.917350,13.688054084777832
2026-04-28 22:50:14.118461,2026-04-28 22:50:14.118461,13.568439483642578
2026-04-28 22:50:14.320713,2026-04-28 22:50:14.320713,13.466767311096191
2026-04-28 22:50:14.518263,2026-04-28 22:50:14.518263,13.380346298217772
2026-04-28 22:50:14.717212,2026-04-28 22:50:14.717212,13.13110637664795
2026-04-28 22:50:14.919145,2026-04-28 22:50:14.919145,12.9192533493042
2026-04-28 22:50:15.124417,2026-04-28 22:50:15.124417,12.563396453857422
2026-04-28 22:50:15.319682,2026-04-28 22:50:15.319682,12.260918617248535
2026-04-28 22:50:15.517770,2026-04-28 22:50:15.517770,12.003811836242676
2026-04-28 22:50:15.727868,2026-04-28 22:50:15.727868,11.785271644592283
2026-04-28 22:50:15.917856,2026-04-28 22:50:15.917856,11.599512100219728
2026-04-28 22:50:16.119740,2026-04-28 22:50:16.119740,11.26583480834961
2026-04-28 22:50:16.320259,2026-04-28 22:50:16.320259,11.157991409301758
2026-04-28 22:50:16.518777,2026-04-28 22:50:16.518777,10.890542030334473
2026-04-28 22:50:16.718237,2026-04-28 22:50:16.718237,10.66321086883545
2026-04-28 22:50:16.927848,2026-04-28 22:50:16.927848,10.469979286193848
2026-04-28 22:50:17.127546,2026-04-28 22:50:17.127546,10.30573272705078
2026-04-28 22:50:17.319826,2026-04-28 22:50:17.319826,11.572372436523438
2026-04-28 22:50:17.531378,2026-04-28 22:50:17.531378,11.24276638031006
2026-04-28 22:50:17.718107,2026-04-28 22:50:17.718107,12.368851661682127
2026-04-28 22:50:17.925283,2026-04-28 22:50:17.925283,13.501805305480955
2026-04-28 22:50:18.126534,2026-04-28 22:50:18.126534,14.464816093444824
2026-04-28 22:50:18.319299,2026-04-28 22:50:18.319299,15.283374786376951
2026-04-28 22:50:18.518353,2026-04-28 22:50:18.518353,16.154930114746094
2026-04-28 22:50:18.718716,2026-04-28 22:50:18.718716,17.071535110473633
2026-04-28 22:50:18.922121,2026-04-28 22:50:18.922121,17.850648880004883
2026-04-28 22:50:19.118488,2026-04-28 22:50:19.118488,18.688676834106445
2026-04-28 22:50:19.317169,2026-04-28 22:50:19.317169,19.400999069213867
2026-04-28 22:50:19.520085,2026-04-28 22:50:19.520085,20.0064754486084
2026-04-28 22:50:19.723933,2026-04-28 22:50:19.723933,20.521127700805664
2026-04-28 22:50:19.918966,2026-04-28 22:50:19.918966,21.13436508178711
2026-04-28 22:50:20.122160,2026-04-28 22:50:20.122160,21.479835510253903
2026-04-28 22:50:20.317294,2026-04-28 22:50:20.317294,21.77348518371582
2026-04-28 22:50:20.521705,2026-04-28 22:50:20.521705,22.023088455200195
2026-04-28 22:50:20.719255,2026-04-28 22:50:20.719255,22.235248565673828
2026-04-28 22:50:20.921434,2026-04-28 22:50:20.921434,22.591367721557617
2026-04-28 22:50:21.121116,2026-04-28 22:50:21.121116,22.89406967163086
2026-04-28 22:50:21.318629,2026-04-28 22:50:21.318629,23.151365280151367
2026-04-28 22:50:21.526068,2026-04-28 22:50:21.526068,23.194284439086918
2026-04-28 22:50:21.724559,2026-04-28 22:50:21.724559,23.23076820373535
2026-04-28 22:50:21.919453,2026-04-28 22:50:21.919453,23.437559127807617
2026-04-28 22:50:22.117520,2026-04-28 22:50:22.117520,23.613330841064453
2026-04-28 22:50:22.322880,2026-04-28 22:50:22.322880,23.76273727416992
2026-04-28 22:50:22.520564,2026-04-28 22:50:22.520564,24.065513610839844
2026-04-28 22:50:22.718597,2026-04-28 22:50:22.718597,24.322874069213867
2026-04-28 22:50:22.925436,2026-04-28 22:50:22.925436,24.5416316986084
2026-04-28 22:50:23.122978,2026-04-28 22:50:23.122978,24.72757339477539
2026-04-28 22:50:23.320191,2026-04-28 22:50:23.320191,24.8856258392334
2026-04-28 22:50:23.528430,2026-04-28 22:50:23.528430,25.019969940185547
2026-04-28 22:50:23.720179,2026-04-28 22:50:23.720179,25.1341609954834
2026-04-28 22:50:23.917000,2026-04-28 22:50:23.917000,25.231224060058597
2026-04-28 22:50:24.134882,2026-04-28 22:50:24.134882,25.31372833251953
2026-04-28 22:50:24.317732,2026-04-28 22:50:24.317732,25.38385581970215
2026-04-28 22:50:24.524111,2026-04-28 22:50:24.524111,25.44346618652344
2026-04-28 22:50:24.718668,2026-04-28 22:50:24.718668,25.49413299560547
2026-04-28 22:50:24.919842,2026-04-28 22:50:24.919842,23.07626342773437
2026-04-28 22:50:25.117672,2026-04-28 22:50:25.117672,21.021074295043945
2026-04-28 22:50:25.317455,2026-04-28 22:50:25.317455,19.09838104248047
2026-04-28 22:50:25.517626,2026-04-28 22:50:25.517626,17.639873504638672
2026-04-28 22:50:25.718088,2026-04-28 22:50:25.718088,16.400142669677734
2026-04-28 22:50:25.920009,2026-04-28 22:50:25.920009,15.5221529006958
2026-04-28 22:50:26.117975,2026-04-28 22:50:26.117975,14.775860786437988
2026-04-28 22:50:26.317403,2026-04-28 22:50:26.317403,14.141512870788574
2026-04-28 22:50:26.530330,2026-04-28 22:50:26.530330,13.426536560058594
2026-04-28 22:50:26.718694,2026-04-28 22:50:26.718694,12.818805694580078
2026-04-28 22:50:26.917054,2026-04-28 22:50:26.917054,12.302234649658203
2026-04-28 22:50:27.124880,2026-04-28 22:50:27.124880,11.863149642944336
2026-04-28 22:50:27.317795,2026-04-28 22:50:27.317795,11.489927291870115
2026-04-28 22:50:27.518328,2026-04-28 22:50:27.518328,11.172688484191896
2026-04-28 22:50:27.717111,2026-04-28 22:50:27.717111,10.903035163879396
2026-04-28 22:50:27.917514,2026-04-28 22:50:27.917514,10.673830032348633
2026-04-28 22:50:28.119942,2026-04-28 22:50:28.119942,10.479004859924316
2026-04-28 22:50:28.318117,2026-04-28 22:50:28.318117,10.313404083251951
2026-04-28 22:50:28.530358,2026-04-28 22:50:28.530358,10.172643661499023
2026-04-28 22:50:28.718672,2026-04-28 22:50:28.718672,10.052997589111328
2026-04-28 22:50:28.916931,2026-04-28 22:50:28.916931,10.127079010009766
2026-04-28 22:50:29.116921,2026-04-28 22:50:29.116921,10.190048217773438
2026-04-28 22:50:29.319469,2026-04-28 22:50:29.319469,10.946697235107422
2026-04-28 22:50:29.516987,2026-04-28 22:50:29.516987,11.589848518371582
2026-04-28 22:50:29.718194,2026-04-28 22:50:29.718194,12.13652801513672
2026-04-28 22:50:29.917592,2026-04-28 22:50:29.917592,12.425423622131348
2026-04-28 22:50:30.128905,2026-04-28 22:50:30.128905,12.846766471862791
2026-04-28 22:50:30.317081,2026-04-28 22:50:30.317081,12.853344917297363
2026-04-28 22:50:30.531735,2026-04-28 22:50:30.531735,12.85893726348877
2026-04-28 22:50:30.719653,2026-04-28 22:50:30.719653,12.863690376281738
2026-04-28 22:50:30.929969,2026-04-28 22:50:30.929969,12.867730140686035
2026-04-28 22:50:31.117813,2026-04-28 22:50:31.117813,12.871164321899414
2026-04-28 22:50:31.316842,2026-04-28 22:50:31.316842,12.874083518981934
2026-04-28 22:50:31.519370,2026-04-28 22:50:31.519370,12.876564979553224
2026-04-28 22:50:31.719559,2026-04-28 22:50:31.719559,12.878673553466797
2026-04-28 22:50:31.923151,2026-04-28 22:50:31.923151,12.70468521118164
2026-04-28 22:50:32.121307,2026-04-28 22:50:32.121307,12.732576370239258
2026-04-28 22:50:32.317312,2026-04-28 22:50:32.317312,12.7562837600708
2026-04-28 22:50:32.519730,2026-04-28 22:50:32.519730,12.600653648376465
2026-04-28 22:50:32.717748,2026-04-28 22:50:32.717748,12.46836757659912
2026-04-28 22:50:32.917402,2026-04-28 22:50:32.917402,12.53170680999756
2026-04-28 22:50:33.118757,2026-04-28 22:50:33.118757,12.76132583618164
2026-04-28 22:50:33.329019,2026-04-28 22:50:33.329019,12.780720710754396
2026-04-28 22:50:33.516928,2026-04-28 22:50:33.516928,12.972987174987791
2026-04-28 22:50:33.716963,2026-04-28 22:50:33.716963,13.312195777893066
2026-04-28 22:50:33.916816,2026-04-28 22:50:33.916816,13.4247407913208
2026-04-28 22:50:34.117322,2026-04-28 22:50:34.117322,13.520404815673828
2026-04-28 22:50:34.318564,2026-04-28 22:50:34.318564,13.60171890258789
2026-04-28 22:50:34.516850,2026-04-28 22:50:34.516850,13.670836448669434
2026-04-28 22:50:34.716857,2026-04-28 22:50:34.716857,13.905366897583008
2026-04-28 22:50:34.917970,2026-04-28 22:50:34.917970,14.104718208312988
2026-04-28 22:50:35.118881,2026-04-28 22:50:35.118881,14.09838581085205
2026-04-28 22:50:35.323751,2026-04-28 22:50:35.323751,14.093002319335938
2026-04-28 22:50:35.518739,2026-04-28 22:50:35.518739,14.088427543640137
2026-04-28 22:50:35.719772,2026-04-28 22:50:35.719772,14.084538459777832
2026-04-28 22:50:35.921278,2026-04-28 22:50:35.921278,14.081232070922852
2026-04-28 22:50:36.118514,2026-04-28 22:50:36.118514,14.25420379638672
2026-04-28 22:50:36.319575,2026-04-28 22:50:36.319575,14.401229858398438
2026-04-28 22:50:36.531177,2026-04-28 22:50:36.531177,14.350419998168944
2026-04-28 22:50:36.717943,2026-04-28 22:50:36.717943,14.307231903076172
2026-04-28 22:50:36.917987,2026-04-28 22:50:36.917987,14.270522117614746
2026-04-28 22:50:37.127817,2026-04-28 22:50:37.127817,14.23931884765625
2026-04-28 22:50:37.319346,2026-04-28 22:50:37.319346,14.212796211242676
2026-04-28 22:50:37.517199,2026-04-28 22:50:37.517199,14.190251350402832
2026-04-28 22:50:37.719775,2026-04-28 22:50:37.719775,14.17108917236328
2026-04-28 22:50:37.918905,2026-04-28 22:50:37.918905,13.979019165039062
2026-04-28 22:50:38.118966,2026-04-28 22:50:38.118966,13.991541862487791
2026-04-28 22:50:38.327531,2026-04-28 22:50:38.327531,13.826403617858888
2026-04-28 22:50:51.417624,2026-04-28 22:50:51.417624,13.510255813598633
2026-04-28 22:50:51.629826,2026-04-28 22:50:51.629826,13.417311668395996
2026-04-28 22:50:51.819670,2026-04-28 22:50:51.819670,13.338308334350586
2026-04-28 22:50:52.017809,2026-04-28 22:50:52.017809,13.27115535736084
2026-04-28 22:50:52.228272,2026-04-28 22:50:52.228272,13.214076042175291
2026-04-28 22:50:52.429416,2026-04-28 22:50:52.429416,13.16555881500244
2026-04-28 22:50:52.633291,2026-04-28 22:50:52.633291,12.94853687286377
2026-04-28 22:50:52.817362,2026-04-28 22:50:52.817362,12.93985080718994
2026-04-28 22:50:53.030262,2026-04-28 22:50:53.030262,12.932466506958008
2026-04-28 22:50:53.233006,2026-04-28 22:50:53.233006,12.750409126281738
2026-04-28 22:50:53.421365,2026-04-28 22:50:53.421365,12.595660209655762
2026-04-28 22:50:53.629288,2026-04-28 22:50:53.629288,12.464123725891112
2026-04-28 22:50:53.826733,2026-04-28 22:50:53.826733,12.352317810058594
2026-04-28 22:50:54.031370,2026-04-28 22:50:54.031370,12.257282257080078
2026-04-28 22:50:54.219142,2026-04-28 22:50:54.219142,12.176502227783203
2026-04-28 22:50:54.430123,2026-04-28 22:50:54.430123,12.107839584350586
2026-04-28 22:50:54.619381,2026-04-28 22:50:54.619381,12.049476623535156
2026-04-28 22:50:54.817198,2026-04-28 22:50:54.817198,11.99986743927002
2026-04-28 22:50:55.017310,2026-04-28 22:50:55.017310,11.9576997756958
2026-04-28 22:50:55.220693,2026-04-28 22:50:55.220693,11.921856880187988
2026-04-28 22:50:55.417165,2026-04-28 22:50:55.417165,11.891390800476074
2026-04-28 22:50:55.621929,2026-04-28 22:50:55.621929,11.86549472808838
2026-04-28 22:50:55.829608,2026-04-28 22:50:55.829608,11.843482971191406
2026-04-28 22:50:56.026954,2026-04-28 22:50:56.026954,11.648991584777832
2026-04-28 22:50:56.223944,2026-04-28 22:50:56.223944,11.48367404937744
2026-04-28 22:50:56.419054,2026-04-28 22:50:56.419054,11.518936157226562
2026-04-28 22:50:56.627124,2026-04-28 22:50:56.627124,11.548908233642578
2026-04-28 22:50:56.829158,2026-04-28 22:50:56.829158,11.574384689331056
2026-04-28 22:50:57.026906,2026-04-28 22:50:57.026906,11.771820068359377
2026-04-28 22:50:57.228767,2026-04-28 22:50:57.228767,11.939640998840332
2026-04-28 22:50:57.428680,2026-04-28 22:50:57.428680,12.08228874206543
2026-04-28 22:50:57.626837,2026-04-28 22:50:57.626837,14.66447639465332
2026-04-28 22:50:57.820148,2026-04-28 22:50:57.820148,16.859336853027344
2026-04-28 22:50:58.028626,2026-04-28 22:50:58.028626,18.72496795654297
2026-04-28 22:50:58.220972,2026-04-28 22:50:58.220972,20.310752868652344
2026-04-28 22:50:58.428253,2026-04-28 22:50:58.428253,21.658672332763672
2026-04-28 22:50:58.622276,2026-04-28 22:50:58.622276,22.80440139770508
2026-04-28 22:50:58.828083,2026-04-28 22:50:58.828083,23.77827262878418
2026-04-28 22:50:59.027202,2026-04-28 22:50:59.027202,24.60606384277344
2026-04-28 22:50:59.227918,2026-04-28 22:50:59.227918,25.30968475341797
2026-04-28 22:50:59.431582,2026-04-28 22:50:59.431582,25.907764434814453
2026-04-28 22:50:59.628428,2026-04-28 22:50:59.628428,26.24034881591797
2026-04-28 22:50:59.828637,2026-04-28 22:50:59.828637,26.698827743530277
2026-04-28 22:51:00.020126,2026-04-28 22:51:00.020126,26.91275405883789
2026-04-28 22:51:00.227461,2026-04-28 22:51:00.227461,27.09459114074707
2026-04-28 22:51:00.427875,2026-04-28 22:51:00.427875,27.2491512298584
2026-04-28 22:51:00.627374,2026-04-28 22:51:00.627374,27.380529403686523
2026-04-28 22:51:00.827540,2026-04-28 22:51:00.827540,27.4921989440918
2026-04-28 22:51:01.027130,2026-04-28 22:51:01.027130,27.587120056152344
2026-04-28 22:51:01.229451,2026-04-28 22:51:01.229451,27.667802810668945
2026-04-28 22:51:01.428994,2026-04-28 22:51:01.428994,27.73638153076172
2026-04-28 22:51:01.627009,2026-04-28 22:51:01.627009,27.61889266967773
2026-04-28 22:51:01.817582,2026-04-28 22:51:01.817582,27.519027709960938
2026-04-28 22:51:02.029422,2026-04-28 22:51:02.029422,27.43414306640625
2026-04-28 22:51:02.230279,2026-04-28 22:51:02.230279,27.361989974975582
2026-04-28 22:51:02.426989,2026-04-28 22:51:02.426989,27.3006591796875
2026-04-28 22:51:02.627437,2026-04-28 22:51:02.627437,27.0727481842041
2026-04-28 22:51:02.828796,2026-04-28 22:51:02.828796,26.703243255615234
2026-04-28 22:51:03.029050,2026-04-28 22:51:03.029050,26.564943313598636
2026-04-28 22:51:03.230378,2026-04-28 22:51:03.230378,26.623170852661133
2026-04-28 22:51:03.427341,2026-04-28 22:51:03.427341,26.496883392333984
2026-04-28 22:51:03.629559,2026-04-28 22:51:03.629559,26.389537811279297
2026-04-28 22:51:03.829306,2026-04-28 22:51:03.829306,26.29829406738281
2026-04-28 22:51:04.028471,2026-04-28 22:51:04.028471,26.04495620727539
2026-04-28 22:51:04.227702,2026-04-28 22:51:04.227702,25.829620361328125
2026-04-28 22:51:04.429216,2026-04-28 22:51:04.429216,25.646583557128903
2026-04-28 22:51:04.626917,2026-04-28 22:51:04.626917,25.49100112915039
2026-04-28 22:51:04.827403,2026-04-28 22:51:04.827403,25.35875701904297
2026-04-28 22:51:05.028784,2026-04-28 22:51:05.028784,25.0705680847168
2026-04-28 22:51:05.227384,2026-04-28 22:51:05.227384,25.00139045715332
2026-04-28 22:51:05.426942,2026-04-28 22:51:05.426942,24.59102439880371
2026-04-28 22:51:05.631098,2026-04-28 22:51:05.631098,24.24221420288086
2026-04-28 22:51:05.828468,2026-04-28 22:51:05.828468,23.94572639465332
2026-04-28 22:51:06.029086,2026-04-28 22:51:06.029086,23.51793098449707
2026-04-28 22:51:06.229317,2026-04-28 22:51:06.229317,23.1543025970459
2026-04-28 22:51:06.434007,2026-04-28 22:51:06.434007,22.8452205657959
2026-04-28 22:51:06.630578,2026-04-28 22:51:06.630578,22.406719207763672
2026-04-28 22:51:06.828520,2026-04-28 22:51:06.828520,22.209774017333984
2026-04-28 22:51:07.028763,2026-04-28 22:51:07.028763,22.042369842529297
2026-04-28 22:51:07.227914,2026-04-28 22:51:07.227914,21.900075912475582
2026-04-28 22:51:07.429309,2026-04-28 22:51:07.429309,21.60334587097168
2026-04-28 22:51:07.629149,2026-04-28 22:51:07.629149,21.35112571716309
2026-04-28 22:51:07.831820,2026-04-28 22:51:07.831820,21.136737823486328
2026-04-28 22:51:08.030189,2026-04-28 22:51:08.030189,20.95450782775879
2026-04-28 22:51:08.232889,2026-04-28 22:51:08.232889,20.79961395263672
2026-04-28 22:51:08.429639,2026-04-28 22:51:08.429639,20.667953491210938
2026-04-28 22:51:08.631758,2026-04-28 22:51:08.631758,20.556041717529297
2026-04-28 22:51:08.827750,2026-04-28 22:51:08.827750,20.46091651916504
2026-04-28 22:51:09.029215,2026-04-28 22:51:09.029215,20.20427894592285
2026-04-28 22:51:09.220440,2026-04-28 22:51:09.220440,19.98613739013672
2026-04-28 22:51:09.431470,2026-04-28 22:51:09.431470,19.800716400146484
2026-04-28 22:51:09.631041,2026-04-28 22:51:09.631041,19.64310836791992
2026-04-28 22:51:09.831331,2026-04-28 22:51:09.831331,19.50914192199707
2026-04-28 22:51:10.029494,2026-04-28 22:51:10.029494,19.39527130126953
2026-04-28 22:51:10.230610,2026-04-28 22:51:10.230610,17.892230987548828
2026-04-28 22:51:10.430711,2026-04-28 22:51:10.430711,18.020896911621094
2026-04-28 22:51:10.628218,2026-04-28 22:51:10.628218,18.13026237487793
2026-04-28 22:51:10.828312,2026-04-28 22:51:10.828312,18.223222732543945
2026-04-28 22:51:11.029988,2026-04-28 22:51:11.029988,16.89598846435547
2026-04-28 22:51:11.233575,2026-04-28 22:51:11.233575,15.767840385437012
2026-04-28 22:51:11.431532,2026-04-28 22:51:11.431532,14.984695434570312
2026-04-28 22:51:11.629382,2026-04-28 22:51:11.629382,14.31902313232422
2026-04-28 22:51:11.828259,2026-04-28 22:51:11.828259,13.75320053100586
2026-04-28 22:51:12.029580,2026-04-28 22:51:12.029580,13.096470832824709
2026-04-28 22:51:12.231499,2026-04-28 22:51:12.231499,12.714031219482422
2026-04-28 22:51:12.428683,2026-04-28 22:51:12.428683,12.388957977294922
2026-04-28 22:51:12.634563,2026-04-28 22:51:12.634563,12.112645149230955
2026-04-28 22:51:12.829389,2026-04-28 22:51:12.829389,11.877779960632324
2026-04-28 22:51:13.029965,2026-04-28 22:51:13.029965,11.678144454956056
2026-04-28 22:51:13.229007,2026-04-28 22:51:13.229007,11.508453369140623
2026-04-28 22:51:13.427232,2026-04-28 22:51:13.427232,11.188435554504396
2026-04-28 22:51:13.629215,2026-04-28 22:51:13.629215,10.916419982910156
2026-04-28 22:51:13.827471,2026-04-28 22:51:13.827471,10.86098861694336
2026-04-28 22:51:14.030346,2026-04-28 22:51:14.030346,10.813871383666992
2026-04-28 22:51:14.228653,2026-04-28 22:51:14.228653,10.773821830749512
2026-04-28 22:51:14.428895,2026-04-28 22:51:14.428895,10.73978042602539
2026-04-28 22:51:14.632199,2026-04-28 22:51:14.632199,10.535062789916992
2026-04-28 22:51:14.833090,2026-04-28 22:51:14.833090,10.536834716796877
2026-04-28 22:51:15.027731,2026-04-28 22:51:15.027731,12.12037181854248
2026-04-28 22:51:15.228051,2026-04-28 22:51:15.228051,11.884347915649414
2026-04-28 22:51:15.438975,2026-04-28 22:51:15.438975,11.50794506072998
2026-04-28 22:51:15.627262,2026-04-28 22:51:15.627262,11.363784790039062
2026-04-28 22:51:15.832835,2026-04-28 22:51:15.832835,11.06546688079834
2026-04-28 22:51:16.032176,2026-04-28 22:51:16.032176,10.811897277832031
2026-04-28 22:51:16.233723,2026-04-28 22:51:16.233723,12.354174613952637
2026-04-28 22:51:16.430103,2026-04-28 22:51:16.430103,13.840892791748049
2026-04-28 22:51:16.632432,2026-04-28 22:51:16.632432,15.280384063720703
2026-04-28 22:51:29.728537,2026-04-28 22:51:29.728537,16.503950119018555
2026-04-28 22:51:29.930010,2026-04-28 22:51:29.930010,17.543983459472656
2026-04-28 22:51:30.133672,2026-04-28 22:51:30.133672,18.60379219055176
2026-04-28 22:51:30.328009,2026-04-28 22:51:30.328009,19.32884788513184
2026-04-28 22:51:30.529784,2026-04-28 22:51:30.529784,20.120927810668945
2026-04-28 22:51:30.730491,2026-04-28 22:51:30.730491,20.6184139251709
2026-04-28 22:51:30.931020,2026-04-28 22:51:30.931020,21.04127693176269
2026-04-28 22:51:31.130448,2026-04-28 22:51:31.130448,21.40070915222168
2026-04-28 22:51:31.332919,2026-04-28 22:51:31.332919,21.706228256225582
2026-04-28 22:51:31.528777,2026-04-28 22:51:31.528777,21.965919494628903
2026-04-28 22:51:31.728523,2026-04-28 22:51:31.728523,22.186656951904297
2026-04-28 22:51:31.933652,2026-04-28 22:51:31.933652,22.374282836914062
2026-04-28 22:51:32.128010,2026-04-28 22:51:32.128010,22.53376579284668
2026-04-28 22:51:32.328782,2026-04-28 22:51:32.328782,22.66932487487793
2026-04-28 22:51:32.528529,2026-04-28 22:51:32.528529,22.7845516204834
2026-04-28 22:51:32.727703,2026-04-28 22:51:32.727703,22.88249397277832
2026-04-28 22:51:32.931875,2026-04-28 22:51:32.931875,22.965744018554688
2026-04-28 22:51:33.134839,2026-04-28 22:51:33.134839,23.036508560180664
2026-04-28 22:51:33.328890,2026-04-28 22:51:33.328890,23.096656799316406
2026-04-28 22:51:33.528324,2026-04-28 22:51:33.528324,23.147783279418945
2026-04-28 22:51:33.727268,2026-04-28 22:51:33.727268,23.191240310668945
2026-04-28 22:51:33.929062,2026-04-28 22:51:33.929062,23.228179931640625
2026-04-28 22:51:34.128355,2026-04-28 22:51:34.128355,23.259578704833984
2026-04-28 22:51:34.328668,2026-04-28 22:51:34.328668,23.286266326904297
2026-04-28 22:51:34.528644,2026-04-28 22:51:34.528644,23.308950424194336
2026-04-28 22:51:34.728100,2026-04-28 22:51:34.728100,23.32823371887207
2026-04-28 22:51:34.927807,2026-04-28 22:51:34.927807,23.344623565673828
2026-04-28 22:51:35.127196,2026-04-28 22:51:35.127196,23.35855484008789
2026-04-28 22:51:35.327292,2026-04-28 22:51:35.327292,23.370397567749023
2026-04-28 22:51:35.528059,2026-04-28 22:51:35.528059,23.38046264648437
2026-04-28 22:51:35.728002,2026-04-28 22:51:35.728002,23.38901710510254
2026-04-28 22:51:35.929293,2026-04-28 22:51:35.929293,23.396289825439453
2026-04-28 22:51:36.130404,2026-04-28 22:51:36.130404,23.4024715423584
2026-04-28 22:51:36.327835,2026-04-28 22:51:36.327835,23.4077262878418
2026-04-28 22:51:36.529175,2026-04-28 22:51:36.529175,23.41219139099121
2026-04-28 22:51:36.730242,2026-04-28 22:51:36.730242,23.41598892211914
2026-04-28 22:51:36.926910,2026-04-28 22:51:36.926910,23.419214248657227
2026-04-28 22:51:37.131028,2026-04-28 22:51:37.131028,23.42195701599121
2026-04-28 22:51:37.327565,2026-04-28 22:51:37.327565,23.42428970336914
2026-04-28 22:51:37.531039,2026-04-28 22:51:37.531039,23.426271438598636
2026-04-28 22:51:37.729744,2026-04-28 22:51:37.729744,23.427955627441406
2026-04-28 22:51:37.927867,2026-04-28 22:51:37.927867,23.429386138916016
2026-04-28 22:51:38.129918,2026-04-28 22:51:38.129918,23.43060302734375
2026-04-28 22:51:38.331958,2026-04-28 22:51:38.331958,23.431638717651367
2026-04-28 22:51:38.529022,2026-04-28 22:51:38.529022,23.432518005371094
2026-04-28 22:51:38.727427,2026-04-28 22:51:38.727427,23.43326568603516
2026-04-28 22:51:38.927160,2026-04-28 22:51:38.927160,23.433900833129883
2026-04-28 22:51:39.129566,2026-04-28 22:51:39.129566,23.43444061279297
2026-04-28 22:51:39.328850,2026-04-28 22:51:39.328850,23.434898376464844
2026-04-28 22:51:39.527310,2026-04-28 22:51:39.527310,23.43528938293457
2026-04-28 22:51:39.729293,2026-04-28 22:51:39.729293,23.43562126159668
2026-04-28 22:51:39.929960,2026-04-28 22:51:39.929960,23.435903549194336
2026-04-28 22:51:40.132197,2026-04-28 22:51:40.132197,23.43614196777344
2026-04-28 22:51:40.326969,2026-04-28 22:51:40.326969,23.43634605407715
2026-04-28 22:51:40.528686,2026-04-28 22:51:40.528686,23.43651962280273
2026-04-28 22:51:40.734241,2026-04-28 22:51:40.734241,23.43666648864746
2026-04-28 22:51:40.927776,2026-04-28 22:51:40.927776,23.436790466308597
2026-04-28 22:51:41.133006,2026-04-28 22:51:41.133006,23.43689727783203
2026-04-28 22:51:41.327179,2026-04-28 22:51:41.327179,23.436988830566406
2026-04-28 22:51:41.531210,2026-04-28 22:51:41.531210,23.43706512451172
2026-04-28 22:51:41.726962,2026-04-28 22:51:41.726962,23.437129974365234
2026-04-28 22:51:41.929511,2026-04-28 22:51:41.929511,23.437185287475582
2026-04-28 22:51:42.128203,2026-04-28 22:51:42.128203,23.437232971191406
2026-04-28 22:51:42.329063,2026-04-28 22:51:42.329063,23.43727302551269
2026-04-28 22:51:42.529035,2026-04-28 22:51:42.529035,23.43730735778809
2026-04-28 22:51:42.727241,2026-04-28 22:51:42.727241,23.261554718017575
2026-04-28 22:51:42.928809,2026-04-28 22:51:42.928809,23.287946701049805
2026-04-28 22:51:43.127760,2026-04-28 22:51:43.127760,23.310379028320312
2026-04-28 22:51:43.329352,2026-04-28 22:51:43.329352,23.32944679260254
2026-04-28 22:51:43.528876,2026-04-28 22:51:43.528876,23.34565544128418
2026-04-28 22:51:43.728458,2026-04-28 22:51:43.728458,23.359432220458984
2026-04-28 22:51:43.927140,2026-04-28 22:51:43.927140,23.37114143371582
2026-04-28 22:51:44.129254,2026-04-28 22:51:44.129254,23.20531463623047
2026-04-28 22:51:44.334828,2026-04-28 22:51:44.334828,23.064361572265625
2026-04-28 22:51:44.529886,2026-04-28 22:51:44.529886,22.944551467895508
2026-04-28 22:51:44.727077,2026-04-28 22:51:44.727077,22.84271240234375
2026-04-28 22:51:44.930256,2026-04-28 22:51:44.930256,22.756149291992188
2026-04-28 22:51:45.129086,2026-04-28 22:51:45.129086,22.68256950378418
2026-04-28 22:51:45.328303,2026-04-28 22:51:45.328303,22.62002944946289
2026-04-28 22:51:45.527098,2026-04-28 22:51:45.527098,22.56686782836914
2026-04-28 22:51:45.729806,2026-04-28 22:51:45.729806,22.52168083190918
2026-04-28 22:51:45.932251,2026-04-28 22:51:45.932251,22.483272552490234
2026-04-28 22:51:46.130215,2026-04-28 22:51:46.130215,22.450626373291016
2026-04-28 22:51:46.328921,2026-04-28 22:51:46.328921,22.422876358032227
2026-04-28 22:51:46.527170,2026-04-28 22:51:46.527170,22.399288177490234
2026-04-28 22:51:46.729103,2026-04-28 22:51:46.729103,22.37923812866211
2026-04-28 22:51:46.928228,2026-04-28 22:51:46.928228,22.36219596862793
2026-04-28 22:51:47.128886,2026-04-28 22:51:47.128886,22.34771156311035
2026-04-28 22:51:47.327720,2026-04-28 22:51:47.327720,22.335397720336918
2026-04-28 22:51:47.527447,2026-04-28 22:51:47.527447,22.324932098388672
2026-04-28 22:51:47.732211,2026-04-28 22:51:47.732211,22.316036224365234
2026-04-28 22:51:47.929370,2026-04-28 22:51:47.929370,22.132692337036133
2026-04-28 22:51:48.130415,2026-04-28 22:51:48.130415,21.976852416992188
2026-04-28 22:51:48.329134,2026-04-28 22:51:48.329134,21.84438705444336
2026-04-28 22:51:48.528557,2026-04-28 22:51:48.528557,21.73179054260254
2026-04-28 22:51:48.732364,2026-04-28 22:51:48.732364,21.636085510253903
2026-04-28 22:51:48.927243,2026-04-28 22:51:48.927243,21.55473518371582
2026-04-28 22:51:49.129876,2026-04-28 22:51:49.129876,21.48558616638184
2026-04-28 22:51:49.331154,2026-04-28 22:51:49.331154,21.42681121826172
2026-04-28 22:51:49.527958,2026-04-28 22:51:49.527958,21.37685203552246
2026-04-28 22:51:49.729820,2026-04-28 22:51:49.729820,21.334386825561523
2026-04-28 22:51:49.931857,2026-04-28 22:51:49.931857,21.12251091003418
2026-04-28 22:51:50.135210,2026-04-28 22:51:50.135210,20.94241523742676
2026-04-28 22:51:50.331411,2026-04-28 22:51:50.331411,20.78933334350586
2026-04-28 22:51:50.530424,2026-04-28 22:51:50.530424,20.659215927124023
2026-04-28 22:51:50.734654,2026-04-28 22:51:50.734654,20.724395751953125
2026-04-28 22:51:50.932547,2026-04-28 22:51:50.932547,20.60401725769043
2026-04-28 22:51:51.127567,2026-04-28 22:51:51.127567,20.50169563293457
2026-04-28 22:51:51.327692,2026-04-28 22:51:51.327692,20.414722442626957
2026-04-28 22:51:51.529784,2026-04-28 22:51:51.529784,20.165014266967773
2026-04-28 22:51:51.733947,2026-04-28 22:51:51.733947,19.95276260375977
2026-04-28 22:51:51.931337,2026-04-28 22:51:51.931337,19.772348403930664
2026-04-28 22:51:52.130187,2026-04-28 22:51:52.130187,19.618995666503903
2026-04-28 22:51:52.331896,2026-04-28 22:51:52.331896,19.312864303588867
2026-04-28 22:51:52.531917,2026-04-28 22:51:52.531917,19.052654266357425
2026-04-28 22:51:52.726918,2026-04-28 22:51:52.726918,18.83147430419922
2026-04-28 22:51:52.932225,2026-04-28 22:51:52.932225,18.46769142150879
2026-04-28 22:51:53.127156,2026-04-28 22:51:53.127156,18.15847396850586
2026-04-28 22:51:53.334464,2026-04-28 22:51:53.334464,17.895641326904297
2026-04-28 22:51:53.532575,2026-04-28 22:51:53.532575,17.672231674194336
2026-04-28 22:51:53.730695,2026-04-28 22:51:53.730695,17.48233413696289
2026-04-28 22:51:53.931494,2026-04-28 22:51:53.931494,17.3209228515625
2026-04-28 22:51:54.130755,2026-04-28 22:51:54.130755,17.1837215423584
2026-04-28 22:51:54.328364,2026-04-28 22:51:54.328364,17.067100524902344
2026-04-28 22:51:54.527250,2026-04-28 22:51:54.527250,16.967973709106445
2026-04-28 22:51:54.729853,2026-04-28 22:51:54.729853,16.88371467590332
2026-04-28 22:51:54.929287,2026-04-28 22:51:54.929287,16.812095642089844
2026-04-28 22:52:08.027480,2026-04-28 22:52:08.027480,16.751218795776367
2026-04-28 22:52:08.230114,2026-04-28 22:52:08.230114,16.699472427368164
2026-04-28 22:52:08.429011,2026-04-28 22:52:08.429011,16.655488967895508
2026-04-28 22:52:08.630595,2026-04-28 22:52:08.630595,16.61810302734375
2026-04-28 22:52:08.830393,2026-04-28 22:52:08.830393,16.58632469177246
2026-04-28 22:52:09.032065,2026-04-28 22:52:09.032065,16.559314727783203
2026-04-28 22:52:09.228587,2026-04-28 22:52:09.228587,16.536354064941406
2026-04-28 22:52:09.427718,2026-04-28 22:52:09.427718,16.51683807373047
2026-04-28 22:52:09.631426,2026-04-28 22:52:09.631426,16.5002498626709
2026-04-28 22:52:09.829930,2026-04-28 22:52:09.829930,16.48615074157715
2026-04-28 22:52:10.029210,2026-04-28 22:52:10.029210,16.474164962768555
2026-04-28 22:52:10.229258,2026-04-28 22:52:10.229258,16.463977813720703
2026-04-28 22:52:10.427606,2026-04-28 22:52:10.427606,16.455318450927734
2026-04-28 22:52:10.628339,2026-04-28 22:52:10.628339,16.27217674255371
2026-04-28 22:52:10.830380,2026-04-28 22:52:10.830380,16.292287826538086
2026-04-28 22:52:11.031189,2026-04-28 22:52:11.031189,16.309383392333984
2026-04-28 22:52:11.228370,2026-04-28 22:52:11.228370,16.323911666870117
2026-04-28 22:52:11.429512,2026-04-28 22:52:11.429512,16.33626365661621
2026-04-28 22:52:11.628402,2026-04-28 22:52:11.628402,16.34676170349121
2026-04-28 22:52:11.829491,2026-04-28 22:52:11.829491,16.179903030395508
2026-04-28 22:52:12.033989,2026-04-28 22:52:12.033989,16.213855743408203
2026-04-28 22:52:12.230882,2026-04-28 22:52:12.230882,16.242713928222656
2026-04-28 22:52:12.427320,2026-04-28 22:52:12.427320,16.267244338989258
2026-04-28 22:52:12.632897,2026-04-28 22:52:12.632897,16.288095474243164
2026-04-28 22:52:12.828769,2026-04-28 22:52:12.828769,16.305818557739258
2026-04-28 22:52:13.030062,2026-04-28 22:52:13.030062,16.32088279724121
2026-04-28 22:52:13.228684,2026-04-28 22:52:13.228684,16.333688735961914
2026-04-28 22:52:13.428795,2026-04-28 22:52:13.428795,16.344572067260742
2026-04-28 22:52:13.631387,2026-04-28 22:52:13.631387,16.353824615478516
2026-04-28 22:52:13.830075,2026-04-28 22:52:13.830075,16.3616886138916
2026-04-28 22:52:14.027770,2026-04-28 22:52:14.027770,16.192590713500977
2026-04-28 22:52:14.230078,2026-04-28 22:52:14.230078,15.873077392578123
2026-04-28 22:52:14.429673,2026-04-28 22:52:14.429673,15.77727222442627
2026-04-28 22:52:14.628239,2026-04-28 22:52:14.628239,15.87161922454834
2026-04-28 22:52:14.831105,2026-04-28 22:52:14.831105,15.95181369781494
2026-04-28 22:52:15.027034,2026-04-28 22:52:15.027034,16.19576072692871
2026-04-28 22:52:15.229778,2026-04-28 22:52:15.229778,16.403114318847656
2026-04-28 22:52:15.429769,2026-04-28 22:52:15.429769,16.75514793395996
2026-04-28 22:52:15.636110,2026-04-28 22:52:15.636110,17.05437469482422
2026-04-28 22:52:15.828820,2026-04-28 22:52:15.828820,17.132938385009766
2026-04-28 22:52:16.031981,2026-04-28 22:52:16.031981,17.199716567993164
2026-04-28 22:52:16.231080,2026-04-28 22:52:16.231080,17.25647735595703
2026-04-28 22:52:16.427964,2026-04-28 22:52:16.427964,17.304723739624023
2026-04-28 22:52:16.627329,2026-04-28 22:52:16.627329,17.521514892578125
2026-04-28 22:52:16.829031,2026-04-28 22:52:16.829031,17.705787658691406
2026-04-28 22:52:17.027166,2026-04-28 22:52:17.027166,17.8624210357666
2026-04-28 22:52:17.228120,2026-04-28 22:52:17.228120,17.99555778503418
2026-04-28 22:52:17.427005,2026-04-28 22:52:17.427005,18.108722686767575
2026-04-28 22:52:17.628167,2026-04-28 22:52:17.628167,18.20491600036621
2026-04-28 22:52:17.829587,2026-04-28 22:52:17.829587,18.286678314208984
2026-04-28 22:52:18.028392,2026-04-28 22:52:18.028392,18.356176376342773
2026-04-28 22:52:18.229661,2026-04-28 22:52:18.229661,18.41524887084961
2026-04-28 22:52:18.427700,2026-04-28 22:52:18.427700,18.46546173095703
2026-04-28 22:52:18.627344,2026-04-28 22:52:18.627344,18.50814247131348
2026-04-28 22:52:18.827650,2026-04-28 22:52:18.827650,18.544422149658203
2026-04-28 22:52:19.027574,2026-04-28 22:52:19.027574,18.751039505004883
2026-04-28 22:52:19.228726,2026-04-28 22:52:19.228726,18.926664352416992
2026-04-28 22:52:19.430185,2026-04-28 22:52:19.430185,18.900165557861328
2026-04-28 22:52:19.628661,2026-04-28 22:52:19.628661,19.05342102050781
2026-04-28 22:52:19.832496,2026-04-28 22:52:19.832496,19.00790786743164
2026-04-28 22:52:20.027027,2026-04-28 22:52:20.027027,18.969223022460938
2026-04-28 22:52:20.228245,2026-04-28 22:52:20.228245,18.936338424682617
2026-04-28 22:52:20.427594,2026-04-28 22:52:20.427594,18.908388137817383
2026-04-28 22:52:20.631439,2026-04-28 22:52:20.631439,18.88463020324707
2026-04-28 22:52:20.829977,2026-04-28 22:52:20.829977,18.86443519592285
2026-04-28 22:52:21.036625,2026-04-28 22:52:21.036625,18.84726905822754
2026-04-28 22:52:21.229774,2026-04-28 22:52:21.229774,18.83267974853516
2026-04-28 22:52:21.429486,2026-04-28 22:52:21.429486,18.99605941772461
2026-04-28 22:52:21.627861,2026-04-28 22:52:21.627861,19.13493156433105
2026-04-28 22:52:21.828498,2026-04-28 22:52:21.828498,19.077192306518555
2026-04-28 22:52:22.029118,2026-04-28 22:52:22.029118,19.028112411499023
2026-04-28 22:52:22.227452,2026-04-28 22:52:22.227452,18.98639678955078
2026-04-28 22:52:22.429321,2026-04-28 22:52:22.429321,19.126718521118164
2026-04-28 22:52:22.627354,2026-04-28 22:52:22.627354,19.070209503173828
2026-04-28 22:52:22.827001,2026-04-28 22:52:22.827001,19.022178649902344
2026-04-28 22:52:23.027783,2026-04-28 22:52:23.027783,18.981351852416992
2026-04-28 22:52:23.228716,2026-04-28 22:52:23.228716,18.9466495513916
2026-04-28 22:52:23.428716,2026-04-28 22:52:23.428716,18.91715240478516
2026-04-28 22:52:23.628604,2026-04-28 22:52:23.628604,18.892078399658203
2026-04-28 22:52:23.827601,2026-04-28 22:52:23.827601,18.87076759338379
2026-04-28 22:52:24.027509,2026-04-28 22:52:24.027509,18.852651596069336
2026-04-28 22:52:24.230861,2026-04-28 22:52:24.230861,18.83725357055664
2026-04-28 22:52:24.428582,2026-04-28 22:52:24.428582,18.82416534423828
2026-04-28 22:52:24.628267,2026-04-28 22:52:24.628267,18.81304168701172
2026-04-28 22:52:24.827148,2026-04-28 22:52:24.827148,18.627803802490234
2026-04-28 22:52:25.032933,2026-04-28 22:52:25.032933,18.47035217285156
2026-04-28 22:52:25.234054,2026-04-28 22:52:25.234054,18.51229858398437
2026-04-28 22:52:25.429140,2026-04-28 22:52:25.429140,18.37217330932617
2026-04-28 22:52:25.628953,2026-04-28 22:52:25.628953,18.25306510925293
2026-04-28 22:52:25.831375,2026-04-28 22:52:25.831375,18.151824951171875
2026-04-28 22:52:26.029178,2026-04-28 22:52:26.029178,18.06576919555664
2026-04-28 22:52:26.229857,2026-04-28 22:52:26.229857,17.99262237548828
2026-04-28 22:52:26.430522,2026-04-28 22:52:26.430522,17.930448532104492
2026-04-28 22:52:26.632616,2026-04-28 22:52:26.632616,17.877599716186523
2026-04-28 22:52:26.828490,2026-04-28 22:52:26.828490,17.832677841186523
2026-04-28 22:52:27.027491,2026-04-28 22:52:27.027491,17.79449462890625
2026-04-28 22:52:27.231245,2026-04-28 22:52:27.231245,17.762039184570312
2026-04-28 22:52:27.433658,2026-04-28 22:52:27.433658,17.910234451293945
2026-04-28 22:52:27.628508,2026-04-28 22:52:27.628508,18.03619956970215
2026-04-28 22:52:27.829142,2026-04-28 22:52:27.829142,17.967487335205078
2026-04-28 22:52:28.028425,2026-04-28 22:52:28.028425,17.90908432006836
2026-04-28 22:52:28.227323,2026-04-28 22:52:28.227323,17.859439849853516
2026-04-28 22:52:28.429563,2026-04-28 22:52:28.429563,17.817241668701172
2026-04-28 22:52:28.630387,2026-04-28 22:52:28.630387,17.781373977661133
2026-04-28 22:52:28.829838,2026-04-28 22:52:28.829838,17.750886917114258
2026-04-28 22:52:29.031075,2026-04-28 22:52:29.031075,17.724973678588867
2026-04-28 22:52:29.231985,2026-04-28 22:52:29.231985,17.702945709228516
2026-04-28 22:52:29.428811,2026-04-28 22:52:29.428811,17.684223175048828
2026-04-28 22:52:29.630813,2026-04-28 22:52:29.630813,17.66830825805664
2026-04-28 22:52:29.829919,2026-04-28 22:52:29.829919,17.654781341552734
2026-04-28 22:52:30.028653,2026-04-28 22:52:30.028653,17.643281936645508
2026-04-28 22:52:30.231740,2026-04-28 22:52:30.231740,17.633508682250977
2026-04-28 22:52:30.431020,2026-04-28 22:52:30.431020,17.625200271606445
2026-04-28 22:52:30.635285,2026-04-28 22:52:30.635285,17.618139266967773
2026-04-28 22:52:30.828630,2026-04-28 22:52:30.828630,17.436355590820312
2026-04-28 22:52:31.030055,2026-04-28 22:52:31.030055,17.28183937072754
2026-04-28 22:52:31.230444,2026-04-28 22:52:31.230444,17.150501251220703
2026-04-28 22:52:31.428146,2026-04-28 22:52:31.428146,17.214645385742188
2026-04-28 22:52:31.629249,2026-04-28 22:52:31.629249,17.093385696411133
2026-04-28 22:52:31.830312,2026-04-28 22:52:31.830312,16.99031639099121
2026-04-28 22:52:32.033918,2026-04-28 22:52:32.033918,16.902706146240234
2026-04-28 22:52:32.226966,2026-04-28 22:52:32.226966,16.828237533569336
2026-04-28 22:52:32.432038,2026-04-28 22:52:32.432038,16.764938354492188
2026-04-28 22:52:32.626975,2026-04-28 22:52:32.626975,16.711135864257812
2026-04-28 22:52:32.832225,2026-04-28 22:52:32.832225,16.489622116088867
2026-04-28 22:52:33.028987,2026-04-28 22:52:33.028987,16.301334381103516
2026-04-28 22:52:33.228300,2026-04-28 22:52:33.228300,16.14129066467285
2026-04-28 22:52:46.328135,2026-04-28 22:52:46.328135,16.005252838134766
2026-04-28 22:52:46.529303,2026-04-28 22:52:46.529303,15.88962173461914
2026-04-28 22:52:46.730297,2026-04-28 22:52:46.730297,15.791335105895996
2026-04-28 22:52:46.927192,2026-04-28 22:52:46.927192,15.70779037475586
2026-04-28 22:52:47.129165,2026-04-28 22:52:47.129165,15.460996627807615
2026-04-28 22:52:47.328398,2026-04-28 22:52:47.328398,15.251222610473633
2026-04-28 22:52:47.529492,2026-04-28 22:52:47.529492,14.721351623535156
2026-04-28 22:52:47.732267,2026-04-28 22:52:47.732267,14.09518051147461
2026-04-28 22:52:47.930912,2026-04-28 22:52:47.930912,13.738715171813965
2026-04-28 22:52:48.130436,2026-04-28 22:52:48.130436,13.259939193725586
2026-04-28 22:52:48.333365,2026-04-28 22:52:48.333365,12.85297966003418
2026-04-28 22:52:48.528250,2026-04-28 22:52:48.528250,12.50706386566162
2026-04-28 22:52:48.734093,2026-04-28 22:52:48.734093,12.037254333496094
2026-04-28 22:52:48.928243,2026-04-28 22:52:48.928243,11.637916564941406
2026-04-28 22:52:49.130186,2026-04-28 22:52:49.130186,11.298479080200195
2026-04-28 22:52:49.330762,2026-04-28 22:52:49.330762,11.009957313537598
2026-04-28 22:52:49.531777,2026-04-28 22:52:49.531777,10.764713287353516
2026-04-28 22:52:49.731140,2026-04-28 22:52:49.731140,10.380475044250488
2026-04-28 22:52:49.931884,2026-04-28 22:52:49.931884,10.053873062133787
2026-04-28 22:52:50.130202,2026-04-28 22:52:50.130202,9.776260375976562
2026-04-28 22:52:50.328552,2026-04-28 22:52:50.328552,9.540289878845217
2026-04-28 22:52:50.528757,2026-04-28 22:52:50.528757,9.339715003967283
2026-04-28 22:52:50.727684,2026-04-28 22:52:50.727684,9.16922664642334
2026-04-28 22:52:50.929254,2026-04-28 22:52:50.929254,9.024312019348145
2026-04-28 22:52:51.130542,2026-04-28 22:52:51.130542,8.90113353729248
2026-04-28 22:52:51.327879,2026-04-28 22:52:51.327879,8.796432495117188
2026-04-28 22:52:51.528408,2026-04-28 22:52:51.528408,8.707436561584473
2026-04-28 22:52:51.728390,2026-04-28 22:52:51.728390,11.620070457458496
2026-04-28 22:52:51.929257,2026-04-28 22:52:51.929257,11.107528686523438
2026-04-28 22:52:52.128429,2026-04-28 22:52:52.128429,10.671868324279783
2026-04-28 22:52:52.330045,2026-04-28 22:52:52.330045,13.465619087219238
2026-04-28 22:52:52.528189,2026-04-28 22:52:52.528189,12.676244735717772
2026-04-28 22:52:52.728018,2026-04-28 22:52:52.728018,15.169339179992676
2026-04-28 22:52:52.928673,2026-04-28 22:52:52.928673,17.288469314575195
2026-04-28 22:52:53.129246,2026-04-28 22:52:53.129246,19.089731216430664
2026-04-28 22:52:53.330746,2026-04-28 22:52:53.330746,20.62080192565918
2026-04-28 22:52:53.527429,2026-04-28 22:52:53.527429,21.922212600708008
2026-04-28 22:52:53.730470,2026-04-28 22:52:53.730470,23.02841186523437
2026-04-28 22:52:53.930317,2026-04-28 22:52:53.930317,23.96868133544922
2026-04-28 22:52:54.133526,2026-04-28 22:52:54.133526,24.76791000366211
2026-04-28 22:52:54.327709,2026-04-28 22:52:54.327709,25.44725608825684
2026-04-28 22:52:54.532962,2026-04-28 22:52:54.532962,26.02469825744629
2026-04-28 22:52:54.729594,2026-04-28 22:52:54.729594,26.515525817871094
2026-04-28 22:52:54.930663,2026-04-28 22:52:54.930663,26.932727813720703
2026-04-28 22:52:55.130660,2026-04-28 22:52:55.130660,27.28734970092773
2026-04-28 22:52:55.328115,2026-04-28 22:52:55.328115,27.588777542114254
2026-04-28 22:52:55.527859,2026-04-28 22:52:55.527859,27.844993591308597
2026-04-28 22:52:55.728496,2026-04-28 22:52:55.728496,28.062774658203125
2026-04-28 22:52:55.932007,2026-04-28 22:52:55.932007,28.24789047241211
2026-04-28 22:52:56.130410,2026-04-28 22:52:56.130410,28.229455947875977
2026-04-28 22:52:56.333225,2026-04-28 22:52:56.333225,28.38957023620605
2026-04-28 22:52:56.530132,2026-04-28 22:52:56.530132,28.349884033203125
2026-04-28 22:52:56.729029,2026-04-28 22:52:56.729029,28.316150665283203
2026-04-28 22:52:56.930743,2026-04-28 22:52:56.930743,28.28747940063477
2026-04-28 22:52:57.129465,2026-04-28 22:52:57.129465,28.438888549804688
2026-04-28 22:52:57.328217,2026-04-28 22:52:57.328217,28.39180564880371
2026-04-28 22:52:57.529375,2026-04-28 22:52:57.529375,28.351783752441406
2026-04-28 22:52:57.727277,2026-04-28 22:52:57.727277,28.317766189575195
2026-04-28 22:52:57.929865,2026-04-28 22:52:57.929865,28.28885078430176
2026-04-28 22:52:58.127995,2026-04-28 22:52:58.127995,28.26427459716797
2026-04-28 22:52:58.328331,2026-04-28 22:52:58.328331,28.243383407592773
2026-04-28 22:52:58.530228,2026-04-28 22:52:58.530228,28.22562599182129
2026-04-28 22:52:58.727825,2026-04-28 22:52:58.727825,28.21053123474121
2026-04-28 22:52:58.927204,2026-04-28 22:52:58.927204,28.021921157836918
2026-04-28 22:52:59.130298,2026-04-28 22:52:59.130298,27.86160087585449
2026-04-28 22:52:59.327312,2026-04-28 22:52:59.327312,27.549549102783203
2026-04-28 22:52:59.527350,2026-04-28 22:52:59.527350,24.999147415161133
2026-04-28 22:52:59.727048,2026-04-28 22:52:59.727048,23.00708770751953
2026-04-28 22:52:59.927534,2026-04-28 22:52:59.927534,21.1380558013916
2026-04-28 22:53:00.129381,2026-04-28 22:53:00.129381,19.549379348754883
2026-04-28 22:53:00.327029,2026-04-28 22:53:00.327029,18.19900321960449
2026-04-28 22:53:00.529868,2026-04-28 22:53:00.529868,17.226964950561523
2026-04-28 22:53:00.728824,2026-04-28 22:53:00.728824,16.400732040405273
2026-04-28 22:53:00.937097,2026-04-28 22:53:00.937097,15.69843578338623
2026-04-28 22:53:01.128553,2026-04-28 22:53:01.128553,15.101482391357422
2026-04-28 22:53:01.329225,2026-04-28 22:53:01.329225,14.594072341918944
2026-04-28 22:53:01.528398,2026-04-28 22:53:01.528398,14.162774085998535
2026-04-28 22:53:01.728793,2026-04-28 22:53:01.728793,13.796171188354492
2026-04-28 22:53:01.931361,2026-04-28 22:53:01.931361,13.484557151794434
2026-04-28 22:53:02.129914,2026-04-28 22:53:02.129914,13.219686508178713
2026-04-28 22:53:02.327506,2026-04-28 22:53:02.327506,12.994545936584473
2026-04-28 22:53:02.531007,2026-04-28 22:53:02.531007,12.803176879882812
2026-04-28 22:53:02.727427,2026-04-28 22:53:02.727427,12.816293716430664
2026-04-28 22:53:02.927304,2026-04-28 22:53:02.927304,12.82744312286377
2026-04-28 22:53:03.128116,2026-04-28 22:53:03.128116,12.836920738220217
2026-04-28 22:53:03.328999,2026-04-28 22:53:03.328999,12.844976425170898
2026-04-28 22:53:03.530083,2026-04-28 22:53:03.530083,12.851823806762695
2026-04-28 22:53:03.727792,2026-04-28 22:53:03.727792,12.857644081115724
2026-04-28 22:53:03.929276,2026-04-28 22:53:03.929276,12.862590789794922
2026-04-28 22:53:04.127899,2026-04-28 22:53:04.127899,12.866796493530272
2026-04-28 22:53:04.331337,2026-04-28 22:53:04.331337,12.870370864868164
2026-04-28 22:53:04.528713,2026-04-28 22:53:04.528713,12.873408317565918
2026-04-28 22:53:04.732033,2026-04-28 22:53:04.732033,12.875990867614746
2026-04-28 22:53:04.927904,2026-04-28 22:53:04.927904,12.878186225891112
2026-04-28 22:53:05.132178,2026-04-28 22:53:05.132178,12.880051612854004
2026-04-28 22:53:05.327602,2026-04-28 22:53:05.327602,12.881637573242188
2026-04-28 22:53:05.531309,2026-04-28 22:53:05.531309,12.707204818725586
2026-04-28 22:53:05.727839,2026-04-28 22:53:05.727839,12.55893611907959
2026-04-28 22:53:05.929543,2026-04-28 22:53:05.929543,12.60869026184082
2026-04-28 22:53:06.135202,2026-04-28 22:53:06.135202,12.65097999572754
2026-04-28 22:53:06.329880,2026-04-28 22:53:06.329880,12.86270809173584
2026-04-28 22:53:06.527825,2026-04-28 22:53:06.527825,12.86689567565918
2026-04-28 22:53:06.729070,2026-04-28 22:53:06.729070,13.046236038208008
2026-04-28 22:53:06.931379,2026-04-28 22:53:06.931379,13.374457359313965
2026-04-28 22:53:07.127330,2026-04-28 22:53:07.127330,13.65344524383545
2026-04-28 22:53:07.332526,2026-04-28 22:53:07.332526,13.890583992004396
2026-04-28 22:53:07.531342,2026-04-28 22:53:07.531342,14.09215259552002
2026-04-28 22:53:07.727673,2026-04-28 22:53:07.727673,14.2634859085083
2026-04-28 22:53:07.929965,2026-04-28 22:53:07.929965,14.409119606018066
2026-04-28 22:53:08.127697,2026-04-28 22:53:08.127697,14.532907485961914
2026-04-28 22:53:08.329140,2026-04-28 22:53:08.329140,14.462347030639648
2026-04-28 22:53:08.533742,2026-04-28 22:53:08.533742,14.402369499206545
2026-04-28 22:53:08.730113,2026-04-28 22:53:08.730113,14.351388931274414
2026-04-28 22:53:08.934128,2026-04-28 22:53:08.934128,14.308055877685549
2026-04-28 22:53:09.131657,2026-04-28 22:53:09.131657,14.271222114562988
2026-04-28 22:53:09.329788,2026-04-28 22:53:09.329788,14.239913940429688
2026-04-28 22:53:09.528003,2026-04-28 22:53:09.528003,14.213301658630373
2026-04-28 22:53:09.735594,2026-04-28 22:53:09.735594,14.190681457519531
2026-04-28 22:53:09.928717,2026-04-28 22:53:09.928717,14.171454429626465
2026-04-28 22:53:10.128352,2026-04-28 22:53:10.128352,14.155111312866213
2026-04-28 22:53:10.326974,2026-04-28 22:53:10.326974,13.96543788909912
2026-04-28 22:53:10.527120,2026-04-28 22:53:10.527120,13.804216384887695
2026-04-28 22:53:10.729625,2026-04-28 22:53:10.729625,13.667177200317385
2026-04-28 22:53:10.927335,2026-04-28 22:53:10.927335,13.550694465637209
2026-04-28 22:53:11.128478,2026-04-28 22:53:11.128478,13.45168399810791
2026-04-28 22:53:11.327346,2026-04-28 22:53:11.327346,13.543306350708008
2026-04-28 22:53:11.527364,2026-04-28 22:53:11.527364,13.445404052734377
2026-04-28 22:53:24.627973,2026-04-28 22:53:24.627973,13.537968635559082
2026-04-28 22:53:24.827323,2026-04-28 22:53:24.827323,13.44086742401123
2026-04-28 22:53:25.029314,2026-04-28 22:53:25.029314,13.358330726623535
2026-04-28 22:53:25.229343,2026-04-28 22:53:25.229343,13.463955879211426
2026-04-28 22:53:25.427340,2026-04-28 22:53:25.427340,13.72951889038086
2026-04-28 22:53:25.628454,2026-04-28 22:53:25.628454,13.95524787902832
2026-04-28 22:53:25.828461,2026-04-28 22:53:25.828461,14.147116661071776
2026-04-28 22:53:26.027310,2026-04-28 22:53:26.027310,14.485986709594728
2026-04-28 22:53:26.228450,2026-04-28 22:53:26.228450,14.949807167053224
2026-04-28 22:53:26.426994,2026-04-28 22:53:26.426994,15.34405517578125
2026-04-28 22:53:26.628923,2026-04-28 22:53:26.628923,15.679165840148926
2026-04-28 22:53:26.828477,2026-04-28 22:53:26.828477,15.964009284973145
2026-04-28 22:53:27.030139,2026-04-28 22:53:27.030139,16.381908416748047
2026-04-28 22:53:27.226899,2026-04-28 22:53:27.226899,16.73712158203125
2026-04-28 22:53:27.427474,2026-04-28 22:53:27.427474,15.984366416931152
2026-04-28 22:53:27.629397,2026-04-28 22:53:27.629397,15.168742179870604
2026-04-28 22:53:27.832374,2026-04-28 22:53:27.832374,14.475461959838867
2026-04-28 22:53:28.028406,2026-04-28 22:53:28.028406,13.886174201965332
2026-04-28 22:53:28.229755,2026-04-28 22:53:28.229755,13.385279655456545
2026-04-28 22:53:28.429858,2026-04-28 22:53:28.429858,12.959518432617188
2026-04-28 22:53:28.631130,2026-04-28 22:53:28.631130,12.42184066772461
2026-04-28 22:53:28.830460,2026-04-28 22:53:28.830460,12.140596389770508
2026-04-28 22:53:29.027264,2026-04-28 22:53:29.027264,11.901537895202637
2026-04-28 22:53:29.227767,2026-04-28 22:53:29.227767,11.698338508605955
2026-04-28 22:53:29.427618,2026-04-28 22:53:29.427618,13.45921230316162
2026-04-28 22:53:29.626951,2026-04-28 22:53:29.626951,14.955955505371094
2026-04-28 22:53:29.829328,2026-04-28 22:53:29.829328,16.228187561035156
2026-04-28 22:53:30.027368,2026-04-28 22:53:30.027368,17.30958366394043
2026-04-28 22:53:30.229038,2026-04-28 22:53:30.229038,18.2287712097168
2026-04-28 22:53:30.430889,2026-04-28 22:53:30.430889,19.01008033752441
2026-04-28 22:53:30.629342,2026-04-28 22:53:30.629342,19.6741943359375
2026-04-28 22:53:30.831138,2026-04-28 22:53:30.831138,20.238689422607425
2026-04-28 22:53:31.028042,2026-04-28 22:53:31.028042,20.7185115814209
2026-04-28 22:53:31.229133,2026-04-28 22:53:31.229133,21.126359939575195
2026-04-28 22:53:31.428828,2026-04-28 22:53:31.428828,21.47303009033203
2026-04-28 22:53:31.628861,2026-04-28 22:53:31.628861,21.7677001953125
2026-04-28 22:53:31.831862,2026-04-28 22:53:31.831862,22.018171310424805
2026-04-28 22:53:32.027596,2026-04-28 22:53:32.027596,22.231069564819336
2026-04-28 22:53:32.229205,2026-04-28 22:53:32.229205,22.41203498840332
2026-04-28 22:53:32.428137,2026-04-28 22:53:32.428137,22.56585502624512
2026-04-28 22:53:32.633036,2026-04-28 22:53:32.633036,22.69660186767578
2026-04-28 22:53:32.832200,2026-04-28 22:53:32.832200,22.807735443115234
2026-04-28 22:53:33.029452,2026-04-28 22:53:33.029452,22.72641944885254
2026-04-28 22:53:33.227015,2026-04-28 22:53:33.227015,22.83308219909668
2026-04-28 22:53:33.429441,2026-04-28 22:53:33.429441,22.74796295166016
2026-04-28 22:53:33.628409,2026-04-28 22:53:33.628409,22.85139274597168
2026-04-28 22:53:33.828679,2026-04-28 22:53:33.828679,22.93931007385254
2026-04-28 22:53:34.028011,2026-04-28 22:53:34.028011,23.0140380859375
2026-04-28 22:53:34.231733,2026-04-28 22:53:34.231733,22.901775360107425
2026-04-28 22:53:34.427973,2026-04-28 22:53:34.427973,22.982133865356445
2026-04-28 22:53:34.632416,2026-04-28 22:53:34.632416,22.874658584594727
2026-04-28 22:53:34.834084,2026-04-28 22:53:34.834084,22.78330421447754
2026-04-28 22:53:35.027018,2026-04-28 22:53:35.027018,22.70565223693848
2026-04-28 22:53:35.229828,2026-04-28 22:53:35.229828,22.6396484375
2026-04-28 22:53:35.433244,2026-04-28 22:53:35.433244,22.58354377746582
2026-04-28 22:53:35.630285,2026-04-28 22:53:35.630285,22.53585624694824
2026-04-28 22:53:35.832549,2026-04-28 22:53:35.832549,22.49532127380371
2026-04-28 22:53:36.031510,2026-04-28 22:53:36.031510,22.460866928100582
2026-04-28 22:53:36.231323,2026-04-28 22:53:36.231323,22.431581497192383
2026-04-28 22:53:36.430677,2026-04-28 22:53:36.430677,22.406686782836918
2026-04-28 22:53:36.627694,2026-04-28 22:53:36.627694,22.209747314453125
2026-04-28 22:53:36.828466,2026-04-28 22:53:36.828466,22.042346954345703
2026-04-28 22:53:37.029737,2026-04-28 22:53:37.029737,21.900056838989254
2026-04-28 22:53:37.229393,2026-04-28 22:53:37.229393,21.779111862182617
2026-04-28 22:53:37.433161,2026-04-28 22:53:37.433161,21.676307678222656
2026-04-28 22:53:37.629450,2026-04-28 22:53:37.629450,21.588924407958984
2026-04-28 22:53:37.827330,2026-04-28 22:53:37.827330,21.5146484375
2026-04-28 22:53:38.040003,2026-04-28 22:53:38.040003,21.451513290405277
2026-04-28 22:53:38.227072,2026-04-28 22:53:38.227072,21.39784812927246
2026-04-28 22:53:38.431495,2026-04-28 22:53:38.431495,21.52801513671875
2026-04-28 22:53:38.628427,2026-04-28 22:53:38.628427,21.638656616210938
2026-04-28 22:53:38.830135,2026-04-28 22:53:38.830135,21.556921005249023
2026-04-28 22:53:39.027585,2026-04-28 22:53:39.027585,21.487445831298828
2026-04-28 22:53:39.227774,2026-04-28 22:53:39.227774,21.428390502929688
2026-04-28 22:53:39.428257,2026-04-28 22:53:39.428257,21.37819480895996
2026-04-28 22:53:39.627375,2026-04-28 22:53:39.627375,21.335527420043945
2026-04-28 22:53:39.827292,2026-04-28 22:53:39.827292,21.29926109313965
2026-04-28 22:53:40.030665,2026-04-28 22:53:40.030665,21.268434524536133
2026-04-28 22:53:40.231447,2026-04-28 22:53:40.231447,21.242231369018555
2026-04-28 22:53:40.427970,2026-04-28 22:53:40.427970,21.219959259033203
2026-04-28 22:53:40.628479,2026-04-28 22:53:40.628479,21.02524757385254
2026-04-28 22:53:40.826966,2026-04-28 22:53:40.826966,20.8597412109375
2026-04-28 22:53:41.027282,2026-04-28 22:53:41.027282,20.71906089782715
2026-04-28 22:53:41.227161,2026-04-28 22:53:41.227161,20.599483489990234
2026-04-28 22:53:41.427860,2026-04-28 22:53:41.427860,20.49784278869629
2026-04-28 22:53:41.627588,2026-04-28 22:53:41.627588,20.41144752502441
2026-04-28 22:53:41.834014,2026-04-28 22:53:41.834014,20.338010787963867
2026-04-28 22:53:42.027844,2026-04-28 22:53:42.027844,20.275590896606445
2026-04-28 22:53:42.227241,2026-04-28 22:53:42.227241,20.2225341796875
2026-04-28 22:53:42.428491,2026-04-28 22:53:42.428491,20.17743492126465
2026-04-28 22:53:42.627242,2026-04-28 22:53:42.627242,20.139101028442383
2026-04-28 22:53:42.827334,2026-04-28 22:53:42.827334,20.10651588439941
2026-04-28 22:53:43.027864,2026-04-28 22:53:43.027864,20.078821182250977
2026-04-28 22:53:43.230552,2026-04-28 22:53:43.230552,20.05527877807617
2026-04-28 22:53:43.430672,2026-04-28 22:53:43.430672,20.035268783569336
2026-04-28 22:53:43.634877,2026-04-28 22:53:43.634877,20.018259048461918
2026-04-28 22:53:43.829504,2026-04-28 22:53:43.829504,20.003801345825195
2026-04-28 22:53:44.028548,2026-04-28 22:53:44.028548,19.991512298583984
2026-04-28 22:53:44.229047,2026-04-28 22:53:44.229047,19.981067657470703
2026-04-28 22:53:44.429492,2026-04-28 22:53:44.429492,19.97218894958496
2026-04-28 22:53:44.632632,2026-04-28 22:53:44.632632,19.96464157104492
2026-04-28 22:53:44.827205,2026-04-28 22:53:44.827205,19.958227157592773
2026-04-28 22:53:45.032868,2026-04-28 22:53:45.032868,19.95277404785156
2026-04-28 22:53:45.228319,2026-04-28 22:53:45.228319,19.948139190673828
2026-04-28 22:53:45.432319,2026-04-28 22:53:45.432319,19.94419860839844
2026-04-28 22:53:45.627014,2026-04-28 22:53:45.627014,19.94085121154785
2026-04-28 22:53:45.830932,2026-04-28 22:53:45.830932,19.938003540039062
2026-04-28 22:53:46.028460,2026-04-28 22:53:46.028460,19.935585021972656
2026-04-28 22:53:46.233590,2026-04-28 22:53:46.233590,19.933528900146484
2026-04-28 22:53:46.428425,2026-04-28 22:53:46.428425,19.931779861450195
2026-04-28 22:53:46.630985,2026-04-28 22:53:46.630985,19.930294036865234
2026-04-28 22:53:46.827815,2026-04-28 22:53:46.827815,19.929031372070312
2026-04-28 22:53:47.029189,2026-04-28 22:53:47.029189,19.92795753479004
2026-04-28 22:53:47.229393,2026-04-28 22:53:47.229393,20.102827072143555
2026-04-28 22:53:47.430982,2026-04-28 22:53:47.430982,20.25146484375
2026-04-28 22:53:47.628763,2026-04-28 22:53:47.628763,20.3778076171875
2026-04-28 22:53:47.830050,2026-04-28 22:53:47.830050,20.48519897460937
2026-04-28 22:53:48.028242,2026-04-28 22:53:48.028242,20.57648277282715
2026-04-28 22:53:48.229456,2026-04-28 22:53:48.229456,20.654071807861328
2026-04-28 22:53:48.432149,2026-04-28 22:53:48.432149,20.72002410888672
2026-04-28 22:53:48.627359,2026-04-28 22:53:48.627359,20.77608299255371
2026-04-28 22:53:48.828277,2026-04-28 22:53:48.828277,20.823732376098636
2026-04-28 22:53:49.027876,2026-04-28 22:53:49.027876,20.864234924316406
2026-04-28 22:53:49.227357,2026-04-28 22:53:49.227357,20.898662567138672
2026-04-28 22:53:49.432527,2026-04-28 22:53:49.432527,20.92792510986328
2026-04-28 22:53:49.628722,2026-04-28 22:53:49.628722,20.95279884338379
2026-04-28 22:53:49.832492,2026-04-28 22:53:49.832492,20.97394180297852
2026-04-28 22:54:02.927728,2026-04-28 22:54:02.927728,20.991912841796875
2026-04-28 22:54:03.127091,2026-04-28 22:54:03.127091,21.00718879699707
2026-04-28 22:54:03.327011,2026-04-28 22:54:03.327011,21.020172119140625
2026-04-28 22:54:03.528770,2026-04-28 22:54:03.528770,21.03120994567871
2026-04-28 22:54:03.728290,2026-04-28 22:54:03.728290,21.040590286254883
2026-04-28 22:54:03.926815,2026-04-28 22:54:03.926815,21.048564910888672
2026-04-28 22:54:04.130860,2026-04-28 22:54:04.130860,21.05534172058105
2026-04-28 22:54:04.327480,2026-04-28 22:54:04.327480,21.06110382080078
2026-04-28 22:54:04.527776,2026-04-28 22:54:04.527776,21.06599998474121
2026-04-28 22:54:04.726965,2026-04-28 22:54:04.726965,21.07016372680664
2026-04-28 22:54:04.930914,2026-04-28 22:54:04.930914,21.073701858520508
2026-04-28 22:54:05.127015,2026-04-28 22:54:05.127015,20.90092658996582
2026-04-28 22:54:05.330639,2026-04-28 22:54:05.330639,20.92984962463379
2026-04-28 22:54:05.526806,2026-04-28 22:54:05.526806,20.954435348510746
2026-04-28 22:54:05.728593,2026-04-28 22:54:05.728593,20.97533226013184
2026-04-28 22:54:05.928684,2026-04-28 22:54:05.928684,21.16887664794922
2026-04-28 22:54:06.128265,2026-04-28 22:54:06.128265,21.50917053222656
2026-04-28 22:54:06.327584,2026-04-28 22:54:06.327584,21.798419952392575
2026-04-28 22:54:06.530322,2026-04-28 22:54:06.530322,22.04428100585937
2026-04-28 22:54:06.727096,2026-04-28 22:54:06.727096,22.253263473510746
2026-04-28 22:54:06.928149,2026-04-28 22:54:06.928149,22.43090057373047
2026-04-28 22:54:07.129048,2026-04-28 22:54:07.129048,22.58189010620117
2026-04-28 22:54:07.335421,2026-04-28 22:54:07.335421,22.71023178100586
2026-04-28 22:54:07.528229,2026-04-28 22:54:07.528229,22.819320678710938
2026-04-28 22:54:07.729541,2026-04-28 22:54:07.729541,22.91204833984375
2026-04-28 22:54:07.929424,2026-04-28 22:54:07.929424,22.99086570739746
2026-04-28 22:54:08.130780,2026-04-28 22:54:08.130780,23.057861328125
2026-04-28 22:54:08.327837,2026-04-28 22:54:08.327837,23.11480712890625
2026-04-28 22:54:08.527811,2026-04-28 22:54:08.527811,23.33899307250977
2026-04-28 22:54:08.728138,2026-04-28 22:54:08.728138,23.529550552368164
2026-04-28 22:54:08.930218,2026-04-28 22:54:08.930218,23.6915225982666
2026-04-28 22:54:09.132366,2026-04-28 22:54:09.132366,23.829200744628903
2026-04-28 22:54:09.328694,2026-04-28 22:54:09.328694,23.94622802734375
2026-04-28 22:54:09.526980,2026-04-28 22:54:09.526980,24.045700073242188
2026-04-28 22:54:09.733912,2026-04-28 22:54:09.733912,24.130250930786133
2026-04-28 22:54:09.931946,2026-04-28 22:54:09.931946,24.202119827270508
2026-04-28 22:54:10.129601,2026-04-28 22:54:10.129601,24.263208389282227
2026-04-28 22:54:10.328847,2026-04-28 22:54:10.328847,24.31513214111328
2026-04-28 22:54:10.531441,2026-04-28 22:54:10.531441,24.359270095825195
2026-04-28 22:54:10.730187,2026-04-28 22:54:10.730187,24.396785736083984
2026-04-28 22:54:10.930962,2026-04-28 22:54:10.930962,24.428672790527344
2026-04-28 22:54:11.130529,2026-04-28 22:54:11.130529,24.45577812194824
2026-04-28 22:54:11.329541,2026-04-28 22:54:11.329541,24.478818893432617
2026-04-28 22:54:11.528976,2026-04-28 22:54:11.528976,24.498401641845703
2026-04-28 22:54:11.728119,2026-04-28 22:54:11.728119,24.515047073364254
2026-04-28 22:54:11.928915,2026-04-28 22:54:11.928915,24.529197692871094
2026-04-28 22:54:12.129279,2026-04-28 22:54:12.129279,24.541223526000977
2026-04-28 22:54:12.330033,2026-04-28 22:54:12.330033,24.55144691467285
2026-04-28 22:54:12.528020,2026-04-28 22:54:12.528020,24.560134887695312
2026-04-28 22:54:12.727670,2026-04-28 22:54:12.727670,24.567522048950195
2026-04-28 22:54:12.927103,2026-04-28 22:54:12.927103,24.57379913330078
2026-04-28 22:54:13.128436,2026-04-28 22:54:13.128436,24.57913589477539
2026-04-28 22:54:13.333234,2026-04-28 22:54:13.333234,24.58367156982422
2026-04-28 22:54:13.529029,2026-04-28 22:54:13.529029,22.302370071411133
2026-04-28 22:54:13.727173,2026-04-28 22:54:13.727173,20.363265991210938
2026-04-28 22:54:13.927370,2026-04-28 22:54:13.927370,18.71502494812012
2026-04-28 22:54:14.130597,2026-04-28 22:54:14.130597,17.314022064208984
2026-04-28 22:54:14.331401,2026-04-28 22:54:14.331401,16.1231689453125
2026-04-28 22:54:14.530972,2026-04-28 22:54:14.530972,15.110942840576172
2026-04-28 22:54:14.730717,2026-04-28 22:54:14.730717,14.250551223754885
2026-04-28 22:54:14.929469,2026-04-28 22:54:14.929469,13.519219398498535
2026-04-28 22:54:15.131738,2026-04-28 22:54:15.131738,12.89758586883545
2026-04-28 22:54:15.327790,2026-04-28 22:54:15.327790,12.193416595458984
2026-04-28 22:54:15.529529,2026-04-28 22:54:15.529529,14.055810928344728
2026-04-28 22:54:15.727697,2026-04-28 22:54:15.727697,13.177907943725586
2026-04-28 22:54:15.929994,2026-04-28 22:54:15.929994,12.607471466064451
2026-04-28 22:54:16.138273,2026-04-28 22:54:16.138273,12.122600555419922
2026-04-28 22:54:16.328059,2026-04-28 22:54:16.328059,11.710460662841797
2026-04-28 22:54:16.527105,2026-04-28 22:54:16.527105,11.18436050415039
2026-04-28 22:54:16.727186,2026-04-28 22:54:16.727186,10.737174987792969
2026-04-28 22:54:16.927094,2026-04-28 22:54:16.927094,10.357067108154297
2026-04-28 22:54:17.127012,2026-04-28 22:54:17.127012,10.033976554870604
2026-04-28 22:54:17.329229,2026-04-28 22:54:17.329229,9.75934886932373
2026-04-28 22:54:17.527367,2026-04-28 22:54:17.527367,9.525915145874023
2026-04-28 22:54:17.727084,2026-04-28 22:54:17.727084,9.327496528625488
2026-04-28 22:54:17.927719,2026-04-28 22:54:17.927719,9.334622383117676
2026-04-28 22:54:18.128010,2026-04-28 22:54:18.128010,9.340679168701172
2026-04-28 22:54:18.327518,2026-04-28 22:54:18.327518,9.345827102661133
2026-04-28 22:54:18.528140,2026-04-28 22:54:18.528140,9.350202560424805
2026-04-28 22:54:18.732113,2026-04-28 22:54:18.732113,9.353922843933104
2026-04-28 22:54:18.929138,2026-04-28 22:54:18.929138,9.357084274291992
2026-04-28 22:54:19.129967,2026-04-28 22:54:19.129967,9.359771728515623
2026-04-28 22:54:19.332367,2026-04-28 22:54:19.332367,9.537837028503418
2026-04-28 22:54:19.527300,2026-04-28 22:54:19.527300,9.68919277191162
2026-04-28 22:54:19.728773,2026-04-28 22:54:19.728773,9.817845344543455
2026-04-28 22:54:19.929894,2026-04-28 22:54:19.929894,9.927199363708496
2026-04-28 22:54:20.127193,2026-04-28 22:54:20.127193,10.020151138305664
2026-04-28 22:54:20.327294,2026-04-28 22:54:20.327294,10.099159240722656
2026-04-28 22:54:20.527447,2026-04-28 22:54:20.527447,10.166316986083984
2026-04-28 22:54:20.728256,2026-04-28 22:54:20.728256,10.223400115966797
2026-04-28 22:54:20.928729,2026-04-28 22:54:20.928729,10.27192211151123
2026-04-28 22:54:21.127713,2026-04-28 22:54:21.127713,10.313164710998535
2026-04-28 22:54:21.327087,2026-04-28 22:54:21.327087,10.348220825195312
2026-04-28 22:54:21.527245,2026-04-28 22:54:21.527245,10.378019332885742
2026-04-28 22:54:21.727972,2026-04-28 22:54:21.727972,10.403347969055176
2026-04-28 22:54:21.928460,2026-04-28 22:54:21.928460,10.424877166748049
2026-04-28 22:54:22.133077,2026-04-28 22:54:22.133077,10.44317626953125
2026-04-28 22:54:22.328988,2026-04-28 22:54:22.328988,10.634512901306152
2026-04-28 22:54:22.529943,2026-04-28 22:54:22.529943,10.797147750854492
2026-04-28 22:54:22.731050,2026-04-28 22:54:22.731050,10.935388565063477
2026-04-28 22:54:22.929633,2026-04-28 22:54:22.929633,11.052892684936523
2026-04-28 22:54:23.128584,2026-04-28 22:54:23.128584,12.91058349609375
2026-04-28 22:54:23.329033,2026-04-28 22:54:23.329033,14.48962116241455
2026-04-28 22:54:23.528390,2026-04-28 22:54:23.528390,15.83180332183838
2026-04-28 22:54:23.728365,2026-04-28 22:54:23.728365,16.796876907348633
2026-04-28 22:54:23.928316,2026-04-28 22:54:23.928316,17.441408157348633
2026-04-28 22:54:24.135708,2026-04-28 22:54:24.135708,17.9892578125
2026-04-28 22:54:24.331305,2026-04-28 22:54:24.331305,18.279151916503903
2026-04-28 22:54:24.526899,2026-04-28 22:54:24.526899,18.52556037902832
2026-04-28 22:54:24.727090,2026-04-28 22:54:24.727090,18.73500633239746
2026-04-28 22:54:24.927549,2026-04-28 22:54:24.927549,18.561473846435547
2026-04-28 22:54:25.127248,2026-04-28 22:54:25.127248,18.589754104614254
2026-04-28 22:54:25.328660,2026-04-28 22:54:25.328660,18.78957176208496
2026-04-28 22:54:25.527668,2026-04-28 22:54:25.527668,18.60785484313965
2026-04-28 22:54:25.728344,2026-04-28 22:54:25.728344,18.27761459350586
2026-04-28 22:54:25.927084,2026-04-28 22:54:25.927084,18.348472595214844
2026-04-28 22:54:26.127280,2026-04-28 22:54:26.127280,18.232919692993164
2026-04-28 22:54:26.327099,2026-04-28 22:54:26.327099,18.134700775146484
2026-04-28 22:54:26.527418,2026-04-28 22:54:26.527418,18.05121421813965
2026-04-28 22:54:26.730121,2026-04-28 22:54:26.730121,17.98025131225586
2026-04-28 22:54:26.928053,2026-04-28 22:54:26.928053,18.095712661743164
2026-04-28 22:54:27.139390,2026-04-28 22:54:27.139390,18.193857192993164
2026-04-28 22:54:27.333045,2026-04-28 22:54:27.333045,18.27727699279785
2026-04-28 22:54:27.527972,2026-04-28 22:54:27.527972,18.52396774291992
2026-04-28 22:54:27.728236,2026-04-28 22:54:27.728236,18.7336540222168
2026-04-28 22:54:27.935148,2026-04-28 22:54:27.935148,18.91188621520996
2026-04-28 22:54:28.127817,2026-04-28 22:54:28.127817,19.063385009765625
2026-04-28 22:54:41.229693,2026-04-28 22:54:41.229693,19.192157745361328
2026-04-28 22:54:41.428342,2026-04-28 22:54:41.428342,19.47739791870117
2026-04-28 22:54:41.628182,2026-04-28 22:54:41.628182,19.719850540161133
2026-04-28 22:54:41.830950,2026-04-28 22:54:41.830950,19.750154495239254
2026-04-28 22:54:42.027520,2026-04-28 22:54:42.027520,19.77591133117676
2026-04-28 22:54:42.228036,2026-04-28 22:54:42.228036,19.79780578613281
2026-04-28 22:54:42.428480,2026-04-28 22:54:42.428480,19.8164176940918
2026-04-28 22:54:42.628696,2026-04-28 22:54:42.628696,19.83223533630371
2026-04-28 22:54:42.828498,2026-04-28 22:54:42.828498,20.02146339416504
2026-04-28 22:54:43.026919,2026-04-28 22:54:43.026919,20.18230628967285
2026-04-28 22:54:43.227608,2026-04-28 22:54:43.227608,20.31902313232422
2026-04-28 22:54:43.431079,2026-04-28 22:54:43.431079,20.435232162475582
2026-04-28 22:54:43.627689,2026-04-28 22:54:43.627689,20.53400993347168
2026-04-28 22:54:43.827521,2026-04-28 22:54:43.827521,20.617969512939453
2026-04-28 22:54:44.033039,2026-04-28 22:54:44.033039,20.6893367767334
2026-04-28 22:54:44.227575,2026-04-28 22:54:44.227575,20.75
2026-04-28 22:54:44.428282,2026-04-28 22:54:44.428282,20.80156135559082
2026-04-28 22:54:44.627600,2026-04-28 22:54:44.627600,20.84539031982422
2026-04-28 22:54:44.827643,2026-04-28 22:54:44.827643,20.882644653320312
2026-04-28 22:54:45.029567,2026-04-28 22:54:45.029567,20.914310455322266
2026-04-28 22:54:45.229873,2026-04-28 22:54:45.229873,19.359193801879883
2026-04-28 22:54:45.426929,2026-04-28 22:54:45.426929,19.61937713623047
2026-04-28 22:54:45.627174,2026-04-28 22:54:45.627174,19.84053421020508
2026-04-28 22:54:45.828767,2026-04-28 22:54:45.828767,20.02851676940918
2026-04-28 22:54:46.031857,2026-04-28 22:54:46.031857,20.18830108642578
2026-04-28 22:54:46.233537,2026-04-28 22:54:46.233537,20.32411766052246
2026-04-28 22:54:46.428337,2026-04-28 22:54:46.428337,20.439563751220703
2026-04-28 22:54:46.629927,2026-04-28 22:54:46.629927,20.713472366333008
2026-04-28 22:54:46.828342,2026-04-28 22:54:46.828342,20.7705135345459
2026-04-28 22:54:47.030571,2026-04-28 22:54:47.030571,20.994781494140625
2026-04-28 22:54:47.229206,2026-04-28 22:54:47.229206,21.009626388549805
2026-04-28 22:54:47.427041,2026-04-28 22:54:47.427041,21.19802665710449
2026-04-28 22:54:47.628937,2026-04-28 22:54:47.628937,21.3581657409668
2026-04-28 22:54:47.833400,2026-04-28 22:54:47.833400,21.494285583496094
2026-04-28 22:54:48.028132,2026-04-28 22:54:48.028132,21.4342041015625
2026-04-28 22:54:48.228631,2026-04-28 22:54:48.228631,21.558917999267575
2026-04-28 22:54:48.427310,2026-04-28 22:54:48.427310,21.48914337158203
2026-04-28 22:54:48.629134,2026-04-28 22:54:48.629134,21.605615615844727
2026-04-28 22:54:48.827602,2026-04-28 22:54:48.827602,21.70461654663086
2026-04-28 22:54:49.029456,2026-04-28 22:54:49.029456,21.964548110961918
2026-04-28 22:54:49.230912,2026-04-28 22:54:49.230912,22.00971031188965
2026-04-28 22:54:49.429652,2026-04-28 22:54:49.429652,22.223878860473636
2026-04-28 22:54:49.628462,2026-04-28 22:54:49.628462,22.40592193603516
2026-04-28 22:54:49.829994,2026-04-28 22:54:49.829994,22.560659408569336
2026-04-28 22:54:50.028716,2026-04-28 22:54:50.028716,22.692184448242188
2026-04-28 22:54:50.231807,2026-04-28 22:54:50.231807,22.80398178100586
2026-04-28 22:54:50.429359,2026-04-28 22:54:50.429359,22.899009704589844
2026-04-28 22:54:50.629674,2026-04-28 22:54:50.629674,22.97978401184082
2026-04-28 22:54:50.827847,2026-04-28 22:54:50.827847,23.04844093322754
2026-04-28 22:54:51.030555,2026-04-28 22:54:51.030555,22.931018829345703
2026-04-28 22:54:51.237991,2026-04-28 22:54:51.237991,23.182771682739254
2026-04-28 22:54:51.429538,2026-04-28 22:54:51.429538,23.39676284790039
2026-04-28 22:54:51.628745,2026-04-28 22:54:51.628745,23.75443649291992
2026-04-28 22:54:51.829660,2026-04-28 22:54:51.829660,23.88267707824707
2026-04-28 22:54:52.028487,2026-04-28 22:54:52.028487,23.991682052612305
2026-04-28 22:54:52.227675,2026-04-28 22:54:52.227675,24.08433532714844
2026-04-28 22:54:52.437014,2026-04-28 22:54:52.437014,24.3388729095459
2026-04-28 22:54:52.634631,2026-04-28 22:54:52.634631,24.37944793701172
2026-04-28 22:54:52.830119,2026-04-28 22:54:52.830119,24.413936614990234
2026-04-28 22:54:53.027050,2026-04-28 22:54:53.027050,24.44325256347656
2026-04-28 22:54:53.226974,2026-04-28 22:54:53.226974,24.468170166015625
2026-04-28 22:54:53.432676,2026-04-28 22:54:53.432676,24.489351272583008
2026-04-28 22:54:53.629138,2026-04-28 22:54:53.629138,24.507354736328125
2026-04-28 22:54:53.830213,2026-04-28 22:54:53.830213,24.52265739440918
2026-04-28 22:54:54.029267,2026-04-28 22:54:54.029267,24.71144676208496
2026-04-28 22:54:54.229310,2026-04-28 22:54:54.229310,24.87191772460937
2026-04-28 22:54:54.429053,2026-04-28 22:54:54.429053,25.00831794738769
2026-04-28 22:54:54.629392,2026-04-28 22:54:54.629392,25.12425804138184
2026-04-28 22:54:54.833079,2026-04-28 22:54:54.833079,25.222806930541992
2026-04-28 22:54:55.029877,2026-04-28 22:54:55.029877,25.30657196044922
2026-04-28 22:54:55.240477,2026-04-28 22:54:55.240477,25.377775192260746
2026-04-28 22:54:55.432057,2026-04-28 22:54:55.432057,25.438295364379883
2026-04-28 22:54:55.638777,2026-04-28 22:54:55.638777,25.48973846435547
2026-04-28 22:54:55.827307,2026-04-28 22:54:55.827307,25.533466339111328
2026-04-28 22:54:56.026889,2026-04-28 22:54:56.026889,25.570632934570312
2026-04-28 22:54:56.230122,2026-04-28 22:54:56.230122,25.60222625732422
2026-04-28 22:54:56.428586,2026-04-28 22:54:56.428586,25.629079818725582
2026-04-28 22:54:56.626978,2026-04-28 22:54:56.626978,25.651905059814453
2026-04-28 22:54:56.827883,2026-04-28 22:54:56.827883,25.671306610107425
2026-04-28 22:54:57.026940,2026-04-28 22:54:57.026940,25.68779754638672
2026-04-28 22:54:57.227422,2026-04-28 22:54:57.227422,25.70181655883789
2026-04-28 22:54:57.426827,2026-04-28 22:54:57.426827,25.71373176574707
2026-04-28 22:54:57.630316,2026-04-28 22:54:57.630316,25.723859786987305
2026-04-28 22:54:57.838161,2026-04-28 22:54:57.838161,25.732467651367188
2026-04-28 22:54:58.039541,2026-04-28 22:54:58.039541,25.915565490722656
2026-04-28 22:54:58.228951,2026-04-28 22:54:58.228951,26.071199417114254
2026-04-28 22:54:58.427632,2026-04-28 22:54:58.427632,26.203489303588867
2026-04-28 22:54:58.628259,2026-04-28 22:54:58.628259,26.31593513488769
2026-04-28 22:54:58.833010,2026-04-28 22:54:58.833010,26.41151237487793
2026-04-28 22:54:59.031375,2026-04-28 22:54:59.031375,26.492753982543945
2026-04-28 22:54:59.234207,2026-04-28 22:54:59.234207,26.56180953979492
2026-04-28 22:54:59.427581,2026-04-28 22:54:59.427581,26.620508193969727
2026-04-28 22:54:59.629151,2026-04-28 22:54:59.629151,26.67040061950684
2026-04-28 22:54:59.827174,2026-04-28 22:54:59.827174,26.71280860900879
2026-04-28 22:55:00.028919,2026-04-28 22:55:00.028919,26.748855590820312
2026-04-28 22:55:00.232139,2026-04-28 22:55:00.232139,26.779497146606445
2026-04-28 22:55:00.430277,2026-04-28 22:55:00.430277,26.629758834838867
2026-04-28 22:55:00.627810,2026-04-28 22:55:00.627810,26.50248336791992
2026-04-28 22:55:00.827132,2026-04-28 22:55:00.827132,26.3942985534668
2026-04-28 22:55:01.028511,2026-04-28 22:55:01.028511,26.30234146118164
2026-04-28 22:55:01.227370,2026-04-28 22:55:01.227370,26.22417640686035
2026-04-28 22:55:01.430084,2026-04-28 22:55:01.430084,25.981956481933597
2026-04-28 22:55:01.631757,2026-04-28 22:55:01.631757,25.77606964111328
2026-04-28 22:55:01.827887,2026-04-28 22:55:01.827887,23.84325218200684
2026-04-28 22:55:02.029652,2026-04-28 22:55:02.029652,22.200359344482425
2026-04-28 22:55:02.240820,2026-04-28 22:55:02.240820,20.803897857666016
2026-04-28 22:55:02.430505,2026-04-28 22:55:02.430505,19.616907119750977
2026-04-28 22:55:02.628015,2026-04-28 22:55:02.628015,18.60796546936035
2026-04-28 22:55:02.828515,2026-04-28 22:55:02.828515,17.750364303588867
2026-04-28 22:55:03.031262,2026-04-28 22:55:03.031262,17.021404266357422
2026-04-28 22:55:03.229245,2026-04-28 22:55:03.229245,16.57756805419922
2026-04-28 22:55:03.427006,2026-04-28 22:55:03.427006,16.024526596069336
2026-04-28 22:55:03.626832,2026-04-28 22:55:03.626832,15.554441452026367
2026-04-28 22:55:03.828940,2026-04-28 22:55:03.828940,15.154869079589844
2026-04-28 22:55:04.028976,2026-04-28 22:55:04.028976,14.991013526916504
2026-04-28 22:55:04.227082,2026-04-28 22:55:04.227082,14.675954818725586
2026-04-28 22:55:04.428502,2026-04-28 22:55:04.428502,14.40815544128418
2026-04-28 22:55:04.632986,2026-04-28 22:55:04.632986,14.18052577972412
2026-04-28 22:55:04.828042,2026-04-28 22:55:04.828042,14.162821769714355
2026-04-28 22:55:05.027103,2026-04-28 22:55:05.027103,14.14777374267578
2026-04-28 22:55:05.229888,2026-04-28 22:55:05.229888,14.13498306274414
2026-04-28 22:55:05.430303,2026-04-28 22:55:05.430303,15.003016471862791
2026-04-28 22:55:05.627443,2026-04-28 22:55:05.627443,15.740845680236816
2026-04-28 22:55:05.826825,2026-04-28 22:55:05.826825,16.368000030517578
2026-04-28 22:55:06.029162,2026-04-28 22:55:06.029162,16.901081085205078
2026-04-28 22:55:06.227781,2026-04-28 22:55:06.227781,17.35420036315918
2026-04-28 22:55:06.428778,2026-04-28 22:55:06.428778,17.739351272583008
2026-04-28 22:55:19.529457,2026-04-28 22:55:19.529457,18.066730499267575
2026-04-28 22:55:19.739272,2026-04-28 22:55:19.739272,18.345001220703125
2026-04-28 22:55:19.927156,2026-04-28 22:55:19.927156,18.58153343200684
2026-04-28 22:55:20.127228,2026-04-28 22:55:20.127228,18.782583236694336
2026-04-28 22:55:20.326936,2026-04-28 22:55:20.326936,18.77769660949707
2026-04-28 22:55:20.530904,2026-04-28 22:55:20.530904,18.949323654174805
2026-04-28 22:55:20.727059,2026-04-28 22:55:20.727059,19.09520530700684
2026-04-28 22:55:20.928050,2026-04-28 22:55:20.928050,19.21920585632324
2026-04-28 22:55:21.138391,2026-04-28 22:55:21.138391,19.50038719177246
2026-04-28 22:55:21.329327,2026-04-28 22:55:21.329327,19.739391326904297
2026-04-28 22:55:21.527985,2026-04-28 22:55:21.527985,19.94254493713379
2026-04-28 22:55:21.730184,2026-04-28 22:55:21.730184,20.11522674560547
2026-04-28 22:55:21.928532,2026-04-28 22:55:21.928532,20.43778610229492
2026-04-28 22:55:22.126774,2026-04-28 22:55:22.126774,20.88774299621582
2026-04-28 22:55:22.327908,2026-04-28 22:55:22.327908,21.270206451416016
2026-04-28 22:55:22.530664,2026-04-28 22:55:22.530664,21.41951942443848
2026-04-28 22:55:22.730929,2026-04-28 22:55:22.730929,21.546436309814453
2026-04-28 22:55:22.926922,2026-04-28 22:55:22.926922,21.83009529113769
2026-04-28 22:55:23.129325,2026-04-28 22:55:23.129325,22.07120513916016
2026-04-28 22:55:23.328380,2026-04-28 22:55:23.328380,22.27614974975586
2026-04-28 22:55:23.539510,2026-04-28 22:55:23.539510,22.45035171508789
2026-04-28 22:55:23.732282,2026-04-28 22:55:23.732282,22.598424911499023
2026-04-28 22:55:23.933078,2026-04-28 22:55:23.933078,22.724285125732425
2026-04-28 22:55:24.126825,2026-04-28 22:55:24.126825,22.831268310546875
2026-04-28 22:55:24.327809,2026-04-28 22:55:24.327809,22.922203063964844
2026-04-28 22:55:24.528108,2026-04-28 22:55:24.528108,22.999496459960938
2026-04-28 22:55:24.728665,2026-04-28 22:55:24.728665,23.0651969909668
2026-04-28 22:55:24.929895,2026-04-28 22:55:24.929895,23.121042251586918
2026-04-28 22:55:25.131943,2026-04-28 22:55:25.131943,23.34429359436035
2026-04-28 22:55:25.327770,2026-04-28 22:55:25.327770,23.534055709838867
2026-04-28 22:55:25.540240,2026-04-28 22:55:25.540240,23.69535255432129
2026-04-28 22:55:25.737810,2026-04-28 22:55:25.737810,23.83245658874512
2026-04-28 22:55:25.930344,2026-04-28 22:55:25.930344,23.948993682861328
2026-04-28 22:55:26.132189,2026-04-28 22:55:26.132189,24.048051834106445
2026-04-28 22:55:26.330134,2026-04-28 22:55:26.330134,24.13224983215332
2026-04-28 22:55:26.528087,2026-04-28 22:55:26.528087,24.203819274902344
2026-04-28 22:55:26.728085,2026-04-28 22:55:26.728085,24.264652252197266
2026-04-28 22:55:26.937218,2026-04-28 22:55:26.937218,24.31636047363281
2026-04-28 22:55:27.132426,2026-04-28 22:55:27.132426,24.360313415527344
2026-04-28 22:55:27.330806,2026-04-28 22:55:27.330806,24.39767265319824
2026-04-28 22:55:27.528966,2026-04-28 22:55:27.528966,24.429428100585938
2026-04-28 22:55:27.730541,2026-04-28 22:55:27.730541,24.456418991088867
2026-04-28 22:55:27.940658,2026-04-28 22:55:27.940658,24.47936248779297
2026-04-28 22:55:28.129610,2026-04-28 22:55:28.129610,24.49886512756348
2026-04-28 22:55:28.338192,2026-04-28 22:55:28.338192,24.51544189453125
2026-04-28 22:55:28.537768,2026-04-28 22:55:28.537768,24.52953147888184
2026-04-28 22:55:28.730211,2026-04-28 22:55:28.730211,24.541507720947266
2026-04-28 22:55:28.929579,2026-04-28 22:55:28.929579,24.551687240600582
2026-04-28 22:55:29.129692,2026-04-28 22:55:29.129692,24.560340881347656
2026-04-28 22:55:29.327429,2026-04-28 22:55:29.327429,24.56769561767578
2026-04-28 22:55:29.527708,2026-04-28 22:55:29.527708,24.39816665649414
2026-04-28 22:55:29.729718,2026-04-28 22:55:29.729718,24.25406646728516
2026-04-28 22:55:29.932396,2026-04-28 22:55:29.932396,24.13158226013184
2026-04-28 22:55:30.129899,2026-04-28 22:55:30.129899,24.02746963500977
2026-04-28 22:55:30.328597,2026-04-28 22:55:30.328597,23.938974380493164
2026-04-28 22:55:30.528414,2026-04-28 22:55:30.528414,23.863752365112305
2026-04-28 22:55:30.728126,2026-04-28 22:55:30.728126,23.799814224243164
2026-04-28 22:55:30.927351,2026-04-28 22:55:30.927351,23.74546813964844
2026-04-28 22:55:31.139438,2026-04-28 22:55:31.139438,23.52349090576172
2026-04-28 22:55:31.330249,2026-04-28 22:55:31.330249,23.33481216430664
2026-04-28 22:55:31.529312,2026-04-28 22:55:31.529312,23.1744327545166
2026-04-28 22:55:31.729911,2026-04-28 22:55:31.729911,23.03811264038086
2026-04-28 22:55:31.929220,2026-04-28 22:55:31.929220,22.922239303588867
2026-04-28 22:55:32.132629,2026-04-28 22:55:32.132629,22.64796638488769
2026-04-28 22:55:32.328012,2026-04-28 22:55:32.328012,22.414833068847656
2026-04-28 22:55:32.527179,2026-04-28 22:55:32.527179,22.216670989990234
2026-04-28 22:55:32.730249,2026-04-28 22:55:32.730249,22.04823303222656
2026-04-28 22:55:32.940465,2026-04-28 22:55:32.940465,21.905059814453125
2026-04-28 22:55:33.137418,2026-04-28 22:55:33.137418,21.60758209228516
2026-04-28 22:55:33.328279,2026-04-28 22:55:33.328279,21.35472679138184
2026-04-28 22:55:33.528860,2026-04-28 22:55:33.528860,21.139799118041992
2026-04-28 22:55:33.734693,2026-04-28 22:55:33.734693,20.957109451293945
2026-04-28 22:55:33.929441,2026-04-28 22:55:33.929441,20.80182456970215
2026-04-28 22:55:34.128767,2026-04-28 22:55:34.128767,20.669832229614254
2026-04-28 22:55:34.332774,2026-04-28 22:55:34.332774,20.55763816833496
2026-04-28 22:55:34.538069,2026-04-28 22:55:34.538069,20.2864933013916
2026-04-28 22:55:34.730197,2026-04-28 22:55:34.730197,20.056018829345703
2026-04-28 22:55:34.929559,2026-04-28 22:55:34.929559,19.860116958618164
2026-04-28 22:55:35.130217,2026-04-28 22:55:35.130217,19.6935977935791
2026-04-28 22:55:35.331726,2026-04-28 22:55:35.331726,19.552059173583984
2026-04-28 22:55:35.531973,2026-04-28 22:55:35.531973,19.43174934387207
2026-04-28 22:55:35.729582,2026-04-28 22:55:35.729582,19.153705596923828
2026-04-28 22:55:35.932567,2026-04-28 22:55:35.932567,18.917369842529297
2026-04-28 22:55:36.130086,2026-04-28 22:55:36.130086,18.540700912475582
2026-04-28 22:55:36.328532,2026-04-28 22:55:36.328532,18.22053337097168
2026-04-28 22:55:36.535323,2026-04-28 22:55:36.535323,17.94839096069336
2026-04-28 22:55:36.740158,2026-04-28 22:55:36.740158,17.717069625854492
2026-04-28 22:55:36.937838,2026-04-28 22:55:36.937838,17.34466552734375
2026-04-28 22:55:37.127422,2026-04-28 22:55:37.127422,17.028121948242188
2026-04-28 22:55:37.341026,2026-04-28 22:55:37.341026,16.75905990600586
2026-04-28 22:55:37.528009,2026-04-28 22:55:37.528009,16.530357360839844
2026-04-28 22:55:37.727731,2026-04-28 22:55:37.727731,16.335960388183594
2026-04-28 22:55:37.930443,2026-04-28 22:55:37.930443,16.17072296142578
2026-04-28 22:55:38.128583,2026-04-28 22:55:38.128583,16.030269622802734
2026-04-28 22:55:38.327367,2026-04-28 22:55:38.327367,15.91088581085205
2026-04-28 22:55:38.537401,2026-04-28 22:55:38.537401,15.633627891540527
2026-04-28 22:55:38.729143,2026-04-28 22:55:38.729143,15.397958755493164
2026-04-28 22:55:38.927789,2026-04-28 22:55:38.927789,15.197640419006348
2026-04-28 22:55:39.139344,2026-04-28 22:55:39.139344,15.027368545532228
2026-04-28 22:55:39.330704,2026-04-28 22:55:39.330704,14.706857681274414
2026-04-28 22:55:39.527372,2026-04-28 22:55:39.527372,14.434422492980955
2026-04-28 22:55:39.729963,2026-04-28 22:55:39.729963,14.202853202819824
2026-04-28 22:55:39.928907,2026-04-28 22:55:39.928907,14.00601863861084
2026-04-28 22:55:40.127211,2026-04-28 22:55:40.127211,13.838709831237791
2026-04-28 22:55:40.327436,2026-04-28 22:55:40.327436,13.696496963500977
2026-04-28 22:55:40.532855,2026-04-28 22:55:40.532855,13.575615882873535
2026-04-28 22:55:40.728540,2026-04-28 22:55:40.728540,13.472867012023926
2026-04-28 22:55:40.930407,2026-04-28 22:55:40.930407,13.385531425476074
2026-04-28 22:55:41.128421,2026-04-28 22:55:41.128421,13.31129550933838
2026-04-28 22:55:41.327979,2026-04-28 22:55:41.327979,13.248194694519045
2026-04-28 22:55:41.528255,2026-04-28 22:55:41.528255,13.19455909729004
2026-04-28 22:55:41.741035,2026-04-28 22:55:41.741035,12.973187446594238
2026-04-28 22:55:41.930144,2026-04-28 22:55:41.930144,12.960803031921388
2026-04-28 22:55:42.139765,2026-04-28 22:55:42.139765,12.774495124816896
2026-04-28 22:55:42.339532,2026-04-28 22:55:42.339532,12.616133689880373
2026-04-28 22:55:42.527516,2026-04-28 22:55:42.527516,12.481526374816896
2026-04-28 22:55:42.727842,2026-04-28 22:55:42.727842,12.542890548706056
2026-04-28 22:55:42.934230,2026-04-28 22:55:42.934230,12.419269561767578
2026-04-28 22:55:43.129907,2026-04-28 22:55:43.129907,12.489973068237305
2026-04-28 22:55:43.328141,2026-04-28 22:55:43.328141,12.550070762634276
2026-04-28 22:55:43.529345,2026-04-28 22:55:43.529345,12.425373077392578
2026-04-28 22:55:43.730528,2026-04-28 22:55:43.730528,12.495160102844238
2026-04-28 22:55:43.930003,2026-04-28 22:55:43.930003,12.55448055267334
2026-04-28 22:55:44.128895,2026-04-28 22:55:44.128895,12.780683517456056
2026-04-28 22:55:44.332308,2026-04-28 22:55:44.332308,12.972955703735352
2026-04-28 22:55:44.537663,2026-04-28 22:55:44.537663,13.136387825012209
2026-04-28 22:55:44.727532,2026-04-28 22:55:44.727532,13.099522590637209
2026-04-28 22:55:57.840840,2026-04-28 22:55:57.840840,13.243969917297363
2026-04-28 22:55:58.037160,2026-04-28 22:55:58.037160,13.366748809814451
2026-04-28 22:55:58.240677,2026-04-28 22:55:58.240677,13.471111297607422
2026-04-28 22:55:58.437852,2026-04-28 22:55:58.437852,13.559820175170898
2026-04-28 22:55:58.640362,2026-04-28 22:55:58.640362,13.63522243499756
2026-04-28 22:55:58.836972,2026-04-28 22:55:58.836972,13.69931411743164
2026-04-28 22:55:59.029644,2026-04-28 22:55:59.029644,13.753791809082031
2026-04-28 22:55:59.244087,2026-04-28 22:55:59.244087,13.800097465515137
2026-04-28 22:55:59.439818,2026-04-28 22:55:59.439818,13.839458465576172
2026-04-28 22:55:59.638390,2026-04-28 22:55:59.638390,14.04869556427002
2026-04-28 22:55:59.827980,2026-04-28 22:55:59.827980,14.226547241210938
2026-04-28 22:56:00.041143,2026-04-28 22:56:00.041143,14.377721786499023
2026-04-28 22:56:00.239152,2026-04-28 22:56:00.239152,14.506219863891602
2026-04-28 22:56:00.437215,2026-04-28 22:56:00.437215,14.791224479675291
2026-04-28 22:56:00.637871,2026-04-28 22:56:00.637871,15.033477783203123
2026-04-28 22:56:00.837269,2026-04-28 22:56:00.837269,15.415175437927246
2026-04-28 22:56:01.039667,2026-04-28 22:56:01.039667,15.563836097717283
2026-04-28 22:56:01.228436,2026-04-28 22:56:01.228436,15.86598014831543
2026-04-28 22:56:01.437483,2026-04-28 22:56:01.437483,16.122800827026367
2026-04-28 22:56:01.641767,2026-04-28 22:56:01.641767,16.341100692749023
2026-04-28 22:56:01.838025,2026-04-28 22:56:01.838025,16.526653289794922
2026-04-28 22:56:02.039431,2026-04-28 22:56:02.039431,16.68437385559082
2026-04-28 22:56:02.237722,2026-04-28 22:56:02.237722,16.818437576293945
2026-04-28 22:56:02.437543,2026-04-28 22:56:02.437543,16.932390213012695
2026-04-28 22:56:02.638738,2026-04-28 22:56:02.638738,17.380813598632812
2026-04-28 22:56:02.838445,2026-04-28 22:56:02.838445,17.761972427368164
2026-04-28 22:56:03.044175,2026-04-28 22:56:03.044175,18.26173973083496
2026-04-28 22:56:03.237600,2026-04-28 22:56:03.237600,18.51075935363769
2026-04-28 22:56:03.439070,2026-04-28 22:56:03.439070,18.898208618164062
2026-04-28 22:56:03.641115,2026-04-28 22:56:03.641115,19.2275390625
2026-04-28 22:56:03.840677,2026-04-28 22:56:03.840677,19.507471084594727
2026-04-28 22:56:04.040503,2026-04-28 22:56:04.040503,19.74541282653809
2026-04-28 22:56:04.231082,2026-04-28 22:56:04.231082,19.947664260864254
2026-04-28 22:56:04.438024,2026-04-28 22:56:04.438024,20.11957550048828
2026-04-28 22:56:04.639044,2026-04-28 22:56:04.639044,20.265703201293945
2026-04-28 22:56:04.842089,2026-04-28 22:56:04.842089,20.38990974426269
2026-04-28 22:56:05.041245,2026-04-28 22:56:05.041245,19.089235305786133
2026-04-28 22:56:05.237610,2026-04-28 22:56:05.237610,17.98366355895996
2026-04-28 22:56:05.438234,2026-04-28 22:56:05.438234,17.043926239013672
2026-04-28 22:56:05.637666,2026-04-28 22:56:05.637666,16.245149612426758
2026-04-28 22:56:05.838918,2026-04-28 22:56:05.838918,15.566189765930176
2026-04-28 22:56:06.041603,2026-04-28 22:56:06.041603,14.989073753356934
2026-04-28 22:56:06.241154,2026-04-28 22:56:06.241154,14.49852466583252
2026-04-28 22:56:06.438164,2026-04-28 22:56:06.438164,14.08155918121338
2026-04-28 22:56:06.638051,2026-04-28 22:56:06.638051,13.727137565612791
2026-04-28 22:56:06.840490,2026-04-28 22:56:06.840490,13.42587947845459
2026-04-28 22:56:07.039853,2026-04-28 22:56:07.039853,12.99402904510498
2026-04-28 22:56:07.237260,2026-04-28 22:56:07.237260,12.62695598602295
2026-04-28 22:56:07.439771,2026-04-28 22:56:07.439771,12.314943313598633
2026-04-28 22:56:07.640509,2026-04-28 22:56:07.640509,12.04973316192627
2026-04-28 22:56:07.837847,2026-04-28 22:56:07.837847,11.824304580688477
2026-04-28 22:56:08.039848,2026-04-28 22:56:08.039848,11.6326904296875
2026-04-28 22:56:08.237576,2026-04-28 22:56:08.237576,11.469818115234377
2026-04-28 22:56:08.442863,2026-04-28 22:56:08.442863,11.331376075744627
2026-04-28 22:56:08.638703,2026-04-28 22:56:08.638703,11.213701248168944
2026-04-28 22:56:08.839645,2026-04-28 22:56:08.839645,11.113677024841309
2026-04-28 22:56:09.037591,2026-04-28 22:56:09.037591,11.028656959533691
2026-04-28 22:56:09.237055,2026-04-28 22:56:09.237055,11.13217067718506
2026-04-28 22:56:09.439018,2026-04-28 22:56:09.439018,11.220157623291016
2026-04-28 22:56:09.641320,2026-04-28 22:56:09.641320,11.294946670532228
2026-04-28 22:56:09.838559,2026-04-28 22:56:09.838559,11.534297943115234
2026-04-28 22:56:10.029266,2026-04-28 22:56:10.029266,11.737747192382812
2026-04-28 22:56:10.237399,2026-04-28 22:56:10.237399,11.91067886352539
2026-04-28 22:56:10.437066,2026-04-28 22:56:10.437066,12.05767059326172
2026-04-28 22:56:10.638731,2026-04-28 22:56:10.638731,12.18261432647705
2026-04-28 22:56:10.839057,2026-04-28 22:56:10.839057,12.11303424835205
2026-04-28 22:56:11.037006,2026-04-28 22:56:11.037006,12.229673385620115
2026-04-28 22:56:11.237090,2026-04-28 22:56:11.237090,13.559284210205078
2026-04-28 22:56:11.437245,2026-04-28 22:56:11.437245,14.689454078674316
2026-04-28 22:56:11.637125,2026-04-28 22:56:11.637125,14.41963005065918
2026-04-28 22:56:11.838031,2026-04-28 22:56:11.838031,15.420747756958008
2026-04-28 22:56:12.037224,2026-04-28 22:56:12.037224,16.095916748046875
2026-04-28 22:56:12.237141,2026-04-28 22:56:12.237141,16.669811248779297
2026-04-28 22:56:12.438226,2026-04-28 22:56:12.438226,17.15761947631836
2026-04-28 22:56:12.638884,2026-04-28 22:56:12.638884,17.57225799560547
2026-04-28 22:56:12.837088,2026-04-28 22:56:12.837088,17.924701690673828
2026-04-28 22:56:13.037627,2026-04-28 22:56:13.037627,18.22427749633789
2026-04-28 22:56:13.240540,2026-04-28 22:56:13.240540,18.47891616821289
2026-04-28 22:56:13.441168,2026-04-28 22:56:13.441168,18.51957893371582
2026-04-28 22:56:13.639225,2026-04-28 22:56:13.639225,18.554141998291016
2026-04-28 22:56:13.837353,2026-04-28 22:56:13.837353,18.407739639282227
2026-04-28 22:56:14.039574,2026-04-28 22:56:14.039574,18.45907974243164
2026-04-28 22:56:14.239423,2026-04-28 22:56:14.239423,18.326934814453125
2026-04-28 22:56:14.437647,2026-04-28 22:56:14.437647,18.390396118164062
2026-04-28 22:56:14.638964,2026-04-28 22:56:14.638964,18.4443359375
2026-04-28 22:56:14.838439,2026-04-28 22:56:14.838439,18.490184783935547
2026-04-28 22:56:15.037494,2026-04-28 22:56:15.037494,18.529157638549805
2026-04-28 22:56:15.240004,2026-04-28 22:56:15.240004,18.56228446960449
2026-04-28 22:56:15.439761,2026-04-28 22:56:15.439761,18.59044075012207
2026-04-28 22:56:15.641281,2026-04-28 22:56:15.641281,18.790157318115234
2026-04-28 22:56:15.837299,2026-04-28 22:56:15.837299,18.95991516113281
2026-04-28 22:56:16.037376,2026-04-28 22:56:16.037376,18.92842674255371
2026-04-28 22:56:16.238480,2026-04-28 22:56:16.238480,18.90166282653809
2026-04-28 22:56:16.438174,2026-04-28 22:56:16.438174,19.05469512939453
2026-04-28 22:56:16.640624,2026-04-28 22:56:16.640624,19.18477249145508
2026-04-28 22:56:16.837805,2026-04-28 22:56:16.837805,19.295337677001957
2026-04-28 22:56:17.040915,2026-04-28 22:56:17.040915,19.389318466186523
2026-04-28 22:56:17.237666,2026-04-28 22:56:17.237666,19.469202041625977
2026-04-28 22:56:17.439138,2026-04-28 22:56:17.439138,19.71288299560547
2026-04-28 22:56:17.639526,2026-04-28 22:56:17.639526,19.92001342773437
2026-04-28 22:56:17.840278,2026-04-28 22:56:17.840278,19.9202938079834
2026-04-28 22:56:18.037713,2026-04-28 22:56:18.037713,19.920530319213867
2026-04-28 22:56:18.237861,2026-04-28 22:56:18.237861,19.920732498168945
2026-04-28 22:56:18.437812,2026-04-28 22:56:18.437812,19.9209041595459
2026-04-28 22:56:18.637887,2026-04-28 22:56:18.637887,19.921049118041992
2026-04-28 22:56:18.838869,2026-04-28 22:56:18.838869,19.921173095703125
2026-04-28 22:56:19.042530,2026-04-28 22:56:19.042530,19.92127799987793
2026-04-28 22:56:19.241185,2026-04-28 22:56:19.241185,20.097148895263672
2026-04-28 22:56:19.438790,2026-04-28 22:56:19.438790,20.070858001708984
2026-04-28 22:56:19.638904,2026-04-28 22:56:19.638904,20.22429084777832
2026-04-28 22:56:19.840628,2026-04-28 22:56:19.840628,20.35470962524414
2026-04-28 22:56:20.037331,2026-04-28 22:56:20.037331,20.46556663513184
2026-04-28 22:56:20.244033,2026-04-28 22:56:20.244033,20.55979347229004
2026-04-28 22:56:20.438757,2026-04-28 22:56:20.438757,20.6398868560791
2026-04-28 22:56:20.639535,2026-04-28 22:56:20.639535,20.70796585083008
2026-04-28 22:56:20.838616,2026-04-28 22:56:20.838616,20.76583480834961
2026-04-28 22:56:21.042401,2026-04-28 22:56:21.042401,20.990802764892575
2026-04-28 22:56:21.237164,2026-04-28 22:56:21.237164,21.182025909423828
2026-04-28 22:56:21.441500,2026-04-28 22:56:21.441500,21.344566345214844
2026-04-28 22:56:21.638579,2026-04-28 22:56:21.638579,21.482725143432617
2026-04-28 22:56:21.840540,2026-04-28 22:56:21.840540,21.600160598754883
2026-04-28 22:56:22.042461,2026-04-28 22:56:22.042461,21.69997978210449
2026-04-28 22:56:22.239327,2026-04-28 22:56:22.239327,21.784826278686523
2026-04-28 22:56:22.439831,2026-04-28 22:56:22.439831,21.85694694519043
2026-04-28 22:56:22.639213,2026-04-28 22:56:22.639213,21.91824722290039
2026-04-28 22:56:22.838821,2026-04-28 22:56:22.838821,21.970354080200195
2026-04-28 22:56:23.040781,2026-04-28 22:56:23.040781,22.01464462280273
2026-04-28 22:56:36.137130,2026-04-28 22:56:36.137130,22.052291870117188
2026-04-28 22:56:36.339309,2026-04-28 22:56:36.339309,22.084291458129883
2026-04-28 22:56:36.538166,2026-04-28 22:56:36.538166,22.111492156982425
2026-04-28 22:56:36.736831,2026-04-28 22:56:36.736831,22.310392379760746
2026-04-28 22:56:36.937894,2026-04-28 22:56:36.937894,22.47945976257324
2026-04-28 22:56:37.137182,2026-04-28 22:56:37.137182,22.623165130615234
2026-04-28 22:56:37.337214,2026-04-28 22:56:37.337214,22.74531555175781
2026-04-28 22:56:37.540939,2026-04-28 22:56:37.540939,22.849143981933597
2026-04-28 22:56:37.736980,2026-04-28 22:56:37.736980,22.937397003173828
2026-04-28 22:56:37.937040,2026-04-28 22:56:37.937040,23.891319274902344
2026-04-28 22:56:38.137082,2026-04-28 22:56:38.137082,24.702152252197266
2026-04-28 22:56:38.339231,2026-04-28 22:56:38.339231,25.391361236572266
2026-04-28 22:56:38.538253,2026-04-28 22:56:38.538253,25.97718811035156
2026-04-28 22:56:38.739253,2026-04-28 22:56:38.739253,26.475141525268555
2026-04-28 22:56:38.937922,2026-04-28 22:56:38.937922,26.898401260375977
2026-04-28 22:56:39.143302,2026-04-28 22:56:39.143302,27.25817108154297
2026-04-28 22:56:39.337617,2026-04-28 22:56:39.337617,27.56397819519043
2026-04-28 22:56:39.539794,2026-04-28 22:56:39.539794,27.82391166687012
2026-04-28 22:56:39.741537,2026-04-28 22:56:39.741537,28.044857025146484
2026-04-28 22:56:39.942316,2026-04-28 22:56:39.942316,28.23265838623047
2026-04-28 22:56:40.140487,2026-04-28 22:56:40.140487,28.39229202270508
2026-04-28 22:56:40.340540,2026-04-28 22:56:40.340540,28.527978897094727
2026-04-28 22:56:40.541345,2026-04-28 22:56:40.541345,28.643314361572266
2026-04-28 22:56:40.739234,2026-04-28 22:56:40.739234,28.74134826660156
2026-04-28 22:56:40.938931,2026-04-28 22:56:40.938931,28.824676513671875
2026-04-28 22:56:41.138547,2026-04-28 22:56:41.138547,28.895505905151367
2026-04-28 22:56:41.338522,2026-04-28 22:56:41.338522,28.955711364746094
2026-04-28 22:56:41.544586,2026-04-28 22:56:41.544586,29.006885528564453
2026-04-28 22:56:41.738817,2026-04-28 22:56:41.738817,29.05038452148437
2026-04-28 22:56:41.938268,2026-04-28 22:56:41.938268,29.087358474731445
2026-04-28 22:56:42.140068,2026-04-28 22:56:42.140068,29.118785858154297
2026-04-28 22:56:42.338936,2026-04-28 22:56:42.338936,29.14549827575684
2026-04-28 22:56:42.537153,2026-04-28 22:56:42.537153,29.16820526123047
2026-04-28 22:56:42.739149,2026-04-28 22:56:42.739149,29.1875057220459
2026-04-28 22:56:42.939332,2026-04-28 22:56:42.939332,29.20391082763672
2026-04-28 22:56:43.137941,2026-04-28 22:56:43.137941,29.21785545349121
2026-04-28 22:56:43.345692,2026-04-28 22:56:43.345692,29.22970962524414
2026-04-28 22:56:43.540082,2026-04-28 22:56:43.540082,29.239784240722656
2026-04-28 22:56:43.738868,2026-04-28 22:56:43.738868,29.248348236083984
2026-04-28 22:56:43.940661,2026-04-28 22:56:43.940661,29.2556266784668
2026-04-28 22:56:44.137502,2026-04-28 22:56:44.137502,29.26181411743164
2026-04-28 22:56:44.338080,2026-04-28 22:56:44.338080,29.267072677612305
2026-04-28 22:56:44.537126,2026-04-28 22:56:44.537126,29.271543502807617
2026-04-28 22:56:44.742726,2026-04-28 22:56:44.742726,29.27534294128418
2026-04-28 22:56:44.941880,2026-04-28 22:56:44.941880,29.27857208251953
2026-04-28 22:56:45.140089,2026-04-28 22:56:45.140089,29.10553741455078
2026-04-28 22:56:45.342312,2026-04-28 22:56:45.342312,28.95845603942871
2026-04-28 22:56:45.541777,2026-04-28 22:56:45.541777,28.833436965942383
2026-04-28 22:56:45.738889,2026-04-28 22:56:45.738889,28.7271728515625
2026-04-28 22:56:45.939619,2026-04-28 22:56:45.939619,28.6368465423584
2026-04-28 22:56:46.138835,2026-04-28 22:56:46.138835,28.5600700378418
2026-04-28 22:56:46.338520,2026-04-28 22:56:46.338520,28.494808197021484
2026-04-28 22:56:46.537736,2026-04-28 22:56:46.537736,28.4393367767334
2026-04-28 22:56:46.741141,2026-04-28 22:56:46.741141,28.392187118530277
2026-04-28 22:56:46.938416,2026-04-28 22:56:46.938416,28.352109909057617
2026-04-28 22:56:47.139949,2026-04-28 22:56:47.139949,28.318042755126957
2026-04-28 22:56:47.337296,2026-04-28 22:56:47.337296,28.113304138183597
2026-04-28 22:56:47.540622,2026-04-28 22:56:47.540622,27.93927764892578
2026-04-28 22:56:47.739373,2026-04-28 22:56:47.739373,27.79135513305664
2026-04-28 22:56:47.942045,2026-04-28 22:56:47.942045,27.665620803833008
2026-04-28 22:56:48.137101,2026-04-28 22:56:48.137101,25.800933837890625
2026-04-28 22:56:48.341227,2026-04-28 22:56:48.341227,24.21595001220703
2026-04-28 22:56:48.538322,2026-04-28 22:56:48.538322,22.86871337890625
2026-04-28 22:56:48.739909,2026-04-28 22:56:48.739909,21.723562240600582
2026-04-28 22:56:48.937609,2026-04-28 22:56:48.937609,20.574403762817383
2026-04-28 22:56:49.138635,2026-04-28 22:56:49.138635,19.597618103027344
2026-04-28 22:56:49.338338,2026-04-28 22:56:49.338338,18.76735115051269
2026-04-28 22:56:49.538400,2026-04-28 22:56:49.538400,18.061622619628903
2026-04-28 22:56:49.738936,2026-04-28 22:56:49.738936,17.461753845214844
2026-04-28 22:56:49.937198,2026-04-28 22:56:49.937198,16.951866149902344
2026-04-28 22:56:50.137652,2026-04-28 22:56:50.137652,16.518461227416992
2026-04-28 22:56:50.337338,2026-04-28 22:56:50.337338,15.974286079406738
2026-04-28 22:56:50.539034,2026-04-28 22:56:50.539034,15.511736869812012
2026-04-28 22:56:50.741274,2026-04-28 22:56:50.741274,14.942789077758787
2026-04-28 22:56:50.937544,2026-04-28 22:56:50.937544,14.459182739257812
2026-04-28 22:56:51.141788,2026-04-28 22:56:51.141788,13.872336387634276
2026-04-28 22:56:51.336914,2026-04-28 22:56:51.336914,13.549298286437988
2026-04-28 22:56:51.541971,2026-04-28 22:56:51.541971,13.2747163772583
2026-04-28 22:56:51.737279,2026-04-28 22:56:51.737279,13.041321754455566
2026-04-28 22:56:51.938118,2026-04-28 22:56:51.938118,12.842935562133787
2026-04-28 22:56:52.138447,2026-04-28 22:56:52.138447,12.674307823181152
2026-04-28 22:56:52.337615,2026-04-28 22:56:52.337615,12.53097438812256
2026-04-28 22:56:52.538399,2026-04-28 22:56:52.538399,12.409140586853027
2026-04-28 22:56:52.740430,2026-04-28 22:56:52.740430,12.305582046508787
2026-04-28 22:56:52.937356,2026-04-28 22:56:52.937356,12.217556953430176
2026-04-28 22:56:53.137417,2026-04-28 22:56:53.137417,12.142736434936523
2026-04-28 22:56:53.338166,2026-04-28 22:56:53.338166,12.079137802124023
2026-04-28 22:56:53.538139,2026-04-28 22:56:53.538139,12.025079727172852
2026-04-28 22:56:53.737078,2026-04-28 22:56:53.737078,11.979130744934082
2026-04-28 22:56:53.939987,2026-04-28 22:56:53.939987,11.940073013305664
2026-04-28 22:56:54.141492,2026-04-28 22:56:54.141492,12.082655906677246
2026-04-28 22:56:54.340398,2026-04-28 22:56:54.340398,12.203851699829102
2026-04-28 22:56:54.539898,2026-04-28 22:56:54.539898,12.306867599487305
2026-04-28 22:56:54.737500,2026-04-28 22:56:54.737500,12.394431114196776
2026-04-28 22:56:54.937752,2026-04-28 22:56:54.937752,12.468860626220703
2026-04-28 22:56:55.137493,2026-04-28 22:56:55.137493,12.532124519348145
2026-04-28 22:56:55.338323,2026-04-28 22:56:55.338323,12.58590030670166
2026-04-28 22:56:55.537465,2026-04-28 22:56:55.537465,12.631608963012695
2026-04-28 22:56:55.738161,2026-04-28 22:56:55.738161,12.67046070098877
2026-04-28 22:56:55.938674,2026-04-28 22:56:55.938674,12.879266738891602
2026-04-28 22:56:56.138613,2026-04-28 22:56:56.138613,13.05675220489502
2026-04-28 22:56:56.338461,2026-04-28 22:56:56.338461,13.207613945007324
2026-04-28 22:56:56.538462,2026-04-28 22:56:56.538462,13.33584690093994
2026-04-28 22:56:56.737325,2026-04-28 22:56:56.737325,13.44484519958496
2026-04-28 22:56:56.943928,2026-04-28 22:56:56.943928,13.537492752075195
2026-04-28 22:56:57.137706,2026-04-28 22:56:57.137706,13.616244316101074
2026-04-28 22:56:57.340432,2026-04-28 22:56:57.340432,13.683182716369627
2026-04-28 22:56:57.537898,2026-04-28 22:56:57.537898,13.740079879760742
2026-04-28 22:56:57.738049,2026-04-28 22:56:57.738049,13.788443565368652
2026-04-28 22:56:57.939470,2026-04-28 22:56:57.939470,13.829551696777344
2026-04-28 22:56:58.137821,2026-04-28 22:56:58.137821,13.864494323730469
2026-04-28 22:56:58.337818,2026-04-28 22:56:58.337818,13.894194602966309
2026-04-28 22:56:58.539646,2026-04-28 22:56:58.539646,13.919440269470217
2026-04-28 22:56:58.741912,2026-04-28 22:56:58.741912,13.940899848937988
2026-04-28 22:56:58.940600,2026-04-28 22:56:58.940600,14.134921073913574
2026-04-28 22:56:59.138600,2026-04-28 22:56:59.138600,14.29983901977539
2026-04-28 22:56:59.339471,2026-04-28 22:56:59.339471,14.440019607543944
2026-04-28 22:56:59.540057,2026-04-28 22:56:59.540057,14.55917263031006
2026-04-28 22:56:59.737648,2026-04-28 22:56:59.737648,14.660452842712402
2026-04-28 22:56:59.940668,2026-04-28 22:56:59.940668,14.922322273254396
2026-04-28 22:57:00.139357,2026-04-28 22:57:00.139357,15.144911766052246
2026-04-28 22:57:00.342483,2026-04-28 22:57:00.342483,15.158330917358398
2026-04-28 22:57:00.537737,2026-04-28 22:57:00.537737,15.345519065856934
2026-04-28 22:57:00.739001,2026-04-28 22:57:00.739001,15.504629135131836
2026-04-28 22:57:00.938955,2026-04-28 22:57:00.938955,15.81565284729004
2026-04-28 22:57:01.141227,2026-04-28 22:57:01.141227,16.08002471923828
2026-04-28 22:57:01.341953,2026-04-28 22:57:01.341953,16.304738998413086
2026-04-28 22:57:14.436853,2026-04-28 22:57:14.436853,16.495746612548828
2026-04-28 22:57:14.637476,2026-04-28 22:57:14.637476,16.833885192871094
2026-04-28 22:57:14.839609,2026-04-28 22:57:14.839609,17.121301651000977
2026-04-28 22:57:15.040520,2026-04-28 22:57:15.040520,17.5413875579834
2026-04-28 22:57:15.236856,2026-04-28 22:57:15.236856,18.074241638183597
2026-04-28 22:57:15.437486,2026-04-28 22:57:15.437486,18.52716827392578
2026-04-28 22:57:15.641308,2026-04-28 22:57:15.641308,19.087936401367188
2026-04-28 22:57:15.836994,2026-04-28 22:57:15.836994,19.56459045410156
2026-04-28 22:57:16.039400,2026-04-28 22:57:16.039400,19.969745635986328
2026-04-28 22:57:16.237069,2026-04-28 22:57:16.237069,20.48990821838379
2026-04-28 22:57:16.438837,2026-04-28 22:57:16.438837,20.75626564025879
2026-04-28 22:57:16.640439,2026-04-28 22:57:16.640439,21.158451080322266
2026-04-28 22:57:16.839666,2026-04-28 22:57:16.839666,21.32452774047852
2026-04-28 22:57:17.037976,2026-04-28 22:57:17.037976,21.6414737701416
2026-04-28 22:57:17.239809,2026-04-28 22:57:17.239809,21.735095977783203
2026-04-28 22:57:17.439526,2026-04-28 22:57:17.439526,21.990455627441406
2026-04-28 22:57:17.640165,2026-04-28 22:57:17.640165,22.2075138092041
2026-04-28 22:57:17.839115,2026-04-28 22:57:17.839115,22.39201164245605
2026-04-28 22:57:18.037445,2026-04-28 22:57:18.037445,22.5488338470459
2026-04-28 22:57:18.237592,2026-04-28 22:57:18.237592,22.6821346282959
2026-04-28 22:57:18.438920,2026-04-28 22:57:18.438920,22.79543876647949
2026-04-28 22:57:18.637137,2026-04-28 22:57:18.637137,22.891748428344727
2026-04-28 22:57:18.838209,2026-04-28 22:57:18.838209,22.97361183166504
2026-04-28 22:57:19.036884,2026-04-28 22:57:19.036884,23.043193817138672
2026-04-28 22:57:19.240916,2026-04-28 22:57:19.240916,22.926559448242188
2026-04-28 22:57:19.439677,2026-04-28 22:57:19.439677,22.82741928100586
2026-04-28 22:57:19.641277,2026-04-28 22:57:19.641277,22.74315071105957
2026-04-28 22:57:19.841103,2026-04-28 22:57:19.841103,22.671520233154297
2026-04-28 22:57:20.037544,2026-04-28 22:57:20.037544,22.61063575744629
2026-04-28 22:57:20.239604,2026-04-28 22:57:20.239604,22.55888557434082
2026-04-28 22:57:20.445631,2026-04-28 22:57:20.445631,22.514896392822266
2026-04-28 22:57:20.638049,2026-04-28 22:57:20.638049,22.47750473022461
2026-04-28 22:57:20.838502,2026-04-28 22:57:20.838502,20.51212882995605
2026-04-28 22:57:21.039404,2026-04-28 22:57:21.039404,18.84156036376953
2026-04-28 22:57:21.238918,2026-04-28 22:57:21.238918,17.42157554626465
2026-04-28 22:57:21.438983,2026-04-28 22:57:21.438983,16.214590072631836
2026-04-28 22:57:21.639647,2026-04-28 22:57:21.639647,15.188651084899902
2026-04-28 22:57:21.837510,2026-04-28 22:57:21.837510,14.316603660583496
2026-04-28 22:57:22.039387,2026-04-28 22:57:22.039387,13.575363159179688
2026-04-28 22:57:22.237324,2026-04-28 22:57:22.237324,12.945308685302734
2026-04-28 22:57:22.438350,2026-04-28 22:57:22.438350,12.409762382507324
2026-04-28 22:57:22.638264,2026-04-28 22:57:22.638264,11.954547882080078
2026-04-28 22:57:22.838030,2026-04-28 22:57:22.838030,11.567615509033203
2026-04-28 22:57:23.039157,2026-04-28 22:57:23.039157,11.238723754882812
2026-04-28 22:57:23.239690,2026-04-28 22:57:23.239690,10.9591646194458
2026-04-28 22:57:23.439935,2026-04-28 22:57:23.439935,10.721540451049805
2026-04-28 22:57:23.638965,2026-04-28 22:57:23.638965,10.695340156555176
2026-04-28 22:57:23.840426,2026-04-28 22:57:23.840426,11.024633407592772
2026-04-28 22:57:24.038920,2026-04-28 22:57:24.038920,11.656094551086426
2026-04-28 22:57:24.240077,2026-04-28 22:57:24.240077,12.19283676147461
2026-04-28 22:57:24.438716,2026-04-28 22:57:24.438716,12.649066925048828
2026-04-28 22:57:24.642411,2026-04-28 22:57:24.642411,13.036863327026367
2026-04-28 22:57:24.839026,2026-04-28 22:57:24.839026,13.366490364074709
2026-04-28 22:57:25.037122,2026-04-28 22:57:25.037122,13.646673202514648
2026-04-28 22:57:25.239655,2026-04-28 22:57:25.239655,13.884828567504885
2026-04-28 22:57:25.439736,2026-04-28 22:57:25.439736,13.911478996276855
2026-04-28 22:57:25.638547,2026-04-28 22:57:25.638547,13.93413257598877
2026-04-28 22:57:25.839316,2026-04-28 22:57:25.839316,14.129168510437012
2026-04-28 22:57:26.037931,2026-04-28 22:57:26.037931,14.119168281555176
2026-04-28 22:57:26.239857,2026-04-28 22:57:26.239857,14.286449432373049
2026-04-28 22:57:26.441187,2026-04-28 22:57:26.441187,14.604419708251951
2026-04-28 22:57:26.639402,2026-04-28 22:57:26.639402,14.698912620544434
2026-04-28 22:57:26.837864,2026-04-28 22:57:26.837864,14.779232025146484
2026-04-28 22:57:27.037169,2026-04-28 22:57:27.037169,14.847503662109377
2026-04-28 22:57:27.239457,2026-04-28 22:57:27.239457,14.90553379058838
2026-04-28 22:57:27.437152,2026-04-28 22:57:27.437152,14.95486068725586
2026-04-28 22:57:27.640362,2026-04-28 22:57:27.640362,14.996787071228027
2026-04-28 22:57:27.839176,2026-04-28 22:57:27.839176,15.032425880432127
2026-04-28 22:57:28.039357,2026-04-28 22:57:28.039357,15.062718391418455
2026-04-28 22:57:28.237601,2026-04-28 22:57:28.237601,15.08846664428711
2026-04-28 22:57:28.438504,2026-04-28 22:57:28.438504,14.758790016174316
2026-04-28 22:57:28.637410,2026-04-28 22:57:28.637410,14.830127716064451
2026-04-28 22:57:28.842328,2026-04-28 22:57:28.842328,15.066546440124512
2026-04-28 22:57:29.039973,2026-04-28 22:57:29.039973,15.091720581054688
2026-04-28 22:57:29.237140,2026-04-28 22:57:29.237140,15.288900375366213
2026-04-28 22:57:29.437683,2026-04-28 22:57:29.437683,15.280721664428713
2026-04-28 22:57:29.638168,2026-04-28 22:57:29.638168,15.62533187866211
2026-04-28 22:57:29.839921,2026-04-28 22:57:29.839921,15.742469787597656
2026-04-28 22:57:30.040202,2026-04-28 22:57:30.040202,16.017818450927734
2026-04-28 22:57:30.238147,2026-04-28 22:57:30.238147,16.427644729614258
2026-04-28 22:57:30.438158,2026-04-28 22:57:30.438158,16.775999069213867
2026-04-28 22:57:30.644951,2026-04-28 22:57:30.644951,17.072097778320312
2026-04-28 22:57:30.837454,2026-04-28 22:57:30.837454,17.32378387451172
2026-04-28 22:57:31.039100,2026-04-28 22:57:31.039100,17.537715911865234
2026-04-28 22:57:31.237316,2026-04-28 22:57:31.237316,17.719558715820312
2026-04-28 22:57:31.443629,2026-04-28 22:57:31.443629,17.87412452697754
2026-04-28 22:57:31.637159,2026-04-28 22:57:31.637159,18.18128776550293
2026-04-28 22:57:31.837232,2026-04-28 22:57:31.837232,18.26659393310547
2026-04-28 22:57:32.038201,2026-04-28 22:57:32.038201,18.3391056060791
2026-04-28 22:57:32.239599,2026-04-28 22:57:32.239599,18.576520919799805
2026-04-28 22:57:32.441844,2026-04-28 22:57:32.441844,18.778324127197266
2026-04-28 22:57:32.639092,2026-04-28 22:57:32.639092,19.12563705444336
2026-04-28 22:57:32.836833,2026-04-28 22:57:32.836833,19.420854568481445
2026-04-28 22:57:33.039160,2026-04-28 22:57:33.039160,19.671789169311523
2026-04-28 22:57:33.241355,2026-04-28 22:57:33.241355,19.885082244873047
2026-04-28 22:57:33.438185,2026-04-28 22:57:33.438185,20.066383361816406
2026-04-28 22:57:33.641424,2026-04-28 22:57:33.641424,20.22048759460449
2026-04-28 22:57:33.838770,2026-04-28 22:57:33.838770,20.351476669311523
2026-04-28 22:57:34.037323,2026-04-28 22:57:34.037323,20.462818145751957
2026-04-28 22:57:34.237382,2026-04-28 22:57:34.237382,20.55745887756348
2026-04-28 22:57:34.439636,2026-04-28 22:57:34.439636,20.637901306152344
2026-04-28 22:57:34.639307,2026-04-28 22:57:34.639307,20.706279754638672
2026-04-28 22:57:34.839634,2026-04-28 22:57:34.839634,20.76440048217773
2026-04-28 22:57:35.037524,2026-04-28 22:57:35.037524,20.81380271911621
2026-04-28 22:57:35.238057,2026-04-28 22:57:35.238057,20.85579490661621
2026-04-28 22:57:35.438291,2026-04-28 22:57:35.438291,20.89148712158203
2026-04-28 22:57:35.639011,2026-04-28 22:57:35.639011,20.92182731628418
2026-04-28 22:57:35.837455,2026-04-28 22:57:35.837455,20.947614669799805
2026-04-28 22:57:36.038554,2026-04-28 22:57:36.038554,20.96953582763672
2026-04-28 22:57:36.241888,2026-04-28 22:57:36.241888,20.988168716430664
2026-04-28 22:57:36.439107,2026-04-28 22:57:36.439107,21.004005432128903
2026-04-28 22:57:36.637848,2026-04-28 22:57:36.637848,21.017467498779297
2026-04-28 22:57:36.837888,2026-04-28 22:57:36.837888,21.02890968322754
2026-04-28 22:57:37.037707,2026-04-28 22:57:37.037707,21.03863525390625
2026-04-28 22:57:37.238531,2026-04-28 22:57:37.238531,21.04690170288086
2026-04-28 22:57:37.440195,2026-04-28 22:57:37.440195,21.053930282592773
2026-04-28 22:57:37.637343,2026-04-28 22:57:37.637343,21.05990219116211
2026-04-28 22:57:37.837317,2026-04-28 22:57:37.837317,21.064979553222656
2026-04-28 22:57:38.041337,2026-04-28 22:57:38.041337,21.06929588317871
2026-04-28 22:57:38.238843,2026-04-28 22:57:38.238843,21.07296371459961
2026-04-28 22:57:38.437065,2026-04-28 22:57:38.437065,21.076082229614254
2026-04-28 22:57:38.638984,2026-04-28 22:57:38.638984,21.078731536865234
2026-04-28 22:57:38.839117,2026-04-28 22:57:38.839117,21.080984115600582
2026-04-28 22:57:39.040783,2026-04-28 22:57:39.040783,21.08289909362793
2026-04-28 22:57:39.243171,2026-04-28 22:57:39.243171,21.08452606201172
2026-04-28 22:57:39.439893,2026-04-28 22:57:39.439893,21.08591079711914
2026-04-28 22:57:39.639301,2026-04-28 22:57:39.639301,21.087085723876957
2026-04-28 22:57:52.738556,2026-04-28 22:57:52.738556,21.088085174560547
2026-04-28 22:57:52.937551,2026-04-28 22:57:52.937551,21.08893585205078
2026-04-28 22:57:53.137155,2026-04-28 22:57:53.137155,21.089656829833984
2026-04-28 22:57:53.337393,2026-04-28 22:57:53.337393,21.09027099609375
2026-04-28 22:57:53.539580,2026-04-28 22:57:53.539580,20.91501235961914
2026-04-28 22:57:53.737555,2026-04-28 22:57:53.737555,20.766040802001957
2026-04-28 22:57:53.940864,2026-04-28 22:57:53.940864,20.6394157409668
2026-04-28 22:57:54.140596,2026-04-28 22:57:54.140596,20.53178596496582
2026-04-28 22:57:54.336987,2026-04-28 22:57:54.336987,20.440298080444336
2026-04-28 22:57:54.537563,2026-04-28 22:57:54.537563,20.36253547668457
2026-04-28 22:57:54.739558,2026-04-28 22:57:54.739558,20.296436309814453
2026-04-28 22:57:54.937062,2026-04-28 22:57:54.937062,20.24025154113769
2026-04-28 22:57:55.140324,2026-04-28 22:57:55.140324,20.192495346069336
2026-04-28 22:57:55.338260,2026-04-28 22:57:55.338260,20.15190315246582
2026-04-28 22:57:55.537858,2026-04-28 22:57:55.537858,20.11739921569824
2026-04-28 22:57:55.741112,2026-04-28 22:57:55.741112,20.088069915771484
2026-04-28 22:57:55.941704,2026-04-28 22:57:55.941704,20.063140869140625
2026-04-28 22:57:56.137594,2026-04-28 22:57:56.137594,20.04195022583008
2026-04-28 22:57:56.339739,2026-04-28 22:57:56.339739,20.02393913269043
2026-04-28 22:57:56.538639,2026-04-28 22:57:56.538639,20.008628845214844
2026-04-28 22:57:56.738530,2026-04-28 22:57:56.738530,19.9956169128418
2026-04-28 22:57:56.937688,2026-04-28 22:57:56.937688,19.98455619812012
2026-04-28 22:57:57.138594,2026-04-28 22:57:57.138594,19.97515296936035
2026-04-28 22:57:57.336940,2026-04-28 22:57:57.336940,19.967161178588867
2026-04-28 22:57:57.538085,2026-04-28 22:57:57.538085,19.960369110107425
2026-04-28 22:57:57.737715,2026-04-28 22:57:57.737715,19.954593658447266
2026-04-28 22:57:57.941779,2026-04-28 22:57:57.941779,20.12546730041504
2026-04-28 22:57:58.136784,2026-04-28 22:57:58.136784,20.27070999145508
2026-04-28 22:57:58.337387,2026-04-28 22:57:58.337387,20.394166946411133
2026-04-28 22:57:58.539380,2026-04-28 22:57:58.539380,20.499103546142575
2026-04-28 22:57:58.741214,2026-04-28 22:57:58.741214,20.58830070495605
2026-04-28 22:57:58.938083,2026-04-28 22:57:58.938083,20.48833656311035
2026-04-28 22:57:59.137085,2026-04-28 22:57:59.137085,20.40336799621582
2026-04-28 22:57:59.339032,2026-04-28 22:57:59.339032,20.331144332885746
2026-04-28 22:57:59.537693,2026-04-28 22:57:59.537693,20.269752502441406
2026-04-28 22:57:59.737927,2026-04-28 22:57:59.737927,20.21757125854492
2026-04-28 22:57:59.936881,2026-04-28 22:57:59.936881,20.1732177734375
2026-04-28 22:58:00.136951,2026-04-28 22:58:00.136951,20.13551521301269
2026-04-28 22:58:00.339503,2026-04-28 22:58:00.339503,20.10346984863281
2026-04-28 22:58:00.538975,2026-04-28 22:58:00.538975,20.076231002807617
2026-04-28 22:58:00.737463,2026-04-28 22:58:00.737463,20.053077697753903
2026-04-28 22:58:00.938216,2026-04-28 22:58:00.938216,20.033397674560547
2026-04-28 22:58:01.138076,2026-04-28 22:58:01.138076,20.19244956970215
2026-04-28 22:58:01.338762,2026-04-28 22:58:01.338762,20.32764434814453
2026-04-28 22:58:01.538261,2026-04-28 22:58:01.538261,20.44256019592285
2026-04-28 22:58:01.741775,2026-04-28 22:58:01.741775,18.958208084106445
2026-04-28 22:58:01.937345,2026-04-28 22:58:01.937345,17.696508407592773
2026-04-28 22:58:02.138737,2026-04-28 22:58:02.138737,18.20609474182129
2026-04-28 22:58:02.339032,2026-04-28 22:58:02.339032,16.88142967224121
2026-04-28 22:58:02.538464,2026-04-28 22:58:02.538464,15.755465507507324
2026-04-28 22:58:02.739338,2026-04-28 22:58:02.739338,14.798396110534668
2026-04-28 22:58:02.939095,2026-04-28 22:58:02.939095,13.984886169433594
2026-04-28 22:58:03.137672,2026-04-28 22:58:03.137672,13.29340362548828
2026-04-28 22:58:03.337312,2026-04-28 22:58:03.337312,12.705642700195312
2026-04-28 22:58:03.540226,2026-04-28 22:58:03.540226,12.206046104431152
2026-04-28 22:58:03.741372,2026-04-28 22:58:03.741372,11.781389236450195
2026-04-28 22:58:03.939748,2026-04-28 22:58:03.939748,13.17824363708496
2026-04-28 22:58:04.139720,2026-04-28 22:58:04.139720,14.36556911468506
2026-04-28 22:58:04.338879,2026-04-28 22:58:04.338879,15.374796867370604
2026-04-28 22:58:04.537394,2026-04-28 22:58:04.537394,16.23263931274414
2026-04-28 22:58:04.737313,2026-04-28 22:58:04.737313,16.96180534362793
2026-04-28 22:58:04.937494,2026-04-28 22:58:04.937494,17.58159828186035
2026-04-28 22:58:05.141380,2026-04-28 22:58:05.141380,18.108421325683597
2026-04-28 22:58:05.338896,2026-04-28 22:58:05.338896,18.55621910095215
2026-04-28 22:58:05.541220,2026-04-28 22:58:05.541220,18.93684959411621
2026-04-28 22:58:05.739375,2026-04-28 22:58:05.739375,19.260385513305664
2026-04-28 22:58:05.939184,2026-04-28 22:58:05.939184,19.359607696533203
2026-04-28 22:58:06.138399,2026-04-28 22:58:06.138399,19.44394874572754
2026-04-28 22:58:06.340564,2026-04-28 22:58:06.340564,19.5156364440918
2026-04-28 22:58:06.542306,2026-04-28 22:58:06.542306,19.57657241821289
2026-04-28 22:58:06.737893,2026-04-28 22:58:06.737893,19.628368377685547
2026-04-28 22:58:06.943113,2026-04-28 22:58:06.943113,19.672393798828125
2026-04-28 22:58:07.137403,2026-04-28 22:58:07.137403,19.709815979003903
2026-04-28 22:58:07.338951,2026-04-28 22:58:07.338951,19.74162483215332
2026-04-28 22:58:07.544659,2026-04-28 22:58:07.544659,19.59288215637207
2026-04-28 22:58:07.740973,2026-04-28 22:58:07.740973,18.939105987548828
2026-04-28 22:58:07.936952,2026-04-28 22:58:07.936952,18.55917739868164
2026-04-28 22:58:08.138842,2026-04-28 22:58:08.138842,18.236238479614254
2026-04-28 22:58:08.339001,2026-04-28 22:58:08.339001,17.961740493774414
2026-04-28 22:58:08.537360,2026-04-28 22:58:08.537360,17.728416442871094
2026-04-28 22:58:08.743012,2026-04-28 22:58:08.743012,17.530092239379883
2026-04-28 22:58:08.937430,2026-04-28 22:58:08.937430,17.361515045166016
2026-04-28 22:58:09.137270,2026-04-28 22:58:09.137270,17.218225479125977
2026-04-28 22:58:09.339232,2026-04-28 22:58:09.339232,17.0964298248291
2026-04-28 22:58:09.540623,2026-04-28 22:58:09.540623,16.992902755737305
2026-04-28 22:58:09.738754,2026-04-28 22:58:09.738754,16.904905319213867
2026-04-28 22:58:09.937345,2026-04-28 22:58:09.937345,16.830106735229492
2026-04-28 22:58:10.137313,2026-04-28 22:58:10.137313,16.76652717590332
2026-04-28 22:58:10.343338,2026-04-28 22:58:10.343338,16.712486267089844
2026-04-28 22:58:10.542226,2026-04-28 22:58:10.542226,16.66655158996582
2026-04-28 22:58:10.738659,2026-04-28 22:58:10.738659,16.627506256103516
2026-04-28 22:58:10.942117,2026-04-28 22:58:10.942117,16.594316482543945
2026-04-28 22:58:11.137358,2026-04-28 22:58:11.137358,16.56610679626465
2026-04-28 22:58:11.339110,2026-04-28 22:58:11.339110,16.717910766601562
2026-04-28 22:58:11.541906,2026-04-28 22:58:11.541906,16.671161651611328
2026-04-28 22:58:11.737611,2026-04-28 22:58:11.737611,16.631423950195312
2026-04-28 22:58:11.937456,2026-04-28 22:58:11.937456,16.59764862060547
2026-04-28 22:58:12.145392,2026-04-28 22:58:12.145392,16.568939208984375
2026-04-28 22:58:12.337516,2026-04-28 22:58:12.337516,16.54453468322754
2026-04-28 22:58:12.538892,2026-04-28 22:58:12.538892,16.523792266845703
2026-04-28 22:58:12.737348,2026-04-28 22:58:12.737348,16.506160736083984
2026-04-28 22:58:12.938298,2026-04-28 22:58:12.938298,16.491174697875977
2026-04-28 22:58:13.137486,2026-04-28 22:58:13.137486,16.478435516357422
2026-04-28 22:58:13.341060,2026-04-28 22:58:13.341060,16.467607498168945
2026-04-28 22:58:13.537862,2026-04-28 22:58:13.537862,16.458404541015625
2026-04-28 22:58:13.737014,2026-04-28 22:58:13.737014,16.274799346923828
2026-04-28 22:58:13.938104,2026-04-28 22:58:13.938104,16.118736267089844
2026-04-28 22:58:14.137402,2026-04-28 22:58:14.137402,15.986082077026367
2026-04-28 22:58:14.339192,2026-04-28 22:58:14.339192,15.873326301574709
2026-04-28 22:58:14.537404,2026-04-28 22:58:14.537404,15.777482986450195
2026-04-28 22:58:14.738631,2026-04-28 22:58:14.738631,15.696017265319824
2026-04-28 22:58:14.937658,2026-04-28 22:58:14.937658,15.626770973205566
2026-04-28 22:58:15.142621,2026-04-28 22:58:15.142621,15.392129898071287
2026-04-28 22:58:15.338694,2026-04-28 22:58:15.338694,15.1926851272583
2026-04-28 22:58:15.538791,2026-04-28 22:58:15.538791,15.023158073425291
2026-04-28 22:58:15.737646,2026-04-28 22:58:15.737646,14.879058837890623
2026-04-28 22:58:15.938792,2026-04-28 22:58:15.938792,14.75657558441162
2026-04-28 22:58:16.139040,2026-04-28 22:58:16.139040,14.652463912963867
2026-04-28 22:58:16.338811,2026-04-28 22:58:16.338811,14.388188362121582
2026-04-28 22:58:16.537506,2026-04-28 22:58:16.537506,14.16355323791504
2026-04-28 22:58:16.752619,2026-04-28 22:58:16.752619,13.972614288330078
2026-04-28 22:58:16.942017,2026-04-28 22:58:16.942017,13.81031608581543
2026-04-28 22:58:17.138395,2026-04-28 22:58:17.138395,13.672362327575684
2026-04-28 22:58:17.338216,2026-04-28 22:58:17.338216,13.55510139465332
2026-04-28 22:58:17.541151,2026-04-28 22:58:17.541151,13.455430030822754
2026-04-28 22:58:17.738370,2026-04-28 22:58:17.738370,13.370709419250488
2026-04-28 22:58:17.940690,2026-04-28 22:58:17.940690,13.298696517944336
2026-04-28 22:58:31.037879,2026-04-28 22:58:31.037879,13.237485885620115
2026-04-28 22:58:31.238403,2026-04-28 22:58:31.238403,13.009675979614258
2026-04-28 22:58:31.437711,2026-04-28 22:58:31.437711,12.81603717803955
2026-04-28 22:58:31.637464,2026-04-28 22:58:31.637464,12.651443481445312
2026-04-28 22:58:31.836868,2026-04-28 22:58:31.836868,12.511539459228516
2026-04-28 22:58:32.039457,2026-04-28 22:58:32.039457,12.392621040344238
2026-04-28 22:58:32.238576,2026-04-28 22:58:32.238576,12.291540145874023
2026-04-28 22:58:32.440444,2026-04-28 22:58:32.440444,12.205621719360352
2026-04-28 22:58:32.637926,2026-04-28 22:58:32.637926,11.956809997558594
2026-04-28 22:58:32.838332,2026-04-28 22:58:32.838332,11.745319366455078
2026-04-28 22:58:33.036903,2026-04-28 22:58:33.036903,11.565552711486816
2026-04-28 22:58:33.239115,2026-04-28 22:58:33.239115,11.41275119781494
2026-04-28 22:58:33.437473,2026-04-28 22:58:33.437473,11.458651542663574
2026-04-28 22:58:33.639440,2026-04-28 22:58:33.639440,11.497666358947754
2026-04-28 22:58:33.837748,2026-04-28 22:58:33.837748,11.530828475952148
2026-04-28 22:58:34.036868,2026-04-28 22:58:34.036868,11.559017181396484
2026-04-28 22:58:34.237096,2026-04-28 22:58:34.237096,11.58297634124756
2026-04-28 22:58:34.436831,2026-04-28 22:58:34.436831,11.42756175994873
2026-04-28 22:58:34.637551,2026-04-28 22:58:34.637551,11.295458793640137
2026-04-28 22:58:34.837188,2026-04-28 22:58:34.837188,11.183171272277832
2026-04-28 22:58:35.038258,2026-04-28 22:58:35.038258,11.087726593017578
2026-04-28 22:58:35.237751,2026-04-28 22:58:35.237751,11.006598472595217
2026-04-28 22:58:35.438165,2026-04-28 22:58:35.438165,10.937640190124512
2026-04-28 22:58:35.636845,2026-04-28 22:58:35.636845,10.87902545928955
2026-04-28 22:58:35.839604,2026-04-28 22:58:35.839604,10.82920265197754
2026-04-28 22:58:36.037742,2026-04-28 22:58:36.037742,10.786853790283203
2026-04-28 22:58:36.236973,2026-04-28 22:58:36.236973,10.75085735321045
2026-04-28 22:58:36.437435,2026-04-28 22:58:36.437435,10.720259666442873
2026-04-28 22:58:36.640274,2026-04-28 22:58:36.640274,10.694252014160156
2026-04-28 22:58:36.839149,2026-04-28 22:58:36.839149,10.67214584350586
2026-04-28 22:58:37.037663,2026-04-28 22:58:37.037663,10.65335464477539
2026-04-28 22:58:37.238333,2026-04-28 22:58:37.238333,10.63738250732422
2026-04-28 22:58:37.437937,2026-04-28 22:58:37.437937,10.448025703430176
2026-04-28 22:58:37.638278,2026-04-28 22:58:37.638278,10.287071228027344
2026-04-28 22:58:37.845927,2026-04-28 22:58:37.845927,10.150260925292969
2026-04-28 22:58:38.040903,2026-04-28 22:58:38.040903,10.033971786499023
2026-04-28 22:58:38.239180,2026-04-28 22:58:38.239180,9.935126304626465
2026-04-28 22:58:38.438169,2026-04-28 22:58:38.438169,9.851106643676758
2026-04-28 22:58:38.638575,2026-04-28 22:58:38.638575,9.779690742492676
2026-04-28 22:58:38.849822,2026-04-28 22:58:38.849822,9.894768714904783
2026-04-28 22:58:39.037915,2026-04-28 22:58:39.037915,9.992584228515623
2026-04-28 22:58:39.238809,2026-04-28 22:58:39.238809,10.251509666442873
2026-04-28 22:58:39.438817,2026-04-28 22:58:39.438817,10.471595764160156
2026-04-28 22:58:39.636888,2026-04-28 22:58:39.636888,10.658668518066406
2026-04-28 22:58:39.838876,2026-04-28 22:58:39.838876,10.641900062561035
2026-04-28 22:58:40.037942,2026-04-28 22:58:40.037942,10.803426742553713
2026-04-28 22:58:40.240421,2026-04-28 22:58:40.240421,10.764944076538086
2026-04-28 22:58:40.438839,2026-04-28 22:58:40.438839,10.732234001159668
2026-04-28 22:58:40.641114,2026-04-28 22:58:40.641114,10.704429626464844
2026-04-28 22:58:40.836926,2026-04-28 22:58:40.836926,10.68079662322998
2026-04-28 22:58:41.039480,2026-04-28 22:58:41.039480,10.6607084274292
2026-04-28 22:58:41.239344,2026-04-28 22:58:41.239344,10.643633842468262
2026-04-28 22:58:41.441087,2026-04-28 22:58:41.441087,10.629119873046877
2026-04-28 22:58:41.637642,2026-04-28 22:58:41.637642,10.616783142089844
2026-04-28 22:58:41.838052,2026-04-28 22:58:41.838052,10.60629653930664
2026-04-28 22:58:42.038945,2026-04-28 22:58:42.038945,10.597383499145508
2026-04-28 22:58:42.239374,2026-04-28 22:58:42.239374,12.523401260375977
2026-04-28 22:58:42.440879,2026-04-28 22:58:42.440879,13.984734535217283
2026-04-28 22:58:42.640219,2026-04-28 22:58:42.640219,13.469056129455566
2026-04-28 22:58:42.839561,2026-04-28 22:58:42.839561,14.964322090148926
2026-04-28 22:58:43.038289,2026-04-28 22:58:43.038289,14.125924110412598
2026-04-28 22:58:43.238397,2026-04-28 22:58:43.238397,16.401567459106445
2026-04-28 22:58:43.439913,2026-04-28 22:58:43.439913,18.33586311340332
2026-04-28 22:58:43.640375,2026-04-28 22:58:43.640375,19.98001480102539
2026-04-28 22:58:43.841475,2026-04-28 22:58:43.841475,21.37754440307617
2026-04-28 22:58:44.039396,2026-04-28 22:58:44.039396,22.56544303894043
2026-04-28 22:58:44.242708,2026-04-28 22:58:44.242708,23.575159072875977
2026-04-28 22:58:44.438048,2026-04-28 22:58:44.438048,24.43341636657715
2026-04-28 22:58:44.640400,2026-04-28 22:58:44.640400,24.987154006958008
2026-04-28 22:58:44.838161,2026-04-28 22:58:44.838161,25.63361167907715
2026-04-28 22:58:45.037091,2026-04-28 22:58:45.037091,26.00732040405273
2026-04-28 22:58:45.240602,2026-04-28 22:58:45.240602,26.32497215270996
2026-04-28 22:58:45.443663,2026-04-28 22:58:45.443663,26.5949764251709
2026-04-28 22:58:45.647864,2026-04-28 22:58:45.647864,26.82448005676269
2026-04-28 22:58:45.840859,2026-04-28 22:58:45.840859,27.01955795288086
2026-04-28 22:58:46.040043,2026-04-28 22:58:46.040043,27.18537330627441
2026-04-28 22:58:46.238413,2026-04-28 22:58:46.238413,27.326318740844727
2026-04-28 22:58:46.437129,2026-04-28 22:58:46.437129,27.446121215820312
2026-04-28 22:58:46.639647,2026-04-28 22:58:46.639647,27.37217140197754
2026-04-28 22:58:46.837520,2026-04-28 22:58:46.837520,27.309314727783203
2026-04-28 22:58:47.037276,2026-04-28 22:58:47.037276,27.25588607788086
2026-04-28 22:58:47.240350,2026-04-28 22:58:47.240350,27.210472106933597
2026-04-28 22:58:47.439009,2026-04-28 22:58:47.439009,27.1718692779541
2026-04-28 22:58:47.639699,2026-04-28 22:58:47.639699,27.139057159423828
2026-04-28 22:58:47.838600,2026-04-28 22:58:47.838600,27.111167907714844
2026-04-28 22:58:48.038744,2026-04-28 22:58:48.038744,27.087461471557617
2026-04-28 22:58:48.242550,2026-04-28 22:58:48.242550,27.067310333251957
2026-04-28 22:58:48.440395,2026-04-28 22:58:48.440395,27.050182342529297
2026-04-28 22:58:48.640198,2026-04-28 22:58:48.640198,27.03562355041504
2026-04-28 22:58:48.838328,2026-04-28 22:58:48.838328,27.02324867248535
2026-04-28 22:58:49.038901,2026-04-28 22:58:49.038901,27.012731552124023
2026-04-28 22:58:49.239903,2026-04-28 22:58:49.239903,27.0037899017334
2026-04-28 22:58:49.440853,2026-04-28 22:58:49.440853,26.996191024780277
2026-04-28 22:58:49.640448,2026-04-28 22:58:49.640448,26.989730834960938
2026-04-28 22:58:49.837648,2026-04-28 22:58:49.837648,26.98423957824707
2026-04-28 22:58:50.040429,2026-04-28 22:58:50.040429,26.979572296142575
2026-04-28 22:58:50.238654,2026-04-28 22:58:50.238654,26.975605010986328
2026-04-28 22:58:50.440233,2026-04-28 22:58:50.440233,26.97223281860352
2026-04-28 22:58:50.637622,2026-04-28 22:58:50.637622,26.9693660736084
2026-04-28 22:58:50.841903,2026-04-28 22:58:50.841903,26.966930389404297
2026-04-28 22:58:51.038208,2026-04-28 22:58:51.038208,26.964859008789062
2026-04-28 22:58:51.241683,2026-04-28 22:58:51.241683,26.96310043334961
2026-04-28 22:58:51.438386,2026-04-28 22:58:51.438386,26.96160316467285
2026-04-28 22:58:51.637885,2026-04-28 22:58:51.637885,26.96033096313477
2026-04-28 22:58:51.840723,2026-04-28 22:58:51.840723,26.959251403808597
2026-04-28 22:58:52.041084,2026-04-28 22:58:52.041084,26.958332061767575
2026-04-28 22:58:52.236803,2026-04-28 22:58:52.236803,26.957550048828125
2026-04-28 22:58:52.437230,2026-04-28 22:58:52.437230,26.956886291503903
2026-04-28 22:58:52.636901,2026-04-28 22:58:52.636901,26.956321716308597
2026-04-28 22:58:52.837846,2026-04-28 22:58:52.837846,26.95584297180176
2026-04-28 22:58:53.038335,2026-04-28 22:58:53.038335,26.955434799194336
2026-04-28 22:58:53.241095,2026-04-28 22:58:53.241095,26.9550895690918
2026-04-28 22:58:53.438198,2026-04-28 22:58:53.438198,26.95479393005371
2026-04-28 22:58:53.637548,2026-04-28 22:58:53.637548,27.13032531738281
2026-04-28 22:58:53.842643,2026-04-28 22:58:53.842643,27.279525756835938
2026-04-28 22:58:54.038252,2026-04-28 22:58:54.038252,27.406347274780277
2026-04-28 22:58:54.237410,2026-04-28 22:58:54.237410,27.514144897460938
2026-04-28 22:58:54.438205,2026-04-28 22:58:54.438205,27.60577392578125
2026-04-28 22:58:54.639196,2026-04-28 22:58:54.639196,27.683656692504883
2026-04-28 22:58:54.839765,2026-04-28 22:58:54.839765,27.74985885620117
2026-04-28 22:58:55.039489,2026-04-28 22:58:55.039489,27.806129455566406
2026-04-28 22:58:55.238703,2026-04-28 22:58:55.238703,27.853960037231445
2026-04-28 22:58:55.441032,2026-04-28 22:58:55.441032,27.89461708068848
2026-04-28 22:58:55.637552,2026-04-28 22:58:55.637552,27.929174423217773
2026-04-28 22:58:55.838213,2026-04-28 22:58:55.838213,27.95854759216309
2026-04-28 22:58:56.038860,2026-04-28 22:58:56.038860,28.1592960357666
2026-04-28 22:58:56.239295,2026-04-28 22:58:56.239295,28.154151916503903
2026-04-28 22:59:09.337020,2026-04-28 22:59:09.337020,28.1497802734375
2026-04-28 22:59:09.537945,2026-04-28 22:59:09.537945,28.14606285095215
2026-04-28 22:59:09.741790,2026-04-28 22:59:09.741790,28.142902374267575
2026-04-28 22:59:09.942452,2026-04-28 22:59:09.942452,28.140216827392575
2026-04-28 22:59:10.137713,2026-04-28 22:59:10.137713,28.13793563842773
2026-04-28 22:59:10.337597,2026-04-28 22:59:10.337597,28.13599395751953
2026-04-28 22:59:10.538430,2026-04-28 22:59:10.538430,28.13434600830078
2026-04-28 22:59:10.737833,2026-04-28 22:59:10.737833,28.132944107055664
2026-04-28 22:59:10.937163,2026-04-28 22:59:10.937163,28.13175201416016
2026-04-28 22:59:11.138814,2026-04-28 22:59:11.138814,28.130739212036133
2026-04-28 22:59:11.339829,2026-04-28 22:59:11.339829,28.12987899780273
2026-04-28 22:59:11.539552,2026-04-28 22:59:11.539552,28.12914657592773
2026-04-28 22:59:11.739467,2026-04-28 22:59:11.739467,28.12852478027344
2026-04-28 22:59:11.937543,2026-04-28 22:59:11.937543,28.12799644470215
2026-04-28 22:59:12.136874,2026-04-28 22:59:12.136874,28.127546310424805
2026-04-28 22:59:12.337716,2026-04-28 22:59:12.337716,28.12716484069824
2026-04-28 22:59:12.536968,2026-04-28 22:59:12.536968,28.126840591430664
2026-04-28 22:59:12.742075,2026-04-28 22:59:12.742075,27.950782775878903
2026-04-28 22:59:12.937033,2026-04-28 22:59:12.937033,27.80113410949707
2026-04-28 22:59:13.140435,2026-04-28 22:59:13.140435,27.849714279174805
2026-04-28 22:59:13.338497,2026-04-28 22:59:13.338497,27.89100646972656
2026-04-28 22:59:13.537976,2026-04-28 22:59:13.537976,27.750324249267575
2026-04-28 22:59:13.736796,2026-04-28 22:59:13.736796,27.63074493408203
2026-04-28 22:59:13.936998,2026-04-28 22:59:13.936998,27.529102325439453
2026-04-28 22:59:14.137032,2026-04-28 22:59:14.137032,27.442705154418945
2026-04-28 22:59:14.339725,2026-04-28 22:59:14.339725,27.3692684173584
2026-04-28 22:59:14.541235,2026-04-28 22:59:14.541235,27.131065368652344
2026-04-28 22:59:14.737033,2026-04-28 22:59:14.737033,26.92859268188477
2026-04-28 22:59:14.937994,2026-04-28 22:59:14.937994,26.58070945739746
2026-04-28 22:59:15.137007,2026-04-28 22:59:15.137007,26.285009384155277
2026-04-28 22:59:15.336936,2026-04-28 22:59:15.336936,26.03366470336914
2026-04-28 22:59:15.537953,2026-04-28 22:59:15.537953,25.64423942565918
2026-04-28 22:59:15.738609,2026-04-28 22:59:15.738609,25.31322860717773
2026-04-28 22:59:15.941456,2026-04-28 22:59:15.941456,24.856088638305664
2026-04-28 22:59:16.136957,2026-04-28 22:59:16.136957,24.64330101013184
2026-04-28 22:59:16.336917,2026-04-28 22:59:16.336917,24.28664970397949
2026-04-28 22:59:16.540894,2026-04-28 22:59:16.540894,23.983495712280277
2026-04-28 22:59:16.738530,2026-04-28 22:59:16.738530,23.550033569335938
2026-04-28 22:59:16.938432,2026-04-28 22:59:16.938432,23.181591033935547
2026-04-28 22:59:17.141863,2026-04-28 22:59:17.141863,21.8137264251709
2026-04-28 22:59:17.338521,2026-04-28 22:59:17.338521,20.826824188232425
2026-04-28 22:59:17.537474,2026-04-28 22:59:17.537474,19.987957000732425
2026-04-28 22:59:17.736769,2026-04-28 22:59:17.736769,19.09913825988769
2026-04-28 22:59:17.936937,2026-04-28 22:59:17.936937,18.34364318847656
2026-04-28 22:59:18.141268,2026-04-28 22:59:18.141268,17.70147132873535
2026-04-28 22:59:18.337960,2026-04-28 22:59:18.337960,17.33140754699707
2026-04-28 22:59:18.537681,2026-04-28 22:59:18.537681,17.0168514251709
2026-04-28 22:59:18.737991,2026-04-28 22:59:18.737991,16.925262451171875
2026-04-28 22:59:18.949965,2026-04-28 22:59:18.949965,16.847410202026367
2026-04-28 22:59:19.152587,2026-04-28 22:59:19.152587,16.60545539855957
2026-04-28 22:59:19.341290,2026-04-28 22:59:19.341290,16.39979362487793
2026-04-28 22:59:19.537985,2026-04-28 22:59:19.537985,16.224979400634766
2026-04-28 22:59:19.737635,2026-04-28 22:59:19.737635,16.25217056274414
2026-04-28 22:59:19.939162,2026-04-28 22:59:19.939162,16.09950065612793
2026-04-28 22:59:20.139396,2026-04-28 22:59:20.139396,15.969732284545898
2026-04-28 22:59:20.340374,2026-04-28 22:59:20.340374,15.85942840576172
2026-04-28 22:59:20.541954,2026-04-28 22:59:20.541954,15.765670776367188
2026-04-28 22:59:20.739357,2026-04-28 22:59:20.739357,15.685976028442385
2026-04-28 22:59:20.940118,2026-04-28 22:59:20.940118,15.618236541748049
2026-04-28 22:59:21.139786,2026-04-28 22:59:21.139786,15.560656547546388
2026-04-28 22:59:21.341200,2026-04-28 22:59:21.341200,15.511714935302734
2026-04-28 22:59:21.539878,2026-04-28 22:59:21.539878,15.47011375427246
2026-04-28 22:59:21.739596,2026-04-28 22:59:21.739596,15.434752464294434
2026-04-28 22:59:21.939552,2026-04-28 22:59:21.939552,15.404696464538574
2026-04-28 22:59:22.141219,2026-04-28 22:59:22.141219,15.379148483276367
2026-04-28 22:59:22.339715,2026-04-28 22:59:22.339715,15.35743236541748
2026-04-28 22:59:22.539076,2026-04-28 22:59:22.539076,15.33897304534912
2026-04-28 22:59:22.741536,2026-04-28 22:59:22.741536,15.323284149169922
2026-04-28 22:59:22.939780,2026-04-28 22:59:22.939780,15.13416576385498
2026-04-28 22:59:23.140787,2026-04-28 22:59:23.140787,14.973416328430176
2026-04-28 22:59:23.339588,2026-04-28 22:59:23.339588,14.83677864074707
2026-04-28 22:59:23.537515,2026-04-28 22:59:23.537515,14.720637321472168
2026-04-28 22:59:23.737506,2026-04-28 22:59:23.737506,14.62191677093506
2026-04-28 22:59:23.938120,2026-04-28 22:59:23.938120,14.713785171508787
2026-04-28 22:59:24.139500,2026-04-28 22:59:24.139500,14.791873931884766
2026-04-28 22:59:24.342700,2026-04-28 22:59:24.342700,14.858248710632324
2026-04-28 22:59:24.542444,2026-04-28 22:59:24.542444,14.914668083190918
2026-04-28 22:59:24.748630,2026-04-28 22:59:24.748630,15.138404846191406
2026-04-28 22:59:24.940614,2026-04-28 22:59:24.940614,15.32858180999756
2026-04-28 22:59:25.139415,2026-04-28 22:59:25.139415,15.490232467651367
2026-04-28 22:59:25.340009,2026-04-28 22:59:25.340009,15.62763500213623
2026-04-28 22:59:25.537086,2026-04-28 22:59:25.537086,15.744426727294922
2026-04-28 22:59:25.740288,2026-04-28 22:59:25.740288,15.843700408935549
2026-04-28 22:59:25.941368,2026-04-28 22:59:25.941368,16.103864669799805
2026-04-28 22:59:26.140145,2026-04-28 22:59:26.140145,16.325002670288086
2026-04-28 22:59:26.341285,2026-04-28 22:59:26.341285,16.512971878051758
2026-04-28 22:59:26.540785,2026-04-28 22:59:26.540785,16.672744750976562
2026-04-28 22:59:26.741728,2026-04-28 22:59:26.741728,16.808551788330078
2026-04-28 22:59:26.937824,2026-04-28 22:59:26.937824,16.923988342285156
2026-04-28 22:59:27.142770,2026-04-28 22:59:27.142770,17.02210807800293
2026-04-28 22:59:27.340553,2026-04-28 22:59:27.340553,17.105510711669922
2026-04-28 22:59:27.543679,2026-04-28 22:59:27.543679,17.176403045654297
2026-04-28 22:59:27.738914,2026-04-28 22:59:27.738914,17.236661911010742
2026-04-28 22:59:27.937571,2026-04-28 22:59:27.937571,17.287879943847656
2026-04-28 22:59:28.150940,2026-04-28 22:59:28.150940,17.507198333740234
2026-04-28 22:59:28.337877,2026-04-28 22:59:28.337877,17.693618774414062
2026-04-28 22:59:28.539982,2026-04-28 22:59:28.539982,17.852075576782227
2026-04-28 22:59:28.739562,2026-04-28 22:59:28.739562,18.162546157836918
2026-04-28 22:59:28.938850,2026-04-28 22:59:28.938850,18.42644500732422
