log_time,breath_rate
2026-04-23 06:04:21.668757,
2026-04-23 06:04:22.268652,
2026-04-23 06:04:22.868577,
2026-04-23 06:04:23.468586,
2026-04-23 06:04:24.068623,
2026-04-23 06:04:24.768674,
2026-04-23 06:04:25.368554,
2026-04-23 06:04:25.968712,
2026-04-23 06:04:26.568674,
2026-04-23 06:04:27.168579,
2026-04-23 06:04:27.768662,
2026-04-23 06:04:28.368630,
2026-04-23 06:04:29.068803,
2026-04-23 06:04:29.668905,
2026-04-23 06:04:30.268632,
2026-04-23 06:04:30.868733,
2026-04-23 06:04:31.469265,
2026-04-23 06:04:32.068724,
2026-04-23 06:04:32.669599,
2026-04-23 06:04:33.269077,
2026-04-23 06:04:33.968869,
2026-04-23 06:04:34.469962,
2026-04-23 06:04:35.073608,
2026-04-23 06:04:37.268597,
2026-04-23 06:04:37.369223,
2026-04-23 06:04:37.470953,
2026-04-23 06:04:37.569826,
2026-04-23 06:04:37.668699,
2026-04-23 06:04:37.769116,
2026-04-23 06:04:37.868974,
2026-04-23 06:04:38.068726,
2026-04-23 06:04:38.171510,
2026-04-23 06:04:38.269875,
2026-04-23 06:04:38.369512,
2026-04-23 06:04:38.470679,
2026-04-23 06:04:38.668613,
2026-04-23 06:04:38.770214,
2026-04-23 06:04:38.871254,
2026-04-23 06:04:38.969755,
2026-04-23 06:04:39.068632,
2026-04-23 06:04:39.168650,
2026-04-23 06:04:39.370517,
2026-04-23 06:04:39.468638,
2026-04-23 06:04:39.568669,
2026-04-23 06:04:39.669268,
2026-04-23 06:04:39.768851,
2026-04-23 06:04:39.870954,
2026-04-23 06:04:39.969668,
2026-04-23 06:04:40.168743,
2026-04-23 06:04:40.268899,
2026-04-23 06:04:40.368883,
2026-04-23 06:04:40.468645,
2026-04-23 06:04:40.568997,
2026-04-23 06:04:40.668566,
2026-04-23 06:04:40.868757,
2026-04-23 06:04:40.970516,
2026-04-23 06:04:41.069166,
2026-04-23 06:04:41.168936,
2026-04-23 06:04:41.269002,
2026-04-23 06:04:41.368634,
2026-04-23 06:04:41.573269,
2026-04-23 06:04:41.669448,
2026-04-23 06:04:41.772346,
2026-04-23 06:04:41.869816,
2026-04-23 06:04:41.970738,
2026-04-23 06:04:42.070446,
2026-04-23 06:04:42.268571,
2026-04-23 06:04:42.368699,
2026-04-23 06:04:42.469059,
2026-04-23 06:04:42.569144,
2026-04-23 06:04:42.669336,
2026-04-23 06:04:42.769231,
2026-04-23 06:04:42.968735,
2026-04-23 06:04:43.068567,
2026-04-23 06:04:43.168611,
2026-04-23 06:04:43.268634,
2026-04-23 06:04:43.368623,
2026-04-23 06:04:43.469261,
2026-04-23 06:04:43.668754,
2026-04-23 06:04:43.769323,
2026-04-23 06:04:43.868754,
2026-04-23 06:04:43.969121,
2026-04-23 06:04:44.068611,
2026-04-23 06:04:44.172140,
2026-04-23 06:04:44.371166,
2026-04-23 06:04:44.468722,
2026-04-23 06:04:44.568667,
2026-04-23 06:04:44.670238,
2026-04-23 06:04:44.768641,
2026-04-23 06:04:44.868730,
2026-04-23 06:04:45.068969,
2026-04-23 06:04:45.168598,
2026-04-23 06:04:45.271795,
2026-04-23 06:04:45.370317,
2026-04-23 06:04:45.468604,
2026-04-23 06:04:45.568699,
2026-04-23 06:04:45.669287,
2026-04-23 06:04:45.868548,
2026-04-23 06:04:45.968746,
2026-04-23 06:04:46.068626,
2026-04-23 06:04:46.168542,
2026-04-23 06:04:46.268696,
2026-04-23 06:04:46.370913,
2026-04-23 06:04:46.568703,
2026-04-23 06:04:46.668747,
2026-04-23 06:04:46.768692,
2026-04-23 06:04:46.868625,
2026-04-23 06:04:46.968638,
2026-04-23 06:04:47.068696,
2026-04-23 06:04:47.268677,
2026-04-23 06:04:47.368699,
2026-04-23 06:04:47.468679,
2026-04-23 06:04:47.568632,
2026-04-23 06:04:47.668748,
2026-04-23 06:04:47.768743,
2026-04-23 06:04:47.968628,
2026-04-23 06:04:48.069541,
2026-04-23 06:04:48.170218,
2026-04-23 06:04:48.268634,
2026-04-23 06:04:48.368594,
2026-04-23 06:04:48.468647,
2026-04-23 06:04:48.668591,
2026-04-23 06:04:48.768670,
2026-04-23 06:04:48.868691,
2026-04-23 06:04:48.969095,
2026-04-23 06:04:49.069107,
2026-04-23 06:04:49.168837,
2026-04-23 06:04:49.369090,
2026-04-23 06:04:49.470405,
2026-04-23 06:04:49.569208,
2026-04-23 06:04:49.670517,
2026-04-23 06:04:49.769051,
2026-04-23 06:04:49.868610,
2026-04-23 06:04:50.068545,
2026-04-23 06:04:50.168659,
2026-04-23 06:04:50.269843,
2026-04-23 06:04:50.369483,
2026-04-23 06:04:50.468585,
2026-04-23 06:04:50.568782,
2026-04-23 06:04:50.668822,
2026-04-23 06:04:50.868848,
2026-04-23 06:04:50.968853,
2026-04-23 06:04:51.069758,
2026-04-23 06:04:51.168783,
2026-04-23 06:04:51.269792,
2026-04-23 06:04:51.369398,
2026-04-23 06:04:51.568814,
2026-04-23 06:04:51.668632,
2026-04-23 06:04:51.768824,
2026-04-23 06:04:51.869846,
2026-04-23 06:04:51.968657,
2026-04-23 06:04:52.068900,
2026-04-23 06:04:52.268811,
2026-04-23 06:04:52.368666,
2026-04-23 06:04:52.468697,
2026-04-23 06:04:52.568739,
2026-04-23 06:04:52.668582,
2026-04-23 06:04:52.769216,
2026-04-23 06:04:52.970108,
2026-04-23 06:04:53.069216,
2026-04-23 06:04:53.171271,
2026-04-23 06:04:53.268643,
2026-04-23 06:04:53.368951,
2026-04-23 06:04:53.469338,
2026-04-23 06:04:53.668633,
2026-04-23 06:04:53.771050,
2026-04-23 06:04:53.868756,
2026-04-23 06:04:53.968682,
2026-04-23 06:04:54.068612,
2026-04-23 06:04:54.169952,
2026-04-23 06:04:54.368703,
2026-04-23 06:04:54.470223,
2026-04-23 06:04:54.568718,
2026-04-23 06:04:54.669527,
2026-04-23 06:04:54.768579,
2026-04-23 06:04:54.868917,
2026-04-23 06:04:55.068650,
2026-04-23 06:04:55.168597,
2026-04-23 06:04:55.268764,
2026-04-23 06:04:55.368643,
2026-04-23 06:04:55.468552,
2026-04-23 06:04:55.568564,
2026-04-23 06:04:55.668823,
2026-04-23 06:04:55.869835,
2026-04-23 06:04:55.969454,
2026-04-23 06:04:56.068574,
2026-04-23 06:04:56.170295,
2026-04-23 06:04:56.270102,
2026-04-23 06:04:56.368628,
2026-04-23 06:04:56.570044,
2026-04-23 06:04:56.669436,
2026-04-23 06:04:56.768800,
2026-04-23 06:04:56.869895,
2026-04-23 06:04:56.969509,
2026-04-23 06:04:57.071162,
2026-04-23 06:04:57.271291,
2026-04-23 06:04:57.370603,
2026-04-23 06:04:57.470760,
2026-04-23 06:04:57.570753,
2026-04-23 06:04:57.669683,
2026-04-23 06:04:57.769359,
2026-04-23 06:04:57.968761,
2026-04-23 06:04:58.069617,
2026-04-23 06:04:58.169833,
2026-04-23 06:04:58.268975,
2026-04-23 06:04:58.369332,
2026-04-23 06:04:58.468836,
2026-04-23 06:04:58.668895,
2026-04-23 06:04:58.771965,
2026-04-23 06:04:58.868526,
2026-04-23 06:04:58.968661,
2026-04-23 06:04:59.070025,
2026-04-23 06:04:59.168562,
2026-04-23 06:04:59.368647,
2026-04-23 06:04:59.469411,
2026-04-23 06:04:59.568876,
2026-04-23 06:04:59.670390,
2026-04-23 06:04:59.769784,
2026-04-23 06:04:59.868583,
2026-04-23 06:05:00.069230,
2026-04-23 06:05:00.168509,
2026-04-23 06:05:00.268640,
2026-04-23 06:05:00.369963,
2026-04-23 06:05:00.468641,
2026-04-23 06:05:00.569275,
2026-04-23 06:05:00.771338,
2026-04-23 06:05:00.868664,
2026-04-23 06:05:00.968904,
2026-04-23 06:05:01.068547,
2026-04-23 06:05:01.168648,
2026-04-23 06:05:01.268556,
2026-04-23 06:05:01.369846,
2026-04-23 06:05:01.568752,
2026-04-23 06:05:01.668864,
2026-04-23 06:05:01.768637,
2026-04-23 06:05:01.869589,
2026-04-23 06:05:01.968570,
2026-04-23 06:05:02.068682,
2026-04-23 06:05:02.268715,
2026-04-23 06:05:02.368654,
2026-04-23 06:05:02.468820,
2026-04-23 06:05:02.571353,
2026-04-23 06:05:02.669766,
2026-04-23 06:05:02.769213,
2026-04-23 06:05:02.968874,
2026-04-23 06:05:03.068724,
2026-04-23 06:05:03.168539,
2026-04-23 06:05:03.268607,
2026-04-23 06:05:03.368576,
2026-04-23 06:05:03.468552,
2026-04-23 06:05:03.668856,
2026-04-23 06:05:03.768902,
2026-04-23 06:05:03.868668,
2026-04-23 06:05:03.969910,
2026-04-23 06:05:04.070033,
2026-04-23 06:05:04.168620,
2026-04-23 06:05:04.368551,
2026-04-23 06:05:04.468672,
2026-04-23 06:05:04.569491,
2026-04-23 06:05:04.669197,
2026-04-23 06:05:04.769611,
2026-04-23 06:05:04.870168,
2026-04-23 06:05:05.068596,
2026-04-23 06:05:05.168739,
2026-04-23 06:05:05.270162,
2026-04-23 06:05:05.369602,
2026-04-23 06:05:05.468565,
2026-04-23 06:05:05.568872,
2026-04-23 06:05:05.768771,
2026-04-23 06:05:05.871677,
2026-04-23 06:05:05.969100,
2026-04-23 06:05:06.068623,
2026-04-23 06:05:06.168561,
2026-04-23 06:05:06.268555,
2026-04-23 06:05:06.468714,
2026-04-23 06:05:06.568577,
2026-04-23 06:05:06.668729,
2026-04-23 06:05:06.768557,
2026-04-23 06:05:06.868673,
2026-04-23 06:05:06.968550,
2026-04-23 06:05:07.168645,
2026-04-23 06:05:07.268659,
2026-04-23 06:05:07.368511,
2026-04-23 06:05:07.468698,
2026-04-23 06:05:07.568701,
2026-04-23 06:05:07.668674,
2026-04-23 06:05:07.768652,
2026-04-23 06:05:07.968971,
2026-04-23 06:05:08.069276,
2026-04-23 06:05:08.168713,
2026-04-23 06:05:08.268535,
2026-04-23 06:05:08.368630,
2026-04-23 06:05:08.468548,
2026-04-23 06:05:08.668583,
2026-04-23 06:05:08.768584,
2026-04-23 06:05:08.868506,
2026-04-23 06:05:08.968628,
2026-04-23 06:05:09.068599,
2026-04-23 06:05:09.168670,
2026-04-23 06:05:09.368490,
2026-04-23 06:05:09.469508,
2026-04-23 06:05:09.568951,
2026-04-23 06:05:09.668921,
2026-04-23 06:05:09.768515,
2026-04-23 06:05:09.868793,
2026-04-23 06:05:10.068678,
2026-04-23 06:05:10.168643,
2026-04-23 06:05:10.268599,
2026-04-23 06:05:10.368702,
2026-04-23 06:05:10.468502,
2026-04-23 06:05:10.569501,
2026-04-23 06:05:10.768635,
2026-04-23 06:05:10.869134,
2026-04-23 06:05:10.968646,
2026-04-23 06:05:11.068888,
2026-04-23 06:05:11.168926,
2026-04-23 06:05:11.268516,
2026-04-23 06:05:11.369010,
2026-04-23 06:05:11.568664,
2026-04-23 06:05:11.668689,
2026-04-23 06:05:11.768758,
2026-04-23 06:05:11.868675,
2026-04-23 06:05:11.968681,
2026-04-23 06:05:12.068542,
2026-04-23 06:05:12.268744,
2026-04-23 06:05:12.368693,
2026-04-23 06:05:12.468728,
2026-04-23 06:05:12.568814,
2026-04-23 06:05:12.669316,
2026-04-23 06:05:12.769726,
2026-04-23 06:05:12.971098,
2026-04-23 06:05:13.069705,
2026-04-23 06:05:13.169270,
2026-04-23 06:05:13.268698,
2026-04-23 06:05:13.368628,
2026-04-23 06:05:13.468714,
2026-04-23 06:05:13.668500,
2026-04-23 06:05:13.769913,
2026-04-23 06:05:13.868978,
2026-04-23 06:05:13.970469,
2026-04-23 06:05:14.068593,
2026-04-23 06:05:14.170785,
2026-04-23 06:05:14.369339,
2026-04-23 06:05:14.469214,
2026-04-23 06:05:14.568745,
2026-04-23 06:05:14.671281,
2026-04-23 06:05:14.769279,
2026-04-23 06:05:14.871085,
2026-04-23 06:05:15.068506,
2026-04-23 06:05:15.168929,
2026-04-23 06:05:15.269238,
2026-04-23 06:05:15.469826,
2026-04-23 06:05:15.568660,
2026-04-23 06:05:15.670277,
2026-04-23 06:05:15.868611,
2026-04-23 06:05:15.968582,
2026-04-23 06:05:16.069339,
2026-04-23 06:05:16.169081,
2026-04-23 06:05:16.269998,
2026-04-23 06:05:16.369874,
2026-04-23 06:05:16.470886,
2026-04-23 06:05:16.668600,
2026-04-23 06:05:16.770221,
2026-04-23 06:05:16.872419,
2026-04-23 06:05:16.970792,
2026-04-23 06:05:17.070549,
2026-04-23 06:05:17.269734,
2026-04-23 06:05:17.369418,
2026-04-23 06:05:17.470764,
2026-04-23 06:05:17.569178,
2026-04-23 06:05:17.668966,
2026-04-23 06:05:17.768585,
2026-04-23 06:05:17.868672,
2026-04-23 06:05:18.068503,
2026-04-23 06:05:18.169014,
2026-04-23 06:05:18.271485,
2026-04-23 06:05:18.368684,
2026-04-23 06:05:18.468715,
2026-04-23 06:05:18.568787,
2026-04-23 06:05:18.769441,
2026-04-23 06:05:18.869122,
2026-04-23 06:05:18.969215,
2026-04-23 06:05:19.070519,
2026-04-23 06:05:19.171551,
2026-04-23 06:05:19.271251,
2026-04-23 06:05:19.472460,
2026-04-23 06:05:19.568707,
2026-04-23 06:05:19.668720,
2026-04-23 06:05:19.769240,
2026-04-23 06:05:19.869369,
2026-04-23 06:05:19.970420,
2026-04-23 06:05:20.169960,
2026-04-23 06:05:20.269255,
2026-04-23 06:05:20.370448,
2026-04-23 06:05:20.468703,
2026-04-23 06:05:20.568928,
2026-04-23 06:05:20.670614,
2026-04-23 06:05:20.869707,
2026-04-23 06:05:20.968838,
2026-04-23 06:05:21.069357,
2026-04-23 06:05:21.168604,
2026-04-23 06:05:21.269047,
2026-04-23 06:05:21.368593,
2026-04-23 06:05:21.568573,
2026-04-23 06:05:21.668746,
2026-04-23 06:05:21.768569,
2026-04-23 06:05:21.872163,
2026-04-23 06:05:21.968506,
2026-04-23 06:05:22.068489,
2026-04-23 06:05:22.269718,
2026-04-23 06:05:22.368605,
2026-04-23 06:05:22.468638,
2026-04-23 06:05:22.568632,
2026-04-23 06:05:22.668688,
2026-04-23 06:05:22.768734,
2026-04-23 06:05:22.968832,
2026-04-23 06:05:23.068627,
2026-04-23 06:05:23.169794,
2026-04-23 06:05:23.268898,
2026-04-23 06:05:23.369717,
2026-04-23 06:05:23.469694,
2026-04-23 06:05:23.571633,
2026-04-23 06:05:23.769011,
2026-04-23 06:05:23.868857,
2026-04-23 06:05:23.968735,
2026-04-23 06:05:24.068502,
2026-04-23 06:05:24.168638,
2026-04-23 06:05:24.368496,
2026-04-23 06:05:24.469541,
2026-04-23 06:05:24.569146,
2026-04-23 06:05:24.668519,
2026-04-23 06:05:24.768622,
2026-04-23 06:05:24.868621,
2026-04-23 06:05:25.071507,
2026-04-23 06:05:25.168562,
2026-04-23 06:05:26.268861,
2026-04-23 06:05:26.368529,
2026-04-23 06:05:26.469536,
2026-04-23 06:05:26.568711,
2026-04-23 06:05:26.668634,
2026-04-23 06:05:26.768553,
2026-04-23 06:05:26.968490,
2026-04-23 06:05:27.068824,
2026-04-23 06:05:27.168696,
2026-04-23 06:05:27.268639,
2026-04-23 06:05:27.369532,
2026-04-23 06:05:27.468843,
2026-04-23 06:05:27.568696,
2026-04-23 06:05:27.769641,
2026-04-23 06:05:27.868699,
2026-04-23 06:05:27.968655,
2026-04-23 06:05:28.069111,
2026-04-23 06:05:28.169788,
2026-04-23 06:05:28.270204,
2026-04-23 06:05:28.469046,
2026-04-23 06:05:28.569406,
2026-04-23 06:05:28.669547,
2026-04-23 06:05:28.768521,
2026-04-23 06:05:28.868933,
2026-04-23 06:05:28.968523,
2026-04-23 06:05:29.168648,
2026-04-23 06:05:29.268667,
2026-04-23 06:05:29.369105,
2026-04-23 06:05:29.468591,
2026-04-23 06:05:29.568601,
2026-04-23 06:05:29.668663,
2026-04-23 06:05:29.868537,
2026-04-23 06:05:29.968822,
2026-04-23 06:05:30.070636,
2026-04-23 06:05:30.169452,
2026-04-23 06:05:30.269458,
2026-04-23 06:05:30.368687,
2026-04-23 06:05:30.568515,
2026-04-23 06:05:30.669262,
2026-04-23 06:05:30.768540,
2026-04-23 06:05:30.869636,
2026-04-23 06:05:30.968751,
2026-04-23 06:05:31.068656,
2026-04-23 06:05:31.268555,
2026-04-23 06:05:31.368830,
2026-04-23 06:05:31.469741,
2026-04-23 06:05:31.568554,
2026-04-23 06:05:31.668557,
2026-04-23 06:05:31.768526,
2026-04-23 06:05:31.968608,
2026-04-23 06:05:32.069096,
2026-04-23 06:05:32.171693,
2026-04-23 06:05:32.268634,
2026-04-23 06:05:32.368623,
2026-04-23 06:05:32.468973,
2026-04-23 06:05:32.669007,
2026-04-23 06:05:32.768522,
2026-04-23 06:05:32.868724,
2026-04-23 06:05:32.968594,
2026-04-23 06:05:33.068527,
2026-04-23 06:05:33.168923,
2026-04-23 06:05:33.368876,
2026-04-23 06:05:33.468625,
2026-04-23 06:05:33.568511,
2026-04-23 06:05:33.671031,
2026-04-23 06:05:33.769080,
2026-04-23 06:05:33.868559,
2026-04-23 06:05:33.969227,
2026-04-23 06:05:34.168502,
2026-04-23 06:05:34.270237,
2026-04-23 06:05:34.368690,
2026-04-23 06:05:34.468799,
2026-04-23 06:05:34.568582,
2026-04-23 06:05:34.669552,
2026-04-23 06:05:34.868636,
2026-04-23 06:05:34.969157,
2026-04-23 06:05:35.069220,
2026-04-23 06:05:35.171721,
2026-04-23 06:05:35.269626,
2026-04-23 06:05:35.368578,
2026-04-23 06:05:35.570146,
2026-04-23 06:05:35.670688,
2026-04-23 06:05:35.769843,
2026-04-23 06:05:35.869469,
2026-04-23 06:05:35.970778,
2026-04-23 06:05:36.069880,
2026-04-23 06:05:36.268794,
2026-04-23 06:05:36.369867,
2026-04-23 06:05:36.470109,
2026-04-23 06:05:36.569598,
2026-04-23 06:05:36.670674,
2026-04-23 06:05:36.769766,
2026-04-23 06:05:36.969826,
2026-04-23 06:05:37.070357,
2026-04-23 06:05:37.169214,
2026-04-23 06:05:37.269246,
2026-04-23 06:05:37.370301,
2026-04-23 06:05:37.468916,
2026-04-23 06:05:37.568758,
2026-04-23 06:05:37.769013,
2026-04-23 06:05:37.870514,
2026-04-23 06:05:37.970243,
2026-04-23 06:05:38.071281,
2026-04-23 06:05:38.168701,
2026-04-23 06:05:38.268634,
2026-04-23 06:05:38.469611,
2026-04-23 06:05:38.569331,
2026-04-23 06:05:38.669549,
2026-04-23 06:05:38.771237,
2026-04-23 06:05:38.868956,
2026-04-23 06:05:38.970264,
2026-04-23 06:05:39.170093,
2026-04-23 06:05:39.271076,
2026-04-23 06:05:39.370824,
2026-04-23 06:05:39.469158,
2026-04-23 06:05:39.569282,
2026-04-23 06:05:39.669162,
2026-04-23 06:05:39.869459,
2026-04-23 06:05:39.970250,
2026-04-23 06:05:40.071326,
2026-04-23 06:05:40.168898,
2026-04-23 06:05:40.270217,
2026-04-23 06:05:40.368511,
2026-04-23 06:05:40.568640,
2026-04-23 06:05:40.671073,
2026-04-23 06:05:40.768544,
2026-04-23 06:05:40.868828,
2026-04-23 06:05:40.968571,
2026-04-23 06:05:41.068851,
2026-04-23 06:05:41.271067,
2026-04-23 06:05:41.369843,
2026-04-23 06:05:41.468677,
2026-04-23 06:05:41.569795,
2026-04-23 06:05:41.668759,
2026-04-23 06:05:41.768539,
2026-04-23 06:05:41.968537,
2026-04-23 06:05:42.068727,
2026-04-23 06:05:42.168555,
2026-04-23 06:05:42.270104,
2026-04-23 06:05:42.369367,
2026-04-23 06:05:42.468492,
2026-04-23 06:05:42.668517,
2026-04-23 06:05:42.768671,
2026-04-23 06:05:42.868538,
2026-04-23 06:05:42.968987,
2026-04-23 06:05:43.069690,
2026-04-23 06:05:43.168567,
2026-04-23 06:05:43.368498,
2026-04-23 06:05:43.470039,
2026-04-23 06:05:43.569534,
2026-04-23 06:05:43.668570,
2026-04-23 06:05:43.768756,
2026-04-23 06:05:43.868573,
2026-04-23 06:05:43.970509,
2026-04-23 06:05:44.168464,
2026-04-23 06:05:44.269627,
2026-04-23 06:05:44.368530,
2026-04-23 06:05:44.469142,
2026-04-23 06:05:44.568506,
2026-04-23 06:05:44.669527,
2026-04-23 06:05:44.868524,
2026-04-23 06:05:44.968502,
2026-04-23 06:05:45.068604,
2026-04-23 06:05:45.168871,
2026-04-23 06:05:45.268535,
2026-04-23 06:05:45.368532,
2026-04-23 06:05:45.568857,
2026-04-23 06:05:45.668473,
2026-04-23 06:05:45.769674,
2026-04-23 06:05:45.868578,
2026-04-23 06:05:45.968507,
2026-04-23 06:05:46.068692,
2026-04-23 06:05:46.268641,
2026-04-23 06:05:46.369638,
2026-04-23 06:05:46.469012,
2026-04-23 06:05:46.568612,
2026-04-23 06:05:46.668649,
2026-04-23 06:05:46.768618,
2026-04-23 06:05:46.968719,
2026-04-23 06:05:47.069826,
2026-04-23 06:05:47.168847,
2026-04-23 06:05:47.268967,
2026-04-23 06:05:47.368870,
2026-04-23 06:05:47.468874,
2026-04-23 06:05:47.568713,
2026-04-23 06:05:47.768484,
2026-04-23 06:05:47.869058,
2026-04-23 06:05:47.968561,
2026-04-23 06:05:48.068832,
2026-04-23 06:05:48.168610,
2026-04-23 06:05:48.269551,
2026-04-23 06:05:48.468784,
2026-04-23 06:05:48.569638,
2026-04-23 06:05:48.668705,
2026-04-23 06:05:48.768623,
2026-04-23 06:05:48.868653,
2026-04-23 06:05:48.968644,
2026-04-23 06:05:49.170713,
2026-04-23 06:05:49.269015,
2026-04-23 06:05:49.368765,
2026-04-23 06:05:49.468621,
2026-04-23 06:05:49.569792,
2026-04-23 06:05:49.668549,
2026-04-23 06:05:49.868589,
2026-04-23 06:05:49.968929,
2026-04-23 06:05:50.068555,
2026-04-23 06:05:50.169707,
2026-04-23 06:05:50.268633,
2026-04-23 06:05:50.368652,
2026-04-23 06:05:50.568646,
2026-04-23 06:05:50.668643,
2026-04-23 06:05:50.768635,
2026-04-23 06:05:50.868720,
2026-04-23 06:05:50.968688,
2026-04-23 06:05:51.068687,
2026-04-23 06:05:51.268602,
2026-04-23 06:05:51.368526,
2026-04-23 06:05:51.470556,
2026-04-23 06:05:51.570355,
2026-04-23 06:05:51.669220,
2026-04-23 06:05:51.768682,
2026-04-23 06:05:51.968625,
2026-04-23 06:05:52.068635,
2026-04-23 06:05:52.168726,
2026-04-23 06:05:52.269730,
2026-04-23 06:05:52.369484,
2026-04-23 06:05:52.468645,
2026-04-23 06:05:52.668876,
2026-04-23 06:05:52.768571,
2026-04-23 06:05:52.869248,
2026-04-23 06:05:52.968719,
2026-04-23 06:05:53.068708,
2026-04-23 06:05:53.168768,
2026-04-23 06:05:53.269733,
2026-04-23 06:05:53.468661,
2026-04-23 06:05:53.568677,
2026-04-23 06:05:53.668789,
2026-04-23 06:05:53.770454,
2026-04-23 06:05:53.868640,
2026-04-23 06:05:53.969482,
2026-04-23 06:05:54.168643,
2026-04-23 06:05:54.268575,
2026-04-23 06:05:54.369799,
2026-04-23 06:05:54.469190,
2026-04-23 06:05:54.569432,
2026-04-23 06:05:54.669054,
2026-04-23 06:05:54.868848,
2026-04-23 06:05:54.969630,
2026-04-23 06:05:55.069288,
2026-04-23 06:05:55.169093,
2026-04-23 06:05:55.269522,
2026-04-23 06:05:55.369132,
2026-04-23 06:05:55.568998,
2026-04-23 06:05:55.768790,
2026-04-23 06:05:55.869530,
2026-04-23 06:05:55.971472,
2026-04-23 06:05:56.069136,
2026-04-23 06:05:56.169968,
2026-04-23 06:05:56.270582,
2026-04-23 06:05:56.468548,
2026-04-23 06:05:56.569736,
2026-04-23 06:05:56.668925,
2026-04-23 06:05:56.769217,
2026-04-23 06:05:56.869931,
2026-04-23 06:05:57.069384,
2026-04-23 06:05:57.169322,
2026-04-23 06:05:57.268676,
2026-04-23 06:05:57.369391,
2026-04-23 06:05:57.469517,
2026-04-23 06:05:57.570841,
2026-04-23 06:05:57.669107,
2026-04-23 06:05:57.869309,
2026-04-23 06:05:57.970021,
2026-04-23 06:05:58.068742,
2026-04-23 06:05:58.171307,
2026-04-23 06:05:58.271422,
2026-04-23 06:05:58.370232,
2026-04-23 06:05:58.569345,
2026-04-23 06:05:58.669291,
2026-04-23 06:05:58.769370,
2026-04-23 06:05:58.868754,
2026-04-23 06:05:58.971509,
2026-04-23 06:05:59.068545,
2026-04-23 06:05:59.270949,
2026-04-23 06:05:59.370131,
2026-04-23 06:05:59.468540,
2026-04-23 06:05:59.568522,
2026-04-23 06:05:59.668900,
2026-04-23 06:05:59.769011,
2026-04-23 06:05:59.968775,
2026-04-23 06:06:00.068745,
2026-04-23 06:06:00.169566,
2026-04-23 06:06:00.270922,
2026-04-23 06:06:00.370667,
2026-04-23 06:06:00.468603,
2026-04-23 06:06:00.669242,
2026-04-23 06:06:00.770600,
2026-04-23 06:06:00.870057,
2026-04-23 06:06:00.969578,
2026-04-23 06:06:01.068665,
2026-04-23 06:06:01.168565,
2026-04-23 06:06:01.368557,
2026-04-23 06:06:01.468849,
2026-04-23 06:06:01.570804,
2026-04-23 06:06:01.668692,
2026-04-23 06:06:01.768739,
2026-04-23 06:06:01.868644,
2026-04-23 06:06:02.068749,
2026-04-23 06:06:02.170105,
2026-04-23 06:06:02.271147,
2026-04-23 06:06:02.369513,
2026-04-23 06:06:02.468755,
2026-04-23 06:06:02.571262,
2026-04-23 06:06:02.768640,
2026-04-23 06:06:02.868683,
2026-04-23 06:06:02.968651,
2026-04-23 06:06:03.068736,
2026-04-23 06:06:03.168549,
2026-04-23 06:06:03.268655,
2026-04-23 06:06:03.468530,
2026-04-23 06:06:03.569369,
2026-04-23 06:06:03.668499,
2026-04-23 06:06:03.770849,
2026-04-23 06:06:03.868659,
2026-04-23 06:06:03.968714,
2026-04-23 06:06:04.069529,
2026-04-23 06:06:04.268540,
2026-04-23 06:06:04.370618,
2026-04-23 06:06:04.468543,
2026-04-23 06:06:04.569300,
2026-04-23 06:06:04.668682,
2026-04-23 06:06:04.770550,
2026-04-23 06:06:04.970767,
2026-04-23 06:06:05.068592,
2026-04-23 06:06:05.168651,
2026-04-23 06:06:05.269575,
2026-04-23 06:06:05.368903,
2026-04-23 06:06:05.468535,
2026-04-23 06:06:05.669355,
2026-04-23 06:06:05.769287,
2026-04-23 06:06:05.868509,
2026-04-23 06:06:05.968548,
2026-04-23 06:06:06.068730,
2026-04-23 06:06:06.168541,
2026-04-23 06:06:06.369122,
2026-04-23 06:06:06.468526,
2026-04-23 06:06:06.568770,
2026-04-23 06:06:06.668718,
2026-04-23 06:06:06.768667,
2026-04-23 06:06:06.868524,
2026-04-23 06:06:07.068730,
2026-04-23 06:06:07.170401,
2026-04-23 06:06:07.271159,
2026-04-23 06:06:07.368779,
2026-04-23 06:06:07.469650,
2026-04-23 06:06:07.568568,
2026-04-23 06:06:07.768803,
2026-04-23 06:06:07.868640,
2026-04-23 06:06:07.969475,
2026-04-23 06:06:08.068688,
2026-04-23 06:06:08.168693,
2026-04-23 06:06:08.268550,
2026-04-23 06:06:08.469388,
2026-04-23 06:06:08.568556,
2026-04-23 06:06:08.668555,
2026-04-23 06:06:08.768775,
2026-04-23 06:06:08.869232,
2026-04-23 06:06:08.968752,
2026-04-23 06:06:09.068620,
2026-04-23 06:06:09.269202,
2026-04-23 06:06:09.369517,
2026-04-23 06:06:09.468737,
2026-04-23 06:06:09.569692,
2026-04-23 06:06:09.669578,
2026-04-23 06:06:09.768801,
2026-04-23 06:06:09.969173,
2026-04-23 06:06:10.068720,
2026-04-23 06:06:10.169087,
2026-04-23 06:06:10.268555,
2026-04-23 06:06:10.368570,
2026-04-23 06:06:10.468560,
2026-04-23 06:06:10.670367,
2026-04-23 06:06:10.768513,
2026-04-23 06:06:10.868707,
2026-04-23 06:06:10.968677,
2026-04-23 06:06:11.068580,
2026-04-23 06:06:11.168988,
2026-04-23 06:06:11.368538,
2026-04-23 06:06:11.468553,
2026-04-23 06:06:11.568671,
2026-04-23 06:06:11.668691,
2026-04-23 06:06:11.768522,
2026-04-23 06:06:11.868510,
2026-04-23 06:06:12.068709,
2026-04-23 06:06:12.168702,
2026-04-23 06:06:12.268649,
2026-04-23 06:06:12.368748,
2026-04-23 06:06:12.468505,
2026-04-23 06:06:12.568582,
2026-04-23 06:06:12.770428,
2026-04-23 06:06:12.869695,
2026-04-23 06:06:12.968521,
2026-04-23 06:06:13.068964,
2026-04-23 06:06:13.168718,
2026-04-23 06:06:13.272564,
2026-04-23 06:06:13.468615,
2026-04-23 06:06:13.570576,
2026-04-23 06:06:13.668584,
2026-04-23 06:06:13.771259,
2026-04-23 06:06:13.868819,
2026-04-23 06:06:13.969656,
2026-04-23 06:06:14.069580,
2026-04-23 06:06:14.269220,
2026-04-23 06:06:14.369518,
2026-04-23 06:06:14.469061,
2026-04-23 06:06:14.568771,
2026-04-23 06:06:14.668622,
2026-04-23 06:06:14.768696,
2026-04-23 06:06:14.969531,
2026-04-23 06:06:15.070343,
2026-04-23 06:06:15.170946,
2026-04-23 06:06:15.269609,
2026-04-23 06:06:15.369937,
2026-04-23 06:06:15.470525,
2026-04-23 06:06:15.669816,
2026-04-23 06:06:15.771959,
2026-04-23 06:06:15.869624,
2026-04-23 06:06:15.968838,
2026-04-23 06:06:16.068733,
2026-04-23 06:06:16.168548,
2026-04-23 06:06:16.368663,
2026-04-23 06:06:16.468995,
2026-04-23 06:06:16.569934,
2026-04-23 06:06:16.670434,
2026-04-23 06:06:16.770845,
2026-04-23 06:06:16.868592,
2026-04-23 06:06:17.068999,
2026-04-23 06:06:17.171247,
2026-04-23 06:06:17.268668,
2026-04-23 06:06:17.370256,
2026-04-23 06:06:17.469834,
2026-04-23 06:06:17.570431,
2026-04-23 06:06:17.670341,
2026-04-23 06:06:17.869528,
2026-04-23 06:06:17.970540,
2026-04-23 06:06:18.068802,
2026-04-23 06:06:18.169363,
2026-04-23 06:06:18.269553,
2026-04-23 06:06:18.469642,
2026-04-23 06:06:18.568659,
2026-04-23 06:06:18.671305,
2026-04-23 06:06:18.768976,
2026-04-23 06:06:18.868583,
2026-04-23 06:06:18.969253,
2026-04-23 06:06:19.069062,
2026-04-23 06:06:19.269103,
2026-04-23 06:06:19.368587,
2026-04-23 06:06:19.468712,
2026-04-23 06:06:19.568622,
2026-04-23 06:06:19.670752,
2026-04-23 06:06:19.768602,
2026-04-23 06:06:19.969788,
2026-04-23 06:06:20.069468,
2026-04-23 06:06:20.170127,
2026-04-23 06:06:20.269275,
2026-04-23 06:06:20.368781,
2026-04-23 06:06:20.468749,
2026-04-23 06:06:20.668603,
2026-04-23 06:06:20.768669,
2026-04-23 06:06:20.868668,
2026-04-23 06:06:20.968706,
2026-04-23 06:06:21.069568,
2026-04-23 06:06:21.168486,
2026-04-23 06:06:21.369949,
2026-04-23 06:06:21.468875,
2026-04-23 06:06:21.568544,
2026-04-23 06:06:21.668808,
2026-04-23 06:06:21.769978,
2026-04-23 06:06:21.868708,
2026-04-23 06:06:22.068558,
2026-04-23 06:06:22.173821,
2026-04-23 06:06:22.268691,
2026-04-23 06:06:22.369367,
2026-04-23 06:06:22.469503,
2026-04-23 06:06:22.569979,
2026-04-23 06:06:22.771034,
2026-04-23 06:06:22.869781,
2026-04-23 06:06:22.968748,
2026-04-23 06:06:23.068567,
2026-04-23 06:06:23.168573,
2026-04-23 06:06:23.268708,
2026-04-23 06:06:23.468802,
2026-04-23 06:06:23.569094,
2026-04-23 06:06:23.668721,
2026-04-23 06:06:23.768636,
2026-04-23 06:06:23.868533,
2026-04-23 06:06:23.968540,
2026-04-23 06:06:24.068622,
2026-04-23 06:06:24.268702,
2026-04-23 06:06:24.368567,
2026-04-23 06:06:24.468578,
2026-04-23 06:06:24.568590,
2026-04-23 06:06:24.668633,
2026-04-23 06:06:24.768879,
2026-04-23 06:06:24.968682,
2026-04-23 06:06:25.068566,
2026-04-23 06:06:25.169965,
2026-04-23 06:06:25.268625,
2026-04-23 06:06:25.368737,
2026-04-23 06:06:25.468724,
2026-04-23 06:06:25.668644,
2026-04-23 06:06:25.771064,
2026-04-23 06:06:25.868662,
2026-04-23 06:06:25.968551,
2026-04-23 06:06:26.068739,
2026-04-23 06:06:26.168686,
2026-04-23 06:06:26.369030,
2026-04-23 06:06:26.468632,
2026-04-23 06:06:26.568868,
2026-04-23 06:06:26.668642,
2026-04-23 06:06:26.768531,
2026-04-23 06:06:26.868914,
2026-04-23 06:06:27.068663,
2026-04-23 06:06:27.168714,
2026-04-23 06:06:27.268673,
2026-04-23 06:06:27.368681,
2026-04-23 06:06:27.468500,
2026-04-23 06:06:27.569224,
2026-04-23 06:06:27.768529,
2026-04-23 06:06:27.868500,
2026-04-23 06:06:27.969964,
2026-04-23 06:06:28.068695,
2026-04-23 06:06:28.168652,
2026-04-23 06:06:28.268528,
2026-04-23 06:06:28.468738,
2026-04-23 06:06:28.568608,
2026-04-23 06:06:28.668657,
2026-04-23 06:06:28.768942,
2026-04-23 06:06:28.868692,
2026-04-23 06:06:28.970334,
2026-04-23 06:06:29.168496,
2026-04-23 06:06:29.268636,
2026-04-23 06:06:29.368507,
2026-04-23 06:06:29.468801,
2026-04-23 06:06:29.568521,
2026-04-23 06:06:29.668631,
2026-04-23 06:06:29.770761,
2026-04-23 06:06:29.968564,
2026-04-23 06:06:30.068502,
2026-04-23 06:06:30.168561,
2026-04-23 06:06:30.268709,
2026-04-23 06:06:30.368505,
2026-04-23 06:06:30.568541,
2026-04-23 06:06:30.668496,
2026-04-23 06:06:30.768517,
2026-04-23 06:06:30.869606,
2026-04-23 06:06:30.968760,
2026-04-23 06:06:31.072118,
2026-04-23 06:06:31.168620,
2026-04-23 06:06:31.369289,
2026-04-23 06:06:31.468945,
2026-04-23 06:06:31.568689,
2026-04-23 06:06:31.668794,
2026-04-23 06:06:31.768643,
2026-04-23 06:06:31.869251,
2026-04-23 06:06:32.069074,
2026-04-23 06:06:32.170652,
2026-04-23 06:06:32.269495,
2026-04-23 06:06:32.369822,
2026-04-23 06:06:32.468558,
2026-04-23 06:06:32.568706,
2026-04-23 06:06:32.768753,
2026-04-23 06:06:32.868556,
2026-04-23 06:06:32.969863,
2026-04-23 06:06:33.068773,
2026-04-23 06:06:33.168571,
2026-04-23 06:06:33.268663,
2026-04-23 06:06:33.468825,
2026-04-23 06:06:33.568745,
2026-04-23 06:06:33.668666,
2026-04-23 06:06:33.768607,
2026-04-23 06:06:33.868626,
2026-04-23 06:06:33.968572,
2026-04-23 06:06:34.168587,
2026-04-23 06:06:34.270059,
2026-04-23 06:06:34.368509,
2026-04-23 06:06:34.468536,
2026-04-23 06:06:34.568548,
2026-04-23 06:06:34.668623,
2026-04-23 06:06:34.869347,
2026-04-23 06:06:34.968649,
2026-04-23 06:06:35.068640,
2026-04-23 06:06:35.168890,
2026-04-23 06:06:35.268866,
2026-04-23 06:06:35.369425,
2026-04-23 06:06:35.668641,
2026-04-23 06:06:35.768593,
2026-04-23 06:06:35.868664,
2026-04-23 06:06:35.968536,
2026-04-23 06:06:36.070123,
2026-04-23 06:06:36.168545,
2026-04-23 06:06:36.268658,
2026-04-23 06:06:36.470346,
2026-04-23 06:06:36.568636,
2026-04-23 06:06:36.669563,
2026-04-23 06:06:36.770552,
2026-04-23 06:06:36.871179,
2026-04-23 06:06:36.971488,
2026-04-23 06:06:37.071610,
2026-04-23 06:06:37.169735,
2026-04-23 06:06:37.368556,
2026-04-23 06:06:37.469856,
2026-04-23 06:06:37.569882,
2026-04-23 06:06:37.770134,
2026-04-23 06:06:37.869596,
2026-04-23 06:06:37.969356,
2026-04-23 06:06:38.072439,
2026-04-23 06:06:38.168579,
2026-04-23 06:06:38.270998,
2026-04-23 06:06:38.371115,
2026-04-23 06:06:38.570721,
2026-04-23 06:06:38.671502,
2026-04-23 06:06:38.768995,
2026-04-23 06:06:38.871911,
2026-04-23 06:06:38.970716,
2026-04-23 06:06:39.072725,
2026-04-23 06:06:39.269300,
2026-04-23 06:06:39.370065,
2026-04-23 06:06:39.470234,
2026-04-23 06:06:39.569649,
2026-04-23 06:06:39.671238,
2026-04-23 06:06:39.771021,
2026-04-23 06:06:39.968660,
2026-04-23 06:06:40.070468,
2026-04-23 06:06:40.168626,
2026-04-23 06:06:40.268673,
2026-04-23 06:06:40.368534,
2026-04-23 06:06:40.468750,
2026-04-23 06:06:40.668905,
2026-04-23 06:06:40.769467,
2026-04-23 06:06:40.869469,
2026-04-23 06:06:40.969697,
2026-04-23 06:06:41.070047,
2026-04-23 06:06:41.168671,
2026-04-23 06:06:41.369807,
2026-04-23 06:06:41.468865,
2026-04-23 06:06:41.570699,
2026-04-23 06:06:41.668663,
2026-04-23 06:06:41.768668,
2026-04-23 06:06:41.868612,
2026-04-23 06:06:42.068513,
2026-04-23 06:06:42.168815,
2026-04-23 06:06:42.269860,
2026-04-23 06:06:42.368538,
2026-04-23 06:06:42.468697,
2026-04-23 06:06:42.569494,
2026-04-23 06:06:42.768824,
2026-04-23 06:06:42.868694,
2026-04-23 06:06:42.968663,
2026-04-23 06:06:43.068706,
2026-04-23 06:06:43.169042,
2026-04-23 06:06:43.269212,
2026-04-23 06:06:43.468681,
2026-04-23 06:06:43.568530,
2026-04-23 06:06:43.668703,
2026-04-23 06:06:43.768643,
2026-04-23 06:06:43.868798,
2026-04-23 06:06:43.968680,
2026-04-23 06:06:44.068817,
2026-04-23 06:06:44.271222,
2026-04-23 06:06:44.369017,
2026-04-23 06:06:44.468534,
2026-04-23 06:06:44.568803,
2026-04-23 06:06:44.670258,
2026-04-23 06:06:44.768681,
2026-04-23 06:06:44.968538,
2026-04-23 06:06:45.068538,
2026-04-23 06:06:45.168629,
2026-04-23 06:06:45.268663,
2026-04-23 06:06:45.368686,
2026-04-23 06:06:45.468710,
2026-04-23 06:06:45.668534,
2026-04-23 06:06:45.768713,
2026-04-23 06:06:45.869057,
2026-04-23 06:06:45.968551,
2026-04-23 06:06:46.068889,
2026-04-23 06:06:46.168715,
2026-04-23 06:06:46.368539,
2026-04-23 06:06:46.468755,
2026-04-23 06:06:46.568717,
2026-04-23 06:06:46.668544,
2026-04-23 06:06:46.769688,
2026-04-23 06:06:46.868967,
2026-04-23 06:06:47.068694,
2026-04-23 06:06:47.169306,
2026-04-23 06:06:47.269725,
2026-04-23 06:06:47.368865,
2026-04-23 06:06:47.469489,
2026-04-23 06:06:47.568696,
2026-04-23 06:06:47.768660,
2026-04-23 06:06:47.868959,
2026-04-23 06:06:47.968664,
2026-04-23 06:06:48.068925,
2026-04-23 06:06:48.168618,
2026-04-23 06:06:48.268998,
2026-04-23 06:06:48.468725,
2026-04-23 06:06:48.568757,
2026-04-23 06:06:48.668519,
2026-04-23 06:06:48.768736,
2026-04-23 06:06:48.868576,
2026-04-23 06:06:48.968649,
2026-04-23 06:06:49.168714,
2026-04-23 06:06:49.269069,
2026-04-23 06:06:49.368881,
2026-04-23 06:06:49.470285,
2026-04-23 06:06:49.568669,
2026-04-23 06:06:49.668603,
2026-04-23 06:06:49.768548,
2026-04-23 06:06:49.969597,
2026-04-23 06:06:50.068781,
2026-04-23 06:06:50.168548,
2026-04-23 06:06:50.268603,
2026-04-23 06:06:50.370398,
2026-04-23 06:06:50.468810,
2026-04-23 06:06:50.668679,
2026-04-23 06:06:50.769613,
2026-04-23 06:06:50.868579,
2026-04-23 06:06:50.968727,
2026-04-23 06:06:51.068877,
2026-04-23 06:06:51.168724,
2026-04-23 06:06:51.368990,
2026-04-23 06:06:51.468628,
2026-04-23 06:06:51.568639,
2026-04-23 06:06:51.668979,
2026-04-23 06:06:51.768763,
2026-04-23 06:06:51.868507,
2026-04-23 06:06:52.068648,
2026-04-23 06:06:52.171214,
2026-04-23 06:06:52.269443,
2026-04-23 06:06:52.368502,
2026-04-23 06:06:52.468528,
2026-04-23 06:06:52.568570,
2026-04-23 06:06:52.768672,
2026-04-23 06:06:52.868612,
2026-04-23 06:06:52.969282,
2026-04-23 06:06:53.069392,
2026-04-23 06:06:53.168759,
2026-04-23 06:06:53.268546,
2026-04-23 06:06:53.468838,
2026-04-23 06:06:53.568869,
2026-04-23 06:06:53.670298,
2026-04-23 06:06:53.768627,
2026-04-23 06:06:53.868583,
2026-04-23 06:06:53.968524,
2026-04-23 06:06:54.068825,
2026-04-23 06:06:54.268791,
2026-04-23 06:06:54.368715,
2026-04-23 06:06:54.468802,
2026-04-23 06:06:54.570335,
2026-04-23 06:06:54.668720,
2026-04-23 06:06:54.768727,
2026-04-23 06:06:54.969600,
2026-04-23 06:06:55.068707,
2026-04-23 06:06:55.168536,
2026-04-23 06:06:55.268873,
2026-04-23 06:06:55.368576,
2026-04-23 06:06:55.568807,
2026-04-23 06:06:55.669389,
2026-04-23 06:06:55.768572,
2026-04-23 06:06:55.870127,
2026-04-23 06:06:55.969470,
2026-04-23 06:06:56.068580,
2026-04-23 06:06:56.269603,
2026-04-23 06:06:56.369902,
2026-04-23 06:06:56.471519,
2026-04-23 06:06:56.571863,
2026-04-23 06:06:56.668710,
2026-04-23 06:06:56.768553,
2026-04-23 06:06:56.969281,
2026-04-23 06:06:57.069421,
2026-04-23 06:06:57.170135,
2026-04-23 06:06:57.268816,
2026-04-23 06:06:57.371348,
2026-04-23 06:06:57.468806,
2026-04-23 06:06:57.669552,
2026-04-23 06:06:57.768930,
2026-04-23 06:06:57.868546,
2026-04-23 06:06:57.969223,
2026-04-23 06:06:58.069481,
2026-04-23 06:06:58.169286,
2026-04-23 06:06:58.369354,
2026-04-23 06:06:58.469349,
2026-04-23 06:06:58.570096,
2026-04-23 06:06:58.669441,
2026-04-23 06:06:58.769606,
2026-04-23 06:06:58.872169,
2026-04-23 06:06:58.968676,
2026-04-23 06:06:59.170407,
2026-04-23 06:06:59.269709,
2026-04-23 06:06:59.369692,
2026-04-23 06:06:59.469086,
2026-04-23 06:06:59.568664,
2026-04-23 06:06:59.668972,
2026-04-23 06:06:59.868542,
2026-04-23 06:06:59.970808,
2026-04-23 06:07:00.071122,
2026-04-23 06:07:00.168799,
2026-04-23 06:07:00.269418,
2026-04-23 06:07:00.368870,
2026-04-23 06:07:00.568841,
2026-04-23 06:07:00.668671,
2026-04-23 06:07:00.768667,
2026-04-23 06:07:00.869231,
2026-04-23 06:07:00.968541,
2026-04-23 06:07:01.170679,
2026-04-23 06:07:01.268600,
2026-04-23 06:07:01.368614,
2026-04-23 06:07:02.169644,
2026-04-23 06:07:02.268745,
2026-04-23 06:07:02.468917,
2026-04-23 06:07:02.568600,
2026-04-23 06:07:02.668552,
2026-04-23 06:07:02.768627,
2026-04-23 06:07:02.868582,
2026-04-23 06:07:02.971339,
2026-04-23 06:07:03.170267,
2026-04-23 06:07:03.269611,
2026-04-23 06:07:03.368526,
2026-04-23 06:07:03.470201,
2026-04-23 06:07:03.568676,
2026-04-23 06:07:03.668951,
2026-04-23 06:07:03.868529,
2026-04-23 06:07:03.968595,
2026-04-23 06:07:04.068554,
2026-04-23 06:07:04.169969,
2026-04-23 06:07:04.273472,
2026-04-23 06:07:04.371221,
2026-04-23 06:07:04.568663,
2026-04-23 06:07:04.669392,
2026-04-23 06:07:04.768608,
2026-04-23 06:07:04.868574,
2026-04-23 06:07:04.968527,
2026-04-23 06:07:05.068689,
2026-04-23 06:07:05.269057,
2026-04-23 06:07:05.370108,
2026-04-23 06:07:05.468750,
2026-04-23 06:07:05.569297,
2026-04-23 06:07:05.671109,
2026-04-23 06:07:05.769668,
2026-04-23 06:07:05.871800,
2026-04-23 06:07:06.068496,
2026-04-23 06:07:06.168583,
2026-04-23 06:07:06.270692,
2026-04-23 06:07:06.368539,
2026-04-23 06:07:06.469809,
2026-04-23 06:07:06.568626,
2026-04-23 06:07:06.769241,
2026-04-23 06:07:06.869828,
2026-04-23 06:07:06.969009,
2026-04-23 06:07:07.068672,
2026-04-23 06:07:07.168588,
2026-04-23 06:07:07.268774,
2026-04-23 06:07:07.468639,
2026-04-23 06:07:07.569088,
2026-04-23 06:07:07.668596,
2026-04-23 06:07:07.769125,
2026-04-23 06:07:08.868658,
2026-04-23 06:07:09.468534,
2026-04-23 06:07:10.068707,
2026-04-23 06:07:10.670377,
2026-04-23 06:07:11.268720,
2026-04-23 06:07:11.868514,
2026-04-23 06:07:12.568547,
2026-04-23 06:07:13.169461,
2026-04-23 06:07:13.769123,
2026-04-23 06:07:14.368837,
2026-04-23 06:07:14.968675,
2026-04-23 06:07:15.669578,
2026-04-23 06:07:16.269607,
2026-04-23 06:07:16.869448,
2026-04-23 06:07:17.469279,
2026-04-23 06:07:18.170768,
2026-04-23 06:07:18.768544,
2026-04-23 06:07:19.369903,8.0
2026-04-23 06:07:20.068664,8.0
2026-04-23 06:07:20.668747,8.0
2026-04-23 06:07:21.268678,8.0
2026-04-23 06:07:21.868664,8.0
2026-04-23 06:07:22.468653,8.0
2026-04-23 06:07:23.068676,8.0
2026-04-23 06:07:23.668669,8.0
2026-04-23 06:07:24.268538,8.0
2026-04-23 06:07:24.968611,8.0
2026-04-23 06:07:25.568668,8.0
2026-04-23 06:07:26.170114,12.0
2026-04-23 06:07:26.768531,13.0
2026-04-23 06:07:27.368734,13.0
2026-04-23 06:07:27.969831,14.0
2026-04-23 06:07:28.569571,16.0
2026-04-23 06:07:29.168692,17.0
2026-04-23 06:07:29.769631,18.0
2026-04-23 06:07:30.368693,17.0
2026-04-23 06:07:30.968533,13.0
2026-04-23 06:07:31.569968,10.0
2026-04-23 06:07:32.168545,8.0
2026-04-23 06:07:32.769260,8.0
2026-04-23 06:07:33.369371,8.0
2026-04-23 06:07:33.969833,8.0
2026-04-23 06:07:34.569667,8.0
2026-04-23 06:07:35.169096,8.0
2026-04-23 06:07:35.768753,8.0
2026-04-23 06:07:36.469230,8.0
2026-04-23 06:07:37.068609,8.0
2026-04-23 06:07:37.670275,8.0
2026-04-23 06:07:37.768800,8.0
2026-04-23 06:07:37.869828,
2026-04-23 06:07:37.969731,
2026-04-23 06:07:38.069744,
2026-04-23 06:07:38.168780,
2026-04-23 06:07:38.369292,
2026-04-23 06:07:38.469341,
2026-04-23 06:07:38.570196,
2026-04-23 06:07:38.670426,
2026-04-23 06:07:38.771819,
2026-04-23 06:07:38.869551,
2026-04-23 06:07:39.068708,
2026-04-23 06:07:39.169056,
2026-04-23 06:07:39.270407,
2026-04-23 06:07:39.368577,
2026-04-23 06:07:39.468800,
2026-04-23 06:07:39.571071,
2026-04-23 06:07:39.769246,
2026-04-23 06:07:39.868654,
2026-04-23 06:07:39.969354,
2026-04-23 06:07:40.069473,
2026-04-23 06:07:40.168595,
2026-04-23 06:07:40.270272,
2026-04-23 06:07:40.469523,
2026-04-23 06:07:40.570932,
2026-04-23 06:07:40.669287,
2026-04-23 06:07:40.768633,
2026-04-23 06:07:40.869477,
2026-04-23 06:07:40.968617,
2026-04-23 06:07:41.168962,
2026-04-23 06:07:41.268818,
2026-04-23 06:07:41.369358,
2026-04-23 06:07:41.469284,
2026-04-23 06:07:41.568866,
2026-04-23 06:07:41.668542,
2026-04-23 06:07:41.868944,
2026-04-23 06:07:41.969256,
2026-04-23 06:07:42.068587,
2026-04-23 06:07:42.168555,
2026-04-23 06:07:42.268706,
2026-04-23 06:07:42.368536,
2026-04-23 06:07:42.468812,
2026-04-23 06:07:42.669480,
2026-04-23 06:07:42.769548,
2026-04-23 06:07:42.869514,
2026-04-23 06:07:42.969581,
2026-04-23 06:07:43.069435,
2026-04-23 06:07:43.168559,
2026-04-23 06:07:43.370560,
2026-04-23 06:07:43.469572,
2026-04-23 06:07:43.568800,
2026-04-23 06:07:43.668609,
2026-04-23 06:07:43.771847,
2026-04-23 06:07:43.871528,
2026-04-23 06:07:44.068540,
2026-04-23 06:07:44.168552,
2026-04-23 06:07:44.268526,
2026-04-23 06:07:44.371856,
2026-04-23 06:07:44.468788,
2026-04-23 06:07:44.569688,
2026-04-23 06:07:44.768591,
2026-04-23 06:07:44.868942,
2026-04-23 06:07:44.968533,
2026-04-23 06:07:45.071216,
2026-04-23 06:07:45.168649,
2026-04-23 06:07:45.268800,
2026-04-23 06:07:45.468717,
2026-04-23 06:07:45.568576,
2026-04-23 06:07:45.668552,
2026-04-23 06:07:45.768636,
2026-04-23 06:07:45.869306,
2026-04-23 06:07:45.968520,
2026-04-23 06:07:46.168759,
2026-04-23 06:07:46.268608,
2026-04-23 06:07:46.368716,
2026-04-23 06:07:46.468588,
2026-04-23 06:07:46.570767,
2026-04-23 06:07:46.669255,
2026-04-23 06:07:46.868587,
2026-04-23 06:07:46.968763,
2026-04-23 06:07:47.069638,
2026-04-23 06:07:47.168665,
2026-04-23 06:07:47.268649,
2026-04-23 06:07:47.368789,
2026-04-23 06:07:47.568682,
2026-04-23 06:07:47.668792,
2026-04-23 06:07:47.768524,
2026-04-23 06:07:47.868483,
2026-04-23 06:07:47.968853,
2026-04-23 06:07:48.069944,
2026-04-23 06:07:48.168561,
2026-04-23 06:07:48.368511,
2026-04-23 06:07:48.468616,
2026-04-23 06:07:48.568676,
2026-04-23 06:07:48.668686,
2026-04-23 06:07:48.768708,
2026-04-23 06:07:48.868735,
2026-04-23 06:07:49.069728,
2026-04-23 06:07:49.168945,
2026-04-23 06:07:49.268578,
2026-04-23 06:07:49.368748,
2026-04-23 06:07:49.468586,
2026-04-23 06:07:49.568575,
2026-04-23 06:07:49.770286,
2026-04-23 06:07:49.869878,
2026-04-23 06:07:49.969243,
2026-04-23 06:07:50.068791,
2026-04-23 06:07:50.168707,
2026-04-23 06:07:50.268753,
2026-04-23 06:07:50.468796,
2026-04-23 06:07:50.568678,
2026-04-23 06:07:50.668533,
2026-04-23 06:07:50.768694,
2026-04-23 06:07:50.868765,
2026-04-23 06:07:50.968583,
2026-04-23 06:07:51.168555,
2026-04-23 06:07:51.268852,
2026-04-23 06:07:51.372235,
2026-04-23 06:07:51.468754,
2026-04-23 06:07:51.568720,
2026-04-23 06:07:51.670811,
2026-04-23 06:07:51.868864,
2026-04-23 06:07:51.968843,
2026-04-23 06:07:52.068538,
2026-04-23 06:07:52.168721,
2026-04-23 06:07:52.268588,
2026-04-23 06:07:52.368601,
2026-04-23 06:07:52.568831,
2026-04-23 06:07:52.670833,
2026-04-23 06:07:52.769288,
2026-04-23 06:07:52.869614,
2026-04-23 06:07:52.968822,
2026-04-23 06:07:53.070537,
2026-04-23 06:07:53.670441,
2026-04-23 06:07:54.269814,
2026-04-23 06:07:54.968496,
2026-04-23 06:07:55.568561,
2026-04-23 06:07:56.169135,
2026-04-23 06:07:56.770808,
2026-04-23 06:07:57.368672,
2026-04-23 06:07:58.069238,
2026-04-23 06:07:58.669010,
2026-04-23 06:07:59.269418,
2026-04-23 06:07:59.872228,
2026-04-23 06:08:00.469426,
2026-04-23 06:08:01.068864,
2026-04-23 06:08:01.668694,
2026-04-23 06:08:02.268597,
2026-04-23 06:08:02.368620,
2026-04-23 06:08:02.468787,
2026-04-23 06:08:02.569001,
2026-04-23 06:08:02.668682,
2026-04-23 06:08:02.868820,
2026-04-23 06:08:02.970502,
2026-04-23 06:08:03.068748,
2026-04-23 06:08:03.168591,
2026-04-23 06:08:03.268683,
2026-04-23 06:08:03.368816,
2026-04-23 06:08:03.568563,
2026-04-23 06:08:03.668761,
2026-04-23 06:08:03.768863,
2026-04-23 06:08:03.870681,
2026-04-23 06:08:03.968538,
2026-04-23 06:08:04.069611,
2026-04-23 06:08:04.268798,
2026-04-23 06:08:04.369210,
2026-04-23 06:08:04.468814,
2026-04-23 06:08:04.568940,
2026-04-23 06:08:04.668756,
2026-04-23 06:08:04.768697,
2026-04-23 06:08:04.968555,
2026-04-23 06:08:05.069036,
2026-04-23 06:08:05.168533,
2026-04-23 06:08:05.268643,
2026-04-23 06:08:05.368477,
2026-04-23 06:08:05.468558,
2026-04-23 06:08:05.668477,
2026-04-23 06:08:05.771321,
2026-04-23 06:08:05.870091,
2026-04-23 06:08:05.971263,
2026-04-23 06:08:06.068554,
2026-04-23 06:08:06.169162,
2026-04-23 06:08:06.268614,
2026-04-23 06:08:06.468848,
2026-04-23 06:08:06.568599,
2026-04-23 06:08:06.668667,
2026-04-23 06:08:06.768730,
2026-04-23 06:08:06.869159,
2026-04-23 06:08:06.968583,
2026-04-23 06:08:07.168580,
2026-04-23 06:08:07.268622,
2026-04-23 06:08:07.368913,
2026-04-23 06:08:07.468728,
2026-04-23 06:08:07.568710,
2026-04-23 06:08:07.768587,
2026-04-23 06:08:07.870282,
2026-04-23 06:08:07.968738,
2026-04-23 06:08:08.068580,
2026-04-23 06:08:08.170528,
2026-04-23 06:08:08.268616,
2026-04-23 06:08:08.368583,
2026-04-23 06:08:08.568696,
2026-04-23 06:08:08.668565,
2026-04-23 06:08:08.768984,
2026-04-23 06:08:08.869039,
2026-04-23 06:08:08.968527,
2026-04-23 06:08:09.068571,
2026-04-23 06:08:09.268551,
2026-04-23 06:08:09.369243,
2026-04-23 06:08:09.468757,
2026-04-23 06:08:09.568567,
2026-04-23 06:08:09.668559,
2026-04-23 06:08:09.768825,
2026-04-23 06:08:09.968605,
2026-04-23 06:08:10.068552,
2026-04-23 06:08:10.168719,
2026-04-23 06:08:10.268608,
2026-04-23 06:08:10.368690,
2026-04-23 06:08:10.468809,
2026-04-23 06:08:10.669809,
2026-04-23 06:08:10.769650,
2026-04-23 06:08:10.868538,
2026-04-23 06:08:10.969118,
2026-04-23 06:08:11.071414,
2026-04-23 06:08:11.168576,
2026-04-23 06:08:11.369087,
2026-04-23 06:08:11.468740,
2026-04-23 06:08:11.568887,
2026-04-23 06:08:11.668705,
2026-04-23 06:08:11.768744,
2026-04-23 06:08:11.868873,
2026-04-23 06:08:12.069246,
2026-04-23 06:08:12.168545,
2026-04-23 06:08:12.270049,
2026-04-23 06:08:12.368735,
2026-04-23 06:08:12.468706,
2026-04-23 06:08:12.568830,
2026-04-23 06:08:12.768704,
2026-04-23 06:08:12.868656,
2026-04-23 06:08:12.968663,
2026-04-23 06:08:13.068656,
2026-04-23 06:08:13.168761,
2026-04-23 06:08:13.268715,
2026-04-23 06:08:13.469374,
2026-04-23 06:08:13.568998,
2026-04-23 06:08:13.669010,
2026-04-23 06:08:13.768644,
2026-04-23 06:08:14.868674,
2026-04-23 06:08:15.468873,8.0
2026-04-23 06:08:16.068710,8.0
2026-04-23 06:08:16.770057,8.0
2026-04-23 06:08:17.369233,8.0
2026-04-23 06:08:17.970402,8.0
2026-04-23 06:08:18.569644,8.0
2026-04-23 06:08:19.170274,8.0
2026-04-23 06:08:19.768916,8.0
2026-04-23 06:08:20.469388,8.0
2026-04-23 06:08:21.069667,8.0
2026-04-23 06:08:21.668533,8.0
2026-04-23 06:08:22.269649,12.0
2026-04-23 06:08:22.869050,15.0
2026-04-23 06:08:23.468601,17.0
2026-04-23 06:08:24.168638,17.0
2026-04-23 06:08:24.768543,16.0
2026-04-23 06:08:25.368910,16.0
2026-04-23 06:08:25.968559,15.0
2026-04-23 06:08:26.569367,15.0
2026-04-23 06:08:27.168751,15.0
2026-04-23 06:08:27.868556,15.0
2026-04-23 06:08:28.468717,11.0
2026-04-23 06:08:29.069416,9.0
2026-04-23 06:08:29.668579,11.0
2026-04-23 06:08:30.268558,11.0
2026-04-23 06:08:30.869459,12.0
2026-04-23 06:08:31.468737,12.0
2026-04-23 06:08:32.068931,14.0
2026-04-23 06:08:32.668686,15.0
2026-04-23 06:08:33.268659,14.0
2026-04-23 06:08:33.868593,11.0
2026-04-23 06:08:34.468691,9.0
2026-04-23 06:08:35.071295,8.98076923076923
2026-04-23 06:08:35.669031,8.961538461538462
2026-04-23 06:08:36.269133,8.942307692307692
2026-04-23 06:08:36.869326,8.923076923076923
2026-04-23 06:08:37.468560,8.903846153846153
2026-04-23 06:08:38.172534,8.884615384615385
2026-04-23 06:08:38.770234,8.865384615384615
2026-04-23 06:08:39.468573,8.846153846153847
2026-04-23 06:08:40.068609,8.826923076923077
2026-04-23 06:08:40.668540,8.807692307692308
2026-04-23 06:08:41.270324,
2026-04-23 06:08:41.868574,
2026-04-23 06:08:42.468565,
2026-04-23 06:08:43.068791,
2026-04-23 06:08:43.670769,
2026-04-23 06:08:44.268517,
2026-04-23 06:08:44.868938,
2026-04-23 06:08:45.468827,
2026-04-23 06:08:46.068878,
2026-04-23 06:08:46.668705,
2026-04-23 06:08:47.269957,
2026-04-23 06:08:47.868851,
2026-04-23 06:08:48.468832,
2026-04-23 06:08:49.068595,
2026-04-23 06:08:49.668587,
2026-04-23 06:08:50.268696,
2026-04-23 06:08:50.871276,
2026-04-23 06:08:51.468677,
2026-04-23 06:08:52.068872,
2026-04-23 06:08:52.668826,
2026-04-23 06:08:53.268622,
2026-04-23 06:08:53.869781,
2026-04-23 06:08:54.471235,
2026-04-23 06:08:55.068691,
2026-04-23 06:08:55.669236,
2026-04-23 06:08:56.269222,
2026-04-23 06:08:56.869594,
2026-04-23 06:08:57.468687,
2026-04-23 06:08:58.068705,
2026-04-23 06:08:58.770758,
2026-04-23 06:08:59.368726,
2026-04-23 06:08:59.969026,8.192307692307692
2026-04-23 06:09:00.568928,8.173076923076923
2026-04-23 06:09:01.168898,8.153846153846153
2026-04-23 06:09:01.771088,8.134615384615385
2026-04-23 06:09:02.368587,8.115384615384615
2026-04-23 06:09:02.968907,8.096153846153847
2026-04-23 06:09:03.569458,8.076923076923077
2026-04-23 06:09:04.168753,8.057692307692308
2026-04-23 06:09:04.768588,8.038461538461538
2026-04-23 06:09:05.368574,8.01923076923077
2026-04-23 06:09:05.968779,8.0
2026-04-23 06:09:06.568566,8.0
2026-04-23 06:09:07.168823,8.0
2026-04-23 06:09:07.768518,8.0
2026-04-23 06:09:08.368720,8.0
2026-04-23 06:09:08.968604,8.0
2026-04-23 06:09:09.568604,10.0
2026-04-23 06:09:10.168760,13.0
2026-04-23 06:09:10.768652,10.0
2026-04-23 06:09:11.368814,8.0
2026-04-23 06:09:11.968769,8.015384615384615
2026-04-23 06:09:12.568572,8.03076923076923
2026-04-23 06:09:13.168508,8.046153846153846
2026-04-23 06:09:13.869468,8.061538461538461
2026-04-23 06:09:14.468752,8.076923076923077
2026-04-23 06:09:15.068832,8.092307692307692
2026-04-23 06:09:15.569942,8.107692307692307
2026-04-23 06:09:15.669421,8.123076923076923
2026-04-23 06:09:15.768988,8.138461538461538
2026-04-23 06:09:15.869271,8.153846153846153
2026-04-23 06:09:15.968718,
2026-04-23 06:09:16.069128,
2026-04-23 06:09:16.268753,
2026-04-23 06:09:16.368623,
2026-04-23 06:09:16.469289,
2026-04-23 06:09:16.571857,
2026-04-23 06:09:16.669644,
2026-04-23 06:09:16.768614,
2026-04-23 06:09:16.969306,
2026-04-23 06:09:17.072665,
2026-04-23 06:09:17.170011,
2026-04-23 06:09:17.269826,
2026-04-23 06:09:17.369966,
2026-04-23 06:09:17.470193,
2026-04-23 06:09:17.669644,
2026-04-23 06:09:17.769418,
2026-04-23 06:09:17.870402,
2026-04-23 06:09:18.072093,
2026-04-23 06:09:18.168539,
2026-04-23 06:09:18.269347,
2026-04-23 06:09:18.470308,
2026-04-23 06:09:18.571844,
2026-04-23 06:09:18.671268,
2026-04-23 06:09:18.769698,
2026-04-23 06:09:18.870508,
2026-04-23 06:09:18.969383,
2026-04-23 06:09:19.168902,
2026-04-23 06:09:19.268865,
2026-04-23 06:09:19.369211,
2026-04-23 06:09:19.471818,
2026-04-23 06:09:19.569098,
2026-04-23 06:09:19.670089,
2026-04-23 06:09:19.871226,
2026-04-23 06:09:19.968814,
2026-04-23 06:09:20.069234,
2026-04-23 06:09:20.168665,
2026-04-23 06:09:20.271904,
2026-04-23 06:09:20.369006,
2026-04-23 06:09:20.571234,
2026-04-23 06:09:20.668771,
2026-04-23 06:09:20.769762,
2026-04-23 06:09:20.869132,
2026-04-23 06:09:20.970881,
2026-04-23 06:09:21.069341,
2026-04-23 06:09:21.268582,
2026-04-23 06:09:21.369415,
2026-04-23 06:09:21.468736,
2026-04-23 06:09:21.568742,
2026-04-23 06:09:21.668935,
2026-04-23 06:09:21.768775,
2026-04-23 06:09:21.968839,
2026-04-23 06:09:22.068648,
2026-04-23 06:09:22.168655,
2026-04-23 06:09:22.268800,
2026-04-23 06:09:22.368888,
2026-04-23 06:09:22.468947,
2026-04-23 06:09:22.568530,
2026-04-23 06:09:22.771302,
2026-04-23 06:09:22.868783,
2026-04-23 06:09:22.968709,
2026-04-23 06:09:23.068778,
2026-04-23 06:09:23.172357,
2026-04-23 06:09:23.270228,
2026-04-23 06:09:23.469090,
2026-04-23 06:09:23.569935,
2026-04-23 06:09:23.668582,
2026-04-23 06:09:23.768681,
2026-04-23 06:09:23.868749,
2026-04-23 06:09:24.068609,
2026-04-23 06:09:24.168706,
2026-04-23 06:09:24.268515,
2026-04-23 06:09:24.369264,
2026-04-23 06:09:24.468770,
2026-04-23 06:09:24.572275,
2026-04-23 06:09:24.669801,
2026-04-23 06:09:24.868837,
2026-04-23 06:09:24.968719,
2026-04-23 06:09:25.069078,
2026-04-23 06:09:25.168580,
2026-04-23 06:09:25.268611,
2026-04-23 06:09:25.369387,
2026-04-23 06:09:25.568769,
2026-04-23 06:09:25.668579,
2026-04-23 06:09:25.768718,
2026-04-23 06:09:25.869128,
2026-04-23 06:09:25.968650,
2026-04-23 06:09:26.068647,
2026-04-23 06:09:26.268782,
2026-04-23 06:09:26.368576,
2026-04-23 06:09:26.468666,
2026-04-23 06:09:26.568561,
2026-04-23 06:09:26.669297,
2026-04-23 06:09:26.768799,
2026-04-23 06:09:26.968777,
2026-04-23 06:09:27.068735,
2026-04-23 06:09:27.168753,
2026-04-23 06:09:27.268847,
2026-04-23 06:09:27.369046,
2026-04-23 06:09:27.468968,
2026-04-23 06:09:27.668748,
2026-04-23 06:09:27.768903,
2026-04-23 06:09:27.868604,
2026-04-23 06:09:27.968817,
2026-04-23 06:09:28.068557,
2026-04-23 06:09:28.169921,
2026-04-23 06:09:28.268787,
2026-04-23 06:09:28.469869,
2026-04-23 06:09:28.568747,
2026-04-23 06:09:28.670051,
2026-04-23 06:09:28.768708,9.846153846153847
2026-04-23 06:09:28.869528,9.861538461538462
2026-04-23 06:09:29.068518,9.876923076923077
2026-04-23 06:09:29.168593,9.892307692307693
2026-04-23 06:09:29.268691,9.907692307692308
2026-04-23 06:09:29.368543,9.923076923076923
2026-04-23 06:09:29.468696,9.938461538461539
2026-04-23 06:09:29.768620,9.953846153846154
2026-04-23 06:09:30.368750,9.96923076923077
2026-04-23 06:09:30.968599,9.984615384615385
2026-04-23 06:09:31.568751,10.0
2026-04-23 06:09:32.168817,12.0
2026-04-23 06:09:32.770032,14.0
2026-04-23 06:09:33.370288,16.0
2026-04-23 06:09:33.968711,18.0
2026-04-23 06:09:34.569932,20.0
2026-04-23 06:09:35.269180,21.0
2026-04-23 06:09:35.868938,21.0
2026-04-23 06:09:36.472293,22.0
2026-04-23 06:09:37.069058,22.0
2026-04-23 06:09:37.670561,22.0
2026-04-23 06:09:38.269712,23.0
2026-04-23 06:09:38.868638,23.142857142857142
2026-04-23 06:09:39.468865,23.285714285714285
2026-04-23 06:09:40.069041,23.428571428571427
2026-04-23 06:09:40.668577,23.571428571428573
2026-04-23 06:09:41.268608,23.714285714285715
2026-04-23 06:09:41.868987,23.857142857142858
2026-04-23 06:09:42.468853,24.0
2026-04-23 06:09:43.068762,25.0
2026-04-23 06:09:43.668552,22.0
2026-04-23 06:09:44.268565,17.0
2026-04-23 06:09:44.868830,13.0
2026-04-23 06:09:45.469061,10.0
2026-04-23 06:09:45.568836,9.99090909090909
2026-04-23 06:09:45.668757,9.981818181818182
2026-04-23 06:09:45.768996,9.972727272727273
2026-04-23 06:09:45.968571,9.963636363636363
2026-04-23 06:09:46.068671,9.954545454545455
2026-04-23 06:09:46.169037,9.945454545454545
2026-04-23 06:09:46.268572,9.936363636363636
2026-04-23 06:09:46.368625,9.927272727272728
2026-04-23 06:09:46.469663,9.918181818181818
2026-04-23 06:09:46.668562,9.909090909090908
2026-04-23 06:09:46.769033,
2026-04-23 06:09:46.868533,
2026-04-23 06:09:46.968626,
2026-04-23 06:09:47.068753,
2026-04-23 06:09:47.168750,
2026-04-23 06:09:47.368730,
2026-04-23 06:09:47.468986,
2026-04-23 06:09:47.568730,
2026-04-23 06:09:47.668984,
2026-04-23 06:09:47.769418,
2026-04-23 06:09:47.869062,
2026-04-23 06:09:48.068710,
2026-04-23 06:09:48.168762,
2026-04-23 06:09:48.268663,
2026-04-23 06:09:48.369885,
2026-04-23 06:09:48.468867,
2026-04-23 06:09:48.568565,
2026-04-23 06:09:48.668600,
2026-04-23 06:09:48.868706,
2026-04-23 06:09:48.969200,
2026-04-23 06:09:49.068596,
2026-04-23 06:09:49.169511,
2026-04-23 06:09:49.268976,
2026-04-23 06:09:49.368586,
2026-04-23 06:09:49.569727,
2026-04-23 06:09:49.668693,
2026-04-23 06:09:49.768688,
2026-04-23 06:09:49.868543,
2026-04-23 06:09:49.968560,
2026-04-23 06:09:50.068554,
2026-04-23 06:09:50.268569,
2026-04-23 06:09:50.368982,
2026-04-23 06:09:50.468607,
2026-04-23 06:09:50.568745,
2026-04-23 06:09:50.669707,
2026-04-23 06:09:50.768704,
2026-04-23 06:09:50.968616,
2026-04-23 06:09:51.068865,
2026-04-23 06:09:51.168818,
2026-04-23 06:09:51.268824,
2026-04-23 06:09:51.368684,
2026-04-23 06:09:51.469754,
2026-04-23 06:09:51.668787,
2026-04-23 06:09:51.768850,
2026-04-23 06:09:51.868933,
2026-04-23 06:09:51.969337,
2026-04-23 06:09:52.068799,
2026-04-23 06:09:52.174246,
2026-04-23 06:09:52.368788,
2026-04-23 06:09:52.469620,
2026-04-23 06:09:52.571689,
2026-04-23 06:09:52.668764,
2026-04-23 06:09:52.768741,
2026-04-23 06:09:52.868871,
2026-04-23 06:09:53.068607,
2026-04-23 06:09:53.169990,
2026-04-23 06:09:53.268792,
2026-04-23 06:09:53.369553,
2026-04-23 06:09:53.469066,
2026-04-23 06:09:53.568630,
2026-04-23 06:09:53.668860,
2026-04-23 06:09:53.868824,
2026-04-23 06:09:53.969005,
2026-04-23 06:09:54.068727,
2026-04-23 06:09:54.168691,
2026-04-23 06:09:54.268547,
2026-04-23 06:09:54.369047,
2026-04-23 06:09:54.569087,
2026-04-23 06:09:54.669298,
2026-04-23 06:09:54.769730,
2026-04-23 06:09:54.868711,
2026-04-23 06:09:54.969750,
2026-04-23 06:09:55.068710,
2026-04-23 06:09:55.268593,
2026-04-23 06:09:55.368590,
2026-04-23 06:09:55.468978,
2026-04-23 06:09:55.568660,
2026-04-23 06:09:55.668675,
2026-04-23 06:09:55.769256,
2026-04-23 06:09:55.968788,
2026-04-23 06:09:56.069055,
2026-04-23 06:09:56.169271,
2026-04-23 06:09:56.269244,
2026-04-23 06:09:56.370334,
2026-04-23 06:09:56.469673,
2026-04-23 06:09:56.669307,
2026-04-23 06:09:56.771257,
2026-04-23 06:09:56.870178,
2026-04-23 06:09:56.970992,
2026-04-23 06:09:57.068734,
2026-04-23 06:09:57.168777,
2026-04-23 06:09:57.370028,
2026-04-23 06:09:57.469719,
2026-04-23 06:09:57.569846,
2026-04-23 06:09:57.669474,
2026-04-23 06:09:57.768839,
2026-04-23 06:09:57.869258,
2026-04-23 06:09:58.171745,
2026-04-23 06:09:58.268950,
2026-04-23 06:09:58.371384,
2026-04-23 06:09:58.469131,
2026-04-23 06:09:58.568769,
2026-04-23 06:09:58.668765,
2026-04-23 06:09:58.868584,
2026-04-23 06:09:58.970789,
2026-04-23 06:09:59.070599,
2026-04-23 06:09:59.169297,
2026-04-23 06:09:59.269215,
2026-04-23 06:09:59.368880,
2026-04-23 06:09:59.468613,
2026-04-23 06:09:59.668678,
2026-04-23 06:09:59.768847,
2026-04-23 06:09:59.869784,
2026-04-23 06:09:59.971307,
2026-04-23 06:10:00.069865,
2026-04-23 06:10:00.168558,
2026-04-23 06:10:00.368613,
2026-04-23 06:10:00.468742,
2026-04-23 06:10:00.569736,
2026-04-23 06:10:00.670501,
2026-04-23 06:10:00.769147,
2026-04-23 06:10:00.869331,
2026-04-23 06:10:01.071993,
2026-04-23 06:10:01.172136,
2026-04-23 06:10:01.269132,
2026-04-23 06:10:01.368675,
2026-04-23 06:10:01.470761,
2026-04-23 06:10:01.568804,
2026-04-23 06:10:01.768775,
2026-04-23 06:10:01.868827,
2026-04-23 06:10:01.968531,
2026-04-23 06:10:02.068748,
2026-04-23 06:10:02.168559,
2026-04-23 06:10:02.268756,
2026-04-23 06:10:02.468539,
2026-04-23 06:10:02.569520,
2026-04-23 06:10:02.669359,
2026-04-23 06:10:02.768665,
2026-04-23 06:10:02.868628,
2026-04-23 06:10:02.968838,
2026-04-23 06:10:03.168821,
2026-04-23 06:10:03.268777,
2026-04-23 06:10:03.368665,
2026-04-23 06:10:03.468779,
2026-04-23 06:10:03.568711,
2026-04-23 06:10:03.668700,
2026-04-23 06:10:03.868584,
2026-04-23 06:10:03.968944,
2026-04-23 06:10:04.068710,
2026-04-23 06:10:04.168660,
2026-04-23 06:10:04.268633,
2026-04-23 06:10:04.368779,
2026-04-23 06:10:04.470687,
2026-04-23 06:10:04.668566,
2026-04-23 06:10:04.768775,
2026-04-23 06:10:04.868692,
2026-04-23 06:10:04.969562,
2026-04-23 06:10:05.069043,
2026-04-23 06:10:05.168947,
2026-04-23 06:10:05.368779,
2026-04-23 06:10:05.468890,
2026-04-23 06:10:05.568770,
2026-04-23 06:10:05.668622,
2026-04-23 06:10:05.771414,
2026-04-23 06:10:05.868875,
2026-04-23 06:10:06.068625,
2026-04-23 06:10:06.168610,
2026-04-23 06:10:06.272370,
2026-04-23 06:10:06.368560,
2026-04-23 06:10:06.469734,
2026-04-23 06:10:06.568757,
2026-04-23 06:10:06.768833,
2026-04-23 06:10:06.868624,
2026-04-23 06:10:06.970560,
2026-04-23 06:10:07.068599,
2026-04-23 06:10:07.168734,
2026-04-23 06:10:07.268664,
2026-04-23 06:10:07.468644,
2026-04-23 06:10:07.569290,
2026-04-23 06:10:07.668521,
2026-04-23 06:10:07.768600,
2026-04-23 06:10:07.868709,
2026-04-23 06:10:07.968537,
2026-04-23 06:10:08.168852,
2026-04-23 06:10:08.269439,
2026-04-23 06:10:08.369020,
2026-04-23 06:10:08.468698,
2026-04-23 06:10:08.568815,
2026-04-23 06:10:08.668706,
2026-04-23 06:10:08.868636,
2026-04-23 06:10:08.969397,
2026-04-23 06:10:09.068767,
2026-04-23 06:10:09.168686,
2026-04-23 06:10:10.068612,
2026-04-23 06:10:10.668731,
2026-04-23 06:10:11.268578,
2026-04-23 06:10:11.868610,
2026-04-23 06:10:12.469065,
2026-04-23 06:10:13.168727,
2026-04-23 06:10:13.768850,8.090909090909092
2026-04-23 06:10:14.368889,8.081818181818182
2026-04-23 06:10:14.968823,8.072727272727272
2026-04-23 06:10:15.568855,8.063636363636364
2026-04-23 06:10:16.168535,8.054545454545455
2026-04-23 06:10:16.770242,8.045454545454545
2026-04-23 06:10:17.368970,8.036363636363637
2026-04-23 06:10:17.968573,8.027272727272727
2026-04-23 06:10:18.569390,8.018181818181818
2026-04-23 06:10:19.168602,8.00909090909091
2026-04-23 06:10:19.768543,8.0
2026-04-23 06:10:20.368661,12.0
2026-04-23 06:10:20.968601,15.0
2026-04-23 06:10:21.670499,16.0
2026-04-23 06:10:22.268724,18.0
2026-04-23 06:10:22.868544,19.0
2026-04-23 06:10:23.468712,20.0
2026-04-23 06:10:24.068599,20.0
2026-04-23 06:10:24.668881,20.0
2026-04-23 06:10:25.268702,21.0
2026-04-23 06:10:25.868588,23.0
2026-04-23 06:10:26.468760,24.0
2026-04-23 06:10:27.072320,23.0
2026-04-23 06:10:27.669130,21.0
2026-04-23 06:10:28.268545,22.0
2026-04-23 06:10:28.869292,22.0
2026-04-23 06:10:29.472300,19.0
2026-04-23 06:10:30.068569,18.0
2026-04-23 06:10:30.670242,19.0
2026-04-23 06:10:31.268842,18.0
2026-04-23 06:10:31.869200,17.0
2026-04-23 06:10:32.468732,17.0
2026-04-23 06:10:33.070635,16.0
2026-04-23 06:10:33.668627,16.0
2026-04-23 06:10:34.268894,15.0
2026-04-23 06:10:34.870091,15.0
2026-04-23 06:10:35.468862,15.0
2026-04-23 06:10:36.168820,15.0
2026-04-23 06:10:36.769783,14.0
2026-04-23 06:10:37.369232,14.0
2026-04-23 06:10:37.969515,16.0
2026-04-23 06:10:38.669872,17.0
2026-04-23 06:10:39.273342,19.0
2026-04-23 06:10:39.869432,16.0
2026-04-23 06:10:40.468876,13.0
2026-04-23 06:10:41.068559,10.0
2026-04-23 06:10:41.670099,8.0
2026-04-23 06:10:42.268589,8.0
2026-04-23 06:10:42.868682,8.0
2026-04-23 06:10:43.468765,8.0
2026-04-23 06:10:44.068581,8.0
2026-04-23 06:10:44.668647,8.0
2026-04-23 06:10:45.268570,8.0
2026-04-23 06:10:45.869126,8.0
2026-04-23 06:10:46.468562,8.0
2026-04-23 06:10:47.068578,8.0
2026-04-23 06:10:47.668587,10.0
2026-04-23 06:10:48.268640,11.0
2026-04-23 06:10:48.868771,10.0
2026-04-23 06:10:49.469140,8.0
2026-04-23 06:10:50.068639,8.5
2026-04-23 06:10:50.668626,9.0
2026-04-23 06:10:51.269307,10.0
2026-04-23 06:10:51.869271,8.0
2026-04-23 06:10:52.468545,8.142857142857142
2026-04-23 06:10:53.068679,8.285714285714286
2026-04-23 06:10:53.668753,8.428571428571429
2026-04-23 06:10:54.269851,8.571428571428571
2026-04-23 06:10:54.869399,8.714285714285714
2026-04-23 06:10:55.468697,8.857142857142858
2026-04-23 06:10:56.068591,9.0
2026-04-23 06:10:56.670023,11.0
2026-04-23 06:10:57.269304,13.0
2026-04-23 06:10:57.969361,14.0
2026-04-23 06:10:58.570018,15.0
2026-04-23 06:10:59.168676,15.0
2026-04-23 06:10:59.772343,15.0
2026-04-23 06:11:00.368797,14.0
2026-04-23 06:11:00.968655,14.0
2026-04-23 06:11:01.568833,14.0
2026-04-23 06:11:02.169455,13.0
2026-04-23 06:11:02.768845,10.0
2026-04-23 06:11:03.370384,8.0
2026-04-23 06:11:03.970342,8.090909090909092
2026-04-23 06:11:04.568916,8.181818181818182
2026-04-23 06:11:05.168734,8.272727272727273
2026-04-23 06:11:05.768756,8.363636363636363
2026-04-23 06:11:06.370208,8.454545454545455
2026-04-23 06:11:06.968849,8.545454545454545
2026-04-23 06:11:07.568725,8.636363636363637
2026-04-23 06:11:08.168801,8.727272727272727
2026-04-23 06:11:08.768721,8.818181818181818
2026-04-23 06:11:09.368644,8.90909090909091
2026-04-23 06:11:09.969351,9.0
2026-04-23 06:11:10.568824,9.0
2026-04-23 06:11:11.169949,11.0
2026-04-23 06:11:11.768611,8.0
2026-04-23 06:11:12.369222,8.375
2026-04-23 06:11:12.968784,8.75
2026-04-23 06:11:13.569166,9.125
2026-04-23 06:11:14.170379,9.5
2026-04-23 06:11:14.768624,9.875
2026-04-23 06:11:15.368736,10.25
2026-04-23 06:11:15.969424,10.625
2026-04-23 06:11:16.570070,11.0
2026-04-23 06:11:17.169522,15.0
2026-04-23 06:11:17.770205,12.0
2026-04-23 06:11:18.369964,15.0
2026-04-23 06:11:19.069971,17.0
2026-04-23 06:11:19.768803,17.0
2026-04-23 06:11:20.368653,17.0
2026-04-23 06:11:20.968645,17.0
2026-04-23 06:11:21.568979,18.0
2026-04-23 06:11:22.168850,18.0
2026-04-23 06:11:22.768618,18.0
2026-04-23 06:11:23.369247,17.0
2026-04-23 06:11:23.968820,17.0
2026-04-23 06:11:24.568721,18.0
2026-04-23 06:11:25.168759,17.0
2026-04-23 06:11:25.768844,13.0
2026-04-23 06:11:26.369041,10.0
2026-04-23 06:11:26.968539,8.0
2026-04-23 06:11:27.569274,8.005747126436782
2026-04-23 06:11:28.168628,8.011494252873563
2026-04-23 06:11:28.768831,8.017241379310345
2026-04-23 06:11:29.368771,8.022988505747126
2026-04-23 06:11:29.968904,8.028735632183908
2026-04-23 06:11:30.568594,8.03448275862069
2026-04-23 06:11:31.168881,8.040229885057471
2026-04-23 06:11:31.768966,8.045977011494253
2026-04-23 06:11:32.368800,8.051724137931034
2026-04-23 06:11:32.968839,8.057471264367816
2026-04-23 06:11:33.568614,
2026-04-23 06:11:34.169119,
2026-04-23 06:11:34.768579,
2026-04-23 06:11:35.470216,
2026-04-23 06:11:36.068698,
2026-04-23 06:11:36.670040,
2026-04-23 06:11:37.269561,
2026-04-23 06:11:37.872803,
2026-04-23 06:11:38.469708,
2026-04-23 06:11:39.069354,
2026-04-23 06:11:39.668672,
2026-04-23 06:11:40.268544,
2026-04-23 06:11:40.869101,
2026-04-23 06:11:41.469626,
2026-04-23 06:11:42.069764,
2026-04-23 06:11:42.668791,
2026-04-23 06:11:43.268679,
2026-04-23 06:11:43.869112,
2026-04-23 06:11:44.468764,
2026-04-23 06:11:45.168650,
2026-04-23 06:11:45.769634,
2026-04-23 06:11:46.370250,
2026-04-23 06:11:46.968750,
2026-04-23 06:11:47.068731,
2026-04-23 06:11:47.168654,
2026-04-23 06:11:47.268671,
2026-04-23 06:11:47.468700,
2026-04-23 06:11:47.568610,
2026-04-23 06:11:47.668693,
2026-04-23 06:11:47.769444,
2026-04-23 06:11:47.869626,
2026-04-23 06:11:47.968587,
2026-04-23 06:11:48.170979,
2026-04-23 06:11:48.268753,
2026-04-23 06:11:48.368632,
2026-04-23 06:11:48.468889,
2026-04-23 06:11:48.568686,
2026-04-23 06:11:48.668653,
2026-04-23 06:11:48.868853,
2026-04-23 06:11:48.968701,
2026-04-23 06:11:49.068603,
2026-04-23 06:11:49.168622,
2026-04-23 06:11:49.268811,
2026-04-23 06:11:49.368689,
2026-04-23 06:11:49.568641,
2026-04-23 06:11:49.668696,
2026-04-23 06:11:49.768670,
2026-04-23 06:11:49.869925,
2026-04-23 06:11:49.969480,
2026-04-23 06:11:50.069765,
2026-04-23 06:11:50.168784,
2026-04-23 06:11:50.369169,
2026-04-23 06:11:50.468633,
2026-04-23 06:11:50.568702,
2026-04-23 06:11:50.668777,
2026-04-23 06:11:50.768640,
2026-04-23 06:11:50.868747,
2026-04-23 06:11:51.068729,
2026-04-23 06:11:51.170064,
2026-04-23 06:11:51.268798,
2026-04-23 06:11:51.368732,
2026-04-23 06:11:51.468802,
2026-04-23 06:11:51.569647,
2026-04-23 06:11:51.768741,
2026-04-23 06:11:51.868704,
2026-04-23 06:11:51.968926,
2026-04-23 06:11:52.068812,
2026-04-23 06:11:52.168634,
2026-04-23 06:11:52.269099,
2026-04-23 06:11:52.469662,
2026-04-23 06:11:52.568772,
2026-04-23 06:11:52.669337,
2026-04-23 06:11:52.769188,
2026-04-23 06:11:52.868657,
2026-04-23 06:11:52.968627,
2026-04-23 06:11:53.168763,
2026-04-23 06:11:53.268580,
2026-04-23 06:11:53.370014,
2026-04-23 06:11:53.468671,
2026-04-23 06:11:53.568992,
2026-04-23 06:11:53.668571,
2026-04-23 06:11:53.868719,
2026-04-23 06:11:53.968773,
2026-04-23 06:11:54.070569,
2026-04-23 06:11:54.169690,
2026-04-23 06:11:54.268715,
2026-04-23 06:11:54.369661,
2026-04-23 06:11:54.468723,
2026-04-23 06:11:54.668729,
2026-04-23 06:11:54.768751,
2026-04-23 06:11:54.869167,
2026-04-23 06:11:54.970096,
2026-04-23 06:11:55.068897,
2026-04-23 06:11:55.169007,
2026-04-23 06:11:55.368609,
2026-04-23 06:11:55.468683,
2026-04-23 06:11:55.568966,
2026-04-23 06:11:55.668734,
2026-04-23 06:11:55.769008,
2026-04-23 06:11:55.868643,
2026-04-23 06:11:56.068688,
2026-04-23 06:11:56.168686,
2026-04-23 06:11:56.270008,
2026-04-23 06:11:56.368729,
2026-04-23 06:11:56.468904,
2026-04-23 06:11:56.568988,
2026-04-23 06:11:56.768600,
2026-04-23 06:11:56.870621,
2026-04-23 06:11:56.970099,
2026-04-23 06:11:57.068742,
2026-04-23 06:11:57.168800,
2026-04-23 06:11:57.268619,
2026-04-23 06:11:57.469257,
2026-04-23 06:11:57.571807,
2026-04-23 06:11:57.669804,
2026-04-23 06:11:57.768596,
2026-04-23 06:11:57.868789,
2026-04-23 06:11:57.970211,
2026-04-23 06:11:58.169767,
2026-04-23 06:11:58.269384,
2026-04-23 06:11:58.371386,
2026-04-23 06:11:58.469698,
2026-04-23 06:11:58.568776,
2026-04-23 06:11:58.669433,
2026-04-23 06:11:58.869629,
2026-04-23 06:11:58.970250,
2026-04-23 06:11:59.069711,
2026-04-23 06:11:59.170108,
2026-04-23 06:11:59.269723,
2026-04-23 06:11:59.368827,
2026-04-23 06:11:59.568569,
2026-04-23 06:11:59.671160,
2026-04-23 06:11:59.769358,
2026-04-23 06:11:59.870624,
2026-04-23 06:11:59.968562,
2026-04-23 06:12:00.068828,
2026-04-23 06:12:00.269455,
2026-04-23 06:12:00.468704,
2026-04-23 06:12:00.568758,
2026-04-23 06:12:00.668915,
2026-04-23 06:12:00.768691,
2026-04-23 06:12:00.869344,
2026-04-23 06:12:00.968737,
2026-04-23 06:12:01.168986,
2026-04-23 06:12:01.268786,
2026-04-23 06:12:01.369336,
2026-04-23 06:12:01.468915,
2026-04-23 06:12:01.569122,
2026-04-23 06:12:01.669900,
2026-04-23 06:12:01.868558,
2026-04-23 06:12:01.968793,
2026-04-23 06:12:02.068724,
2026-04-23 06:12:02.668599,
2026-04-23 06:12:03.268743,8.942528735632184
2026-04-23 06:12:03.970308,8.948275862068966
2026-04-23 06:12:04.570374,8.954022988505747
2026-04-23 06:12:05.169029,8.959770114942529
2026-04-23 06:12:05.768614,8.96551724137931
2026-04-23 06:12:06.368571,8.971264367816092
2026-04-23 06:12:06.968874,8.977011494252874
2026-04-23 06:12:07.668640,8.982758620689655
2026-04-23 06:12:08.268943,8.988505747126437
2026-04-23 06:12:08.869213,8.994252873563218
2026-04-23 06:12:09.468726,9.0
2026-04-23 06:12:10.168562,11.0
2026-04-23 06:12:10.768638,13.0
2026-04-23 06:12:11.369288,14.0
2026-04-23 06:12:11.968618,15.0
2026-04-23 06:12:12.568844,16.0
2026-04-23 06:12:13.169245,17.0
2026-04-23 06:12:13.870729,17.0
2026-04-23 06:12:14.468846,18.0
2026-04-23 06:12:15.068741,19.0
2026-04-23 06:12:15.668630,21.0
2026-04-23 06:12:16.369999,22.0
2026-04-23 06:12:16.969220,22.0
2026-04-23 06:12:17.570421,22.0
2026-04-23 06:12:18.169754,23.0
2026-04-23 06:12:18.769816,21.0
2026-04-23 06:12:19.468642,16.0
2026-04-23 06:12:20.069031,12.0
2026-04-23 06:12:20.668997,12.0
2026-04-23 06:12:21.269366,10.0
2026-04-23 06:12:21.868633,8.0
2026-04-23 06:12:22.468770,8.2
2026-04-23 06:12:23.168591,8.4
2026-04-23 06:12:23.768645,8.6
2026-04-23 06:12:24.368649,8.8
2026-04-23 06:12:24.969457,9.0
2026-04-23 06:12:25.669887,9.2
2026-04-23 06:12:26.268710,9.4
2026-04-23 06:12:26.869314,9.6
2026-04-23 06:12:27.468584,9.8
2026-04-23 06:12:28.073223,10.0
2026-04-23 06:12:28.668606,12.0
2026-04-23 06:12:29.268678,12.0
2026-04-23 06:12:29.968728,13.0
2026-04-23 06:12:30.568598,13.0
2026-04-23 06:12:31.168671,15.0
2026-04-23 06:12:31.768838,16.0
2026-04-23 06:12:32.369002,16.0
2026-04-23 06:12:32.968808,16.0
2026-04-23 06:12:33.669270,15.0
2026-04-23 06:12:34.270814,15.0
2026-04-23 06:12:34.868555,15.0
2026-04-23 06:12:35.470145,16.0
2026-04-23 06:12:36.069054,18.0
2026-04-23 06:12:36.668964,21.0
2026-04-23 06:12:37.368897,19.0
2026-04-23 06:12:37.969596,19.0
2026-04-23 06:12:38.670004,21.0
2026-04-23 06:12:39.268667,21.0
2026-04-23 06:12:39.868704,21.0
2026-04-23 06:12:40.568571,22.0
2026-04-23 06:12:41.168773,22.0
2026-04-23 06:12:41.768999,24.0
2026-04-23 06:12:42.368591,23.0
2026-04-23 06:12:42.969121,23.0
2026-04-23 06:12:43.568564,23.0
2026-04-23 06:12:44.168983,24.0
2026-04-23 06:12:44.868743,22.0
2026-04-23 06:12:45.468783,18.0
2026-04-23 06:12:46.068751,17.0
2026-04-23 06:12:46.668775,17.0
2026-04-23 06:12:47.269438,19.0
2026-04-23 06:12:47.868577,20.0
2026-04-23 06:12:48.568584,19.0
2026-04-23 06:12:49.169973,17.0
2026-04-23 06:12:49.768950,17.0
2026-04-23 06:12:50.368781,16.0
2026-04-23 06:12:50.968527,16.0
2026-04-23 06:12:51.568705,15.0
2026-04-23 06:12:52.168872,15.0
2026-04-23 06:12:52.868546,15.0
2026-04-23 06:12:53.468724,15.0
2026-04-23 06:12:54.068634,12.0
2026-04-23 06:12:54.670059,10.0
2026-04-23 06:12:55.269259,9.96774193548387
2026-04-23 06:12:55.869384,9.935483870967742
2026-04-23 06:12:56.468706,9.903225806451612
2026-04-23 06:12:57.169213,9.870967741935484
2026-04-23 06:12:57.769155,9.838709677419354
2026-04-23 06:12:58.368666,9.806451612903226
2026-04-23 06:12:58.970025,9.774193548387096
2026-04-23 06:12:59.569293,9.741935483870968
2026-04-23 06:13:00.168615,9.709677419354838
2026-04-23 06:13:00.768678,9.67741935483871
2026-04-23 06:13:01.369100,
2026-04-23 06:13:01.970370,
2026-04-23 06:13:02.569643,
2026-04-23 06:13:03.168537,
2026-04-23 06:13:03.768916,
2026-04-23 06:13:04.368619,
2026-04-23 06:13:04.968673,
2026-04-23 06:13:05.568659,
2026-04-23 06:13:06.168670,
2026-04-23 06:13:06.768689,
2026-04-23 06:13:07.369252,9.32258064516129
2026-04-23 06:13:08.068809,9.290322580645162
2026-04-23 06:13:08.668833,9.258064516129032
2026-04-23 06:13:09.268598,9.225806451612904
2026-04-23 06:13:09.868607,9.193548387096774
2026-04-23 06:13:10.471877,9.161290322580646
2026-04-23 06:13:11.068737,9.129032258064516
2026-04-23 06:13:11.768668,9.096774193548388
2026-04-23 06:13:12.368584,9.064516129032258
2026-04-23 06:13:12.969733,9.032258064516128
2026-04-23 06:13:13.569775,9.0
2026-04-23 06:13:14.168668,12.0
2026-04-23 06:13:14.769015,13.0
2026-04-23 06:13:15.368662,14.0
2026-04-23 06:13:15.969893,15.0
2026-04-23 06:13:16.568677,16.0
2026-04-23 06:13:17.170785,17.0
2026-04-23 06:13:17.768912,18.0
2026-04-23 06:13:18.370240,20.0
2026-04-23 06:13:19.068542,19.0
2026-04-23 06:13:19.770642,18.0
2026-04-23 06:13:20.369667,19.0
2026-04-23 06:13:20.969611,19.0
2026-04-23 06:13:21.568619,14.0
2026-04-23 06:13:22.168667,11.0
2026-04-23 06:13:22.770574,9.0
2026-04-23 06:13:23.368651,9.0
2026-04-23 06:13:23.968850,9.0
2026-04-23 06:13:24.668661,9.0
2026-04-23 06:13:25.268665,9.0
2026-04-23 06:13:25.868594,9.0
2026-04-23 06:13:26.468700,9.0
2026-04-23 06:13:27.068645,9.0
2026-04-23 06:13:27.668620,9.0
2026-04-23 06:13:28.368698,9.0
2026-04-23 06:13:28.968667,12.0
2026-04-23 06:13:29.568619,14.0
2026-04-23 06:13:30.169354,16.0
2026-04-23 06:13:30.770228,16.0
2026-04-23 06:13:31.468614,15.0
2026-04-23 06:13:32.068908,15.0
2026-04-23 06:13:32.668711,16.0
2026-04-23 06:13:33.268848,17.0
2026-04-23 06:13:33.868801,19.0
2026-04-23 06:13:34.469651,17.0
2026-04-23 06:13:35.068971,13.0
2026-04-23 06:13:35.668705,10.0
2026-04-23 06:13:36.268650,8.0
2026-04-23 06:13:36.869830,8.25
2026-04-23 06:13:37.569608,8.5
2026-04-23 06:13:38.168669,8.75
2026-04-23 06:13:38.768820,9.0
2026-04-23 06:13:39.368616,12.0
2026-04-23 06:13:39.969109,16.0
2026-04-23 06:13:40.669272,17.0
2026-04-23 06:13:41.268846,18.0
2026-04-23 06:13:41.869081,19.0
2026-04-23 06:13:42.474815,20.0
2026-04-23 06:13:43.068620,20.0
2026-04-23 06:13:43.668782,19.0
2026-04-23 06:13:44.269382,18.0
2026-04-23 06:13:44.869038,18.0
2026-04-23 06:13:45.469882,20.0
2026-04-23 06:13:46.068640,18.0
2026-04-23 06:13:46.670273,14.0
2026-04-23 06:13:47.268795,11.0
2026-04-23 06:13:47.869239,8.0
2026-04-23 06:13:48.468632,8.013513513513514
2026-04-23 06:13:49.069053,8.027027027027026
2026-04-23 06:13:49.468668,8.04054054054054
2026-04-23 06:13:49.569265,8.054054054054054
2026-04-23 06:13:49.668739,8.067567567567568
2026-04-23 06:13:49.768682,8.08108108108108
2026-04-23 06:13:49.868882,8.094594594594595
2026-04-23 06:13:49.968625,8.108108108108109
2026-04-23 06:13:50.169763,8.121621621621621
2026-04-23 06:13:50.268494,8.135135135135135
2026-04-23 06:13:50.368643,
2026-04-23 06:13:50.468656,
2026-04-23 06:13:50.568656,
2026-04-23 06:13:50.668732,
2026-04-23 06:13:50.869341,
2026-04-23 06:13:50.968884,
2026-04-23 06:13:51.068679,
2026-04-23 06:13:51.170341,
2026-04-23 06:13:51.268828,
2026-04-23 06:13:51.368960,
2026-04-23 06:13:51.568556,
2026-04-23 06:13:51.669450,
2026-04-23 06:13:51.768872,
2026-04-23 06:13:51.868702,
2026-04-23 06:13:51.969441,
2026-04-23 06:13:52.068655,
2026-04-23 06:13:52.269221,
2026-04-23 06:13:52.369521,
2026-04-23 06:13:52.469267,
2026-04-23 06:13:52.568748,
2026-04-23 06:13:52.668549,
2026-04-23 06:13:52.772286,
2026-04-23 06:13:52.968573,
2026-04-23 06:13:53.071439,
2026-04-23 06:13:53.168535,
2026-04-23 06:13:53.269571,
2026-04-23 06:13:53.368903,
2026-04-23 06:13:53.468656,
2026-04-23 06:13:53.670393,
2026-04-23 06:13:53.769619,
2026-04-23 06:13:53.868575,
2026-04-23 06:13:53.969239,
2026-04-23 06:13:54.069525,
2026-04-23 06:13:54.169195,
2026-04-23 06:13:54.368865,
2026-04-23 06:13:54.469432,
2026-04-23 06:13:54.568680,
2026-04-23 06:13:54.668746,
2026-04-23 06:13:54.768720,
2026-04-23 06:13:54.869210,
2026-04-23 06:13:55.068789,
2026-04-23 06:13:55.169402,
2026-04-23 06:13:55.268833,
2026-04-23 06:13:55.370922,
2026-04-23 06:13:55.468853,
2026-04-23 06:13:55.568666,
2026-04-23 06:13:55.668570,
2026-04-23 06:13:55.869094,
2026-04-23 06:13:55.969985,
2026-04-23 06:13:56.068898,
2026-04-23 06:13:56.168610,
2026-04-23 06:13:57.268606,
2026-04-23 06:13:57.868860,
2026-04-23 06:13:58.568715,8.864864864864865
2026-04-23 06:13:59.170099,8.878378378378379
2026-04-23 06:13:59.869124,8.891891891891891
2026-04-23 06:14:00.469003,8.905405405405405
2026-04-23 06:14:01.069303,8.91891891891892
2026-04-23 06:14:01.668739,8.932432432432432
2026-04-23 06:14:02.271333,8.945945945945946
2026-04-23 06:14:02.868650,8.95945945945946
2026-04-23 06:14:03.468504,8.972972972972974
2026-04-23 06:14:04.069140,8.986486486486486
2026-04-23 06:14:04.668530,9.0
2026-04-23 06:14:05.268485,11.0
2026-04-23 06:14:05.968719,13.0
2026-04-23 06:14:06.568710,14.0
2026-04-23 06:14:07.168597,16.0
2026-04-23 06:14:07.768648,18.0
2026-04-23 06:14:08.368582,19.0
2026-04-23 06:14:08.968863,19.0
2026-04-23 06:14:09.570516,19.0
2026-04-23 06:14:10.171088,20.0
2026-04-23 06:14:10.769597,21.0
2026-04-23 06:14:11.368532,19.0
2026-04-23 06:14:11.968589,15.0
2026-04-23 06:14:12.568566,12.0
2026-04-23 06:14:13.168619,9.0
2026-04-23 06:14:13.768703,8.909090909090908
2026-04-23 06:14:14.372176,8.818181818181818
2026-04-23 06:14:14.968652,8.727272727272727
2026-04-23 06:14:15.571806,8.636363636363637
2026-04-23 06:14:16.168471,8.545454545454545
2026-04-23 06:14:16.768877,8.454545454545455
2026-04-23 06:14:17.369694,8.363636363636363
2026-04-23 06:14:17.969413,8.272727272727273
2026-04-23 06:14:18.571349,8.181818181818182
2026-04-23 06:14:19.168768,8.09090909090909
2026-04-23 06:14:19.768712,8.0
2026-04-23 06:14:20.368644,12.0
2026-04-23 06:14:20.971609,15.0
2026-04-23 06:14:21.669658,18.0
2026-04-23 06:14:22.268720,21.0
2026-04-23 06:14:22.870226,21.0
2026-04-23 06:14:23.472320,23.0
2026-04-23 06:14:24.069966,24.0
2026-04-23 06:14:24.770254,25.0
2026-04-23 06:14:25.368730,26.0
2026-04-23 06:14:25.968693,26.0
2026-04-23 06:14:26.569239,27.0
2026-04-23 06:14:27.168527,27.0
2026-04-23 06:14:27.868511,27.0
2026-04-23 06:14:28.468680,27.0
2026-04-23 06:14:29.070952,27.0
2026-04-23 06:14:29.668553,28.0
2026-04-23 06:14:30.268607,26.0
2026-04-23 06:14:30.869092,23.0
2026-04-23 06:14:31.470545,22.77777777777778
2026-04-23 06:14:31.570379,22.555555555555557
2026-04-23 06:14:31.768625,22.333333333333332
2026-04-23 06:14:31.871220,22.11111111111111
2026-04-23 06:14:31.972059,21.88888888888889
2026-04-23 06:14:32.068731,21.666666666666668
2026-04-23 06:14:32.170328,21.444444444444443
2026-04-23 06:14:32.268711,21.22222222222222
2026-04-23 06:14:32.469027,21.0
2026-04-23 06:14:33.068736,20.0
2026-04-23 06:14:33.668546,19.0
2026-04-23 06:14:34.268772,15.0
2026-04-23 06:14:34.868782,11.0
2026-04-23 06:14:35.468711,9.0
2026-04-23 06:14:36.071784,10.0
2026-04-23 06:14:36.668823,11.0
2026-04-23 06:14:37.270091,9.0
2026-04-23 06:14:37.869621,9.024390243902438
2026-04-23 06:14:38.468702,9.048780487804878
2026-04-23 06:14:39.168816,9.073170731707316
2026-04-23 06:14:39.769495,9.097560975609756
2026-04-23 06:14:40.471864,9.121951219512194
2026-04-23 06:14:41.068750,9.146341463414634
2026-04-23 06:14:41.668768,9.170731707317072
2026-04-23 06:14:42.268742,9.195121951219512
2026-04-23 06:14:42.868647,9.21951219512195
2026-04-23 06:14:43.468642,9.24390243902439
2026-04-23 06:14:44.168671,
2026-04-23 06:14:44.768870,
2026-04-23 06:14:45.368672,
2026-04-23 06:14:45.968991,
2026-04-23 06:14:46.569599,
2026-04-23 06:14:47.169272,
2026-04-23 06:14:47.771955,
2026-04-23 06:14:48.471241,
2026-04-23 06:14:49.069970,
2026-04-23 06:14:49.668545,
2026-04-23 06:14:50.269425,
2026-04-23 06:14:50.868714,
2026-04-23 06:14:51.470143,
2026-04-23 06:14:52.068761,
2026-04-23 06:14:52.668700,
2026-04-23 06:14:53.269133,
2026-04-23 06:14:53.868595,
2026-04-23 06:14:54.469197,
2026-04-23 06:14:55.069282,
2026-04-23 06:14:55.669968,
2026-04-23 06:14:56.268978,
2026-04-23 06:14:56.869128,
2026-04-23 06:14:57.468727,
2026-04-23 06:14:58.069300,
2026-04-23 06:14:58.669030,
2026-04-23 06:14:59.268713,
2026-04-23 06:14:59.868590,
2026-04-23 06:15:00.470745,
2026-04-23 06:15:01.068741,
2026-04-23 06:15:01.670145,
2026-04-23 06:15:02.268790,
2026-04-23 06:15:02.871231,
2026-04-23 06:15:03.468847,
2026-04-23 06:15:04.069986,
2026-04-23 06:15:04.668762,
2026-04-23 06:15:05.269678,
2026-04-23 06:15:05.868582,
2026-04-23 06:15:06.468751,
2026-04-23 06:15:07.068692,
2026-04-23 06:15:07.768556,
2026-04-23 06:15:08.369780,
2026-04-23 06:15:08.970288,
2026-04-23 06:15:09.569147,
2026-04-23 06:15:10.168747,
2026-04-23 06:15:10.268825,
2026-04-23 06:15:10.770822,
2026-04-23 06:15:11.368680,
2026-04-23 06:15:11.972185,
2026-04-23 06:15:12.568781,
2026-04-23 06:15:13.168717,
2026-04-23 06:15:13.868747,
2026-04-23 06:15:14.468760,
2026-04-23 06:15:15.069870,
2026-04-23 06:15:15.668710,
2026-04-23 06:15:16.269016,
2026-04-23 06:15:16.868663,
2026-04-23 06:15:17.570605,
2026-04-23 06:15:18.169241,
2026-04-23 06:15:18.772778,
2026-04-23 06:15:19.469123,
2026-04-23 06:15:20.070212,
2026-04-23 06:15:20.770322,10.75609756097561
2026-04-23 06:15:21.369523,10.78048780487805
2026-04-23 06:15:21.968660,10.804878048780488
2026-04-23 06:15:22.568663,10.829268292682928
2026-04-23 06:15:23.168655,10.853658536585366
2026-04-23 06:15:23.770260,10.878048780487806
2026-04-23 06:15:24.468692,10.902439024390244
2026-04-23 06:15:25.068908,10.926829268292684
2026-04-23 06:15:25.668673,10.951219512195122
2026-04-23 06:15:26.268703,10.975609756097562
2026-04-23 06:15:26.868690,11.0
2026-04-23 06:15:27.468769,15.0
2026-04-23 06:15:28.068989,17.0
2026-04-23 06:15:28.768690,19.0
2026-04-23 06:15:29.368732,19.0
2026-04-23 06:15:29.968685,21.0
2026-04-23 06:15:30.568704,22.0
2026-04-23 06:15:31.168790,20.0
2026-04-23 06:15:31.868752,21.0
2026-04-23 06:15:32.468692,22.0
2026-04-23 06:15:33.069843,22.0
2026-04-23 06:15:33.668667,20.0
2026-04-23 06:15:34.268976,19.0
2026-04-23 06:15:34.970005,18.0
2026-04-23 06:15:35.568811,17.0
2026-04-23 06:15:36.171282,14.0
2026-04-23 06:15:36.769928,11.0
2026-04-23 06:15:37.370929,8.0
2026-04-23 06:15:37.970228,8.3
2026-04-23 06:15:38.669544,8.6
2026-04-23 06:15:39.268813,8.9
2026-04-23 06:15:39.868986,9.2
2026-04-23 06:15:40.470110,9.5
2026-04-23 06:15:41.069332,9.8
2026-04-23 06:15:41.668817,10.1
2026-04-23 06:15:42.371299,10.4
2026-04-23 06:15:42.971072,10.7
2026-04-23 06:15:43.570380,11.0
2026-04-23 06:15:44.169301,14.0
2026-04-23 06:15:44.768927,16.0
2026-04-23 06:15:45.368644,18.0
2026-04-23 06:15:45.968962,19.0
2026-04-23 06:15:46.669830,20.0
2026-04-23 06:15:47.269579,21.0
2026-04-23 06:15:47.870921,21.0
2026-04-23 06:15:48.468677,20.0
2026-04-23 06:15:49.068819,20.0
2026-04-23 06:15:49.668785,20.0
2026-04-23 06:15:50.269640,21.0
2026-04-23 06:15:50.868917,16.0
2026-04-23 06:15:51.468688,13.0
2026-04-23 06:15:52.068670,10.0
2026-04-23 06:15:52.669946,8.0
2026-04-23 06:15:53.268748,8.033333333333333
2026-04-23 06:15:53.869259,8.066666666666666
2026-04-23 06:15:54.470307,8.1
2026-04-23 06:15:55.069065,8.133333333333333
2026-04-23 06:15:55.668569,8.166666666666666
2026-04-23 06:15:56.269215,8.2
2026-04-23 06:15:56.869437,8.233333333333333
2026-04-23 06:15:57.469272,8.266666666666667
2026-04-23 06:15:58.070574,8.3
2026-04-23 06:15:58.669015,8.333333333333334
2026-04-23 06:15:59.368651,
2026-04-23 06:15:59.969303,
2026-04-23 06:16:00.571189,
2026-04-23 06:16:01.169344,
2026-04-23 06:16:01.768789,
2026-04-23 06:16:02.468801,
2026-04-23 06:16:03.068582,
2026-04-23 06:16:03.670274,
2026-04-23 06:16:04.268558,
2026-04-23 06:16:04.868492,8.666666666666666
2026-04-23 06:16:05.568807,8.7
2026-04-23 06:16:06.169124,8.733333333333333
2026-04-23 06:16:06.768741,8.766666666666666
2026-04-23 06:16:07.368792,8.8
2026-04-23 06:16:07.968727,8.833333333333334
2026-04-23 06:16:08.568693,8.866666666666667
2026-04-23 06:16:09.268707,8.9
2026-04-23 06:16:09.868758,8.933333333333334
2026-04-23 06:16:10.468778,8.966666666666667
2026-04-23 06:16:11.068617,9.0
2026-04-23 06:16:11.669552,10.0
2026-04-23 06:16:12.268550,11.0
2026-04-23 06:16:12.869054,13.0
2026-04-23 06:16:13.469178,14.0
2026-04-23 06:16:14.169050,14.0
2026-04-23 06:16:14.768909,12.0
2026-04-23 06:16:15.369942,10.0
2026-04-23 06:16:15.968684,10.0
2026-04-23 06:16:16.569685,10.0
2026-04-23 06:16:17.170506,10.0
2026-04-23 06:16:17.769897,10.0
2026-04-23 06:16:18.371415,10.0
2026-04-23 06:16:18.970003,10.0
2026-04-23 06:16:19.570897,10.0
2026-04-23 06:16:20.171601,10.0
2026-04-23 06:16:20.768708,10.0
2026-04-23 06:16:21.368758,10.0
2026-04-23 06:16:21.971040,10.0
2026-04-23 06:16:22.569514,10.0
2026-04-23 06:16:23.168811,10.0
2026-04-23 06:16:23.768623,10.0
2026-04-23 06:16:24.368713,10.0
2026-04-23 06:16:24.968683,10.0
2026-04-23 06:16:25.668781,10.0
2026-04-23 06:16:26.268675,10.0
2026-04-23 06:16:26.869197,10.0
2026-04-23 06:16:27.468603,10.0
2026-04-23 06:16:28.068532,10.0
2026-04-23 06:16:28.668528,10.0
2026-04-23 06:16:29.170284,10.6
2026-04-23 06:16:29.271380,11.2
2026-04-23 06:16:29.368730,11.8
2026-04-23 06:16:29.570735,12.4
2026-04-23 06:16:29.769244,13.0
2026-04-23 06:16:30.368848,10.0
2026-04-23 06:16:30.968781,8.0
2026-04-23 06:16:31.668825,8.5
2026-04-23 06:16:32.268950,9.0
2026-04-23 06:16:32.870165,13.0
2026-04-23 06:16:33.468871,17.0
2026-04-23 06:16:34.069139,19.0
2026-04-23 06:16:34.770395,20.0
2026-04-23 06:16:35.368758,22.0
2026-04-23 06:16:35.971010,23.0
2026-04-23 06:16:36.569640,24.0
2026-04-23 06:16:37.171026,23.0
2026-04-23 06:16:37.868994,23.0
2026-04-23 06:16:38.468941,23.0
2026-04-23 06:16:39.169004,23.0
2026-04-23 06:16:39.769801,23.0
2026-04-23 06:16:40.368781,22.0
2026-04-23 06:16:40.968927,21.0
2026-04-23 06:16:41.668983,21.0
2026-04-23 06:16:42.268848,20.0
2026-04-23 06:16:42.868512,17.0
2026-04-23 06:16:43.469502,17.0
2026-04-23 06:16:44.068593,15.0
2026-04-23 06:16:44.668882,12.0
2026-04-23 06:16:45.268659,9.0
2026-04-23 06:16:45.968478,8.0
2026-04-23 06:16:46.568619,8.11111111111111
2026-04-23 06:16:47.168684,8.222222222222221
2026-04-23 06:16:47.768786,8.333333333333334
2026-04-23 06:16:48.368587,8.444444444444445
2026-04-23 06:16:49.068690,8.555555555555555
2026-04-23 06:16:49.668760,8.666666666666666
2026-04-23 06:16:50.268741,8.777777777777779
2026-04-23 06:16:50.868613,8.88888888888889
2026-04-23 06:16:51.468811,9.0
2026-04-23 06:16:52.068707,13.0
2026-04-23 06:16:52.769098,16.0
2026-04-23 06:16:53.368915,14.0
2026-04-23 06:16:53.969576,16.0
2026-04-23 06:16:54.569288,17.0
2026-04-23 06:16:55.168688,15.0
2026-04-23 06:16:55.768711,12.0
2026-04-23 06:16:56.469470,9.0
2026-04-23 06:16:57.070760,11.0
2026-04-23 06:16:57.668586,12.0
2026-04-23 06:16:58.269359,10.0
2026-04-23 06:16:58.869865,9.961538461538462
2026-04-23 06:16:59.469036,9.923076923076923
2026-04-23 06:17:00.070816,9.884615384615385
2026-04-23 06:17:00.670559,9.846153846153847
2026-04-23 06:17:01.269686,9.807692307692308
2026-04-23 06:17:01.868601,9.76923076923077
2026-04-23 06:17:02.468546,9.73076923076923
2026-04-23 06:17:03.068828,9.692307692307692
2026-04-23 06:17:03.668800,9.653846153846153
2026-04-23 06:17:04.268884,9.615384615384615
2026-04-23 06:17:04.868836,
2026-04-23 06:17:05.468745,
2026-04-23 06:17:06.068532,
2026-04-23 06:17:06.668869,
2026-04-23 06:17:07.268548,
2026-04-23 06:17:07.868931,9.384615384615385
2026-04-23 06:17:08.469234,9.346153846153847
2026-04-23 06:17:09.068772,9.307692307692308
2026-04-23 06:17:09.668758,9.26923076923077
2026-04-23 06:17:10.268534,9.23076923076923
2026-04-23 06:17:10.868577,9.192307692307692
2026-04-23 06:17:11.468601,9.153846153846153
2026-04-23 06:17:12.068784,9.115384615384615
2026-04-23 06:17:12.668682,9.076923076923077
2026-04-23 06:17:13.368587,9.038461538461538
2026-04-23 06:17:13.968605,9.0
2026-04-23 06:17:14.568573,10.0
2026-04-23 06:17:15.168828,11.0
2026-04-23 06:17:15.769663,12.0
2026-04-23 06:17:16.468910,15.0
2026-04-23 06:17:17.068677,17.0
2026-04-23 06:17:17.668545,15.0
2026-04-23 06:17:18.268707,12.0
2026-04-23 06:17:18.869222,13.0
2026-04-23 06:17:19.569440,13.0
2026-04-23 06:17:20.268705,14.0
2026-04-23 06:17:20.869514,16.0
2026-04-23 06:17:21.471242,16.0
2026-04-23 06:17:22.068581,17.0
2026-04-23 06:17:22.668899,17.0
2026-04-23 06:17:23.268911,17.0
2026-04-23 06:17:23.969387,18.0
2026-04-23 06:17:24.568641,19.0
2026-04-23 06:17:25.168913,20.0
2026-04-23 06:17:25.768691,21.0
2026-04-23 06:17:26.369117,21.0
2026-04-23 06:17:26.968970,22.0
2026-04-23 06:17:27.668661,22.0
2026-04-23 06:17:28.268963,23.0
2026-04-23 06:17:28.868660,22.0
2026-04-23 06:17:29.468535,21.0
2026-04-23 06:17:30.068791,21.0
2026-04-23 06:17:30.768691,22.0
2026-04-23 06:17:31.368756,22.0
2026-04-23 06:17:31.968725,22.0
2026-04-23 06:17:32.568624,23.0
2026-04-23 06:17:33.168715,23.0
2026-04-23 06:17:33.769285,23.0
2026-04-23 06:17:34.468555,23.0
2026-04-23 06:17:35.069096,24.0
2026-04-23 06:17:35.668958,20.0
2026-04-23 06:17:36.269178,15.0
2026-04-23 06:17:36.869241,12.0
2026-04-23 06:17:37.469704,12.0
2026-04-23 06:17:38.169624,9.0
2026-04-23 06:17:38.770545,9.083333333333334
2026-04-23 06:17:39.369645,9.166666666666666
2026-04-23 06:17:39.968628,9.25
2026-04-23 06:17:40.568893,9.333333333333334
2026-04-23 06:17:41.169792,9.416666666666666
2026-04-23 06:17:41.768669,9.5
2026-04-23 06:17:42.368648,9.583333333333334
2026-04-23 06:17:42.971220,9.666666666666666
2026-04-23 06:17:43.568621,9.75
2026-04-23 06:17:44.268724,9.833333333333334
2026-04-23 06:17:44.868952,9.916666666666666
2026-04-23 06:17:45.468545,10.0
2026-04-23 06:17:46.068587,12.0
2026-04-23 06:17:46.668553,10.0
2026-04-23 06:17:47.268639,8.0
2026-04-23 06:17:47.868545,9.0
2026-04-23 06:17:48.468513,10.0
2026-04-23 06:17:49.068764,11.0
2026-04-23 06:17:49.668732,10.0
2026-04-23 06:17:50.268728,10.002570694087403
2026-04-23 06:17:50.868740,10.005141388174808
2026-04-23 06:17:51.468623,10.007712082262211
2026-04-23 06:17:52.069396,10.010282776349614
2026-04-23 06:17:52.668525,10.012853470437017
2026-04-23 06:17:53.268903,10.015424164524422
2026-04-23 06:17:53.868567,10.017994858611825
2026-04-23 06:17:54.468543,10.020565552699228
2026-04-23 06:17:55.068648,10.023136246786633
2026-04-23 06:17:55.668889,10.025706940874036
2026-04-23 06:17:56.269158,
2026-04-23 06:17:56.869640,
2026-04-23 06:17:57.469164,
2026-04-23 06:17:58.070055,
2026-04-23 06:17:58.669090,
2026-04-23 06:17:59.370276,
2026-04-23 06:17:59.868822,
2026-04-23 06:17:59.969520,
2026-04-23 06:18:00.068622,
2026-04-23 06:18:00.268682,
2026-04-23 06:18:00.370830,
2026-04-23 06:18:00.468635,
2026-04-23 06:18:00.570847,
2026-04-23 06:18:00.670989,
2026-04-23 06:18:00.769894,
2026-04-23 06:18:00.970243,
2026-04-23 06:18:01.071331,
2026-04-23 06:18:01.169604,
2026-04-23 06:18:01.269462,
2026-04-23 06:18:01.369343,
2026-04-23 06:18:01.469123,
2026-04-23 06:18:01.671859,
2026-04-23 06:18:01.770281,
2026-04-23 06:18:01.868830,
2026-04-23 06:18:01.968590,
2026-04-23 06:18:02.070894,
2026-04-23 06:18:02.171433,
2026-04-23 06:18:02.371697,
2026-04-23 06:18:02.468846,
2026-04-23 06:18:02.568623,
2026-04-23 06:18:02.668970,
2026-04-23 06:18:02.769027,
2026-04-23 06:18:02.871861,
2026-04-23 06:18:03.070047,
2026-04-23 06:18:03.169944,
2026-04-23 06:18:03.268749,
2026-04-23 06:18:03.369106,
2026-04-23 06:18:03.469210,
2026-04-23 06:18:03.568545,
2026-04-23 06:18:03.668618,
2026-04-23 06:18:03.868536,
2026-04-23 06:18:03.969290,
2026-04-23 06:18:04.068759,
2026-04-23 06:18:04.168863,
2026-04-23 06:18:04.268585,
2026-04-23 06:18:04.368836,
2026-04-23 06:18:04.568596,
2026-04-23 06:18:04.671887,
2026-04-23 06:18:04.768752,
2026-04-23 06:18:04.868778,
2026-04-23 06:18:04.968750,
2026-04-23 06:18:05.068638,
2026-04-23 06:18:05.268570,
2026-04-23 06:18:05.368586,
2026-04-23 06:18:05.468697,
2026-04-23 06:18:05.568594,
2026-04-23 06:18:05.669806,
2026-04-23 06:18:05.768764,
2026-04-23 06:18:05.968846,
2026-04-23 06:18:06.068914,
2026-04-23 06:18:06.169589,
2026-04-23 06:18:06.270356,
2026-04-23 06:18:06.369435,
2026-04-23 06:18:06.469893,
2026-04-23 06:18:06.668547,
2026-04-23 06:18:06.769405,
2026-04-23 06:18:06.868602,
2026-04-23 06:18:06.969170,
2026-04-23 06:18:07.068604,
2026-04-23 06:18:07.168754,
2026-04-23 06:18:07.368750,
2026-04-23 06:18:07.468864,
2026-04-23 06:18:07.568720,
2026-04-23 06:18:07.671216,
2026-04-23 06:18:07.769260,
2026-04-23 06:18:07.868520,
2026-04-23 06:18:07.969873,
2026-04-23 06:18:08.168684,
2026-04-23 06:18:08.268620,
2026-04-23 06:18:08.368759,
2026-04-23 06:18:08.468538,
2026-04-23 06:18:08.569701,
2026-04-23 06:18:08.669170,
2026-04-23 06:18:08.869913,
2026-04-23 06:18:08.968583,
2026-04-23 06:18:09.068678,
2026-04-23 06:18:09.168739,
2026-04-23 06:18:09.268893,
2026-04-23 06:18:09.368716,
2026-04-23 06:18:09.568529,
2026-04-23 06:18:09.668633,
2026-04-23 06:18:09.768574,
2026-04-23 06:18:09.873350,
2026-04-23 06:18:09.968582,
2026-04-23 06:18:10.068679,
2026-04-23 06:18:10.268700,
2026-04-23 06:18:10.368733,
2026-04-23 06:18:10.468801,
2026-04-23 06:18:10.568628,
2026-04-23 06:18:10.669377,
2026-04-23 06:18:10.768513,
2026-04-23 06:18:10.968803,
2026-04-23 06:18:11.071462,
2026-04-23 06:18:11.168862,
2026-04-23 06:18:11.268638,
2026-04-23 06:18:11.368849,
2026-04-23 06:18:11.469884,
2026-04-23 06:18:11.668685,
2026-04-23 06:18:11.769468,
2026-04-23 06:18:11.870513,
2026-04-23 06:18:11.969238,
2026-04-23 06:18:12.068897,
2026-04-23 06:18:12.168940,
2026-04-23 06:18:12.369385,
2026-04-23 06:18:12.469033,
2026-04-23 06:18:12.568717,
2026-04-23 06:18:12.668543,
2026-04-23 06:18:12.768681,
2026-04-23 06:18:12.868593,
2026-04-23 06:18:12.968789,
2026-04-23 06:18:13.168564,
2026-04-23 06:18:13.268559,
2026-04-23 06:18:13.369184,
2026-04-23 06:18:13.468560,
2026-04-23 06:18:13.568748,
2026-04-23 06:18:13.668551,
2026-04-23 06:18:13.868682,
2026-04-23 06:18:13.968767,
2026-04-23 06:18:14.068825,
2026-04-23 06:18:14.169032,
2026-04-23 06:18:14.269910,
2026-04-23 06:18:14.368793,
2026-04-23 06:18:14.568535,
2026-04-23 06:18:14.668841,
2026-04-23 06:18:14.769063,
2026-04-23 06:18:14.869380,
2026-04-23 06:18:14.969358,
2026-04-23 06:18:15.069764,
2026-04-23 06:18:15.269846,
2026-04-23 06:18:15.369867,
2026-04-23 06:18:15.468504,
2026-04-23 06:18:15.569178,
2026-04-23 06:18:15.668578,
2026-04-23 06:18:15.768631,
2026-04-23 06:18:15.968606,
2026-04-23 06:18:16.068528,
2026-04-23 06:18:16.168802,
2026-04-23 06:18:16.268741,
2026-04-23 06:18:16.369069,
2026-04-23 06:18:16.469859,
2026-04-23 06:18:16.668672,
2026-04-23 06:18:16.768733,
2026-04-23 06:18:16.868759,
2026-04-23 06:18:16.968590,
2026-04-23 06:18:17.068593,
2026-04-23 06:18:17.169045,
2026-04-23 06:18:17.368616,
2026-04-23 06:18:17.468787,
2026-04-23 06:18:17.568779,
2026-04-23 06:18:17.668582,
2026-04-23 06:18:17.768752,
2026-04-23 06:18:17.869315,
2026-04-23 06:18:17.968652,
2026-04-23 06:18:18.169719,
2026-04-23 06:18:18.268677,
2026-04-23 06:18:18.369025,
2026-04-23 06:18:18.471605,
2026-04-23 06:18:18.568859,
2026-04-23 06:18:18.669813,
2026-04-23 06:18:18.868753,
2026-04-23 06:18:18.968815,
2026-04-23 06:18:19.069121,
2026-04-23 06:18:19.168991,
2026-04-23 06:18:19.268777,
2026-04-23 06:18:19.368623,
2026-04-23 06:18:19.568636,
2026-04-23 06:18:19.668957,
2026-04-23 06:18:19.770662,
2026-04-23 06:18:19.868861,
2026-04-23 06:18:19.969464,
2026-04-23 06:18:20.070073,
2026-04-23 06:18:20.269579,
2026-04-23 06:18:20.368902,
2026-04-23 06:18:20.468600,
2026-04-23 06:18:20.568591,
2026-04-23 06:18:20.668691,
2026-04-23 06:18:20.768886,
2026-04-23 06:18:20.968590,
2026-04-23 06:18:21.069183,
2026-04-23 06:18:21.168737,
2026-04-23 06:18:21.269211,
2026-04-23 06:18:21.369264,
2026-04-23 06:18:21.468652,
2026-04-23 06:18:21.570208,
2026-04-23 06:18:21.769249,
2026-04-23 06:18:21.868609,
2026-04-23 06:18:21.969234,
2026-04-23 06:18:22.070010,
2026-04-23 06:18:22.170751,
2026-04-23 06:18:22.271333,
2026-04-23 06:18:22.468765,
2026-04-23 06:18:22.569015,
2026-04-23 06:18:22.669947,
2026-04-23 06:18:22.769427,
2026-04-23 06:18:22.869010,
2026-04-23 06:18:22.969130,
2026-04-23 06:18:23.168584,
2026-04-23 06:18:23.269577,
2026-04-23 06:18:23.369941,
2026-04-23 06:18:23.468984,
2026-04-23 06:18:23.568828,
2026-04-23 06:18:23.668626,
2026-04-23 06:18:23.868510,
2026-04-23 06:18:23.969949,
2026-04-23 06:18:24.068807,
2026-04-23 06:18:24.170326,
2026-04-23 06:18:24.270044,
2026-04-23 06:18:24.368795,
2026-04-23 06:18:24.568820,
2026-04-23 06:18:24.668775,
2026-04-23 06:18:24.768686,
2026-04-23 06:18:24.868885,
2026-04-23 06:18:24.968760,
2026-04-23 06:18:25.068633,
2026-04-23 06:18:25.268640,
2026-04-23 06:18:25.368693,
2026-04-23 06:18:25.468718,
2026-04-23 06:18:25.568814,
2026-04-23 06:18:25.668688,
2026-04-23 06:18:25.768798,
2026-04-23 06:18:25.968817,
2026-04-23 06:18:26.068707,
2026-04-23 06:18:26.168700,
2026-04-23 06:18:26.270355,
2026-04-23 06:18:26.368752,
2026-04-23 06:18:26.468704,
2026-04-23 06:18:26.668694,
2026-04-23 06:18:26.768801,
2026-04-23 06:18:26.868577,
2026-04-23 06:18:26.968618,
2026-04-23 06:18:27.068750,
2026-04-23 06:18:27.168850,
2026-04-23 06:18:27.368660,
2026-04-23 06:18:27.468611,
2026-04-23 06:18:27.568702,
2026-04-23 06:18:27.669129,
2026-04-23 06:18:27.768972,
2026-04-23 06:18:27.868527,
2026-04-23 06:18:27.969422,
2026-04-23 06:18:28.168729,
2026-04-23 06:18:28.268477,
2026-04-23 06:18:28.368610,
2026-04-23 06:18:28.468831,
2026-04-23 06:18:28.568570,
2026-04-23 06:18:28.671263,
2026-04-23 06:18:28.869043,
2026-04-23 06:18:28.968618,
2026-04-23 06:18:29.068708,
2026-04-23 06:18:29.168779,
2026-04-23 06:18:29.269819,
2026-04-23 06:18:29.369708,
2026-04-23 06:18:29.568766,
2026-04-23 06:18:29.668981,
2026-04-23 06:18:29.768577,
2026-04-23 06:18:29.869270,
2026-04-23 06:18:29.968621,
2026-04-23 06:18:30.068678,
2026-04-23 06:18:30.268591,
2026-04-23 06:18:30.368573,
2026-04-23 06:18:30.468638,
2026-04-23 06:18:30.568616,
2026-04-23 06:18:30.668532,
2026-04-23 06:18:30.768533,
2026-04-23 06:18:30.968524,
2026-04-23 06:18:31.068590,
2026-04-23 06:18:31.168583,
2026-04-23 06:18:31.268756,
2026-04-23 06:18:31.368567,
2026-04-23 06:18:31.468582,
2026-04-23 06:18:31.668536,
2026-04-23 06:18:31.768710,
2026-04-23 06:18:31.868624,
2026-04-23 06:18:31.968606,
2026-04-23 06:18:32.068917,
2026-04-23 06:18:32.168611,
2026-04-23 06:18:32.368812,
2026-04-23 06:18:32.468541,
2026-04-23 06:18:32.568680,
2026-04-23 06:18:32.668738,
2026-04-23 06:18:32.769280,
2026-04-23 06:18:32.868662,
2026-04-23 06:18:33.068628,
2026-04-23 06:18:33.168623,
2026-04-23 06:18:33.268689,
2026-04-23 06:18:33.369121,
2026-04-23 06:18:33.469043,
2026-04-23 06:18:33.568584,
2026-04-23 06:18:33.668711,
2026-04-23 06:18:33.868611,
2026-04-23 06:18:33.968629,
2026-04-23 06:18:34.068688,
2026-04-23 06:18:34.169137,
2026-04-23 06:18:34.269641,
2026-04-23 06:18:34.370015,
2026-04-23 06:18:34.568817,
2026-04-23 06:18:34.668760,
2026-04-23 06:18:34.769040,
2026-04-23 06:18:34.868900,
2026-04-23 06:18:34.968979,
2026-04-23 06:18:35.068760,
2026-04-23 06:18:35.268589,
2026-04-23 06:18:35.369087,
2026-04-23 06:18:35.468792,
2026-04-23 06:18:35.568634,
2026-04-23 06:18:35.669513,
2026-04-23 06:18:35.770916,
2026-04-23 06:18:35.969377,
2026-04-23 06:18:36.068773,
2026-04-23 06:18:36.168714,
2026-04-23 06:18:36.268962,
2026-04-23 06:18:36.369617,
2026-04-23 06:18:36.469234,
2026-04-23 06:18:36.669520,
2026-04-23 06:18:36.768864,
2026-04-23 06:18:36.869091,
2026-04-23 06:18:36.972796,
2026-04-23 06:18:37.068713,
2026-04-23 06:18:37.169475,
2026-04-23 06:18:37.370253,
2026-04-23 06:18:37.469381,
2026-04-23 06:18:37.569026,
2026-04-23 06:18:37.668804,
2026-04-23 06:18:37.769297,
2026-04-23 06:18:37.869261,
2026-04-23 06:18:38.069116,
2026-04-23 06:18:38.168501,
2026-04-23 06:18:38.271633,
2026-04-23 06:18:38.369397,
2026-04-23 06:18:38.469590,
2026-04-23 06:18:38.569107,
2026-04-23 06:18:38.669245,
2026-04-23 06:18:38.870115,
2026-04-23 06:18:38.968697,
2026-04-23 06:18:39.069244,
2026-04-23 06:18:39.171530,
2026-04-23 06:18:39.270844,
2026-04-23 06:18:39.468652,
2026-04-23 06:18:39.668534,
2026-04-23 06:18:39.768799,
2026-04-23 06:18:39.870420,
2026-04-23 06:18:39.969801,
2026-04-23 06:18:40.068807,
2026-04-23 06:18:40.168692,
2026-04-23 06:18:40.370020,
2026-04-23 06:18:40.469173,
2026-04-23 06:18:40.569394,
2026-04-23 06:18:40.668591,
2026-04-23 06:18:40.770350,
2026-04-23 06:18:40.868640,
2026-04-23 06:18:40.971172,
2026-04-23 06:18:41.170481,
2026-04-23 06:18:41.968755,
2026-04-23 06:18:42.668576,
2026-04-23 06:18:43.268699,
2026-04-23 06:18:43.868666,
2026-04-23 06:18:44.469751,
2026-04-23 06:18:45.069215,
2026-04-23 06:18:45.768605,
2026-04-23 06:18:46.369897,10.974293059125964
2026-04-23 06:18:46.969105,10.976863753213367
2026-04-23 06:18:47.568831,10.979434447300772
2026-04-23 06:18:48.168757,10.982005141388175
2026-04-23 06:18:48.868545,10.984575835475578
2026-04-23 06:18:49.468566,10.987146529562981
2026-04-23 06:18:50.068591,10.989717223650386
2026-04-23 06:18:50.668568,10.992287917737789
2026-04-23 06:18:51.268977,10.994858611825192
2026-04-23 06:18:51.868552,10.997429305912597
2026-04-23 06:18:52.568674,11.0
2026-04-23 06:18:53.168616,11.0
2026-04-23 06:18:53.768560,9.0
2026-04-23 06:18:54.368609,8.909090909090908
2026-04-23 06:18:54.968714,8.818181818181818
2026-04-23 06:18:55.572244,8.727272727272727
2026-04-23 06:18:56.268734,8.636363636363637
2026-04-23 06:18:56.868861,8.545454545454545
2026-04-23 06:18:57.469131,8.454545454545455
2026-04-23 06:18:58.069587,8.363636363636363
2026-04-23 06:18:58.668578,8.272727272727273
2026-04-23 06:18:59.370263,8.181818181818182
2026-04-23 06:18:59.969105,8.09090909090909
2026-04-23 06:19:00.569478,8.0
2026-04-23 06:19:01.168575,9.0
2026-04-23 06:19:01.768481,11.0
2026-04-23 06:19:02.368564,14.0
2026-04-23 06:19:03.068742,17.0
2026-04-23 06:19:03.668715,13.0
2026-04-23 06:19:04.268718,10.0
2026-04-23 06:19:04.868543,8.0
2026-04-23 06:19:05.469594,8.153846153846153
2026-04-23 06:19:06.068602,8.307692307692308
2026-04-23 06:19:06.668633,8.461538461538462
2026-04-23 06:19:07.368651,8.615384615384615
2026-04-23 06:19:07.970158,8.76923076923077
2026-04-23 06:19:08.569659,8.923076923076923
2026-04-23 06:19:09.168646,9.076923076923077
2026-04-23 06:19:09.768620,9.23076923076923
2026-04-23 06:19:10.368841,9.384615384615385
2026-04-23 06:19:10.969881,9.538461538461538
2026-04-23 06:19:11.568592,9.692307692307693
2026-04-23 06:19:12.268815,9.846153846153847
2026-04-23 06:19:12.868534,10.0
2026-04-23 06:19:13.468793,12.0
2026-04-23 06:19:14.070042,13.0
2026-04-23 06:19:14.668607,14.0
2026-04-23 06:19:15.272379,15.0
2026-04-23 06:19:15.869718,16.0
2026-04-23 06:19:16.469511,17.0
2026-04-23 06:19:17.072010,17.0
2026-04-23 06:19:17.670941,16.0
2026-04-23 06:19:18.268804,16.0
2026-04-23 06:19:18.869871,16.0
2026-04-23 06:19:19.569068,12.0
2026-04-23 06:19:20.168609,9.0
2026-04-23 06:19:20.768778,8.993006993006993
2026-04-23 06:19:21.368529,8.986013986013987
2026-04-23 06:19:21.969076,8.979020979020978
2026-04-23 06:19:22.268718,8.972027972027972
2026-04-23 06:19:22.468557,8.965034965034965
2026-04-23 06:19:22.568732,8.958041958041958
2026-04-23 06:19:22.668628,8.951048951048952
2026-04-23 06:19:22.770527,8.944055944055943
2026-04-23 06:19:23.869629,8.937062937062937
2026-04-23 06:19:23.968873,8.93006993006993
2026-04-23 06:19:24.068618,
2026-04-23 06:19:24.168613,
2026-04-23 06:19:24.368652,
2026-04-23 06:19:24.468894,
2026-04-23 06:19:24.568671,
2026-04-23 06:19:24.668799,
2026-04-23 06:19:24.768963,
2026-04-23 06:19:24.869043,
2026-04-23 06:19:25.069655,
2026-04-23 06:19:25.168679,
2026-04-23 06:19:25.268809,
2026-04-23 06:19:25.368627,
2026-04-23 06:19:25.469095,
2026-04-23 06:19:25.570483,
2026-04-23 06:19:25.768755,
2026-04-23 06:19:25.868755,
2026-04-23 06:19:25.968583,
2026-04-23 06:19:26.068619,
2026-04-23 06:19:26.469250,
2026-04-23 06:19:27.070297,
2026-04-23 06:19:27.668785,
2026-04-23 06:19:28.268788,
2026-04-23 06:19:28.868915,
2026-04-23 06:19:29.570542,
2026-04-23 06:19:30.168609,
2026-04-23 06:19:30.768556,
2026-04-23 06:19:31.168661,
2026-04-23 06:19:31.268716,
2026-04-23 06:19:31.368692,
2026-04-23 06:19:31.468588,
2026-04-23 06:19:31.568681,
2026-04-23 06:19:31.668613,
2026-04-23 06:19:31.768550,
2026-04-23 06:19:31.969816,
2026-04-23 06:19:32.069730,
2026-04-23 06:19:32.168823,
2026-04-23 06:19:32.268595,
2026-04-23 06:19:32.368787,
2026-04-23 06:19:32.468593,
2026-04-23 06:19:32.668680,
2026-04-23 06:19:32.768566,
2026-04-23 06:19:32.868561,
2026-04-23 06:19:32.968728,
2026-04-23 06:19:33.068623,
2026-04-23 06:19:33.168669,
2026-04-23 06:19:33.369389,
2026-04-23 06:19:33.470205,
2026-04-23 06:19:33.570001,
2026-04-23 06:19:33.669177,
2026-04-23 06:19:33.768712,
2026-04-23 06:19:33.868787,
2026-04-23 06:19:34.069003,
2026-04-23 06:19:34.169010,
2026-04-23 06:19:34.269672,
2026-04-23 06:19:34.368790,
2026-04-23 06:19:34.468697,
2026-04-23 06:19:34.568626,
2026-04-23 06:19:34.768658,
2026-04-23 06:19:34.868580,
2026-04-23 06:19:34.968865,
2026-04-23 06:19:35.068717,
2026-04-23 06:19:35.168745,
2026-04-23 06:19:35.268818,
2026-04-23 06:19:35.468620,
2026-04-23 06:19:35.568580,
2026-04-23 06:19:35.669482,
2026-04-23 06:19:35.768680,
2026-04-23 06:19:35.869781,
2026-04-23 06:19:35.968727,
2026-04-23 06:19:36.070005,
2026-04-23 06:19:36.269136,
2026-04-23 06:19:36.368670,
2026-04-23 06:19:36.469186,
2026-04-23 06:19:36.568653,
2026-04-23 06:19:36.670972,
2026-04-23 06:19:36.769438,
2026-04-23 06:19:36.970003,
2026-04-23 06:19:37.069100,
2026-04-23 06:19:37.168955,
2026-04-23 06:19:37.271508,
2026-04-23 06:19:37.370199,
2026-04-23 06:19:37.469518,
2026-04-23 06:19:37.669044,
2026-04-23 06:19:37.768698,
2026-04-23 06:19:37.869449,
2026-04-23 06:19:37.969527,
2026-04-23 06:19:38.071683,
2026-04-23 06:19:38.171748,
2026-04-23 06:19:38.368779,
2026-04-23 06:19:38.468644,
2026-04-23 06:19:38.569055,
2026-04-23 06:19:38.671101,
2026-04-23 06:19:38.770363,
2026-04-23 06:19:38.870394,
2026-04-23 06:19:39.068656,
2026-04-23 06:19:39.169502,
2026-04-23 06:19:39.269159,
2026-04-23 06:19:39.369731,
2026-04-23 06:19:39.468764,
2026-04-23 06:19:39.570121,
2026-04-23 06:19:39.769892,
2026-04-23 06:19:39.869105,
2026-04-23 06:19:39.970307,
2026-04-23 06:19:40.070271,
2026-04-23 06:19:40.171431,
2026-04-23 06:19:40.271116,
2026-04-23 06:19:40.468614,
2026-04-23 06:19:40.571126,
2026-04-23 06:19:40.668798,
2026-04-23 06:19:40.768838,
2026-04-23 06:19:40.869612,
2026-04-23 06:19:40.971651,
2026-04-23 06:19:41.169068,
2026-04-23 06:19:41.268824,
2026-04-23 06:19:41.370382,
2026-04-23 06:19:41.469474,
2026-04-23 06:19:41.569023,
2026-04-23 06:19:41.968648,
2026-04-23 06:19:42.568595,
2026-04-23 06:19:43.168683,
2026-04-23 06:19:43.768513,
2026-04-23 06:19:44.468654,
2026-04-23 06:19:45.068679,8.06993006993007
2026-04-23 06:19:45.668555,8.062937062937063
2026-04-23 06:19:46.268809,8.055944055944057
2026-04-23 06:19:46.868595,8.048951048951048
2026-04-23 06:19:47.468646,8.041958041958042
2026-04-23 06:19:48.168974,8.034965034965035
2026-04-23 06:19:48.768835,8.027972027972028
2026-04-23 06:19:49.368555,8.020979020979022
2026-04-23 06:19:49.968663,8.013986013986013
2026-04-23 06:19:50.568758,8.006993006993007
2026-04-23 06:19:51.168727,8.0
2026-04-23 06:19:51.868522,9.0
2026-04-23 06:19:52.468632,11.0
2026-04-23 06:19:53.070927,13.0
2026-04-23 06:19:53.668590,14.0
2026-04-23 06:19:54.268545,15.0
2026-04-23 06:19:54.868777,14.0
2026-04-23 06:19:55.469120,14.0
2026-04-23 06:19:56.068745,14.0
2026-04-23 06:19:56.668653,14.0
2026-04-23 06:19:57.269864,14.0
2026-04-23 06:19:57.868567,15.0
2026-04-23 06:19:58.469453,11.0
2026-04-23 06:19:59.068843,9.0
2026-04-23 06:19:59.772285,9.03448275862069
2026-04-23 06:20:00.368626,9.068965517241379
2026-04-23 06:20:00.968604,9.10344827586207
2026-04-23 06:20:01.668684,9.137931034482758
2026-04-23 06:20:02.268597,9.172413793103448
2026-04-23 06:20:02.868621,9.206896551724139
2026-04-23 06:20:03.468735,9.241379310344827
2026-04-23 06:20:04.068664,9.275862068965518
2026-04-23 06:20:04.668793,9.310344827586206
2026-04-23 06:20:05.268693,9.344827586206897
2026-04-23 06:20:05.868602,
2026-04-23 06:20:06.468674,
2026-04-23 06:20:07.068589,
2026-04-23 06:20:07.669632,
2026-04-23 06:20:08.268595,
2026-04-23 06:20:08.868632,
2026-04-23 06:20:09.468786,
2026-04-23 06:20:10.068806,
2026-04-23 06:20:10.669229,9.655172413793103
2026-04-23 06:20:11.269263,9.689655172413794
2026-04-23 06:20:11.868661,9.724137931034482
2026-04-23 06:20:12.568924,9.758620689655173
2026-04-23 06:20:13.168599,9.793103448275861
2026-04-23 06:20:13.769121,9.827586206896552
2026-04-23 06:20:14.368668,9.862068965517242
2026-04-23 06:20:14.968899,9.89655172413793
2026-04-23 06:20:15.569474,9.931034482758621
2026-04-23 06:20:16.168652,9.96551724137931
2026-04-23 06:20:16.769038,10.0
2026-04-23 06:20:17.369382,13.0
2026-04-23 06:20:17.969789,15.0
2026-04-23 06:20:18.568533,17.0
2026-04-23 06:20:19.168772,19.0
2026-04-23 06:20:19.770108,18.0
2026-04-23 06:20:20.368659,18.0
2026-04-23 06:20:21.069520,19.0
2026-04-23 06:20:21.668600,18.0
2026-04-23 06:20:22.268793,14.0
2026-04-23 06:20:22.868787,11.0
2026-04-23 06:20:23.469002,8.0
2026-04-23 06:20:24.068901,8.11111111111111
2026-04-23 06:20:24.768619,8.222222222222221
2026-04-23 06:20:25.368583,8.333333333333334
2026-04-23 06:20:25.968775,8.444444444444445
2026-04-23 06:20:26.568802,8.555555555555555
2026-04-23 06:20:27.168619,8.666666666666666
2026-04-23 06:20:27.768672,8.777777777777779
2026-04-23 06:20:28.468703,8.88888888888889
2026-04-23 06:20:29.068934,9.0
2026-04-23 06:20:29.669691,11.0
2026-04-23 06:20:30.270266,14.0
2026-04-23 06:20:30.868598,16.0
2026-04-23 06:20:31.469363,16.0
2026-04-23 06:20:32.068814,17.0
2026-04-23 06:20:32.668756,17.0
2026-04-23 06:20:33.268744,18.0
2026-04-23 06:20:33.868601,19.0
2026-04-23 06:20:34.468841,20.0
2026-04-23 06:20:35.068815,21.0
2026-04-23 06:20:35.668830,20.0
2026-04-23 06:20:36.269153,21.0
2026-04-23 06:20:36.868818,21.0
2026-04-23 06:20:37.571216,22.0
2026-04-23 06:20:38.069135,23.0
2026-04-23 06:20:38.769704,18.0
2026-04-23 06:20:39.368856,14.0
2026-04-23 06:20:40.069063,11.0
2026-04-23 06:20:40.170520,10.0
2026-04-23 06:20:40.269453,9.971830985915492
2026-04-23 06:20:40.369746,9.943661971830986
2026-04-23 06:20:40.469872,9.915492957746478
2026-04-23 06:20:40.568947,9.887323943661972
2026-04-23 06:20:40.768559,9.859154929577464
2026-04-23 06:20:40.868686,9.830985915492958
2026-04-23 06:20:40.968675,9.80281690140845
2026-04-23 06:20:41.071637,9.774647887323944
2026-04-23 06:20:41.168641,9.746478873239436
2026-04-23 06:20:41.269459,9.71830985915493
2026-04-23 06:20:41.470859,
2026-04-23 06:20:41.569436,
2026-04-23 06:20:41.668694,
2026-04-23 06:20:41.769274,
2026-04-23 06:20:41.869044,
2026-04-23 06:20:41.969248,
2026-04-23 06:20:42.168758,
2026-04-23 06:20:42.269126,
2026-04-23 06:20:42.368777,
2026-04-23 06:20:42.472366,
2026-04-23 06:20:42.570909,
2026-04-23 06:20:42.668723,
2026-04-23 06:20:42.869386,
2026-04-23 06:20:42.968549,
2026-04-23 06:20:43.072482,
2026-04-23 06:20:43.169860,
2026-04-23 06:20:43.269932,
2026-04-23 06:20:43.369738,
2026-04-23 06:20:43.572256,
2026-04-23 06:20:43.670011,
2026-04-23 06:20:43.769804,
2026-04-23 06:20:43.868609,
2026-04-23 06:20:43.968597,
2026-04-23 06:20:44.068730,
2026-04-23 06:20:44.168815,
2026-04-23 06:20:44.368807,
2026-04-23 06:20:44.470397,
2026-04-23 06:20:44.568869,
2026-04-23 06:20:44.669653,
2026-04-23 06:20:44.768878,
2026-04-23 06:20:44.868913,
2026-04-23 06:20:45.071092,
2026-04-23 06:20:45.168897,
2026-04-23 06:20:45.268752,
2026-04-23 06:20:45.368584,
2026-04-23 06:20:45.468719,
2026-04-23 06:20:45.569292,
2026-04-23 06:20:45.768672,
2026-04-23 06:20:45.868638,
2026-04-23 06:20:45.970154,
2026-04-23 06:20:46.068805,
2026-04-23 06:20:46.168712,
2026-04-23 06:20:46.268858,
2026-04-23 06:20:46.469781,
2026-04-23 06:20:46.568629,
2026-04-23 06:20:46.668896,
2026-04-23 06:20:46.768778,
2026-04-23 06:20:46.868949,
2026-04-23 06:20:46.968607,
2026-04-23 06:20:47.168640,
2026-04-23 06:20:47.268552,8.28169014084507
2026-04-23 06:20:47.371891,8.253521126760564
2026-04-23 06:20:47.468955,8.225352112676056
2026-04-23 06:20:47.570048,8.19718309859155
2026-04-23 06:20:47.768565,8.169014084507042
2026-04-23 06:20:47.868737,8.140845070422536
2026-04-23 06:20:47.968538,8.112676056338028
2026-04-23 06:20:48.069981,8.08450704225352
2026-04-23 06:20:48.168611,8.056338028169014
2026-04-23 06:20:48.269863,8.028169014084508
2026-04-23 06:20:48.768572,8.0
2026-04-23 06:20:49.368791,8.0
2026-04-23 06:20:50.068658,8.0
2026-04-23 06:20:50.668927,8.0
2026-04-23 06:20:50.768724,8.0
2026-04-23 06:20:50.868896,8.0
2026-04-23 06:20:50.969270,8.0
2026-04-23 06:20:51.068693,8.0
2026-04-23 06:20:51.168557,8.0
2026-04-23 06:20:51.368697,8.0
2026-04-23 06:20:51.468815,8.0
2026-04-23 06:20:51.568795,
2026-04-23 06:20:51.669011,
2026-04-23 06:20:51.768642,
2026-04-23 06:20:51.868637,
2026-04-23 06:20:52.068778,
2026-04-23 06:20:52.168554,
2026-04-23 06:20:52.269947,
2026-04-23 06:20:52.368689,
2026-04-23 06:20:52.468641,
2026-04-23 06:20:52.568686,
2026-04-23 06:20:52.768671,
2026-04-23 06:20:52.868611,
2026-04-23 06:20:52.968583,
2026-04-23 06:20:53.071805,
2026-04-23 06:20:53.168684,
2026-04-23 06:20:53.268629,
2026-04-23 06:20:53.469210,
2026-04-23 06:20:53.568681,8.0
2026-04-23 06:20:53.668736,8.0
2026-04-23 06:20:53.768885,8.0
2026-04-23 06:20:53.868727,8.0
2026-04-23 06:20:53.968978,8.0
2026-04-23 06:20:54.068639,8.0
2026-04-23 06:20:54.268690,8.0
2026-04-23 06:20:54.368664,8.0
2026-04-23 06:20:54.468632,8.0
2026-04-23 06:20:54.570348,8.0
2026-04-23 06:20:55.169831,8.0
2026-04-23 06:20:55.869657,12.0
2026-04-23 06:20:56.471293,13.0
2026-04-23 06:20:57.068661,15.0
2026-04-23 06:20:57.668932,15.0
2026-04-23 06:20:58.269635,16.0
2026-04-23 06:20:58.869926,17.0
2026-04-23 06:20:59.468997,17.0
2026-04-23 06:21:00.068610,18.0
2026-04-23 06:21:00.668607,18.0
2026-04-23 06:21:01.268788,19.0
2026-04-23 06:21:01.969265,20.0
2026-04-23 06:21:02.568571,20.0
2026-04-23 06:21:03.170663,21.0
2026-04-23 06:21:03.768742,18.0
2026-04-23 06:21:04.369697,14.0
2026-04-23 06:21:04.968572,11.0
2026-04-23 06:21:05.668628,10.0
2026-04-23 06:21:06.268825,10.0
2026-04-23 06:21:06.868832,9.96774193548387
2026-04-23 06:21:07.468560,9.935483870967742
2026-04-23 06:21:08.068711,9.903225806451612
2026-04-23 06:21:08.668806,9.870967741935484
2026-04-23 06:21:09.268910,9.838709677419354
2026-04-23 06:21:09.868604,9.806451612903226
2026-04-23 06:21:10.470305,9.774193548387096
2026-04-23 06:21:11.068666,9.741935483870968
2026-04-23 06:21:11.669698,9.709677419354838
2026-04-23 06:21:12.268654,9.67741935483871
2026-04-23 06:21:12.868654,
2026-04-23 06:21:13.468725,
2026-04-23 06:21:14.068653,
2026-04-23 06:21:14.368591,
2026-04-23 06:21:16.268664,
2026-04-23 06:21:16.868538,
2026-04-23 06:21:17.468550,
2026-04-23 06:21:18.068725,
2026-04-23 06:21:18.669223,
2026-04-23 06:21:19.269309,
2026-04-23 06:21:19.868853,9.32258064516129
2026-04-23 06:21:20.469370,9.290322580645162
2026-04-23 06:21:21.070237,9.258064516129032
2026-04-23 06:21:21.869274,9.225806451612904
2026-04-23 06:21:22.469196,9.193548387096774
2026-04-23 06:21:23.068748,9.161290322580646
2026-04-23 06:21:23.668637,9.129032258064516
2026-04-23 06:21:24.269283,9.096774193548388
2026-04-23 06:21:24.868679,9.064516129032258
2026-04-23 06:21:25.468573,9.032258064516128
2026-04-23 06:21:26.069658,9.0
2026-04-23 06:21:26.768574,11.0
2026-04-23 06:21:27.368742,9.0
2026-04-23 06:21:27.968724,12.0
2026-04-23 06:21:28.568696,13.0
2026-04-23 06:21:29.168566,13.0
2026-04-23 06:21:29.768685,14.0
2026-04-23 06:21:30.368697,14.0
2026-04-23 06:21:30.968704,14.0
2026-04-23 06:21:31.568948,12.0
2026-04-23 06:21:32.168536,10.0
2026-04-23 06:21:32.768699,9.979166666666666
2026-04-23 06:21:33.370275,9.958333333333334
2026-04-23 06:21:33.971941,9.9375
2026-04-23 06:21:34.568658,9.916666666666666
2026-04-23 06:21:35.169612,9.895833333333334
2026-04-23 06:21:35.769228,9.875
2026-04-23 06:21:36.368708,9.854166666666666
2026-04-23 06:21:36.970145,9.833333333333334
2026-04-23 06:21:37.568672,9.8125
2026-04-23 06:21:38.170086,9.791666666666666
2026-04-23 06:21:38.768746,
2026-04-23 06:21:39.470371,
2026-04-23 06:21:40.069277,
2026-04-23 06:21:40.669204,
2026-04-23 06:21:41.268569,
2026-04-23 06:21:41.868607,
2026-04-23 06:21:42.468649,
2026-04-23 06:21:42.571877,
2026-04-23 06:21:42.668727,
2026-04-23 06:21:42.768696,
2026-04-23 06:21:42.869785,
2026-04-23 06:21:43.071356,
2026-04-23 06:21:43.170999,
2026-04-23 06:21:43.270400,
2026-04-23 06:21:43.368666,
2026-04-23 06:21:43.468849,
2026-04-23 06:21:43.569135,
2026-04-23 06:21:43.769084,
2026-04-23 06:21:43.868625,
2026-04-23 06:21:43.971268,
2026-04-23 06:21:44.068928,
2026-04-23 06:21:44.169935,
2026-04-23 06:21:44.269135,
2026-04-23 06:21:44.468549,
2026-04-23 06:21:44.568670,
2026-04-23 06:21:44.668715,
2026-04-23 06:21:44.770401,
2026-04-23 06:21:44.868656,9.208333333333334
2026-04-23 06:21:45.068688,9.1875
2026-04-23 06:21:45.169851,9.166666666666666
2026-04-23 06:21:45.268701,9.145833333333334
2026-04-23 06:21:45.368658,9.125
2026-04-23 06:21:45.468875,9.104166666666666
2026-04-23 06:21:46.768560,9.083333333333334
2026-04-23 06:21:47.368542,9.0625
2026-04-23 06:21:47.969740,9.041666666666666
2026-04-23 06:21:48.568648,9.020833333333334
2026-04-23 06:21:49.168790,9.0
2026-04-23 06:21:49.868581,11.0
2026-04-23 06:21:50.468673,14.0
2026-04-23 06:21:51.068968,16.0
2026-04-23 06:21:51.668700,16.0
2026-04-23 06:21:52.271779,16.0
2026-04-23 06:21:52.968684,16.0
2026-04-23 06:21:53.568525,18.0
2026-04-23 06:21:54.168569,19.0
2026-04-23 06:21:54.768842,19.0
2026-04-23 06:21:55.368977,15.0
2026-04-23 06:21:55.969264,11.0
2026-04-23 06:21:56.668663,9.0
2026-04-23 06:21:57.270931,9.0
2026-04-23 06:21:57.870556,9.0
2026-04-23 06:21:58.469933,9.0
2026-04-23 06:21:59.071167,9.0
2026-04-23 06:21:59.768559,9.0
2026-04-23 06:22:00.371255,9.0
2026-04-23 06:22:00.970899,9.0
2026-04-23 06:22:01.569522,9.0
2026-04-23 06:22:02.269078,9.0
2026-04-23 06:22:02.868724,9.0
2026-04-23 06:22:03.568659,
2026-04-23 06:22:04.168844,
2026-04-23 06:22:04.769479,
2026-04-23 06:22:05.368601,
2026-04-23 06:22:05.968785,
2026-04-23 06:22:06.568815,
2026-04-23 06:22:07.268504,
2026-04-23 06:22:07.869528,
2026-04-23 06:22:08.468682,
2026-04-23 06:22:09.068590,9.0
2026-04-23 06:22:09.670363,9.0
2026-04-23 06:22:10.368576,9.0
2026-04-23 06:22:10.968551,9.0
2026-04-23 06:22:11.568545,9.0
2026-04-23 06:22:12.168700,9.0
2026-04-23 06:22:12.768613,9.0
2026-04-23 06:22:13.368558,9.0
2026-04-23 06:22:13.968670,9.0
2026-04-23 06:22:14.668530,9.0
2026-04-23 06:22:15.268562,9.0
2026-04-23 06:22:15.868716,9.0
2026-04-23 06:22:16.468611,9.0
2026-04-23 06:22:17.068523,9.0
2026-04-23 06:22:17.768764,9.0
2026-04-23 06:22:18.368621,9.0
2026-04-23 06:22:18.968665,9.0
2026-04-23 06:22:19.569590,9.0
2026-04-23 06:22:20.170439,9.0
2026-04-23 06:22:20.769371,9.0
2026-04-23 06:22:21.469450,9.0
2026-04-23 06:22:22.069257,9.0
2026-04-23 06:22:22.669144,
2026-04-23 06:22:23.268834,
2026-04-23 06:22:23.868518,
2026-04-23 06:22:24.469211,
2026-04-23 06:22:25.069067,
2026-04-23 06:22:25.668502,
2026-04-23 06:22:26.368590,
2026-04-23 06:22:26.968738,
2026-04-23 06:22:27.568750,
2026-04-23 06:22:28.172193,
2026-04-23 06:22:28.768741,
2026-04-23 06:22:29.369212,
2026-04-23 06:22:29.969776,
2026-04-23 06:22:30.668721,
2026-04-23 06:22:31.268735,9.0
2026-04-23 06:22:31.868586,9.0
2026-04-23 06:22:32.468843,9.0
2026-04-23 06:22:33.068584,9.0
2026-04-23 06:22:33.668723,9.0
2026-04-23 06:22:34.269697,9.0
2026-04-23 06:22:34.870100,9.0
2026-04-23 06:22:35.570377,9.0
2026-04-23 06:22:36.168849,9.0
2026-04-23 06:22:36.768919,9.0
2026-04-23 06:22:37.368691,9.0
2026-04-23 06:22:37.968774,13.0
2026-04-23 06:22:38.568965,13.0
2026-04-23 06:22:39.268580,14.0
2026-04-23 06:22:39.868977,15.0
2026-04-23 06:22:40.468929,16.0
2026-04-23 06:22:41.069793,17.0
2026-04-23 06:22:41.669831,17.0
2026-04-23 06:22:42.370095,17.0
2026-04-23 06:22:43.069244,17.0
2026-04-23 06:22:43.669470,17.0
2026-04-23 06:22:44.268726,18.0
2026-04-23 06:22:44.868648,17.0
2026-04-23 06:22:45.468925,19.0
2026-04-23 06:22:46.069178,18.0
2026-04-23 06:22:46.669305,14.0
2026-04-23 06:22:47.368920,11.0
2026-04-23 06:22:47.968694,8.0
2026-04-23 06:23:02.768917,8.0
2026-04-23 06:23:03.368616,8.0
2026-04-23 06:23:03.969644,8.0
2026-04-23 06:23:04.569000,8.0
2026-04-23 06:23:05.271701,8.0
2026-04-23 06:23:05.869648,8.0
2026-04-23 06:23:06.468947,8.0
2026-04-23 06:23:07.068688,8.0
2026-04-23 06:23:07.768787,8.0
2026-04-23 06:23:08.368717,8.0
2026-04-23 06:23:08.968653,
2026-04-23 06:23:09.569309,
2026-04-23 06:23:10.168612,
2026-04-23 06:23:10.868748,
2026-04-23 06:23:11.468828,
2026-04-23 06:23:12.068630,
2026-04-23 06:23:12.670008,
2026-04-23 06:23:13.368874,
2026-04-23 06:23:13.968602,
2026-04-23 06:23:14.569211,
2026-04-23 06:23:15.168647,
2026-04-23 06:23:15.768862,
2026-04-23 06:23:16.368567,
2026-04-23 06:23:16.968731,
2026-04-23 06:23:17.670202,
2026-04-23 06:23:18.269427,
2026-04-23 06:23:18.868837,
2026-04-23 06:23:19.470517,
2026-04-23 06:23:20.069880,
2026-04-23 06:23:20.669097,
2026-04-23 06:23:21.269013,
2026-04-23 06:23:21.870920,
2026-04-23 06:23:22.469573,
2026-04-23 06:23:23.169377,8.0
2026-04-23 06:23:23.770186,8.0
2026-04-23 06:23:24.368710,8.0
2026-04-23 06:23:24.969019,8.0
2026-04-23 06:23:25.568716,8.0
2026-04-23 06:23:26.171029,8.0
2026-04-23 06:23:26.768555,8.0
2026-04-23 06:23:27.468595,8.0
2026-04-23 06:23:28.068553,8.0
2026-04-23 06:23:28.669117,8.0
2026-04-23 06:23:29.268622,8.0
2026-04-23 06:23:29.768559,8.018018018018019
2026-04-23 06:23:29.868694,8.036036036036036
2026-04-23 06:23:29.968808,8.054054054054054
2026-04-23 06:23:30.068612,8.072072072072071
2026-04-23 06:23:30.268610,8.09009009009009
2026-04-23 06:23:30.368670,8.108108108108109
2026-04-23 06:23:30.469655,8.126126126126126
2026-04-23 06:23:30.568682,8.144144144144144
2026-04-23 06:23:30.670214,8.162162162162161
2026-04-23 06:23:30.768599,8.18018018018018
2026-04-23 06:23:30.968597,
2026-04-23 06:23:31.068687,
2026-04-23 06:23:31.168839,
2026-04-23 06:23:31.268618,
2026-04-23 06:23:31.369425,
2026-04-23 06:23:31.468847,
2026-04-23 06:23:31.668648,
2026-04-23 06:23:31.768645,
2026-04-23 06:23:31.868626,
2026-04-23 06:23:31.968603,
2026-04-23 06:23:32.070229,
2026-04-23 06:23:32.168624,
2026-04-23 06:23:32.268967,
2026-04-23 06:23:32.468631,
2026-04-23 06:23:32.569820,
2026-04-23 06:23:32.668730,
2026-04-23 06:23:32.769249,
2026-04-23 06:23:32.868725,
2026-04-23 06:23:32.968627,
2026-04-23 06:23:33.168719,
2026-04-23 06:23:33.271240,
2026-04-23 06:23:33.369274,
2026-04-23 06:23:33.470281,
2026-04-23 06:23:33.568658,
2026-04-23 06:23:33.768693,
2026-04-23 06:23:33.868677,
2026-04-23 06:23:33.968567,
2026-04-23 06:23:34.068704,
2026-04-23 06:23:34.168611,
2026-04-23 06:23:34.269245,
2026-04-23 06:23:34.368670,
2026-04-23 06:23:34.570257,
2026-04-23 06:23:34.669305,
2026-04-23 06:23:34.768543,
2026-04-23 06:23:34.868588,
2026-04-23 06:23:34.968615,
2026-04-23 06:23:35.068754,
2026-04-23 06:23:35.274105,
2026-04-23 06:23:35.369142,
2026-04-23 06:23:35.468478,
2026-04-23 06:23:35.568646,
2026-04-23 06:23:35.668657,
2026-04-23 06:23:35.768545,
2026-04-23 06:23:35.970031,
2026-04-23 06:23:36.068560,
2026-04-23 06:23:36.168603,
2026-04-23 06:23:36.269691,
2026-04-23 06:23:36.368760,
2026-04-23 06:23:36.471315,
2026-04-23 06:23:36.668842,
2026-04-23 06:23:36.768703,
2026-04-23 06:23:36.868468,
2026-04-23 06:23:36.968716,
2026-04-23 06:23:37.069708,
2026-04-23 06:23:37.169090,
2026-04-23 06:23:37.369288,
2026-04-23 06:23:37.468613,
2026-04-23 06:23:37.569702,
2026-04-23 06:23:37.668689,
2026-04-23 06:23:37.768880,
2026-04-23 06:23:37.868540,
2026-04-23 06:23:38.068804,
2026-04-23 06:23:38.168862,
2026-04-23 06:23:38.268607,
2026-04-23 06:23:38.368633,
2026-04-23 06:23:38.468568,
2026-04-23 06:23:38.568653,
2026-04-23 06:23:38.668715,
2026-04-23 06:23:38.868561,
2026-04-23 06:23:38.968954,
2026-04-23 06:23:39.068507,
2026-04-23 06:23:39.168597,
2026-04-23 06:23:39.269241,
2026-04-23 06:23:39.368729,
2026-04-23 06:23:39.568615,
2026-04-23 06:23:39.668539,
2026-04-23 06:23:39.768574,
2026-04-23 06:23:39.868668,
2026-04-23 06:23:39.970803,
2026-04-23 06:23:40.069892,
2026-04-23 06:23:40.268555,
2026-04-23 06:23:40.368706,
2026-04-23 06:23:40.468607,
2026-04-23 06:23:40.570967,
2026-04-23 06:23:40.668621,
2026-04-23 06:23:40.768749,
2026-04-23 06:23:40.968524,
2026-04-23 06:23:41.068528,
2026-04-23 06:23:41.168629,
2026-04-23 06:23:41.268494,
2026-04-23 06:23:41.369152,
2026-04-23 06:23:41.468816,
2026-04-23 06:23:41.668525,
2026-04-23 06:23:41.768452,
2026-04-23 06:23:41.868729,
2026-04-23 06:23:41.968601,
2026-04-23 06:23:42.069139,
2026-04-23 06:23:42.168992,
2026-04-23 06:23:42.369179,
2026-04-23 06:23:42.468793,
2026-04-23 06:23:42.568463,
2026-04-23 06:23:42.668542,
2026-04-23 06:23:42.768971,
2026-04-23 06:23:42.868578,
2026-04-23 06:23:42.969026,
2026-04-23 06:23:43.168534,
2026-04-23 06:23:43.268615,
2026-04-23 06:23:43.369012,
2026-04-23 06:23:43.468511,
2026-04-23 06:23:43.569019,
2026-04-23 06:23:43.668688,
2026-04-23 06:23:43.870709,
2026-04-23 06:23:43.969806,
2026-04-23 06:23:44.068996,
2026-04-23 06:23:44.168929,
2026-04-23 06:23:44.270276,
2026-04-23 06:23:44.369579,
2026-04-23 06:23:44.571579,
2026-04-23 06:23:44.669611,
2026-04-23 06:23:44.769164,
2026-04-23 06:23:44.868819,
2026-04-23 06:23:44.970232,
2026-04-23 06:23:45.071084,
2026-04-23 06:23:45.269807,
2026-04-23 06:23:45.370492,
2026-04-23 06:23:45.469595,
2026-04-23 06:23:45.570147,
2026-04-23 06:23:45.669499,
2026-04-23 06:23:45.768682,
2026-04-23 06:23:45.968959,
2026-04-23 06:23:46.069099,
2026-04-23 06:23:46.169975,
2026-04-23 06:23:46.270148,
2026-04-23 06:23:46.369515,
2026-04-23 06:23:46.468648,
2026-04-23 06:23:46.668629,
2026-04-23 06:23:46.768597,
2026-04-23 06:23:46.868622,
2026-04-23 06:23:46.968625,
2026-04-23 06:23:47.069621,
2026-04-23 06:23:47.168603,
2026-04-23 06:23:47.369892,
2026-04-23 06:23:47.469118,
2026-04-23 06:23:47.568696,
2026-04-23 06:23:47.668500,
2026-04-23 06:23:47.768760,
2026-04-23 06:23:47.868476,
2026-04-23 06:23:48.069749,
2026-04-23 06:23:48.169373,
2026-04-23 06:23:48.268661,
2026-04-23 06:23:48.368711,
2026-04-23 06:23:48.469653,
2026-04-23 06:23:48.570066,
2026-04-23 06:23:48.669837,
2026-04-23 06:23:48.868716,
2026-04-23 06:23:48.969722,
2026-04-23 06:23:49.069094,
2026-04-23 06:23:49.169238,
2026-04-23 06:23:49.268491,
2026-04-23 06:23:49.368528,
2026-04-23 06:23:49.569884,
2026-04-23 06:23:49.668649,
2026-04-23 06:23:49.768667,
2026-04-23 06:23:49.868571,
2026-04-23 06:23:49.968831,
2026-04-23 06:23:50.068575,
2026-04-23 06:23:50.268541,
2026-04-23 06:23:50.370279,
2026-04-23 06:23:50.469194,
2026-04-23 06:23:50.568773,
2026-04-23 06:23:50.669245,
2026-04-23 06:23:50.771473,
2026-04-23 06:23:50.968710,
2026-04-23 06:23:51.068550,
2026-04-23 06:23:51.169710,
2026-04-23 06:23:51.268492,
2026-04-23 06:23:51.368684,
2026-04-23 06:23:51.469647,
2026-04-23 06:23:51.668636,
2026-04-23 06:23:51.768731,
2026-04-23 06:23:51.868792,
2026-04-23 06:23:51.968842,
2026-04-23 06:23:52.068886,
2026-04-23 06:23:52.168879,
2026-04-23 06:23:52.369277,
2026-04-23 06:23:52.468616,
2026-04-23 06:23:52.570264,
2026-04-23 06:23:52.668948,
2026-04-23 06:23:52.769203,
2026-04-23 06:23:52.868497,
2026-04-23 06:23:53.068491,
2026-04-23 06:23:53.168666,
2026-04-23 06:23:53.269856,
2026-04-23 06:23:53.368777,
2026-04-23 06:23:53.469625,
2026-04-23 06:23:53.569910,
2026-04-23 06:23:53.768743,
2026-04-23 06:23:53.868462,
2026-04-23 06:23:53.969355,
2026-04-23 06:23:54.068634,
2026-04-23 06:23:54.168527,
2026-04-23 06:23:54.269475,11.81981981981982
2026-04-23 06:23:54.371495,11.837837837837839
2026-04-23 06:23:54.570210,11.855855855855856
2026-04-23 06:23:54.668684,11.873873873873874
2026-04-23 06:23:54.768610,11.891891891891891
2026-04-23 06:23:54.868509,11.90990990990991
2026-04-23 06:23:54.968468,11.927927927927929
2026-04-23 06:23:55.168655,11.945945945945946
2026-04-23 06:23:55.268902,11.963963963963964
2026-04-23 06:23:55.369246,11.981981981981981
2026-04-23 06:23:55.568594,12.0
2026-04-23 06:23:56.270305,12.0
2026-04-23 06:23:56.868572,14.0
2026-04-23 06:23:57.468748,15.0
2026-04-23 06:23:58.068723,16.0
2026-04-23 06:23:58.668571,16.0
2026-04-23 06:23:59.368822,18.0
2026-04-23 06:23:59.970249,18.0
2026-04-23 06:24:00.570075,18.0
2026-04-23 06:24:01.168733,19.0
2026-04-23 06:24:01.768741,20.0
2026-04-23 06:24:02.469899,21.0
2026-04-23 06:24:03.069040,21.0
2026-04-23 06:24:03.568762,17.0
2026-04-23 06:24:04.269208,13.0
2026-04-23 06:24:04.969261,10.0
2026-04-23 06:24:05.568578,8.0
2026-04-23 06:24:06.168895,8.036144578313253
2026-04-23 06:24:06.768787,8.072289156626505
2026-04-23 06:24:07.369854,8.108433734939759
2026-04-23 06:24:08.068553,8.144578313253012
2026-04-23 06:24:08.668648,8.180722891566266
2026-04-23 06:24:09.268765,8.216867469879517
2026-04-23 06:24:09.868517,8.25301204819277
2026-04-23 06:24:10.468623,8.289156626506024
2026-04-23 06:24:11.068542,8.325301204819278
2026-04-23 06:24:11.668526,8.36144578313253
2026-04-23 06:24:12.271235,
2026-04-23 06:24:12.868804,
2026-04-23 06:24:13.468691,
2026-04-23 06:24:14.068619,
2026-04-23 06:24:14.668649,
2026-04-23 06:24:15.270253,
2026-04-23 06:24:15.768614,
2026-04-23 06:24:15.868771,
2026-04-23 06:24:15.968614,
2026-04-23 06:24:16.069558,
2026-04-23 06:24:16.168543,
2026-04-23 06:24:16.270970,
2026-04-23 06:24:16.468547,
2026-04-23 06:24:16.568651,
2026-04-23 06:24:16.669116,
2026-04-23 06:24:16.768627,
2026-04-23 06:24:16.868523,
2026-04-23 06:24:16.970335,
2026-04-23 06:24:17.168588,
2026-04-23 06:24:17.269793,
2026-04-23 06:24:17.368557,
2026-04-23 06:24:17.468539,
2026-04-23 06:24:17.568875,
2026-04-23 06:24:17.669274,
2026-04-23 06:24:17.871185,
2026-04-23 06:24:17.968624,
2026-04-23 06:24:18.069651,
2026-04-23 06:24:18.168554,
2026-04-23 06:24:18.268574,
2026-04-23 06:24:18.369720,
2026-04-23 06:24:18.468755,
2026-04-23 06:24:18.668650,
2026-04-23 06:24:18.768804,
2026-04-23 06:24:18.869520,
2026-04-23 06:24:18.968577,
2026-04-23 06:24:19.068635,
2026-04-23 06:24:19.168601,
2026-04-23 06:24:19.368564,
2026-04-23 06:24:19.468842,
2026-04-23 06:24:19.568960,
2026-04-23 06:24:19.668721,
2026-04-23 06:24:19.768549,
2026-04-23 06:24:19.868716,
2026-04-23 06:24:20.068634,
2026-04-23 06:24:20.168560,
2026-04-23 06:24:20.268734,
2026-04-23 06:24:20.368537,
2026-04-23 06:24:20.468562,
2026-04-23 06:24:20.572553,
2026-04-23 06:24:20.768651,
2026-04-23 06:24:20.868540,
2026-04-23 06:24:20.970246,
2026-04-23 06:24:21.068547,
2026-04-23 06:24:21.169057,
2026-04-23 06:24:21.269943,
2026-04-23 06:24:21.468776,
2026-04-23 06:24:21.569217,
2026-04-23 06:24:21.669712,
2026-04-23 06:24:21.771378,
2026-04-23 06:24:21.868661,
2026-04-23 06:24:22.068962,
2026-04-23 06:24:22.168605,
2026-04-23 06:24:22.268514,10.638554216867469
2026-04-23 06:24:23.373324,10.674698795180722
2026-04-23 06:24:24.572219,10.710843373493976
2026-04-23 06:24:25.168517,10.74698795180723
2026-04-23 06:24:25.869246,10.783132530120483
2026-04-23 06:24:26.469398,10.819277108433734
2026-04-23 06:24:27.068700,10.855421686746988
2026-04-23 06:24:27.669359,10.891566265060241
2026-04-23 06:24:28.269262,10.927710843373493
2026-04-23 06:24:28.868676,10.963855421686747
2026-04-23 06:24:29.568557,11.0
2026-04-23 06:24:30.168721,14.0
2026-04-23 06:24:30.768909,15.0
2026-04-23 06:24:31.368601,16.0
2026-04-23 06:24:31.968603,19.0
2026-04-23 06:24:32.568601,21.0
2026-04-23 06:24:33.268607,22.0
2026-04-23 06:24:33.870190,22.0
2026-04-23 06:24:34.468716,21.0
2026-04-23 06:24:35.068863,22.0
2026-04-23 06:24:35.268712,23.0
2026-04-23 06:24:35.868942,24.0
2026-04-23 06:24:36.468772,23.0
2026-04-23 06:24:37.071259,18.0
