log_time,heart_rate
2026-04-23 06:04:21.668757,78.0
2026-04-23 06:04:22.268652,77.0
2026-04-23 06:04:22.868577,76.0
2026-04-23 06:04:23.468586,75.0
2026-04-23 06:04:24.068623,74.0
2026-04-23 06:04:24.768674,73.0
2026-04-23 06:04:25.368554,73.0
2026-04-23 06:04:25.968712,73.0
2026-04-23 06:04:26.568674,74.0
2026-04-23 06:04:27.168579,73.85714285714286
2026-04-23 06:04:27.768662,73.71428571428571
2026-04-23 06:04:28.368630,73.57142857142857
2026-04-23 06:04:29.068803,73.42857142857143
2026-04-23 06:04:29.668905,73.28571428571429
2026-04-23 06:04:30.268632,73.14285714285714
2026-04-23 06:04:30.868733,73.0
2026-04-23 06:04:31.469265,73.0
2026-04-23 06:04:32.068724,73.0
2026-04-23 06:04:32.669599,73.0
2026-04-23 06:04:33.269077,73.0
2026-04-23 06:04:33.968869,74.0
2026-04-23 06:04:34.469962,73.0
2026-04-23 06:04:35.073608,72.0
2026-04-23 06:04:37.268597,72.0
2026-04-23 06:04:37.369223,72.0
2026-04-23 06:04:37.470953,72.0
2026-04-23 06:04:37.569826,72.0
2026-04-23 06:04:37.668699,72.0
2026-04-23 06:04:37.769116,72.0
2026-04-23 06:04:37.868974,72.0
2026-04-23 06:04:38.068726,72.0
2026-04-23 06:04:38.171510,72.0
2026-04-23 06:04:38.269875,72.0
2026-04-23 06:04:38.369512,
2026-04-23 06:04:38.470679,
2026-04-23 06:04:38.668613,
2026-04-23 06:04:38.770214,
2026-04-23 06:04:38.871254,
2026-04-23 06:04:38.969755,
2026-04-23 06:04:39.068632,
2026-04-23 06:04:39.168650,
2026-04-23 06:04:39.370517,
2026-04-23 06:04:39.468638,
2026-04-23 06:04:39.568669,
2026-04-23 06:04:39.669268,
2026-04-23 06:04:39.768851,
2026-04-23 06:04:39.870954,
2026-04-23 06:04:39.969668,
2026-04-23 06:04:40.168743,
2026-04-23 06:04:40.268899,
2026-04-23 06:04:40.368883,
2026-04-23 06:04:40.468645,
2026-04-23 06:04:40.568997,
2026-04-23 06:04:40.668566,
2026-04-23 06:04:40.868757,
2026-04-23 06:04:40.970516,
2026-04-23 06:04:41.069166,
2026-04-23 06:04:41.168936,
2026-04-23 06:04:41.269002,
2026-04-23 06:04:41.368634,
2026-04-23 06:04:41.573269,
2026-04-23 06:04:41.669448,
2026-04-23 06:04:41.772346,
2026-04-23 06:04:41.869816,
2026-04-23 06:04:41.970738,
2026-04-23 06:04:42.070446,
2026-04-23 06:04:42.268571,
2026-04-23 06:04:42.368699,
2026-04-23 06:04:42.469059,
2026-04-23 06:04:42.569144,
2026-04-23 06:04:42.669336,
2026-04-23 06:04:42.769231,
2026-04-23 06:04:42.968735,
2026-04-23 06:04:43.068567,
2026-04-23 06:04:43.168611,
2026-04-23 06:04:43.268634,
2026-04-23 06:04:43.368623,
2026-04-23 06:04:43.469261,
2026-04-23 06:04:43.668754,
2026-04-23 06:04:43.769323,
2026-04-23 06:04:43.868754,
2026-04-23 06:04:43.969121,
2026-04-23 06:04:44.068611,
2026-04-23 06:04:44.172140,
2026-04-23 06:04:44.371166,
2026-04-23 06:04:44.468722,
2026-04-23 06:04:44.568667,
2026-04-23 06:04:44.670238,
2026-04-23 06:04:44.768641,
2026-04-23 06:04:44.868730,
2026-04-23 06:04:45.068969,
2026-04-23 06:04:45.168598,
2026-04-23 06:04:45.271795,
2026-04-23 06:04:45.370317,
2026-04-23 06:04:45.468604,
2026-04-23 06:04:45.568699,
2026-04-23 06:04:45.669287,
2026-04-23 06:04:45.868548,
2026-04-23 06:04:45.968746,
2026-04-23 06:04:46.068626,
2026-04-23 06:04:46.168542,
2026-04-23 06:04:46.268696,
2026-04-23 06:04:46.370913,
2026-04-23 06:04:46.568703,
2026-04-23 06:04:46.668747,
2026-04-23 06:04:46.768692,
2026-04-23 06:04:46.868625,
2026-04-23 06:04:46.968638,
2026-04-23 06:04:47.068696,
2026-04-23 06:04:47.268677,
2026-04-23 06:04:47.368699,
2026-04-23 06:04:47.468679,
2026-04-23 06:04:47.568632,
2026-04-23 06:04:47.668748,
2026-04-23 06:04:47.768743,
2026-04-23 06:04:47.968628,
2026-04-23 06:04:48.069541,
2026-04-23 06:04:48.170218,
2026-04-23 06:04:48.268634,
2026-04-23 06:04:48.368594,
2026-04-23 06:04:48.468647,
2026-04-23 06:04:48.668591,
2026-04-23 06:04:48.768670,
2026-04-23 06:04:48.868691,
2026-04-23 06:04:48.969095,
2026-04-23 06:04:49.069107,
2026-04-23 06:04:49.168837,
2026-04-23 06:04:49.369090,
2026-04-23 06:04:49.470405,
2026-04-23 06:04:49.569208,
2026-04-23 06:04:49.670517,
2026-04-23 06:04:49.769051,
2026-04-23 06:04:49.868610,
2026-04-23 06:04:50.068545,
2026-04-23 06:04:50.168659,
2026-04-23 06:04:50.269843,
2026-04-23 06:04:50.369483,
2026-04-23 06:04:50.468585,
2026-04-23 06:04:50.568782,
2026-04-23 06:04:50.668822,
2026-04-23 06:04:50.868848,
2026-04-23 06:04:50.968853,
2026-04-23 06:04:51.069758,
2026-04-23 06:04:51.168783,
2026-04-23 06:04:51.269792,
2026-04-23 06:04:51.369398,
2026-04-23 06:04:51.568814,
2026-04-23 06:04:51.668632,
2026-04-23 06:04:51.768824,
2026-04-23 06:04:51.869846,
2026-04-23 06:04:51.968657,
2026-04-23 06:04:52.068900,
2026-04-23 06:04:52.268811,
2026-04-23 06:04:52.368666,
2026-04-23 06:04:52.468697,
2026-04-23 06:04:52.568739,
2026-04-23 06:04:52.668582,
2026-04-23 06:04:52.769216,
2026-04-23 06:04:52.970108,
2026-04-23 06:04:53.069216,
2026-04-23 06:04:53.171271,
2026-04-23 06:04:53.268643,
2026-04-23 06:04:53.368951,
2026-04-23 06:04:53.469338,
2026-04-23 06:04:53.668633,
2026-04-23 06:04:53.771050,
2026-04-23 06:04:53.868756,
2026-04-23 06:04:53.968682,
2026-04-23 06:04:54.068612,
2026-04-23 06:04:54.169952,
2026-04-23 06:04:54.368703,
2026-04-23 06:04:54.470223,
2026-04-23 06:04:54.568718,
2026-04-23 06:04:54.669527,
2026-04-23 06:04:54.768579,
2026-04-23 06:04:54.868917,
2026-04-23 06:04:55.068650,
2026-04-23 06:04:55.168597,
2026-04-23 06:04:55.268764,
2026-04-23 06:04:55.368643,
2026-04-23 06:04:55.468552,
2026-04-23 06:04:55.568564,
2026-04-23 06:04:55.668823,
2026-04-23 06:04:55.869835,
2026-04-23 06:04:55.969454,
2026-04-23 06:04:56.068574,
2026-04-23 06:04:56.170295,
2026-04-23 06:04:56.270102,
2026-04-23 06:04:56.368628,
2026-04-23 06:04:56.570044,
2026-04-23 06:04:56.669436,
2026-04-23 06:04:56.768800,
2026-04-23 06:04:56.869895,
2026-04-23 06:04:56.969509,
2026-04-23 06:04:57.071162,
2026-04-23 06:04:57.271291,
2026-04-23 06:04:57.370603,
2026-04-23 06:04:57.470760,
2026-04-23 06:04:57.570753,
2026-04-23 06:04:57.669683,
2026-04-23 06:04:57.769359,
2026-04-23 06:04:57.968761,
2026-04-23 06:04:58.069617,
2026-04-23 06:04:58.169833,
2026-04-23 06:04:58.268975,
2026-04-23 06:04:58.369332,
2026-04-23 06:04:58.468836,
2026-04-23 06:04:58.668895,
2026-04-23 06:04:58.771965,
2026-04-23 06:04:58.868526,
2026-04-23 06:04:58.968661,
2026-04-23 06:04:59.070025,
2026-04-23 06:04:59.168562,
2026-04-23 06:04:59.368647,
2026-04-23 06:04:59.469411,
2026-04-23 06:04:59.568876,
2026-04-23 06:04:59.670390,
2026-04-23 06:04:59.769784,
2026-04-23 06:04:59.868583,
2026-04-23 06:05:00.069230,
2026-04-23 06:05:00.168509,
2026-04-23 06:05:00.268640,
2026-04-23 06:05:00.369963,
2026-04-23 06:05:00.468641,
2026-04-23 06:05:00.569275,
2026-04-23 06:05:00.771338,
2026-04-23 06:05:00.868664,
2026-04-23 06:05:00.968904,
2026-04-23 06:05:01.068547,
2026-04-23 06:05:01.168648,
2026-04-23 06:05:01.268556,
2026-04-23 06:05:01.369846,
2026-04-23 06:05:01.568752,
2026-04-23 06:05:01.668864,
2026-04-23 06:05:01.768637,
2026-04-23 06:05:01.869589,
2026-04-23 06:05:01.968570,
2026-04-23 06:05:02.068682,
2026-04-23 06:05:02.268715,
2026-04-23 06:05:02.368654,
2026-04-23 06:05:02.468820,
2026-04-23 06:05:02.571353,
2026-04-23 06:05:02.669766,
2026-04-23 06:05:02.769213,
2026-04-23 06:05:02.968874,
2026-04-23 06:05:03.068724,
2026-04-23 06:05:03.168539,
2026-04-23 06:05:03.268607,
2026-04-23 06:05:03.368576,
2026-04-23 06:05:03.468552,
2026-04-23 06:05:03.668856,
2026-04-23 06:05:03.768902,
2026-04-23 06:05:03.868668,
2026-04-23 06:05:03.969910,
2026-04-23 06:05:04.070033,
2026-04-23 06:05:04.168620,
2026-04-23 06:05:04.368551,
2026-04-23 06:05:04.468672,
2026-04-23 06:05:04.569491,
2026-04-23 06:05:04.669197,
2026-04-23 06:05:04.769611,
2026-04-23 06:05:04.870168,
2026-04-23 06:05:05.068596,
2026-04-23 06:05:05.168739,
2026-04-23 06:05:05.270162,
2026-04-23 06:05:05.369602,
2026-04-23 06:05:05.468565,
2026-04-23 06:05:05.568872,
2026-04-23 06:05:05.768771,
2026-04-23 06:05:05.871677,
2026-04-23 06:05:05.969100,
2026-04-23 06:05:06.068623,
2026-04-23 06:05:06.168561,
2026-04-23 06:05:06.268555,
2026-04-23 06:05:06.468714,
2026-04-23 06:05:06.568577,
2026-04-23 06:05:06.668729,
2026-04-23 06:05:06.768557,
2026-04-23 06:05:06.868673,
2026-04-23 06:05:06.968550,
2026-04-23 06:05:07.168645,
2026-04-23 06:05:07.268659,
2026-04-23 06:05:07.368511,
2026-04-23 06:05:07.468698,
2026-04-23 06:05:07.568701,
2026-04-23 06:05:07.668674,
2026-04-23 06:05:07.768652,
2026-04-23 06:05:07.968971,
2026-04-23 06:05:08.069276,
2026-04-23 06:05:08.168713,
2026-04-23 06:05:08.268535,
2026-04-23 06:05:08.368630,
2026-04-23 06:05:08.468548,
2026-04-23 06:05:08.668583,
2026-04-23 06:05:08.768584,
2026-04-23 06:05:08.868506,
2026-04-23 06:05:08.968628,
2026-04-23 06:05:09.068599,
2026-04-23 06:05:09.168670,
2026-04-23 06:05:09.368490,
2026-04-23 06:05:09.469508,
2026-04-23 06:05:09.568951,
2026-04-23 06:05:09.668921,
2026-04-23 06:05:09.768515,
2026-04-23 06:05:09.868793,
2026-04-23 06:05:10.068678,
2026-04-23 06:05:10.168643,
2026-04-23 06:05:10.268599,
2026-04-23 06:05:10.368702,
2026-04-23 06:05:10.468502,
2026-04-23 06:05:10.569501,
2026-04-23 06:05:10.768635,
2026-04-23 06:05:10.869134,
2026-04-23 06:05:10.968646,
2026-04-23 06:05:11.068888,
2026-04-23 06:05:11.168926,
2026-04-23 06:05:11.268516,
2026-04-23 06:05:11.369010,
2026-04-23 06:05:11.568664,
2026-04-23 06:05:11.668689,
2026-04-23 06:05:11.768758,
2026-04-23 06:05:11.868675,
2026-04-23 06:05:11.968681,
2026-04-23 06:05:12.068542,
2026-04-23 06:05:12.268744,
2026-04-23 06:05:12.368693,
2026-04-23 06:05:12.468728,
2026-04-23 06:05:12.568814,
2026-04-23 06:05:12.669316,
2026-04-23 06:05:12.769726,
2026-04-23 06:05:12.971098,
2026-04-23 06:05:13.069705,
2026-04-23 06:05:13.169270,
2026-04-23 06:05:13.268698,
2026-04-23 06:05:13.368628,
2026-04-23 06:05:13.468714,
2026-04-23 06:05:13.668500,
2026-04-23 06:05:13.769913,
2026-04-23 06:05:13.868978,
2026-04-23 06:05:13.970469,
2026-04-23 06:05:14.068593,
2026-04-23 06:05:14.170785,
2026-04-23 06:05:14.369339,
2026-04-23 06:05:14.469214,
2026-04-23 06:05:14.568745,
2026-04-23 06:05:14.671281,
2026-04-23 06:05:14.769279,
2026-04-23 06:05:14.871085,
2026-04-23 06:05:15.068506,
2026-04-23 06:05:15.168929,
2026-04-23 06:05:15.269238,
2026-04-23 06:05:15.469826,
2026-04-23 06:05:15.568660,
2026-04-23 06:05:15.670277,
2026-04-23 06:05:15.868611,
2026-04-23 06:05:15.968582,
2026-04-23 06:05:16.069339,
2026-04-23 06:05:16.169081,
2026-04-23 06:05:16.269998,
2026-04-23 06:05:16.369874,
2026-04-23 06:05:16.470886,
2026-04-23 06:05:16.668600,
2026-04-23 06:05:16.770221,
2026-04-23 06:05:16.872419,
2026-04-23 06:05:16.970792,
2026-04-23 06:05:17.070549,
2026-04-23 06:05:17.269734,
2026-04-23 06:05:17.369418,
2026-04-23 06:05:17.470764,
2026-04-23 06:05:17.569178,
2026-04-23 06:05:17.668966,
2026-04-23 06:05:17.768585,
2026-04-23 06:05:17.868672,
2026-04-23 06:05:18.068503,
2026-04-23 06:05:18.169014,
2026-04-23 06:05:18.271485,
2026-04-23 06:05:18.368684,
2026-04-23 06:05:18.468715,
2026-04-23 06:05:18.568787,
2026-04-23 06:05:18.769441,
2026-04-23 06:05:18.869122,
2026-04-23 06:05:18.969215,
2026-04-23 06:05:19.070519,
2026-04-23 06:05:19.171551,
2026-04-23 06:05:19.271251,
2026-04-23 06:05:19.472460,
2026-04-23 06:05:19.568707,
2026-04-23 06:05:19.668720,
2026-04-23 06:05:19.769240,
2026-04-23 06:05:19.869369,
2026-04-23 06:05:19.970420,
2026-04-23 06:05:20.169960,
2026-04-23 06:05:20.269255,
2026-04-23 06:05:20.370448,
2026-04-23 06:05:20.468703,
2026-04-23 06:05:20.568928,
2026-04-23 06:05:20.670614,
2026-04-23 06:05:20.869707,
2026-04-23 06:05:20.968838,
2026-04-23 06:05:21.069357,
2026-04-23 06:05:21.168604,
2026-04-23 06:05:21.269047,
2026-04-23 06:05:21.368593,
2026-04-23 06:05:21.568573,
2026-04-23 06:05:21.668746,
2026-04-23 06:05:21.768569,
2026-04-23 06:05:21.872163,
2026-04-23 06:05:21.968506,
2026-04-23 06:05:22.068489,
2026-04-23 06:05:22.269718,
2026-04-23 06:05:22.368605,
2026-04-23 06:05:22.468638,
2026-04-23 06:05:22.568632,
2026-04-23 06:05:22.668688,
2026-04-23 06:05:22.768734,
2026-04-23 06:05:22.968832,
2026-04-23 06:05:23.068627,
2026-04-23 06:05:23.169794,
2026-04-23 06:05:23.268898,
2026-04-23 06:05:23.369717,
2026-04-23 06:05:23.469694,
2026-04-23 06:05:23.571633,
2026-04-23 06:05:23.769011,
2026-04-23 06:05:23.868857,
2026-04-23 06:05:23.968735,
2026-04-23 06:05:24.068502,
2026-04-23 06:05:24.168638,
2026-04-23 06:05:24.368496,
2026-04-23 06:05:24.469541,
2026-04-23 06:05:24.569146,
2026-04-23 06:05:24.668519,
2026-04-23 06:05:24.768622,
2026-04-23 06:05:24.868621,
2026-04-23 06:05:25.071507,
2026-04-23 06:05:25.168562,
2026-04-23 06:05:26.268861,
2026-04-23 06:05:26.368529,
2026-04-23 06:05:26.469536,
2026-04-23 06:05:26.568711,
2026-04-23 06:05:26.668634,
2026-04-23 06:05:26.768553,
2026-04-23 06:05:26.968490,
2026-04-23 06:05:27.068824,
2026-04-23 06:05:27.168696,
2026-04-23 06:05:27.268639,
2026-04-23 06:05:27.369532,
2026-04-23 06:05:27.468843,
2026-04-23 06:05:27.568696,
2026-04-23 06:05:27.769641,
2026-04-23 06:05:27.868699,
2026-04-23 06:05:27.968655,
2026-04-23 06:05:28.069111,
2026-04-23 06:05:28.169788,
2026-04-23 06:05:28.270204,
2026-04-23 06:05:28.469046,
2026-04-23 06:05:28.569406,
2026-04-23 06:05:28.669547,
2026-04-23 06:05:28.768521,
2026-04-23 06:05:28.868933,
2026-04-23 06:05:28.968523,
2026-04-23 06:05:29.168648,
2026-04-23 06:05:29.268667,
2026-04-23 06:05:29.369105,
2026-04-23 06:05:29.468591,
2026-04-23 06:05:29.568601,
2026-04-23 06:05:29.668663,
2026-04-23 06:05:29.868537,
2026-04-23 06:05:29.968822,
2026-04-23 06:05:30.070636,
2026-04-23 06:05:30.169452,
2026-04-23 06:05:30.269458,
2026-04-23 06:05:30.368687,
2026-04-23 06:05:30.568515,
2026-04-23 06:05:30.669262,
2026-04-23 06:05:30.768540,
2026-04-23 06:05:30.869636,
2026-04-23 06:05:30.968751,
2026-04-23 06:05:31.068656,
2026-04-23 06:05:31.268555,
2026-04-23 06:05:31.368830,
2026-04-23 06:05:31.469741,
2026-04-23 06:05:31.568554,
2026-04-23 06:05:31.668557,
2026-04-23 06:05:31.768526,
2026-04-23 06:05:31.968608,
2026-04-23 06:05:32.069096,
2026-04-23 06:05:32.171693,
2026-04-23 06:05:32.268634,
2026-04-23 06:05:32.368623,
2026-04-23 06:05:32.468973,
2026-04-23 06:05:32.669007,
2026-04-23 06:05:32.768522,
2026-04-23 06:05:32.868724,
2026-04-23 06:05:32.968594,
2026-04-23 06:05:33.068527,
2026-04-23 06:05:33.168923,
2026-04-23 06:05:33.368876,
2026-04-23 06:05:33.468625,
2026-04-23 06:05:33.568511,
2026-04-23 06:05:33.671031,
2026-04-23 06:05:33.769080,
2026-04-23 06:05:33.868559,
2026-04-23 06:05:33.969227,
2026-04-23 06:05:34.168502,
2026-04-23 06:05:34.270237,
2026-04-23 06:05:34.368690,
2026-04-23 06:05:34.468799,
2026-04-23 06:05:34.568582,
2026-04-23 06:05:34.669552,
2026-04-23 06:05:34.868636,
2026-04-23 06:05:34.969157,
2026-04-23 06:05:35.069220,
2026-04-23 06:05:35.171721,
2026-04-23 06:05:35.269626,
2026-04-23 06:05:35.368578,
2026-04-23 06:05:35.570146,
2026-04-23 06:05:35.670688,
2026-04-23 06:05:35.769843,
2026-04-23 06:05:35.869469,
2026-04-23 06:05:35.970778,
2026-04-23 06:05:36.069880,
2026-04-23 06:05:36.268794,
2026-04-23 06:05:36.369867,
2026-04-23 06:05:36.470109,
2026-04-23 06:05:36.569598,
2026-04-23 06:05:36.670674,
2026-04-23 06:05:36.769766,
2026-04-23 06:05:36.969826,
2026-04-23 06:05:37.070357,
2026-04-23 06:05:37.169214,
2026-04-23 06:05:37.269246,
2026-04-23 06:05:37.370301,
2026-04-23 06:05:37.468916,
2026-04-23 06:05:37.568758,
2026-04-23 06:05:37.769013,
2026-04-23 06:05:37.870514,
2026-04-23 06:05:37.970243,
2026-04-23 06:05:38.071281,
2026-04-23 06:05:38.168701,
2026-04-23 06:05:38.268634,
2026-04-23 06:05:38.469611,
2026-04-23 06:05:38.569331,
2026-04-23 06:05:38.669549,
2026-04-23 06:05:38.771237,
2026-04-23 06:05:38.868956,
2026-04-23 06:05:38.970264,
2026-04-23 06:05:39.170093,
2026-04-23 06:05:39.271076,
2026-04-23 06:05:39.370824,
2026-04-23 06:05:39.469158,
2026-04-23 06:05:39.569282,
2026-04-23 06:05:39.669162,
2026-04-23 06:05:39.869459,
2026-04-23 06:05:39.970250,
2026-04-23 06:05:40.071326,
2026-04-23 06:05:40.168898,
2026-04-23 06:05:40.270217,
2026-04-23 06:05:40.368511,
2026-04-23 06:05:40.568640,
2026-04-23 06:05:40.671073,
2026-04-23 06:05:40.768544,
2026-04-23 06:05:40.868828,
2026-04-23 06:05:40.968571,
2026-04-23 06:05:41.068851,
2026-04-23 06:05:41.271067,
2026-04-23 06:05:41.369843,
2026-04-23 06:05:41.468677,
2026-04-23 06:05:41.569795,
2026-04-23 06:05:41.668759,
2026-04-23 06:05:41.768539,
2026-04-23 06:05:41.968537,
2026-04-23 06:05:42.068727,
2026-04-23 06:05:42.168555,
2026-04-23 06:05:42.270104,
2026-04-23 06:05:42.369367,
2026-04-23 06:05:42.468492,
2026-04-23 06:05:42.668517,
2026-04-23 06:05:42.768671,
2026-04-23 06:05:42.868538,
2026-04-23 06:05:42.968987,
2026-04-23 06:05:43.069690,
2026-04-23 06:05:43.168567,
2026-04-23 06:05:43.368498,
2026-04-23 06:05:43.470039,
2026-04-23 06:05:43.569534,
2026-04-23 06:05:43.668570,
2026-04-23 06:05:43.768756,
2026-04-23 06:05:43.868573,
2026-04-23 06:05:43.970509,
2026-04-23 06:05:44.168464,
2026-04-23 06:05:44.269627,
2026-04-23 06:05:44.368530,
2026-04-23 06:05:44.469142,
2026-04-23 06:05:44.568506,
2026-04-23 06:05:44.669527,
2026-04-23 06:05:44.868524,
2026-04-23 06:05:44.968502,
2026-04-23 06:05:45.068604,
2026-04-23 06:05:45.168871,
2026-04-23 06:05:45.268535,
2026-04-23 06:05:45.368532,
2026-04-23 06:05:45.568857,
2026-04-23 06:05:45.668473,
2026-04-23 06:05:45.769674,
2026-04-23 06:05:45.868578,
2026-04-23 06:05:45.968507,
2026-04-23 06:05:46.068692,
2026-04-23 06:05:46.268641,
2026-04-23 06:05:46.369638,
2026-04-23 06:05:46.469012,
2026-04-23 06:05:46.568612,
2026-04-23 06:05:46.668649,
2026-04-23 06:05:46.768618,
2026-04-23 06:05:46.968719,
2026-04-23 06:05:47.069826,
2026-04-23 06:05:47.168847,
2026-04-23 06:05:47.268967,
2026-04-23 06:05:47.368870,
2026-04-23 06:05:47.468874,
2026-04-23 06:05:47.568713,
2026-04-23 06:05:47.768484,
2026-04-23 06:05:47.869058,
2026-04-23 06:05:47.968561,
2026-04-23 06:05:48.068832,
2026-04-23 06:05:48.168610,
2026-04-23 06:05:48.269551,
2026-04-23 06:05:48.468784,
2026-04-23 06:05:48.569638,
2026-04-23 06:05:48.668705,
2026-04-23 06:05:48.768623,
2026-04-23 06:05:48.868653,
2026-04-23 06:05:48.968644,
2026-04-23 06:05:49.170713,
2026-04-23 06:05:49.269015,
2026-04-23 06:05:49.368765,
2026-04-23 06:05:49.468621,
2026-04-23 06:05:49.569792,
2026-04-23 06:05:49.668549,
2026-04-23 06:05:49.868589,
2026-04-23 06:05:49.968929,
2026-04-23 06:05:50.068555,
2026-04-23 06:05:50.169707,
2026-04-23 06:05:50.268633,
2026-04-23 06:05:50.368652,
2026-04-23 06:05:50.568646,
2026-04-23 06:05:50.668643,
2026-04-23 06:05:50.768635,
2026-04-23 06:05:50.868720,
2026-04-23 06:05:50.968688,
2026-04-23 06:05:51.068687,
2026-04-23 06:05:51.268602,
2026-04-23 06:05:51.368526,
2026-04-23 06:05:51.470556,
2026-04-23 06:05:51.570355,
2026-04-23 06:05:51.669220,
2026-04-23 06:05:51.768682,
2026-04-23 06:05:51.968625,
2026-04-23 06:05:52.068635,
2026-04-23 06:05:52.168726,
2026-04-23 06:05:52.269730,
2026-04-23 06:05:52.369484,
2026-04-23 06:05:52.468645,
2026-04-23 06:05:52.668876,
2026-04-23 06:05:52.768571,
2026-04-23 06:05:52.869248,
2026-04-23 06:05:52.968719,
2026-04-23 06:05:53.068708,
2026-04-23 06:05:53.168768,
2026-04-23 06:05:53.269733,
2026-04-23 06:05:53.468661,
2026-04-23 06:05:53.568677,
2026-04-23 06:05:53.668789,
2026-04-23 06:05:53.770454,
2026-04-23 06:05:53.868640,
2026-04-23 06:05:53.969482,
2026-04-23 06:05:54.168643,
2026-04-23 06:05:54.268575,
2026-04-23 06:05:54.369799,
2026-04-23 06:05:54.469190,
2026-04-23 06:05:54.569432,
2026-04-23 06:05:54.669054,
2026-04-23 06:05:54.868848,
2026-04-23 06:05:54.969630,
2026-04-23 06:05:55.069288,
2026-04-23 06:05:55.169093,
2026-04-23 06:05:55.269522,
2026-04-23 06:05:55.369132,
2026-04-23 06:05:55.568998,
2026-04-23 06:05:55.768790,
2026-04-23 06:05:55.869530,
2026-04-23 06:05:55.971472,
2026-04-23 06:05:56.069136,
2026-04-23 06:05:56.169968,
2026-04-23 06:05:56.270582,
2026-04-23 06:05:56.468548,
2026-04-23 06:05:56.569736,
2026-04-23 06:05:56.668925,
2026-04-23 06:05:56.769217,
2026-04-23 06:05:56.869931,
2026-04-23 06:05:57.069384,
2026-04-23 06:05:57.169322,
2026-04-23 06:05:57.268676,
2026-04-23 06:05:57.369391,
2026-04-23 06:05:57.469517,
2026-04-23 06:05:57.570841,
2026-04-23 06:05:57.669107,
2026-04-23 06:05:57.869309,
2026-04-23 06:05:57.970021,
2026-04-23 06:05:58.068742,
2026-04-23 06:05:58.171307,
2026-04-23 06:05:58.271422,
2026-04-23 06:05:58.370232,
2026-04-23 06:05:58.569345,
2026-04-23 06:05:58.669291,
2026-04-23 06:05:58.769370,
2026-04-23 06:05:58.868754,
2026-04-23 06:05:58.971509,
2026-04-23 06:05:59.068545,
2026-04-23 06:05:59.270949,
2026-04-23 06:05:59.370131,
2026-04-23 06:05:59.468540,
2026-04-23 06:05:59.568522,
2026-04-23 06:05:59.668900,
2026-04-23 06:05:59.769011,
2026-04-23 06:05:59.968775,
2026-04-23 06:06:00.068745,
2026-04-23 06:06:00.169566,
2026-04-23 06:06:00.270922,
2026-04-23 06:06:00.370667,
2026-04-23 06:06:00.468603,
2026-04-23 06:06:00.669242,
2026-04-23 06:06:00.770600,
2026-04-23 06:06:00.870057,
2026-04-23 06:06:00.969578,
2026-04-23 06:06:01.068665,
2026-04-23 06:06:01.168565,
2026-04-23 06:06:01.368557,
2026-04-23 06:06:01.468849,
2026-04-23 06:06:01.570804,
2026-04-23 06:06:01.668692,
2026-04-23 06:06:01.768739,
2026-04-23 06:06:01.868644,
2026-04-23 06:06:02.068749,
2026-04-23 06:06:02.170105,
2026-04-23 06:06:02.271147,
2026-04-23 06:06:02.369513,
2026-04-23 06:06:02.468755,
2026-04-23 06:06:02.571262,
2026-04-23 06:06:02.768640,
2026-04-23 06:06:02.868683,
2026-04-23 06:06:02.968651,
2026-04-23 06:06:03.068736,
2026-04-23 06:06:03.168549,
2026-04-23 06:06:03.268655,
2026-04-23 06:06:03.468530,
2026-04-23 06:06:03.569369,
2026-04-23 06:06:03.668499,
2026-04-23 06:06:03.770849,
2026-04-23 06:06:03.868659,
2026-04-23 06:06:03.968714,
2026-04-23 06:06:04.069529,
2026-04-23 06:06:04.268540,
2026-04-23 06:06:04.370618,
2026-04-23 06:06:04.468543,
2026-04-23 06:06:04.569300,
2026-04-23 06:06:04.668682,
2026-04-23 06:06:04.770550,
2026-04-23 06:06:04.970767,
2026-04-23 06:06:05.068592,
2026-04-23 06:06:05.168651,
2026-04-23 06:06:05.269575,
2026-04-23 06:06:05.368903,
2026-04-23 06:06:05.468535,
2026-04-23 06:06:05.669355,
2026-04-23 06:06:05.769287,
2026-04-23 06:06:05.868509,
2026-04-23 06:06:05.968548,
2026-04-23 06:06:06.068730,
2026-04-23 06:06:06.168541,
2026-04-23 06:06:06.369122,
2026-04-23 06:06:06.468526,
2026-04-23 06:06:06.568770,
2026-04-23 06:06:06.668718,
2026-04-23 06:06:06.768667,
2026-04-23 06:06:06.868524,
2026-04-23 06:06:07.068730,
2026-04-23 06:06:07.170401,
2026-04-23 06:06:07.271159,
2026-04-23 06:06:07.368779,
2026-04-23 06:06:07.469650,
2026-04-23 06:06:07.568568,
2026-04-23 06:06:07.768803,
2026-04-23 06:06:07.868640,
2026-04-23 06:06:07.969475,
2026-04-23 06:06:08.068688,
2026-04-23 06:06:08.168693,
2026-04-23 06:06:08.268550,
2026-04-23 06:06:08.469388,
2026-04-23 06:06:08.568556,
2026-04-23 06:06:08.668555,
2026-04-23 06:06:08.768775,
2026-04-23 06:06:08.869232,
2026-04-23 06:06:08.968752,
2026-04-23 06:06:09.068620,
2026-04-23 06:06:09.269202,
2026-04-23 06:06:09.369517,
2026-04-23 06:06:09.468737,
2026-04-23 06:06:09.569692,
2026-04-23 06:06:09.669578,
2026-04-23 06:06:09.768801,
2026-04-23 06:06:09.969173,
2026-04-23 06:06:10.068720,
2026-04-23 06:06:10.169087,
2026-04-23 06:06:10.268555,
2026-04-23 06:06:10.368570,
2026-04-23 06:06:10.468560,
2026-04-23 06:06:10.670367,
2026-04-23 06:06:10.768513,
2026-04-23 06:06:10.868707,
2026-04-23 06:06:10.968677,
2026-04-23 06:06:11.068580,
2026-04-23 06:06:11.168988,
2026-04-23 06:06:11.368538,
2026-04-23 06:06:11.468553,
2026-04-23 06:06:11.568671,
2026-04-23 06:06:11.668691,
2026-04-23 06:06:11.768522,
2026-04-23 06:06:11.868510,
2026-04-23 06:06:12.068709,
2026-04-23 06:06:12.168702,
2026-04-23 06:06:12.268649,
2026-04-23 06:06:12.368748,
2026-04-23 06:06:12.468505,
2026-04-23 06:06:12.568582,
2026-04-23 06:06:12.770428,
2026-04-23 06:06:12.869695,
2026-04-23 06:06:12.968521,
2026-04-23 06:06:13.068964,
2026-04-23 06:06:13.168718,
2026-04-23 06:06:13.272564,
2026-04-23 06:06:13.468615,
2026-04-23 06:06:13.570576,
2026-04-23 06:06:13.668584,
2026-04-23 06:06:13.771259,
2026-04-23 06:06:13.868819,
2026-04-23 06:06:13.969656,
2026-04-23 06:06:14.069580,
2026-04-23 06:06:14.269220,
2026-04-23 06:06:14.369518,
2026-04-23 06:06:14.469061,
2026-04-23 06:06:14.568771,
2026-04-23 06:06:14.668622,
2026-04-23 06:06:14.768696,
2026-04-23 06:06:14.969531,
2026-04-23 06:06:15.070343,
2026-04-23 06:06:15.170946,
2026-04-23 06:06:15.269609,
2026-04-23 06:06:15.369937,
2026-04-23 06:06:15.470525,
2026-04-23 06:06:15.669816,
2026-04-23 06:06:15.771959,
2026-04-23 06:06:15.869624,
2026-04-23 06:06:15.968838,
2026-04-23 06:06:16.068733,
2026-04-23 06:06:16.168548,
2026-04-23 06:06:16.368663,
2026-04-23 06:06:16.468995,
2026-04-23 06:06:16.569934,
2026-04-23 06:06:16.670434,
2026-04-23 06:06:16.770845,
2026-04-23 06:06:16.868592,
2026-04-23 06:06:17.068999,
2026-04-23 06:06:17.171247,
2026-04-23 06:06:17.268668,
2026-04-23 06:06:17.370256,
2026-04-23 06:06:17.469834,
2026-04-23 06:06:17.570431,
2026-04-23 06:06:17.670341,
2026-04-23 06:06:17.869528,
2026-04-23 06:06:17.970540,
2026-04-23 06:06:18.068802,
2026-04-23 06:06:18.169363,
2026-04-23 06:06:18.269553,
2026-04-23 06:06:18.469642,
2026-04-23 06:06:18.568659,
2026-04-23 06:06:18.671305,
2026-04-23 06:06:18.768976,
2026-04-23 06:06:18.868583,
2026-04-23 06:06:18.969253,
2026-04-23 06:06:19.069062,
2026-04-23 06:06:19.269103,
2026-04-23 06:06:19.368587,
2026-04-23 06:06:19.468712,
2026-04-23 06:06:19.568622,
2026-04-23 06:06:19.670752,
2026-04-23 06:06:19.768602,
2026-04-23 06:06:19.969788,
2026-04-23 06:06:20.069468,
2026-04-23 06:06:20.170127,
2026-04-23 06:06:20.269275,
2026-04-23 06:06:20.368781,
2026-04-23 06:06:20.468749,
2026-04-23 06:06:20.668603,
2026-04-23 06:06:20.768669,
2026-04-23 06:06:20.868668,
2026-04-23 06:06:20.968706,
2026-04-23 06:06:21.069568,
2026-04-23 06:06:21.168486,
2026-04-23 06:06:21.369949,
2026-04-23 06:06:21.468875,
2026-04-23 06:06:21.568544,
2026-04-23 06:06:21.668808,
2026-04-23 06:06:21.769978,
2026-04-23 06:06:21.868708,
2026-04-23 06:06:22.068558,
2026-04-23 06:06:22.173821,
2026-04-23 06:06:22.268691,
2026-04-23 06:06:22.369367,
2026-04-23 06:06:22.469503,
2026-04-23 06:06:22.569979,
2026-04-23 06:06:22.771034,
2026-04-23 06:06:22.869781,
2026-04-23 06:06:22.968748,
2026-04-23 06:06:23.068567,
2026-04-23 06:06:23.168573,
2026-04-23 06:06:23.268708,
2026-04-23 06:06:23.468802,
2026-04-23 06:06:23.569094,
2026-04-23 06:06:23.668721,
2026-04-23 06:06:23.768636,
2026-04-23 06:06:23.868533,
2026-04-23 06:06:23.968540,
2026-04-23 06:06:24.068622,
2026-04-23 06:06:24.268702,
2026-04-23 06:06:24.368567,
2026-04-23 06:06:24.468578,
2026-04-23 06:06:24.568590,
2026-04-23 06:06:24.668633,
2026-04-23 06:06:24.768879,
2026-04-23 06:06:24.968682,
2026-04-23 06:06:25.068566,
2026-04-23 06:06:25.169965,
2026-04-23 06:06:25.268625,
2026-04-23 06:06:25.368737,
2026-04-23 06:06:25.468724,
2026-04-23 06:06:25.668644,
2026-04-23 06:06:25.771064,
2026-04-23 06:06:25.868662,
2026-04-23 06:06:25.968551,
2026-04-23 06:06:26.068739,
2026-04-23 06:06:26.168686,
2026-04-23 06:06:26.369030,
2026-04-23 06:06:26.468632,
2026-04-23 06:06:26.568868,
2026-04-23 06:06:26.668642,
2026-04-23 06:06:26.768531,
2026-04-23 06:06:26.868914,
2026-04-23 06:06:27.068663,
2026-04-23 06:06:27.168714,
2026-04-23 06:06:27.268673,
2026-04-23 06:06:27.368681,
2026-04-23 06:06:27.468500,
2026-04-23 06:06:27.569224,
2026-04-23 06:06:27.768529,
2026-04-23 06:06:27.868500,
2026-04-23 06:06:27.969964,
2026-04-23 06:06:28.068695,
2026-04-23 06:06:28.168652,
2026-04-23 06:06:28.268528,
2026-04-23 06:06:28.468738,
2026-04-23 06:06:28.568608,
2026-04-23 06:06:28.668657,
2026-04-23 06:06:28.768942,
2026-04-23 06:06:28.868692,
2026-04-23 06:06:28.970334,
2026-04-23 06:06:29.168496,
2026-04-23 06:06:29.268636,
2026-04-23 06:06:29.368507,
2026-04-23 06:06:29.468801,
2026-04-23 06:06:29.568521,
2026-04-23 06:06:29.668631,
2026-04-23 06:06:29.770761,
2026-04-23 06:06:29.968564,
2026-04-23 06:06:30.068502,
2026-04-23 06:06:30.168561,
2026-04-23 06:06:30.268709,
2026-04-23 06:06:30.368505,
2026-04-23 06:06:30.568541,
2026-04-23 06:06:30.668496,
2026-04-23 06:06:30.768517,
2026-04-23 06:06:30.869606,
2026-04-23 06:06:30.968760,
2026-04-23 06:06:31.072118,
2026-04-23 06:06:31.168620,
2026-04-23 06:06:31.369289,
2026-04-23 06:06:31.468945,
2026-04-23 06:06:31.568689,
2026-04-23 06:06:31.668794,
2026-04-23 06:06:31.768643,
2026-04-23 06:06:31.869251,
2026-04-23 06:06:32.069074,
2026-04-23 06:06:32.170652,
2026-04-23 06:06:32.269495,
2026-04-23 06:06:32.369822,
2026-04-23 06:06:32.468558,
2026-04-23 06:06:32.568706,
2026-04-23 06:06:32.768753,
2026-04-23 06:06:32.868556,
2026-04-23 06:06:32.969863,
2026-04-23 06:06:33.068773,
2026-04-23 06:06:33.168571,
2026-04-23 06:06:33.268663,
2026-04-23 06:06:33.468825,
2026-04-23 06:06:33.568745,
2026-04-23 06:06:33.668666,
2026-04-23 06:06:33.768607,
2026-04-23 06:06:33.868626,
2026-04-23 06:06:33.968572,
2026-04-23 06:06:34.168587,
2026-04-23 06:06:34.270059,
2026-04-23 06:06:34.368509,
2026-04-23 06:06:34.468536,
2026-04-23 06:06:34.568548,
2026-04-23 06:06:34.668623,
2026-04-23 06:06:34.869347,
2026-04-23 06:06:34.968649,
2026-04-23 06:06:35.068640,
2026-04-23 06:06:35.168890,
2026-04-23 06:06:35.268866,
2026-04-23 06:06:35.369425,
2026-04-23 06:06:35.668641,
2026-04-23 06:06:35.768593,
2026-04-23 06:06:35.868664,
2026-04-23 06:06:35.968536,
2026-04-23 06:06:36.070123,
2026-04-23 06:06:36.168545,
2026-04-23 06:06:36.268658,
2026-04-23 06:06:36.470346,
2026-04-23 06:06:36.568636,
2026-04-23 06:06:36.669563,
2026-04-23 06:06:36.770552,
2026-04-23 06:06:36.871179,
2026-04-23 06:06:36.971488,
2026-04-23 06:06:37.071610,
2026-04-23 06:06:37.169735,
2026-04-23 06:06:37.368556,
2026-04-23 06:06:37.469856,
2026-04-23 06:06:37.569882,
2026-04-23 06:06:37.770134,
2026-04-23 06:06:37.869596,
2026-04-23 06:06:37.969356,
2026-04-23 06:06:38.072439,
2026-04-23 06:06:38.168579,
2026-04-23 06:06:38.270998,
2026-04-23 06:06:38.371115,
2026-04-23 06:06:38.570721,
2026-04-23 06:06:38.671502,
2026-04-23 06:06:38.768995,
2026-04-23 06:06:38.871911,
2026-04-23 06:06:38.970716,
2026-04-23 06:06:39.072725,
2026-04-23 06:06:39.269300,
2026-04-23 06:06:39.370065,
2026-04-23 06:06:39.470234,
2026-04-23 06:06:39.569649,
2026-04-23 06:06:39.671238,
2026-04-23 06:06:39.771021,
2026-04-23 06:06:39.968660,
2026-04-23 06:06:40.070468,
2026-04-23 06:06:40.168626,
2026-04-23 06:06:40.268673,
2026-04-23 06:06:40.368534,
2026-04-23 06:06:40.468750,
2026-04-23 06:06:40.668905,
2026-04-23 06:06:40.769467,
2026-04-23 06:06:40.869469,
2026-04-23 06:06:40.969697,
2026-04-23 06:06:41.070047,
2026-04-23 06:06:41.168671,
2026-04-23 06:06:41.369807,
2026-04-23 06:06:41.468865,
2026-04-23 06:06:41.570699,
2026-04-23 06:06:41.668663,
2026-04-23 06:06:41.768668,
2026-04-23 06:06:41.868612,
2026-04-23 06:06:42.068513,
2026-04-23 06:06:42.168815,
2026-04-23 06:06:42.269860,
2026-04-23 06:06:42.368538,
2026-04-23 06:06:42.468697,
2026-04-23 06:06:42.569494,
2026-04-23 06:06:42.768824,
2026-04-23 06:06:42.868694,
2026-04-23 06:06:42.968663,
2026-04-23 06:06:43.068706,
2026-04-23 06:06:43.169042,
2026-04-23 06:06:43.269212,
2026-04-23 06:06:43.468681,
2026-04-23 06:06:43.568530,
2026-04-23 06:06:43.668703,
2026-04-23 06:06:43.768643,
2026-04-23 06:06:43.868798,
2026-04-23 06:06:43.968680,
2026-04-23 06:06:44.068817,
2026-04-23 06:06:44.271222,
2026-04-23 06:06:44.369017,
2026-04-23 06:06:44.468534,
2026-04-23 06:06:44.568803,
2026-04-23 06:06:44.670258,
2026-04-23 06:06:44.768681,
2026-04-23 06:06:44.968538,
2026-04-23 06:06:45.068538,
2026-04-23 06:06:45.168629,
2026-04-23 06:06:45.268663,
2026-04-23 06:06:45.368686,
2026-04-23 06:06:45.468710,
2026-04-23 06:06:45.668534,
2026-04-23 06:06:45.768713,
2026-04-23 06:06:45.869057,
2026-04-23 06:06:45.968551,
2026-04-23 06:06:46.068889,
2026-04-23 06:06:46.168715,
2026-04-23 06:06:46.368539,
2026-04-23 06:06:46.468755,
2026-04-23 06:06:46.568717,
2026-04-23 06:06:46.668544,
2026-04-23 06:06:46.769688,
2026-04-23 06:06:46.868967,
2026-04-23 06:06:47.068694,
2026-04-23 06:06:47.169306,
2026-04-23 06:06:47.269725,
2026-04-23 06:06:47.368865,
2026-04-23 06:06:47.469489,
2026-04-23 06:06:47.568696,
2026-04-23 06:06:47.768660,
2026-04-23 06:06:47.868959,
2026-04-23 06:06:47.968664,
2026-04-23 06:06:48.068925,
2026-04-23 06:06:48.168618,
2026-04-23 06:06:48.268998,
2026-04-23 06:06:48.468725,
2026-04-23 06:06:48.568757,
2026-04-23 06:06:48.668519,
2026-04-23 06:06:48.768736,
2026-04-23 06:06:48.868576,
2026-04-23 06:06:48.968649,
2026-04-23 06:06:49.168714,
2026-04-23 06:06:49.269069,
2026-04-23 06:06:49.368881,
2026-04-23 06:06:49.470285,
2026-04-23 06:06:49.568669,
2026-04-23 06:06:49.668603,
2026-04-23 06:06:49.768548,
2026-04-23 06:06:49.969597,
2026-04-23 06:06:50.068781,
2026-04-23 06:06:50.168548,
2026-04-23 06:06:50.268603,
2026-04-23 06:06:50.370398,
2026-04-23 06:06:50.468810,
2026-04-23 06:06:50.668679,
2026-04-23 06:06:50.769613,
2026-04-23 06:06:50.868579,
2026-04-23 06:06:50.968727,
2026-04-23 06:06:51.068877,
2026-04-23 06:06:51.168724,
2026-04-23 06:06:51.368990,
2026-04-23 06:06:51.468628,
2026-04-23 06:06:51.568639,
2026-04-23 06:06:51.668979,
2026-04-23 06:06:51.768763,
2026-04-23 06:06:51.868507,
2026-04-23 06:06:52.068648,
2026-04-23 06:06:52.171214,
2026-04-23 06:06:52.269443,
2026-04-23 06:06:52.368502,
2026-04-23 06:06:52.468528,
2026-04-23 06:06:52.568570,
2026-04-23 06:06:52.768672,
2026-04-23 06:06:52.868612,
2026-04-23 06:06:52.969282,
2026-04-23 06:06:53.069392,
2026-04-23 06:06:53.168759,
2026-04-23 06:06:53.268546,
2026-04-23 06:06:53.468838,
2026-04-23 06:06:53.568869,
2026-04-23 06:06:53.670298,
2026-04-23 06:06:53.768627,
2026-04-23 06:06:53.868583,
2026-04-23 06:06:53.968524,
2026-04-23 06:06:54.068825,
2026-04-23 06:06:54.268791,
2026-04-23 06:06:54.368715,
2026-04-23 06:06:54.468802,
2026-04-23 06:06:54.570335,
2026-04-23 06:06:54.668720,
2026-04-23 06:06:54.768727,
2026-04-23 06:06:54.969600,
2026-04-23 06:06:55.068707,
2026-04-23 06:06:55.168536,
2026-04-23 06:06:55.268873,
2026-04-23 06:06:55.368576,
2026-04-23 06:06:55.568807,
2026-04-23 06:06:55.669389,
2026-04-23 06:06:55.768572,
2026-04-23 06:06:55.870127,
2026-04-23 06:06:55.969470,
2026-04-23 06:06:56.068580,
2026-04-23 06:06:56.269603,
2026-04-23 06:06:56.369902,
2026-04-23 06:06:56.471519,
2026-04-23 06:06:56.571863,
2026-04-23 06:06:56.668710,
2026-04-23 06:06:56.768553,
2026-04-23 06:06:56.969281,
2026-04-23 06:06:57.069421,
2026-04-23 06:06:57.170135,
2026-04-23 06:06:57.268816,
2026-04-23 06:06:57.371348,
2026-04-23 06:06:57.468806,
2026-04-23 06:06:57.669552,
2026-04-23 06:06:57.768930,
2026-04-23 06:06:57.868546,
2026-04-23 06:06:57.969223,
2026-04-23 06:06:58.069481,
2026-04-23 06:06:58.169286,
2026-04-23 06:06:58.369354,
2026-04-23 06:06:58.469349,
2026-04-23 06:06:58.570096,
2026-04-23 06:06:58.669441,
2026-04-23 06:06:58.769606,
2026-04-23 06:06:58.872169,
2026-04-23 06:06:58.968676,
2026-04-23 06:06:59.170407,
2026-04-23 06:06:59.269709,
2026-04-23 06:06:59.369692,
2026-04-23 06:06:59.469086,
2026-04-23 06:06:59.568664,
2026-04-23 06:06:59.668972,
2026-04-23 06:06:59.868542,
2026-04-23 06:06:59.970808,
2026-04-23 06:07:00.071122,
2026-04-23 06:07:00.168799,
2026-04-23 06:07:00.269418,
2026-04-23 06:07:00.368870,
2026-04-23 06:07:00.568841,
2026-04-23 06:07:00.668671,
2026-04-23 06:07:00.768667,
2026-04-23 06:07:00.869231,
2026-04-23 06:07:00.968541,
2026-04-23 06:07:01.170679,
2026-04-23 06:07:01.268600,
2026-04-23 06:07:01.368614,
2026-04-23 06:07:02.169644,
2026-04-23 06:07:02.268745,
2026-04-23 06:07:02.468917,
2026-04-23 06:07:02.568600,
2026-04-23 06:07:02.668552,
2026-04-23 06:07:02.768627,
2026-04-23 06:07:02.868582,
2026-04-23 06:07:02.971339,
2026-04-23 06:07:03.170267,
2026-04-23 06:07:03.269611,
2026-04-23 06:07:03.368526,
2026-04-23 06:07:03.470201,
2026-04-23 06:07:03.568676,
2026-04-23 06:07:03.668951,
2026-04-23 06:07:03.868529,
2026-04-23 06:07:03.968595,
2026-04-23 06:07:04.068554,
2026-04-23 06:07:04.169969,
2026-04-23 06:07:04.273472,
2026-04-23 06:07:04.371221,
2026-04-23 06:07:04.568663,
2026-04-23 06:07:04.669392,
2026-04-23 06:07:04.768608,
2026-04-23 06:07:04.868574,
2026-04-23 06:07:04.968527,
2026-04-23 06:07:05.068689,
2026-04-23 06:07:05.269057,
2026-04-23 06:07:05.370108,
2026-04-23 06:07:05.468750,
2026-04-23 06:07:05.569297,
2026-04-23 06:07:05.671109,
2026-04-23 06:07:05.769668,
2026-04-23 06:07:05.871800,
2026-04-23 06:07:06.068496,
2026-04-23 06:07:06.168583,
2026-04-23 06:07:06.270692,
2026-04-23 06:07:06.368539,
2026-04-23 06:07:06.469809,
2026-04-23 06:07:06.568626,
2026-04-23 06:07:06.769241,72.0
2026-04-23 06:07:06.869828,72.0
2026-04-23 06:07:06.969009,72.0
2026-04-23 06:07:07.068672,72.0
2026-04-23 06:07:07.168588,72.0
2026-04-23 06:07:07.268774,72.0
2026-04-23 06:07:07.468639,72.0
2026-04-23 06:07:07.569088,72.0
2026-04-23 06:07:07.668596,72.0
2026-04-23 06:07:07.769125,72.0
2026-04-23 06:07:08.868658,72.0
2026-04-23 06:07:09.468534,74.0
2026-04-23 06:07:10.068707,75.0
2026-04-23 06:07:10.670377,77.0
2026-04-23 06:07:11.268720,78.0
2026-04-23 06:07:11.868514,77.0
2026-04-23 06:07:12.568547,79.0
2026-04-23 06:07:13.169461,80.0
2026-04-23 06:07:13.769123,82.0
2026-04-23 06:07:14.368837,84.0
2026-04-23 06:07:14.968675,85.0
2026-04-23 06:07:15.669578,87.0
2026-04-23 06:07:16.269607,87.0
2026-04-23 06:07:16.869448,87.0
2026-04-23 06:07:17.469279,87.0
2026-04-23 06:07:18.170768,88.0
2026-04-23 06:07:18.768544,88.0
2026-04-23 06:07:19.369903,89.0
2026-04-23 06:07:20.068664,91.0
2026-04-23 06:07:20.668747,92.0
2026-04-23 06:07:21.268678,94.0
2026-04-23 06:07:21.868664,94.0
2026-04-23 06:07:22.468653,95.0
2026-04-23 06:07:23.068676,98.0
2026-04-23 06:07:23.668669,100.0
2026-04-23 06:07:24.268538,102.0
2026-04-23 06:07:24.968611,104.0
2026-04-23 06:07:25.568668,106.0
2026-04-23 06:07:26.170114,108.0
2026-04-23 06:07:26.768531,109.0
2026-04-23 06:07:27.368734,112.0
2026-04-23 06:07:27.969831,113.0
2026-04-23 06:07:28.569571,115.0
2026-04-23 06:07:29.168692,117.0
2026-04-23 06:07:29.769631,118.0
2026-04-23 06:07:30.368693,117.0
2026-04-23 06:07:30.968533,117.0
2026-04-23 06:07:31.569968,117.0
2026-04-23 06:07:32.168545,116.0
2026-04-23 06:07:32.769260,113.0
2026-04-23 06:07:33.369371,109.0
2026-04-23 06:07:33.969833,106.0
2026-04-23 06:07:34.569667,102.0
2026-04-23 06:07:35.169096,99.0
2026-04-23 06:07:35.768753,96.0
2026-04-23 06:07:36.469230,93.0
2026-04-23 06:07:37.068609,92.0
2026-04-23 06:07:37.670275,91.98507462686567
2026-04-23 06:07:37.768800,91.97014925373135
2026-04-23 06:07:37.869828,91.95522388059702
2026-04-23 06:07:37.969731,91.94029850746269
2026-04-23 06:07:38.069744,91.92537313432835
2026-04-23 06:07:38.168780,91.91044776119404
2026-04-23 06:07:38.369292,91.8955223880597
2026-04-23 06:07:38.469341,91.88059701492537
2026-04-23 06:07:38.570196,91.86567164179104
2026-04-23 06:07:38.670426,91.85074626865672
2026-04-23 06:07:38.771819,
2026-04-23 06:07:38.869551,
2026-04-23 06:07:39.068708,
2026-04-23 06:07:39.169056,
2026-04-23 06:07:39.270407,
2026-04-23 06:07:39.368577,
2026-04-23 06:07:39.468800,
2026-04-23 06:07:39.571071,
2026-04-23 06:07:39.769246,
2026-04-23 06:07:39.868654,
2026-04-23 06:07:39.969354,
2026-04-23 06:07:40.069473,
2026-04-23 06:07:40.168595,
2026-04-23 06:07:40.270272,
2026-04-23 06:07:40.469523,
2026-04-23 06:07:40.570932,
2026-04-23 06:07:40.669287,
2026-04-23 06:07:40.768633,
2026-04-23 06:07:40.869477,
2026-04-23 06:07:40.968617,
2026-04-23 06:07:41.168962,
2026-04-23 06:07:41.268818,
2026-04-23 06:07:41.369358,
2026-04-23 06:07:41.469284,
2026-04-23 06:07:41.568866,
2026-04-23 06:07:41.668542,
2026-04-23 06:07:41.868944,
2026-04-23 06:07:41.969256,
2026-04-23 06:07:42.068587,
2026-04-23 06:07:42.168555,
2026-04-23 06:07:42.268706,
2026-04-23 06:07:42.368536,
2026-04-23 06:07:42.468812,
2026-04-23 06:07:42.669480,
2026-04-23 06:07:42.769548,
2026-04-23 06:07:42.869514,
2026-04-23 06:07:42.969581,
2026-04-23 06:07:43.069435,
2026-04-23 06:07:43.168559,
2026-04-23 06:07:43.370560,
2026-04-23 06:07:43.469572,
2026-04-23 06:07:43.568800,
2026-04-23 06:07:43.668609,
2026-04-23 06:07:43.771847,
2026-04-23 06:07:43.871528,
2026-04-23 06:07:44.068540,
2026-04-23 06:07:44.168552,
2026-04-23 06:07:44.268526,
2026-04-23 06:07:44.371856,
2026-04-23 06:07:44.468788,
2026-04-23 06:07:44.569688,
2026-04-23 06:07:44.768591,
2026-04-23 06:07:44.868942,
2026-04-23 06:07:44.968533,
2026-04-23 06:07:45.071216,
2026-04-23 06:07:45.168649,
2026-04-23 06:07:45.268800,
2026-04-23 06:07:45.468717,
2026-04-23 06:07:45.568576,
2026-04-23 06:07:45.668552,
2026-04-23 06:07:45.768636,
2026-04-23 06:07:45.869306,
2026-04-23 06:07:45.968520,
2026-04-23 06:07:46.168759,
2026-04-23 06:07:46.268608,
2026-04-23 06:07:46.368716,
2026-04-23 06:07:46.468588,
2026-04-23 06:07:46.570767,
2026-04-23 06:07:46.669255,
2026-04-23 06:07:46.868587,
2026-04-23 06:07:46.968763,
2026-04-23 06:07:47.069638,
2026-04-23 06:07:47.168665,
2026-04-23 06:07:47.268649,
2026-04-23 06:07:47.368789,
2026-04-23 06:07:47.568682,
2026-04-23 06:07:47.668792,
2026-04-23 06:07:47.768524,
2026-04-23 06:07:47.868483,
2026-04-23 06:07:47.968853,
2026-04-23 06:07:48.069944,
2026-04-23 06:07:48.168561,
2026-04-23 06:07:48.368511,
2026-04-23 06:07:48.468616,
2026-04-23 06:07:48.568676,
2026-04-23 06:07:48.668686,
2026-04-23 06:07:48.768708,
2026-04-23 06:07:48.868735,
2026-04-23 06:07:49.069728,
2026-04-23 06:07:49.168945,
2026-04-23 06:07:49.268578,
2026-04-23 06:07:49.368748,
2026-04-23 06:07:49.468586,
2026-04-23 06:07:49.568575,
2026-04-23 06:07:49.770286,
2026-04-23 06:07:49.869878,
2026-04-23 06:07:49.969243,
2026-04-23 06:07:50.068791,
2026-04-23 06:07:50.168707,
2026-04-23 06:07:50.268753,
2026-04-23 06:07:50.468796,
2026-04-23 06:07:50.568678,
2026-04-23 06:07:50.668533,
2026-04-23 06:07:50.768694,
2026-04-23 06:07:50.868765,
2026-04-23 06:07:50.968583,
2026-04-23 06:07:51.168555,
2026-04-23 06:07:51.268852,
2026-04-23 06:07:51.372235,
2026-04-23 06:07:51.468754,
2026-04-23 06:07:51.568720,
2026-04-23 06:07:51.670811,
2026-04-23 06:07:51.868864,
2026-04-23 06:07:51.968843,90.14925373134328
2026-04-23 06:07:52.068538,90.13432835820896
2026-04-23 06:07:52.168721,90.11940298507463
2026-04-23 06:07:52.268588,90.1044776119403
2026-04-23 06:07:52.368601,90.08955223880596
2026-04-23 06:07:52.568831,90.07462686567165
2026-04-23 06:07:52.670833,90.05970149253731
2026-04-23 06:07:52.769288,90.04477611940298
2026-04-23 06:07:52.869614,90.02985074626865
2026-04-23 06:07:52.968822,90.01492537313433
2026-04-23 06:07:53.070537,90.0
2026-04-23 06:07:53.670441,88.0
2026-04-23 06:07:54.269814,87.0
2026-04-23 06:07:54.968496,88.0
2026-04-23 06:07:55.568561,89.0
2026-04-23 06:07:56.169135,88.0
2026-04-23 06:07:56.770808,87.0
2026-04-23 06:07:57.368672,85.0
2026-04-23 06:07:58.069238,83.0
2026-04-23 06:07:58.669010,84.0
2026-04-23 06:07:59.269418,83.0
2026-04-23 06:07:59.872228,83.0
2026-04-23 06:08:00.469426,81.0
2026-04-23 06:08:01.068864,80.0
2026-04-23 06:08:01.668694,79.0
2026-04-23 06:08:02.268597,78.0
2026-04-23 06:08:02.368620,77.99
2026-04-23 06:08:02.468787,77.98
2026-04-23 06:08:02.569001,77.97
2026-04-23 06:08:02.668682,77.96
2026-04-23 06:08:02.868820,77.95
2026-04-23 06:08:02.970502,77.94
2026-04-23 06:08:03.068748,77.93
2026-04-23 06:08:03.168591,77.92
2026-04-23 06:08:03.268683,77.91
2026-04-23 06:08:03.368816,77.9
2026-04-23 06:08:03.568563,
2026-04-23 06:08:03.668761,
2026-04-23 06:08:03.768863,
2026-04-23 06:08:03.870681,
2026-04-23 06:08:03.968538,
2026-04-23 06:08:04.069611,
2026-04-23 06:08:04.268798,
2026-04-23 06:08:04.369210,
2026-04-23 06:08:04.468814,
2026-04-23 06:08:04.568940,
2026-04-23 06:08:04.668756,
2026-04-23 06:08:04.768697,
2026-04-23 06:08:04.968555,
2026-04-23 06:08:05.069036,
2026-04-23 06:08:05.168533,
2026-04-23 06:08:05.268643,
2026-04-23 06:08:05.368477,
2026-04-23 06:08:05.468558,
2026-04-23 06:08:05.668477,
2026-04-23 06:08:05.771321,
2026-04-23 06:08:05.870091,
2026-04-23 06:08:05.971263,
2026-04-23 06:08:06.068554,
2026-04-23 06:08:06.169162,
2026-04-23 06:08:06.268614,
2026-04-23 06:08:06.468848,
2026-04-23 06:08:06.568599,
2026-04-23 06:08:06.668667,
2026-04-23 06:08:06.768730,
2026-04-23 06:08:06.869159,
2026-04-23 06:08:06.968583,
2026-04-23 06:08:07.168580,
2026-04-23 06:08:07.268622,
2026-04-23 06:08:07.368913,
2026-04-23 06:08:07.468728,
2026-04-23 06:08:07.568710,
2026-04-23 06:08:07.768587,
2026-04-23 06:08:07.870282,
2026-04-23 06:08:07.968738,
2026-04-23 06:08:08.068580,
2026-04-23 06:08:08.170528,
2026-04-23 06:08:08.268616,
2026-04-23 06:08:08.368583,
2026-04-23 06:08:08.568696,
2026-04-23 06:08:08.668565,
2026-04-23 06:08:08.768984,
2026-04-23 06:08:08.869039,
2026-04-23 06:08:08.968527,
2026-04-23 06:08:09.068571,
2026-04-23 06:08:09.268551,
2026-04-23 06:08:09.369243,
2026-04-23 06:08:09.468757,
2026-04-23 06:08:09.568567,
2026-04-23 06:08:09.668559,
2026-04-23 06:08:09.768825,
2026-04-23 06:08:09.968605,
2026-04-23 06:08:10.068552,
2026-04-23 06:08:10.168719,
2026-04-23 06:08:10.268608,
2026-04-23 06:08:10.368690,
2026-04-23 06:08:10.468809,
2026-04-23 06:08:10.669809,
2026-04-23 06:08:10.769650,
2026-04-23 06:08:10.868538,
2026-04-23 06:08:10.969118,
2026-04-23 06:08:11.071414,
2026-04-23 06:08:11.168576,
2026-04-23 06:08:11.369087,
2026-04-23 06:08:11.468740,
2026-04-23 06:08:11.568887,
2026-04-23 06:08:11.668705,
2026-04-23 06:08:11.768744,
2026-04-23 06:08:11.868873,
2026-04-23 06:08:12.069246,
2026-04-23 06:08:12.168545,
2026-04-23 06:08:12.270049,
2026-04-23 06:08:12.368735,
2026-04-23 06:08:12.468706,
2026-04-23 06:08:12.568830,
2026-04-23 06:08:12.768704,77.1
2026-04-23 06:08:12.868656,77.09
2026-04-23 06:08:12.968663,77.08
2026-04-23 06:08:13.068656,77.07
2026-04-23 06:08:13.168761,77.06
2026-04-23 06:08:13.268715,77.05
2026-04-23 06:08:13.469374,77.04
2026-04-23 06:08:13.568998,77.03
2026-04-23 06:08:13.669010,77.02
2026-04-23 06:08:13.768644,77.01
2026-04-23 06:08:14.868674,77.0
2026-04-23 06:08:15.468873,78.0
2026-04-23 06:08:16.068710,81.0
2026-04-23 06:08:16.770057,83.0
2026-04-23 06:08:17.369233,87.0
2026-04-23 06:08:17.970402,90.0
2026-04-23 06:08:18.569644,93.0
2026-04-23 06:08:19.170274,97.0
2026-04-23 06:08:19.768916,99.0
2026-04-23 06:08:20.469388,102.0
2026-04-23 06:08:21.069667,104.0
2026-04-23 06:08:21.668533,105.0
2026-04-23 06:08:22.269649,108.0
2026-04-23 06:08:22.869050,109.0
2026-04-23 06:08:23.468601,111.0
2026-04-23 06:08:24.168638,113.0
2026-04-23 06:08:24.768543,112.0
2026-04-23 06:08:25.368910,108.0
2026-04-23 06:08:25.968559,108.0
2026-04-23 06:08:26.569367,110.0
2026-04-23 06:08:27.168751,111.0
2026-04-23 06:08:27.868556,109.0
2026-04-23 06:08:28.468717,106.0
2026-04-23 06:08:29.069416,102.0
2026-04-23 06:08:29.668579,98.0
2026-04-23 06:08:30.268558,95.0
2026-04-23 06:08:30.869459,94.0
2026-04-23 06:08:31.468737,94.0
2026-04-23 06:08:32.068931,93.0
2026-04-23 06:08:32.668686,93.0
2026-04-23 06:08:33.268659,93.0
2026-04-23 06:08:33.868593,93.0
2026-04-23 06:08:34.468691,92.0
2026-04-23 06:08:35.071295,91.0
2026-04-23 06:08:35.669031,89.0
2026-04-23 06:08:36.269133,89.0
2026-04-23 06:08:36.869326,89.0
2026-04-23 06:08:37.468560,89.0
2026-04-23 06:08:38.172534,90.0
2026-04-23 06:08:38.770234,90.0
2026-04-23 06:08:39.468573,91.0
2026-04-23 06:08:40.068609,94.0
2026-04-23 06:08:40.668540,95.0
2026-04-23 06:08:41.270324,98.0
2026-04-23 06:08:41.868574,100.0
2026-04-23 06:08:42.468565,103.0
2026-04-23 06:08:43.068791,106.0
2026-04-23 06:08:43.670769,108.0
2026-04-23 06:08:44.268517,109.0
2026-04-23 06:08:44.868938,111.0
2026-04-23 06:08:45.468827,112.0
2026-04-23 06:08:46.068878,113.0
2026-04-23 06:08:46.668705,113.0
2026-04-23 06:08:47.269957,114.0
2026-04-23 06:08:47.868851,115.0
2026-04-23 06:08:48.468832,116.0
2026-04-23 06:08:49.068595,117.0
2026-04-23 06:08:49.668587,116.0
2026-04-23 06:08:50.268696,113.0
2026-04-23 06:08:50.871276,110.0
2026-04-23 06:08:51.468677,107.0
2026-04-23 06:08:52.068872,104.0
2026-04-23 06:08:52.668826,101.0
2026-04-23 06:08:53.268622,102.0
2026-04-23 06:08:53.869781,101.0
2026-04-23 06:08:54.471235,100.0
2026-04-23 06:08:55.068691,101.0
2026-04-23 06:08:55.669236,102.0
2026-04-23 06:08:56.269222,105.0
2026-04-23 06:08:56.869594,106.0
2026-04-23 06:08:57.468687,104.0
2026-04-23 06:08:58.068705,102.0
2026-04-23 06:08:58.770758,102.0
2026-04-23 06:08:59.368726,101.0
2026-04-23 06:08:59.969026,102.0
2026-04-23 06:09:00.568928,104.0
2026-04-23 06:09:01.168898,105.0
2026-04-23 06:09:01.771088,105.0
2026-04-23 06:09:02.368587,107.0
2026-04-23 06:09:02.968907,109.0
2026-04-23 06:09:03.569458,111.0
2026-04-23 06:09:04.168753,110.0
2026-04-23 06:09:04.768588,108.0
2026-04-23 06:09:05.368574,105.0
2026-04-23 06:09:05.968779,105.0
2026-04-23 06:09:06.568566,106.0
2026-04-23 06:09:07.168823,106.0
2026-04-23 06:09:07.768518,107.0
2026-04-23 06:09:08.368720,108.0
2026-04-23 06:09:08.968604,109.0
2026-04-23 06:09:09.568604,110.0
2026-04-23 06:09:10.168760,109.0
2026-04-23 06:09:10.768652,110.0
2026-04-23 06:09:11.368814,110.0
2026-04-23 06:09:11.968769,108.0
2026-04-23 06:09:12.568572,107.0
2026-04-23 06:09:13.168508,105.0
2026-04-23 06:09:13.869468,103.0
2026-04-23 06:09:14.468752,101.0
2026-04-23 06:09:15.068832,99.0
2026-04-23 06:09:15.569942,98.97520661157024
2026-04-23 06:09:15.669421,98.9504132231405
2026-04-23 06:09:15.768988,98.92561983471074
2026-04-23 06:09:15.869271,98.90082644628099
2026-04-23 06:09:15.968718,98.87603305785125
2026-04-23 06:09:16.069128,98.85123966942149
2026-04-23 06:09:16.268753,98.82644628099173
2026-04-23 06:09:16.368623,98.80165289256199
2026-04-23 06:09:16.469289,98.77685950413223
2026-04-23 06:09:16.571857,98.75206611570248
2026-04-23 06:09:16.669644,
2026-04-23 06:09:16.768614,
2026-04-23 06:09:16.969306,
2026-04-23 06:09:17.072665,
2026-04-23 06:09:17.170011,
2026-04-23 06:09:17.269826,
2026-04-23 06:09:17.369966,
2026-04-23 06:09:17.470193,
2026-04-23 06:09:17.669644,
2026-04-23 06:09:17.769418,
2026-04-23 06:09:17.870402,
2026-04-23 06:09:18.072093,
2026-04-23 06:09:18.168539,
2026-04-23 06:09:18.269347,
2026-04-23 06:09:18.470308,
2026-04-23 06:09:18.571844,
2026-04-23 06:09:18.671268,
2026-04-23 06:09:18.769698,
2026-04-23 06:09:18.870508,
2026-04-23 06:09:18.969383,
2026-04-23 06:09:19.168902,
2026-04-23 06:09:19.268865,
2026-04-23 06:09:19.369211,
2026-04-23 06:09:19.471818,
2026-04-23 06:09:19.569098,
2026-04-23 06:09:19.670089,
2026-04-23 06:09:19.871226,
2026-04-23 06:09:19.968814,
2026-04-23 06:09:20.069234,
2026-04-23 06:09:20.168665,
2026-04-23 06:09:20.271904,
2026-04-23 06:09:20.369006,
2026-04-23 06:09:20.571234,
2026-04-23 06:09:20.668771,
2026-04-23 06:09:20.769762,
2026-04-23 06:09:20.869132,
2026-04-23 06:09:20.970881,
2026-04-23 06:09:21.069341,
2026-04-23 06:09:21.268582,
2026-04-23 06:09:21.369415,
2026-04-23 06:09:21.468736,
2026-04-23 06:09:21.568742,
2026-04-23 06:09:21.668935,
2026-04-23 06:09:21.768775,
2026-04-23 06:09:21.968839,
2026-04-23 06:09:22.068648,
2026-04-23 06:09:22.168655,
2026-04-23 06:09:22.268800,
2026-04-23 06:09:22.368888,
2026-04-23 06:09:22.468947,
2026-04-23 06:09:22.568530,
2026-04-23 06:09:22.771302,
2026-04-23 06:09:22.868783,
2026-04-23 06:09:22.968709,
2026-04-23 06:09:23.068778,
2026-04-23 06:09:23.172357,
2026-04-23 06:09:23.270228,
2026-04-23 06:09:23.469090,
2026-04-23 06:09:23.569935,
2026-04-23 06:09:23.668582,
2026-04-23 06:09:23.768681,
2026-04-23 06:09:23.868749,
2026-04-23 06:09:24.068609,
2026-04-23 06:09:24.168706,
2026-04-23 06:09:24.268515,
2026-04-23 06:09:24.369264,
2026-04-23 06:09:24.468770,
2026-04-23 06:09:24.572275,
2026-04-23 06:09:24.669801,
2026-04-23 06:09:24.868837,
2026-04-23 06:09:24.968719,
2026-04-23 06:09:25.069078,
2026-04-23 06:09:25.168580,
2026-04-23 06:09:25.268611,
2026-04-23 06:09:25.369387,
2026-04-23 06:09:25.568769,
2026-04-23 06:09:25.668579,
2026-04-23 06:09:25.768718,
2026-04-23 06:09:25.869128,
2026-04-23 06:09:25.968650,
2026-04-23 06:09:26.068647,
2026-04-23 06:09:26.268782,
2026-04-23 06:09:26.368576,
2026-04-23 06:09:26.468666,
2026-04-23 06:09:26.568561,
2026-04-23 06:09:26.669297,
2026-04-23 06:09:26.768799,
2026-04-23 06:09:26.968777,
2026-04-23 06:09:27.068735,
2026-04-23 06:09:27.168753,
2026-04-23 06:09:27.268847,
2026-04-23 06:09:27.369046,
2026-04-23 06:09:27.468968,
2026-04-23 06:09:27.668748,
2026-04-23 06:09:27.768903,
2026-04-23 06:09:27.868604,
2026-04-23 06:09:27.968817,
2026-04-23 06:09:28.068557,
2026-04-23 06:09:28.169921,
2026-04-23 06:09:28.268787,
2026-04-23 06:09:28.469869,96.24793388429752
2026-04-23 06:09:28.568747,96.22314049586777
2026-04-23 06:09:28.670051,96.19834710743801
2026-04-23 06:09:28.768708,96.17355371900827
2026-04-23 06:09:28.869528,96.14876033057851
2026-04-23 06:09:29.068518,96.12396694214875
2026-04-23 06:09:29.168593,96.09917355371901
2026-04-23 06:09:29.268691,96.07438016528926
2026-04-23 06:09:29.368543,96.0495867768595
2026-04-23 06:09:29.468696,96.02479338842976
2026-04-23 06:09:29.768620,96.0
2026-04-23 06:09:30.368750,96.0
2026-04-23 06:09:30.968599,95.0
2026-04-23 06:09:31.568751,94.0
2026-04-23 06:09:32.168817,92.0
2026-04-23 06:09:32.770032,90.0
2026-04-23 06:09:33.370288,88.0
2026-04-23 06:09:33.968711,88.0
2026-04-23 06:09:34.569932,87.0
2026-04-23 06:09:35.269180,86.0
2026-04-23 06:09:35.868938,86.0
2026-04-23 06:09:36.472293,87.0
2026-04-23 06:09:37.069058,87.0
2026-04-23 06:09:37.670561,87.0
2026-04-23 06:09:38.269712,87.0
2026-04-23 06:09:38.868638,87.0
2026-04-23 06:09:39.468865,88.0
2026-04-23 06:09:40.069041,89.0
2026-04-23 06:09:40.668577,90.0
2026-04-23 06:09:41.268608,90.0
2026-04-23 06:09:41.868987,91.0
2026-04-23 06:09:42.468853,93.0
2026-04-23 06:09:43.068762,95.0
2026-04-23 06:09:43.668552,95.0
2026-04-23 06:09:44.268565,94.0
2026-04-23 06:09:44.868830,92.0
2026-04-23 06:09:45.469061,92.0
2026-04-23 06:09:45.568836,92.0
2026-04-23 06:09:45.668757,92.0
2026-04-23 06:09:45.768996,92.0
2026-04-23 06:09:45.968571,92.0
2026-04-23 06:09:46.068671,92.0
2026-04-23 06:09:46.169037,92.0
2026-04-23 06:09:46.268572,92.0
2026-04-23 06:09:46.368625,92.0
2026-04-23 06:09:46.469663,92.0
2026-04-23 06:09:46.668562,
2026-04-23 06:09:46.769033,
2026-04-23 06:09:46.868533,
2026-04-23 06:09:46.968626,
2026-04-23 06:09:47.068753,
2026-04-23 06:09:47.168750,
2026-04-23 06:09:47.368730,
2026-04-23 06:09:47.468986,
2026-04-23 06:09:47.568730,
2026-04-23 06:09:47.668984,
2026-04-23 06:09:47.769418,
2026-04-23 06:09:47.869062,
2026-04-23 06:09:48.068710,
2026-04-23 06:09:48.168762,
2026-04-23 06:09:48.268663,
2026-04-23 06:09:48.369885,
2026-04-23 06:09:48.468867,
2026-04-23 06:09:48.568565,
2026-04-23 06:09:48.668600,
2026-04-23 06:09:48.868706,
2026-04-23 06:09:48.969200,
2026-04-23 06:09:49.068596,
2026-04-23 06:09:49.169511,
2026-04-23 06:09:49.268976,
2026-04-23 06:09:49.368586,
2026-04-23 06:09:49.569727,
2026-04-23 06:09:49.668693,
2026-04-23 06:09:49.768688,
2026-04-23 06:09:49.868543,
2026-04-23 06:09:49.968560,
2026-04-23 06:09:50.068554,
2026-04-23 06:09:50.268569,
2026-04-23 06:09:50.368982,
2026-04-23 06:09:50.468607,
2026-04-23 06:09:50.568745,
2026-04-23 06:09:50.669707,
2026-04-23 06:09:50.768704,
2026-04-23 06:09:50.968616,
2026-04-23 06:09:51.068865,
2026-04-23 06:09:51.168818,
2026-04-23 06:09:51.268824,
2026-04-23 06:09:51.368684,
2026-04-23 06:09:51.469754,
2026-04-23 06:09:51.668787,
2026-04-23 06:09:51.768850,
2026-04-23 06:09:51.868933,
2026-04-23 06:09:51.969337,
2026-04-23 06:09:52.068799,
2026-04-23 06:09:52.174246,
2026-04-23 06:09:52.368788,
2026-04-23 06:09:52.469620,
2026-04-23 06:09:52.571689,
2026-04-23 06:09:52.668764,
2026-04-23 06:09:52.768741,
2026-04-23 06:09:52.868871,
2026-04-23 06:09:53.068607,
2026-04-23 06:09:53.169990,
2026-04-23 06:09:53.268792,
2026-04-23 06:09:53.369553,
2026-04-23 06:09:53.469066,
2026-04-23 06:09:53.568630,
2026-04-23 06:09:53.668860,
2026-04-23 06:09:53.868824,
2026-04-23 06:09:53.969005,
2026-04-23 06:09:54.068727,
2026-04-23 06:09:54.168691,
2026-04-23 06:09:54.268547,
2026-04-23 06:09:54.369047,
2026-04-23 06:09:54.569087,
2026-04-23 06:09:54.669298,
2026-04-23 06:09:54.769730,
2026-04-23 06:09:54.868711,
2026-04-23 06:09:54.969750,
2026-04-23 06:09:55.068710,
2026-04-23 06:09:55.268593,
2026-04-23 06:09:55.368590,
2026-04-23 06:09:55.468978,
2026-04-23 06:09:55.568660,
2026-04-23 06:09:55.668675,
2026-04-23 06:09:55.769256,
2026-04-23 06:09:55.968788,
2026-04-23 06:09:56.069055,
2026-04-23 06:09:56.169271,
2026-04-23 06:09:56.269244,
2026-04-23 06:09:56.370334,
2026-04-23 06:09:56.469673,
2026-04-23 06:09:56.669307,
2026-04-23 06:09:56.771257,
2026-04-23 06:09:56.870178,
2026-04-23 06:09:56.970992,
2026-04-23 06:09:57.068734,
2026-04-23 06:09:57.168777,
2026-04-23 06:09:57.370028,
2026-04-23 06:09:57.469719,
2026-04-23 06:09:57.569846,
2026-04-23 06:09:57.669474,
2026-04-23 06:09:57.768839,
2026-04-23 06:09:57.869258,
2026-04-23 06:09:58.171745,
2026-04-23 06:09:58.268950,
2026-04-23 06:09:58.371384,
2026-04-23 06:09:58.469131,
2026-04-23 06:09:58.568769,
2026-04-23 06:09:58.668765,
2026-04-23 06:09:58.868584,
2026-04-23 06:09:58.970789,
2026-04-23 06:09:59.070599,
2026-04-23 06:09:59.169297,
2026-04-23 06:09:59.269215,
2026-04-23 06:09:59.368880,
2026-04-23 06:09:59.468613,
2026-04-23 06:09:59.668678,
2026-04-23 06:09:59.768847,
2026-04-23 06:09:59.869784,
2026-04-23 06:09:59.971307,
2026-04-23 06:10:00.069865,
2026-04-23 06:10:00.168558,
2026-04-23 06:10:00.368613,
2026-04-23 06:10:00.468742,
2026-04-23 06:10:00.569736,
2026-04-23 06:10:00.670501,
2026-04-23 06:10:00.769147,
2026-04-23 06:10:00.869331,
2026-04-23 06:10:01.071993,
2026-04-23 06:10:01.172136,
2026-04-23 06:10:01.269132,
2026-04-23 06:10:01.368675,
2026-04-23 06:10:01.470761,
2026-04-23 06:10:01.568804,
2026-04-23 06:10:01.768775,
2026-04-23 06:10:01.868827,
2026-04-23 06:10:01.968531,
2026-04-23 06:10:02.068748,
2026-04-23 06:10:02.168559,
2026-04-23 06:10:02.268756,
2026-04-23 06:10:02.468539,
2026-04-23 06:10:02.569520,
2026-04-23 06:10:02.669359,
2026-04-23 06:10:02.768665,
2026-04-23 06:10:02.868628,
2026-04-23 06:10:02.968838,
2026-04-23 06:10:03.168821,
2026-04-23 06:10:03.268777,
2026-04-23 06:10:03.368665,
2026-04-23 06:10:03.468779,
2026-04-23 06:10:03.568711,
2026-04-23 06:10:03.668700,
2026-04-23 06:10:03.868584,
2026-04-23 06:10:03.968944,
2026-04-23 06:10:04.068710,
2026-04-23 06:10:04.168660,
2026-04-23 06:10:04.268633,
2026-04-23 06:10:04.368779,
2026-04-23 06:10:04.470687,
2026-04-23 06:10:04.668566,
2026-04-23 06:10:04.768775,
2026-04-23 06:10:04.868692,
2026-04-23 06:10:04.969562,
2026-04-23 06:10:05.069043,
2026-04-23 06:10:05.168947,
2026-04-23 06:10:05.368779,
2026-04-23 06:10:05.468890,
2026-04-23 06:10:05.568770,
2026-04-23 06:10:05.668622,
2026-04-23 06:10:05.771414,
2026-04-23 06:10:05.868875,
2026-04-23 06:10:06.068625,
2026-04-23 06:10:06.168610,
2026-04-23 06:10:06.272370,
2026-04-23 06:10:06.368560,
2026-04-23 06:10:06.469734,
2026-04-23 06:10:06.568757,
2026-04-23 06:10:06.768833,
2026-04-23 06:10:06.868624,
2026-04-23 06:10:06.970560,
2026-04-23 06:10:07.068599,
2026-04-23 06:10:07.168734,
2026-04-23 06:10:07.268664,
2026-04-23 06:10:07.468644,
2026-04-23 06:10:07.569290,
2026-04-23 06:10:07.668521,
2026-04-23 06:10:07.768600,
2026-04-23 06:10:07.868709,
2026-04-23 06:10:07.968537,
2026-04-23 06:10:08.168852,92.0
2026-04-23 06:10:08.269439,92.0
2026-04-23 06:10:08.369020,92.0
2026-04-23 06:10:08.468698,92.0
2026-04-23 06:10:08.568815,92.0
2026-04-23 06:10:08.668706,92.0
2026-04-23 06:10:08.868636,92.0
2026-04-23 06:10:08.969397,92.0
2026-04-23 06:10:09.068767,92.0
2026-04-23 06:10:09.168686,92.0
2026-04-23 06:10:10.068612,92.0
2026-04-23 06:10:10.668731,92.0
2026-04-23 06:10:11.268578,94.0
2026-04-23 06:10:11.868610,94.0
2026-04-23 06:10:12.469065,95.0
2026-04-23 06:10:13.168727,96.0
2026-04-23 06:10:13.768850,96.0
2026-04-23 06:10:14.368889,95.0
2026-04-23 06:10:14.968823,94.0
2026-04-23 06:10:15.568855,93.0
2026-04-23 06:10:16.168535,94.0
2026-04-23 06:10:16.770242,94.0
2026-04-23 06:10:17.368970,93.0
2026-04-23 06:10:17.968573,92.0
2026-04-23 06:10:18.569390,91.0
2026-04-23 06:10:19.168602,88.0
2026-04-23 06:10:19.768543,86.0
2026-04-23 06:10:20.368661,85.0
2026-04-23 06:10:20.968601,83.0
2026-04-23 06:10:21.670499,83.0
2026-04-23 06:10:22.268724,85.0
2026-04-23 06:10:22.868544,87.0
2026-04-23 06:10:23.468712,86.0
2026-04-23 06:10:24.068599,87.0
2026-04-23 06:10:24.668881,89.0
2026-04-23 06:10:25.268702,90.0
2026-04-23 06:10:25.868588,91.0
2026-04-23 06:10:26.468760,91.0
2026-04-23 06:10:27.072320,89.0
2026-04-23 06:10:27.669130,88.0
2026-04-23 06:10:28.268545,87.0
2026-04-23 06:10:28.869292,87.0
2026-04-23 06:10:29.472300,87.0
2026-04-23 06:10:30.068569,86.0
2026-04-23 06:10:30.670242,85.0
2026-04-23 06:10:31.268842,84.0
2026-04-23 06:10:31.869200,83.0
2026-04-23 06:10:32.468732,82.0
2026-04-23 06:10:33.070635,82.0
2026-04-23 06:10:33.668627,82.0
2026-04-23 06:10:34.268894,82.0
2026-04-23 06:10:34.870091,82.0
2026-04-23 06:10:35.468862,83.0
2026-04-23 06:10:36.168820,83.0
2026-04-23 06:10:36.769783,83.0
2026-04-23 06:10:37.369232,83.0
2026-04-23 06:10:37.969515,83.0
2026-04-23 06:10:38.669872,82.0
2026-04-23 06:10:39.273342,80.0
2026-04-23 06:10:39.869432,81.0
2026-04-23 06:10:40.468876,83.0
2026-04-23 06:10:41.068559,85.0
2026-04-23 06:10:41.670099,87.0
2026-04-23 06:10:42.268589,89.0
2026-04-23 06:10:42.868682,91.0
2026-04-23 06:10:43.468765,91.0
2026-04-23 06:10:44.068581,92.0
2026-04-23 06:10:44.668647,93.0
2026-04-23 06:10:45.268570,94.0
2026-04-23 06:10:45.869126,94.0
2026-04-23 06:10:46.468562,94.0
2026-04-23 06:10:47.068578,94.0
2026-04-23 06:10:47.668587,94.0
2026-04-23 06:10:48.268640,95.0
2026-04-23 06:10:48.868771,94.0
2026-04-23 06:10:49.469140,93.0
2026-04-23 06:10:50.068639,94.0
2026-04-23 06:10:50.668626,95.0
2026-04-23 06:10:51.269307,96.0
2026-04-23 06:10:51.869271,98.0
2026-04-23 06:10:52.468545,99.0
2026-04-23 06:10:53.068679,100.0
2026-04-23 06:10:53.668753,102.0
2026-04-23 06:10:54.269851,104.0
2026-04-23 06:10:54.869399,106.0
2026-04-23 06:10:55.468697,105.0
2026-04-23 06:10:56.068591,103.0
2026-04-23 06:10:56.670023,100.0
2026-04-23 06:10:57.269304,96.0
2026-04-23 06:10:57.969361,92.0
2026-04-23 06:10:58.570018,91.0
2026-04-23 06:10:59.168676,89.0
2026-04-23 06:10:59.772343,89.0
2026-04-23 06:11:00.368797,87.0
2026-04-23 06:11:00.968655,86.0
2026-04-23 06:11:01.568833,87.0
2026-04-23 06:11:02.169455,88.0
2026-04-23 06:11:02.768845,88.0
2026-04-23 06:11:03.370384,89.0
2026-04-23 06:11:03.970342,89.0
2026-04-23 06:11:04.568916,90.0
2026-04-23 06:11:05.168734,88.0
2026-04-23 06:11:05.768756,87.0
2026-04-23 06:11:06.370208,87.0
2026-04-23 06:11:06.968849,89.0
2026-04-23 06:11:07.568725,90.0
2026-04-23 06:11:08.168801,89.0
2026-04-23 06:11:08.768721,90.0
2026-04-23 06:11:09.368644,92.0
2026-04-23 06:11:09.969351,94.0
2026-04-23 06:11:10.568824,96.0
2026-04-23 06:11:11.169949,100.0
2026-04-23 06:11:11.768611,103.0
2026-04-23 06:11:12.369222,105.0
2026-04-23 06:11:12.968784,108.0
2026-04-23 06:11:13.569166,111.0
2026-04-23 06:11:14.170379,112.0
2026-04-23 06:11:14.768624,114.0
2026-04-23 06:11:15.368736,115.0
2026-04-23 06:11:15.969424,116.0
2026-04-23 06:11:16.570070,117.0
2026-04-23 06:11:17.169522,118.0
2026-04-23 06:11:17.770205,118.0
2026-04-23 06:11:18.369964,119.0
2026-04-23 06:11:19.069971,118.0
2026-04-23 06:11:19.768803,118.0
2026-04-23 06:11:20.368653,118.0
2026-04-23 06:11:20.968645,118.0
2026-04-23 06:11:21.568979,118.0
2026-04-23 06:11:22.168850,116.0
2026-04-23 06:11:22.768618,113.0
2026-04-23 06:11:23.369247,111.0
2026-04-23 06:11:23.968820,111.0
2026-04-23 06:11:24.568721,110.0
2026-04-23 06:11:25.168759,110.0
2026-04-23 06:11:25.768844,111.0
2026-04-23 06:11:26.369041,111.0
2026-04-23 06:11:26.968539,111.0
2026-04-23 06:11:27.569274,110.0
2026-04-23 06:11:28.168628,109.0
2026-04-23 06:11:28.768831,106.0
2026-04-23 06:11:29.368771,104.0
2026-04-23 06:11:29.968904,100.0
2026-04-23 06:11:30.568594,99.0
2026-04-23 06:11:31.168881,98.0
2026-04-23 06:11:31.768966,100.0
2026-04-23 06:11:32.368800,102.0
2026-04-23 06:11:32.968839,104.0
2026-04-23 06:11:33.568614,106.0
2026-04-23 06:11:34.169119,108.0
2026-04-23 06:11:34.768579,109.0
2026-04-23 06:11:35.470216,111.0
2026-04-23 06:11:36.068698,113.0
2026-04-23 06:11:36.670040,115.0
2026-04-23 06:11:37.269561,115.0
2026-04-23 06:11:37.872803,117.0
2026-04-23 06:11:38.469708,117.0
2026-04-23 06:11:39.069354,116.0
2026-04-23 06:11:39.668672,116.0
2026-04-23 06:11:40.268544,117.0
2026-04-23 06:11:40.869101,118.0
2026-04-23 06:11:41.469626,119.0
2026-04-23 06:11:42.069764,120.0
2026-04-23 06:11:42.668791,121.0
2026-04-23 06:11:43.268679,122.0
2026-04-23 06:11:43.869112,123.0
2026-04-23 06:11:44.468764,124.0
2026-04-23 06:11:45.168650,125.0
2026-04-23 06:11:45.769634,126.0
2026-04-23 06:11:46.370250,120.0
2026-04-23 06:11:46.968750,116.0
2026-04-23 06:11:47.068731,115.95384615384616
2026-04-23 06:11:47.168654,115.9076923076923
2026-04-23 06:11:47.268671,115.86153846153846
2026-04-23 06:11:47.468700,115.81538461538462
2026-04-23 06:11:47.568610,115.76923076923077
2026-04-23 06:11:47.668693,115.72307692307692
2026-04-23 06:11:47.769444,115.67692307692307
2026-04-23 06:11:47.869626,115.63076923076923
2026-04-23 06:11:47.968587,115.58461538461539
2026-04-23 06:11:48.170979,115.53846153846153
2026-04-23 06:11:48.268753,
2026-04-23 06:11:48.368632,
2026-04-23 06:11:48.468889,
2026-04-23 06:11:48.568686,
2026-04-23 06:11:48.668653,
2026-04-23 06:11:48.868853,
2026-04-23 06:11:48.968701,
2026-04-23 06:11:49.068603,
2026-04-23 06:11:49.168622,
2026-04-23 06:11:49.268811,
2026-04-23 06:11:49.368689,
2026-04-23 06:11:49.568641,
2026-04-23 06:11:49.668696,
2026-04-23 06:11:49.768670,
2026-04-23 06:11:49.869925,
2026-04-23 06:11:49.969480,
2026-04-23 06:11:50.069765,
2026-04-23 06:11:50.168784,
2026-04-23 06:11:50.369169,
2026-04-23 06:11:50.468633,
2026-04-23 06:11:50.568702,
2026-04-23 06:11:50.668777,
2026-04-23 06:11:50.768640,
2026-04-23 06:11:50.868747,
2026-04-23 06:11:51.068729,
2026-04-23 06:11:51.170064,
2026-04-23 06:11:51.268798,
2026-04-23 06:11:51.368732,
2026-04-23 06:11:51.468802,
2026-04-23 06:11:51.569647,
2026-04-23 06:11:51.768741,
2026-04-23 06:11:51.868704,
2026-04-23 06:11:51.968926,
2026-04-23 06:11:52.068812,
2026-04-23 06:11:52.168634,
2026-04-23 06:11:52.269099,
2026-04-23 06:11:52.469662,
2026-04-23 06:11:52.568772,
2026-04-23 06:11:52.669337,
2026-04-23 06:11:52.769188,
2026-04-23 06:11:52.868657,
2026-04-23 06:11:52.968627,
2026-04-23 06:11:53.168763,
2026-04-23 06:11:53.268580,
2026-04-23 06:11:53.370014,
2026-04-23 06:11:53.468671,
2026-04-23 06:11:53.568992,
2026-04-23 06:11:53.668571,
2026-04-23 06:11:53.868719,
2026-04-23 06:11:53.968773,
2026-04-23 06:11:54.070569,
2026-04-23 06:11:54.169690,
2026-04-23 06:11:54.268715,
2026-04-23 06:11:54.369661,
2026-04-23 06:11:54.468723,
2026-04-23 06:11:54.668729,
2026-04-23 06:11:54.768751,
2026-04-23 06:11:54.869167,
2026-04-23 06:11:54.970096,
2026-04-23 06:11:55.068897,
2026-04-23 06:11:55.169007,
2026-04-23 06:11:55.368609,
2026-04-23 06:11:55.468683,
2026-04-23 06:11:55.568966,
2026-04-23 06:11:55.668734,
2026-04-23 06:11:55.769008,
2026-04-23 06:11:55.868643,
2026-04-23 06:11:56.068688,
2026-04-23 06:11:56.168686,
2026-04-23 06:11:56.270008,
2026-04-23 06:11:56.368729,
2026-04-23 06:11:56.468904,
2026-04-23 06:11:56.568988,
2026-04-23 06:11:56.768600,
2026-04-23 06:11:56.870621,
2026-04-23 06:11:56.970099,
2026-04-23 06:11:57.068742,
2026-04-23 06:11:57.168800,
2026-04-23 06:11:57.268619,
2026-04-23 06:11:57.469257,
2026-04-23 06:11:57.571807,
2026-04-23 06:11:57.669804,
2026-04-23 06:11:57.768596,
2026-04-23 06:11:57.868789,
2026-04-23 06:11:57.970211,
2026-04-23 06:11:58.169767,
2026-04-23 06:11:58.269384,
2026-04-23 06:11:58.371386,
2026-04-23 06:11:58.469698,
2026-04-23 06:11:58.568776,
2026-04-23 06:11:58.669433,
2026-04-23 06:11:58.869629,
2026-04-23 06:11:58.970250,
2026-04-23 06:11:59.069711,
2026-04-23 06:11:59.170108,
2026-04-23 06:11:59.269723,
2026-04-23 06:11:59.368827,
2026-04-23 06:11:59.568569,
2026-04-23 06:11:59.671160,
2026-04-23 06:11:59.769358,
2026-04-23 06:11:59.870624,
2026-04-23 06:11:59.968562,
2026-04-23 06:12:00.068828,
2026-04-23 06:12:00.269455,
2026-04-23 06:12:00.468704,
2026-04-23 06:12:00.568758,
2026-04-23 06:12:00.668915,
2026-04-23 06:12:00.768691,
2026-04-23 06:12:00.869344,
2026-04-23 06:12:00.968737,110.46153846153847
2026-04-23 06:12:01.168986,110.41538461538461
2026-04-23 06:12:01.268786,110.36923076923077
2026-04-23 06:12:01.369336,110.32307692307693
2026-04-23 06:12:01.468915,110.27692307692308
2026-04-23 06:12:01.569122,110.23076923076923
2026-04-23 06:12:01.669900,110.18461538461538
2026-04-23 06:12:01.868558,110.13846153846154
2026-04-23 06:12:01.968793,110.09230769230768
2026-04-23 06:12:02.068724,110.04615384615384
2026-04-23 06:12:02.668599,110.0
2026-04-23 06:12:03.268743,107.0
2026-04-23 06:12:03.970308,103.0
2026-04-23 06:12:04.570374,99.0
2026-04-23 06:12:05.169029,96.0
2026-04-23 06:12:05.768614,93.0
2026-04-23 06:12:06.368571,94.0
2026-04-23 06:12:06.968874,95.0
2026-04-23 06:12:07.668640,95.0
2026-04-23 06:12:08.268943,95.0
2026-04-23 06:12:08.869213,93.0
2026-04-23 06:12:09.468726,92.0
2026-04-23 06:12:10.168562,93.0
2026-04-23 06:12:10.768638,95.0
2026-04-23 06:12:11.369288,96.0
2026-04-23 06:12:11.968618,96.0
2026-04-23 06:12:12.568844,96.0
2026-04-23 06:12:13.169245,96.0
2026-04-23 06:12:13.870729,95.0
2026-04-23 06:12:14.468846,95.0
2026-04-23 06:12:15.068741,94.0
2026-04-23 06:12:15.668630,93.0
2026-04-23 06:12:16.369999,92.0
2026-04-23 06:12:16.969220,90.0
2026-04-23 06:12:17.570421,87.0
2026-04-23 06:12:18.169754,87.0
2026-04-23 06:12:18.769816,86.0
2026-04-23 06:12:19.468642,85.0
2026-04-23 06:12:20.069031,84.0
2026-04-23 06:12:20.668997,84.0
2026-04-23 06:12:21.269366,84.0
2026-04-23 06:12:21.868633,84.0
2026-04-23 06:12:22.468770,84.0
2026-04-23 06:12:23.168591,83.0
2026-04-23 06:12:23.768645,81.0
2026-04-23 06:12:24.368649,79.0
2026-04-23 06:12:24.969457,78.0
2026-04-23 06:12:25.669887,77.0
2026-04-23 06:12:26.268710,77.0
2026-04-23 06:12:26.869314,76.0
2026-04-23 06:12:27.468584,76.0
2026-04-23 06:12:28.073223,76.0
2026-04-23 06:12:28.668606,76.0
2026-04-23 06:12:29.268678,76.0
2026-04-23 06:12:29.968728,75.0
2026-04-23 06:12:30.568598,74.85714285714286
2026-04-23 06:12:31.168671,74.71428571428571
2026-04-23 06:12:31.768838,74.57142857142857
2026-04-23 06:12:32.369002,74.42857142857143
2026-04-23 06:12:32.968808,74.28571428571429
2026-04-23 06:12:33.669270,74.14285714285714
2026-04-23 06:12:34.270814,74.0
2026-04-23 06:12:34.868555,73.0
2026-04-23 06:12:35.470145,72.0
2026-04-23 06:12:36.069054,71.0
2026-04-23 06:12:36.668964,69.0
2026-04-23 06:12:37.368897,68.0
2026-04-23 06:12:37.969596,71.0
2026-04-23 06:12:38.670004,73.0
2026-04-23 06:12:39.268667,76.0
2026-04-23 06:12:39.868704,77.0
2026-04-23 06:12:40.568571,78.0
2026-04-23 06:12:41.168773,82.0
2026-04-23 06:12:41.768999,85.0
2026-04-23 06:12:42.368591,89.0
2026-04-23 06:12:42.969121,93.0
2026-04-23 06:12:43.568564,96.0
2026-04-23 06:12:44.168983,98.0
2026-04-23 06:12:44.868743,98.0
2026-04-23 06:12:45.468783,99.0
2026-04-23 06:12:46.068751,99.0
2026-04-23 06:12:46.668775,97.0
2026-04-23 06:12:47.269438,96.0
2026-04-23 06:12:47.868577,93.0
2026-04-23 06:12:48.568584,91.0
2026-04-23 06:12:49.169973,87.0
2026-04-23 06:12:49.768950,84.0
2026-04-23 06:12:50.368781,82.0
2026-04-23 06:12:50.968527,79.0
2026-04-23 06:12:51.568705,76.0
2026-04-23 06:12:52.168872,74.0
2026-04-23 06:12:52.868546,72.0
2026-04-23 06:12:53.468724,70.0
2026-04-23 06:12:54.068634,69.0
2026-04-23 06:12:54.670059,67.0
2026-04-23 06:12:55.269259,65.0
2026-04-23 06:12:55.869384,66.0
2026-04-23 06:12:56.468706,69.0
2026-04-23 06:12:57.169213,73.0
2026-04-23 06:12:57.769155,78.0
2026-04-23 06:12:58.368666,83.0
2026-04-23 06:12:58.970025,87.0
2026-04-23 06:12:59.569293,90.0
2026-04-23 06:13:00.168615,94.0
2026-04-23 06:13:00.768678,97.0
2026-04-23 06:13:01.369100,100.0
2026-04-23 06:13:01.970370,101.0
2026-04-23 06:13:02.569643,100.0
2026-04-23 06:13:03.168537,100.0
2026-04-23 06:13:03.768916,100.0
2026-04-23 06:13:04.368619,102.0
2026-04-23 06:13:04.968673,100.0
2026-04-23 06:13:05.568659,100.0
2026-04-23 06:13:06.168670,97.0
2026-04-23 06:13:06.768689,98.0
2026-04-23 06:13:07.369252,99.0
2026-04-23 06:13:08.068809,100.0
2026-04-23 06:13:08.668833,101.0
2026-04-23 06:13:09.268598,100.0
2026-04-23 06:13:09.868607,100.0
2026-04-23 06:13:10.471877,100.0
2026-04-23 06:13:11.068737,101.0
2026-04-23 06:13:11.768668,101.0
2026-04-23 06:13:12.368584,99.0
2026-04-23 06:13:12.969733,98.0
2026-04-23 06:13:13.569775,96.0
2026-04-23 06:13:14.168668,94.0
2026-04-23 06:13:14.769015,93.0
2026-04-23 06:13:15.368662,94.0
2026-04-23 06:13:15.969893,92.0
2026-04-23 06:13:16.568677,91.0
2026-04-23 06:13:17.170785,90.0
2026-04-23 06:13:17.768912,91.0
2026-04-23 06:13:18.370240,90.0
2026-04-23 06:13:19.068542,91.0
2026-04-23 06:13:19.770642,93.0
2026-04-23 06:13:20.369667,97.0
2026-04-23 06:13:20.969611,98.0
2026-04-23 06:13:21.568619,98.0
2026-04-23 06:13:22.168667,98.0
2026-04-23 06:13:22.770574,99.0
2026-04-23 06:13:23.368651,100.0
2026-04-23 06:13:23.968850,101.0
2026-04-23 06:13:24.668661,103.0
2026-04-23 06:13:25.268665,103.0
2026-04-23 06:13:25.868594,103.0
2026-04-23 06:13:26.468700,103.0
2026-04-23 06:13:27.068645,103.0
2026-04-23 06:13:27.668620,104.0
2026-04-23 06:13:28.368698,105.0
2026-04-23 06:13:28.968667,106.0
2026-04-23 06:13:29.568619,107.0
2026-04-23 06:13:30.169354,106.0
2026-04-23 06:13:30.770228,105.0
2026-04-23 06:13:31.468614,104.0
2026-04-23 06:13:32.068908,102.0
2026-04-23 06:13:32.668711,102.0
2026-04-23 06:13:33.268848,101.0
2026-04-23 06:13:33.868801,100.0
2026-04-23 06:13:34.469651,99.0
2026-04-23 06:13:35.068971,100.0
2026-04-23 06:13:35.668705,102.0
2026-04-23 06:13:36.268650,104.0
2026-04-23 06:13:36.869830,106.0
2026-04-23 06:13:37.569608,108.0
2026-04-23 06:13:38.168669,110.0
2026-04-23 06:13:38.768820,111.0
2026-04-23 06:13:39.368616,111.0
2026-04-23 06:13:39.969109,113.0
2026-04-23 06:13:40.669272,115.0
2026-04-23 06:13:41.268846,117.0
2026-04-23 06:13:41.869081,119.0
2026-04-23 06:13:42.474815,119.0
2026-04-23 06:13:43.068620,120.0
2026-04-23 06:13:43.668782,121.0
2026-04-23 06:13:44.269382,122.0
2026-04-23 06:13:44.869038,123.0
2026-04-23 06:13:45.469882,123.0
2026-04-23 06:13:46.068640,123.0
2026-04-23 06:13:46.670273,123.0
2026-04-23 06:13:47.268795,120.0
2026-04-23 06:13:47.869239,117.0
2026-04-23 06:13:48.468632,113.0
2026-04-23 06:13:49.069053,108.0
2026-04-23 06:13:49.468668,107.96666666666667
2026-04-23 06:13:49.569265,107.93333333333334
2026-04-23 06:13:49.668739,107.9
2026-04-23 06:13:49.768682,107.86666666666666
2026-04-23 06:13:49.868882,107.83333333333333
2026-04-23 06:13:49.968625,107.8
2026-04-23 06:13:50.169763,107.76666666666667
2026-04-23 06:13:50.268494,107.73333333333333
2026-04-23 06:13:50.368643,107.7
2026-04-23 06:13:50.468656,107.66666666666667
2026-04-23 06:13:50.568656,
2026-04-23 06:13:50.668732,
2026-04-23 06:13:50.869341,
2026-04-23 06:13:50.968884,
2026-04-23 06:13:51.068679,
2026-04-23 06:13:51.170341,
2026-04-23 06:13:51.268828,
2026-04-23 06:13:51.368960,
2026-04-23 06:13:51.568556,
2026-04-23 06:13:51.669450,
2026-04-23 06:13:51.768872,
2026-04-23 06:13:51.868702,
2026-04-23 06:13:51.969441,
2026-04-23 06:13:52.068655,
2026-04-23 06:13:52.269221,
2026-04-23 06:13:52.369521,
2026-04-23 06:13:52.469267,
2026-04-23 06:13:52.568748,
2026-04-23 06:13:52.668549,
2026-04-23 06:13:52.772286,
2026-04-23 06:13:52.968573,
2026-04-23 06:13:53.071439,
2026-04-23 06:13:53.168535,
2026-04-23 06:13:53.269571,
2026-04-23 06:13:53.368903,
2026-04-23 06:13:53.468656,
2026-04-23 06:13:53.670393,
2026-04-23 06:13:53.769619,
2026-04-23 06:13:53.868575,
2026-04-23 06:13:53.969239,
2026-04-23 06:13:54.069525,
2026-04-23 06:13:54.169195,
2026-04-23 06:13:54.368865,
2026-04-23 06:13:54.469432,
2026-04-23 06:13:54.568680,
2026-04-23 06:13:54.668746,
2026-04-23 06:13:54.768720,
2026-04-23 06:13:54.869210,
2026-04-23 06:13:55.068789,
2026-04-23 06:13:55.169402,106.33333333333333
2026-04-23 06:13:55.268833,106.3
2026-04-23 06:13:55.370922,106.26666666666667
2026-04-23 06:13:55.468853,106.23333333333333
2026-04-23 06:13:55.568666,106.2
2026-04-23 06:13:55.668570,106.16666666666667
2026-04-23 06:13:55.869094,106.13333333333334
2026-04-23 06:13:55.969985,106.1
2026-04-23 06:13:56.068898,106.06666666666666
2026-04-23 06:13:56.168610,106.03333333333333
2026-04-23 06:13:57.268606,106.0
2026-04-23 06:13:57.868860,104.0
2026-04-23 06:13:58.568715,104.0
2026-04-23 06:13:59.170099,103.0
2026-04-23 06:13:59.869124,100.0
2026-04-23 06:14:00.469003,98.0
2026-04-23 06:14:01.069303,95.0
2026-04-23 06:14:01.668739,92.0
2026-04-23 06:14:02.271333,90.0
2026-04-23 06:14:02.868650,88.0
2026-04-23 06:14:03.468504,86.0
2026-04-23 06:14:04.069140,84.0
2026-04-23 06:14:04.668530,82.0
2026-04-23 06:14:05.268485,80.0
2026-04-23 06:14:05.968719,78.0
2026-04-23 06:14:06.568710,77.0
2026-04-23 06:14:07.168597,76.0
2026-04-23 06:14:07.768648,76.0
2026-04-23 06:14:08.368582,75.0
2026-04-23 06:14:08.968863,74.0
2026-04-23 06:14:09.570516,73.0
2026-04-23 06:14:10.171088,72.0
2026-04-23 06:14:10.769597,73.0
2026-04-23 06:14:11.368532,72.0
2026-04-23 06:14:11.968589,71.0
2026-04-23 06:14:12.568566,70.0
2026-04-23 06:14:13.168619,69.0
2026-04-23 06:14:13.768703,69.0
2026-04-23 06:14:14.372176,73.0
2026-04-23 06:14:14.968652,75.0
2026-04-23 06:14:15.571806,76.0
2026-04-23 06:14:16.168471,75.0
2026-04-23 06:14:16.768877,75.0
2026-04-23 06:14:17.369694,74.0
2026-04-23 06:14:17.969413,76.0
2026-04-23 06:14:18.571349,79.0
2026-04-23 06:14:19.168768,82.0
2026-04-23 06:14:19.768712,84.0
2026-04-23 06:14:20.368644,86.0
2026-04-23 06:14:20.971609,86.0
2026-04-23 06:14:21.669658,87.0
2026-04-23 06:14:22.268720,88.0
2026-04-23 06:14:22.870226,91.0
2026-04-23 06:14:23.472320,93.0
2026-04-23 06:14:24.069966,94.0
2026-04-23 06:14:24.770254,96.0
2026-04-23 06:14:25.368730,97.0
2026-04-23 06:14:25.968693,98.0
2026-04-23 06:14:26.569239,99.0
2026-04-23 06:14:27.168527,99.0
2026-04-23 06:14:27.868511,100.0
2026-04-23 06:14:28.468680,100.0
2026-04-23 06:14:29.070952,100.0
2026-04-23 06:14:29.668553,99.0
2026-04-23 06:14:30.268607,101.0
2026-04-23 06:14:30.869092,102.0
2026-04-23 06:14:31.470545,102.22222222222223
2026-04-23 06:14:31.570379,102.44444444444444
2026-04-23 06:14:31.768625,102.66666666666667
2026-04-23 06:14:31.871220,102.88888888888889
2026-04-23 06:14:31.972059,103.11111111111111
2026-04-23 06:14:32.068731,103.33333333333333
2026-04-23 06:14:32.170328,103.55555555555556
2026-04-23 06:14:32.268711,103.77777777777777
2026-04-23 06:14:32.469027,104.0
2026-04-23 06:14:33.068736,105.0
2026-04-23 06:14:33.668546,106.0
2026-04-23 06:14:34.268772,106.0
2026-04-23 06:14:34.868782,107.0
2026-04-23 06:14:35.468711,108.0
2026-04-23 06:14:36.071784,109.0
2026-04-23 06:14:36.668823,109.0
2026-04-23 06:14:37.270091,109.0
2026-04-23 06:14:37.869621,106.0
2026-04-23 06:14:38.468702,103.0
2026-04-23 06:14:39.168816,99.0
2026-04-23 06:14:39.769495,95.0
2026-04-23 06:14:40.471864,91.0
2026-04-23 06:14:41.068750,87.0
2026-04-23 06:14:41.668768,84.0
2026-04-23 06:14:42.268742,81.0
2026-04-23 06:14:42.868647,83.0
2026-04-23 06:14:43.468642,83.0
2026-04-23 06:14:44.168671,85.0
2026-04-23 06:14:44.768870,88.0
2026-04-23 06:14:45.368672,90.0
2026-04-23 06:14:45.968991,93.0
2026-04-23 06:14:46.569599,96.0
2026-04-23 06:14:47.169272,97.0
2026-04-23 06:14:47.771955,99.0
2026-04-23 06:14:48.471241,100.0
2026-04-23 06:14:49.069970,99.0
2026-04-23 06:14:49.668545,101.0
2026-04-23 06:14:50.269425,102.0
2026-04-23 06:14:50.868714,102.0
2026-04-23 06:14:51.470143,103.0
2026-04-23 06:14:52.068761,102.85714285714286
2026-04-23 06:14:52.668700,102.71428571428571
2026-04-23 06:14:53.269133,102.57142857142857
2026-04-23 06:14:53.868595,102.42857142857143
2026-04-23 06:14:54.469197,102.28571428571429
2026-04-23 06:14:55.069282,102.14285714285714
2026-04-23 06:14:55.669968,102.0
2026-04-23 06:14:56.268978,103.0
2026-04-23 06:14:56.869128,103.0
2026-04-23 06:14:57.468727,104.0
2026-04-23 06:14:58.069300,104.0
2026-04-23 06:14:58.669030,104.0
2026-04-23 06:14:59.268713,103.0
2026-04-23 06:14:59.868590,101.0
2026-04-23 06:15:00.470745,100.0
2026-04-23 06:15:01.068741,99.0
2026-04-23 06:15:01.670145,98.0
2026-04-23 06:15:02.268790,96.0
2026-04-23 06:15:02.871231,96.0
2026-04-23 06:15:03.468847,95.0
2026-04-23 06:15:04.069986,94.0
2026-04-23 06:15:04.668762,93.0
2026-04-23 06:15:05.269678,91.0
2026-04-23 06:15:05.868582,91.0
2026-04-23 06:15:06.468751,91.0
2026-04-23 06:15:07.068692,91.0
2026-04-23 06:15:07.768556,90.0
2026-04-23 06:15:08.369780,91.0
2026-04-23 06:15:08.970288,93.0
2026-04-23 06:15:09.569147,93.0
2026-04-23 06:15:10.168747,95.0
2026-04-23 06:15:10.268825,95.0
2026-04-23 06:15:10.770822,95.0
2026-04-23 06:15:11.368680,94.0
2026-04-23 06:15:11.972185,95.0
2026-04-23 06:15:12.568781,97.0
2026-04-23 06:15:13.168717,97.0
2026-04-23 06:15:13.868747,95.0
2026-04-23 06:15:14.468760,96.0
2026-04-23 06:15:15.069870,97.0
2026-04-23 06:15:15.668710,98.0
2026-04-23 06:15:16.269016,100.0
2026-04-23 06:15:16.868663,102.0
2026-04-23 06:15:17.570605,104.0
2026-04-23 06:15:18.169241,106.0
2026-04-23 06:15:18.772778,108.0
2026-04-23 06:15:19.469123,110.0
2026-04-23 06:15:20.070212,112.0
2026-04-23 06:15:20.770322,114.0
2026-04-23 06:15:21.369523,115.0
2026-04-23 06:15:21.968660,117.0
2026-04-23 06:15:22.568663,117.0
2026-04-23 06:15:23.168655,119.0
2026-04-23 06:15:23.770260,118.0
2026-04-23 06:15:24.468692,117.0
2026-04-23 06:15:25.068908,116.88888888888889
2026-04-23 06:15:25.668673,116.77777777777777
2026-04-23 06:15:26.268703,116.66666666666667
2026-04-23 06:15:26.868690,116.55555555555556
2026-04-23 06:15:27.468769,116.44444444444444
2026-04-23 06:15:28.068989,116.33333333333333
2026-04-23 06:15:28.768690,116.22222222222223
2026-04-23 06:15:29.368732,116.11111111111111
2026-04-23 06:15:29.968685,116.0
2026-04-23 06:15:30.568704,115.0
2026-04-23 06:15:31.168790,114.0
2026-04-23 06:15:31.868752,113.0
2026-04-23 06:15:32.468692,111.0
2026-04-23 06:15:33.069843,110.0
2026-04-23 06:15:33.668667,107.0
2026-04-23 06:15:34.268976,106.0
2026-04-23 06:15:34.970005,106.0
2026-04-23 06:15:35.568811,103.0
2026-04-23 06:15:36.171282,100.0
2026-04-23 06:15:36.769928,98.0
2026-04-23 06:15:37.370929,99.0
2026-04-23 06:15:37.970228,101.0
2026-04-23 06:15:38.669544,100.0
2026-04-23 06:15:39.268813,99.0
2026-04-23 06:15:39.868986,101.0
2026-04-23 06:15:40.470110,103.0
2026-04-23 06:15:41.069332,105.0
2026-04-23 06:15:41.668817,107.0
2026-04-23 06:15:42.371299,107.0
2026-04-23 06:15:42.971072,107.0
2026-04-23 06:15:43.570380,107.0
2026-04-23 06:15:44.169301,104.0
2026-04-23 06:15:44.768927,102.0
2026-04-23 06:15:45.368644,100.0
2026-04-23 06:15:45.968962,98.0
2026-04-23 06:15:46.669830,97.0
2026-04-23 06:15:47.269579,95.0
2026-04-23 06:15:47.870921,93.0
2026-04-23 06:15:48.468677,92.0
2026-04-23 06:15:49.068819,91.0
2026-04-23 06:15:49.668785,90.0
2026-04-23 06:15:50.269640,88.0
2026-04-23 06:15:50.868917,88.0
2026-04-23 06:15:51.468688,87.0
2026-04-23 06:15:52.068670,85.0
2026-04-23 06:15:52.669946,82.0
2026-04-23 06:15:53.268748,80.0
2026-04-23 06:15:53.869259,78.0
2026-04-23 06:15:54.470307,75.0
2026-04-23 06:15:55.069065,73.0
2026-04-23 06:15:55.668569,72.0
2026-04-23 06:15:56.269215,70.0
2026-04-23 06:15:56.869437,70.0
2026-04-23 06:15:57.469272,69.0
2026-04-23 06:15:58.070574,70.0
2026-04-23 06:15:58.669015,71.0
2026-04-23 06:15:59.368651,72.0
2026-04-23 06:15:59.969303,73.0
2026-04-23 06:16:00.571189,77.0
2026-04-23 06:16:01.169344,79.0
2026-04-23 06:16:01.768789,80.0
2026-04-23 06:16:02.468801,81.0
2026-04-23 06:16:03.068582,82.0
2026-04-23 06:16:03.670274,84.0
2026-04-23 06:16:04.268558,86.0
2026-04-23 06:16:04.868492,87.0
2026-04-23 06:16:05.568807,86.0
2026-04-23 06:16:06.169124,84.0
2026-04-23 06:16:06.768741,83.0
2026-04-23 06:16:07.368792,82.0
2026-04-23 06:16:07.968727,81.0
2026-04-23 06:16:08.568693,80.0
2026-04-23 06:16:09.268707,78.0
2026-04-23 06:16:09.868758,78.0
2026-04-23 06:16:10.468778,80.0
2026-04-23 06:16:11.068617,81.0
2026-04-23 06:16:11.669552,84.0
2026-04-23 06:16:12.268550,85.0
2026-04-23 06:16:12.869054,87.0
2026-04-23 06:16:13.469178,89.0
2026-04-23 06:16:14.169050,91.0
2026-04-23 06:16:14.768909,92.0
2026-04-23 06:16:15.369942,94.0
2026-04-23 06:16:15.968684,96.0
2026-04-23 06:16:16.569685,98.0
2026-04-23 06:16:17.170506,101.0
2026-04-23 06:16:17.769897,99.0
2026-04-23 06:16:18.371415,96.0
2026-04-23 06:16:18.970003,94.0
2026-04-23 06:16:19.570897,90.0
2026-04-23 06:16:20.171601,89.0
2026-04-23 06:16:20.768708,90.0
2026-04-23 06:16:21.368758,90.0
2026-04-23 06:16:21.971040,89.0
2026-04-23 06:16:22.569514,89.0
2026-04-23 06:16:23.168811,88.0
2026-04-23 06:16:23.768623,87.0
2026-04-23 06:16:24.368713,88.0
2026-04-23 06:16:24.968683,88.0
2026-04-23 06:16:25.668781,88.0
2026-04-23 06:16:26.268675,86.0
2026-04-23 06:16:26.869197,85.0
2026-04-23 06:16:27.468603,83.0
2026-04-23 06:16:28.068532,81.0
2026-04-23 06:16:28.668528,79.0
2026-04-23 06:16:29.170284,78.4
2026-04-23 06:16:29.271380,77.8
2026-04-23 06:16:29.368730,77.2
2026-04-23 06:16:29.570735,76.6
2026-04-23 06:16:29.769244,76.0
2026-04-23 06:16:30.368848,75.0
2026-04-23 06:16:30.968781,73.0
2026-04-23 06:16:31.668825,75.0
2026-04-23 06:16:32.268950,78.0
2026-04-23 06:16:32.870165,78.0
2026-04-23 06:16:33.468871,77.0
2026-04-23 06:16:34.069139,78.0
2026-04-23 06:16:34.770395,79.0
2026-04-23 06:16:35.368758,81.0
2026-04-23 06:16:35.971010,81.0
2026-04-23 06:16:36.569640,84.0
2026-04-23 06:16:37.171026,86.0
2026-04-23 06:16:37.868994,90.0
2026-04-23 06:16:38.468941,93.0
2026-04-23 06:16:39.169004,93.0
2026-04-23 06:16:39.769801,96.0
2026-04-23 06:16:40.368781,96.0
2026-04-23 06:16:40.968927,95.0
2026-04-23 06:16:41.668983,96.0
2026-04-23 06:16:42.268848,95.0
2026-04-23 06:16:42.868512,95.0
2026-04-23 06:16:43.469502,93.0
2026-04-23 06:16:44.068593,92.0
2026-04-23 06:16:44.668882,93.0
2026-04-23 06:16:45.268659,94.0
2026-04-23 06:16:45.968478,95.0
2026-04-23 06:16:46.568619,97.0
2026-04-23 06:16:47.168684,97.0
2026-04-23 06:16:47.768786,98.0
2026-04-23 06:16:48.368587,98.0
2026-04-23 06:16:49.068690,99.0
2026-04-23 06:16:49.668760,100.0
2026-04-23 06:16:50.268741,99.0
2026-04-23 06:16:50.868613,98.0
2026-04-23 06:16:51.468811,99.0
2026-04-23 06:16:52.068707,101.0
2026-04-23 06:16:52.769098,101.0
2026-04-23 06:16:53.368915,101.0
2026-04-23 06:16:53.969576,100.0
2026-04-23 06:16:54.569288,98.0
2026-04-23 06:16:55.168688,97.0
2026-04-23 06:16:55.768711,99.0
2026-04-23 06:16:56.469470,101.0
2026-04-23 06:16:57.070760,103.0
2026-04-23 06:16:57.668586,104.0
2026-04-23 06:16:58.269359,106.0
2026-04-23 06:16:58.869865,107.0
2026-04-23 06:16:59.469036,108.0
2026-04-23 06:17:00.070816,109.0
2026-04-23 06:17:00.670559,110.0
2026-04-23 06:17:01.269686,111.0
2026-04-23 06:17:01.868601,112.0
2026-04-23 06:17:02.468546,113.0
2026-04-23 06:17:03.068828,114.0
2026-04-23 06:17:03.668800,115.0
2026-04-23 06:17:04.268884,116.0
2026-04-23 06:17:04.868836,117.0
2026-04-23 06:17:05.468745,116.0
2026-04-23 06:17:06.068532,114.0
2026-04-23 06:17:06.668869,112.0
2026-04-23 06:17:07.268548,110.0
2026-04-23 06:17:07.868931,109.0
2026-04-23 06:17:08.469234,106.0
2026-04-23 06:17:09.068772,106.0
2026-04-23 06:17:09.668758,107.0
2026-04-23 06:17:10.268534,109.0
2026-04-23 06:17:10.868577,108.0
2026-04-23 06:17:11.468601,110.0
2026-04-23 06:17:12.068784,111.0
2026-04-23 06:17:12.668682,111.0
2026-04-23 06:17:13.368587,111.0
2026-04-23 06:17:13.968605,107.0
2026-04-23 06:17:14.568573,104.0
2026-04-23 06:17:15.168828,100.0
2026-04-23 06:17:15.769663,96.0
2026-04-23 06:17:16.468910,92.0
2026-04-23 06:17:17.068677,88.0
2026-04-23 06:17:17.668545,86.0
2026-04-23 06:17:18.268707,83.0
2026-04-23 06:17:18.869222,80.0
2026-04-23 06:17:19.569440,77.0
2026-04-23 06:17:20.268705,76.0
2026-04-23 06:17:20.869514,74.0
2026-04-23 06:17:21.471242,72.0
2026-04-23 06:17:22.068581,72.0
2026-04-23 06:17:22.668899,72.0
2026-04-23 06:17:23.268911,70.0
2026-04-23 06:17:23.969387,71.0
2026-04-23 06:17:24.568641,73.0
2026-04-23 06:17:25.168913,77.0
2026-04-23 06:17:25.768691,81.0
2026-04-23 06:17:26.369117,84.0
2026-04-23 06:17:26.968970,88.0
2026-04-23 06:17:27.668661,91.0
2026-04-23 06:17:28.268963,92.0
2026-04-23 06:17:28.868660,92.0
2026-04-23 06:17:29.468535,93.0
2026-04-23 06:17:30.068791,94.0
2026-04-23 06:17:30.768691,95.0
2026-04-23 06:17:31.368756,95.0
2026-04-23 06:17:31.968725,94.0
2026-04-23 06:17:32.568624,91.0
2026-04-23 06:17:33.168715,91.0
2026-04-23 06:17:33.769285,89.0
2026-04-23 06:17:34.468555,88.0
2026-04-23 06:17:35.069096,87.0
2026-04-23 06:17:35.668958,88.0
2026-04-23 06:17:36.269178,90.0
2026-04-23 06:17:36.869241,92.0
2026-04-23 06:17:37.469704,93.0
2026-04-23 06:17:38.169624,94.0
2026-04-23 06:17:38.770545,95.0
2026-04-23 06:17:39.369645,95.0
2026-04-23 06:17:39.968628,96.0
2026-04-23 06:17:40.568893,97.0
2026-04-23 06:17:41.169792,100.0
2026-04-23 06:17:41.768669,102.0
2026-04-23 06:17:42.368648,104.0
2026-04-23 06:17:42.971220,105.0
2026-04-23 06:17:43.568621,105.0
2026-04-23 06:17:44.268724,102.0
2026-04-23 06:17:44.868952,100.0
2026-04-23 06:17:45.468545,98.0
2026-04-23 06:17:46.068587,95.0
2026-04-23 06:17:46.668553,92.0
2026-04-23 06:17:47.268639,90.0
2026-04-23 06:17:47.868545,90.0
2026-04-23 06:17:48.468513,89.0
2026-04-23 06:17:49.068764,88.0
2026-04-23 06:17:49.668732,87.0
2026-04-23 06:17:50.268728,86.0
2026-04-23 06:17:50.868740,86.0
2026-04-23 06:17:51.468623,85.0
2026-04-23 06:17:52.069396,83.0
2026-04-23 06:17:52.668525,82.0
2026-04-23 06:17:53.268903,81.0
2026-04-23 06:17:53.868567,79.0
2026-04-23 06:17:54.468543,78.0
2026-04-23 06:17:55.068648,78.0
2026-04-23 06:17:55.668889,76.0
2026-04-23 06:17:56.269158,75.0
2026-04-23 06:17:56.869640,73.0
2026-04-23 06:17:57.469164,72.0
2026-04-23 06:17:58.070055,71.0
2026-04-23 06:17:58.669090,70.0
2026-04-23 06:17:59.370276,69.0
2026-04-23 06:17:59.868822,69.0
2026-04-23 06:17:59.969520,69.0
2026-04-23 06:18:00.068622,69.0
2026-04-23 06:18:00.268682,69.0
2026-04-23 06:18:00.370830,69.0
2026-04-23 06:18:00.468635,69.0
2026-04-23 06:18:00.570847,69.0
2026-04-23 06:18:00.670989,69.0
2026-04-23 06:18:00.769894,69.0
2026-04-23 06:18:00.970243,69.0
2026-04-23 06:18:01.071331,
2026-04-23 06:18:01.169604,
2026-04-23 06:18:01.269462,
2026-04-23 06:18:01.369343,
2026-04-23 06:18:01.469123,
2026-04-23 06:18:01.671859,
2026-04-23 06:18:01.770281,
2026-04-23 06:18:01.868830,
2026-04-23 06:18:01.968590,
2026-04-23 06:18:02.070894,
2026-04-23 06:18:02.171433,
2026-04-23 06:18:02.371697,
2026-04-23 06:18:02.468846,
2026-04-23 06:18:02.568623,
2026-04-23 06:18:02.668970,
2026-04-23 06:18:02.769027,
2026-04-23 06:18:02.871861,
2026-04-23 06:18:03.070047,
2026-04-23 06:18:03.169944,
2026-04-23 06:18:03.268749,
2026-04-23 06:18:03.369106,
2026-04-23 06:18:03.469210,
2026-04-23 06:18:03.568545,
2026-04-23 06:18:03.668618,
2026-04-23 06:18:03.868536,
2026-04-23 06:18:03.969290,
2026-04-23 06:18:04.068759,
2026-04-23 06:18:04.168863,
2026-04-23 06:18:04.268585,
2026-04-23 06:18:04.368836,
2026-04-23 06:18:04.568596,
2026-04-23 06:18:04.671887,
2026-04-23 06:18:04.768752,
2026-04-23 06:18:04.868778,
2026-04-23 06:18:04.968750,
2026-04-23 06:18:05.068638,
2026-04-23 06:18:05.268570,
2026-04-23 06:18:05.368586,
2026-04-23 06:18:05.468697,
2026-04-23 06:18:05.568594,
2026-04-23 06:18:05.669806,
2026-04-23 06:18:05.768764,
2026-04-23 06:18:05.968846,
2026-04-23 06:18:06.068914,
2026-04-23 06:18:06.169589,
2026-04-23 06:18:06.270356,
2026-04-23 06:18:06.369435,
2026-04-23 06:18:06.469893,
2026-04-23 06:18:06.668547,
2026-04-23 06:18:06.769405,
2026-04-23 06:18:06.868602,
2026-04-23 06:18:06.969170,
2026-04-23 06:18:07.068604,
2026-04-23 06:18:07.168754,
2026-04-23 06:18:07.368750,
2026-04-23 06:18:07.468864,
2026-04-23 06:18:07.568720,
2026-04-23 06:18:07.671216,
2026-04-23 06:18:07.769260,
2026-04-23 06:18:07.868520,
2026-04-23 06:18:07.969873,
2026-04-23 06:18:08.168684,
2026-04-23 06:18:08.268620,
2026-04-23 06:18:08.368759,
2026-04-23 06:18:08.468538,
2026-04-23 06:18:08.569701,
2026-04-23 06:18:08.669170,
2026-04-23 06:18:08.869913,
2026-04-23 06:18:08.968583,
2026-04-23 06:18:09.068678,
2026-04-23 06:18:09.168739,
2026-04-23 06:18:09.268893,
2026-04-23 06:18:09.368716,
2026-04-23 06:18:09.568529,
2026-04-23 06:18:09.668633,
2026-04-23 06:18:09.768574,
2026-04-23 06:18:09.873350,
2026-04-23 06:18:09.968582,
2026-04-23 06:18:10.068679,
2026-04-23 06:18:10.268700,
2026-04-23 06:18:10.368733,
2026-04-23 06:18:10.468801,
2026-04-23 06:18:10.568628,
2026-04-23 06:18:10.669377,
2026-04-23 06:18:10.768513,
2026-04-23 06:18:10.968803,
2026-04-23 06:18:11.071462,
2026-04-23 06:18:11.168862,
2026-04-23 06:18:11.268638,
2026-04-23 06:18:11.368849,
2026-04-23 06:18:11.469884,
2026-04-23 06:18:11.668685,
2026-04-23 06:18:11.769468,
2026-04-23 06:18:11.870513,
2026-04-23 06:18:11.969238,
2026-04-23 06:18:12.068897,
2026-04-23 06:18:12.168940,
2026-04-23 06:18:12.369385,
2026-04-23 06:18:12.469033,
2026-04-23 06:18:12.568717,
2026-04-23 06:18:12.668543,
2026-04-23 06:18:12.768681,
2026-04-23 06:18:12.868593,
2026-04-23 06:18:12.968789,
2026-04-23 06:18:13.168564,
2026-04-23 06:18:13.268559,
2026-04-23 06:18:13.369184,
2026-04-23 06:18:13.468560,
2026-04-23 06:18:13.568748,
2026-04-23 06:18:13.668551,
2026-04-23 06:18:13.868682,
2026-04-23 06:18:13.968767,
2026-04-23 06:18:14.068825,
2026-04-23 06:18:14.169032,
2026-04-23 06:18:14.269910,
2026-04-23 06:18:14.368793,
2026-04-23 06:18:14.568535,
2026-04-23 06:18:14.668841,
2026-04-23 06:18:14.769063,
2026-04-23 06:18:14.869380,
2026-04-23 06:18:14.969358,
2026-04-23 06:18:15.069764,
2026-04-23 06:18:15.269846,
2026-04-23 06:18:15.369867,
2026-04-23 06:18:15.468504,
2026-04-23 06:18:15.569178,
2026-04-23 06:18:15.668578,
2026-04-23 06:18:15.768631,
2026-04-23 06:18:15.968606,
2026-04-23 06:18:16.068528,
2026-04-23 06:18:16.168802,
2026-04-23 06:18:16.268741,
2026-04-23 06:18:16.369069,
2026-04-23 06:18:16.469859,
2026-04-23 06:18:16.668672,
2026-04-23 06:18:16.768733,
2026-04-23 06:18:16.868759,
2026-04-23 06:18:16.968590,
2026-04-23 06:18:17.068593,
2026-04-23 06:18:17.169045,
2026-04-23 06:18:17.368616,
2026-04-23 06:18:17.468787,
2026-04-23 06:18:17.568779,
2026-04-23 06:18:17.668582,
2026-04-23 06:18:17.768752,
2026-04-23 06:18:17.869315,
2026-04-23 06:18:17.968652,
2026-04-23 06:18:18.169719,
2026-04-23 06:18:18.268677,
2026-04-23 06:18:18.369025,
2026-04-23 06:18:18.471605,
2026-04-23 06:18:18.568859,
2026-04-23 06:18:18.669813,
2026-04-23 06:18:18.868753,
2026-04-23 06:18:18.968815,
2026-04-23 06:18:19.069121,
2026-04-23 06:18:19.168991,
2026-04-23 06:18:19.268777,
2026-04-23 06:18:19.368623,
2026-04-23 06:18:19.568636,
2026-04-23 06:18:19.668957,
2026-04-23 06:18:19.770662,
2026-04-23 06:18:19.868861,
2026-04-23 06:18:19.969464,
2026-04-23 06:18:20.070073,
2026-04-23 06:18:20.269579,
2026-04-23 06:18:20.368902,
2026-04-23 06:18:20.468600,
2026-04-23 06:18:20.568591,
2026-04-23 06:18:20.668691,
2026-04-23 06:18:20.768886,
2026-04-23 06:18:20.968590,
2026-04-23 06:18:21.069183,
2026-04-23 06:18:21.168737,
2026-04-23 06:18:21.269211,
2026-04-23 06:18:21.369264,
2026-04-23 06:18:21.468652,
2026-04-23 06:18:21.570208,
2026-04-23 06:18:21.769249,
2026-04-23 06:18:21.868609,
2026-04-23 06:18:21.969234,
2026-04-23 06:18:22.070010,
2026-04-23 06:18:22.170751,
2026-04-23 06:18:22.271333,
2026-04-23 06:18:22.468765,
2026-04-23 06:18:22.569015,
2026-04-23 06:18:22.669947,
2026-04-23 06:18:22.769427,
2026-04-23 06:18:22.869010,
2026-04-23 06:18:22.969130,
2026-04-23 06:18:23.168584,
2026-04-23 06:18:23.269577,
2026-04-23 06:18:23.369941,
2026-04-23 06:18:23.468984,
2026-04-23 06:18:23.568828,
2026-04-23 06:18:23.668626,
2026-04-23 06:18:23.868510,
2026-04-23 06:18:23.969949,
2026-04-23 06:18:24.068807,
2026-04-23 06:18:24.170326,
2026-04-23 06:18:24.270044,
2026-04-23 06:18:24.368795,
2026-04-23 06:18:24.568820,
2026-04-23 06:18:24.668775,
2026-04-23 06:18:24.768686,
2026-04-23 06:18:24.868885,
2026-04-23 06:18:24.968760,
2026-04-23 06:18:25.068633,
2026-04-23 06:18:25.268640,
2026-04-23 06:18:25.368693,
2026-04-23 06:18:25.468718,
2026-04-23 06:18:25.568814,
2026-04-23 06:18:25.668688,
2026-04-23 06:18:25.768798,
2026-04-23 06:18:25.968817,
2026-04-23 06:18:26.068707,
2026-04-23 06:18:26.168700,
2026-04-23 06:18:26.270355,
2026-04-23 06:18:26.368752,
2026-04-23 06:18:26.468704,
2026-04-23 06:18:26.668694,
2026-04-23 06:18:26.768801,
2026-04-23 06:18:26.868577,
2026-04-23 06:18:26.968618,
2026-04-23 06:18:27.068750,
2026-04-23 06:18:27.168850,
2026-04-23 06:18:27.368660,
2026-04-23 06:18:27.468611,
2026-04-23 06:18:27.568702,
2026-04-23 06:18:27.669129,
2026-04-23 06:18:27.768972,
2026-04-23 06:18:27.868527,
2026-04-23 06:18:27.969422,
2026-04-23 06:18:28.168729,
2026-04-23 06:18:28.268477,
2026-04-23 06:18:28.368610,
2026-04-23 06:18:28.468831,
2026-04-23 06:18:28.568570,
2026-04-23 06:18:28.671263,
2026-04-23 06:18:28.869043,
2026-04-23 06:18:28.968618,
2026-04-23 06:18:29.068708,
2026-04-23 06:18:29.168779,
2026-04-23 06:18:29.269819,
2026-04-23 06:18:29.369708,
2026-04-23 06:18:29.568766,
2026-04-23 06:18:29.668981,
2026-04-23 06:18:29.768577,
2026-04-23 06:18:29.869270,
2026-04-23 06:18:29.968621,
2026-04-23 06:18:30.068678,
2026-04-23 06:18:30.268591,
2026-04-23 06:18:30.368573,
2026-04-23 06:18:30.468638,
2026-04-23 06:18:30.568616,
2026-04-23 06:18:30.668532,
2026-04-23 06:18:30.768533,
2026-04-23 06:18:30.968524,
2026-04-23 06:18:31.068590,
2026-04-23 06:18:31.168583,
2026-04-23 06:18:31.268756,
2026-04-23 06:18:31.368567,
2026-04-23 06:18:31.468582,
2026-04-23 06:18:31.668536,
2026-04-23 06:18:31.768710,
2026-04-23 06:18:31.868624,
2026-04-23 06:18:31.968606,
2026-04-23 06:18:32.068917,
2026-04-23 06:18:32.168611,
2026-04-23 06:18:32.368812,
2026-04-23 06:18:32.468541,
2026-04-23 06:18:32.568680,
2026-04-23 06:18:32.668738,
2026-04-23 06:18:32.769280,
2026-04-23 06:18:32.868662,
2026-04-23 06:18:33.068628,
2026-04-23 06:18:33.168623,
2026-04-23 06:18:33.268689,
2026-04-23 06:18:33.369121,
2026-04-23 06:18:33.469043,
2026-04-23 06:18:33.568584,
2026-04-23 06:18:33.668711,
2026-04-23 06:18:33.868611,
2026-04-23 06:18:33.968629,
2026-04-23 06:18:34.068688,
2026-04-23 06:18:34.169137,
2026-04-23 06:18:34.269641,
2026-04-23 06:18:34.370015,
2026-04-23 06:18:34.568817,
2026-04-23 06:18:34.668760,
2026-04-23 06:18:34.769040,
2026-04-23 06:18:34.868900,
2026-04-23 06:18:34.968979,
2026-04-23 06:18:35.068760,
2026-04-23 06:18:35.268589,
2026-04-23 06:18:35.369087,
2026-04-23 06:18:35.468792,
2026-04-23 06:18:35.568634,
2026-04-23 06:18:35.669513,
2026-04-23 06:18:35.770916,
2026-04-23 06:18:35.969377,
2026-04-23 06:18:36.068773,
2026-04-23 06:18:36.168714,
2026-04-23 06:18:36.268962,
2026-04-23 06:18:36.369617,
2026-04-23 06:18:36.469234,
2026-04-23 06:18:36.669520,
2026-04-23 06:18:36.768864,
2026-04-23 06:18:36.869091,
2026-04-23 06:18:36.972796,
2026-04-23 06:18:37.068713,
2026-04-23 06:18:37.169475,
2026-04-23 06:18:37.370253,
2026-04-23 06:18:37.469381,
2026-04-23 06:18:37.569026,
2026-04-23 06:18:37.668804,
2026-04-23 06:18:37.769297,
2026-04-23 06:18:37.869261,
2026-04-23 06:18:38.069116,
2026-04-23 06:18:38.168501,
2026-04-23 06:18:38.271633,
2026-04-23 06:18:38.369397,
2026-04-23 06:18:38.469590,
2026-04-23 06:18:38.569107,
2026-04-23 06:18:38.669245,
2026-04-23 06:18:38.870115,
2026-04-23 06:18:38.968697,
2026-04-23 06:18:39.069244,
2026-04-23 06:18:39.171530,
2026-04-23 06:18:39.270844,
2026-04-23 06:18:39.468652,
2026-04-23 06:18:39.668534,
2026-04-23 06:18:39.768799,
2026-04-23 06:18:39.870420,
2026-04-23 06:18:39.969801,
2026-04-23 06:18:40.068807,69.0
2026-04-23 06:18:40.168692,69.0
2026-04-23 06:18:40.370020,69.0
2026-04-23 06:18:40.469173,69.0
2026-04-23 06:18:40.569394,69.0
2026-04-23 06:18:40.668591,69.0
2026-04-23 06:18:40.770350,69.0
2026-04-23 06:18:40.868640,69.0
2026-04-23 06:18:40.971172,69.0
2026-04-23 06:18:41.170481,69.0
2026-04-23 06:18:41.968755,69.0
2026-04-23 06:18:42.668576,69.0
2026-04-23 06:18:43.268699,69.0
2026-04-23 06:18:43.868666,70.0
2026-04-23 06:18:44.469751,71.0
2026-04-23 06:18:45.069215,74.0
2026-04-23 06:18:45.768605,79.0
2026-04-23 06:18:46.369897,83.0
2026-04-23 06:18:46.969105,88.0
2026-04-23 06:18:47.568831,91.0
2026-04-23 06:18:48.168757,92.0
2026-04-23 06:18:48.868545,94.0
2026-04-23 06:18:49.468566,97.0
2026-04-23 06:18:50.068591,101.0
2026-04-23 06:18:50.668568,103.0
2026-04-23 06:18:51.268977,106.0
2026-04-23 06:18:51.868552,108.0
2026-04-23 06:18:52.568674,109.0
2026-04-23 06:18:53.168616,111.0
2026-04-23 06:18:53.768560,111.0
2026-04-23 06:18:54.368609,111.0
2026-04-23 06:18:54.968714,111.0
2026-04-23 06:18:55.572244,110.0
2026-04-23 06:18:56.268734,108.0
2026-04-23 06:18:56.868861,108.0
2026-04-23 06:18:57.469131,107.0
2026-04-23 06:18:58.069587,106.0
2026-04-23 06:18:58.668578,104.0
2026-04-23 06:18:59.370263,103.0
2026-04-23 06:18:59.969105,103.0
2026-04-23 06:19:00.569478,102.0
2026-04-23 06:19:01.168575,101.0
2026-04-23 06:19:01.768481,100.0
2026-04-23 06:19:02.368564,100.16666666666667
2026-04-23 06:19:03.068742,100.33333333333333
2026-04-23 06:19:03.668715,100.5
2026-04-23 06:19:04.268718,100.66666666666667
2026-04-23 06:19:04.868543,100.83333333333333
2026-04-23 06:19:05.469594,101.0
2026-04-23 06:19:06.068602,100.0
2026-04-23 06:19:06.668633,100.0
2026-04-23 06:19:07.368651,99.0
2026-04-23 06:19:07.970158,100.0
2026-04-23 06:19:08.569659,99.0
2026-04-23 06:19:09.168646,99.0
2026-04-23 06:19:09.768620,96.0
2026-04-23 06:19:10.368841,95.0
2026-04-23 06:19:10.969881,93.0
2026-04-23 06:19:11.568592,93.0
2026-04-23 06:19:12.268815,94.0
2026-04-23 06:19:12.868534,93.0
2026-04-23 06:19:13.468793,90.0
2026-04-23 06:19:14.070042,88.0
2026-04-23 06:19:14.668607,85.0
2026-04-23 06:19:15.272379,82.0
2026-04-23 06:19:15.869718,79.0
2026-04-23 06:19:16.469511,77.0
2026-04-23 06:19:17.072010,75.0
2026-04-23 06:19:17.670941,74.0
2026-04-23 06:19:18.268804,72.0
2026-04-23 06:19:18.869871,70.0
2026-04-23 06:19:19.569068,68.0
2026-04-23 06:19:20.168609,66.0
2026-04-23 06:19:20.768778,64.0
2026-04-23 06:19:21.368529,63.0
2026-04-23 06:19:21.969076,64.0
2026-04-23 06:19:22.268718,64.03846153846153
2026-04-23 06:19:22.468557,64.07692307692308
2026-04-23 06:19:22.568732,64.11538461538461
2026-04-23 06:19:22.668628,64.15384615384616
2026-04-23 06:19:22.770527,64.1923076923077
2026-04-23 06:19:23.869629,64.23076923076923
2026-04-23 06:19:23.968873,64.26923076923077
2026-04-23 06:19:24.068618,64.3076923076923
2026-04-23 06:19:24.168613,64.34615384615384
2026-04-23 06:19:24.368652,64.38461538461539
2026-04-23 06:19:24.468894,
2026-04-23 06:19:24.568671,
2026-04-23 06:19:24.668799,
2026-04-23 06:19:24.768963,
2026-04-23 06:19:24.869043,
2026-04-23 06:19:25.069655,64.61538461538461
2026-04-23 06:19:25.168679,64.65384615384616
2026-04-23 06:19:25.268809,64.6923076923077
2026-04-23 06:19:25.368627,64.73076923076923
2026-04-23 06:19:25.469095,64.76923076923077
2026-04-23 06:19:25.570483,64.8076923076923
2026-04-23 06:19:25.768755,64.84615384615384
2026-04-23 06:19:25.868755,64.88461538461539
2026-04-23 06:19:25.968583,64.92307692307692
2026-04-23 06:19:26.068619,64.96153846153847
2026-04-23 06:19:26.469250,65.0
2026-04-23 06:19:27.070297,68.0
2026-04-23 06:19:27.668785,72.0
2026-04-23 06:19:28.268788,75.0
2026-04-23 06:19:28.868915,78.0
2026-04-23 06:19:29.570542,81.0
2026-04-23 06:19:30.168609,83.0
2026-04-23 06:19:30.768556,84.0
2026-04-23 06:19:31.168661,84.02173913043478
2026-04-23 06:19:31.268716,84.04347826086956
2026-04-23 06:19:31.368692,84.06521739130434
2026-04-23 06:19:31.468588,84.08695652173913
2026-04-23 06:19:31.568681,84.1086956521739
2026-04-23 06:19:31.668613,84.1304347826087
2026-04-23 06:19:31.768550,84.15217391304348
2026-04-23 06:19:31.969816,84.17391304347827
2026-04-23 06:19:32.069730,84.19565217391305
2026-04-23 06:19:32.168823,84.21739130434783
2026-04-23 06:19:32.268595,
2026-04-23 06:19:32.368787,
2026-04-23 06:19:32.468593,
2026-04-23 06:19:32.668680,
2026-04-23 06:19:32.768566,
2026-04-23 06:19:32.868561,
2026-04-23 06:19:32.968728,
2026-04-23 06:19:33.068623,
2026-04-23 06:19:33.168669,
2026-04-23 06:19:33.369389,
2026-04-23 06:19:33.470205,
2026-04-23 06:19:33.570001,
2026-04-23 06:19:33.669177,
2026-04-23 06:19:33.768712,
2026-04-23 06:19:33.868787,
2026-04-23 06:19:34.069003,
2026-04-23 06:19:34.169010,
2026-04-23 06:19:34.269672,
2026-04-23 06:19:34.368790,
2026-04-23 06:19:34.468697,
2026-04-23 06:19:34.568626,
2026-04-23 06:19:34.768658,
2026-04-23 06:19:34.868580,
2026-04-23 06:19:34.968865,
2026-04-23 06:19:35.068717,
2026-04-23 06:19:35.168745,
2026-04-23 06:19:35.268818,
2026-04-23 06:19:35.468620,
2026-04-23 06:19:35.568580,
2026-04-23 06:19:35.669482,
2026-04-23 06:19:35.768680,
2026-04-23 06:19:35.869781,
2026-04-23 06:19:35.968727,
2026-04-23 06:19:36.070005,
2026-04-23 06:19:36.269136,
2026-04-23 06:19:36.368670,
2026-04-23 06:19:36.469186,
2026-04-23 06:19:36.568653,
2026-04-23 06:19:36.670972,
2026-04-23 06:19:36.769438,
2026-04-23 06:19:36.970003,
2026-04-23 06:19:37.069100,
2026-04-23 06:19:37.168955,
2026-04-23 06:19:37.271508,
2026-04-23 06:19:37.370199,
2026-04-23 06:19:37.469518,
2026-04-23 06:19:37.669044,
2026-04-23 06:19:37.768698,
2026-04-23 06:19:37.869449,
2026-04-23 06:19:37.969527,
2026-04-23 06:19:38.071683,
2026-04-23 06:19:38.171748,
2026-04-23 06:19:38.368779,
2026-04-23 06:19:38.468644,
2026-04-23 06:19:38.569055,
2026-04-23 06:19:38.671101,
2026-04-23 06:19:38.770363,
2026-04-23 06:19:38.870394,
2026-04-23 06:19:39.068656,
2026-04-23 06:19:39.169502,
2026-04-23 06:19:39.269159,
2026-04-23 06:19:39.369731,
2026-04-23 06:19:39.468764,
2026-04-23 06:19:39.570121,
2026-04-23 06:19:39.769892,
2026-04-23 06:19:39.869105,
2026-04-23 06:19:39.970307,
2026-04-23 06:19:40.070271,
2026-04-23 06:19:40.171431,
2026-04-23 06:19:40.271116,
2026-04-23 06:19:40.468614,
2026-04-23 06:19:40.571126,85.78260869565217
2026-04-23 06:19:40.668798,85.80434782608695
2026-04-23 06:19:40.768838,85.82608695652173
2026-04-23 06:19:40.869612,85.84782608695652
2026-04-23 06:19:40.971651,85.8695652173913
2026-04-23 06:19:41.169068,85.8913043478261
2026-04-23 06:19:41.268824,85.91304347826087
2026-04-23 06:19:41.370382,85.93478260869566
2026-04-23 06:19:41.469474,85.95652173913044
2026-04-23 06:19:41.569023,85.97826086956522
2026-04-23 06:19:41.968648,86.0
2026-04-23 06:19:42.568595,89.0
2026-04-23 06:19:43.168683,89.0
2026-04-23 06:19:43.768513,90.0
2026-04-23 06:19:44.468654,89.0
2026-04-23 06:19:45.068679,89.0
2026-04-23 06:19:45.668555,88.0
2026-04-23 06:19:46.268809,88.0
2026-04-23 06:19:46.868595,88.0
2026-04-23 06:19:47.468646,87.0
2026-04-23 06:19:48.168974,87.0
2026-04-23 06:19:48.768835,88.0
2026-04-23 06:19:49.368555,89.0
2026-04-23 06:19:49.968663,90.0
2026-04-23 06:19:50.568758,92.0
2026-04-23 06:19:51.168727,94.0
2026-04-23 06:19:51.868522,94.0
2026-04-23 06:19:52.468632,95.0
2026-04-23 06:19:53.070927,95.0
2026-04-23 06:19:53.668590,95.0
2026-04-23 06:19:54.268545,96.0
2026-04-23 06:19:54.868777,98.0
2026-04-23 06:19:55.469120,101.0
2026-04-23 06:19:56.068745,103.0
2026-04-23 06:19:56.668653,102.0
2026-04-23 06:19:57.269864,100.0
2026-04-23 06:19:57.868567,97.0
2026-04-23 06:19:58.469453,95.0
2026-04-23 06:19:59.068843,93.0
2026-04-23 06:19:59.772285,93.0
2026-04-23 06:20:00.368626,91.0
2026-04-23 06:20:00.968604,90.0
2026-04-23 06:20:01.668684,88.0
2026-04-23 06:20:02.268597,86.0
2026-04-23 06:20:02.868621,86.0
2026-04-23 06:20:03.468735,87.0
2026-04-23 06:20:04.068664,88.0
2026-04-23 06:20:04.668793,90.0
2026-04-23 06:20:05.268693,91.0
2026-04-23 06:20:05.868602,90.0
2026-04-23 06:20:06.468674,91.0
2026-04-23 06:20:07.068589,91.0
2026-04-23 06:20:07.669632,91.0
2026-04-23 06:20:08.268595,91.0
2026-04-23 06:20:08.868632,90.0
2026-04-23 06:20:09.468786,91.0
2026-04-23 06:20:10.068806,91.0
2026-04-23 06:20:10.669229,91.0
2026-04-23 06:20:11.269263,91.0
2026-04-23 06:20:11.868661,91.0
2026-04-23 06:20:12.568924,92.0
2026-04-23 06:20:13.168599,91.0
2026-04-23 06:20:13.769121,88.0
2026-04-23 06:20:14.368668,86.0
2026-04-23 06:20:14.968899,85.0
2026-04-23 06:20:15.569474,85.0
2026-04-23 06:20:16.168652,88.0
2026-04-23 06:20:16.769038,90.0
2026-04-23 06:20:17.369382,92.0
2026-04-23 06:20:17.969789,94.0
2026-04-23 06:20:18.568533,95.0
2026-04-23 06:20:19.168772,97.0
2026-04-23 06:20:19.770108,99.0
2026-04-23 06:20:20.368659,100.0
2026-04-23 06:20:21.069520,99.0
2026-04-23 06:20:21.668600,98.0
2026-04-23 06:20:22.268793,95.0
2026-04-23 06:20:22.868787,93.0
2026-04-23 06:20:23.469002,90.0
2026-04-23 06:20:24.068901,87.0
2026-04-23 06:20:24.768619,87.0
2026-04-23 06:20:25.368583,87.0
2026-04-23 06:20:25.968775,86.0
2026-04-23 06:20:26.568802,87.0
2026-04-23 06:20:27.168619,88.0
2026-04-23 06:20:27.768672,89.0
2026-04-23 06:20:28.468703,90.0
2026-04-23 06:20:29.068934,90.0
2026-04-23 06:20:29.669691,91.0
2026-04-23 06:20:30.270266,90.0
2026-04-23 06:20:30.868598,91.0
2026-04-23 06:20:31.469363,92.0
2026-04-23 06:20:32.068814,93.0
2026-04-23 06:20:32.668756,93.0
2026-04-23 06:20:33.268744,91.0
2026-04-23 06:20:33.868601,90.0
2026-04-23 06:20:34.468841,90.0
2026-04-23 06:20:35.068815,88.0
2026-04-23 06:20:35.668830,87.0
2026-04-23 06:20:36.269153,86.0
2026-04-23 06:20:36.868818,84.0
2026-04-23 06:20:37.571216,84.0
2026-04-23 06:20:38.069135,83.0
2026-04-23 06:20:38.769704,83.0
2026-04-23 06:20:39.368856,80.0
2026-04-23 06:20:40.069063,79.0
2026-04-23 06:20:40.170520,78.97222222222223
2026-04-23 06:20:40.269453,78.94444444444444
2026-04-23 06:20:40.369746,78.91666666666667
2026-04-23 06:20:40.469872,78.88888888888889
2026-04-23 06:20:40.568947,78.86111111111111
2026-04-23 06:20:40.768559,78.83333333333333
2026-04-23 06:20:40.868686,78.80555555555556
2026-04-23 06:20:40.968675,78.77777777777777
2026-04-23 06:20:41.071637,78.75
2026-04-23 06:20:41.168641,78.72222222222223
2026-04-23 06:20:41.269459,
2026-04-23 06:20:41.470859,
2026-04-23 06:20:41.569436,
2026-04-23 06:20:41.668694,
2026-04-23 06:20:41.769274,
2026-04-23 06:20:41.869044,
2026-04-23 06:20:41.969248,
2026-04-23 06:20:42.168758,
2026-04-23 06:20:42.269126,
2026-04-23 06:20:42.368777,
2026-04-23 06:20:42.472366,
2026-04-23 06:20:42.570909,
2026-04-23 06:20:42.668723,
2026-04-23 06:20:42.869386,
2026-04-23 06:20:42.968549,
2026-04-23 06:20:43.072482,
2026-04-23 06:20:43.169860,
2026-04-23 06:20:43.269932,
2026-04-23 06:20:43.369738,
2026-04-23 06:20:43.572256,
2026-04-23 06:20:43.670011,
2026-04-23 06:20:43.769804,
2026-04-23 06:20:43.868609,
2026-04-23 06:20:43.968597,
2026-04-23 06:20:44.068730,
2026-04-23 06:20:44.168815,
2026-04-23 06:20:44.368807,
2026-04-23 06:20:44.470397,
2026-04-23 06:20:44.568869,
2026-04-23 06:20:44.669653,
2026-04-23 06:20:44.768878,
2026-04-23 06:20:44.868913,
2026-04-23 06:20:45.071092,
2026-04-23 06:20:45.168897,
2026-04-23 06:20:45.268752,
2026-04-23 06:20:45.368584,
2026-04-23 06:20:45.468719,
2026-04-23 06:20:45.569292,
2026-04-23 06:20:45.768672,
2026-04-23 06:20:45.868638,
2026-04-23 06:20:45.970154,
2026-04-23 06:20:46.068805,
2026-04-23 06:20:46.168712,
2026-04-23 06:20:46.268858,
2026-04-23 06:20:46.469781,
2026-04-23 06:20:46.568629,
2026-04-23 06:20:46.668896,
2026-04-23 06:20:46.768778,
2026-04-23 06:20:46.868949,
2026-04-23 06:20:46.968607,
2026-04-23 06:20:47.168640,
2026-04-23 06:20:47.268552,77.27777777777777
2026-04-23 06:20:47.371891,77.25
2026-04-23 06:20:47.468955,77.22222222222223
2026-04-23 06:20:47.570048,77.19444444444444
2026-04-23 06:20:47.768565,77.16666666666667
2026-04-23 06:20:47.868737,77.13888888888889
2026-04-23 06:20:47.968538,77.11111111111111
2026-04-23 06:20:48.069981,77.08333333333333
2026-04-23 06:20:48.168611,77.05555555555556
2026-04-23 06:20:48.269863,77.02777777777777
2026-04-23 06:20:48.768572,77.0
2026-04-23 06:20:49.368791,76.0
2026-04-23 06:20:50.068658,78.0
2026-04-23 06:20:50.668927,78.11428571428571
2026-04-23 06:20:50.768724,78.22857142857143
2026-04-23 06:20:50.868896,78.34285714285714
2026-04-23 06:20:50.969270,78.45714285714286
2026-04-23 06:20:51.068693,78.57142857142857
2026-04-23 06:20:51.168557,78.68571428571428
2026-04-23 06:20:51.368697,78.8
2026-04-23 06:20:51.468815,78.91428571428571
2026-04-23 06:20:51.568795,79.02857142857142
2026-04-23 06:20:51.669011,79.14285714285714
2026-04-23 06:20:51.768642,
2026-04-23 06:20:51.868637,
2026-04-23 06:20:52.068778,
2026-04-23 06:20:52.168554,
2026-04-23 06:20:52.269947,
2026-04-23 06:20:52.368689,
2026-04-23 06:20:52.468641,
2026-04-23 06:20:52.568686,
2026-04-23 06:20:52.768671,
2026-04-23 06:20:52.868611,
2026-04-23 06:20:52.968583,
2026-04-23 06:20:53.071805,
2026-04-23 06:20:53.168684,
2026-04-23 06:20:53.268629,
2026-04-23 06:20:53.469210,80.85714285714286
2026-04-23 06:20:53.568681,80.97142857142858
2026-04-23 06:20:53.668736,81.08571428571429
2026-04-23 06:20:53.768885,81.2
2026-04-23 06:20:53.868727,81.31428571428572
2026-04-23 06:20:53.968978,81.42857142857143
2026-04-23 06:20:54.068639,81.54285714285714
2026-04-23 06:20:54.268690,81.65714285714286
2026-04-23 06:20:54.368664,81.77142857142857
2026-04-23 06:20:54.468632,81.88571428571429
2026-04-23 06:20:54.570348,82.0
2026-04-23 06:20:55.169831,86.0
2026-04-23 06:20:55.869657,90.0
2026-04-23 06:20:56.471293,93.0
2026-04-23 06:20:57.068661,95.0
2026-04-23 06:20:57.668932,98.0
2026-04-23 06:20:58.269635,100.0
2026-04-23 06:20:58.869926,98.0
2026-04-23 06:20:59.468997,96.0
2026-04-23 06:21:00.068610,92.0
2026-04-23 06:21:00.668607,89.0
2026-04-23 06:21:01.268788,86.0
2026-04-23 06:21:01.969265,83.0
2026-04-23 06:21:02.568571,80.0
2026-04-23 06:21:03.170663,78.0
2026-04-23 06:21:03.768742,75.0
2026-04-23 06:21:04.369697,74.0
2026-04-23 06:21:04.968572,71.0
2026-04-23 06:21:05.668628,70.0
2026-04-23 06:21:06.268825,68.0
2026-04-23 06:21:06.868832,67.0
2026-04-23 06:21:07.468560,67.0
2026-04-23 06:21:08.068711,67.0
2026-04-23 06:21:08.668806,66.0
2026-04-23 06:21:09.268910,68.0
2026-04-23 06:21:09.868604,68.0
2026-04-23 06:21:10.470305,68.0
2026-04-23 06:21:11.068666,67.0
2026-04-23 06:21:11.669698,66.0
2026-04-23 06:21:12.268654,68.0
2026-04-23 06:21:12.868654,73.0
2026-04-23 06:21:13.468725,77.0
2026-04-23 06:21:14.068653,79.0
2026-04-23 06:21:14.368591,79.0
2026-04-23 06:21:16.268664,79.0
2026-04-23 06:21:16.868538,79.0
2026-04-23 06:21:17.468550,81.0
2026-04-23 06:21:18.068725,83.0
2026-04-23 06:21:18.669223,87.0
2026-04-23 06:21:19.269309,91.0
2026-04-23 06:21:19.868853,95.0
2026-04-23 06:21:20.469370,99.0
2026-04-23 06:21:21.070237,103.0
2026-04-23 06:21:21.869274,102.0
2026-04-23 06:21:22.469196,99.0
2026-04-23 06:21:23.068748,95.0
2026-04-23 06:21:23.668637,92.0
2026-04-23 06:21:24.269283,88.0
2026-04-23 06:21:24.868679,86.0
2026-04-23 06:21:25.468573,84.0
2026-04-23 06:21:26.069658,83.0
2026-04-23 06:21:26.768574,82.0
2026-04-23 06:21:27.368742,82.0
2026-04-23 06:21:27.968724,83.0
2026-04-23 06:21:28.568696,83.16666666666667
2026-04-23 06:21:29.168566,83.33333333333333
2026-04-23 06:21:29.768685,83.5
2026-04-23 06:21:30.368697,83.66666666666667
2026-04-23 06:21:30.968704,83.83333333333333
2026-04-23 06:21:31.568948,84.0
2026-04-23 06:21:32.168536,85.0
2026-04-23 06:21:32.768699,84.0
2026-04-23 06:21:33.370275,82.0
2026-04-23 06:21:33.971941,80.0
2026-04-23 06:21:34.568658,77.0
2026-04-23 06:21:35.169612,74.0
2026-04-23 06:21:35.769228,72.0
2026-04-23 06:21:36.368708,72.0
2026-04-23 06:21:36.970145,70.0
2026-04-23 06:21:37.568672,71.0
2026-04-23 06:21:38.170086,73.0
2026-04-23 06:21:38.768746,73.0
2026-04-23 06:21:39.470371,74.0
2026-04-23 06:21:40.069277,74.0
2026-04-23 06:21:40.669204,74.0
2026-04-23 06:21:41.268569,74.0
2026-04-23 06:21:41.868607,73.0
2026-04-23 06:21:42.468649,73.0
2026-04-23 06:21:42.571877,73.0
2026-04-23 06:21:42.668727,73.0
2026-04-23 06:21:42.768696,73.0
2026-04-23 06:21:42.869785,73.0
2026-04-23 06:21:43.071356,73.0
2026-04-23 06:21:43.170999,73.0
2026-04-23 06:21:43.270400,73.0
2026-04-23 06:21:43.368666,73.0
2026-04-23 06:21:43.468849,73.0
2026-04-23 06:21:43.569135,
2026-04-23 06:21:43.769084,
2026-04-23 06:21:43.868625,
2026-04-23 06:21:43.971268,
2026-04-23 06:21:44.068928,
2026-04-23 06:21:44.169935,
2026-04-23 06:21:44.269135,
2026-04-23 06:21:44.468549,73.0
2026-04-23 06:21:44.568670,73.0
2026-04-23 06:21:44.668715,73.0
2026-04-23 06:21:44.770401,73.0
2026-04-23 06:21:44.868656,73.0
2026-04-23 06:21:45.068688,73.0
2026-04-23 06:21:45.169851,73.0
2026-04-23 06:21:45.268701,73.0
2026-04-23 06:21:45.368658,73.0
2026-04-23 06:21:45.468875,73.0
2026-04-23 06:21:46.768560,73.0
2026-04-23 06:21:47.368542,75.0
2026-04-23 06:21:47.969740,76.0
2026-04-23 06:21:48.568648,77.0
2026-04-23 06:21:49.168790,77.0
2026-04-23 06:21:49.868581,77.0
2026-04-23 06:21:50.468673,77.0
2026-04-23 06:21:51.068968,75.0
2026-04-23 06:21:51.668700,74.0
2026-04-23 06:21:52.271779,73.0
2026-04-23 06:21:52.968684,72.0
2026-04-23 06:21:53.568525,71.0
2026-04-23 06:21:54.168569,71.0
2026-04-23 06:21:54.768842,70.0
2026-04-23 06:21:55.368977,69.0
2026-04-23 06:21:55.969264,69.0
2026-04-23 06:21:56.668663,69.0
2026-04-23 06:21:57.270931,69.0
2026-04-23 06:21:57.870556,70.0
2026-04-23 06:21:58.469933,70.0
2026-04-23 06:21:59.071167,71.0
2026-04-23 06:21:59.768559,73.0
2026-04-23 06:22:00.371255,77.0
2026-04-23 06:22:00.970899,81.0
2026-04-23 06:22:01.569522,83.0
2026-04-23 06:22:02.269078,86.0
2026-04-23 06:22:02.868724,87.0
2026-04-23 06:22:03.568659,89.0
2026-04-23 06:22:04.168844,91.0
2026-04-23 06:22:04.769479,92.0
2026-04-23 06:22:05.368601,93.0
2026-04-23 06:22:05.968785,93.0
2026-04-23 06:22:06.568815,94.0
2026-04-23 06:22:07.268504,94.0
2026-04-23 06:22:07.869528,92.0
2026-04-23 06:22:08.468682,89.0
2026-04-23 06:22:09.068590,87.0
2026-04-23 06:22:09.670363,85.0
2026-04-23 06:22:10.368576,85.0
2026-04-23 06:22:10.968551,82.0
2026-04-23 06:22:11.568545,79.0
2026-04-23 06:22:12.168700,77.0
2026-04-23 06:22:12.768613,74.0
2026-04-23 06:22:13.368558,73.0
2026-04-23 06:22:13.968670,71.0
2026-04-23 06:22:14.668530,71.0
2026-04-23 06:22:15.268562,72.0
2026-04-23 06:22:15.868716,74.0
2026-04-23 06:22:16.468611,73.0
2026-04-23 06:22:17.068523,73.0
2026-04-23 06:22:17.768764,72.0
2026-04-23 06:22:18.368621,71.0
2026-04-23 06:22:18.968665,71.0
2026-04-23 06:22:19.569590,71.0
2026-04-23 06:22:20.170439,71.0
2026-04-23 06:22:20.769371,70.0
2026-04-23 06:22:21.469450,71.0
2026-04-23 06:22:22.069257,70.0
2026-04-23 06:22:22.669144,71.0
2026-04-23 06:22:23.268834,74.0
2026-04-23 06:22:23.868518,76.0
2026-04-23 06:22:24.469211,79.0
2026-04-23 06:22:25.069067,81.0
2026-04-23 06:22:25.668502,83.0
2026-04-23 06:22:26.368590,84.0
2026-04-23 06:22:26.968738,86.0
2026-04-23 06:22:27.568750,87.0
2026-04-23 06:22:28.172193,88.0
2026-04-23 06:22:28.768741,90.0
2026-04-23 06:22:29.369212,94.0
2026-04-23 06:22:29.969776,95.0
2026-04-23 06:22:30.668721,94.0
2026-04-23 06:22:31.268735,94.0
2026-04-23 06:22:31.868586,94.0
2026-04-23 06:22:32.468843,94.0
2026-04-23 06:22:33.068584,92.0
2026-04-23 06:22:33.668723,91.0
2026-04-23 06:22:34.269697,91.0
2026-04-23 06:22:34.870100,90.0
2026-04-23 06:22:35.570377,91.0
2026-04-23 06:22:36.168849,91.0
2026-04-23 06:22:36.768919,92.0
2026-04-23 06:22:37.368691,93.0
2026-04-23 06:22:37.968774,95.0
2026-04-23 06:22:38.568965,95.0
2026-04-23 06:22:39.268580,94.0
2026-04-23 06:22:39.868977,93.0
2026-04-23 06:22:40.468929,90.0
2026-04-23 06:22:41.069793,89.0
2026-04-23 06:22:41.669831,86.0
2026-04-23 06:22:42.370095,85.0
2026-04-23 06:22:43.069244,83.0
2026-04-23 06:22:43.669470,82.0
2026-04-23 06:22:44.268726,80.0
2026-04-23 06:22:44.868648,78.0
2026-04-23 06:22:45.468925,76.0
2026-04-23 06:22:46.069178,74.0
2026-04-23 06:22:46.669305,72.0
2026-04-23 06:22:47.368920,70.0
2026-04-23 06:22:47.968694,69.0
2026-04-23 06:23:02.768917,68.0
2026-04-23 06:23:03.368616,69.0
2026-04-23 06:23:03.969644,72.0
2026-04-23 06:23:04.569000,75.0
2026-04-23 06:23:05.271701,78.0
2026-04-23 06:23:05.869648,82.0
2026-04-23 06:23:06.468947,85.0
2026-04-23 06:23:07.068688,87.0
2026-04-23 06:23:07.768787,90.0
2026-04-23 06:23:08.368717,93.0
2026-04-23 06:23:08.968653,95.0
2026-04-23 06:23:09.569309,96.0
2026-04-23 06:23:10.168612,98.0
2026-04-23 06:23:10.868748,97.0
2026-04-23 06:23:11.468828,96.0
2026-04-23 06:23:12.068630,93.0
2026-04-23 06:23:12.670008,91.0
2026-04-23 06:23:13.368874,88.0
2026-04-23 06:23:13.968602,86.0
2026-04-23 06:23:14.569211,84.0
2026-04-23 06:23:15.168647,83.0
2026-04-23 06:23:15.768862,80.0
2026-04-23 06:23:16.368567,78.0
2026-04-23 06:23:16.968731,77.0
2026-04-23 06:23:17.670202,76.0
2026-04-23 06:23:18.269427,76.0
2026-04-23 06:23:18.868837,76.0
2026-04-23 06:23:19.470517,76.0
2026-04-23 06:23:20.069880,75.0
2026-04-23 06:23:20.669097,75.0
2026-04-23 06:23:21.269013,77.0
2026-04-23 06:23:21.870920,79.0
2026-04-23 06:23:22.469573,83.0
2026-04-23 06:23:23.169377,86.0
2026-04-23 06:23:23.770186,90.0
2026-04-23 06:23:24.368710,92.0
2026-04-23 06:23:24.969019,95.0
2026-04-23 06:23:25.568716,99.0
2026-04-23 06:23:26.171029,103.0
2026-04-23 06:23:26.768555,104.0
2026-04-23 06:23:27.468595,105.0
2026-04-23 06:23:28.068553,104.0
2026-04-23 06:23:28.669117,104.0
2026-04-23 06:23:29.268622,104.0
2026-04-23 06:23:29.768559,103.99549549549549
2026-04-23 06:23:29.868694,103.990990990991
2026-04-23 06:23:29.968808,103.98648648648648
2026-04-23 06:23:30.068612,103.98198198198199
2026-04-23 06:23:30.268610,103.97747747747748
2026-04-23 06:23:30.368670,103.97297297297297
2026-04-23 06:23:30.469655,103.96846846846847
2026-04-23 06:23:30.568682,103.96396396396396
2026-04-23 06:23:30.670214,103.95945945945945
2026-04-23 06:23:30.768599,103.95495495495496
2026-04-23 06:23:30.968597,
2026-04-23 06:23:31.068687,
2026-04-23 06:23:31.168839,
2026-04-23 06:23:31.268618,
2026-04-23 06:23:31.369425,
2026-04-23 06:23:31.468847,
2026-04-23 06:23:31.668648,
2026-04-23 06:23:31.768645,
2026-04-23 06:23:31.868626,
2026-04-23 06:23:31.968603,
2026-04-23 06:23:32.070229,
2026-04-23 06:23:32.168624,
2026-04-23 06:23:32.268967,
2026-04-23 06:23:32.468631,
2026-04-23 06:23:32.569820,
2026-04-23 06:23:32.668730,
2026-04-23 06:23:32.769249,
2026-04-23 06:23:32.868725,
2026-04-23 06:23:32.968627,
2026-04-23 06:23:33.168719,
2026-04-23 06:23:33.271240,
2026-04-23 06:23:33.369274,
2026-04-23 06:23:33.470281,
2026-04-23 06:23:33.568658,
2026-04-23 06:23:33.768693,
2026-04-23 06:23:33.868677,
2026-04-23 06:23:33.968567,
2026-04-23 06:23:34.068704,
2026-04-23 06:23:34.168611,
2026-04-23 06:23:34.269245,
2026-04-23 06:23:34.368670,
2026-04-23 06:23:34.570257,
2026-04-23 06:23:34.669305,
2026-04-23 06:23:34.768543,
2026-04-23 06:23:34.868588,
2026-04-23 06:23:34.968615,
2026-04-23 06:23:35.068754,
2026-04-23 06:23:35.274105,
2026-04-23 06:23:35.369142,
2026-04-23 06:23:35.468478,
2026-04-23 06:23:35.568646,
2026-04-23 06:23:35.668657,
2026-04-23 06:23:35.768545,
2026-04-23 06:23:35.970031,
2026-04-23 06:23:36.068560,
2026-04-23 06:23:36.168603,
2026-04-23 06:23:36.269691,
2026-04-23 06:23:36.368760,
2026-04-23 06:23:36.471315,
2026-04-23 06:23:36.668842,
2026-04-23 06:23:36.768703,
2026-04-23 06:23:36.868468,
2026-04-23 06:23:36.968716,
2026-04-23 06:23:37.069708,
2026-04-23 06:23:37.169090,
2026-04-23 06:23:37.369288,
2026-04-23 06:23:37.468613,
2026-04-23 06:23:37.569702,
2026-04-23 06:23:37.668689,
2026-04-23 06:23:37.768880,
2026-04-23 06:23:37.868540,
2026-04-23 06:23:38.068804,
2026-04-23 06:23:38.168862,
2026-04-23 06:23:38.268607,
2026-04-23 06:23:38.368633,
2026-04-23 06:23:38.468568,
2026-04-23 06:23:38.568653,
2026-04-23 06:23:38.668715,
2026-04-23 06:23:38.868561,
2026-04-23 06:23:38.968954,
2026-04-23 06:23:39.068507,
2026-04-23 06:23:39.168597,
2026-04-23 06:23:39.269241,
2026-04-23 06:23:39.368729,
2026-04-23 06:23:39.568615,
2026-04-23 06:23:39.668539,
2026-04-23 06:23:39.768574,
2026-04-23 06:23:39.868668,
2026-04-23 06:23:39.970803,
2026-04-23 06:23:40.069892,
2026-04-23 06:23:40.268555,
2026-04-23 06:23:40.368706,
2026-04-23 06:23:40.468607,
2026-04-23 06:23:40.570967,
2026-04-23 06:23:40.668621,
2026-04-23 06:23:40.768749,
2026-04-23 06:23:40.968524,
2026-04-23 06:23:41.068528,
2026-04-23 06:23:41.168629,
2026-04-23 06:23:41.268494,
2026-04-23 06:23:41.369152,
2026-04-23 06:23:41.468816,
2026-04-23 06:23:41.668525,
2026-04-23 06:23:41.768452,
2026-04-23 06:23:41.868729,
2026-04-23 06:23:41.968601,
2026-04-23 06:23:42.069139,
2026-04-23 06:23:42.168992,
2026-04-23 06:23:42.369179,
2026-04-23 06:23:42.468793,
2026-04-23 06:23:42.568463,
2026-04-23 06:23:42.668542,
2026-04-23 06:23:42.768971,
2026-04-23 06:23:42.868578,
2026-04-23 06:23:42.969026,
2026-04-23 06:23:43.168534,
2026-04-23 06:23:43.268615,
2026-04-23 06:23:43.369012,
2026-04-23 06:23:43.468511,
2026-04-23 06:23:43.569019,
2026-04-23 06:23:43.668688,
2026-04-23 06:23:43.870709,
2026-04-23 06:23:43.969806,
2026-04-23 06:23:44.068996,
2026-04-23 06:23:44.168929,
2026-04-23 06:23:44.270276,
2026-04-23 06:23:44.369579,
2026-04-23 06:23:44.571579,
2026-04-23 06:23:44.669611,
2026-04-23 06:23:44.769164,
2026-04-23 06:23:44.868819,
2026-04-23 06:23:44.970232,
2026-04-23 06:23:45.071084,
2026-04-23 06:23:45.269807,
2026-04-23 06:23:45.370492,
2026-04-23 06:23:45.469595,
2026-04-23 06:23:45.570147,
2026-04-23 06:23:45.669499,
2026-04-23 06:23:45.768682,
2026-04-23 06:23:45.968959,
2026-04-23 06:23:46.069099,
2026-04-23 06:23:46.169975,
2026-04-23 06:23:46.270148,
2026-04-23 06:23:46.369515,
2026-04-23 06:23:46.468648,
2026-04-23 06:23:46.668629,
2026-04-23 06:23:46.768597,
2026-04-23 06:23:46.868622,
2026-04-23 06:23:46.968625,
2026-04-23 06:23:47.069621,
2026-04-23 06:23:47.168603,
2026-04-23 06:23:47.369892,
2026-04-23 06:23:47.469118,
2026-04-23 06:23:47.568696,
2026-04-23 06:23:47.668500,
2026-04-23 06:23:47.768760,
2026-04-23 06:23:47.868476,
2026-04-23 06:23:48.069749,
2026-04-23 06:23:48.169373,
2026-04-23 06:23:48.268661,
2026-04-23 06:23:48.368711,
2026-04-23 06:23:48.469653,
2026-04-23 06:23:48.570066,
2026-04-23 06:23:48.669837,
2026-04-23 06:23:48.868716,
2026-04-23 06:23:48.969722,
2026-04-23 06:23:49.069094,
2026-04-23 06:23:49.169238,
2026-04-23 06:23:49.268491,
2026-04-23 06:23:49.368528,
2026-04-23 06:23:49.569884,
2026-04-23 06:23:49.668649,
2026-04-23 06:23:49.768667,
2026-04-23 06:23:49.868571,
2026-04-23 06:23:49.968831,
2026-04-23 06:23:50.068575,
2026-04-23 06:23:50.268541,
2026-04-23 06:23:50.370279,
2026-04-23 06:23:50.469194,
2026-04-23 06:23:50.568773,
2026-04-23 06:23:50.669245,
2026-04-23 06:23:50.771473,
2026-04-23 06:23:50.968710,
2026-04-23 06:23:51.068550,
2026-04-23 06:23:51.169710,
2026-04-23 06:23:51.268492,
2026-04-23 06:23:51.368684,
2026-04-23 06:23:51.469647,
2026-04-23 06:23:51.668636,
2026-04-23 06:23:51.768731,
2026-04-23 06:23:51.868792,
2026-04-23 06:23:51.968842,
2026-04-23 06:23:52.068886,
2026-04-23 06:23:52.168879,
2026-04-23 06:23:52.369277,
2026-04-23 06:23:52.468616,
2026-04-23 06:23:52.570264,
2026-04-23 06:23:52.668948,
2026-04-23 06:23:52.769203,
2026-04-23 06:23:52.868497,
2026-04-23 06:23:53.068491,
2026-04-23 06:23:53.168666,
2026-04-23 06:23:53.269856,
2026-04-23 06:23:53.368777,
2026-04-23 06:23:53.469625,
2026-04-23 06:23:53.569910,
2026-04-23 06:23:53.768743,
2026-04-23 06:23:53.868462,
2026-04-23 06:23:53.969355,
2026-04-23 06:23:54.068634,
2026-04-23 06:23:54.168527,
2026-04-23 06:23:54.269475,103.04504504504504
2026-04-23 06:23:54.371495,103.04054054054055
2026-04-23 06:23:54.570210,103.03603603603604
2026-04-23 06:23:54.668684,103.03153153153153
2026-04-23 06:23:54.768610,103.02702702702703
2026-04-23 06:23:54.868509,103.02252252252252
2026-04-23 06:23:54.968468,103.01801801801801
2026-04-23 06:23:55.168655,103.01351351351352
2026-04-23 06:23:55.268902,103.009009009009
2026-04-23 06:23:55.369246,103.00450450450451
2026-04-23 06:23:55.568594,103.0
2026-04-23 06:23:56.270305,102.0
2026-04-23 06:23:56.868572,102.0
2026-04-23 06:23:57.468748,102.0
2026-04-23 06:23:58.068723,101.0
2026-04-23 06:23:58.668571,98.0
2026-04-23 06:23:59.368822,96.0
2026-04-23 06:23:59.970249,94.0
2026-04-23 06:24:00.570075,92.0
2026-04-23 06:24:01.168733,91.0
2026-04-23 06:24:01.768741,88.0
2026-04-23 06:24:02.469899,86.0
2026-04-23 06:24:03.069040,84.0
2026-04-23 06:24:03.568762,82.0
2026-04-23 06:24:04.269208,83.0
2026-04-23 06:24:04.969261,83.0
2026-04-23 06:24:05.568578,84.0
2026-04-23 06:24:06.168895,85.0
2026-04-23 06:24:06.768787,86.0
2026-04-23 06:24:07.369854,87.0
2026-04-23 06:24:08.068553,88.0
2026-04-23 06:24:08.668648,88.0
2026-04-23 06:24:09.268765,89.0
2026-04-23 06:24:09.868517,91.0
2026-04-23 06:24:10.468623,92.0
2026-04-23 06:24:11.068542,93.0
2026-04-23 06:24:11.668526,95.0
2026-04-23 06:24:12.271235,94.0
2026-04-23 06:24:12.868804,95.0
2026-04-23 06:24:13.468691,97.0
2026-04-23 06:24:14.068619,97.0
2026-04-23 06:24:14.668649,97.0
2026-04-23 06:24:15.270253,97.0
2026-04-23 06:24:15.768614,97.03389830508475
2026-04-23 06:24:15.868771,97.0677966101695
2026-04-23 06:24:15.968614,97.10169491525424
2026-04-23 06:24:16.069558,97.13559322033899
2026-04-23 06:24:16.168543,97.16949152542372
2026-04-23 06:24:16.270970,97.20338983050847
2026-04-23 06:24:16.468547,97.23728813559322
2026-04-23 06:24:16.568651,97.27118644067797
2026-04-23 06:24:16.669116,97.30508474576271
2026-04-23 06:24:16.768627,97.33898305084746
2026-04-23 06:24:16.868523,
2026-04-23 06:24:16.970335,
2026-04-23 06:24:17.168588,
2026-04-23 06:24:17.269793,
2026-04-23 06:24:17.368557,
2026-04-23 06:24:17.468539,
2026-04-23 06:24:17.568875,
2026-04-23 06:24:17.669274,
2026-04-23 06:24:17.871185,
2026-04-23 06:24:17.968624,
2026-04-23 06:24:18.069651,
2026-04-23 06:24:18.168554,
2026-04-23 06:24:18.268574,
2026-04-23 06:24:18.369720,
2026-04-23 06:24:18.468755,
2026-04-23 06:24:18.668650,
2026-04-23 06:24:18.768804,
2026-04-23 06:24:18.869520,
2026-04-23 06:24:18.968577,
2026-04-23 06:24:19.068635,
2026-04-23 06:24:19.168601,
2026-04-23 06:24:19.368564,
2026-04-23 06:24:19.468842,
2026-04-23 06:24:19.568960,
2026-04-23 06:24:19.668721,
2026-04-23 06:24:19.768549,
2026-04-23 06:24:19.868716,
2026-04-23 06:24:20.068634,
2026-04-23 06:24:20.168560,
2026-04-23 06:24:20.268734,
2026-04-23 06:24:20.368537,
2026-04-23 06:24:20.468562,
2026-04-23 06:24:20.572553,
2026-04-23 06:24:20.768651,
2026-04-23 06:24:20.868540,
2026-04-23 06:24:20.970246,
2026-04-23 06:24:21.068547,
2026-04-23 06:24:21.169057,
2026-04-23 06:24:21.269943,98.66101694915254
2026-04-23 06:24:21.468776,98.69491525423729
2026-04-23 06:24:21.569217,98.72881355932203
2026-04-23 06:24:21.669712,98.76271186440678
2026-04-23 06:24:21.771378,98.79661016949153
2026-04-23 06:24:21.868661,98.83050847457628
2026-04-23 06:24:22.068962,98.86440677966101
2026-04-23 06:24:22.168605,98.89830508474576
2026-04-23 06:24:22.268514,98.9322033898305
2026-04-23 06:24:23.373324,98.96610169491525
2026-04-23 06:24:24.572219,99.0
2026-04-23 06:24:25.168517,101.0
2026-04-23 06:24:25.869246,102.0
2026-04-23 06:24:26.469398,103.0
2026-04-23 06:24:27.068700,106.0
2026-04-23 06:24:27.669359,105.0
2026-04-23 06:24:28.269262,102.0
2026-04-23 06:24:28.868676,100.0
2026-04-23 06:24:29.568557,97.0
2026-04-23 06:24:30.168721,94.0
2026-04-23 06:24:30.768909,91.0
2026-04-23 06:24:31.368601,88.0
2026-04-23 06:24:31.968603,86.0
2026-04-23 06:24:32.568601,83.0
2026-04-23 06:24:33.268607,81.0
2026-04-23 06:24:33.870190,79.0
2026-04-23 06:24:34.468716,78.0
2026-04-23 06:24:35.068863,78.0
2026-04-23 06:24:35.268712,78.0
2026-04-23 06:24:35.868942,78.0
2026-04-23 06:24:36.468772,80.0
2026-04-23 06:24:37.071259,80.0
