log_time,publish_time,data
2026-04-25 07:18:30.846548,2026-04-25 07:18:30.846548,22.343849182128903
2026-04-25 07:18:31.044674,2026-04-25 07:18:31.044674,22.332115173339844
2026-04-25 07:18:31.248141,2026-04-25 07:18:31.248141,22.322141647338867
2026-04-25 07:18:31.447065,2026-04-25 07:18:31.447065,22.313663482666016
2026-04-25 07:18:31.648964,2026-04-25 07:18:31.648964,22.30645751953125
2026-04-25 07:18:31.847771,2026-04-25 07:18:31.847771,22.30033302307129
2026-04-25 07:18:32.048485,2026-04-25 07:18:32.048485,22.295127868652344
2026-04-25 07:18:32.245179,2026-04-25 07:18:32.245179,22.466482162475582
2026-04-25 07:18:32.444454,2026-04-25 07:18:32.444454,22.61213493347168
2026-04-25 07:18:32.655046,2026-04-25 07:18:32.655046,22.73594093322754
2026-04-25 07:18:32.849078,2026-04-25 07:18:32.849078,22.841175079345703
2026-04-25 07:18:33.048175,2026-04-25 07:18:33.048175,22.93062210083008
2026-04-25 07:18:33.249419,2026-04-25 07:18:33.249419,23.006654739379883
2026-04-25 07:18:33.444891,2026-04-25 07:18:33.444891,23.07128143310547
2026-04-25 07:18:33.645635,2026-04-25 07:18:33.645635,23.1262149810791
2026-04-25 07:18:33.846209,2026-04-25 07:18:33.846209,23.17290687561035
2026-04-25 07:18:34.045114,2026-04-25 07:18:34.045114,23.212596893310547
2026-04-25 07:18:34.244648,2026-04-25 07:18:34.244648,23.2463321685791
2026-04-25 07:18:34.445517,2026-04-25 07:18:34.445517,23.275007247924805
2026-04-25 07:18:34.646050,2026-04-25 07:18:34.646050,23.29938125610352
2026-04-25 07:18:34.845479,2026-04-25 07:18:34.845479,23.320098876953125
2026-04-25 07:18:35.046065,2026-04-25 07:18:35.046065,23.337709426879883
2026-04-25 07:18:35.255150,2026-04-25 07:18:35.255150,23.352678298950195
2026-04-25 07:18:35.445168,2026-04-25 07:18:35.445168,23.36540031433105
2026-04-25 07:18:35.645862,2026-04-25 07:18:35.645862,23.2004337310791
2026-04-25 07:18:35.845616,2026-04-25 07:18:35.845616,23.235994338989254
2026-04-25 07:18:36.044707,2026-04-25 07:18:36.044707,23.26622009277344
2026-04-25 07:18:36.247595,2026-04-25 07:18:36.247595,23.116130828857425
2026-04-25 07:18:36.445171,2026-04-25 07:18:36.445171,22.988555908203125
2026-04-25 07:18:36.655297,2026-04-25 07:18:36.655297,23.055896759033203
2026-04-25 07:18:36.846665,2026-04-25 07:18:36.846665,22.93735694885254
2026-04-25 07:18:37.045319,2026-04-25 07:18:37.045319,22.83659553527832
2026-04-25 07:18:37.244435,2026-04-25 07:18:37.244435,22.75094985961914
2026-04-25 07:18:37.446383,2026-04-25 07:18:37.446383,22.678152084350582
2026-04-25 07:18:37.645580,2026-04-25 07:18:37.645580,22.61627197265625
2026-04-25 07:18:37.847024,2026-04-25 07:18:37.847024,22.56367492675781
2026-04-25 07:18:38.044451,2026-04-25 07:18:38.044451,22.51896858215332
2026-04-25 07:18:38.245682,2026-04-25 07:18:38.245682,22.480966567993164
2026-04-25 07:18:38.446545,2026-04-25 07:18:38.446545,22.448665618896484
2026-04-25 07:18:38.647850,2026-04-25 07:18:38.647850,22.42120933532715
2026-04-25 07:18:38.844678,2026-04-25 07:18:38.844678,22.39787101745605
2026-04-25 07:18:39.046054,2026-04-25 07:18:39.046054,22.378034591674805
2026-04-25 07:18:39.246455,2026-04-25 07:18:39.246455,22.361173629760746
2026-04-25 07:18:39.446666,2026-04-25 07:18:39.446666,22.34684181213379
2026-04-25 07:18:39.645948,2026-04-25 07:18:39.645948,22.334657669067383
2026-04-25 07:18:39.844906,2026-04-25 07:18:39.844906,22.324302673339844
2026-04-25 07:18:40.045142,2026-04-25 07:18:40.045142,22.315502166748047
2026-04-25 07:18:40.245066,2026-04-25 07:18:40.245066,22.308019638061523
2026-04-25 07:18:40.444541,2026-04-25 07:18:40.444541,22.301660537719727
2026-04-25 07:18:40.647552,2026-04-25 07:18:40.647552,22.296255111694336
2026-04-25 07:18:40.844635,2026-04-25 07:18:40.844635,22.29166030883789
2026-04-25 07:18:41.046534,2026-04-25 07:18:41.046534,22.287755966186523
2026-04-25 07:18:41.245146,2026-04-25 07:18:41.245146,22.2844352722168
2026-04-25 07:18:41.444589,2026-04-25 07:18:41.444589,22.281614303588867
2026-04-25 07:18:41.646833,2026-04-25 07:18:41.646833,22.279216766357425
2026-04-25 07:18:41.846084,2026-04-25 07:18:41.846084,22.277177810668945
2026-04-25 07:18:42.044654,2026-04-25 07:18:42.044654,22.27544403076172
2026-04-25 07:18:42.247502,2026-04-25 07:18:42.247502,22.273971557617188
2026-04-25 07:18:42.444923,2026-04-25 07:18:42.444923,22.272720336914062
2026-04-25 07:18:42.645288,2026-04-25 07:18:42.645288,22.271656036376957
2026-04-25 07:18:42.858832,2026-04-25 07:18:42.858832,22.270750045776367
2026-04-25 07:18:43.045496,2026-04-25 07:18:43.045496,22.269981384277344
2026-04-25 07:18:43.245573,2026-04-25 07:18:43.245573,22.26932907104492
2026-04-25 07:18:43.445559,2026-04-25 07:18:43.445559,22.26877212524414
2026-04-25 07:18:43.644606,2026-04-25 07:18:43.644606,22.26830101013184
2026-04-25 07:18:43.845010,2026-04-25 07:18:43.845010,22.267898559570312
2026-04-25 07:18:44.045488,2026-04-25 07:18:44.045488,22.267559051513672
2026-04-25 07:18:44.245809,2026-04-25 07:18:44.245809,22.267269134521484
2026-04-25 07:18:44.446444,2026-04-25 07:18:44.446444,22.26702117919922
2026-04-25 07:18:44.644985,2026-04-25 07:18:44.644985,22.26681137084961
2026-04-25 07:18:44.855449,2026-04-25 07:18:44.855449,22.26663398742676
2026-04-25 07:18:45.047391,2026-04-25 07:18:45.047391,22.26648330688477
2026-04-25 07:18:45.246110,2026-04-25 07:18:45.246110,22.26635360717773
2026-04-25 07:18:45.455954,2026-04-25 07:18:45.455954,22.266244888305664
2026-04-25 07:18:45.645913,2026-04-25 07:18:45.645913,22.266151428222656
2026-04-25 07:18:45.845193,2026-04-25 07:18:45.845193,22.26607322692871
2026-04-25 07:18:46.047494,2026-04-25 07:18:46.047494,22.26600646972656
2026-04-25 07:18:46.245405,2026-04-25 07:18:46.245405,22.441730499267575
2026-04-25 07:18:46.446194,2026-04-25 07:18:46.446194,22.591094970703125
2026-04-25 07:18:46.646976,2026-04-25 07:18:46.646976,22.718055725097656
2026-04-25 07:18:46.845767,2026-04-25 07:18:46.845767,22.825973510742188
2026-04-25 07:18:47.045560,2026-04-25 07:18:47.045560,22.917701721191406
2026-04-25 07:18:47.247247,2026-04-25 07:18:47.247247,23.17145347595215
2026-04-25 07:18:47.445096,2026-04-25 07:18:47.445096,23.38714027404785
2026-04-25 07:18:47.645215,2026-04-25 07:18:47.645215,23.570476531982425
2026-04-25 07:18:47.855334,2026-04-25 07:18:47.855334,23.72631072998047
2026-04-25 07:18:48.047076,2026-04-25 07:18:48.047076,23.8587703704834
2026-04-25 07:18:48.245627,2026-04-25 07:18:48.245627,23.97136116027832
2026-04-25 07:18:48.445913,2026-04-25 07:18:48.445913,24.067062377929688
2026-04-25 07:18:48.654838,2026-04-25 07:18:48.654838,24.32419204711914
2026-04-25 07:18:48.846607,2026-04-25 07:18:48.846607,24.542749404907227
2026-04-25 07:18:49.045863,2026-04-25 07:18:49.045863,24.728525161743164
2026-04-25 07:18:49.244999,2026-04-25 07:18:49.244999,24.88643455505371
2026-04-25 07:18:49.455873,2026-04-25 07:18:49.455873,25.02065658569336
2026-04-25 07:18:49.656407,2026-04-25 07:18:49.656407,25.13474464416504
2026-04-25 07:18:49.845562,2026-04-25 07:18:49.845562,25.23172187805176
2026-04-25 07:18:50.044727,2026-04-25 07:18:50.044727,25.314149856567383
2026-04-25 07:18:50.245428,2026-04-25 07:18:50.245428,25.55999565124512
2026-04-25 07:18:50.445947,2026-04-25 07:18:50.445947,25.768966674804688
2026-04-25 07:18:50.645268,2026-04-25 07:18:50.645268,25.946590423583984
2026-04-25 07:18:50.844633,2026-04-25 07:18:50.844633,26.097570419311523
2026-04-25 07:18:51.044440,2026-04-25 07:18:51.044440,26.225902557373047
2026-04-25 07:18:51.245731,2026-04-25 07:18:51.245731,26.334985733032227
2026-04-25 07:18:51.445189,2026-04-25 07:18:51.445189,26.42770767211914
2026-04-25 07:18:51.646860,2026-04-25 07:18:51.646860,26.506519317626957
2026-04-25 07:18:51.846122,2026-04-25 07:18:51.846122,26.749292373657227
2026-04-25 07:18:52.046338,2026-04-25 07:18:52.046338,26.95564842224121
2026-04-25 07:18:52.246302,2026-04-25 07:18:52.246302,27.13105010986328
2026-04-25 07:18:52.445358,2026-04-25 07:18:52.445358,27.28014373779297
2026-04-25 07:18:52.655413,2026-04-25 07:18:52.655413,27.582653045654297
2026-04-25 07:18:52.845691,2026-04-25 07:18:52.845691,27.839786529541016
2026-04-25 07:18:53.044849,2026-04-25 07:18:53.044849,28.058349609375
2026-04-25 07:18:53.245296,2026-04-25 07:18:53.245296,28.244129180908203
2026-04-25 07:18:53.444562,2026-04-25 07:18:53.444562,28.402040481567383
2026-04-25 07:18:53.655858,2026-04-25 07:18:53.655858,28.536266326904297
2026-04-25 07:18:53.855113,2026-04-25 07:18:53.855113,28.65035629272461
2026-04-25 07:18:54.048271,2026-04-25 07:18:54.048271,28.74733543395996
2026-04-25 07:18:54.246113,2026-04-25 07:18:54.246113,28.82976531982422
2026-04-25 07:18:54.445373,2026-04-25 07:18:54.445373,28.899831771850582
2026-04-25 07:18:54.656259,2026-04-25 07:18:54.656259,28.95938873291016
2026-04-25 07:18:54.844593,2026-04-25 07:18:54.844593,26.549074172973636
2026-04-25 07:18:55.047256,2026-04-25 07:18:55.047256,26.961244583129883
2026-04-25 07:18:55.245553,2026-04-25 07:18:55.245553,24.85065078735352
2026-04-25 07:18:55.445771,2026-04-25 07:18:55.445771,23.05664825439453
2026-04-25 07:18:55.650329,2026-04-25 07:18:55.650329,21.7075252532959
2026-04-25 07:18:55.846551,2026-04-25 07:18:55.846551,21.967021942138672
2026-04-25 07:18:56.045209,2026-04-25 07:18:56.045209,22.187593460083008
2026-04-25 07:19:09.145493,2026-04-25 07:19:09.145493,22.375080108642575
2026-04-25 07:19:09.356294,2026-04-25 07:19:09.356294,22.358661651611328
2026-04-25 07:19:09.555922,2026-04-25 07:19:09.555922,22.34470558166504
2026-04-25 07:19:09.755468,2026-04-25 07:19:09.755468,22.332843780517575
2026-04-25 07:19:09.956014,2026-04-25 07:19:09.956014,22.32276153564453
2026-04-25 07:19:10.147489,2026-04-25 07:19:10.147489,22.314189910888672
2026-04-25 07:19:10.345917,2026-04-25 07:19:10.345917,22.13112449645996
2026-04-25 07:19:10.547137,2026-04-25 07:19:10.547137,22.15129852294922
2026-04-25 07:19:10.755982,2026-04-25 07:19:10.755982,21.99266624450684
2026-04-25 07:19:10.955608,2026-04-25 07:19:10.955608,22.033611297607425
2026-04-25 07:19:11.155592,2026-04-25 07:19:11.155592,22.06841278076172
2026-04-25 07:19:11.355838,2026-04-25 07:19:11.355838,22.097993850708008
2026-04-25 07:19:11.546102,2026-04-25 07:19:11.546102,21.94735717773437
2026-04-25 07:19:11.754995,2026-04-25 07:19:11.754995,21.819316864013672
2026-04-25 07:19:11.955438,2026-04-25 07:19:11.955438,21.71048164367676
2026-04-25 07:19:12.146866,2026-04-25 07:19:12.146866,21.61797142028809
2026-04-25 07:19:12.355187,2026-04-25 07:19:12.355187,21.53933906555176
2026-04-25 07:19:12.555548,2026-04-25 07:19:12.555548,21.47249984741211
2026-04-25 07:19:12.745753,2026-04-25 07:19:12.745753,21.41568756103516
2026-04-25 07:19:12.954685,2026-04-25 07:19:12.954685,21.36739730834961
2026-04-25 07:19:13.155596,2026-04-25 07:19:13.155596,21.32634925842285
2026-04-25 07:19:13.355903,2026-04-25 07:19:13.355903,21.291460037231445
2026-04-25 07:19:13.555016,2026-04-25 07:19:13.555016,21.261802673339844
2026-04-25 07:19:13.757299,2026-04-25 07:19:13.757299,21.236595153808597
2026-04-25 07:19:13.944720,2026-04-25 07:19:13.944720,21.215167999267575
2026-04-25 07:19:14.155092,2026-04-25 07:19:14.155092,21.196956634521484
2026-04-25 07:19:14.346472,2026-04-25 07:19:14.346472,21.181474685668945
2026-04-25 07:19:14.545399,2026-04-25 07:19:14.545399,21.16831588745117
2026-04-25 07:19:14.756498,2026-04-25 07:19:14.756498,21.15713119506836
2026-04-25 07:19:14.955591,2026-04-25 07:19:14.955591,21.147624969482425
2026-04-25 07:19:15.159782,2026-04-25 07:19:15.159782,21.139543533325195
2026-04-25 07:19:15.356737,2026-04-25 07:19:15.356737,21.132673263549805
2026-04-25 07:19:15.555526,2026-04-25 07:19:15.555526,21.12683486938477
2026-04-25 07:19:15.759013,2026-04-25 07:19:15.759013,21.121871948242188
2026-04-25 07:19:15.957211,2026-04-25 07:19:15.957211,21.29343605041504
2026-04-25 07:19:16.155191,2026-04-25 07:19:16.155191,21.61504554748535
2026-04-25 07:19:16.362304,2026-04-25 07:19:16.362304,21.888412475585938
2026-04-25 07:19:16.555416,2026-04-25 07:19:16.555416,22.120777130126957
2026-04-25 07:19:16.756509,2026-04-25 07:19:16.756509,22.14250373840332
2026-04-25 07:19:16.955630,2026-04-25 07:19:16.955630,22.336753845214844
2026-04-25 07:19:17.155519,2026-04-25 07:19:17.155519,22.67764663696289
2026-04-25 07:19:17.354980,2026-04-25 07:19:17.354980,23.143186569213867
2026-04-25 07:19:17.555366,2026-04-25 07:19:17.555366,23.714677810668945
2026-04-25 07:19:17.754928,2026-04-25 07:19:17.754928,24.2004451751709
2026-04-25 07:19:17.954977,2026-04-25 07:19:17.954977,24.61334609985352
2026-04-25 07:19:18.157018,2026-04-25 07:19:18.157018,24.96431350708008
2026-04-25 07:19:18.358853,2026-04-25 07:19:18.358853,25.262636184692383
2026-04-25 07:19:18.556333,2026-04-25 07:19:18.556333,25.51620864868164
2026-04-25 07:19:18.754988,2026-04-25 07:19:18.754988,25.731746673583984
2026-04-25 07:19:18.956599,2026-04-25 07:19:18.956599,25.914953231811523
2026-04-25 07:19:19.146226,2026-04-25 07:19:19.146226,26.0706787109375
2026-04-25 07:19:19.355030,2026-04-25 07:19:19.355030,26.203044891357425
2026-04-25 07:19:19.556006,2026-04-25 07:19:19.556006,26.3155574798584
2026-04-25 07:19:19.755424,2026-04-25 07:19:19.755424,26.235410690307617
2026-04-25 07:19:19.956465,2026-04-25 07:19:19.956465,26.16728782653809
2026-04-25 07:19:20.161759,2026-04-25 07:19:20.161759,26.1093807220459
2026-04-25 07:19:20.355877,2026-04-25 07:19:20.355877,26.06016159057617
2026-04-25 07:19:20.555476,2026-04-25 07:19:20.555476,26.018325805664062
2026-04-25 07:19:20.745474,2026-04-25 07:19:20.745474,25.982763290405277
2026-04-25 07:19:20.956078,2026-04-25 07:19:20.956078,25.952537536621094
2026-04-25 07:19:21.157180,2026-04-25 07:19:21.157180,25.92684364318848
2026-04-25 07:19:21.355855,2026-04-25 07:19:21.355855,25.905004501342773
2026-04-25 07:19:21.555672,2026-04-25 07:19:21.555672,25.88644218444824
2026-04-25 07:19:21.754629,2026-04-25 07:19:21.754629,25.870662689208984
2026-04-25 07:19:21.956527,2026-04-25 07:19:21.956527,25.857250213623047
2026-04-25 07:19:22.157952,2026-04-25 07:19:22.157952,25.845849990844727
2026-04-25 07:19:22.355803,2026-04-25 07:19:22.355803,25.66037940979004
2026-04-25 07:19:22.557010,2026-04-25 07:19:22.557010,25.678510665893555
2026-04-25 07:19:22.756676,2026-04-25 07:19:22.756676,25.693920135498047
2026-04-25 07:19:22.956598,2026-04-25 07:19:22.956598,25.707019805908203
2026-04-25 07:19:23.157577,2026-04-25 07:19:23.157577,25.71815490722656
2026-04-25 07:19:23.357847,2026-04-25 07:19:23.357847,25.727619171142575
2026-04-25 07:19:23.557121,2026-04-25 07:19:23.557121,25.73566436767578
2026-04-25 07:19:23.758620,2026-04-25 07:19:23.758620,25.74250221252441
2026-04-25 07:19:23.955605,2026-04-25 07:19:23.955605,25.748313903808597
2026-04-25 07:19:24.155720,2026-04-25 07:19:24.155720,25.753253936767575
2026-04-25 07:19:24.358373,2026-04-25 07:19:24.358373,25.75745391845703
2026-04-25 07:19:24.559318,2026-04-25 07:19:24.559318,25.585241317749023
2026-04-25 07:19:24.757197,2026-04-25 07:19:24.757197,25.438861846923828
2026-04-25 07:19:24.957107,2026-04-25 07:19:24.957107,25.490219116210938
2026-04-25 07:19:25.159083,2026-04-25 07:19:25.159083,25.35809326171875
2026-04-25 07:19:25.355126,2026-04-25 07:19:25.355126,25.245784759521484
2026-04-25 07:19:25.558270,2026-04-25 07:19:25.558270,25.15032386779785
2026-04-25 07:19:25.758382,2026-04-25 07:19:25.758382,25.244962692260746
2026-04-25 07:19:25.955049,2026-04-25 07:19:25.955049,25.32540512084961
2026-04-25 07:19:26.158808,2026-04-25 07:19:26.158808,25.393781661987305
2026-04-25 07:19:26.355021,2026-04-25 07:19:26.355021,25.276121139526367
2026-04-25 07:19:26.555295,2026-04-25 07:19:26.555295,25.176109313964844
2026-04-25 07:19:26.756101,2026-04-25 07:19:26.756101,22.80594253540039
2026-04-25 07:19:26.956533,2026-04-25 07:19:26.956533,20.79130172729492
2026-04-25 07:19:27.155382,2026-04-25 07:19:27.155382,19.078855514526367
2026-04-25 07:19:27.355809,2026-04-25 07:19:27.355809,17.62327766418457
2026-04-25 07:19:27.554859,2026-04-25 07:19:27.554859,16.386035919189453
2026-04-25 07:19:27.755553,2026-04-25 07:19:27.755553,15.334381103515623
2026-04-25 07:19:27.956341,2026-04-25 07:19:27.956341,14.440473556518556
2026-04-25 07:19:28.157364,2026-04-25 07:19:28.157364,13.680652618408203
2026-04-25 07:19:28.354489,2026-04-25 07:19:28.354489,13.034804344177246
2026-04-25 07:19:28.555181,2026-04-25 07:19:28.555181,12.485834121704102
2026-04-25 07:19:28.755536,2026-04-25 07:19:28.755536,12.019208908081056
2026-04-25 07:19:28.955733,2026-04-25 07:19:28.955733,11.622577667236328
2026-04-25 07:19:29.156529,2026-04-25 07:19:29.156529,11.285441398620604
2026-04-25 07:19:29.356069,2026-04-25 07:19:29.356069,10.99887466430664
2026-04-25 07:19:29.554950,2026-04-25 07:19:29.554950,10.755293846130373
2026-04-25 07:19:29.755487,2026-04-25 07:19:29.755487,10.54824924468994
2026-04-25 07:19:29.955619,2026-04-25 07:19:29.955619,10.548043251037598
2026-04-25 07:19:30.156866,2026-04-25 07:19:30.156866,10.72364902496338
2026-04-25 07:19:30.355154,2026-04-25 07:19:30.355154,10.87291431427002
2026-04-25 07:19:30.555028,2026-04-25 07:19:30.555028,10.82400894165039
2026-04-25 07:19:30.755237,2026-04-25 07:19:30.755237,10.958219528198242
2026-04-25 07:19:30.954602,2026-04-25 07:19:30.954602,11.072299003601074
2026-04-25 07:19:31.156391,2026-04-25 07:19:31.156391,11.169266700744627
2026-04-25 07:19:31.357450,2026-04-25 07:19:31.357450,11.251688957214355
2026-04-25 07:19:31.554452,2026-04-25 07:19:31.554452,11.321748733520508
2026-04-25 07:19:31.755445,2026-04-25 07:19:31.755445,11.381299018859863
2026-04-25 07:19:31.955447,2026-04-25 07:19:31.955447,11.43191623687744
2026-04-25 07:19:32.156718,2026-04-25 07:19:32.156718,11.47494125366211
2026-04-25 07:19:32.355672,2026-04-25 07:19:32.355672,11.335731506347656
2026-04-25 07:19:32.555919,2026-04-25 07:19:32.555919,11.393184661865234
2026-04-25 07:19:32.756418,2026-04-25 07:19:32.756418,11.44201946258545
2026-04-25 07:19:32.957133,2026-04-25 07:19:32.957133,11.659310340881348
2026-04-25 07:19:33.157015,2026-04-25 07:19:33.157015,11.84400749206543
2026-04-25 07:19:33.356315,2026-04-25 07:19:33.356315,12.000999450683594
2026-04-25 07:19:33.554595,2026-04-25 07:19:33.554595,12.134443283081056
2026-04-25 07:19:33.755682,2026-04-25 07:19:33.755682,12.247870445251465
2026-04-25 07:19:33.956947,2026-04-25 07:19:33.956947,12.344284057617188
2026-04-25 07:19:34.156072,2026-04-25 07:19:34.156072,12.42623519897461
2026-04-25 07:19:34.355178,2026-04-25 07:19:34.355178,12.320112228393556
2026-04-25 07:19:47.456667,2026-04-25 07:19:47.456667,12.405689239501951
2026-04-25 07:19:47.655002,2026-04-25 07:19:47.655002,12.478429794311523
2026-04-25 07:19:47.855979,2026-04-25 07:19:47.855979,12.54025936126709
2026-04-25 07:19:48.056044,2026-04-25 07:19:48.056044,12.592813491821287
2026-04-25 07:19:48.255226,2026-04-25 07:19:48.255226,12.63748550415039
2026-04-25 07:19:48.456477,2026-04-25 07:19:48.456477,12.675456047058104
2026-04-25 07:19:48.656472,2026-04-25 07:19:48.656472,12.707731246948242
2026-04-25 07:19:48.857342,2026-04-25 07:19:48.857342,12.5593843460083
2026-04-25 07:19:49.055258,2026-04-25 07:19:49.055258,12.609070777893066
2026-04-25 07:19:49.256399,2026-04-25 07:19:49.256399,12.6513032913208
2026-04-25 07:19:49.455763,2026-04-25 07:19:49.455763,12.687201499938965
2026-04-25 07:19:49.657350,2026-04-25 07:19:49.657350,12.5419340133667
2026-04-25 07:19:49.854694,2026-04-25 07:19:49.854694,12.418456077575684
2026-04-25 07:19:50.057245,2026-04-25 07:19:50.057245,12.13771915435791
2026-04-25 07:19:50.255595,2026-04-25 07:19:50.255595,11.899092674255373
2026-04-25 07:19:50.455985,2026-04-25 07:19:50.455985,11.872041702270508
2026-04-25 07:19:50.654433,2026-04-25 07:19:50.654433,11.849047660827637
2026-04-25 07:19:50.855774,2026-04-25 07:19:50.855774,11.829503059387209
2026-04-25 07:19:51.057356,2026-04-25 07:19:51.057356,12.51601505279541
2026-04-25 07:19:51.255043,2026-04-25 07:19:51.255043,12.396425247192385
2026-04-25 07:19:51.454599,2026-04-25 07:19:51.454599,14.931492805480955
2026-04-25 07:19:51.655225,2026-04-25 07:19:51.655225,17.086299896240234
2026-04-25 07:19:51.855475,2026-04-25 07:19:51.855475,18.91788673400879
2026-04-25 07:19:52.054996,2026-04-25 07:19:52.054996,20.47473526000977
2026-04-25 07:19:52.255331,2026-04-25 07:19:52.255331,21.79805564880371
2026-04-25 07:19:52.455545,2026-04-25 07:19:52.455545,22.92287826538086
2026-04-25 07:19:52.656166,2026-04-25 07:19:52.656166,23.878978729248047
2026-04-25 07:19:52.855266,2026-04-25 07:19:52.855266,24.6916618347168
2026-04-25 07:19:53.055506,2026-04-25 07:19:53.055506,25.382444381713867
2026-04-25 07:19:53.255726,2026-04-25 07:19:53.255726,25.96960830688477
2026-04-25 07:19:53.455022,2026-04-25 07:19:53.455022,26.468698501586918
2026-04-25 07:19:53.655815,2026-04-25 07:19:53.655815,26.89292526245117
2026-04-25 07:19:53.855503,2026-04-25 07:19:53.855503,27.253517150878903
2026-04-25 07:19:54.056804,2026-04-25 07:19:54.056804,27.560020446777344
2026-04-25 07:19:54.255107,2026-04-25 07:19:54.255107,27.82054901123047
2026-04-25 07:19:54.457287,2026-04-25 07:19:54.457287,28.0419979095459
2026-04-25 07:19:54.659505,2026-04-25 07:19:54.659505,28.2302303314209
2026-04-25 07:19:54.855149,2026-04-25 07:19:54.855149,28.390226364135746
2026-04-25 07:19:55.057118,2026-04-25 07:19:55.057118,28.52622413635254
2026-04-25 07:19:55.257017,2026-04-25 07:19:55.257017,28.641820907592773
2026-04-25 07:19:55.455643,2026-04-25 07:19:55.455643,28.740079879760746
2026-04-25 07:19:55.654994,2026-04-25 07:19:55.654994,28.823598861694336
2026-04-25 07:19:55.855377,2026-04-25 07:19:55.855377,28.894590377807617
2026-04-25 07:19:56.056743,2026-04-25 07:19:56.056743,28.954933166503903
2026-04-25 07:19:56.254765,2026-04-25 07:19:56.254765,29.006223678588867
2026-04-25 07:19:56.456531,2026-04-25 07:19:56.456531,29.04982185363769
2026-04-25 07:19:56.655035,2026-04-25 07:19:56.655035,29.08687973022461
2026-04-25 07:19:56.854747,2026-04-25 07:19:56.854747,29.118379592895508
2026-04-25 07:19:57.057364,2026-04-25 07:19:57.057364,29.145153045654297
2026-04-25 07:19:57.256974,2026-04-25 07:19:57.256974,29.167911529541016
2026-04-25 07:19:57.455821,2026-04-25 07:19:57.455821,29.187255859375
2026-04-25 07:19:57.656321,2026-04-25 07:19:57.656321,29.20369911193848
2026-04-25 07:19:57.855371,2026-04-25 07:19:57.855371,29.217676162719727
2026-04-25 07:19:58.055716,2026-04-25 07:19:58.055716,29.229555130004883
2026-04-25 07:19:58.257613,2026-04-25 07:19:58.257613,29.239652633666992
2026-04-25 07:19:58.455685,2026-04-25 07:19:58.455685,29.24823570251465
2026-04-25 07:19:58.655370,2026-04-25 07:19:58.655370,29.25553321838379
2026-04-25 07:19:58.856804,2026-04-25 07:19:58.856804,29.261734008789062
2026-04-25 07:19:59.056274,2026-04-25 07:19:59.056274,29.267004013061523
2026-04-25 07:19:59.256334,2026-04-25 07:19:59.256334,29.271486282348636
2026-04-25 07:19:59.455415,2026-04-25 07:19:59.455415,29.275293350219727
2026-04-25 07:19:59.657441,2026-04-25 07:19:59.657441,29.27853012084961
2026-04-25 07:19:59.855065,2026-04-25 07:19:59.855065,29.28128242492676
2026-04-25 07:20:00.055932,2026-04-25 07:20:00.055932,29.283620834350582
2026-04-25 07:20:00.256366,2026-04-25 07:20:00.256366,29.28561019897461
2026-04-25 07:20:00.455252,2026-04-25 07:20:00.455252,29.28730010986328
2026-04-25 07:20:00.657013,2026-04-25 07:20:00.657013,29.28873634338379
2026-04-25 07:20:00.857908,2026-04-25 07:20:00.857908,29.28995704650879
2026-04-25 07:20:01.058215,2026-04-25 07:20:01.058215,29.29099464416504
2026-04-25 07:20:01.260609,2026-04-25 07:20:01.260609,29.2918758392334
2026-04-25 07:20:01.456435,2026-04-25 07:20:01.456435,29.292625427246094
2026-04-25 07:20:01.657804,2026-04-25 07:20:01.657804,29.29326438903809
2026-04-25 07:20:01.856985,2026-04-25 07:20:01.856985,29.293806076049805
2026-04-25 07:20:02.057801,2026-04-25 07:20:02.057801,29.294265747070312
2026-04-25 07:20:02.255867,2026-04-25 07:20:02.255867,29.29465675354004
2026-04-25 07:20:02.456011,2026-04-25 07:20:02.456011,29.29499053955078
2026-04-25 07:20:02.657873,2026-04-25 07:20:02.657873,29.29527282714844
2026-04-25 07:20:02.856211,2026-04-25 07:20:02.856211,29.29551315307617
2026-04-25 07:20:03.055601,2026-04-25 07:20:03.055601,29.295717239379883
2026-04-25 07:20:03.257347,2026-04-25 07:20:03.257347,29.29589080810547
2026-04-25 07:20:03.455702,2026-04-25 07:20:03.455702,29.120256423950195
2026-04-25 07:20:03.657470,2026-04-25 07:20:03.657470,28.97096824645996
2026-04-25 07:20:03.854797,2026-04-25 07:20:03.854797,28.844074249267575
2026-04-25 07:20:04.055745,2026-04-25 07:20:04.055745,28.7362117767334
2026-04-25 07:20:04.255068,2026-04-25 07:20:04.255068,28.64453125
2026-04-25 07:20:04.455632,2026-04-25 07:20:04.455632,28.566600799560547
2026-04-25 07:20:04.656157,2026-04-25 07:20:04.656157,28.5003604888916
2026-04-25 07:20:04.856233,2026-04-25 07:20:04.856233,28.44405746459961
2026-04-25 07:20:05.055501,2026-04-25 07:20:05.055501,28.39619827270508
2026-04-25 07:20:05.255560,2026-04-25 07:20:05.255560,28.355518341064453
2026-04-25 07:20:05.456555,2026-04-25 07:20:05.456555,28.320940017700195
2026-04-25 07:20:05.655672,2026-04-25 07:20:05.655672,28.115768432617188
2026-04-25 07:20:05.854719,2026-04-25 07:20:05.854719,27.94137191772461
2026-04-25 07:20:06.055234,2026-04-25 07:20:06.055234,27.79313468933105
2026-04-25 07:20:06.255336,2026-04-25 07:20:06.255336,27.667133331298828
2026-04-25 07:20:06.454760,2026-04-25 07:20:06.454760,27.56003189086914
2026-04-25 07:20:06.656008,2026-04-25 07:20:06.656008,27.293214797973636
2026-04-25 07:20:06.856250,2026-04-25 07:20:06.856250,27.06641960144043
2026-04-25 07:20:07.055429,2026-04-25 07:20:07.055429,26.87364387512207
2026-04-25 07:20:07.255248,2026-04-25 07:20:07.255248,26.70978546142578
2026-04-25 07:20:07.454547,2026-04-25 07:20:07.454547,26.570505142211918
2026-04-25 07:20:07.655333,2026-04-25 07:20:07.655333,26.45211601257324
2026-04-25 07:20:07.855553,2026-04-25 07:20:07.855553,26.351486206054688
2026-04-25 07:20:08.055088,2026-04-25 07:20:08.055088,26.26595115661621
2026-04-25 07:20:08.256021,2026-04-25 07:20:08.256021,26.193246841430664
2026-04-25 07:20:08.455235,2026-04-25 07:20:08.455235,26.131446838378903
2026-04-25 07:20:08.655769,2026-04-25 07:20:08.655769,26.078916549682617
2026-04-25 07:20:08.857136,2026-04-25 07:20:08.857136,26.03426742553711
2026-04-25 07:20:09.056858,2026-04-25 07:20:09.056858,25.996315002441406
2026-04-25 07:20:09.255519,2026-04-25 07:20:09.255519,25.964054107666016
2026-04-25 07:20:09.456764,2026-04-25 07:20:09.456764,25.936634063720703
2026-04-25 07:20:09.657872,2026-04-25 07:20:09.657872,25.91332626342773
2026-04-25 07:20:09.854643,2026-04-25 07:20:09.854643,25.89351463317871
2026-04-25 07:20:10.055788,2026-04-25 07:20:10.055788,25.87667465209961
2026-04-25 07:20:10.256282,2026-04-25 07:20:10.256282,25.862361907958984
2026-04-25 07:20:10.455487,2026-04-25 07:20:10.455487,25.850194931030277
2026-04-25 07:20:10.655603,2026-04-25 07:20:10.655603,25.839853286743164
2026-04-25 07:20:10.854749,2026-04-25 07:20:10.854749,25.83106231689453
2026-04-25 07:20:11.057359,2026-04-25 07:20:11.057359,25.823591232299805
2026-04-25 07:20:11.254702,2026-04-25 07:20:11.254702,25.81723976135254
2026-04-25 07:20:11.455367,2026-04-25 07:20:11.455367,25.81184196472168
2026-04-25 07:20:11.656022,2026-04-25 07:20:11.656022,25.807252883911133
2026-04-25 07:20:11.856460,2026-04-25 07:20:11.856460,25.80335235595703
2026-04-25 07:20:12.054440,2026-04-25 07:20:12.054440,25.800037384033203
2026-04-25 07:20:12.254567,2026-04-25 07:20:12.254567,25.797218322753903
2026-04-25 07:20:12.457354,2026-04-25 07:20:12.457354,25.794822692871094
2026-04-25 07:20:12.655118,2026-04-25 07:20:12.655118,25.792787551879883
2026-04-25 07:20:25.756011,2026-04-25 07:20:25.756011,25.79105758666992
2026-04-25 07:20:25.955592,2026-04-25 07:20:25.955592,25.78958511352539
2026-04-25 07:20:26.156394,2026-04-25 07:20:26.156394,25.7883358001709
2026-04-25 07:20:26.357446,2026-04-25 07:20:26.357446,25.787273406982425
2026-04-25 07:20:26.555310,2026-04-25 07:20:26.555310,25.78636932373047
2026-04-25 07:20:26.755957,2026-04-25 07:20:26.755957,25.785600662231445
2026-04-25 07:20:26.955115,2026-04-25 07:20:26.955115,25.784948348999023
2026-04-25 07:20:27.155549,2026-04-25 07:20:27.155549,25.784393310546875
2026-04-25 07:20:27.356020,2026-04-25 07:20:27.356020,25.78392219543457
2026-04-25 07:20:27.556647,2026-04-25 07:20:27.556647,25.78352165222168
2026-04-25 07:20:27.754767,2026-04-25 07:20:27.754767,25.958961486816406
2026-04-25 07:20:27.957569,2026-04-25 07:20:27.957569,26.10808563232422
2026-04-25 07:20:28.157657,2026-04-25 07:20:28.157657,26.23484230041504
2026-04-25 07:20:28.355279,2026-04-25 07:20:28.355279,26.34258460998535
2026-04-25 07:20:28.555342,2026-04-25 07:20:28.555342,26.434165954589844
2026-04-25 07:20:28.756918,2026-04-25 07:20:28.756918,26.687789916992188
2026-04-25 07:20:28.954635,2026-04-25 07:20:28.954635,26.90337181091309
2026-04-25 07:20:29.154917,2026-04-25 07:20:29.154917,27.08661651611328
2026-04-25 07:20:29.357916,2026-04-25 07:20:29.357916,27.242374420166016
2026-04-25 07:20:29.555859,2026-04-25 07:20:29.555859,27.3747673034668
2026-04-25 07:20:29.756321,2026-04-25 07:20:29.756321,27.487302780151367
2026-04-25 07:20:29.955554,2026-04-25 07:20:29.955554,27.582956314086918
2026-04-25 07:20:30.155670,2026-04-25 07:20:30.155670,27.664262771606445
2026-04-25 07:20:30.355415,2026-04-25 07:20:30.355415,27.733373641967773
2026-04-25 07:20:30.554614,2026-04-25 07:20:30.554614,27.61633682250977
2026-04-25 07:20:30.754667,2026-04-25 07:20:30.754667,27.516855239868164
2026-04-25 07:20:30.956331,2026-04-25 07:20:30.956331,27.60807609558105
2026-04-25 07:20:31.155048,2026-04-25 07:20:31.155048,27.68561553955078
2026-04-25 07:20:31.355540,2026-04-25 07:20:31.355540,27.751522064208984
2026-04-25 07:20:31.555825,2026-04-25 07:20:31.555825,27.807544708251957
2026-04-25 07:20:31.755356,2026-04-25 07:20:31.755356,27.85516357421875
2026-04-25 07:20:31.955123,2026-04-25 07:20:31.955123,27.89563751220703
2026-04-25 07:20:32.156456,2026-04-25 07:20:32.156456,27.930042266845703
2026-04-25 07:20:32.354906,2026-04-25 07:20:32.354906,27.959285736083984
2026-04-25 07:20:32.556659,2026-04-25 07:20:32.556659,27.98414421081543
2026-04-25 07:20:32.756715,2026-04-25 07:20:32.756715,28.005271911621094
2026-04-25 07:20:32.955491,2026-04-25 07:20:32.955491,28.023231506347656
2026-04-25 07:20:33.154607,2026-04-25 07:20:33.154607,28.03849601745605
2026-04-25 07:20:33.355195,2026-04-25 07:20:33.355195,28.05147171020508
2026-04-25 07:20:33.556077,2026-04-25 07:20:33.556077,28.062501907348636
2026-04-25 07:20:33.755453,2026-04-25 07:20:33.755453,28.071876525878903
2026-04-25 07:20:33.957134,2026-04-25 07:20:33.957134,28.0798454284668
2026-04-25 07:20:34.154794,2026-04-25 07:20:34.154794,28.086618423461918
2026-04-25 07:20:34.355096,2026-04-25 07:20:34.355096,28.092374801635746
2026-04-25 07:20:34.555444,2026-04-25 07:20:34.555444,28.09726905822754
2026-04-25 07:20:34.756283,2026-04-25 07:20:34.756283,28.101428985595703
2026-04-25 07:20:34.955396,2026-04-25 07:20:34.955396,28.104965209960938
2026-04-25 07:20:35.155957,2026-04-25 07:20:35.155957,28.107969284057617
2026-04-25 07:20:35.355412,2026-04-25 07:20:35.355412,27.934743881225582
2026-04-25 07:20:35.555361,2026-04-25 07:20:35.555361,27.787500381469727
2026-04-25 07:20:35.754868,2026-04-25 07:20:35.754868,27.66234397888184
2026-04-25 07:20:35.956489,2026-04-25 07:20:35.956489,27.55596160888672
2026-04-25 07:20:36.154843,2026-04-25 07:20:36.154843,27.46553611755371
2026-04-25 07:20:36.355609,2026-04-25 07:20:36.355609,27.388673782348636
2026-04-25 07:20:36.555252,2026-04-25 07:20:36.555252,27.323341369628903
2026-04-25 07:20:36.755320,2026-04-25 07:20:36.755320,27.26780891418457
2026-04-25 07:20:36.955387,2026-04-25 07:20:36.955387,27.220605850219727
2026-04-25 07:20:37.155350,2026-04-25 07:20:37.155350,27.18048477172852
2026-04-25 07:20:37.354679,2026-04-25 07:20:37.354679,27.146381378173828
2026-04-25 07:20:37.555248,2026-04-25 07:20:37.555248,26.94161033630371
2026-04-25 07:20:37.754916,2026-04-25 07:20:37.754916,26.76755714416504
2026-04-25 07:20:37.957011,2026-04-25 07:20:37.957011,26.619609832763672
2026-04-25 07:20:38.155376,2026-04-25 07:20:38.155376,26.49385643005371
2026-04-25 07:20:38.357467,2026-04-25 07:20:38.357467,26.211183547973636
2026-04-25 07:20:38.557625,2026-04-25 07:20:38.557625,25.79513168334961
2026-04-25 07:20:38.754847,2026-04-25 07:20:38.754847,25.265705108642575
2026-04-25 07:20:38.955046,2026-04-25 07:20:38.955046,24.991474151611328
2026-04-25 07:20:39.155322,2026-04-25 07:20:39.155322,24.582597732543945
2026-04-25 07:20:39.354543,2026-04-25 07:20:39.354543,24.23505210876465
2026-04-25 07:20:39.557335,2026-04-25 07:20:39.557335,23.939638137817383
2026-04-25 07:20:39.755972,2026-04-25 07:20:39.755972,23.512754440307617
2026-04-25 07:20:39.956756,2026-04-25 07:20:39.956756,22.974123001098636
2026-04-25 07:20:40.154689,2026-04-25 07:20:40.154689,22.340503692626957
2026-04-25 07:20:40.355029,2026-04-25 07:20:40.355029,21.80192756652832
2026-04-25 07:20:40.557564,2026-04-25 07:20:40.557564,21.344139099121094
2026-04-25 07:20:40.755414,2026-04-25 07:20:40.755414,20.955018997192383
2026-04-25 07:20:40.955861,2026-04-25 07:20:40.955861,20.624265670776367
2026-04-25 07:20:41.155862,2026-04-25 07:20:41.155862,20.34312629699707
2026-04-25 07:20:41.357865,2026-04-25 07:20:41.357865,20.279937744140625
2026-04-25 07:20:41.556934,2026-04-25 07:20:41.556934,20.226228713989254
2026-04-25 07:20:41.758105,2026-04-25 07:20:41.758105,20.18057632446289
2026-04-25 07:20:41.957055,2026-04-25 07:20:41.957055,20.14177131652832
2026-04-25 07:20:42.156888,2026-04-25 07:20:42.156888,20.10878562927246
2026-04-25 07:20:42.357329,2026-04-25 07:20:42.357329,20.08074951171875
2026-04-25 07:20:42.558177,2026-04-25 07:20:42.558177,19.88113784790039
2026-04-25 07:20:42.757321,2026-04-25 07:20:42.757321,19.71146583557129
2026-04-25 07:20:42.956685,2026-04-25 07:20:42.956685,19.56724739074707
2026-04-25 07:20:43.157397,2026-04-25 07:20:43.157397,19.620441436767575
2026-04-25 07:20:43.356995,2026-04-25 07:20:43.356995,19.6656551361084
2026-04-25 07:20:43.558835,2026-04-25 07:20:43.558835,19.70408821105957
2026-04-25 07:20:43.756171,2026-04-25 07:20:43.756171,19.912538528442383
2026-04-25 07:20:43.957054,2026-04-25 07:20:43.957054,20.089719772338867
2026-04-25 07:20:44.155889,2026-04-25 07:20:44.155889,20.240324020385746
2026-04-25 07:20:44.355326,2026-04-25 07:20:44.355326,20.368337631225582
2026-04-25 07:20:44.561967,2026-04-25 07:20:44.561967,20.477149963378903
2026-04-25 07:20:44.754747,2026-04-25 07:20:44.754747,20.745420455932617
2026-04-25 07:20:44.956614,2026-04-25 07:20:44.956614,20.973451614379883
2026-04-25 07:20:45.155377,2026-04-25 07:20:45.155377,21.16727828979492
2026-04-25 07:20:45.356151,2026-04-25 07:20:45.356151,21.332029342651367
2026-04-25 07:20:45.555948,2026-04-25 07:20:45.555948,21.472068786621094
2026-04-25 07:20:45.754842,2026-04-25 07:20:45.754842,21.591102600097656
2026-04-25 07:20:45.954602,2026-04-25 07:20:45.954602,20.28603172302246
2026-04-25 07:20:46.154624,2026-04-25 07:20:46.154624,19.176719665527344
2026-04-25 07:20:46.354784,2026-04-25 07:20:46.354784,19.815837860107425
2026-04-25 07:20:46.554590,2026-04-25 07:20:46.554590,18.777055740356445
2026-04-25 07:20:46.755429,2026-04-25 07:20:46.755429,20.35502815246582
2026-04-25 07:20:46.955949,2026-04-25 07:20:46.955949,21.696304321289062
2026-04-25 07:20:47.154763,2026-04-25 07:20:47.154763,22.83639144897461
2026-04-25 07:20:47.355311,2026-04-25 07:20:47.355311,23.805463790893555
2026-04-25 07:20:47.557283,2026-04-25 07:20:47.557283,24.629175186157227
2026-04-25 07:20:47.755015,2026-04-25 07:20:47.755015,25.329330444335938
2026-04-25 07:20:47.954695,2026-04-25 07:20:47.954695,25.924461364746094
2026-04-25 07:20:48.154515,2026-04-25 07:20:48.154515,26.25454330444336
2026-04-25 07:20:48.356476,2026-04-25 07:20:48.356476,26.53511047363281
2026-04-25 07:20:48.555282,2026-04-25 07:20:48.555282,26.94937515258789
2026-04-25 07:20:48.756016,2026-04-25 07:20:48.756016,27.30150032043457
2026-04-25 07:20:48.954897,2026-04-25 07:20:48.954897,27.600807189941406
2026-04-25 07:20:49.155882,2026-04-25 07:20:49.155882,27.85521697998047
2026-04-25 07:20:49.355174,2026-04-25 07:20:49.355174,27.89568519592285
2026-04-25 07:20:49.556562,2026-04-25 07:20:49.556562,28.105863571166992
2026-04-25 07:20:49.756748,2026-04-25 07:20:49.756748,28.28451538085937
2026-04-25 07:20:49.954594,2026-04-25 07:20:49.954594,28.436368942260746
2026-04-25 07:20:50.157054,2026-04-25 07:20:50.157054,28.565444946289062
2026-04-25 07:20:50.355443,2026-04-25 07:20:50.355443,28.675159454345703
2026-04-25 07:20:50.555271,2026-04-25 07:20:50.555271,28.76841735839844
2026-04-25 07:20:50.754630,2026-04-25 07:20:50.754630,28.84768486022949
2026-04-25 07:20:50.954745,2026-04-25 07:20:50.954745,28.739282608032227
2026-04-25 07:21:04.057610,2026-04-25 07:21:04.057610,28.822921752929688
2026-04-25 07:21:04.256991,2026-04-25 07:21:04.256991,28.894014358520508
2026-04-25 07:21:04.456113,2026-04-25 07:21:04.456113,28.954442977905277
2026-04-25 07:21:04.659111,2026-04-25 07:21:04.659111,29.005807876586918
2026-04-25 07:21:04.859088,2026-04-25 07:21:04.859088,29.049468994140625
2026-04-25 07:21:05.056514,2026-04-25 07:21:05.056514,29.086578369140625
2026-04-25 07:21:05.255561,2026-04-25 07:21:05.255561,29.11812400817871
2026-04-25 07:21:05.456475,2026-04-25 07:21:05.456475,29.14493560791016
2026-04-25 07:21:05.656066,2026-04-25 07:21:05.656066,29.167726516723636
2026-04-25 07:21:05.859064,2026-04-25 07:21:05.859064,29.18709945678711
2026-04-25 07:21:06.054710,2026-04-25 07:21:06.054710,29.20356559753418
2026-04-25 07:21:06.254662,2026-04-25 07:21:06.254662,29.21756172180176
2026-04-25 07:21:06.457130,2026-04-25 07:21:06.457130,29.22945976257324
2026-04-25 07:21:06.656124,2026-04-25 07:21:06.656124,29.23957061767578
2026-04-25 07:21:06.856958,2026-04-25 07:21:06.856958,29.248167037963867
2026-04-25 07:21:07.055918,2026-04-25 07:21:07.055918,29.25547409057617
2026-04-25 07:21:07.256357,2026-04-25 07:21:07.256357,29.261682510375977
2026-04-25 07:21:07.455825,2026-04-25 07:21:07.455825,29.2669620513916
2026-04-25 07:21:07.654722,2026-04-25 07:21:07.654722,29.27145004272461
2026-04-25 07:21:07.855071,2026-04-25 07:21:07.855071,29.0994815826416
2026-04-25 07:21:08.055012,2026-04-25 07:21:08.055012,28.953310012817383
2026-04-25 07:21:08.254901,2026-04-25 07:21:08.254901,29.004844665527344
2026-04-25 07:21:08.455403,2026-04-25 07:21:08.455403,29.04864883422852
2026-04-25 07:21:08.659153,2026-04-25 07:21:08.659153,29.08588218688965
2026-04-25 07:21:08.854702,2026-04-25 07:21:08.854702,29.117530822753903
2026-04-25 07:21:09.055182,2026-04-25 07:21:09.055182,29.144433975219727
2026-04-25 07:21:09.255352,2026-04-25 07:21:09.255352,28.991518020629883
2026-04-25 07:21:09.455395,2026-04-25 07:21:09.455395,28.86153984069824
2026-04-25 07:21:09.655784,2026-04-25 07:21:09.655784,28.75105857849121
2026-04-25 07:21:09.855305,2026-04-25 07:21:09.855305,28.657150268554688
2026-04-25 07:21:10.055490,2026-04-25 07:21:10.055490,28.577327728271484
2026-04-25 07:21:10.254936,2026-04-25 07:21:10.254936,28.50947952270508
2026-04-25 07:21:10.455664,2026-04-25 07:21:10.455664,28.451807022094727
2026-04-25 07:21:10.655245,2026-04-25 07:21:10.655245,28.40278625488281
2026-04-25 07:21:10.854745,2026-04-25 07:21:10.854745,28.36111831665039
2026-04-25 07:21:11.056333,2026-04-25 07:21:11.056333,28.32570075988769
2026-04-25 07:21:11.255835,2026-04-25 07:21:11.255835,28.295595169067383
2026-04-25 07:21:11.456330,2026-04-25 07:21:11.456330,28.27000617980957
2026-04-25 07:21:11.655006,2026-04-25 07:21:11.655006,28.248254776000977
2026-04-25 07:21:11.855177,2026-04-25 07:21:11.855177,28.229766845703125
2026-04-25 07:21:12.055830,2026-04-25 07:21:12.055830,28.214052200317383
2026-04-25 07:21:12.255264,2026-04-25 07:21:12.255264,28.200693130493164
2026-04-25 07:21:12.455050,2026-04-25 07:21:12.455050,28.365121841430664
2026-04-25 07:21:12.654721,2026-04-25 07:21:12.654721,28.504884719848636
2026-04-25 07:21:12.855368,2026-04-25 07:21:12.855368,28.623682022094727
2026-04-25 07:21:13.058043,2026-04-25 07:21:13.058043,28.72466087341309
2026-04-25 07:21:13.254737,2026-04-25 07:21:13.254737,28.81049346923828
2026-04-25 07:21:13.455165,2026-04-25 07:21:13.455165,28.707670211791992
2026-04-25 07:21:13.655991,2026-04-25 07:21:13.655991,28.796051025390625
2026-04-25 07:21:13.855310,2026-04-25 07:21:13.855310,28.871173858642575
2026-04-25 07:21:14.056376,2026-04-25 07:21:14.056376,28.935029983520508
2026-04-25 07:21:14.256696,2026-04-25 07:21:14.256696,28.98930549621582
2026-04-25 07:21:14.455371,2026-04-25 07:21:14.455371,29.03544235229492
2026-04-25 07:21:14.654758,2026-04-25 07:21:14.654758,29.074655532836918
2026-04-25 07:21:14.854915,2026-04-25 07:21:14.854915,29.107988357543945
2026-04-25 07:21:15.055588,2026-04-25 07:21:15.055588,29.13632202148437
2026-04-25 07:21:15.254433,2026-04-25 07:21:15.254433,29.160404205322266
2026-04-25 07:21:15.455061,2026-04-25 07:21:15.455061,29.18087577819824
2026-04-25 07:21:15.655914,2026-04-25 07:21:15.655914,29.19827461242676
2026-04-25 07:21:15.856133,2026-04-25 07:21:15.856133,29.03728485107422
2026-04-25 07:21:16.055909,2026-04-25 07:21:16.055909,28.90044212341309
2026-04-25 07:21:16.255411,2026-04-25 07:21:16.255411,28.78412437438965
2026-04-25 07:21:16.456215,2026-04-25 07:21:16.456215,28.68525695800781
2026-04-25 07:21:16.654837,2026-04-25 07:21:16.654837,28.60121726989746
2026-04-25 07:21:16.857052,2026-04-25 07:21:16.857052,28.52978515625
2026-04-25 07:21:17.054959,2026-04-25 07:21:17.054959,28.469066619873047
2026-04-25 07:21:17.257554,2026-04-25 07:21:17.257554,28.417457580566406
2026-04-25 07:21:17.455312,2026-04-25 07:21:17.455312,25.56108856201172
2026-04-25 07:21:17.655912,2026-04-25 07:21:17.655912,23.133174896240234
2026-04-25 07:21:17.856683,2026-04-25 07:21:17.856683,21.069448471069336
2026-04-25 07:21:18.056312,2026-04-25 07:21:18.056312,19.49106216430664
2026-04-25 07:21:18.255243,2026-04-25 07:21:18.255243,18.14943504333496
2026-04-25 07:21:18.454631,2026-04-25 07:21:18.454631,16.833269119262695
2026-04-25 07:21:18.656628,2026-04-25 07:21:18.656628,15.890310287475586
2026-04-25 07:21:18.860132,2026-04-25 07:21:18.860132,15.264575958251951
2026-04-25 07:21:19.055886,2026-04-25 07:21:19.055886,14.732702255249023
2026-04-25 07:21:19.256642,2026-04-25 07:21:19.256642,14.280609130859377
2026-04-25 07:21:19.455789,2026-04-25 07:21:19.455789,14.07211208343506
2026-04-25 07:21:19.655804,2026-04-25 07:21:19.655804,14.070670127868652
2026-04-25 07:21:19.855646,2026-04-25 07:21:19.855646,14.06944465637207
2026-04-25 07:21:20.056850,2026-04-25 07:21:20.056850,14.068403244018556
2026-04-25 07:21:20.256470,2026-04-25 07:21:20.256470,14.243298530578612
2026-04-25 07:21:20.455725,2026-04-25 07:21:20.455725,14.391960144042969
2026-04-25 07:21:20.658327,2026-04-25 07:21:20.658327,14.518321990966797
2026-04-25 07:21:20.855772,2026-04-25 07:21:20.855772,14.625730514526367
2026-04-25 07:21:21.055454,2026-04-25 07:21:21.055454,14.541245460510254
2026-04-25 07:21:21.257077,2026-04-25 07:21:21.257077,14.469433784484863
2026-04-25 07:21:21.460115,2026-04-25 07:21:21.460115,14.58417510986328
2026-04-25 07:21:21.656792,2026-04-25 07:21:21.656792,14.505924224853516
2026-04-25 07:21:21.855760,2026-04-25 07:21:21.855760,14.439410209655762
2026-04-25 07:21:22.056366,2026-04-25 07:21:22.056366,14.38287353515625
2026-04-25 07:21:22.257164,2026-04-25 07:21:22.257164,14.33481788635254
2026-04-25 07:21:22.455278,2026-04-25 07:21:22.455278,14.469751358032228
2026-04-25 07:21:22.655543,2026-04-25 07:21:22.655543,14.584444999694824
2026-04-25 07:21:22.856694,2026-04-25 07:21:22.856694,14.681934356689451
2026-04-25 07:21:23.056662,2026-04-25 07:21:23.056662,14.764800071716309
2026-04-25 07:21:23.256227,2026-04-25 07:21:23.256227,14.83523654937744
2026-04-25 07:21:23.458108,2026-04-25 07:21:23.458108,15.07088851928711
2026-04-25 07:21:23.658383,2026-04-25 07:21:23.658383,15.44697380065918
2026-04-25 07:21:23.857174,2026-04-25 07:21:23.857174,16.293991088867188
2026-04-25 07:21:24.056158,2026-04-25 07:21:24.056158,16.310829162597656
2026-04-25 07:21:24.257375,2026-04-25 07:21:24.257375,16.32514190673828
2026-04-25 07:21:24.456057,2026-04-25 07:21:24.456057,16.161527633666992
2026-04-25 07:21:24.656463,2026-04-25 07:21:24.656463,16.0224552154541
2026-04-25 07:21:24.857245,2026-04-25 07:21:24.857245,15.904242515563965
2026-04-25 07:21:25.055356,2026-04-25 07:21:25.055356,15.627981185913086
2026-04-25 07:21:25.256666,2026-04-25 07:21:25.256666,15.393158912658691
2026-04-25 07:21:25.456664,2026-04-25 07:21:25.456664,15.369341850280762
2026-04-25 07:21:25.656929,2026-04-25 07:21:25.656929,15.173315048217772
2026-04-25 07:21:25.855137,2026-04-25 07:21:25.855137,15.00669288635254
2026-04-25 07:21:26.055255,2026-04-25 07:21:26.055255,14.689282417297363
2026-04-25 07:21:26.254818,2026-04-25 07:21:26.254818,14.41948413848877
2026-04-25 07:21:26.454366,2026-04-25 07:21:26.454366,14.190155029296877
2026-04-25 07:21:26.656338,2026-04-25 07:21:26.656338,15.57725715637207
2026-04-25 07:21:26.855177,2026-04-25 07:21:26.855177,16.75629425048828
2026-04-25 07:21:27.055612,2026-04-25 07:21:27.055612,16.176443099975586
2026-04-25 07:21:27.256831,2026-04-25 07:21:27.256831,15.683570861816406
2026-04-25 07:21:27.455293,2026-04-25 07:21:27.455293,15.264628410339355
2026-04-25 07:21:27.654706,2026-04-25 07:21:27.654706,16.666339874267578
2026-04-25 07:21:27.856416,2026-04-25 07:21:27.856416,17.85779571533203
2026-04-25 07:21:28.056844,2026-04-25 07:21:28.056844,18.870532989501957
2026-04-25 07:21:28.255074,2026-04-25 07:21:28.255074,17.797765731811523
2026-04-25 07:21:28.454738,2026-04-25 07:21:28.454738,17.061695098876953
2026-04-25 07:21:28.657370,2026-04-25 07:21:28.657370,16.260251998901367
2026-04-25 07:21:28.854987,2026-04-25 07:21:28.854987,15.57902717590332
2026-04-25 07:21:29.055796,2026-04-25 07:21:29.055796,14.999985694885254
2026-04-25 07:21:29.255413,2026-04-25 07:21:29.255413,14.507800102233888
2026-04-25 07:21:42.360461,2026-04-25 07:21:42.360461,13.913661003112791
2026-04-25 07:21:42.559358,2026-04-25 07:21:42.559358,13.40864372253418
2026-04-25 07:21:42.756992,2026-04-25 07:21:42.756992,12.979378700256348
2026-04-25 07:21:42.959016,2026-04-25 07:21:42.959016,12.614502906799316
2026-04-25 07:21:43.156628,2026-04-25 07:21:43.156628,12.30435848236084
2026-04-25 07:21:43.357513,2026-04-25 07:21:43.357513,14.150111198425291
2026-04-25 07:21:43.560656,2026-04-25 07:21:43.560656,13.609625816345217
2026-04-25 07:21:43.758695,2026-04-25 07:21:43.758695,13.150213241577148
2026-04-25 07:21:43.957704,2026-04-25 07:21:43.957704,12.75971221923828
2026-04-25 07:21:44.158171,2026-04-25 07:21:44.158171,12.427786827087402
2026-04-25 07:21:44.356584,2026-04-25 07:21:44.356584,12.145649909973145
2026-04-25 07:21:44.556615,2026-04-25 07:21:44.556615,11.905834197998049
2026-04-25 07:21:44.757363,2026-04-25 07:21:44.757363,11.701990127563477
2026-04-25 07:21:44.956080,2026-04-25 07:21:44.956080,11.528722763061523
2026-04-25 07:21:45.159508,2026-04-25 07:21:45.159508,11.38144588470459
2026-04-25 07:21:45.356671,2026-04-25 07:21:45.356671,11.25625991821289
2026-04-25 07:21:45.556833,2026-04-25 07:21:45.556833,10.97407054901123
2026-04-25 07:21:45.754776,2026-04-25 07:21:45.754776,10.734210014343262
2026-04-25 07:21:45.955236,2026-04-25 07:21:45.955236,10.530328750610352
2026-04-25 07:21:46.158070,2026-04-25 07:21:46.158070,10.357029914855955
2026-04-25 07:21:46.359931,2026-04-25 07:21:46.359931,10.209725379943848
2026-04-25 07:21:46.555475,2026-04-25 07:21:46.555475,9.908735275268556
2026-04-25 07:21:46.754799,2026-04-25 07:21:46.754799,9.65289306640625
2026-04-25 07:21:46.956569,2026-04-25 07:21:46.956569,9.611209869384766
2026-04-25 07:21:47.154697,2026-04-25 07:21:47.154697,11.685153007507324
2026-04-25 07:21:47.355062,2026-04-25 07:21:47.355062,13.448004722595217
2026-04-25 07:21:47.555587,2026-04-25 07:21:47.555587,14.946429252624512
2026-04-25 07:21:47.755105,2026-04-25 07:21:47.755105,16.220090866088867
2026-04-25 07:21:47.955634,2026-04-25 07:21:47.955634,17.302701950073242
2026-04-25 07:21:48.158506,2026-04-25 07:21:48.158506,18.22292137145996
2026-04-25 07:21:48.356999,2026-04-25 07:21:48.356999,19.005107879638672
2026-04-25 07:21:48.556948,2026-04-25 07:21:48.556948,19.669967651367188
2026-04-25 07:21:48.755080,2026-04-25 07:21:48.755080,20.235095977783203
2026-04-25 07:21:48.955529,2026-04-25 07:21:48.955529,20.71545791625977
2026-04-25 07:21:49.155061,2026-04-25 07:21:49.155061,21.123764038085938
2026-04-25 07:21:49.355270,2026-04-25 07:21:49.355270,21.470823287963867
2026-04-25 07:21:49.554637,2026-04-25 07:21:49.554637,21.765825271606445
2026-04-25 07:21:49.755659,2026-04-25 07:21:49.755659,22.016576766967773
2026-04-25 07:21:49.955560,2026-04-25 07:21:49.955560,22.22971534729004
2026-04-25 07:21:50.160127,2026-04-25 07:21:50.160127,22.4108829498291
2026-04-25 07:21:50.356283,2026-04-25 07:21:50.356283,22.56487464904785
2026-04-25 07:21:50.555398,2026-04-25 07:21:50.555398,22.69576835632324
2026-04-25 07:21:50.755194,2026-04-25 07:21:50.755194,22.982810974121094
2026-04-25 07:21:50.954976,2026-04-25 07:21:50.954976,23.226795196533203
2026-04-25 07:21:51.157860,2026-04-25 07:21:51.157860,23.434181213378903
2026-04-25 07:21:51.361109,2026-04-25 07:21:51.361109,23.61046028137207
2026-04-25 07:21:51.555370,2026-04-25 07:21:51.555370,23.760297775268555
2026-04-25 07:21:51.755854,2026-04-25 07:21:51.755854,23.887659072875977
2026-04-25 07:21:51.956678,2026-04-25 07:21:51.956678,24.17169761657715
2026-04-25 07:21:52.155240,2026-04-25 07:21:52.155240,24.413131713867188
2026-04-25 07:21:52.354745,2026-04-25 07:21:52.354745,24.618349075317383
2026-04-25 07:21:52.554810,2026-04-25 07:21:52.554810,24.792783737182617
2026-04-25 07:21:52.756474,2026-04-25 07:21:52.756474,25.11683464050293
2026-04-25 07:21:52.955768,2026-04-25 07:21:52.955768,25.21649742126465
2026-04-25 07:21:53.156444,2026-04-25 07:21:53.156444,25.301210403442383
2026-04-25 07:21:53.355996,2026-04-25 07:21:53.355996,25.37321662902832
2026-04-25 07:21:53.555425,2026-04-25 07:21:53.555425,25.43442153930664
2026-04-25 07:21:53.756723,2026-04-25 07:21:53.756723,25.486446380615234
2026-04-25 07:21:53.955264,2026-04-25 07:21:53.955264,25.53066635131836
2026-04-25 07:21:54.155494,2026-04-25 07:21:54.155494,25.568254470825195
2026-04-25 07:21:54.355931,2026-04-25 07:21:54.355931,25.600202560424805
2026-04-25 07:21:54.555804,2026-04-25 07:21:54.555804,25.62735939025879
2026-04-25 07:21:54.756003,2026-04-25 07:21:54.756003,25.65044403076172
2026-04-25 07:21:54.955304,2026-04-25 07:21:54.955304,25.67006492614746
2026-04-25 07:21:55.158525,2026-04-25 07:21:55.158525,25.686742782592773
2026-04-25 07:21:55.357803,2026-04-25 07:21:55.357803,25.70091819763184
2026-04-25 07:21:55.556036,2026-04-25 07:21:55.556036,25.712968826293945
2026-04-25 07:21:55.754653,2026-04-25 07:21:55.754653,25.72321128845215
2026-04-25 07:21:55.955874,2026-04-25 07:21:55.955874,25.556135177612305
2026-04-25 07:21:56.154708,2026-04-25 07:21:56.154708,25.414121627807617
2026-04-25 07:21:56.356377,2026-04-25 07:21:56.356377,25.29340934753418
2026-04-25 07:21:56.554624,2026-04-25 07:21:56.554624,25.19080352783203
2026-04-25 07:21:56.755425,2026-04-25 07:21:56.755425,25.10359001159668
2026-04-25 07:21:56.954733,2026-04-25 07:21:56.954733,25.02945709228516
2026-04-25 07:21:57.158685,2026-04-25 07:21:57.158685,24.96644592285156
2026-04-25 07:21:57.357021,2026-04-25 07:21:57.357021,24.91288375854492
2026-04-25 07:21:57.554630,2026-04-25 07:21:57.554630,24.86735725402832
2026-04-25 07:21:57.754509,2026-04-25 07:21:57.754509,24.82866096496582
2026-04-25 07:21:57.958771,2026-04-25 07:21:57.958771,24.61998748779297
2026-04-25 07:21:58.155563,2026-04-25 07:21:58.155563,24.61839485168457
2026-04-25 07:21:58.355335,2026-04-25 07:21:58.355335,24.441261291503903
2026-04-25 07:21:58.556675,2026-04-25 07:21:58.556675,24.29069709777832
2026-04-25 07:21:58.755491,2026-04-25 07:21:58.755491,24.162717819213867
2026-04-25 07:21:58.955535,2026-04-25 07:21:58.955535,24.05393409729004
2026-04-25 07:21:59.156014,2026-04-25 07:21:59.156014,23.961469650268555
2026-04-25 07:21:59.355010,2026-04-25 07:21:59.355010,23.88287353515625
2026-04-25 07:21:59.556129,2026-04-25 07:21:59.556129,23.816068649291992
2026-04-25 07:21:59.755026,2026-04-25 07:21:59.755026,23.7592830657959
2026-04-25 07:21:59.956641,2026-04-25 07:21:59.956641,23.711015701293945
2026-04-25 07:22:00.156403,2026-04-25 07:22:00.156403,23.66998863220215
2026-04-25 07:22:00.358480,2026-04-25 07:22:00.358480,23.459333419799805
2026-04-25 07:22:00.556180,2026-04-25 07:22:00.556180,23.456058502197266
2026-04-25 07:22:00.754656,2026-04-25 07:22:00.754656,23.45327377319336
2026-04-25 07:22:00.958012,2026-04-25 07:22:00.958012,23.450908660888672
2026-04-25 07:22:01.154860,2026-04-25 07:22:01.154860,23.44889640808105
2026-04-25 07:22:01.357566,2026-04-25 07:22:01.357566,23.44718742370605
2026-04-25 07:22:01.555511,2026-04-25 07:22:01.555511,23.44573402404785
2026-04-25 07:22:01.758487,2026-04-25 07:22:01.758487,23.444499969482425
2026-04-25 07:22:01.958143,2026-04-25 07:22:01.958143,23.443449020385746
2026-04-25 07:22:02.156846,2026-04-25 07:22:02.156846,23.266775131225582
2026-04-25 07:22:02.358669,2026-04-25 07:22:02.358669,23.11660385131836
2026-04-25 07:22:02.556300,2026-04-25 07:22:02.556300,22.988956451416016
2026-04-25 07:22:02.755327,2026-04-25 07:22:02.755327,22.88045692443848
2026-04-25 07:22:02.955753,2026-04-25 07:22:02.955753,22.788232803344727
2026-04-25 07:22:03.157417,2026-04-25 07:22:03.157417,22.709840774536133
2026-04-25 07:22:03.357860,2026-04-25 07:22:03.357860,22.64320945739746
2026-04-25 07:22:03.558997,2026-04-25 07:22:03.558997,22.586570739746094
2026-04-25 07:22:03.755837,2026-04-25 07:22:03.755837,22.714210510253903
2026-04-25 07:22:03.957278,2026-04-25 07:22:03.957278,22.646923065185547
2026-04-25 07:22:04.156313,2026-04-25 07:22:04.156313,22.7655086517334
2026-04-25 07:22:04.356812,2026-04-25 07:22:04.356812,22.866308212280277
2026-04-25 07:22:04.556597,2026-04-25 07:22:04.556597,22.95198631286621
2026-04-25 07:22:04.755858,2026-04-25 07:22:04.755858,23.024812698364254
2026-04-25 07:22:04.955787,2026-04-25 07:22:04.955787,23.086715698242188
2026-04-25 07:22:05.156932,2026-04-25 07:22:05.156932,22.963552474975582
2026-04-25 07:22:05.357663,2026-04-25 07:22:05.357663,22.858863830566406
2026-04-25 07:22:05.557145,2026-04-25 07:22:05.557145,22.76987838745117
2026-04-25 07:22:05.754617,2026-04-25 07:22:05.754617,22.69424057006836
2026-04-25 07:22:05.957741,2026-04-25 07:22:05.957741,22.62994766235352
2026-04-25 07:22:06.156140,2026-04-25 07:22:06.156140,22.575300216674805
2026-04-25 07:22:06.355677,2026-04-25 07:22:06.355677,22.70462989807129
2026-04-25 07:22:06.556455,2026-04-25 07:22:06.556455,22.81455993652344
2026-04-25 07:22:06.757238,2026-04-25 07:22:06.757238,22.90800094604492
2026-04-25 07:22:06.955314,2026-04-25 07:22:06.955314,22.9874267578125
2026-04-25 07:22:07.155030,2026-04-25 07:22:07.155030,23.0549373626709
2026-04-25 07:22:07.354790,2026-04-25 07:22:07.354790,23.11232185363769
2026-04-25 07:22:07.558909,2026-04-25 07:22:07.558909,23.16109848022461
2026-04-25 07:22:20.656358,2026-04-25 07:22:20.656358,23.20255851745605
2026-04-25 07:22:20.854976,2026-04-25 07:22:20.854976,23.23780059814453
2026-04-25 07:22:21.056040,2026-04-25 07:22:21.056040,23.44353675842285
2026-04-25 07:22:21.255826,2026-04-25 07:22:21.255826,23.442630767822266
2026-04-25 07:22:21.457997,2026-04-25 07:22:21.457997,23.44186019897461
2026-04-25 07:22:21.662801,2026-04-25 07:22:21.662801,23.441205978393555
2026-04-25 07:22:21.857550,2026-04-25 07:22:21.857550,23.616432189941406
2026-04-25 07:22:22.056143,2026-04-25 07:22:22.056143,23.76537322998047
2026-04-25 07:22:22.258063,2026-04-25 07:22:22.258063,23.8919734954834
2026-04-25 07:22:22.457363,2026-04-25 07:22:22.457363,23.999584197998047
2026-04-25 07:22:22.659558,2026-04-25 07:22:22.659558,24.091053009033203
2026-04-25 07:22:22.860801,2026-04-25 07:22:22.860801,24.168800354003903
2026-04-25 07:22:23.057398,2026-04-25 07:22:23.057398,24.234886169433597
2026-04-25 07:22:23.261031,2026-04-25 07:22:23.261031,24.291059494018555
2026-04-25 07:22:23.458042,2026-04-25 07:22:23.458042,24.338808059692383
2026-04-25 07:22:23.657032,2026-04-25 07:22:23.657032,24.379392623901367
2026-04-25 07:22:23.858202,2026-04-25 07:22:23.858202,24.589672088623047
2026-04-25 07:22:24.057561,2026-04-25 07:22:24.057561,24.768407821655277
2026-04-25 07:22:24.255758,2026-04-25 07:22:24.255758,24.744552612304688
2026-04-25 07:22:24.455499,2026-04-25 07:22:24.455499,24.724275588989254
2026-04-25 07:22:24.661104,2026-04-25 07:22:24.661104,24.882822036743164
2026-04-25 07:22:24.857835,2026-04-25 07:22:24.857835,25.01758575439453
2026-04-25 07:22:25.059070,2026-04-25 07:22:25.059070,25.13213539123535
2026-04-25 07:22:25.255482,2026-04-25 07:22:25.255482,25.2295036315918
2026-04-25 07:22:25.456352,2026-04-25 07:22:25.456352,25.312265396118164
2026-04-25 07:22:25.656240,2026-04-25 07:22:25.656240,25.382612228393555
2026-04-25 07:22:25.865710,2026-04-25 07:22:25.865710,25.442407608032227
2026-04-25 07:22:26.056842,2026-04-25 07:22:26.056842,23.03229713439941
2026-04-25 07:22:26.256455,2026-04-25 07:22:26.256455,23.444639205932617
2026-04-25 07:22:26.456836,2026-04-25 07:22:26.456836,21.33419418334961
2026-04-25 07:22:26.655298,2026-04-25 07:22:26.655298,19.54031562805176
2026-04-25 07:22:26.856565,2026-04-25 07:22:26.856565,18.01551818847656
2026-04-25 07:22:27.054930,2026-04-25 07:22:27.054930,16.719440460205078
2026-04-25 07:22:27.256411,2026-04-25 07:22:27.256411,18.078712463378903
2026-04-25 07:22:27.456178,2026-04-25 07:22:27.456178,16.773155212402344
2026-04-25 07:22:27.654918,2026-04-25 07:22:27.654918,15.66343116760254
2026-04-25 07:22:27.855185,2026-04-25 07:22:27.855185,17.18110466003418
2026-04-25 07:22:28.054807,2026-04-25 07:22:28.054807,16.185970306396484
2026-04-25 07:22:28.255973,2026-04-25 07:22:28.255973,15.340106010437012
2026-04-25 07:22:28.457924,2026-04-25 07:22:28.457924,14.621121406555176
2026-04-25 07:22:28.655550,2026-04-25 07:22:28.655550,14.009984016418455
2026-04-25 07:22:28.856472,2026-04-25 07:22:28.856472,13.490517616271973
2026-04-25 07:22:29.061534,2026-04-25 07:22:29.061534,13.04897117614746
2026-04-25 07:22:29.255912,2026-04-25 07:22:29.255912,12.497875213623049
2026-04-25 07:22:29.457421,2026-04-25 07:22:29.457421,11.853663444519045
2026-04-25 07:22:29.654711,2026-04-25 07:22:29.654711,11.130301475524902
2026-04-25 07:22:29.855104,2026-04-25 07:22:29.855104,10.691225051879885
2026-04-25 07:22:30.055259,2026-04-25 07:22:30.055259,10.84535312652588
2026-04-25 07:22:30.255470,2026-04-25 07:22:30.255470,10.976363182067873
2026-04-25 07:22:30.456124,2026-04-25 07:22:30.456124,11.08772087097168
2026-04-25 07:22:30.656460,2026-04-25 07:22:30.656460,11.182374954223633
2026-04-25 07:22:30.858207,2026-04-25 07:22:30.858207,11.262831687927246
2026-04-25 07:22:31.056350,2026-04-25 07:22:31.056350,11.331219673156738
2026-04-25 07:22:31.255591,2026-04-25 07:22:31.255591,11.213567733764648
2026-04-25 07:22:31.458308,2026-04-25 07:22:31.458308,11.113563537597656
2026-04-25 07:22:31.655396,2026-04-25 07:22:31.655396,11.204341888427734
2026-04-25 07:22:31.858665,2026-04-25 07:22:31.858665,11.281502723693848
2026-04-25 07:22:32.055495,2026-04-25 07:22:32.055495,11.347089767456056
2026-04-25 07:22:32.255233,2026-04-25 07:22:32.255233,11.402838706970217
2026-04-25 07:22:32.455009,2026-04-25 07:22:32.455009,11.626007080078123
2026-04-25 07:22:32.655397,2026-04-25 07:22:32.655397,11.815699577331545
2026-04-25 07:22:32.858394,2026-04-25 07:22:32.858394,11.801156997680664
2026-04-25 07:22:33.056376,2026-04-25 07:22:33.056376,11.788796424865724
2026-04-25 07:22:33.255310,2026-04-25 07:22:33.255310,11.77828884124756
2026-04-25 07:22:33.455301,2026-04-25 07:22:33.455301,11.76935863494873
2026-04-25 07:22:33.655297,2026-04-25 07:22:33.655297,11.761767387390137
2026-04-25 07:22:33.856446,2026-04-25 07:22:33.856446,11.755314826965332
2026-04-25 07:22:34.055269,2026-04-25 07:22:34.055269,11.74983024597168
2026-04-25 07:22:34.255564,2026-04-25 07:22:34.255564,11.74516773223877
2026-04-25 07:22:34.454846,2026-04-25 07:22:34.454846,11.741205215454102
2026-04-25 07:22:34.656410,2026-04-25 07:22:34.656410,11.737836837768556
2026-04-25 07:22:34.855654,2026-04-25 07:22:34.855654,11.734973907470703
2026-04-25 07:22:35.055624,2026-04-25 07:22:35.055624,11.732540130615234
2026-04-25 07:22:35.256643,2026-04-25 07:22:35.256643,11.90625286102295
2026-04-25 07:22:35.455263,2026-04-25 07:22:35.455263,12.053908348083496
2026-04-25 07:22:35.654793,2026-04-25 07:22:35.654793,12.17941665649414
2026-04-25 07:22:35.855380,2026-04-25 07:22:35.855380,12.286097526550291
2026-04-25 07:22:36.054817,2026-04-25 07:22:36.054817,12.376776695251465
2026-04-25 07:22:36.259539,2026-04-25 07:22:36.259539,12.453853607177734
2026-04-25 07:22:36.455318,2026-04-25 07:22:36.455318,12.695150375366213
2026-04-25 07:22:36.656197,2026-04-25 07:22:36.656197,12.900253295898438
2026-04-25 07:22:36.857929,2026-04-25 07:22:36.857929,13.074590682983398
2026-04-25 07:22:37.055988,2026-04-25 07:22:37.055988,13.222776412963867
2026-04-25 07:22:37.255233,2026-04-25 07:22:37.255233,13.348734855651855
2026-04-25 07:22:37.455521,2026-04-25 07:22:37.455521,13.45580005645752
2026-04-25 07:22:37.655466,2026-04-25 07:22:37.655466,13.722586631774902
2026-04-25 07:22:37.855735,2026-04-25 07:22:37.855735,13.94935417175293
2026-04-25 07:22:38.056226,2026-04-25 07:22:38.056226,14.142107963562012
2026-04-25 07:22:38.255247,2026-04-25 07:22:38.255247,14.305947303771973
2026-04-25 07:22:38.455316,2026-04-25 07:22:38.455316,14.44521141052246
2026-04-25 07:22:38.656242,2026-04-25 07:22:38.656242,14.563586235046388
2026-04-25 07:22:38.856181,2026-04-25 07:22:38.856181,14.664204597473145
2026-04-25 07:22:39.054848,2026-04-25 07:22:39.054848,14.925511360168455
2026-04-25 07:22:39.255400,2026-04-25 07:22:39.255400,15.147622108459473
2026-04-25 07:22:39.455205,2026-04-25 07:22:39.455205,15.336416244506836
2026-04-25 07:22:39.655417,2026-04-25 07:22:39.655417,15.496891021728516
2026-04-25 07:22:39.857818,2026-04-25 07:22:39.857818,15.633295059204102
2026-04-25 07:22:40.055734,2026-04-25 07:22:40.055734,15.925019264221191
2026-04-25 07:22:40.255882,2026-04-25 07:22:40.255882,16.172985076904297
2026-04-25 07:22:40.455500,2026-04-25 07:22:40.455500,16.383756637573242
2026-04-25 07:22:40.655817,2026-04-25 07:22:40.655817,16.562911987304688
2026-04-25 07:22:40.858230,2026-04-25 07:22:40.858230,16.715192794799805
2026-04-25 07:22:41.055492,2026-04-25 07:22:41.055492,16.844633102416992
2026-04-25 07:22:41.257745,2026-04-25 07:22:41.257745,16.95465660095215
2026-04-25 07:22:41.455259,2026-04-25 07:22:41.455259,17.04817771911621
2026-04-25 07:22:41.655364,2026-04-25 07:22:41.655364,17.127670288085938
2026-04-25 07:22:41.855786,2026-04-25 07:22:41.855786,17.19523811340332
2026-04-25 07:22:42.057820,2026-04-25 07:22:42.057820,17.252670288085938
2026-04-25 07:22:42.257775,2026-04-25 07:22:42.257775,17.301488876342773
2026-04-25 07:22:42.456634,2026-04-25 07:22:42.456634,17.342985153198242
2026-04-25 07:22:42.657784,2026-04-25 07:22:42.657784,17.37825584411621
2026-04-25 07:22:42.856045,2026-04-25 07:22:42.856045,17.584016799926758
2026-04-25 07:22:43.059784,2026-04-25 07:22:43.059784,17.758914947509766
2026-04-25 07:22:43.255163,2026-04-25 07:22:43.255163,17.907577514648438
2026-04-25 07:22:43.456404,2026-04-25 07:22:43.456404,17.8581600189209
2026-04-25 07:22:43.658232,2026-04-25 07:22:43.658232,17.99193572998047
2026-04-25 07:22:43.858729,2026-04-25 07:22:43.858729,18.10564613342285
2026-04-25 07:22:44.057248,2026-04-25 07:22:44.057248,18.202299118041992
2026-04-25 07:22:44.257367,2026-04-25 07:22:44.257367,18.284454345703125
2026-04-25 07:22:44.456920,2026-04-25 07:22:44.456920,18.530067443847656
2026-04-25 07:22:44.656699,2026-04-25 07:22:44.656699,18.73883819580078
2026-04-25 07:22:44.856606,2026-04-25 07:22:44.856606,18.91629409790039
2026-04-25 07:22:45.057236,2026-04-25 07:22:45.057236,19.06713104248047
2026-04-25 07:22:45.256010,2026-04-25 07:22:45.256010,19.195343017578125
2026-04-25 07:22:45.455359,2026-04-25 07:22:45.455359,19.304323196411133
2026-04-25 07:22:45.656926,2026-04-25 07:22:45.656926,19.396955490112305
2026-04-25 07:22:45.855448,2026-04-25 07:22:45.855448,19.65147399902344
2026-04-25 07:22:58.955962,2026-04-25 07:22:58.955962,19.867815017700195
2026-04-25 07:22:59.155518,2026-04-25 07:22:59.155518,20.051706314086918
2026-04-25 07:22:59.356357,2026-04-25 07:22:59.356357,20.208011627197266
2026-04-25 07:22:59.558542,2026-04-25 07:22:59.558542,20.34087371826172
2026-04-25 07:22:59.759958,2026-04-25 07:22:59.759958,20.45380401611328
2026-04-25 07:22:59.957646,2026-04-25 07:22:59.957646,20.54979705810547
2026-04-25 07:23:00.156100,2026-04-25 07:23:00.156100,20.63138961791992
2026-04-25 07:23:00.355131,2026-04-25 07:23:00.355131,20.700742721557617
2026-04-25 07:23:00.557100,2026-04-25 07:23:00.557100,20.759695053100582
2026-04-25 07:23:00.755005,2026-04-25 07:23:00.755005,20.809803009033203
2026-04-25 07:23:00.956052,2026-04-25 07:23:00.956052,21.028175354003903
2026-04-25 07:23:01.157471,2026-04-25 07:23:01.157471,21.21379280090332
2026-04-25 07:23:01.357446,2026-04-25 07:23:01.357446,21.37156867980957
2026-04-25 07:23:01.559107,2026-04-25 07:23:01.559107,21.50567626953125
2026-04-25 07:23:01.758369,2026-04-25 07:23:01.758369,21.79545021057129
2026-04-25 07:23:01.956170,2026-04-25 07:23:01.956170,22.041757583618164
2026-04-25 07:23:02.160411,2026-04-25 07:23:02.160411,22.25111961364746
2026-04-25 07:23:02.355767,2026-04-25 07:23:02.355767,22.604856491088867
2026-04-25 07:23:02.555617,2026-04-25 07:23:02.555617,22.90553474426269
2026-04-25 07:23:02.756014,2026-04-25 07:23:02.756014,23.16111183166504
2026-04-25 07:23:02.954755,2026-04-25 07:23:02.954755,23.37835121154785
2026-04-25 07:23:03.155628,2026-04-25 07:23:03.155628,23.563003540039062
2026-04-25 07:23:03.356277,2026-04-25 07:23:03.356277,23.719959259033203
2026-04-25 07:23:03.555985,2026-04-25 07:23:03.555985,24.02915382385254
2026-04-25 07:23:03.757848,2026-04-25 07:23:03.757848,24.291967391967773
2026-04-25 07:23:03.955512,2026-04-25 07:23:03.955512,24.51535987854004
2026-04-25 07:23:04.156296,2026-04-25 07:23:04.156296,24.70524406433105
2026-04-25 07:23:04.355183,2026-04-25 07:23:04.355183,24.86664390563965
2026-04-25 07:23:04.556284,2026-04-25 07:23:04.556284,25.003835678100582
2026-04-25 07:23:04.757710,2026-04-25 07:23:04.757710,25.12044715881348
2026-04-25 07:23:04.957897,2026-04-25 07:23:04.957897,25.21956825256348
2026-04-25 07:23:05.154734,2026-04-25 07:23:05.154734,25.30381965637207
2026-04-25 07:23:05.357570,2026-04-25 07:23:05.357570,25.37543487548828
2026-04-25 07:23:05.554733,2026-04-25 07:23:05.554733,25.61208915710449
2026-04-25 07:23:05.758831,2026-04-25 07:23:05.758831,25.8132438659668
2026-04-25 07:23:05.955553,2026-04-25 07:23:05.955553,25.98422622680664
2026-04-25 07:23:06.160404,2026-04-25 07:23:06.160404,26.12956047058105
2026-04-25 07:23:06.355730,2026-04-25 07:23:06.355730,26.25309562683105
2026-04-25 07:23:06.556443,2026-04-25 07:23:06.556443,26.35809898376465
2026-04-25 07:23:06.755011,2026-04-25 07:23:06.755011,26.44735336303711
2026-04-25 07:23:06.955816,2026-04-25 07:23:06.955816,26.52322006225586
2026-04-25 07:23:07.155447,2026-04-25 07:23:07.155447,26.587705612182617
2026-04-25 07:23:07.355981,2026-04-25 07:23:07.355981,26.642518997192383
2026-04-25 07:23:07.557132,2026-04-25 07:23:07.557132,26.689109802246094
2026-04-25 07:23:07.758938,2026-04-25 07:23:07.758938,26.72871208190918
2026-04-25 07:23:07.961488,2026-04-25 07:23:07.961488,26.76237297058105
2026-04-25 07:23:08.155374,2026-04-25 07:23:08.155374,26.790987014770508
2026-04-25 07:23:08.357074,2026-04-25 07:23:08.357074,26.8153076171875
2026-04-25 07:23:08.555206,2026-04-25 07:23:08.555206,26.83597946166992
2026-04-25 07:23:08.754876,2026-04-25 07:23:08.754876,26.853551864624023
2026-04-25 07:23:08.955377,2026-04-25 07:23:08.955377,26.868488311767575
2026-04-25 07:23:09.157328,2026-04-25 07:23:09.157328,26.881183624267575
2026-04-25 07:23:09.354870,2026-04-25 07:23:09.354870,26.89197540283203
2026-04-25 07:23:09.555411,2026-04-25 07:23:09.555411,26.901147842407227
2026-04-25 07:23:09.755096,2026-04-25 07:23:09.755096,26.90894317626953
2026-04-25 07:23:09.955294,2026-04-25 07:23:09.955294,26.915571212768555
2026-04-25 07:23:10.154837,2026-04-25 07:23:10.154837,26.92120361328125
2026-04-25 07:23:10.355207,2026-04-25 07:23:10.355207,26.92599296569824
2026-04-25 07:23:10.555093,2026-04-25 07:23:10.555093,26.93006134033203
2026-04-25 07:23:10.756548,2026-04-25 07:23:10.756548,26.933521270751957
2026-04-25 07:23:10.954885,2026-04-25 07:23:10.954885,26.93646240234375
2026-04-25 07:23:11.155275,2026-04-25 07:23:11.155275,26.93896102905273
2026-04-25 07:23:11.356179,2026-04-25 07:23:11.356179,26.765304565429688
2026-04-25 07:23:11.555727,2026-04-25 07:23:11.555727,26.61769676208496
2026-04-25 07:23:11.754820,2026-04-25 07:23:11.754820,26.49222946166992
2026-04-25 07:23:11.954854,2026-04-25 07:23:11.954854,26.385581970214844
2026-04-25 07:23:12.155128,2026-04-25 07:23:12.155128,26.2949333190918
2026-04-25 07:23:12.355402,2026-04-25 07:23:12.355402,26.21788024902344
2026-04-25 07:23:12.554690,2026-04-25 07:23:12.554690,26.15238571166992
2026-04-25 07:23:12.755713,2026-04-25 07:23:12.755713,26.096715927124023
2026-04-25 07:23:12.955190,2026-04-25 07:23:12.955190,26.049396514892575
2026-04-25 07:23:13.155917,2026-04-25 07:23:13.155917,24.427143096923828
2026-04-25 07:23:13.356200,2026-04-25 07:23:13.356200,22.872446060180664
2026-04-25 07:23:13.555374,2026-04-25 07:23:13.555374,21.375173568725582
2026-04-25 07:23:13.754988,2026-04-25 07:23:13.754988,20.27827262878418
2026-04-25 07:23:13.954942,2026-04-25 07:23:13.954942,19.34590530395508
2026-04-25 07:23:14.156707,2026-04-25 07:23:14.156707,18.729177474975582
2026-04-25 07:23:14.354905,2026-04-25 07:23:14.354905,18.2049560546875
2026-04-25 07:23:14.555179,2026-04-25 07:23:14.555179,17.759368896484375
2026-04-25 07:23:14.761187,2026-04-25 07:23:14.761187,17.380619049072266
2026-04-25 07:23:14.954718,2026-04-25 07:23:14.954718,16.882902145385742
2026-04-25 07:23:15.157915,2026-04-25 07:23:15.157915,16.459840774536133
2026-04-25 07:23:15.354672,2026-04-25 07:23:15.354672,16.10024070739746
2026-04-25 07:23:15.555511,2026-04-25 07:23:15.555511,15.79457950592041
2026-04-25 07:23:15.755959,2026-04-25 07:23:15.755959,15.534767150878906
2026-04-25 07:23:15.955808,2026-04-25 07:23:15.955808,15.31392765045166
2026-04-25 07:23:16.155161,2026-04-25 07:23:16.155161,15.126213073730469
2026-04-25 07:23:16.355580,2026-04-25 07:23:16.355580,14.966656684875488
2026-04-25 07:23:16.555131,2026-04-25 07:23:16.555131,14.831032752990724
2026-04-25 07:23:16.756355,2026-04-25 07:23:16.756355,14.715752601623535
2026-04-25 07:23:16.954579,2026-04-25 07:23:16.954579,14.617765426635742
2026-04-25 07:23:17.156500,2026-04-25 07:23:17.156500,14.534475326538086
2026-04-25 07:23:17.355583,2026-04-25 07:23:17.355583,14.287898063659668
2026-04-25 07:23:17.557612,2026-04-25 07:23:17.557612,13.902525901794434
2026-04-25 07:23:17.754659,2026-04-25 07:23:17.754659,13.399177551269531
2026-04-25 07:23:17.956062,2026-04-25 07:23:17.956062,12.971332550048828
2026-04-25 07:23:18.155576,2026-04-25 07:23:18.155576,12.607664108276367
2026-04-25 07:23:18.355700,2026-04-25 07:23:18.355700,12.298545837402344
2026-04-25 07:23:18.556353,2026-04-25 07:23:18.556353,11.860013961791992
2026-04-25 07:23:18.755745,2026-04-25 07:23:18.755745,11.487261772155762
2026-04-25 07:23:18.955164,2026-04-25 07:23:18.955164,11.170422554016112
2026-04-25 07:23:19.157965,2026-04-25 07:23:19.157965,10.901108741760254
2026-04-25 07:23:19.355665,2026-04-25 07:23:19.355665,13.308911323547363
2026-04-25 07:23:19.556702,2026-04-25 07:23:19.556702,15.35554313659668
2026-04-25 07:23:19.755685,2026-04-25 07:23:19.755685,17.09518051147461
2026-04-25 07:23:19.955739,2026-04-25 07:23:19.955739,18.398090362548828
2026-04-25 07:23:20.156836,2026-04-25 07:23:20.156836,19.505565643310547
2026-04-25 07:23:20.355295,2026-04-25 07:23:20.355295,20.446918487548828
2026-04-25 07:23:20.555770,2026-04-25 07:23:20.555770,21.247068405151367
2026-04-25 07:23:20.754954,2026-04-25 07:23:20.754954,21.927194595336918
2026-04-25 07:23:20.955407,2026-04-25 07:23:20.955407,22.50530242919922
2026-04-25 07:23:21.158336,2026-04-25 07:23:21.158336,23.172475814819336
2026-04-25 07:23:21.355698,2026-04-25 07:23:21.355698,23.563793182373047
2026-04-25 07:23:21.557596,2026-04-25 07:23:21.557596,23.896411895751957
2026-04-25 07:23:21.756083,2026-04-25 07:23:21.756083,24.17913627624512
2026-04-25 07:23:21.957889,2026-04-25 07:23:21.957889,24.41945457458496
2026-04-25 07:23:22.156155,2026-04-25 07:23:22.156155,24.44794273376465
2026-04-25 07:23:22.355686,2026-04-25 07:23:22.355686,24.120594024658203
2026-04-25 07:23:22.557573,2026-04-25 07:23:22.557573,23.84235000610352
2026-04-25 07:23:22.755131,2026-04-25 07:23:22.755131,23.6058406829834
2026-04-25 07:23:22.957899,2026-04-25 07:23:22.957899,23.404808044433597
2026-04-25 07:23:23.158163,2026-04-25 07:23:23.158163,23.233930587768555
2026-04-25 07:23:23.355889,2026-04-25 07:23:23.355889,23.08868408203125
2026-04-25 07:23:23.556038,2026-04-25 07:23:23.556038,23.14100646972656
2026-04-25 07:23:23.758545,2026-04-25 07:23:23.758545,23.18548011779785
2026-04-25 07:23:23.960259,2026-04-25 07:23:23.960259,23.223283767700195
2026-04-25 07:23:24.155436,2026-04-25 07:23:24.155436,23.255416870117188
2026-04-25 07:23:37.254731,2026-04-25 07:23:37.254731,23.28272819519043
2026-04-25 07:23:37.455706,2026-04-25 07:23:37.455706,23.481725692749023
2026-04-25 07:23:37.655385,2026-04-25 07:23:37.655385,23.6508731842041
2026-04-25 07:23:37.856331,2026-04-25 07:23:37.856331,23.794649124145508
2026-04-25 07:23:38.056278,2026-04-25 07:23:38.056278,23.91685676574707
2026-04-25 07:23:38.257050,2026-04-25 07:23:38.257050,24.020734786987305
2026-04-25 07:23:38.457006,2026-04-25 07:23:38.457006,24.284812927246094
2026-04-25 07:23:38.656247,2026-04-25 07:23:38.656247,24.50927734375
2026-04-25 07:23:38.855687,2026-04-25 07:23:38.855687,24.7000732421875
2026-04-25 07:23:39.054900,2026-04-25 07:23:39.054900,24.86224937438965
2026-04-25 07:23:39.260075,2026-04-25 07:23:39.260075,25.00010108947754
2026-04-25 07:23:39.455916,2026-04-25 07:23:39.455916,25.11727333068848
2026-04-25 07:23:39.657102,2026-04-25 07:23:39.657102,25.216869354248047
2026-04-25 07:23:39.855327,2026-04-25 07:23:39.855327,25.30152702331543
2026-04-25 07:23:40.055523,2026-04-25 07:23:40.055523,25.373485565185547
2026-04-25 07:23:40.255233,2026-04-25 07:23:40.255233,25.434650421142575
2026-04-25 07:23:40.457572,2026-04-25 07:23:40.457572,25.48663902282715
2026-04-25 07:23:40.655206,2026-04-25 07:23:40.655206,25.53083038330078
2026-04-25 07:23:40.856738,2026-04-25 07:23:40.856738,25.56839370727539
2026-04-25 07:23:41.055842,2026-04-25 07:23:41.055842,25.600322723388672
2026-04-25 07:23:41.257576,2026-04-25 07:23:41.257576,25.62746238708496
2026-04-25 07:23:41.457824,2026-04-25 07:23:41.457824,25.650529861450195
2026-04-25 07:23:41.655660,2026-04-25 07:23:41.655660,25.670137405395508
2026-04-25 07:23:41.857109,2026-04-25 07:23:41.857109,25.686803817749023
2026-04-25 07:23:42.057526,2026-04-25 07:23:42.057526,25.876752853393555
2026-04-25 07:23:42.257061,2026-04-25 07:23:42.257061,25.8624267578125
2026-04-25 07:23:42.458610,2026-04-25 07:23:42.458610,25.850250244140625
2026-04-25 07:23:42.656165,2026-04-25 07:23:42.656165,25.839900970458984
2026-04-25 07:23:42.855297,2026-04-25 07:23:42.855297,26.00688362121582
2026-04-25 07:23:43.056527,2026-04-25 07:23:43.056527,26.148820877075195
2026-04-25 07:23:43.257470,2026-04-25 07:23:43.257470,26.269466400146484
2026-04-25 07:23:43.464702,2026-04-25 07:23:43.464702,26.37201499938965
2026-04-25 07:23:43.656491,2026-04-25 07:23:43.656491,26.45918083190918
2026-04-25 07:23:43.859928,2026-04-25 07:23:43.859928,26.53327369689941
2026-04-25 07:23:44.055869,2026-04-25 07:23:44.055869,26.596250534057617
2026-04-25 07:23:44.256136,2026-04-25 07:23:44.256136,26.649782180786133
2026-04-25 07:23:44.459107,2026-04-25 07:23:44.459107,26.695283889770508
2026-04-25 07:23:44.657640,2026-04-25 07:23:44.657640,26.733959197998047
2026-04-25 07:23:44.858367,2026-04-25 07:23:44.858367,26.766834259033203
2026-04-25 07:23:45.061282,2026-04-25 07:23:45.061282,26.79477882385254
2026-04-25 07:23:45.256210,2026-04-25 07:23:45.256210,26.81852912902832
2026-04-25 07:23:45.457190,2026-04-25 07:23:45.457190,26.83871841430664
2026-04-25 07:23:45.655742,2026-04-25 07:23:45.655742,26.855880737304688
2026-04-25 07:23:45.855498,2026-04-25 07:23:45.855498,26.694684982299805
2026-04-25 07:23:46.056324,2026-04-25 07:23:46.056324,26.55767059326172
2026-04-25 07:23:46.255421,2026-04-25 07:23:46.255421,26.616989135742188
2026-04-25 07:23:46.456914,2026-04-25 07:23:46.456914,26.491628646850582
2026-04-25 07:23:46.656918,2026-04-25 07:23:46.656918,24.09991455078125
2026-04-25 07:23:46.854898,2026-04-25 07:23:46.854898,22.06695938110352
2026-04-25 07:23:47.055810,2026-04-25 07:23:47.055810,20.163164138793945
2026-04-25 07:23:47.256610,2026-04-25 07:23:47.256610,18.720722198486328
2026-04-25 07:23:47.458373,2026-04-25 07:23:47.458373,17.494644165039062
2026-04-25 07:23:47.659540,2026-04-25 07:23:47.659540,16.276697158813477
2026-04-25 07:23:47.856774,2026-04-25 07:23:47.856774,15.417224884033203
2026-04-25 07:23:48.057583,2026-04-25 07:23:48.057583,14.68667221069336
2026-04-25 07:23:48.254626,2026-04-25 07:23:48.254626,14.065702438354492
2026-04-25 07:23:48.456672,2026-04-25 07:23:48.456672,13.362096786499023
2026-04-25 07:23:48.655852,2026-04-25 07:23:48.655852,12.939813613891602
2026-04-25 07:23:48.856282,2026-04-25 07:23:48.856282,12.580872535705566
2026-04-25 07:23:49.055083,2026-04-25 07:23:49.055083,14.56092929840088
2026-04-25 07:23:49.256754,2026-04-25 07:23:49.256754,16.06819725036621
2026-04-25 07:23:49.455952,2026-04-25 07:23:49.455952,17.34937286376953
2026-04-25 07:23:49.655025,2026-04-25 07:23:49.655025,18.438373565673828
2026-04-25 07:23:49.857037,2026-04-25 07:23:49.857037,19.364023208618164
2026-04-25 07:23:50.055805,2026-04-25 07:23:50.055805,20.15082550048828
2026-04-25 07:23:50.255277,2026-04-25 07:23:50.255277,20.81960868835449
2026-04-25 07:23:50.455434,2026-04-25 07:23:50.455434,21.388072967529297
2026-04-25 07:23:50.656813,2026-04-25 07:23:50.656813,21.87126922607422
2026-04-25 07:23:50.855934,2026-04-25 07:23:50.855934,22.281984329223636
2026-04-25 07:23:51.055520,2026-04-25 07:23:51.055520,22.63109397888184
2026-04-25 07:23:51.256038,2026-04-25 07:23:51.256038,22.92783546447754
2026-04-25 07:23:51.455481,2026-04-25 07:23:51.455481,23.18006706237793
2026-04-25 07:23:51.654687,2026-04-25 07:23:51.654687,23.57024383544922
2026-04-25 07:23:51.855365,2026-04-25 07:23:51.855365,23.72611427307129
2026-04-25 07:23:52.055325,2026-04-25 07:23:52.055325,23.85860252380371
2026-04-25 07:23:52.255576,2026-04-25 07:23:52.255576,23.97121810913086
2026-04-25 07:23:52.455538,2026-04-25 07:23:52.455538,24.06694221496582
2026-04-25 07:23:52.655122,2026-04-25 07:23:52.655122,24.14830780029297
2026-04-25 07:23:52.855590,2026-04-25 07:23:52.855590,24.21746635437012
2026-04-25 07:23:53.055223,2026-04-25 07:23:53.055223,24.27625274658203
2026-04-25 07:23:53.256326,2026-04-25 07:23:53.256326,24.326221466064453
2026-04-25 07:23:53.456626,2026-04-25 07:23:53.456626,21.90775680541992
2026-04-25 07:23:53.656922,2026-04-25 07:23:53.656922,19.8520622253418
2026-04-25 07:23:53.855067,2026-04-25 07:23:53.855067,18.104721069335938
2026-04-25 07:23:54.054789,2026-04-25 07:23:54.054789,16.619482040405273
2026-04-25 07:23:54.268421,2026-04-25 07:23:54.268421,15.35702896118164
2026-04-25 07:23:54.455923,2026-04-25 07:23:54.455923,14.283943176269531
2026-04-25 07:23:54.656336,2026-04-25 07:23:54.656336,15.832757949829102
2026-04-25 07:23:54.856628,2026-04-25 07:23:54.856628,17.325031280517578
2026-04-25 07:23:55.067209,2026-04-25 07:23:55.067209,18.59346389770508
2026-04-25 07:23:55.255395,2026-04-25 07:23:55.255395,19.671632766723636
2026-04-25 07:23:55.454887,2026-04-25 07:23:55.454887,20.588075637817383
2026-04-25 07:23:55.656431,2026-04-25 07:23:55.656431,21.36705207824707
2026-04-25 07:23:55.856340,2026-04-25 07:23:55.856340,22.0291805267334
2026-04-25 07:23:56.065972,2026-04-25 07:23:56.065972,22.416210174560547
2026-04-25 07:23:56.255954,2026-04-25 07:23:56.255954,22.92096519470215
2026-04-25 07:23:56.455313,2026-04-25 07:23:56.455313,23.174226760864254
2026-04-25 07:23:56.654596,2026-04-25 07:23:56.654596,23.21371841430664
2026-04-25 07:23:56.866197,2026-04-25 07:23:56.866197,23.423067092895508
2026-04-25 07:23:57.055008,2026-04-25 07:23:57.055008,23.42523193359375
2026-04-25 07:23:57.254793,2026-04-25 07:23:57.254793,23.60285377502441
2026-04-25 07:23:57.456498,2026-04-25 07:23:57.456498,23.57805061340332
2026-04-25 07:23:57.654572,2026-04-25 07:23:57.654572,23.556968688964844
2026-04-25 07:23:57.855211,2026-04-25 07:23:57.855211,23.539047241210938
2026-04-25 07:23:58.056346,2026-04-25 07:23:58.056346,23.523815155029297
2026-04-25 07:23:58.256497,2026-04-25 07:23:58.256497,23.51086807250977
2026-04-25 07:23:58.455596,2026-04-25 07:23:58.455596,23.32408142089844
2026-04-25 07:23:58.654592,2026-04-25 07:23:58.654592,22.989532470703125
2026-04-25 07:23:58.869744,2026-04-25 07:23:58.869744,22.88094520568848
2026-04-25 07:23:59.055605,2026-04-25 07:23:59.055605,22.61286735534668
2026-04-25 07:23:59.255305,2026-04-25 07:23:59.255305,21.857654571533203
2026-04-25 07:23:59.456016,2026-04-25 07:23:59.456016,21.21572494506836
2026-04-25 07:23:59.655975,2026-04-25 07:23:59.655975,21.021648406982425
2026-04-25 07:23:59.856130,2026-04-25 07:23:59.856130,21.03246307373047
2026-04-25 07:24:00.055183,2026-04-25 07:24:00.055183,21.041656494140625
2026-04-25 07:24:00.254781,2026-04-25 07:24:00.254781,21.049470901489254
2026-04-25 07:24:00.456087,2026-04-25 07:24:00.456087,20.88033103942871
2026-04-25 07:24:00.655543,2026-04-25 07:24:00.655543,20.73656272888184
2026-04-25 07:24:00.855089,2026-04-25 07:24:00.855089,20.43857765197754
2026-04-25 07:24:01.055027,2026-04-25 07:24:01.055027,20.185291290283203
2026-04-25 07:24:01.265177,2026-04-25 07:24:01.265177,20.14577865600586
2026-04-25 07:24:01.456639,2026-04-25 07:24:01.456639,20.112194061279297
2026-04-25 07:24:01.665918,2026-04-25 07:24:01.665918,19.90786361694336
2026-04-25 07:24:01.865648,2026-04-25 07:24:01.865648,19.73418426513672
2026-04-25 07:24:02.068399,2026-04-25 07:24:02.068399,19.410776138305664
2026-04-25 07:24:02.258001,2026-04-25 07:24:02.258001,19.13587760925293
2026-04-25 07:24:02.457789,2026-04-25 07:24:02.457789,18.9022159576416
2026-04-25 07:24:15.566589,2026-04-25 07:24:15.566589,18.703601837158203
2026-04-25 07:24:15.774445,2026-04-25 07:24:15.774445,18.534780502319336
2026-04-25 07:24:15.956032,2026-04-25 07:24:15.956032,18.391281127929688
2026-04-25 07:24:16.166825,2026-04-25 07:24:16.166825,18.26930809020996
2026-04-25 07:24:16.367996,2026-04-25 07:24:16.367996,18.16563034057617
2026-04-25 07:24:16.568320,2026-04-25 07:24:16.568320,18.077505111694336
2026-04-25 07:24:16.757041,2026-04-25 07:24:16.757041,18.00259780883789
2026-04-25 07:24:16.955494,2026-04-25 07:24:16.955494,18.114707946777344
2026-04-25 07:24:17.168009,2026-04-25 07:24:17.168009,18.03422164916992
2026-04-25 07:24:17.367161,2026-04-25 07:24:17.367161,17.96580696105957
2026-04-25 07:24:17.567626,2026-04-25 07:24:17.567626,17.90765380859375
2026-04-25 07:24:17.766041,2026-04-25 07:24:17.766041,17.858224868774414
2026-04-25 07:24:17.966523,2026-04-25 07:24:17.966523,17.81620979309082
2026-04-25 07:24:18.167462,2026-04-25 07:24:18.167462,17.78049659729004
2026-04-25 07:24:18.367937,2026-04-25 07:24:18.367937,17.925922393798828
2026-04-25 07:24:18.566417,2026-04-25 07:24:18.566417,18.04953384399414
2026-04-25 07:24:18.770194,2026-04-25 07:24:18.770194,18.154603958129883
2026-04-25 07:24:18.965323,2026-04-25 07:24:18.965323,18.24391365051269
2026-04-25 07:24:19.155211,2026-04-25 07:24:19.155211,18.319826126098636
2026-04-25 07:24:19.358324,2026-04-25 07:24:19.358324,18.38435173034668
2026-04-25 07:24:19.555107,2026-04-25 07:24:19.555107,18.43919944763184
2026-04-25 07:24:19.765328,2026-04-25 07:24:19.765328,18.48581886291504
2026-04-25 07:24:19.965566,2026-04-25 07:24:19.965566,18.52544593811035
2026-04-25 07:24:20.155583,2026-04-25 07:24:20.155583,18.55912971496582
2026-04-25 07:24:20.356031,2026-04-25 07:24:20.356031,18.58776092529297
2026-04-25 07:24:20.565256,2026-04-25 07:24:20.565256,18.787878036499023
2026-04-25 07:24:20.765843,2026-04-25 07:24:20.765843,18.957977294921875
2026-04-25 07:24:20.964745,2026-04-25 07:24:20.964745,19.102561950683597
2026-04-25 07:24:21.165370,2026-04-25 07:24:21.165370,19.0496768951416
2026-04-25 07:24:21.365588,2026-04-25 07:24:21.365588,19.00472640991211
2026-04-25 07:24:21.567705,2026-04-25 07:24:21.567705,18.966516494750977
2026-04-25 07:24:21.765223,2026-04-25 07:24:21.765223,19.10982131958008
2026-04-25 07:24:21.966823,2026-04-25 07:24:21.966823,19.23162841796875
2026-04-25 07:24:22.156742,2026-04-25 07:24:22.156742,19.33516502380371
2026-04-25 07:24:22.356994,2026-04-25 07:24:22.356994,19.598953247070312
2026-04-25 07:24:22.565546,2026-04-25 07:24:22.565546,19.82317352294922
2026-04-25 07:24:22.765496,2026-04-25 07:24:22.765496,20.01375961303711
2026-04-25 07:24:22.968244,2026-04-25 07:24:22.968244,20.175758361816406
2026-04-25 07:24:23.166927,2026-04-25 07:24:23.166927,20.313457489013672
2026-04-25 07:24:23.365211,2026-04-25 07:24:23.365211,20.430500030517575
2026-04-25 07:24:23.567225,2026-04-25 07:24:23.567225,20.70576858520508
2026-04-25 07:24:23.765875,2026-04-25 07:24:23.765875,20.939746856689453
2026-04-25 07:24:23.964517,2026-04-25 07:24:23.964517,21.13862991333008
2026-04-25 07:24:24.166354,2026-04-25 07:24:24.166354,21.30767822265625
2026-04-25 07:24:24.366229,2026-04-25 07:24:24.366229,21.45137023925781
2026-04-25 07:24:24.564545,2026-04-25 07:24:24.564545,21.573509216308597
2026-04-25 07:24:24.756017,2026-04-25 07:24:24.756017,21.677326202392575
2026-04-25 07:24:24.966058,2026-04-25 07:24:24.966058,21.94135284423828
2026-04-25 07:24:25.166599,2026-04-25 07:24:25.166599,22.165775299072266
2026-04-25 07:24:25.365473,2026-04-25 07:24:25.365473,22.35653305053711
2026-04-25 07:24:25.566019,2026-04-25 07:24:25.566019,22.518678665161133
2026-04-25 07:24:25.755251,2026-04-25 07:24:25.755251,22.65650177001953
2026-04-25 07:24:25.967727,2026-04-25 07:24:25.967727,22.773651123046875
2026-04-25 07:24:26.166538,2026-04-25 07:24:26.166538,23.04900932312012
2026-04-25 07:24:26.365382,2026-04-25 07:24:26.365382,23.283063888549805
2026-04-25 07:24:26.565655,2026-04-25 07:24:26.565655,23.482011795043945
2026-04-25 07:24:26.765475,2026-04-25 07:24:26.765475,23.65111541748047
2026-04-25 07:24:26.955091,2026-04-25 07:24:26.955091,23.79485511779785
2026-04-25 07:24:27.166957,2026-04-25 07:24:27.166957,23.91703224182129
2026-04-25 07:24:27.366231,2026-04-25 07:24:27.366231,24.020883560180664
2026-04-25 07:24:27.565574,2026-04-25 07:24:27.565574,24.10915756225586
2026-04-25 07:24:27.765492,2026-04-25 07:24:27.765492,24.18419075012207
2026-04-25 07:24:27.957299,2026-04-25 07:24:27.957299,24.24796867370605
2026-04-25 07:24:28.164972,2026-04-25 07:24:28.164972,24.30217933654785
2026-04-25 07:24:28.365998,2026-04-25 07:24:28.365998,24.34825897216797
2026-04-25 07:24:28.565213,2026-04-25 07:24:28.565213,24.387426376342773
2026-04-25 07:24:28.767822,2026-04-25 07:24:28.767822,24.42071914672852
2026-04-25 07:24:28.965919,2026-04-25 07:24:28.965919,24.44901657104492
2026-04-25 07:24:29.154588,2026-04-25 07:24:29.154588,24.47307014465332
2026-04-25 07:24:29.354751,2026-04-25 07:24:29.354751,24.66929817199707
2026-04-25 07:24:29.565578,2026-04-25 07:24:29.565578,24.836090087890625
2026-04-25 07:24:29.764673,2026-04-25 07:24:29.764673,24.97786521911621
2026-04-25 07:24:29.964604,2026-04-25 07:24:29.964604,25.098371505737305
2026-04-25 07:24:30.158150,2026-04-25 07:24:30.158150,25.200803756713867
2026-04-25 07:24:30.366715,2026-04-25 07:24:30.366715,25.28787040710449
2026-04-25 07:24:30.568545,2026-04-25 07:24:30.568545,25.18609619140625
2026-04-25 07:24:30.766742,2026-04-25 07:24:30.766742,25.09958839416504
2026-04-25 07:24:30.965308,2026-04-25 07:24:30.965308,25.02605628967285
2026-04-25 07:24:31.165616,2026-04-25 07:24:31.165616,24.96355438232422
2026-04-25 07:24:31.365397,2026-04-25 07:24:31.365397,24.91042709350586
2026-04-25 07:24:31.557879,2026-04-25 07:24:31.557879,24.86526870727539
2026-04-25 07:24:31.755183,2026-04-25 07:24:31.755183,24.826885223388672
2026-04-25 07:24:31.955491,2026-04-25 07:24:31.955491,24.79425811767578
2026-04-25 07:24:32.156621,2026-04-25 07:24:32.156621,24.766525268554688
2026-04-25 07:24:32.365092,2026-04-25 07:24:32.365092,24.74295425415039
2026-04-25 07:24:32.565402,2026-04-25 07:24:32.565402,24.72291755676269
2026-04-25 07:24:32.768105,2026-04-25 07:24:32.768105,24.70588493347168
2026-04-25 07:24:32.967286,2026-04-25 07:24:32.967286,24.691408157348636
2026-04-25 07:24:33.166811,2026-04-25 07:24:33.166811,24.50332260131836
2026-04-25 07:24:33.366882,2026-04-25 07:24:33.366882,24.343448638916016
2026-04-25 07:24:33.567600,2026-04-25 07:24:33.567600,24.207557678222656
2026-04-25 07:24:33.766864,2026-04-25 07:24:33.766864,24.09204864501953
2026-04-25 07:24:33.966192,2026-04-25 07:24:33.966192,23.993865966796875
2026-04-25 07:24:34.164743,2026-04-25 07:24:34.164743,23.9104118347168
2026-04-25 07:24:34.366011,2026-04-25 07:24:34.366011,23.839473724365234
2026-04-25 07:24:34.567373,2026-04-25 07:24:34.567373,23.77917861938477
2026-04-25 07:24:34.767508,2026-04-25 07:24:34.767508,23.72792625427246
2026-04-25 07:24:34.954856,2026-04-25 07:24:34.954856,23.684362411499023
2026-04-25 07:24:35.167476,2026-04-25 07:24:35.167476,23.6473331451416
2026-04-25 07:24:35.372104,2026-04-25 07:24:35.372104,23.44007682800293
2026-04-25 07:24:35.565472,2026-04-25 07:24:35.565472,23.26390838623047
2026-04-25 07:24:35.768415,2026-04-25 07:24:35.768415,23.114166259765625
2026-04-25 07:24:35.966133,2026-04-25 07:24:35.966133,22.98688507080078
2026-04-25 07:24:36.166050,2026-04-25 07:24:36.166050,22.87869644165039
2026-04-25 07:24:36.368708,2026-04-25 07:24:36.368708,22.78673553466797
2026-04-25 07:24:36.566364,2026-04-25 07:24:36.566364,22.708568572998047
2026-04-25 07:24:36.766507,2026-04-25 07:24:36.766507,22.642127990722656
2026-04-25 07:24:36.966670,2026-04-25 07:24:36.966670,22.58565139770508
2026-04-25 07:24:37.166866,2026-04-25 07:24:37.166866,22.537647247314453
2026-04-25 07:24:37.367672,2026-04-25 07:24:37.367672,22.496845245361328
2026-04-25 07:24:37.568113,2026-04-25 07:24:37.568113,22.462162017822266
2026-04-25 07:24:37.766046,2026-04-25 07:24:37.766046,22.43268203735352
2026-04-25 07:24:37.967136,2026-04-25 07:24:37.967136,22.407623291015625
2026-04-25 07:24:38.168115,2026-04-25 07:24:38.168115,22.210542678833008
2026-04-25 07:24:38.365963,2026-04-25 07:24:38.365963,22.04302215576172
2026-04-25 07:24:38.568051,2026-04-25 07:24:38.568051,21.900632858276367
2026-04-25 07:24:38.765319,2026-04-25 07:24:38.765319,21.779600143432617
2026-04-25 07:24:38.964662,2026-04-25 07:24:38.964662,21.676721572875977
2026-04-25 07:24:39.164613,2026-04-25 07:24:39.164613,21.58927726745605
2026-04-25 07:24:39.367106,2026-04-25 07:24:39.367106,21.51494789123535
2026-04-25 07:24:39.565518,2026-04-25 07:24:39.565518,21.45176696777344
2026-04-25 07:24:39.765147,2026-04-25 07:24:39.765147,21.3980655670166
2026-04-25 07:24:39.966937,2026-04-25 07:24:39.966937,21.3524169921875
2026-04-25 07:24:40.169736,2026-04-25 07:24:40.169736,21.313617706298828
2026-04-25 07:24:40.369677,2026-04-25 07:24:40.369677,21.280637741088867
2026-04-25 07:24:40.565329,2026-04-25 07:24:40.565329,21.25260353088379
2026-04-25 07:24:40.766240,2026-04-25 07:24:40.766240,21.22877693176269
2026-04-25 07:24:53.867915,2026-04-25 07:24:53.867915,21.20852279663086
2026-04-25 07:24:54.066960,2026-04-25 07:24:54.066960,21.191307067871094
2026-04-25 07:24:54.270481,2026-04-25 07:24:54.270481,21.17667388916016
2026-04-25 07:24:54.468794,2026-04-25 07:24:54.468794,21.164234161376957
2026-04-25 07:24:54.664989,2026-04-25 07:24:54.664989,21.153661727905277
2026-04-25 07:24:54.866376,2026-04-25 07:24:54.866376,21.14467430114746
2026-04-25 07:24:55.068096,2026-04-25 07:24:55.068096,20.96125602722168
2026-04-25 07:24:55.267046,2026-04-25 07:24:55.267046,20.805347442626957
2026-04-25 07:24:55.465283,2026-04-25 07:24:55.465283,20.672826766967773
2026-04-25 07:24:55.668222,2026-04-25 07:24:55.668222,20.56018447875977
2026-04-25 07:24:55.866548,2026-04-25 07:24:55.866548,20.46443748474121
2026-04-25 07:24:56.069340,2026-04-25 07:24:56.069340,20.38305282592773
2026-04-25 07:24:56.265701,2026-04-25 07:24:56.265701,20.13809585571289
2026-04-25 07:24:56.467989,2026-04-25 07:24:56.467989,19.929882049560547
2026-04-25 07:24:56.666178,2026-04-25 07:24:56.666178,19.752899169921875
2026-04-25 07:24:56.868680,2026-04-25 07:24:56.868680,19.60246467590332
2026-04-25 07:24:57.068432,2026-04-25 07:24:57.068432,19.298812866210938
2026-04-25 07:24:57.267169,2026-04-25 07:24:57.267169,19.04071044921875
2026-04-25 07:24:57.470631,2026-04-25 07:24:57.470631,18.82132148742676
2026-04-25 07:24:57.668087,2026-04-25 07:24:57.668087,18.634841918945312
2026-04-25 07:24:57.866937,2026-04-25 07:24:57.866937,18.47633552551269
2026-04-25 07:24:58.066714,2026-04-25 07:24:58.066714,18.34160423278809
2026-04-25 07:24:58.265545,2026-04-25 07:24:58.265545,18.227081298828125
2026-04-25 07:24:58.466725,2026-04-25 07:24:58.466725,17.953956604003906
2026-04-25 07:24:58.668316,2026-04-25 07:24:58.668316,17.7218017578125
2026-04-25 07:24:58.868493,2026-04-25 07:24:58.868493,17.52446746826172
2026-04-25 07:24:59.065377,2026-04-25 07:24:59.065377,17.356735229492188
2026-04-25 07:24:59.268453,2026-04-25 07:24:59.268453,17.038381576538086
2026-04-25 07:24:59.466653,2026-04-25 07:24:59.466653,16.767780303955078
2026-04-25 07:24:59.665194,2026-04-25 07:24:59.665194,16.537769317626953
2026-04-25 07:24:59.868977,2026-04-25 07:24:59.868977,16.166479110717773
2026-04-25 07:25:00.065872,2026-04-25 07:25:00.065872,15.850882530212402
2026-04-25 07:25:00.265248,2026-04-25 07:25:00.265248,15.40684413909912
2026-04-25 07:25:00.465827,2026-04-25 07:25:00.465827,15.029411315917969
2026-04-25 07:25:00.665642,2026-04-25 07:25:00.665642,14.708593368530272
2026-04-25 07:25:00.865529,2026-04-25 07:25:00.865529,14.435897827148438
2026-04-25 07:25:01.065502,2026-04-25 07:25:01.065502,14.204107284545898
2026-04-25 07:25:01.265335,2026-04-25 07:25:01.265335,14.007084846496582
2026-04-25 07:25:01.466722,2026-04-25 07:25:01.466722,13.83961582183838
2026-04-25 07:25:01.668701,2026-04-25 07:25:01.668701,13.521486282348633
2026-04-25 07:25:01.867999,2026-04-25 07:25:01.867999,13.426856994628906
2026-04-25 07:25:02.064942,2026-04-25 07:25:02.064942,13.17064094543457
2026-04-25 07:25:02.266593,2026-04-25 07:25:02.266593,12.95285701751709
2026-04-25 07:25:02.465457,2026-04-25 07:25:02.465457,12.767741203308104
2026-04-25 07:25:02.666600,2026-04-25 07:25:02.666600,12.610392570495604
2026-04-25 07:25:02.865271,2026-04-25 07:25:02.865271,12.476646423339844
2026-04-25 07:25:03.066438,2026-04-25 07:25:03.066438,12.362961769104004
2026-04-25 07:25:03.266624,2026-04-25 07:25:03.266624,12.266329765319824
2026-04-25 07:25:03.465485,2026-04-25 07:25:03.465485,12.184192657470703
2026-04-25 07:25:03.665812,2026-04-25 07:25:03.665812,12.114376068115234
2026-04-25 07:25:03.865243,2026-04-25 07:25:03.865243,12.05503273010254
2026-04-25 07:25:04.065428,2026-04-25 07:25:04.065428,12.004590034484863
2026-04-25 07:25:04.269362,2026-04-25 07:25:04.269362,11.961713790893556
2026-04-25 07:25:04.465605,2026-04-25 07:25:04.465605,11.92526912689209
2026-04-25 07:25:04.665427,2026-04-25 07:25:04.665427,11.894291877746582
2026-04-25 07:25:04.865809,2026-04-25 07:25:04.865809,11.867959976196287
2026-04-25 07:25:05.066003,2026-04-25 07:25:05.066003,11.845579147338867
2026-04-25 07:25:05.268777,2026-04-25 07:25:05.268777,11.82655429840088
2026-04-25 07:25:05.465163,2026-04-25 07:25:05.465163,11.634602546691896
2026-04-25 07:25:05.666299,2026-04-25 07:25:05.666299,11.471443176269531
2026-04-25 07:25:05.865581,2026-04-25 07:25:05.865581,11.332757949829102
2026-04-25 07:25:06.066564,2026-04-25 07:25:06.066564,11.21487522125244
2026-04-25 07:25:06.265425,2026-04-25 07:25:06.265425,11.114675521850586
2026-04-25 07:25:06.465510,2026-04-25 07:25:06.465510,11.029505729675291
2026-04-25 07:25:06.665494,2026-04-25 07:25:06.665494,10.957111358642578
2026-04-25 07:25:06.865111,2026-04-25 07:25:06.865111,10.895575523376465
2026-04-25 07:25:07.064677,2026-04-25 07:25:07.064677,10.843270301818848
2026-04-25 07:25:07.264686,2026-04-25 07:25:07.264686,10.798810958862305
2026-04-25 07:25:07.465670,2026-04-25 07:25:07.465670,10.76102066040039
2026-04-25 07:25:07.666454,2026-04-25 07:25:07.666454,10.728899002075195
2026-04-25 07:25:07.865508,2026-04-25 07:25:07.865508,10.701595306396484
2026-04-25 07:25:08.065635,2026-04-25 07:25:08.065635,10.678387641906738
2026-04-25 07:25:08.264961,2026-04-25 07:25:08.264961,10.65865993499756
2026-04-25 07:25:08.466379,2026-04-25 07:25:08.466379,10.641892433166504
2026-04-25 07:25:08.666839,2026-04-25 07:25:08.666839,10.627639770507812
2026-04-25 07:25:08.864607,2026-04-25 07:25:08.864607,10.615525245666504
2026-04-25 07:25:09.064697,2026-04-25 07:25:09.064697,10.60522747039795
2026-04-25 07:25:09.265199,2026-04-25 07:25:09.265199,10.596474647521973
2026-04-25 07:25:09.467338,2026-04-25 07:25:09.467338,10.589035034179688
2026-04-25 07:25:09.665171,2026-04-25 07:25:09.665171,10.758492469787598
2026-04-25 07:25:09.865849,2026-04-25 07:25:09.865849,10.902530670166016
2026-04-25 07:25:10.071012,2026-04-25 07:25:10.071012,11.02496337890625
2026-04-25 07:25:10.264847,2026-04-25 07:25:10.264847,11.12903118133545
2026-04-25 07:25:10.466182,2026-04-25 07:25:10.466182,11.217489242553713
2026-04-25 07:25:10.664803,2026-04-25 07:25:10.664803,11.292678833007812
2026-04-25 07:25:10.867663,2026-04-25 07:25:10.867663,11.356589317321776
2026-04-25 07:25:11.066935,2026-04-25 07:25:11.066935,11.410913467407228
2026-04-25 07:25:11.265183,2026-04-25 07:25:11.265183,11.457088470458984
2026-04-25 07:25:11.469362,2026-04-25 07:25:11.469362,11.496337890625
2026-04-25 07:25:11.664967,2026-04-25 07:25:11.664967,11.529699325561523
2026-04-25 07:25:11.867326,2026-04-25 07:25:11.867326,11.55805778503418
2026-04-25 07:25:12.067257,2026-04-25 07:25:12.067257,11.582160949707031
2026-04-25 07:25:12.266196,2026-04-25 07:25:12.266196,11.602649688720703
2026-04-25 07:25:12.465652,2026-04-25 07:25:12.465652,11.620064735412598
2026-04-25 07:25:12.668971,2026-04-25 07:25:12.668971,11.634867668151855
2026-04-25 07:25:12.865159,2026-04-25 07:25:12.865159,11.647449493408203
2026-04-25 07:25:13.067662,2026-04-25 07:25:13.067662,11.6581449508667
2026-04-25 07:25:13.265675,2026-04-25 07:25:13.265675,11.667235374450684
2026-04-25 07:25:13.465050,2026-04-25 07:25:13.465050,11.674962997436523
2026-04-25 07:25:13.667022,2026-04-25 07:25:13.667022,11.857312202453612
2026-04-25 07:25:13.866073,2026-04-25 07:25:13.866073,12.012309074401855
2026-04-25 07:25:14.067226,2026-04-25 07:25:14.067226,12.14405632019043
2026-04-25 07:25:14.266201,2026-04-25 07:25:14.266201,12.431822776794434
2026-04-25 07:25:14.465543,2026-04-25 07:25:14.465543,12.676424980163574
2026-04-25 07:25:14.666813,2026-04-25 07:25:14.666813,13.0601167678833
2026-04-25 07:25:14.864608,2026-04-25 07:25:14.864608,13.386256217956545
2026-04-25 07:25:15.066917,2026-04-25 07:25:15.066917,13.839255332946776
2026-04-25 07:25:15.267556,2026-04-25 07:25:15.267556,14.22430419921875
2026-04-25 07:25:15.466512,2026-04-25 07:25:15.466512,14.551595687866213
2026-04-25 07:25:15.666803,2026-04-25 07:25:15.666803,14.654012680053713
2026-04-25 07:25:15.868362,2026-04-25 07:25:15.868362,14.916848182678224
2026-04-25 07:25:16.066489,2026-04-25 07:25:16.066489,14.9644775390625
2026-04-25 07:25:16.266082,2026-04-25 07:25:16.266082,15.180743217468262
2026-04-25 07:25:16.468493,2026-04-25 07:25:16.468493,15.188788414001465
2026-04-25 07:25:16.666882,2026-04-25 07:25:16.666882,15.371407508850098
2026-04-25 07:25:16.867326,2026-04-25 07:25:16.867326,15.526634216308594
2026-04-25 07:25:17.066245,2026-04-25 07:25:17.066245,15.482794761657717
2026-04-25 07:25:17.264803,2026-04-25 07:25:17.264803,15.621313095092772
2026-04-25 07:25:17.468668,2026-04-25 07:25:17.468668,15.739053726196287
2026-04-25 07:25:17.666454,2026-04-25 07:25:17.666454,15.839133262634276
2026-04-25 07:25:17.868132,2026-04-25 07:25:17.868132,15.924201011657717
2026-04-25 07:25:18.068322,2026-04-25 07:25:18.068322,15.99650764465332
2026-04-25 07:25:18.266515,2026-04-25 07:25:18.266515,16.05797004699707
2026-04-25 07:25:18.467377,2026-04-25 07:25:18.467377,16.110212326049805
2026-04-25 07:25:18.666548,2026-04-25 07:25:18.666548,16.154617309570312
2026-04-25 07:25:18.866084,2026-04-25 07:25:18.866084,16.19236183166504
2026-04-25 07:25:19.064595,2026-04-25 07:25:19.064595,16.224445343017578
2026-04-25 07:25:32.167074,2026-04-25 07:25:32.167074,16.25171661376953
2026-04-25 07:25:32.368364,2026-04-25 07:25:32.368364,16.2748966217041
2026-04-25 07:25:32.565107,2026-04-25 07:25:32.565107,16.294599533081055
2026-04-25 07:25:32.767205,2026-04-25 07:25:32.767205,16.48712730407715
2026-04-25 07:25:32.967424,2026-04-25 07:25:32.967424,16.65077781677246
2026-04-25 07:25:33.166059,2026-04-25 07:25:33.166059,16.789878845214844
2026-04-25 07:25:33.365949,2026-04-25 07:25:33.365949,16.908117294311523
2026-04-25 07:25:33.567572,2026-04-25 07:25:33.567572,17.008617401123047
2026-04-25 07:25:33.769086,2026-04-25 07:25:33.769086,17.094043731689453
2026-04-25 07:25:33.966445,2026-04-25 07:25:33.966445,17.166656494140625
2026-04-25 07:25:34.165855,2026-04-25 07:25:34.165855,17.228376388549805
2026-04-25 07:25:34.367108,2026-04-25 07:25:34.367108,17.280838012695312
2026-04-25 07:25:34.566389,2026-04-25 07:25:34.566389,17.32543182373047
2026-04-25 07:25:34.769958,2026-04-25 07:25:34.769958,17.36333656311035
2026-04-25 07:25:34.965692,2026-04-25 07:25:34.965692,17.219772338867188
2026-04-25 07:25:35.165407,2026-04-25 07:25:35.165407,17.09774398803711
2026-04-25 07:25:35.364786,2026-04-25 07:25:35.364786,16.994020462036133
2026-04-25 07:25:35.567170,2026-04-25 07:25:35.567170,16.905855178833008
2026-04-25 07:25:35.768370,2026-04-25 07:25:35.768370,16.830913543701172
2026-04-25 07:25:35.966439,2026-04-25 07:25:35.966439,16.591432571411133
2026-04-25 07:25:36.167324,2026-04-25 07:25:36.167324,16.387874603271484
2026-04-25 07:25:36.366579,2026-04-25 07:25:36.366579,16.2148494720459
2026-04-25 07:25:36.568588,2026-04-25 07:25:36.568588,15.891997337341309
2026-04-25 07:25:36.767036,2026-04-25 07:25:36.767036,15.617572784423828
2026-04-25 07:25:36.966811,2026-04-25 07:25:36.966811,15.38431167602539
2026-04-25 07:25:37.167269,2026-04-25 07:25:37.167269,15.186039924621582
2026-04-25 07:25:37.366267,2026-04-25 07:25:37.366267,15.017508506774902
2026-04-25 07:25:37.566238,2026-04-25 07:25:37.566238,14.874258041381836
2026-04-25 07:25:37.766206,2026-04-25 07:25:37.766206,14.752493858337402
2026-04-25 07:25:37.967592,2026-04-25 07:25:37.967592,14.64899444580078
2026-04-25 07:25:38.165764,2026-04-25 07:25:38.165764,14.561020851135254
2026-04-25 07:25:38.365498,2026-04-25 07:25:38.365498,14.486242294311523
2026-04-25 07:25:38.568345,2026-04-25 07:25:38.568345,14.598462104797363
2026-04-25 07:25:38.774019,2026-04-25 07:25:38.774019,14.518068313598633
2026-04-25 07:25:38.966439,2026-04-25 07:25:38.966439,14.449732780456545
2026-04-25 07:25:39.166210,2026-04-25 07:25:39.166210,14.391648292541504
2026-04-25 07:25:39.368438,2026-04-25 07:25:39.368438,14.342275619506836
2026-04-25 07:25:39.565271,2026-04-25 07:25:39.565271,14.30030918121338
2026-04-25 07:25:39.767844,2026-04-25 07:25:39.767844,14.26463794708252
2026-04-25 07:25:39.971680,2026-04-25 07:25:39.971680,14.2343168258667
2026-04-25 07:25:40.165184,2026-04-25 07:25:40.165184,14.208544731140137
2026-04-25 07:25:40.365071,2026-04-25 07:25:40.365071,14.186637878417969
2026-04-25 07:25:40.565187,2026-04-25 07:25:40.565187,14.343798637390137
2026-04-25 07:25:40.766251,2026-04-25 07:25:40.766251,14.477384567260742
2026-04-25 07:25:40.965110,2026-04-25 07:25:40.965110,14.590933799743652
2026-04-25 07:25:41.165595,2026-04-25 07:25:41.165595,14.68744945526123
2026-04-25 07:25:41.365669,2026-04-25 07:25:41.365669,14.769488334655762
2026-04-25 07:25:41.567629,2026-04-25 07:25:41.567629,14.839221954345703
2026-04-25 07:25:41.766556,2026-04-25 07:25:41.766556,14.898494720458984
2026-04-25 07:25:41.965414,2026-04-25 07:25:41.965414,14.94887638092041
2026-04-25 07:25:42.166271,2026-04-25 07:25:42.166271,14.991701126098633
2026-04-25 07:25:42.365519,2026-04-25 07:25:42.365519,14.852320671081545
2026-04-25 07:25:42.568704,2026-04-25 07:25:42.568704,14.909628868103027
2026-04-25 07:25:42.767133,2026-04-25 07:25:42.767133,14.958340644836426
2026-04-25 07:25:42.966043,2026-04-25 07:25:42.966043,14.999746322631836
2026-04-25 07:25:43.166230,2026-04-25 07:25:43.166230,15.034940719604492
2026-04-25 07:25:43.365890,2026-04-25 07:25:43.365890,14.889074325561523
2026-04-25 07:25:43.565380,2026-04-25 07:25:43.565380,14.940869331359863
2026-04-25 07:25:43.766471,2026-04-25 07:25:43.766471,14.984895706176758
2026-04-25 07:25:43.965198,2026-04-25 07:25:43.965198,15.022316932678224
2026-04-25 07:25:44.169719,2026-04-25 07:25:44.169719,15.054125785827637
2026-04-25 07:25:44.366205,2026-04-25 07:25:44.366205,15.25694465637207
2026-04-25 07:25:44.566150,2026-04-25 07:25:44.566150,15.429340362548828
2026-04-25 07:25:44.767411,2026-04-25 07:25:44.767411,15.57587718963623
2026-04-25 07:25:44.966096,2026-04-25 07:25:44.966096,15.700432777404783
2026-04-25 07:25:45.165719,2026-04-25 07:25:45.165719,15.806304931640623
2026-04-25 07:25:45.370949,2026-04-25 07:25:45.370949,16.072078704833984
2026-04-25 07:25:45.566211,2026-04-25 07:25:45.566211,16.297985076904297
2026-04-25 07:25:45.764858,2026-04-25 07:25:45.764858,16.490005493164062
2026-04-25 07:25:45.966262,2026-04-25 07:25:45.966262,16.65322494506836
2026-04-25 07:25:46.164915,2026-04-25 07:25:46.164915,16.791959762573242
2026-04-25 07:25:46.366802,2026-04-25 07:25:46.366802,16.909883499145508
2026-04-25 07:25:46.564791,2026-04-25 07:25:46.564791,17.010120391845703
2026-04-25 07:25:46.767865,2026-04-25 07:25:46.767865,17.095321655273438
2026-04-25 07:25:46.964756,2026-04-25 07:25:46.964756,17.167741775512695
2026-04-25 07:25:47.165631,2026-04-25 07:25:47.165631,17.229299545288086
2026-04-25 07:25:47.366945,2026-04-25 07:25:47.366945,17.28162384033203
2026-04-25 07:25:47.564762,2026-04-25 07:25:47.564762,17.32609748840332
2026-04-25 07:25:47.766007,2026-04-25 07:25:47.766007,17.363903045654297
2026-04-25 07:25:47.965473,2026-04-25 07:25:47.965473,17.39603614807129
2026-04-25 07:25:48.166528,2026-04-25 07:25:48.166528,17.423349380493164
2026-04-25 07:25:48.369072,2026-04-25 07:25:48.369072,17.446565628051758
2026-04-25 07:25:48.567400,2026-04-25 07:25:48.567400,17.466299057006836
2026-04-25 07:25:48.765960,2026-04-25 07:25:48.765960,17.483074188232422
2026-04-25 07:25:48.966095,2026-04-25 07:25:48.966095,17.673112869262695
2026-04-25 07:25:49.167388,2026-04-25 07:25:49.167388,17.834646224975586
2026-04-25 07:25:49.365436,2026-04-25 07:25:49.365436,17.971948623657227
2026-04-25 07:25:49.564673,2026-04-25 07:25:49.564673,18.08865547180176
2026-04-25 07:25:49.765224,2026-04-25 07:25:49.765224,18.18785858154297
2026-04-25 07:25:49.965892,2026-04-25 07:25:49.965892,18.447959899902344
2026-04-25 07:25:50.166253,2026-04-25 07:25:50.166253,18.66904830932617
2026-04-25 07:25:50.365225,2026-04-25 07:25:50.365225,18.856971740722656
2026-04-25 07:25:50.565979,2026-04-25 07:25:50.565979,19.016706466674805
2026-04-25 07:25:50.765423,2026-04-25 07:25:50.765423,19.152482986450195
2026-04-25 07:25:50.967512,2026-04-25 07:25:50.967512,19.26789093017578
2026-04-25 07:25:51.165190,2026-04-25 07:25:51.165190,19.365989685058597
2026-04-25 07:25:51.365295,2026-04-25 07:25:51.365295,19.449371337890625
2026-04-25 07:25:51.564972,2026-04-25 07:25:51.564972,19.520246505737305
2026-04-25 07:25:51.765075,2026-04-25 07:25:51.765075,19.58049201965332
2026-04-25 07:25:51.965409,2026-04-25 07:25:51.965409,19.63169860839844
2026-04-25 07:25:52.168410,2026-04-25 07:25:52.168410,19.85100746154785
2026-04-25 07:25:52.365156,2026-04-25 07:25:52.365156,20.03741836547852
2026-04-25 07:25:52.566541,2026-04-25 07:25:52.566541,20.19586753845215
2026-04-25 07:25:52.764621,2026-04-25 07:25:52.764621,20.330551147460938
2026-04-25 07:25:52.967527,2026-04-25 07:25:52.967527,20.445030212402344
2026-04-25 07:25:53.167646,2026-04-25 07:25:53.167646,20.54233741760254
2026-04-25 07:25:53.364843,2026-04-25 07:25:53.364843,20.625049591064453
2026-04-25 07:25:53.565323,2026-04-25 07:25:53.565323,20.69535446166992
2026-04-25 07:25:53.765808,2026-04-25 07:25:53.765808,20.75511360168457
2026-04-25 07:25:53.965415,2026-04-25 07:25:53.965415,20.805910110473636
2026-04-25 07:25:54.167684,2026-04-25 07:25:54.167684,20.849084854125977
2026-04-25 07:25:54.367179,2026-04-25 07:25:54.367179,20.885786056518555
2026-04-25 07:25:54.567852,2026-04-25 07:25:54.567852,20.916980743408203
2026-04-25 07:25:54.767443,2026-04-25 07:25:54.767443,20.94349479675293
2026-04-25 07:25:54.968750,2026-04-25 07:25:54.968750,20.966033935546875
2026-04-25 07:25:55.165729,2026-04-25 07:25:55.165729,20.985191345214844
2026-04-25 07:25:55.365534,2026-04-25 07:25:55.365534,21.001474380493164
2026-04-25 07:25:55.568269,2026-04-25 07:25:55.568269,21.015316009521484
2026-04-25 07:25:55.765471,2026-04-25 07:25:55.765471,21.027080535888672
2026-04-25 07:25:55.964985,2026-04-25 07:25:55.964985,21.037080764770508
2026-04-25 07:25:56.165763,2026-04-25 07:25:56.165763,21.045581817626957
2026-04-25 07:25:56.370031,2026-04-25 07:25:56.370031,21.052806854248047
2026-04-25 07:25:56.566315,2026-04-25 07:25:56.566315,21.058948516845703
2026-04-25 07:25:56.767591,2026-04-25 07:25:56.767591,21.06416893005371
2026-04-25 07:25:56.970129,2026-04-25 07:25:56.970129,21.068605422973636
2026-04-25 07:25:57.166615,2026-04-25 07:25:57.166615,21.072378158569336
2026-04-25 07:25:57.366090,2026-04-25 07:25:57.366090,21.25136375427246
2026-04-25 07:26:10.465017,2026-04-25 07:26:10.465017,21.40350341796875
2026-04-25 07:26:10.664653,2026-04-25 07:26:10.664653,21.53282165527344
2026-04-25 07:26:10.866486,2026-04-25 07:26:10.866486,21.642742156982425
2026-04-25 07:26:11.067133,2026-04-25 07:26:11.067133,21.73617553710937
2026-04-25 07:26:11.268349,2026-04-25 07:26:11.268349,21.63981056213379
2026-04-25 07:26:11.467982,2026-04-25 07:26:11.467982,21.73368263244629
2026-04-25 07:26:11.665240,2026-04-25 07:26:11.665240,21.813474655151367
2026-04-25 07:26:11.866491,2026-04-25 07:26:11.866491,21.881296157836918
2026-04-25 07:26:12.066017,2026-04-25 07:26:12.066017,21.938945770263672
2026-04-25 07:26:12.268652,2026-04-25 07:26:12.268652,22.163728713989254
2026-04-25 07:26:12.467571,2026-04-25 07:26:12.467571,22.354795455932617
2026-04-25 07:26:12.666625,2026-04-25 07:26:12.666625,22.692981719970703
2026-04-25 07:26:12.865030,2026-04-25 07:26:12.865030,22.980440139770508
2026-04-25 07:26:13.066298,2026-04-25 07:26:13.066298,23.224781036376957
2026-04-25 07:26:13.265549,2026-04-25 07:26:13.265549,23.432470321655277
2026-04-25 07:26:13.472234,2026-04-25 07:26:13.472234,23.609004974365234
2026-04-25 07:26:13.665950,2026-04-25 07:26:13.665950,23.75906181335449
2026-04-25 07:26:13.866715,2026-04-25 07:26:13.866715,23.886608123779297
2026-04-25 07:26:14.067456,2026-04-25 07:26:14.067456,23.995023727416992
2026-04-25 07:26:14.265694,2026-04-25 07:26:14.265694,23.91139411926269
2026-04-25 07:26:14.465344,2026-04-25 07:26:14.465344,24.01609230041504
2026-04-25 07:26:14.665759,2026-04-25 07:26:14.665759,24.10508346557617
2026-04-25 07:26:14.868575,2026-04-25 07:26:14.868575,24.004945755004883
2026-04-25 07:26:15.065753,2026-04-25 07:26:15.065753,23.919830322265625
2026-04-25 07:26:15.265201,2026-04-25 07:26:15.265201,23.84748077392578
2026-04-25 07:26:15.465657,2026-04-25 07:26:15.465657,23.78598403930664
2026-04-25 07:26:15.668067,2026-04-25 07:26:15.668067,23.90949249267578
2026-04-25 07:26:15.866261,2026-04-25 07:26:15.866261,24.01447486877441
2026-04-25 07:26:16.065977,2026-04-25 07:26:16.065977,24.103710174560547
2026-04-25 07:26:16.269031,2026-04-25 07:26:16.269031,24.1795597076416
2026-04-25 07:26:16.466156,2026-04-25 07:26:16.466156,24.24403190612793
2026-04-25 07:26:16.666850,2026-04-25 07:26:16.666850,24.2988338470459
2026-04-25 07:26:16.867371,2026-04-25 07:26:16.867371,24.169633865356445
2026-04-25 07:26:17.066557,2026-04-25 07:26:17.066557,24.059812545776367
2026-04-25 07:26:17.266117,2026-04-25 07:26:17.266117,23.966466903686523
2026-04-25 07:26:17.467126,2026-04-25 07:26:17.467126,23.887121200561523
2026-04-25 07:26:17.667845,2026-04-25 07:26:17.667845,23.819677352905277
2026-04-25 07:26:17.868190,2026-04-25 07:26:17.868190,23.938133239746094
2026-04-25 07:26:18.068188,2026-04-25 07:26:18.068188,24.038818359375
2026-04-25 07:26:18.265697,2026-04-25 07:26:18.265697,24.12440299987793
2026-04-25 07:26:18.468484,2026-04-25 07:26:18.468484,24.02136611938477
2026-04-25 07:26:18.666831,2026-04-25 07:26:18.666831,23.933786392211918
2026-04-25 07:26:18.868716,2026-04-25 07:26:18.868716,23.859344482421875
2026-04-25 07:26:19.066575,2026-04-25 07:26:19.066575,23.79606819152832
2026-04-25 07:26:19.265126,2026-04-25 07:26:19.265126,23.74228286743164
2026-04-25 07:26:19.466017,2026-04-25 07:26:19.466017,23.69656562805176
2026-04-25 07:26:19.665273,2026-04-25 07:26:19.665273,23.65770530700684
2026-04-25 07:26:19.866891,2026-04-25 07:26:19.866891,23.80045509338379
2026-04-25 07:26:20.066953,2026-04-25 07:26:20.066953,23.74601173400879
2026-04-25 07:26:20.267427,2026-04-25 07:26:20.267427,23.69973564147949
2026-04-25 07:26:20.467239,2026-04-25 07:26:20.467239,23.660400390625
2026-04-25 07:26:20.664726,2026-04-25 07:26:20.664726,23.6269645690918
2026-04-25 07:26:20.867040,2026-04-25 07:26:20.867040,23.59854507446289
2026-04-25 07:26:21.066202,2026-04-25 07:26:21.066202,23.57438850402832
2026-04-25 07:26:21.266144,2026-04-25 07:26:21.266144,23.553855895996094
2026-04-25 07:26:21.465157,2026-04-25 07:26:21.465157,23.536401748657227
2026-04-25 07:26:21.665732,2026-04-25 07:26:21.665732,23.52156639099121
2026-04-25 07:26:21.865802,2026-04-25 07:26:21.865802,23.508956909179688
2026-04-25 07:26:22.066524,2026-04-25 07:26:22.066524,23.49823760986328
2026-04-25 07:26:22.265754,2026-04-25 07:26:22.265754,23.48912811279297
2026-04-25 07:26:22.466874,2026-04-25 07:26:22.466874,23.48138427734375
2026-04-25 07:26:22.669376,2026-04-25 07:26:22.669376,23.47480010986328
2026-04-25 07:26:22.865872,2026-04-25 07:26:22.865872,23.46920585632324
2026-04-25 07:26:23.065184,2026-04-25 07:26:23.065184,23.464448928833008
2026-04-25 07:26:23.266376,2026-04-25 07:26:23.266376,23.46040725708008
2026-04-25 07:26:23.465368,2026-04-25 07:26:23.465368,23.456972122192383
2026-04-25 07:26:23.665834,2026-04-25 07:26:23.665834,23.278268814086918
2026-04-25 07:26:23.867311,2026-04-25 07:26:23.867311,23.126373291015625
2026-04-25 07:26:24.066933,2026-04-25 07:26:24.066933,22.99726104736328
2026-04-25 07:26:24.265373,2026-04-25 07:26:24.265373,22.88751602172852
2026-04-25 07:26:24.464645,2026-04-25 07:26:24.464645,22.79423141479492
2026-04-25 07:26:24.664623,2026-04-25 07:26:24.664623,22.714941024780277
2026-04-25 07:26:24.865742,2026-04-25 07:26:24.865742,22.47176170349121
2026-04-25 07:26:25.065438,2026-04-25 07:26:25.065438,22.265060424804688
2026-04-25 07:26:25.265540,2026-04-25 07:26:25.265540,22.08936309814453
2026-04-25 07:26:25.465611,2026-04-25 07:26:25.465611,21.940021514892575
2026-04-25 07:26:25.665133,2026-04-25 07:26:25.665133,21.813081741333008
2026-04-25 07:26:25.868539,2026-04-25 07:26:25.868539,21.70518112182617
2026-04-25 07:26:26.067307,2026-04-25 07:26:26.067307,21.613466262817383
2026-04-25 07:26:26.265393,2026-04-25 07:26:26.265393,21.53550910949707
2026-04-25 07:26:26.464663,2026-04-25 07:26:26.464663,21.46924591064453
2026-04-25 07:26:26.667215,2026-04-25 07:26:26.667215,21.412919998168945
2026-04-25 07:26:26.867793,2026-04-25 07:26:26.867793,21.36504554748535
2026-04-25 07:26:27.067422,2026-04-25 07:26:27.067422,21.324350357055664
2026-04-25 07:26:27.265784,2026-04-25 07:26:27.265784,21.28976058959961
2026-04-25 07:26:27.465900,2026-04-25 07:26:27.465900,21.260358810424805
2026-04-25 07:26:27.665120,2026-04-25 07:26:27.665120,21.23536872863769
2026-04-25 07:26:27.865873,2026-04-25 07:26:27.865873,21.21412467956543
2026-04-25 07:26:28.065409,2026-04-25 07:26:28.065409,21.196069717407227
2026-04-25 07:26:28.265720,2026-04-25 07:26:28.265720,21.180721282958984
2026-04-25 07:26:28.465948,2026-04-25 07:26:28.465948,21.167675018310547
2026-04-25 07:26:28.665082,2026-04-25 07:26:28.665082,21.15658569335937
2026-04-25 07:26:28.864914,2026-04-25 07:26:28.864914,21.14716148376465
2026-04-25 07:26:29.066059,2026-04-25 07:26:29.066059,21.139148712158203
2026-04-25 07:26:29.266226,2026-04-25 07:26:29.266226,21.132339477539062
2026-04-25 07:26:29.466340,2026-04-25 07:26:29.466340,21.12655067443848
2026-04-25 07:26:29.664679,2026-04-25 07:26:29.664679,21.121631622314453
2026-04-25 07:26:29.866966,2026-04-25 07:26:29.866966,21.11744880676269
2026-04-25 07:26:30.065319,2026-04-25 07:26:30.065319,21.113893508911133
2026-04-25 07:26:30.265172,2026-04-25 07:26:30.265172,21.11087226867676
2026-04-25 07:26:30.465197,2026-04-25 07:26:30.465197,21.10830307006836
2026-04-25 07:26:30.665381,2026-04-25 07:26:30.665381,20.930339813232425
2026-04-25 07:26:30.867013,2026-04-25 07:26:30.867013,20.77906990051269
2026-04-25 07:26:31.066575,2026-04-25 07:26:31.066575,20.650489807128903
2026-04-25 07:26:31.266638,2026-04-25 07:26:31.266638,20.54119873046875
2026-04-25 07:26:31.466032,2026-04-25 07:26:31.466032,20.448299407958984
2026-04-25 07:26:31.664731,2026-04-25 07:26:31.664731,20.36933708190918
2026-04-25 07:26:31.865665,2026-04-25 07:26:31.865665,20.126436233520508
2026-04-25 07:26:32.065359,2026-04-25 07:26:32.065359,19.91996955871582
2026-04-25 07:26:32.264819,2026-04-25 07:26:32.264819,19.568693161010746
2026-04-25 07:26:32.467201,2026-04-25 07:26:32.467201,19.270109176635746
2026-04-25 07:26:32.664868,2026-04-25 07:26:32.664868,19.01631164550781
2026-04-25 07:26:32.866266,2026-04-25 07:26:32.866266,18.624801635742188
2026-04-25 07:26:33.066139,2026-04-25 07:26:33.066139,18.11623764038086
2026-04-25 07:26:33.266631,2026-04-25 07:26:33.266631,17.683958053588867
2026-04-25 07:26:33.464628,2026-04-25 07:26:33.464628,17.31652069091797
2026-04-25 07:26:33.667356,2026-04-25 07:26:33.667356,16.82841682434082
2026-04-25 07:26:33.864709,2026-04-25 07:26:33.864709,16.237749099731445
2026-04-25 07:26:34.067075,2026-04-25 07:26:34.067075,15.73568058013916
2026-04-25 07:26:34.269377,2026-04-25 07:26:34.269377,15.308921813964844
2026-04-25 07:26:34.465288,2026-04-25 07:26:34.465288,14.94617748260498
2026-04-25 07:26:34.664640,2026-04-25 07:26:34.664640,14.63784408569336
2026-04-25 07:26:34.865368,2026-04-25 07:26:34.865368,14.375761985778809
2026-04-25 07:26:35.067353,2026-04-25 07:26:35.067353,14.15299129486084
2026-04-25 07:26:35.266956,2026-04-25 07:26:35.266956,13.96363639831543
2026-04-25 07:26:35.467712,2026-04-25 07:26:35.467712,13.802684783935549
2026-04-25 07:26:35.670604,2026-04-25 07:26:35.670604,13.665875434875488
2026-04-25 07:26:48.766040,2026-04-25 07:26:48.766040,13.373806953430176
2026-04-25 07:26:48.965582,2026-04-25 07:26:48.965582,13.125548362731934
2026-04-25 07:26:49.168065,2026-04-25 07:26:49.168065,12.914528846740724
2026-04-25 07:26:49.365795,2026-04-25 07:26:49.365795,12.735161781311035
2026-04-25 07:26:49.566008,2026-04-25 07:26:49.566008,12.5826997756958
2026-04-25 07:26:49.764759,2026-04-25 07:26:49.764759,14.562482833862305
2026-04-25 07:26:49.965267,2026-04-25 07:26:49.965267,16.245298385620117
2026-04-25 07:26:50.166904,2026-04-25 07:26:50.166904,17.675689697265625
2026-04-25 07:26:50.365124,2026-04-25 07:26:50.365124,18.891525268554688
2026-04-25 07:26:50.566061,2026-04-25 07:26:50.566061,19.924983978271484
2026-04-25 07:26:50.766481,2026-04-25 07:26:50.766481,20.803422927856445
2026-04-25 07:26:50.965540,2026-04-25 07:26:50.965540,21.55009651184082
2026-04-25 07:26:51.167625,2026-04-25 07:26:51.167625,22.184770584106445
2026-04-25 07:26:51.367733,2026-04-25 07:26:51.367733,22.724241256713867
2026-04-25 07:26:51.565644,2026-04-25 07:26:51.565644,23.18279266357422
2026-04-25 07:26:51.766162,2026-04-25 07:26:51.766162,23.57256126403809
2026-04-25 07:26:51.965114,2026-04-25 07:26:51.965114,23.903865814208984
2026-04-25 07:26:52.165133,2026-04-25 07:26:52.165133,24.36125373840332
2026-04-25 07:26:52.366742,2026-04-25 07:26:52.366742,24.75003433227539
2026-04-25 07:26:52.566978,2026-04-25 07:26:52.566978,25.08049774169922
2026-04-25 07:26:52.765798,2026-04-25 07:26:52.765798,25.36139297485352
2026-04-25 07:26:52.965031,2026-04-25 07:26:52.965031,25.60015296936035
2026-04-25 07:26:53.165956,2026-04-25 07:26:53.165956,25.803098678588867
2026-04-25 07:26:53.367337,2026-04-25 07:26:53.367337,25.975601196289062
2026-04-25 07:26:53.566775,2026-04-25 07:26:53.566775,25.94644927978516
2026-04-25 07:26:53.765874,2026-04-25 07:26:53.765874,26.097450256347656
2026-04-25 07:26:53.964957,2026-04-25 07:26:53.964957,26.225801467895508
2026-04-25 07:26:54.166305,2026-04-25 07:26:54.166305,26.33489990234375
2026-04-25 07:26:54.365436,2026-04-25 07:26:54.365436,26.25185203552246
2026-04-25 07:26:54.565572,2026-04-25 07:26:54.565572,26.181262969970703
2026-04-25 07:26:54.765826,2026-04-25 07:26:54.765826,26.12125968933105
2026-04-25 07:26:54.967691,2026-04-25 07:26:54.967691,26.07025909423828
2026-04-25 07:26:55.165946,2026-04-25 07:26:55.165946,26.02690696716309
2026-04-25 07:26:55.365088,2026-04-25 07:26:55.365088,25.81427764892578
2026-04-25 07:26:55.567051,2026-04-25 07:26:55.567051,25.633543014526367
2026-04-25 07:26:55.768918,2026-04-25 07:26:55.768918,25.47991752624512
2026-04-25 07:26:55.967117,2026-04-25 07:26:55.967117,25.349336624145508
2026-04-25 07:26:56.168084,2026-04-25 07:26:56.168084,25.23834228515625
2026-04-25 07:26:56.364758,2026-04-25 07:26:56.364758,25.14399719238281
2026-04-25 07:26:56.566330,2026-04-25 07:26:56.566330,24.88802146911621
2026-04-25 07:26:56.767630,2026-04-25 07:26:56.767630,24.67044448852539
2026-04-25 07:26:56.971078,2026-04-25 07:26:56.971078,24.485502243041992
2026-04-25 07:26:57.166147,2026-04-25 07:26:57.166147,24.32830238342285
2026-04-25 07:26:57.371032,2026-04-25 07:26:57.371032,24.19468116760254
2026-04-25 07:26:57.566298,2026-04-25 07:26:57.566298,24.081104278564453
2026-04-25 07:26:57.767589,2026-04-25 07:26:57.767589,23.80878257751465
2026-04-25 07:26:57.971149,2026-04-25 07:26:57.971149,23.57730865478516
2026-04-25 07:26:58.166987,2026-04-25 07:26:58.166987,23.380556106567383
2026-04-25 07:26:58.367885,2026-04-25 07:26:58.367885,23.21331596374512
2026-04-25 07:26:58.566684,2026-04-25 07:26:58.566684,23.071163177490234
2026-04-25 07:26:58.765493,2026-04-25 07:26:58.765493,22.95033264160156
2026-04-25 07:26:58.968290,2026-04-25 07:26:58.968290,22.671844482421875
2026-04-25 07:26:59.171335,2026-04-25 07:26:59.171335,22.435131072998047
2026-04-25 07:26:59.367411,2026-04-25 07:26:59.367411,22.233922958374023
2026-04-25 07:26:59.565670,2026-04-25 07:26:59.565670,22.062896728515625
2026-04-25 07:26:59.765069,2026-04-25 07:26:59.765069,21.917526245117188
2026-04-25 07:26:59.969441,2026-04-25 07:26:59.969441,21.61817741394043
2026-04-25 07:27:00.167113,2026-04-25 07:27:00.167113,21.363733291625977
2026-04-25 07:27:00.370887,2026-04-25 07:27:00.370887,21.14745330810547
2026-04-25 07:27:00.565316,2026-04-25 07:27:00.565316,20.9636173248291
2026-04-25 07:27:00.765267,2026-04-25 07:27:00.765267,20.807355880737305
2026-04-25 07:27:00.966639,2026-04-25 07:27:00.966639,20.67453384399414
2026-04-25 07:27:01.166662,2026-04-25 07:27:01.166662,20.385852813720703
2026-04-25 07:27:01.366240,2026-04-25 07:27:01.366240,20.14047622680664
2026-04-25 07:27:01.566408,2026-04-25 07:27:01.566408,19.931903839111328
2026-04-25 07:27:01.767378,2026-04-25 07:27:01.767378,19.75461769104004
2026-04-25 07:27:01.966739,2026-04-25 07:27:01.966739,19.60392570495605
2026-04-25 07:27:02.166086,2026-04-25 07:27:02.166086,19.47583770751953
2026-04-25 07:27:02.365105,2026-04-25 07:27:02.365105,19.36696052551269
2026-04-25 07:27:02.570143,2026-04-25 07:27:02.570143,19.098636627197266
2026-04-25 07:27:02.765429,2026-04-25 07:27:02.765429,18.87055969238281
2026-04-25 07:27:02.964945,2026-04-25 07:27:02.964945,18.67669486999512
2026-04-25 07:27:03.166745,2026-04-25 07:27:03.166745,18.51190948486328
2026-04-25 07:27:03.364865,2026-04-25 07:27:03.364865,18.371841430664062
2026-04-25 07:27:03.566547,2026-04-25 07:27:03.566547,18.252782821655277
2026-04-25 07:27:03.764898,2026-04-25 07:27:03.764898,18.15158462524414
2026-04-25 07:27:03.965735,2026-04-25 07:27:03.965735,17.88978385925293
2026-04-25 07:27:04.166674,2026-04-25 07:27:04.166674,17.667255401611328
2026-04-25 07:27:04.365746,2026-04-25 07:27:04.365746,17.478103637695312
2026-04-25 07:27:04.568875,2026-04-25 07:27:04.568875,17.317325592041016
2026-04-25 07:27:04.766590,2026-04-25 07:27:04.766590,17.1806640625
2026-04-25 07:27:04.964609,2026-04-25 07:27:04.964609,17.064502716064453
2026-04-25 07:27:05.165686,2026-04-25 07:27:05.165686,16.96576499938965
2026-04-25 07:27:05.365260,2026-04-25 07:27:05.365260,16.881837844848633
2026-04-25 07:27:05.567955,2026-04-25 07:27:05.567955,16.81049919128418
2026-04-25 07:27:05.765936,2026-04-25 07:27:05.765936,16.749862670898438
2026-04-25 07:27:05.966698,2026-04-25 07:27:05.966698,16.698320388793945
2026-04-25 07:27:06.166255,2026-04-25 07:27:06.166255,16.654508590698242
2026-04-25 07:27:06.364863,2026-04-25 07:27:06.364863,16.617271423339844
2026-04-25 07:27:06.565329,2026-04-25 07:27:06.565329,16.585617065429688
2026-04-25 07:27:06.766768,2026-04-25 07:27:06.766768,16.382930755615234
2026-04-25 07:27:06.965224,2026-04-25 07:27:06.965224,16.210647583007812
2026-04-25 07:27:07.166754,2026-04-25 07:27:07.166754,15.888425827026367
2026-04-25 07:27:07.365441,2026-04-25 07:27:07.365441,15.79031753540039
2026-04-25 07:27:07.566048,2026-04-25 07:27:07.566048,15.882707595825195
2026-04-25 07:27:07.765565,2026-04-25 07:27:07.765565,15.785457611083984
2026-04-25 07:27:07.964633,2026-04-25 07:27:07.964633,15.702795028686523
2026-04-25 07:27:08.165307,2026-04-25 07:27:08.165307,15.632532119750977
2026-04-25 07:27:08.365520,2026-04-25 07:27:08.365520,15.397027969360352
2026-04-25 07:27:08.564978,2026-04-25 07:27:08.564978,15.372629165649414
2026-04-25 07:27:08.764896,2026-04-25 07:27:08.764896,15.35189151763916
2026-04-25 07:27:08.964799,2026-04-25 07:27:08.964799,15.334263801574709
2026-04-25 07:27:09.165995,2026-04-25 07:27:09.165995,15.846624374389648
2026-04-25 07:27:09.367350,2026-04-25 07:27:09.367350,15.75478744506836
2026-04-25 07:27:09.565020,2026-04-25 07:27:09.565020,15.676725387573242
2026-04-25 07:27:09.764609,2026-04-25 07:27:09.764609,15.43459129333496
2026-04-25 07:27:09.966381,2026-04-25 07:27:09.966381,15.228777885437012
2026-04-25 07:27:10.167376,2026-04-25 07:27:10.167376,15.05383586883545
2026-04-25 07:27:10.367486,2026-04-25 07:27:10.367486,14.72935390472412
2026-04-25 07:27:10.565481,2026-04-25 07:27:10.565481,14.45354461669922
2026-04-25 07:27:10.764747,2026-04-25 07:27:10.764747,14.043325424194336
2026-04-25 07:27:10.965406,2026-04-25 07:27:10.965406,13.870420455932615
2026-04-25 07:27:11.164766,2026-04-25 07:27:11.164766,15.305482864379885
2026-04-25 07:27:11.365016,2026-04-25 07:27:11.365016,16.525285720825195
2026-04-25 07:27:11.564759,2026-04-25 07:27:11.564759,17.562116622924805
2026-04-25 07:27:11.765620,2026-04-25 07:27:11.765620,18.44342422485352
2026-04-25 07:27:11.967333,2026-04-25 07:27:11.967333,19.192535400390625
2026-04-25 07:27:12.165637,2026-04-25 07:27:12.165637,19.829280853271484
2026-04-25 07:27:12.365662,2026-04-25 07:27:12.365662,20.546295166015625
2026-04-25 07:27:12.565648,2026-04-25 07:27:12.565648,21.1557559967041
2026-04-25 07:27:12.765149,2026-04-25 07:27:12.765149,21.673799514770508
2026-04-25 07:27:12.966624,2026-04-25 07:27:12.966624,22.1141357421875
2026-04-25 07:27:13.164826,2026-04-25 07:27:13.164826,22.488422393798828
2026-04-25 07:27:13.365245,2026-04-25 07:27:13.365245,22.806564331054688
2026-04-25 07:27:13.566575,2026-04-25 07:27:13.566575,23.25276756286621
2026-04-25 07:27:13.765196,2026-04-25 07:27:13.765196,23.63204002380371
2026-04-25 07:27:13.966108,2026-04-25 07:27:13.966108,23.778640747070312
2026-04-25 07:27:27.064752,2026-04-25 07:27:27.064752,24.079030990600582
2026-04-25 07:27:27.266455,2026-04-25 07:27:27.266455,24.33436393737793
2026-04-25 07:27:27.469618,2026-04-25 07:27:27.469618,24.5513973236084
2026-04-25 07:27:27.664983,2026-04-25 07:27:27.664983,24.735876083374023
2026-04-25 07:27:27.864740,2026-04-25 07:27:27.864740,24.89268112182617
2026-04-25 07:27:28.064959,2026-04-25 07:27:28.064959,24.85018539428711
2026-04-25 07:27:28.264621,2026-04-25 07:27:28.264621,24.814064025878903
2026-04-25 07:27:28.464638,2026-04-25 07:27:28.464638,24.783361434936523
2026-04-25 07:27:28.665359,2026-04-25 07:27:28.665359,24.75726318359375
2026-04-25 07:27:28.865311,2026-04-25 07:27:28.865311,24.910860061645508
2026-04-25 07:27:29.067369,2026-04-25 07:27:29.067369,25.04141998291016
2026-04-25 07:27:29.268673,2026-04-25 07:27:29.268673,25.152393341064453
2026-04-25 07:27:29.466595,2026-04-25 07:27:29.466595,25.422504425048828
2026-04-25 07:27:29.666700,2026-04-25 07:27:29.666700,25.47631454467773
2026-04-25 07:27:29.865310,2026-04-25 07:27:29.865310,25.522056579589844
2026-04-25 07:27:30.066190,2026-04-25 07:27:30.066190,25.56093406677246
2026-04-25 07:27:30.267454,2026-04-25 07:27:30.267454,25.593982696533203
2026-04-25 07:27:30.465036,2026-04-25 07:27:30.465036,25.622072219848636
2026-04-25 07:27:30.665314,2026-04-25 07:27:30.665314,25.64594841003418
2026-04-25 07:27:30.865327,2026-04-25 07:27:30.865327,25.666244506835938
2026-04-25 07:27:31.065332,2026-04-25 07:27:31.065332,25.683494567871094
2026-04-25 07:27:31.265255,2026-04-25 07:27:31.265255,25.69815826416016
2026-04-25 07:27:31.465952,2026-04-25 07:27:31.465952,25.710622787475582
2026-04-25 07:27:31.668743,2026-04-25 07:27:31.668743,25.721216201782227
2026-04-25 07:27:31.865970,2026-04-25 07:27:31.865970,25.73022079467773
2026-04-25 07:27:32.066454,2026-04-25 07:27:32.066454,25.73787498474121
2026-04-25 07:27:32.267186,2026-04-25 07:27:32.267186,25.74438095092773
2026-04-25 07:27:32.466522,2026-04-25 07:27:32.466522,25.74991226196289
2026-04-25 07:27:32.665034,2026-04-25 07:27:32.665034,25.75461196899414
2026-04-25 07:27:32.865667,2026-04-25 07:27:32.865667,25.758607864379883
2026-04-25 07:27:33.068379,2026-04-25 07:27:33.068379,25.76200485229492
2026-04-25 07:27:33.264707,2026-04-25 07:27:33.264707,25.589109420776367
2026-04-25 07:27:33.465997,2026-04-25 07:27:33.465997,25.6179313659668
2026-04-25 07:27:33.665662,2026-04-25 07:27:33.665662,25.64242935180664
2026-04-25 07:27:33.866584,2026-04-25 07:27:33.866584,25.48747062683105
2026-04-25 07:27:34.065116,2026-04-25 07:27:34.065116,25.355756759643555
2026-04-25 07:27:34.266313,2026-04-25 07:27:34.266313,25.243799209594727
2026-04-25 07:27:34.466415,2026-04-25 07:27:34.466415,25.14863586425781
2026-04-25 07:27:34.667512,2026-04-25 07:27:34.667512,25.067747116088867
2026-04-25 07:27:34.868296,2026-04-25 07:27:34.868296,24.99899101257324
2026-04-25 07:27:35.066355,2026-04-25 07:27:35.066355,24.940547943115234
2026-04-25 07:27:35.267450,2026-04-25 07:27:35.267450,24.890872955322266
2026-04-25 07:27:35.467718,2026-04-25 07:27:35.467718,24.848648071289062
2026-04-25 07:27:35.666975,2026-04-25 07:27:35.666975,24.81275749206543
2026-04-25 07:27:35.865815,2026-04-25 07:27:35.865815,24.782249450683597
2026-04-25 07:27:36.065803,2026-04-25 07:27:36.065803,24.580537796020508
2026-04-25 07:27:36.266875,2026-04-25 07:27:36.266875,24.409082412719727
2026-04-25 07:27:36.465933,2026-04-25 07:27:36.465933,24.26334381103516
2026-04-25 07:27:36.668339,2026-04-25 07:27:36.668339,24.139467239379883
2026-04-25 07:27:36.870271,2026-04-25 07:27:36.870271,24.03417205810547
2026-04-25 07:27:37.067886,2026-04-25 07:27:37.067886,23.94467163085937
2026-04-25 07:27:37.266899,2026-04-25 07:27:37.266899,24.044376373291016
2026-04-25 07:27:37.467249,2026-04-25 07:27:37.467249,24.129127502441406
2026-04-25 07:27:37.665776,2026-04-25 07:27:37.665776,24.20116424560547
2026-04-25 07:27:37.866433,2026-04-25 07:27:37.866433,24.08661460876465
2026-04-25 07:27:38.065550,2026-04-25 07:27:38.065550,23.989246368408203
2026-04-25 07:27:38.267961,2026-04-25 07:27:38.267961,23.90648460388184
2026-04-25 07:27:38.470212,2026-04-25 07:27:38.470212,24.011919021606445
2026-04-25 07:27:38.666249,2026-04-25 07:27:38.666249,24.101537704467773
2026-04-25 07:27:38.865107,2026-04-25 07:27:38.865107,24.17771339416504
2026-04-25 07:27:39.071534,2026-04-25 07:27:39.071534,24.242462158203125
2026-04-25 07:27:39.265076,2026-04-25 07:27:39.265076,24.29749870300293
2026-04-25 07:27:39.466568,2026-04-25 07:27:39.466568,24.34428024291992
2026-04-25 07:27:39.668223,2026-04-25 07:27:39.668223,24.3840446472168
2026-04-25 07:27:39.867378,2026-04-25 07:27:39.867378,24.417844772338867
2026-04-25 07:27:40.065054,2026-04-25 07:27:40.065054,24.62235450744629
2026-04-25 07:27:40.265273,2026-04-25 07:27:40.265273,24.620407104492188
2026-04-25 07:27:40.466665,2026-04-25 07:27:40.466665,24.79453468322754
2026-04-25 07:27:40.665428,2026-04-25 07:27:40.665428,24.942541122436523
2026-04-25 07:27:40.865255,2026-04-25 07:27:40.865255,25.068347930908203
2026-04-25 07:27:41.065284,2026-04-25 07:27:41.065284,25.17528343200684
2026-04-25 07:27:41.264811,2026-04-25 07:27:41.264811,25.26617813110352
2026-04-25 07:27:41.466249,2026-04-25 07:27:41.466249,25.34343910217285
2026-04-25 07:27:41.664768,2026-04-25 07:27:41.664768,24.00286102294922
2026-04-25 07:27:41.865806,2026-04-25 07:27:41.865806,24.26961898803711
2026-04-25 07:27:42.065758,2026-04-25 07:27:42.065758,24.49636459350586
2026-04-25 07:27:42.265542,2026-04-25 07:27:42.265542,24.689096450805664
2026-04-25 07:27:42.465281,2026-04-25 07:27:42.465281,23.44667053222656
2026-04-25 07:27:42.664921,2026-04-25 07:27:42.664921,22.390605926513672
2026-04-25 07:27:42.865692,2026-04-25 07:27:42.865692,21.31717109680176
2026-04-25 07:27:43.069991,2026-04-25 07:27:43.069991,20.40475273132324
2026-04-25 07:27:43.265840,2026-04-25 07:27:43.265840,19.629196166992188
2026-04-25 07:27:43.464778,2026-04-25 07:27:43.464778,18.969972610473636
2026-04-25 07:27:43.665010,2026-04-25 07:27:43.665010,18.40963363647461
2026-04-25 07:27:43.865267,2026-04-25 07:27:43.865267,17.9333438873291
2026-04-25 07:27:44.065679,2026-04-25 07:27:44.065679,17.352718353271484
2026-04-25 07:27:44.266339,2026-04-25 07:27:44.266339,16.85918426513672
2026-04-25 07:27:44.465326,2026-04-25 07:27:44.465326,16.263900756835938
2026-04-25 07:27:44.665379,2026-04-25 07:27:44.665379,15.757909774780272
2026-04-25 07:27:44.865262,2026-04-25 07:27:44.865262,15.3278169631958
2026-04-25 07:27:45.065431,2026-04-25 07:27:45.065431,14.962238311767578
2026-04-25 07:27:45.267822,2026-04-25 07:27:45.267822,14.475714683532717
2026-04-25 07:27:45.466451,2026-04-25 07:27:45.466451,14.062170028686523
2026-04-25 07:27:45.665503,2026-04-25 07:27:45.665503,13.710657119750977
2026-04-25 07:27:45.865093,2026-04-25 07:27:45.865093,13.411870956420898
2026-04-25 07:27:46.065373,2026-04-25 07:27:46.065373,13.157902717590332
2026-04-25 07:27:46.268391,2026-04-25 07:27:46.268391,12.94202995300293
2026-04-25 07:27:46.466514,2026-04-25 07:27:46.466514,12.582756996154783
2026-04-25 07:27:46.665392,2026-04-25 07:27:46.665392,12.453155517578123
2026-04-25 07:27:46.864617,2026-04-25 07:27:46.864617,12.167213439941406
2026-04-25 07:27:47.065931,2026-04-25 07:27:47.065931,11.74838161468506
2026-04-25 07:27:47.265424,2026-04-25 07:27:47.265424,11.392374038696287
2026-04-25 07:27:47.464652,2026-04-25 07:27:47.464652,11.089768409729004
2026-04-25 07:27:47.665242,2026-04-25 07:27:47.665242,10.832552909851074
2026-04-25 07:27:47.865900,2026-04-25 07:27:47.865900,10.613920211791992
2026-04-25 07:27:48.065198,2026-04-25 07:27:48.065198,10.428082466125488
2026-04-25 07:27:48.264775,2026-04-25 07:27:48.264775,10.270119667053224
2026-04-25 07:27:48.464683,2026-04-25 07:27:48.464683,10.135851860046388
2026-04-25 07:27:48.665402,2026-04-25 07:27:48.665402,10.021723747253418
2026-04-25 07:27:48.865834,2026-04-25 07:27:48.865834,9.924715042114258
2026-04-25 07:27:49.068265,2026-04-25 07:27:49.068265,9.84225845336914
2026-04-25 07:27:49.266620,2026-04-25 07:27:49.266620,9.77216911315918
2026-04-25 07:27:49.466338,2026-04-25 07:27:49.466338,9.712594032287598
2026-04-25 07:27:49.667628,2026-04-25 07:27:49.667628,9.661954879760742
2026-04-25 07:27:49.864981,2026-04-25 07:27:49.864981,9.618911743164062
2026-04-25 07:27:50.065570,2026-04-25 07:27:50.065570,9.582324981689451
2026-04-25 07:27:50.264963,2026-04-25 07:27:50.264963,9.551226615905762
2026-04-25 07:27:50.465124,2026-04-25 07:27:50.465124,9.524792671203612
2026-04-25 07:27:50.665362,2026-04-25 07:27:50.665362,9.502323150634766
2026-04-25 07:27:50.865174,2026-04-25 07:27:50.865174,9.483224868774414
2026-04-25 07:27:51.065480,2026-04-25 07:27:51.065480,9.466991424560549
2026-04-25 07:27:51.266305,2026-04-25 07:27:51.266305,9.453192710876465
2026-04-25 07:27:51.467773,2026-04-25 07:27:51.467773,9.441463470458984
2026-04-25 07:27:51.664696,2026-04-25 07:27:51.664696,9.431493759155272
2026-04-25 07:27:51.865132,2026-04-25 07:27:51.865132,9.423020362854004
2026-04-25 07:27:52.065565,2026-04-25 07:27:52.065565,9.415817260742188
2026-04-25 07:27:52.267291,2026-04-25 07:27:52.267291,9.40969467163086
2026-04-25 07:28:05.365127,2026-04-25 07:28:05.365127,9.40449047088623
2026-04-25 07:28:05.564856,2026-04-25 07:28:05.564856,9.400066375732422
2026-04-25 07:28:05.765864,2026-04-25 07:28:05.765864,9.396306991577148
2026-04-25 07:28:05.965774,2026-04-25 07:28:05.965774,9.393110275268556
2026-04-25 07:28:06.166443,2026-04-25 07:28:06.166443,9.39039421081543
2026-04-25 07:28:06.365036,2026-04-25 07:28:06.365036,9.56386661529541
2026-04-25 07:28:06.564731,2026-04-25 07:28:06.564731,9.711318016052246
2026-04-25 07:28:06.766585,2026-04-25 07:28:06.766585,9.660869598388672
2026-04-25 07:28:06.965303,2026-04-25 07:28:06.965303,9.617989540100098
2026-04-25 07:28:07.167852,2026-04-25 07:28:07.167852,9.581541061401367
2026-04-25 07:28:07.365279,2026-04-25 07:28:07.365279,9.550559997558594
2026-04-25 07:28:07.566456,2026-04-25 07:28:07.566456,9.700007438659668
2026-04-25 07:28:07.766607,2026-04-25 07:28:07.766607,9.82703685760498
2026-04-25 07:28:07.965426,2026-04-25 07:28:07.965426,9.935012817382812
2026-04-25 07:28:08.165654,2026-04-25 07:28:08.165654,9.851011276245115
2026-04-25 07:28:08.365136,2026-04-25 07:28:08.365136,9.77960968017578
2026-04-25 07:28:08.566689,2026-04-25 07:28:08.566689,9.718917846679688
2026-04-25 07:28:08.766611,2026-04-25 07:28:08.766611,9.667330741882324
2026-04-25 07:28:08.967177,2026-04-25 07:28:08.967177,9.623480796813965
2026-04-25 07:28:09.165231,2026-04-25 07:28:09.165231,9.58620834350586
2026-04-25 07:28:09.367621,2026-04-25 07:28:09.367621,9.554527282714844
2026-04-25 07:28:09.565601,2026-04-25 07:28:09.565601,9.52759838104248
2026-04-25 07:28:09.765036,2026-04-25 07:28:09.765036,9.504708290100098
2026-04-25 07:28:09.971364,2026-04-25 07:28:09.971364,9.485252380371094
2026-04-25 07:28:10.166326,2026-04-25 07:28:10.166326,9.468714714050291
2026-04-25 07:28:10.364899,2026-04-25 07:28:10.364899,9.630438804626465
2026-04-25 07:28:10.565117,2026-04-25 07:28:10.565117,9.767904281616213
2026-04-25 07:28:10.765191,2026-04-25 07:28:10.765191,9.88474941253662
2026-04-25 07:28:10.965847,2026-04-25 07:28:10.965847,9.984068870544434
2026-04-25 07:28:11.165967,2026-04-25 07:28:11.165967,10.068489074707031
2026-04-25 07:28:11.367075,2026-04-25 07:28:11.367075,10.140247344970703
2026-04-25 07:28:11.565245,2026-04-25 07:28:11.565245,10.201241493225098
2026-04-25 07:28:11.766077,2026-04-25 07:28:11.766077,10.25308609008789
2026-04-25 07:28:11.966167,2026-04-25 07:28:11.966167,10.297154426574709
2026-04-25 07:28:12.167867,2026-04-25 07:28:12.167867,10.334612846374512
2026-04-25 07:28:12.368190,2026-04-25 07:28:12.368190,10.36645221710205
2026-04-25 07:28:12.578372,2026-04-25 07:28:12.578372,10.393515586853027
2026-04-25 07:28:12.766373,2026-04-25 07:28:12.766373,10.592300415039062
2026-04-25 07:28:12.965682,2026-04-25 07:28:12.965682,10.76126766204834
2026-04-25 07:28:13.166823,2026-04-25 07:28:13.166823,10.904890060424805
2026-04-25 07:28:13.367569,2026-04-25 07:28:13.367569,11.202750205993652
2026-04-25 07:28:13.566478,2026-04-25 07:28:13.566478,11.455931663513184
2026-04-25 07:28:13.767084,2026-04-25 07:28:13.767084,11.671135902404783
2026-04-25 07:28:13.964770,2026-04-25 07:28:13.964770,11.854059219360352
2026-04-25 07:28:14.167078,2026-04-25 07:28:14.167078,12.009544372558594
2026-04-25 07:28:14.367998,2026-04-25 07:28:14.367998,12.141706466674805
2026-04-25 07:28:14.565163,2026-04-25 07:28:14.565163,12.254043579101562
2026-04-25 07:28:14.767748,2026-04-25 07:28:14.767748,12.349531173706056
2026-04-25 07:28:14.967268,2026-04-25 07:28:14.967268,12.60647678375244
2026-04-25 07:28:15.173319,2026-04-25 07:28:15.173319,12.82487964630127
2026-04-25 07:28:15.369501,2026-04-25 07:28:15.369501,13.010522842407228
2026-04-25 07:28:15.566032,2026-04-25 07:28:15.566032,13.168319702148438
2026-04-25 07:28:15.771487,2026-04-25 07:28:15.771487,13.302446365356444
2026-04-25 07:28:15.966402,2026-04-25 07:28:15.966402,13.416454315185549
2026-04-25 07:28:16.167347,2026-04-25 07:28:16.167347,13.513360977172852
2026-04-25 07:28:16.365139,2026-04-25 07:28:16.365139,13.595732688903809
2026-04-25 07:28:16.567401,2026-04-25 07:28:16.567401,13.66574764251709
2026-04-25 07:28:16.765962,2026-04-25 07:28:16.765962,13.725260734558104
2026-04-25 07:28:16.968365,2026-04-25 07:28:16.968365,13.775846481323242
2026-04-25 07:28:17.169110,2026-04-25 07:28:17.169110,13.643062591552734
2026-04-25 07:28:17.370361,2026-04-25 07:28:17.370361,13.354415893554688
2026-04-25 07:28:17.567870,2026-04-25 07:28:17.567870,13.109066009521484
2026-04-25 07:28:17.766488,2026-04-25 07:28:17.766488,12.900518417358398
2026-04-25 07:28:17.966427,2026-04-25 07:28:17.966427,12.72325325012207
2026-04-25 07:28:18.169139,2026-04-25 07:28:18.169139,12.572577476501465
2026-04-25 07:28:18.373434,2026-04-25 07:28:18.373434,12.444503784179688
2026-04-25 07:28:18.567165,2026-04-25 07:28:18.567165,12.335640907287598
2026-04-25 07:28:18.767072,2026-04-25 07:28:18.767072,12.243106842041016
2026-04-25 07:28:18.966292,2026-04-25 07:28:18.966292,12.164453506469728
2026-04-25 07:28:19.165968,2026-04-25 07:28:19.165968,12.0975980758667
2026-04-25 07:28:19.369588,2026-04-25 07:28:19.369588,12.040770530700684
2026-04-25 07:28:19.565755,2026-04-25 07:28:19.565755,11.992467880249023
2026-04-25 07:28:19.764887,2026-04-25 07:28:19.764887,11.951410293579102
2026-04-25 07:28:19.967719,2026-04-25 07:28:19.967719,11.916510581970217
2026-04-25 07:28:20.170029,2026-04-25 07:28:20.170029,11.886846542358398
2026-04-25 07:28:20.365758,2026-04-25 07:28:20.365758,11.861632347106934
2026-04-25 07:28:20.564749,2026-04-25 07:28:20.564749,11.840200424194336
2026-04-25 07:28:20.767072,2026-04-25 07:28:20.767072,11.646201133728027
2026-04-25 07:28:20.965322,2026-04-25 07:28:20.965322,11.48130226135254
2026-04-25 07:28:21.166454,2026-04-25 07:28:21.166454,11.516919136047363
2026-04-25 07:28:21.364943,2026-04-25 07:28:21.364943,11.371413230895996
2026-04-25 07:28:21.565427,2026-04-25 07:28:21.565427,11.423513412475586
2026-04-25 07:28:21.764686,2026-04-25 07:28:21.764686,11.467799186706545
2026-04-25 07:28:21.967226,2026-04-25 07:28:21.967226,11.505441665649414
2026-04-25 07:28:22.164818,2026-04-25 07:28:22.164818,11.537437438964844
2026-04-25 07:28:22.365353,2026-04-25 07:28:22.365353,11.564634323120115
2026-04-25 07:28:22.565320,2026-04-25 07:28:22.565320,11.58775234222412
2026-04-25 07:28:22.764665,2026-04-25 07:28:22.764665,11.607401847839355
2026-04-25 07:28:22.965435,2026-04-25 07:28:22.965435,11.624103546142578
2026-04-25 07:28:23.165572,2026-04-25 07:28:23.165572,11.638300895690918
2026-04-25 07:28:23.364474,2026-04-25 07:28:23.364474,11.650367736816406
2026-04-25 07:28:23.575439,2026-04-25 07:28:23.575439,11.660625457763672
2026-04-25 07:28:23.767513,2026-04-25 07:28:23.767513,11.669343948364258
2026-04-25 07:28:23.966364,2026-04-25 07:28:23.966364,11.67675495147705
2026-04-25 07:28:24.173167,2026-04-25 07:28:24.173167,11.683053970336914
2026-04-25 07:28:24.365997,2026-04-25 07:28:24.365997,11.688408851623535
2026-04-25 07:28:24.566237,2026-04-25 07:28:24.566237,11.692959785461426
2026-04-25 07:28:24.765043,2026-04-25 07:28:24.765043,11.69682788848877
2026-04-25 07:28:24.965777,2026-04-25 07:28:24.965777,11.700116157531738
2026-04-25 07:28:25.165156,2026-04-25 07:28:25.165156,11.702911376953123
2026-04-25 07:28:25.365376,2026-04-25 07:28:25.365376,13.990443229675291
2026-04-25 07:28:25.565237,2026-04-25 07:28:25.565237,15.75906467437744
2026-04-25 07:28:25.775933,2026-04-25 07:28:25.775933,17.613954544067383
2026-04-25 07:28:25.965097,2026-04-25 07:28:25.965097,19.19061088562012
2026-04-25 07:28:26.164671,2026-04-25 07:28:26.164671,20.53076934814453
2026-04-25 07:28:26.376663,2026-04-25 07:28:26.376663,21.669904708862305
2026-04-25 07:28:26.566903,2026-04-25 07:28:26.566903,22.638168334960938
2026-04-25 07:28:26.765754,2026-04-25 07:28:26.765754,23.4611930847168
2026-04-25 07:28:26.964899,2026-04-25 07:28:26.964899,24.160764694213867
2026-04-25 07:28:27.165449,2026-04-25 07:28:27.165449,24.75539970397949
2026-04-25 07:28:27.365914,2026-04-25 07:28:27.365914,25.260839462280277
2026-04-25 07:28:27.565472,2026-04-25 07:28:27.565472,25.69046401977539
2026-04-25 07:28:27.766067,2026-04-25 07:28:27.766067,26.055644989013672
2026-04-25 07:28:27.966054,2026-04-25 07:28:27.966054,26.190265655517575
2026-04-25 07:28:28.166548,2026-04-25 07:28:28.166548,26.48047637939453
2026-04-25 07:28:28.366817,2026-04-25 07:28:28.366817,26.727155685424805
2026-04-25 07:28:28.565563,2026-04-25 07:28:28.565563,26.93683242797852
2026-04-25 07:28:28.764935,2026-04-25 07:28:28.764935,27.11505699157715
2026-04-25 07:28:28.965589,2026-04-25 07:28:28.965589,27.26654815673828
2026-04-25 07:28:29.165046,2026-04-25 07:28:29.165046,27.21953582763672
2026-04-25 07:28:29.364691,2026-04-25 07:28:29.364691,27.17957305908203
2026-04-25 07:28:29.564656,2026-04-25 07:28:29.564656,27.145606994628903
2026-04-25 07:28:29.767382,2026-04-25 07:28:29.767382,27.11673355102539
2026-04-25 07:28:29.967978,2026-04-25 07:28:29.967978,27.092191696166992
2026-04-25 07:28:30.165616,2026-04-25 07:28:30.165616,27.071332931518555
2026-04-25 07:28:30.365038,2026-04-25 07:28:30.365038,27.05360221862793
2026-04-25 07:28:30.565843,2026-04-25 07:28:30.565843,26.862749099731445
2026-04-25 07:28:43.667162,2026-04-25 07:28:43.667162,26.700523376464844
2026-04-25 07:28:43.867521,2026-04-25 07:28:43.867521,26.562633514404297
2026-04-25 07:28:44.065191,2026-04-25 07:28:44.065191,26.445425033569336
2026-04-25 07:28:44.267104,2026-04-25 07:28:44.267104,26.34579849243164
2026-04-25 07:28:44.466556,2026-04-25 07:28:44.466556,26.08533477783203
2026-04-25 07:28:44.676885,2026-04-25 07:28:44.676885,25.863941192626957
2026-04-25 07:28:44.865143,2026-04-25 07:28:44.865143,25.675756454467773
2026-04-25 07:28:45.065110,2026-04-25 07:28:45.065110,25.515798568725582
2026-04-25 07:28:45.266415,2026-04-25 07:28:45.266415,25.37983512878418
2026-04-25 07:28:45.467316,2026-04-25 07:28:45.467316,25.26426696777344
2026-04-25 07:28:45.664903,2026-04-25 07:28:45.664903,24.99025154113769
2026-04-25 07:28:45.865159,2026-04-25 07:28:45.865159,24.757339477539062
2026-04-25 07:28:46.065986,2026-04-25 07:28:46.065986,24.559362411499023
2026-04-25 07:28:46.264526,2026-04-25 07:28:46.264526,24.391082763671875
2026-04-25 07:28:46.464974,2026-04-25 07:28:46.464974,24.248046875
2026-04-25 07:28:46.666640,2026-04-25 07:28:46.666640,24.12646484375
2026-04-25 07:28:46.865665,2026-04-25 07:28:46.865665,23.84733772277832
2026-04-25 07:28:47.068624,2026-04-25 07:28:47.068624,23.61008071899414
2026-04-25 07:28:47.267083,2026-04-25 07:28:47.267083,23.40841293334961
2026-04-25 07:28:47.466173,2026-04-25 07:28:47.466173,23.23699378967285
2026-04-25 07:28:47.665175,2026-04-25 07:28:47.665175,23.267070770263672
2026-04-25 07:28:47.865270,2026-04-25 07:28:47.865270,23.116853713989254
2026-04-25 07:28:48.066089,2026-04-25 07:28:48.066089,22.98917007446289
2026-04-25 07:28:48.265055,2026-04-25 07:28:48.265055,22.880638122558597
2026-04-25 07:28:48.465673,2026-04-25 07:28:48.465673,22.78838539123535
2026-04-25 07:28:48.665233,2026-04-25 07:28:48.665233,22.7099723815918
2026-04-25 07:28:48.868318,2026-04-25 07:28:48.868318,22.643320083618164
2026-04-25 07:28:49.064633,2026-04-25 07:28:49.064633,22.58666610717773
2026-04-25 07:28:49.270649,2026-04-25 07:28:49.270649,20.780696868896484
2026-04-25 07:28:49.466691,2026-04-25 07:28:49.466691,21.003437042236328
2026-04-25 07:28:49.665722,2026-04-25 07:28:49.665722,21.19276428222656
2026-04-25 07:28:49.869467,2026-04-25 07:28:49.869467,21.17791175842285
2026-04-25 07:28:50.064661,2026-04-25 07:28:50.064661,21.165287017822266
2026-04-25 07:28:50.265332,2026-04-25 07:28:50.265332,21.15455818176269
2026-04-25 07:28:50.465189,2026-04-25 07:28:50.465189,19.563404083251957
2026-04-25 07:28:50.667296,2026-04-25 07:28:50.667296,18.210926055908203
2026-04-25 07:28:50.866432,2026-04-25 07:28:50.866432,17.237098693847656
2026-04-25 07:28:51.066107,2026-04-25 07:28:51.066107,16.409347534179688
2026-04-25 07:28:51.266569,2026-04-25 07:28:51.266569,15.52997589111328
2026-04-25 07:28:51.464721,2026-04-25 07:28:51.464721,14.782510757446287
2026-04-25 07:28:51.665729,2026-04-25 07:28:51.665729,14.147165298461914
2026-04-25 07:28:51.865887,2026-04-25 07:28:51.865887,13.782902717590332
2026-04-25 07:28:52.067193,2026-04-25 07:28:52.067193,13.47327995300293
2026-04-25 07:28:52.268183,2026-04-25 07:28:52.268183,13.210100173950195
2026-04-25 07:28:52.465202,2026-04-25 07:28:52.465202,13.162178993225098
2026-04-25 07:28:52.667127,2026-04-25 07:28:52.667127,13.12144660949707
2026-04-25 07:28:52.870049,2026-04-25 07:28:52.870049,13.086822509765623
2026-04-25 07:28:53.068345,2026-04-25 07:28:53.068345,12.881611824035645
2026-04-25 07:28:53.265300,2026-04-25 07:28:53.265300,12.707182884216309
2026-04-25 07:28:53.467070,2026-04-25 07:28:53.467070,12.558917999267578
2026-04-25 07:28:53.665301,2026-04-25 07:28:53.665301,12.43289279937744
2026-04-25 07:28:53.866524,2026-04-25 07:28:53.866524,12.32577133178711
2026-04-25 07:28:54.067320,2026-04-25 07:28:54.067320,12.234718322753906
2026-04-25 07:28:54.265434,2026-04-25 07:28:54.265434,12.157322883605955
2026-04-25 07:28:54.465563,2026-04-25 07:28:54.465563,12.09153652191162
2026-04-25 07:28:54.666063,2026-04-25 07:28:54.666063,12.035618782043455
2026-04-25 07:28:54.868429,2026-04-25 07:28:54.868429,11.988088607788086
2026-04-25 07:28:55.066678,2026-04-25 07:28:55.066678,11.947688102722168
2026-04-25 07:28:55.268823,2026-04-25 07:28:55.268823,11.913347244262695
2026-04-25 07:28:55.466709,2026-04-25 07:28:55.466709,11.884157180786133
2026-04-25 07:28:55.669370,2026-04-25 07:28:55.669370,11.859346389770508
2026-04-25 07:28:55.866015,2026-04-25 07:28:55.866015,11.8382568359375
2026-04-25 07:28:56.065646,2026-04-25 07:28:56.065646,11.820330619812012
2026-04-25 07:28:56.267328,2026-04-25 07:28:56.267328,11.629312515258787
2026-04-25 07:28:56.468387,2026-04-25 07:28:56.468387,11.466946601867676
2026-04-25 07:28:56.676502,2026-04-25 07:28:56.676502,11.328936576843262
2026-04-25 07:28:56.867715,2026-04-25 07:28:56.867715,11.387408256530762
2026-04-25 07:28:57.069167,2026-04-25 07:28:57.069167,11.261327743530272
2026-04-25 07:28:57.266301,2026-04-25 07:28:57.266301,11.154160499572754
2026-04-25 07:28:57.466189,2026-04-25 07:28:57.466189,11.063067436218262
2026-04-25 07:28:57.668106,2026-04-25 07:28:57.668106,11.161419868469238
2026-04-25 07:28:57.875178,2026-04-25 07:28:57.875178,11.24501895904541
2026-04-25 07:28:58.066522,2026-04-25 07:28:58.066522,11.316079139709473
2026-04-25 07:28:58.265067,2026-04-25 07:28:58.265067,11.376479148864746
2026-04-25 07:28:58.467309,2026-04-25 07:28:58.467309,11.427820205688477
2026-04-25 07:28:58.667199,2026-04-25 07:28:58.667199,11.47145938873291
2026-04-25 07:28:58.866390,2026-04-25 07:28:58.866390,11.508553504943848
2026-04-25 07:28:59.066029,2026-04-25 07:28:59.066029,11.540082931518556
2026-04-25 07:28:59.265197,2026-04-25 07:28:59.265197,11.566883087158203
2026-04-25 07:28:59.466606,2026-04-25 07:28:59.466606,11.589662551879885
2026-04-25 07:28:59.666617,2026-04-25 07:28:59.666617,11.784807205200195
2026-04-25 07:28:59.866003,2026-04-25 07:28:59.866003,11.950679779052734
2026-04-25 07:29:00.066352,2026-04-25 07:29:00.066352,12.09167194366455
2026-04-25 07:29:00.265523,2026-04-25 07:29:00.265523,12.387295722961426
2026-04-25 07:29:00.468278,2026-04-25 07:29:00.468278,12.81435775756836
2026-04-25 07:29:00.664695,2026-04-25 07:29:00.664695,13.001579284667969
2026-04-25 07:29:00.874682,2026-04-25 07:29:00.874682,13.160717010498049
2026-04-25 07:29:01.069635,2026-04-25 07:29:01.069635,13.295984268188477
2026-04-25 07:29:01.267948,2026-04-25 07:29:01.267948,13.410962104797363
2026-04-25 07:29:01.465077,2026-04-25 07:29:01.465077,13.508692741394045
2026-04-25 07:29:01.667528,2026-04-25 07:29:01.667528,13.767544746398926
2026-04-25 07:29:01.864682,2026-04-25 07:29:01.864682,13.98756980895996
2026-04-25 07:29:02.067270,2026-04-25 07:29:02.067270,14.174590110778809
2026-04-25 07:29:02.265481,2026-04-25 07:29:02.265481,14.333558082580566
2026-04-25 07:29:02.471068,2026-04-25 07:29:02.471068,14.468680381774902
2026-04-25 07:29:02.676527,2026-04-25 07:29:02.676527,14.583535194396973
2026-04-25 07:29:02.876084,2026-04-25 07:29:02.876084,14.681160926818848
2026-04-25 07:29:03.065469,2026-04-25 07:29:03.065469,14.764142990112305
2026-04-25 07:29:03.265268,2026-04-25 07:29:03.265268,15.010458946228027
2026-04-25 07:29:03.467842,2026-04-25 07:29:03.467842,15.21982765197754
2026-04-25 07:29:03.664850,2026-04-25 07:29:03.664850,15.397790908813477
2026-04-25 07:29:03.865296,2026-04-25 07:29:03.865296,15.549059867858888
2026-04-25 07:29:04.065179,2026-04-25 07:29:04.065179,15.677638053894045
2026-04-25 07:29:04.266280,2026-04-25 07:29:04.266280,15.786930084228516
2026-04-25 07:29:04.464670,2026-04-25 07:29:04.464670,15.879828453063965
2026-04-25 07:29:04.676528,2026-04-25 07:29:04.676528,15.958791732788086
2026-04-25 07:29:04.877127,2026-04-25 07:29:04.877127,16.025909423828125
2026-04-25 07:29:05.065553,2026-04-25 07:29:05.065553,16.082962036132812
2026-04-25 07:29:05.266279,2026-04-25 07:29:05.266279,16.131454467773438
2026-04-25 07:29:05.475671,2026-04-25 07:29:05.475671,16.34845542907715
2026-04-25 07:29:05.665670,2026-04-25 07:29:05.665670,16.53290557861328
2026-04-25 07:29:05.865064,2026-04-25 07:29:05.865064,16.689687728881836
2026-04-25 07:29:06.064854,2026-04-25 07:29:06.064854,16.822954177856445
2026-04-25 07:29:06.264949,2026-04-25 07:29:06.264949,16.936229705810547
2026-04-25 07:29:06.466347,2026-04-25 07:29:06.466347,17.032514572143555
2026-04-25 07:29:06.664980,2026-04-25 07:29:06.664980,17.114355087280273
2026-04-25 07:29:06.865632,2026-04-25 07:29:06.865632,17.183921813964844
2026-04-25 07:29:07.065381,2026-04-25 07:29:07.065381,17.243051528930664
2026-04-25 07:29:07.264585,2026-04-25 07:29:07.264585,17.293312072753906
2026-04-25 07:29:07.464663,2026-04-25 07:29:07.464663,17.336034774780273
2026-04-25 07:29:07.664992,2026-04-25 07:29:07.664992,17.37234878540039
2026-04-25 07:29:07.865884,2026-04-25 07:29:07.865884,17.403215408325195
2026-04-25 07:29:08.064539,2026-04-25 07:29:08.064539,17.42945098876953
2026-04-25 07:29:08.264543,2026-04-25 07:29:08.264543,17.451751708984375
2026-04-25 07:29:08.477379,2026-04-25 07:29:08.477379,16.7675838470459
2026-04-25 07:29:08.665484,2026-04-25 07:29:08.665484,17.064945220947266
2026-04-25 07:29:08.864574,2026-04-25 07:29:08.864574,17.317703247070312
2026-04-25 07:29:21.965208,2026-04-25 07:29:21.965208,17.532548904418945
2026-04-25 07:29:22.166756,2026-04-25 07:29:22.166756,17.890947341918945
2026-04-25 07:29:22.367612,2026-04-25 07:29:22.367612,18.195587158203125
2026-04-25 07:29:22.567848,2026-04-25 07:29:22.567848,18.45452880859375
2026-04-25 07:29:22.766041,2026-04-25 07:29:22.766041,18.67463111877441
2026-04-25 07:29:22.967893,2026-04-25 07:29:22.967893,18.861717224121094
2026-04-25 07:29:23.174784,2026-04-25 07:29:23.174784,19.02074241638184
2026-04-25 07:29:23.365577,2026-04-25 07:29:23.365577,19.155912399291992
2026-04-25 07:29:23.565697,2026-04-25 07:29:23.565697,19.27080535888672
2026-04-25 07:29:23.765279,2026-04-25 07:29:23.765279,19.368467330932617
2026-04-25 07:29:23.965062,2026-04-25 07:29:23.965062,17.86944580078125
2026-04-25 07:29:24.165345,2026-04-25 07:29:24.165345,16.595279693603516
2026-04-25 07:29:24.364399,2026-04-25 07:29:24.364399,15.512237548828123
2026-04-25 07:29:24.569157,2026-04-25 07:29:24.569157,14.591651916503906
2026-04-25 07:29:24.765491,2026-04-25 07:29:24.765491,15.566967010498049
2026-04-25 07:29:24.966414,2026-04-25 07:29:24.966414,14.638171195983888
2026-04-25 07:29:25.164667,2026-04-25 07:29:25.164667,15.606508255004885
2026-04-25 07:29:25.365337,2026-04-25 07:29:25.365337,14.671782493591309
2026-04-25 07:29:25.565594,2026-04-25 07:29:25.565594,15.635077476501465
2026-04-25 07:29:25.766656,2026-04-25 07:29:25.766656,16.62965965270996
2026-04-25 07:29:25.967294,2026-04-25 07:29:25.967294,17.475053787231445
2026-04-25 07:29:26.165656,2026-04-25 07:29:26.165656,18.193639755249023
2026-04-25 07:29:26.365210,2026-04-25 07:29:26.365210,18.9802188873291
2026-04-25 07:29:26.564558,2026-04-25 07:29:26.564558,19.64881134033203
2026-04-25 07:29:26.765115,2026-04-25 07:29:26.765115,20.041332244873047
2026-04-25 07:29:26.965332,2026-04-25 07:29:26.965332,20.550758361816406
2026-04-25 07:29:27.166947,2026-04-25 07:29:27.166947,20.9837703704834
2026-04-25 07:29:27.377060,2026-04-25 07:29:27.377060,21.351829528808597
2026-04-25 07:29:27.565194,2026-04-25 07:29:27.565194,21.48889923095703
2026-04-25 07:29:27.775506,2026-04-25 07:29:27.775506,21.60540771484375
2026-04-25 07:29:27.965357,2026-04-25 07:29:27.965357,21.528657913208008
2026-04-25 07:29:28.165817,2026-04-25 07:29:28.165817,21.463422775268555
2026-04-25 07:29:28.365539,2026-04-25 07:29:28.365539,21.40797233581543
2026-04-25 07:29:28.564732,2026-04-25 07:29:28.564732,21.360837936401367
2026-04-25 07:29:28.764926,2026-04-25 07:29:28.764926,21.144994735717773
2026-04-25 07:29:28.967398,2026-04-25 07:29:28.967398,20.96152687072754
2026-04-25 07:29:29.165585,2026-04-25 07:29:29.165585,22.211828231811523
2026-04-25 07:29:29.364816,2026-04-25 07:29:29.364816,23.274585723876957
2026-04-25 07:29:29.565238,2026-04-25 07:29:29.565238,24.177928924560547
2026-04-25 07:29:29.765336,2026-04-25 07:29:29.765336,24.945770263671875
2026-04-25 07:29:29.977123,2026-04-25 07:29:29.977123,25.59843635559082
2026-04-25 07:29:30.177544,2026-04-25 07:29:30.177544,26.15320205688477
2026-04-25 07:29:30.367560,2026-04-25 07:29:30.367560,26.624753952026367
2026-04-25 07:29:30.577074,2026-04-25 07:29:30.577074,25.44354057312012
2026-04-25 07:29:30.766591,2026-04-25 07:29:30.766591,24.43950843811035
2026-04-25 07:29:30.966710,2026-04-25 07:29:30.966710,25.168113708496094
2026-04-25 07:29:31.165654,2026-04-25 07:29:31.165654,24.20539665222168
2026-04-25 07:29:31.367180,2026-04-25 07:29:31.367180,23.387086868286133
2026-04-25 07:29:31.575121,2026-04-25 07:29:31.575121,22.691524505615234
2026-04-25 07:29:31.766803,2026-04-25 07:29:31.766803,22.10029602050781
2026-04-25 07:29:31.966492,2026-04-25 07:29:31.966492,21.59775161743164
2026-04-25 07:29:32.165185,2026-04-25 07:29:32.165185,21.170589447021484
2026-04-25 07:29:32.365291,2026-04-25 07:29:32.365291,20.8075008392334
2026-04-25 07:29:32.566732,2026-04-25 07:29:32.566732,20.49887466430664
2026-04-25 07:29:32.766522,2026-04-25 07:29:32.766522,20.236543655395508
2026-04-25 07:29:32.968457,2026-04-25 07:29:32.968457,20.01356315612793
2026-04-25 07:29:33.177310,2026-04-25 07:29:33.177310,19.82402801513672
2026-04-25 07:29:33.379931,2026-04-25 07:29:33.379931,19.66292381286621
2026-04-25 07:29:33.580854,2026-04-25 07:29:33.580854,19.52598571777344
2026-04-25 07:29:33.767275,2026-04-25 07:29:33.767275,19.409587860107425
2026-04-25 07:29:33.967739,2026-04-25 07:29:33.967739,19.31064987182617
2026-04-25 07:29:34.175362,2026-04-25 07:29:34.175362,19.226551055908203
2026-04-25 07:29:34.375823,2026-04-25 07:29:34.375823,19.15506935119629
2026-04-25 07:29:34.575358,2026-04-25 07:29:34.575358,19.09430885314941
2026-04-25 07:29:34.777098,2026-04-25 07:29:34.777098,19.04266166687012
2026-04-25 07:29:34.977245,2026-04-25 07:29:34.977245,18.998764038085938
2026-04-25 07:29:35.176322,2026-04-25 07:29:35.176322,18.961448669433597
2026-04-25 07:29:35.375277,2026-04-25 07:29:35.375277,18.929731369018555
2026-04-25 07:29:35.575548,2026-04-25 07:29:35.575548,18.72698974609375
2026-04-25 07:29:35.769904,2026-04-25 07:29:35.769904,18.55466079711914
2026-04-25 07:29:35.974905,2026-04-25 07:29:35.974905,18.408180236816406
2026-04-25 07:29:36.167615,2026-04-25 07:29:36.167615,18.283672332763672
2026-04-25 07:29:36.375151,2026-04-25 07:29:36.375151,18.002058029174805
2026-04-25 07:29:36.565990,2026-04-25 07:29:36.565990,17.93846893310547
2026-04-25 07:29:36.775693,2026-04-25 07:29:36.775693,17.884416580200195
2026-04-25 07:29:36.975877,2026-04-25 07:29:36.975877,17.838472366333008
2026-04-25 07:29:37.174867,2026-04-25 07:29:37.174867,17.799421310424805
2026-04-25 07:29:37.375681,2026-04-25 07:29:37.375681,17.766225814819336
2026-04-25 07:29:37.574706,2026-04-25 07:29:37.574706,17.738012313842773
2026-04-25 07:29:37.776494,2026-04-25 07:29:37.776494,17.71402931213379
2026-04-25 07:29:37.967422,2026-04-25 07:29:37.967422,17.51786231994629
2026-04-25 07:29:38.175163,2026-04-25 07:29:38.175163,17.526901245117188
2026-04-25 07:29:38.376258,2026-04-25 07:29:38.376258,17.358802795410156
2026-04-25 07:29:38.575269,2026-04-25 07:29:38.575269,17.04014015197754
2026-04-25 07:29:38.779832,2026-04-25 07:29:38.779832,16.94505500793457
2026-04-25 07:29:38.975546,2026-04-25 07:29:38.975546,16.688453674316406
2026-04-25 07:29:39.176705,2026-04-25 07:29:39.176705,16.4703426361084
2026-04-25 07:29:39.365776,2026-04-25 07:29:39.365776,16.28494644165039
2026-04-25 07:29:39.576164,2026-04-25 07:29:39.576164,16.127361297607422
2026-04-25 07:29:39.778953,2026-04-25 07:29:39.778953,15.993412971496582
2026-04-25 07:29:39.975382,2026-04-25 07:29:39.975382,15.879557609558104
2026-04-25 07:29:40.175054,2026-04-25 07:29:40.175054,15.782779693603516
2026-04-25 07:29:40.376932,2026-04-25 07:29:40.376932,15.524738311767578
2026-04-25 07:29:40.567741,2026-04-25 07:29:40.567741,15.305402755737305
2026-04-25 07:29:40.775982,2026-04-25 07:29:40.775982,15.294748306274414
2026-04-25 07:29:40.975453,2026-04-25 07:29:40.975453,15.10991096496582
2026-04-25 07:29:41.175796,2026-04-25 07:29:41.175796,14.952799797058104
2026-04-25 07:29:41.375889,2026-04-25 07:29:41.375889,14.819254875183104
2026-04-25 07:29:41.574925,2026-04-25 07:29:41.574925,14.529959678649902
2026-04-25 07:29:41.775348,2026-04-25 07:29:41.775348,14.459840774536133
2026-04-25 07:29:41.967389,2026-04-25 07:29:41.967389,14.224458694458008
2026-04-25 07:29:42.177870,2026-04-25 07:29:42.177870,14.200164794921877
2026-04-25 07:29:42.365317,2026-04-25 07:29:42.365317,14.00373363494873
2026-04-25 07:29:42.577025,2026-04-25 07:29:42.577025,13.836767196655272
2026-04-25 07:29:42.778358,2026-04-25 07:29:42.778358,13.694846153259276
2026-04-25 07:29:42.976640,2026-04-25 07:29:42.976640,13.574213027954102
2026-04-25 07:29:43.175908,2026-04-25 07:29:43.175908,13.471674919128418
2026-04-25 07:29:43.376722,2026-04-25 07:29:43.376722,13.384517669677734
2026-04-25 07:29:43.577467,2026-04-25 07:29:43.577467,13.310433387756348
2026-04-25 07:29:43.777054,2026-04-25 07:29:43.777054,13.247462272644045
2026-04-25 07:29:43.980316,2026-04-25 07:29:43.980316,13.193936347961426
2026-04-25 07:29:44.174974,2026-04-25 07:29:44.174974,12.972658157348633
2026-04-25 07:29:44.376210,2026-04-25 07:29:44.376210,12.78457260131836
2026-04-25 07:29:44.579097,2026-04-25 07:29:44.579097,12.624698638916016
2026-04-25 07:29:44.775148,2026-04-25 07:29:44.775148,12.48880672454834
2026-04-25 07:29:44.975189,2026-04-25 07:29:44.975189,12.373297691345217
2026-04-25 07:29:45.174769,2026-04-25 07:29:45.174769,12.275115966796877
2026-04-25 07:29:45.376194,2026-04-25 07:29:45.376194,12.19166088104248
2026-04-25 07:29:45.576106,2026-04-25 07:29:45.576106,12.12072467803955
2026-04-25 07:29:45.778901,2026-04-25 07:29:45.778901,11.884647369384766
2026-04-25 07:29:45.970371,2026-04-25 07:29:45.970371,11.68398094177246
2026-04-25 07:29:46.175698,2026-04-25 07:29:46.175698,11.513415336608888
2026-04-25 07:29:46.377461,2026-04-25 07:29:46.377461,11.368433952331545
2026-04-25 07:29:46.579777,2026-04-25 07:29:46.579777,11.245200157165527
2026-04-25 07:29:46.776668,2026-04-25 07:29:46.776668,10.964670181274414
2026-04-25 07:29:46.974854,2026-04-25 07:29:46.974854,10.72622013092041
2026-04-25 07:29:47.176632,2026-04-25 07:29:47.176632,10.523536682128906
2026-04-25 07:30:00.275033,2026-04-25 07:30:00.275033,10.527037620544434
2026-04-25 07:30:00.476887,2026-04-25 07:30:00.476887,10.53001308441162
2026-04-25 07:30:00.675374,2026-04-25 07:30:00.675374,10.53254222869873
2026-04-25 07:30:00.874590,2026-04-25 07:30:00.874590,10.534692764282228
2026-04-25 07:30:01.075416,2026-04-25 07:30:01.075416,10.53652000427246
2026-04-25 07:30:01.277631,2026-04-25 07:30:01.277631,10.53807258605957
2026-04-25 07:30:01.474905,2026-04-25 07:30:01.474905,13.351893424987791
2026-04-25 07:30:01.674880,2026-04-25 07:30:01.674880,12.931140899658203
2026-04-25 07:30:01.874805,2026-04-25 07:30:01.874805,15.386000633239746
2026-04-25 07:30:02.075224,2026-04-25 07:30:02.075224,17.472631454467773
2026-04-25 07:30:02.275599,2026-04-25 07:30:02.275599,19.24626922607422
2026-04-25 07:30:02.478091,2026-04-25 07:30:02.478091,20.75385856628418
2026-04-25 07:30:02.674818,2026-04-25 07:30:02.674818,22.035310745239254
2026-04-25 07:30:02.876378,2026-04-25 07:30:02.876378,23.12454605102539
2026-04-25 07:30:03.077891,2026-04-25 07:30:03.077891,24.05039596557617
2026-04-25 07:30:03.276313,2026-04-25 07:30:03.276313,24.83736801147461
2026-04-25 07:30:03.479708,2026-04-25 07:30:03.479708,25.50629425048828
2026-04-25 07:30:03.675455,2026-04-25 07:30:03.675455,26.074880599975582
2026-04-25 07:30:03.875432,2026-04-25 07:30:03.875432,26.38239860534668
2026-04-25 07:30:04.074688,2026-04-25 07:30:04.074688,26.64378929138184
2026-04-25 07:30:04.275528,2026-04-25 07:30:04.275528,26.865970611572266
2026-04-25 07:30:04.475947,2026-04-25 07:30:04.475947,27.05482482910156
2026-04-25 07:30:04.678864,2026-04-25 07:30:04.678864,27.391132354736328
2026-04-25 07:30:04.874929,2026-04-25 07:30:04.874929,27.50121307373047
2026-04-25 07:30:05.075523,2026-04-25 07:30:05.075523,27.59477996826172
2026-04-25 07:30:05.276722,2026-04-25 07:30:05.276722,27.674314498901367
2026-04-25 07:30:05.475382,2026-04-25 07:30:05.475382,27.74191665649414
2026-04-25 07:30:05.675096,2026-04-25 07:30:05.675096,27.799379348754883
2026-04-25 07:30:05.876005,2026-04-25 07:30:05.876005,27.672441482543945
2026-04-25 07:30:06.077823,2026-04-25 07:30:06.077823,27.564542770385746
2026-04-25 07:30:06.276411,2026-04-25 07:30:06.276411,27.64861297607422
2026-04-25 07:30:06.477489,2026-04-25 07:30:06.477489,27.544288635253903
2026-04-25 07:30:06.677036,2026-04-25 07:30:06.677036,27.45561408996582
2026-04-25 07:30:06.875755,2026-04-25 07:30:06.875755,27.38024139404297
2026-04-25 07:30:07.078212,2026-04-25 07:30:07.078212,27.3161735534668
2026-04-25 07:30:07.277381,2026-04-25 07:30:07.277381,27.261716842651367
2026-04-25 07:30:07.476811,2026-04-25 07:30:07.476811,27.21542739868164
2026-04-25 07:30:07.676797,2026-04-25 07:30:07.676797,27.176082611083984
2026-04-25 07:30:07.877069,2026-04-25 07:30:07.877069,27.14263916015625
2026-04-25 07:30:08.078336,2026-04-25 07:30:08.078336,27.11421203613281
2026-04-25 07:30:08.276634,2026-04-25 07:30:08.276634,27.09004783630371
2026-04-25 07:30:08.477793,2026-04-25 07:30:08.477793,27.069509506225582
2026-04-25 07:30:08.675323,2026-04-25 07:30:08.675323,27.052051544189453
2026-04-25 07:30:08.877379,2026-04-25 07:30:08.877379,27.03721237182617
2026-04-25 07:30:09.077296,2026-04-25 07:30:09.077296,27.024599075317383
2026-04-25 07:30:09.277095,2026-04-25 07:30:09.277095,27.013877868652344
2026-04-25 07:30:09.479073,2026-04-25 07:30:09.479073,27.0047664642334
2026-04-25 07:30:09.677680,2026-04-25 07:30:09.677680,26.821237564086918
2026-04-25 07:30:09.881962,2026-04-25 07:30:09.881962,26.841020584106445
2026-04-25 07:30:10.075794,2026-04-25 07:30:10.075794,26.857837677001957
2026-04-25 07:30:10.278170,2026-04-25 07:30:10.278170,26.872129440307617
2026-04-25 07:30:10.476954,2026-04-25 07:30:10.476954,26.708498001098636
2026-04-25 07:30:10.679184,2026-04-25 07:30:10.679184,26.56941032409668
2026-04-25 07:30:10.876737,2026-04-25 07:30:10.876737,26.451187133789062
2026-04-25 07:30:11.074989,2026-04-25 07:30:11.074989,26.350696563720703
2026-04-25 07:30:11.277287,2026-04-25 07:30:11.277287,26.26527976989746
2026-04-25 07:30:11.477295,2026-04-25 07:30:11.477295,24.43486213684082
2026-04-25 07:30:11.679069,2026-04-25 07:30:11.679069,22.87900733947754
2026-04-25 07:30:11.876741,2026-04-25 07:30:11.876741,21.55653190612793
2026-04-25 07:30:12.076792,2026-04-25 07:30:12.076792,20.43242645263672
2026-04-25 07:30:12.276000,2026-04-25 07:30:12.276000,19.476938247680664
2026-04-25 07:30:12.475854,2026-04-25 07:30:12.475854,18.664772033691406
2026-04-25 07:30:12.675259,2026-04-25 07:30:12.675259,17.97443199157715
2026-04-25 07:30:12.874830,2026-04-25 07:30:12.874830,17.38764190673828
2026-04-25 07:30:13.075467,2026-04-25 07:30:13.075467,17.064651489257812
2026-04-25 07:30:13.274579,2026-04-25 07:30:13.274579,16.790109634399414
2026-04-25 07:30:13.476151,2026-04-25 07:30:13.476151,16.55674934387207
2026-04-25 07:30:13.675713,2026-04-25 07:30:13.675713,16.358394622802734
2026-04-25 07:30:13.880756,2026-04-25 07:30:13.880756,16.189790725708008
2026-04-25 07:30:14.075867,2026-04-25 07:30:14.075867,15.870697021484377
2026-04-25 07:30:14.275376,2026-04-25 07:30:14.275376,15.775248527526855
2026-04-25 07:30:14.476121,2026-04-25 07:30:14.476121,15.694117546081545
2026-04-25 07:30:14.675522,2026-04-25 07:30:14.675522,15.62515640258789
2026-04-25 07:30:14.875603,2026-04-25 07:30:14.875603,15.56653881072998
2026-04-25 07:30:15.075529,2026-04-25 07:30:15.075529,15.340932846069336
2026-04-25 07:30:15.276965,2026-04-25 07:30:15.276965,15.500730514526367
2026-04-25 07:30:15.476918,2026-04-25 07:30:15.476918,15.460777282714844
2026-04-25 07:30:15.676943,2026-04-25 07:30:15.676943,15.602598190307615
2026-04-25 07:30:15.875169,2026-04-25 07:30:15.875169,15.898927688598633
2026-04-25 07:30:16.077019,2026-04-25 07:30:16.077019,15.97502613067627
2026-04-25 07:30:16.275331,2026-04-25 07:30:16.275331,16.039709091186523
2026-04-25 07:30:16.480731,2026-04-25 07:30:16.480731,16.446252822875977
2026-04-25 07:30:16.675898,2026-04-25 07:30:16.675898,16.79181480407715
2026-04-25 07:30:16.875192,2026-04-25 07:30:16.875192,17.085542678833008
2026-04-25 07:30:17.075158,2026-04-25 07:30:17.075158,17.3352108001709
2026-04-25 07:30:17.275648,2026-04-25 07:30:17.275648,17.54743003845215
2026-04-25 07:30:17.476280,2026-04-25 07:30:17.476280,17.552034378051758
2026-04-25 07:30:17.675456,2026-04-25 07:30:17.675456,17.55594825744629
2026-04-25 07:30:17.875266,2026-04-25 07:30:17.875266,17.559274673461914
2026-04-25 07:30:18.078340,2026-04-25 07:30:18.078340,17.562101364135742
2026-04-25 07:30:18.275082,2026-04-25 07:30:18.275082,17.564504623413086
2026-04-25 07:30:18.477258,2026-04-25 07:30:18.477258,17.566547393798828
2026-04-25 07:30:18.677122,2026-04-25 07:30:18.677122,17.56828498840332
2026-04-25 07:30:18.875057,2026-04-25 07:30:18.875057,17.569761276245117
2026-04-25 07:30:19.074790,2026-04-25 07:30:19.074790,17.571016311645508
2026-04-25 07:30:19.276259,2026-04-25 07:30:19.276259,17.74786376953125
2026-04-25 07:30:19.475302,2026-04-25 07:30:19.475302,17.898183822631836
2026-04-25 07:30:19.677020,2026-04-25 07:30:19.677020,18.025955200195312
2026-04-25 07:30:19.875988,2026-04-25 07:30:19.875988,18.13456344604492
2026-04-25 07:30:20.076197,2026-04-25 07:30:20.076197,18.402660369873047
2026-04-25 07:30:20.274957,2026-04-25 07:30:20.274957,18.630542755126957
2026-04-25 07:30:20.477308,2026-04-25 07:30:20.477308,18.648460388183597
2026-04-25 07:30:20.675282,2026-04-25 07:30:20.675282,18.6636905670166
2026-04-25 07:30:20.875413,2026-04-25 07:30:20.875413,18.676637649536133
2026-04-25 07:30:21.078023,2026-04-25 07:30:21.078023,18.68764305114746
2026-04-25 07:30:21.275273,2026-04-25 07:30:21.275273,18.696996688842773
2026-04-25 07:30:21.475707,2026-04-25 07:30:21.475707,18.704946517944336
2026-04-25 07:30:21.675478,2026-04-25 07:30:21.675478,18.71170425415039
2026-04-25 07:30:21.877096,2026-04-25 07:30:21.877096,18.717449188232425
2026-04-25 07:30:22.076119,2026-04-25 07:30:22.076119,18.722332000732425
2026-04-25 07:30:22.275094,2026-04-25 07:30:22.275094,18.726482391357425
2026-04-25 07:30:22.477477,2026-04-25 07:30:22.477477,18.73000907897949
2026-04-25 07:30:22.675959,2026-04-25 07:30:22.675959,18.557226181030277
2026-04-25 07:30:22.878051,2026-04-25 07:30:22.878051,18.586143493652344
2026-04-25 07:30:23.076314,2026-04-25 07:30:23.076314,18.43494033813477
2026-04-25 07:30:23.275846,2026-04-25 07:30:23.275846,18.30641746520996
2026-04-25 07:30:23.476611,2026-04-25 07:30:23.476611,16.790924072265625
2026-04-25 07:30:23.675465,2026-04-25 07:30:23.675465,16.90900421142578
2026-04-25 07:30:23.875951,2026-04-25 07:30:23.875951,17.00937271118164
2026-04-25 07:30:24.076391,2026-04-25 07:30:24.076391,17.094684600830078
2026-04-25 07:30:24.277790,2026-04-25 07:30:24.277790,17.16720199584961
2026-04-25 07:30:24.475842,2026-04-25 07:30:24.475842,17.228839874267578
2026-04-25 07:30:24.675302,2026-04-25 07:30:24.675302,17.281232833862305
2026-04-25 07:30:24.874749,2026-04-25 07:30:24.874749,17.32576560974121
2026-04-25 07:30:25.074876,2026-04-25 07:30:25.074876,17.36362075805664
2026-04-25 07:30:25.276993,2026-04-25 07:30:25.276993,17.395795822143555
2026-04-25 07:30:25.475174,2026-04-25 07:30:25.475174,17.423145294189453
2026-04-25 07:30:38.575888,2026-04-25 07:30:38.575888,17.446392059326172
2026-04-25 07:30:38.776737,2026-04-25 07:30:38.776737,17.46615219116211
2026-04-25 07:30:38.975591,2026-04-25 07:30:38.975591,17.482948303222656
2026-04-25 07:30:39.175789,2026-04-25 07:30:39.175789,17.497224807739258
2026-04-25 07:30:39.375053,2026-04-25 07:30:39.375053,17.50935935974121
2026-04-25 07:30:39.575257,2026-04-25 07:30:39.575257,17.51967430114746
2026-04-25 07:30:39.774954,2026-04-25 07:30:39.774954,17.5284423828125
2026-04-25 07:30:39.975307,2026-04-25 07:30:39.975307,17.3601131439209
2026-04-25 07:30:40.176020,2026-04-25 07:30:40.176020,17.21703338623047
2026-04-25 07:30:40.374733,2026-04-25 07:30:40.374733,17.095417022705078
2026-04-25 07:30:40.575060,2026-04-25 07:30:40.575060,17.167821884155273
2026-04-25 07:30:40.774824,2026-04-25 07:30:40.774824,17.053586959838867
2026-04-25 07:30:40.976827,2026-04-25 07:30:40.976827,16.956485748291016
2026-04-25 07:30:41.175466,2026-04-25 07:30:41.175466,16.873950958251953
2026-04-25 07:30:41.374914,2026-04-25 07:30:41.374914,16.100669860839844
2026-04-25 07:30:41.575693,2026-04-25 07:30:41.575693,15.443382263183594
2026-04-25 07:30:41.777466,2026-04-25 07:30:41.777466,15.060468673706056
2026-04-25 07:30:41.977129,2026-04-25 07:30:41.977129,15.086554527282717
2026-04-25 07:30:42.176191,2026-04-25 07:30:42.176191,14.75716495513916
2026-04-25 07:30:42.375743,2026-04-25 07:30:42.375743,14.477184295654297
2026-04-25 07:30:42.575532,2026-04-25 07:30:42.575532,14.239200592041016
2026-04-25 07:30:42.777289,2026-04-25 07:30:42.777289,14.036913871765137
2026-04-25 07:30:42.976956,2026-04-25 07:30:42.976956,13.864971160888672
2026-04-25 07:30:43.176314,2026-04-25 07:30:43.176314,13.71881866455078
2026-04-25 07:30:43.375524,2026-04-25 07:30:43.375524,13.418808937072754
2026-04-25 07:30:43.575088,2026-04-25 07:30:43.575088,13.163799285888672
2026-04-25 07:30:43.776948,2026-04-25 07:30:43.776948,13.12282371520996
2026-04-25 07:30:43.977098,2026-04-25 07:30:43.977098,13.087993621826172
2026-04-25 07:30:44.175737,2026-04-25 07:30:44.175737,13.058388710021973
2026-04-25 07:30:44.377987,2026-04-25 07:30:44.377987,13.03322410583496
2026-04-25 07:30:44.576888,2026-04-25 07:30:44.576888,13.011834144592283
2026-04-25 07:30:44.776021,2026-04-25 07:30:44.776021,12.99365234375
2026-04-25 07:30:44.976966,2026-04-25 07:30:44.976966,12.978199005126951
2026-04-25 07:30:45.175809,2026-04-25 07:30:45.175809,12.965062141418455
2026-04-25 07:30:45.377864,2026-04-25 07:30:45.377864,12.953896522521973
2026-04-25 07:30:45.576323,2026-04-25 07:30:45.576323,12.944406509399414
2026-04-25 07:30:45.775515,2026-04-25 07:30:45.775515,12.936339378356934
2026-04-25 07:30:45.975824,2026-04-25 07:30:45.975824,12.929481506347656
2026-04-25 07:30:46.176386,2026-04-25 07:30:46.176386,12.923653602600098
2026-04-25 07:30:46.375050,2026-04-25 07:30:46.375050,12.918699264526367
2026-04-25 07:30:46.575267,2026-04-25 07:30:46.575267,13.090269088745115
2026-04-25 07:30:46.775531,2026-04-25 07:30:46.775531,13.060322761535645
2026-04-25 07:30:46.976354,2026-04-25 07:30:46.976354,13.210649490356444
2026-04-25 07:30:47.180338,2026-04-25 07:30:47.180338,13.33842658996582
2026-04-25 07:30:47.378973,2026-04-25 07:30:47.378973,13.27125644683838
2026-04-25 07:30:47.576435,2026-04-25 07:30:47.576435,13.38994312286377
2026-04-25 07:30:47.777102,2026-04-25 07:30:47.777102,13.490826606750488
2026-04-25 07:30:47.976380,2026-04-25 07:30:47.976380,13.400795936584473
2026-04-25 07:30:48.175413,2026-04-25 07:30:48.175413,13.500051498413086
2026-04-25 07:30:48.377162,2026-04-25 07:30:48.377162,13.58441925048828
2026-04-25 07:30:48.576499,2026-04-25 07:30:48.576499,13.65613079071045
2026-04-25 07:30:48.776830,2026-04-25 07:30:48.776830,13.541305541992188
2026-04-25 07:30:48.975644,2026-04-25 07:30:48.975644,13.443703651428224
2026-04-25 07:30:49.178115,2026-04-25 07:30:49.178115,13.53652286529541
2026-04-25 07:30:49.376364,2026-04-25 07:30:49.376364,13.615419387817385
2026-04-25 07:30:49.575518,2026-04-25 07:30:49.575518,13.68248176574707
2026-04-25 07:30:49.776096,2026-04-25 07:30:49.776096,13.739483833312988
2026-04-25 07:30:49.976583,2026-04-25 07:30:49.976583,13.787936210632324
2026-04-25 07:30:50.184383,2026-04-25 07:30:50.184383,13.829120635986328
2026-04-25 07:30:50.375786,2026-04-25 07:30:50.375786,13.864128112792969
2026-04-25 07:30:50.577139,2026-04-25 07:30:50.577139,13.89388370513916
2026-04-25 07:30:50.781278,2026-04-25 07:30:50.781278,14.09495735168457
2026-04-25 07:30:50.974787,2026-04-25 07:30:50.974787,14.265870094299316
2026-04-25 07:30:51.175012,2026-04-25 07:30:51.175012,16.34473991394043
2026-04-25 07:30:51.381706,2026-04-25 07:30:51.381706,16.178184509277344
2026-04-25 07:30:51.576285,2026-04-25 07:30:51.576285,16.03661346435547
2026-04-25 07:30:51.776193,2026-04-25 07:30:51.776193,15.916277885437012
2026-04-25 07:30:51.977493,2026-04-25 07:30:51.977493,15.813992500305176
2026-04-25 07:30:52.174762,2026-04-25 07:30:52.174762,15.727049827575684
2026-04-25 07:30:52.380035,2026-04-25 07:30:52.380035,15.653148651123049
2026-04-25 07:30:52.583500,2026-04-25 07:30:52.583500,15.59033203125
2026-04-25 07:30:52.775365,2026-04-25 07:30:52.775365,15.536938667297363
2026-04-25 07:30:52.980592,2026-04-25 07:30:52.980592,17.249366760253906
2026-04-25 07:30:53.175263,2026-04-25 07:30:53.175263,18.529150009155277
2026-04-25 07:30:53.376575,2026-04-25 07:30:53.376575,19.61696434020996
2026-04-25 07:30:53.575073,2026-04-25 07:30:53.575073,20.54160690307617
2026-04-25 07:30:53.775323,2026-04-25 07:30:53.775323,21.32755279541016
2026-04-25 07:30:53.974802,2026-04-25 07:30:53.974802,21.995607376098636
2026-04-25 07:30:54.175334,2026-04-25 07:30:54.175334,22.563453674316406
2026-04-25 07:30:54.375467,2026-04-25 07:30:54.375467,23.046123504638672
2026-04-25 07:30:54.576532,2026-04-25 07:30:54.576532,23.280611038208008
2026-04-25 07:30:54.776094,2026-04-25 07:30:54.776094,23.65570640563965
2026-04-25 07:30:54.979675,2026-04-25 07:30:54.979675,23.798757553100582
2026-04-25 07:30:55.178731,2026-04-25 07:30:55.178731,23.92034912109375
2026-04-25 07:30:55.376932,2026-04-25 07:30:55.376932,24.023704528808597
2026-04-25 07:30:55.574943,2026-04-25 07:30:55.574943,24.111555099487305
2026-04-25 07:30:55.775041,2026-04-25 07:30:55.775041,24.186227798461918
2026-04-25 07:30:55.975349,2026-04-25 07:30:55.975349,24.24970054626465
2026-04-25 07:30:56.174919,2026-04-25 07:30:56.174919,24.303651809692383
2026-04-25 07:30:56.376601,2026-04-25 07:30:56.376601,24.349510192871094
2026-04-25 07:30:56.575706,2026-04-25 07:30:56.575706,24.38848876953125
2026-04-25 07:30:56.775148,2026-04-25 07:30:56.775148,24.59740257263184
2026-04-25 07:30:56.976037,2026-04-25 07:30:56.976037,24.774980545043945
2026-04-25 07:30:57.175874,2026-04-25 07:30:57.175874,24.925920486450195
2026-04-25 07:30:57.376209,2026-04-25 07:30:57.376209,25.05422019958496
2026-04-25 07:30:57.576646,2026-04-25 07:30:57.576646,25.16327476501465
2026-04-25 07:30:57.775953,2026-04-25 07:30:57.775953,25.255971908569336
2026-04-25 07:30:57.975097,2026-04-25 07:30:57.975097,25.334762573242188
2026-04-25 07:30:58.176232,2026-04-25 07:30:58.176232,25.401735305786133
2026-04-25 07:30:58.376614,2026-04-25 07:30:58.376614,25.458663940429688
2026-04-25 07:30:58.575445,2026-04-25 07:30:58.575445,25.507051467895508
2026-04-25 07:30:58.775749,2026-04-25 07:30:58.775749,23.61458778381348
2026-04-25 07:30:58.976578,2026-04-25 07:30:58.976578,23.939586639404297
2026-04-25 07:30:59.180327,2026-04-25 07:30:59.180327,24.215835571289062
2026-04-25 07:30:59.378293,2026-04-25 07:30:59.378293,24.450647354125977
2026-04-25 07:30:59.578549,2026-04-25 07:30:59.578549,24.65023803710937
2026-04-25 07:30:59.777498,2026-04-25 07:30:59.777498,24.99567222595215
2026-04-25 07:30:59.976297,2026-04-25 07:30:59.976297,25.289289474487305
2026-04-25 07:31:00.176368,2026-04-25 07:31:00.176368,25.538864135742188
2026-04-25 07:31:00.376557,2026-04-25 07:31:00.376557,25.75100326538086
2026-04-25 07:31:00.575853,2026-04-25 07:31:00.575853,25.93132209777832
2026-04-25 07:31:00.775941,2026-04-25 07:31:00.775941,26.084592819213867
2026-04-25 07:31:00.975722,2026-04-25 07:31:00.975722,26.21487236022949
2026-04-25 07:31:01.176085,2026-04-25 07:31:01.176085,26.325611114501957
2026-04-25 07:31:01.375602,2026-04-25 07:31:01.375602,26.419736862182617
2026-04-25 07:31:01.576912,2026-04-25 07:31:01.576912,26.67552757263184
2026-04-25 07:31:01.775803,2026-04-25 07:31:01.775803,26.71716690063477
2026-04-25 07:31:01.974777,2026-04-25 07:31:01.974777,26.752559661865234
2026-04-25 07:31:02.175443,2026-04-25 07:31:02.175443,26.782644271850582
2026-04-25 07:31:02.375875,2026-04-25 07:31:02.375875,26.983997344970703
2026-04-25 07:31:02.574689,2026-04-25 07:31:02.574689,27.155149459838867
2026-04-25 07:31:02.775488,2026-04-25 07:31:02.775488,27.300626754760746
2026-04-25 07:31:02.975089,2026-04-25 07:31:02.975089,27.42428207397461
2026-04-25 07:31:03.174844,2026-04-25 07:31:03.174844,27.529390335083008
2026-04-25 07:31:03.375370,2026-04-25 07:31:03.375370,27.618730545043945
2026-04-25 07:31:03.577842,2026-04-25 07:31:03.577842,27.69467163085937
2026-04-25 07:31:03.778373,2026-04-25 07:31:03.778373,27.759220123291016
2026-04-25 07:31:16.874742,2026-04-25 07:31:16.874742,27.8140869140625
2026-04-25 07:31:17.075489,2026-04-25 07:31:17.075489,27.86072540283203
2026-04-25 07:31:17.275277,2026-04-25 07:31:17.275277,27.900365829467773
2026-04-25 07:31:17.474903,2026-04-25 07:31:17.474903,27.75827980041504
2026-04-25 07:31:17.675224,2026-04-25 07:31:17.675224,27.63750648498535
2026-04-25 07:31:17.875194,2026-04-25 07:31:17.875194,27.53484916687012
2026-04-25 07:31:18.077826,2026-04-25 07:31:18.077826,27.447589874267575
2026-04-25 07:31:18.275541,2026-04-25 07:31:18.275541,27.37342071533203
2026-04-25 07:31:18.476686,2026-04-25 07:31:18.476686,27.31037712097168
2026-04-25 07:31:18.676172,2026-04-25 07:31:18.676172,27.25678825378418
2026-04-25 07:31:18.875042,2026-04-25 07:31:18.875042,27.211238861083984
2026-04-25 07:31:19.075326,2026-04-25 07:31:19.075326,27.172521591186523
2026-04-25 07:31:19.275143,2026-04-25 07:31:19.275143,27.139612197875977
2026-04-25 07:31:19.475639,2026-04-25 07:31:19.475639,27.11163902282715
2026-04-25 07:31:19.675539,2026-04-25 07:31:19.675539,27.087862014770508
2026-04-25 07:31:19.876291,2026-04-25 07:31:19.876291,26.891870498657227
2026-04-25 07:31:20.075602,2026-04-25 07:31:20.075602,26.725276947021484
2026-04-25 07:31:20.276486,2026-04-25 07:31:20.276486,26.58367347717285
2026-04-25 07:31:20.475772,2026-04-25 07:31:20.475772,26.46331024169922
2026-04-25 07:31:20.676001,2026-04-25 07:31:20.676001,26.36100006103516
2026-04-25 07:31:20.876452,2026-04-25 07:31:20.876452,26.274038314819336
2026-04-25 07:31:21.078165,2026-04-25 07:31:21.078165,26.200119018554688
2026-04-25 07:31:21.276440,2026-04-25 07:31:21.276440,26.13728904724121
2026-04-25 07:31:21.475358,2026-04-25 07:31:21.475358,26.08388328552246
2026-04-25 07:31:21.675712,2026-04-25 07:31:21.675712,23.929113388061523
2026-04-25 07:31:21.875860,2026-04-25 07:31:21.875860,24.206933975219727
2026-04-25 07:31:22.076719,2026-04-25 07:31:22.076719,24.44308090209961
2026-04-25 07:31:22.274956,2026-04-25 07:31:22.274956,22.53443145751953
2026-04-25 07:31:22.476558,2026-04-25 07:31:22.476558,20.912078857421875
2026-04-25 07:31:22.675957,2026-04-25 07:31:22.675957,19.533079147338867
2026-04-25 07:31:22.875242,2026-04-25 07:31:22.875242,18.36093139648437
2026-04-25 07:31:23.075194,2026-04-25 07:31:23.075194,17.36460304260254
2026-04-25 07:31:23.277863,2026-04-25 07:31:23.277863,16.517724990844727
2026-04-25 07:31:23.477132,2026-04-25 07:31:23.477132,15.797879219055176
2026-04-25 07:31:23.675248,2026-04-25 07:31:23.675248,15.186009407043455
2026-04-25 07:31:23.875062,2026-04-25 07:31:23.875062,14.665921211242676
2026-04-25 07:31:24.075774,2026-04-25 07:31:24.075774,14.22384548187256
2026-04-25 07:31:24.274878,2026-04-25 07:31:24.274878,13.6722993850708
2026-04-25 07:31:24.475480,2026-04-25 07:31:24.475480,13.379266738891602
2026-04-25 07:31:24.676129,2026-04-25 07:31:24.676129,13.305971145629885
2026-04-25 07:31:24.875440,2026-04-25 07:31:24.875440,13.41944980621338
2026-04-25 07:31:25.077583,2026-04-25 07:31:25.077583,13.691688537597656
2026-04-25 07:31:25.274951,2026-04-25 07:31:25.274951,13.923091888427734
2026-04-25 07:31:25.475131,2026-04-25 07:31:25.475131,14.119784355163574
2026-04-25 07:31:25.676681,2026-04-25 07:31:25.676681,14.462754249572754
2026-04-25 07:31:25.878275,2026-04-25 07:31:25.878275,14.754278182983398
2026-04-25 07:31:26.075522,2026-04-25 07:31:26.075522,15.177855491638184
2026-04-25 07:31:26.277190,2026-04-25 07:31:26.277190,15.537896156311035
2026-04-25 07:31:26.475458,2026-04-25 07:31:26.475458,15.8439302444458
2026-04-25 07:31:26.678818,2026-04-25 07:31:26.678818,15.928277969360352
2026-04-25 07:31:26.876101,2026-04-25 07:31:26.876101,15.999974250793455
2026-04-25 07:31:27.076839,2026-04-25 07:31:27.076839,16.236696243286133
2026-04-25 07:31:27.277550,2026-04-25 07:31:27.277550,16.437910079956055
2026-04-25 07:31:27.476908,2026-04-25 07:31:27.476908,16.608943939208984
2026-04-25 07:31:27.675921,2026-04-25 07:31:27.675921,16.75432014465332
2026-04-25 07:31:27.876573,2026-04-25 07:31:27.876573,16.877891540527344
2026-04-25 07:31:28.076810,2026-04-25 07:31:28.076810,16.982925415039062
2026-04-25 07:31:28.274771,2026-04-25 07:31:28.274771,17.072206497192383
2026-04-25 07:31:28.477363,2026-04-25 07:31:28.477363,17.148094177246094
2026-04-25 07:31:28.681264,2026-04-25 07:31:28.681264,17.03681755065918
2026-04-25 07:31:28.877621,2026-04-25 07:31:28.877621,16.942232131958008
2026-04-25 07:31:29.079384,2026-04-25 07:31:29.079384,16.861835479736328
2026-04-25 07:31:29.276409,2026-04-25 07:31:29.276409,16.79349708557129
2026-04-25 07:31:29.476297,2026-04-25 07:31:29.476297,16.735410690307617
2026-04-25 07:31:29.677030,2026-04-25 07:31:29.677030,16.68603515625
2026-04-25 07:31:29.877757,2026-04-25 07:31:29.877757,16.644067764282227
2026-04-25 07:31:30.075104,2026-04-25 07:31:30.075104,16.432613372802734
2026-04-25 07:31:30.279546,2026-04-25 07:31:30.279546,16.252878189086914
2026-04-25 07:31:30.474879,2026-04-25 07:31:30.474879,16.1001033782959
2026-04-25 07:31:30.677179,2026-04-25 07:31:30.677179,15.970243453979492
2026-04-25 07:31:30.875764,2026-04-25 07:31:30.875764,15.85986328125
2026-04-25 07:31:31.076257,2026-04-25 07:31:31.076257,15.766039848327637
2026-04-25 07:31:31.275507,2026-04-25 07:31:31.275507,15.686290740966797
2026-04-25 07:31:31.477224,2026-04-25 07:31:31.477224,15.618502616882324
2026-04-25 07:31:31.677393,2026-04-25 07:31:31.677393,15.560883522033691
2026-04-25 07:31:31.876722,2026-04-25 07:31:31.876722,15.511907577514648
2026-04-25 07:31:32.076233,2026-04-25 07:31:32.076233,15.470277786254885
2026-04-25 07:31:32.275356,2026-04-25 07:31:32.275356,15.259111404418944
2026-04-25 07:31:32.475957,2026-04-25 07:31:32.475957,15.255400657653809
2026-04-25 07:31:32.677461,2026-04-25 07:31:32.677461,15.252246856689451
2026-04-25 07:31:32.875107,2026-04-25 07:31:32.875107,15.249566078186035
2026-04-25 07:31:33.075813,2026-04-25 07:31:33.075813,15.07150650024414
2026-04-25 07:31:33.275743,2026-04-25 07:31:33.275743,14.92015552520752
2026-04-25 07:31:33.478399,2026-04-25 07:31:33.478399,14.61572551727295
2026-04-25 07:31:33.678716,2026-04-25 07:31:33.678716,14.53274154663086
2026-04-25 07:31:33.876500,2026-04-25 07:31:33.876500,14.46220588684082
2026-04-25 07:31:34.076240,2026-04-25 07:31:34.076240,14.402249336242676
2026-04-25 07:31:34.275931,2026-04-25 07:31:34.275931,14.35128688812256
2026-04-25 07:31:34.475158,2026-04-25 07:31:34.475158,14.132187843322754
2026-04-25 07:31:34.676440,2026-04-25 07:31:34.676440,13.945953369140623
2026-04-25 07:31:34.879304,2026-04-25 07:31:34.879304,13.787653923034668
2026-04-25 07:31:35.076391,2026-04-25 07:31:35.076391,13.65310001373291
2026-04-25 07:31:35.274606,2026-04-25 07:31:35.274606,13.538728713989258
2026-04-25 07:31:35.476164,2026-04-25 07:31:35.476164,13.265731811523438
2026-04-25 07:31:35.675326,2026-04-25 07:31:35.675326,12.857903480529783
2026-04-25 07:31:35.875174,2026-04-25 07:31:35.875174,12.687029838562012
2026-04-25 07:31:36.078118,2026-04-25 07:31:36.078118,12.717569351196287
2026-04-25 07:31:36.275349,2026-04-25 07:31:36.275349,12.56774616241455
2026-04-25 07:31:36.476243,2026-04-25 07:31:36.476243,12.616178512573242
2026-04-25 07:31:36.675637,2026-04-25 07:31:36.675637,12.65734577178955
2026-04-25 07:31:36.876696,2026-04-25 07:31:36.876696,12.868118286132812
2026-04-25 07:31:37.075643,2026-04-25 07:31:37.075643,13.04727554321289
2026-04-25 07:31:37.276468,2026-04-25 07:31:37.276468,13.199559211730955
2026-04-25 07:31:37.475131,2026-04-25 07:31:37.475131,13.15321922302246
2026-04-25 07:31:37.676767,2026-04-25 07:31:37.676767,13.11383056640625
2026-04-25 07:31:37.876402,2026-04-25 07:31:37.876402,12.90456771850586
2026-04-25 07:31:38.075952,2026-04-25 07:31:38.075952,12.90247631072998
2026-04-25 07:31:38.275510,2026-04-25 07:31:38.275510,12.9006986618042
2026-04-25 07:31:38.475649,2026-04-25 07:31:38.475649,12.899188041687012
2026-04-25 07:31:38.674851,2026-04-25 07:31:38.674851,12.897903442382812
2026-04-25 07:31:38.876405,2026-04-25 07:31:38.876405,12.896811485290527
2026-04-25 07:31:39.075704,2026-04-25 07:31:39.075704,12.895883560180664
2026-04-25 07:31:39.277401,2026-04-25 07:31:39.277401,12.895094871520996
2026-04-25 07:31:39.475365,2026-04-25 07:31:39.475365,15.003799438476562
2026-04-25 07:31:39.678628,2026-04-25 07:31:39.678628,16.79619789123535
2026-04-25 07:31:39.874845,2026-04-25 07:31:39.874845,16.38614273071289
2026-04-25 07:31:40.075791,2026-04-25 07:31:40.075791,16.03759765625
2026-04-25 07:31:40.276130,2026-04-25 07:31:40.276130,15.741332054138184
2026-04-25 07:31:40.474813,2026-04-25 07:31:40.474813,17.2473201751709
2026-04-25 07:31:40.674656,2026-04-25 07:31:40.674656,16.769596099853516
2026-04-25 07:31:40.874781,2026-04-25 07:31:40.874781,16.36353302001953
2026-04-25 07:31:41.077780,2026-04-25 07:31:41.077780,16.01837730407715
2026-04-25 07:31:41.275835,2026-04-25 07:31:41.275835,15.724995613098145
2026-04-25 07:31:41.475071,2026-04-25 07:31:41.475071,15.651402473449709
2026-04-25 07:31:41.675639,2026-04-25 07:31:41.675639,15.413067817687988
2026-04-25 07:31:41.875160,2026-04-25 07:31:41.875160,15.386263847351074
2026-04-25 07:31:42.077339,2026-04-25 07:31:42.077339,15.539261817932127
2026-04-25 07:31:55.176372,2026-04-25 07:31:55.176372,15.493528366088867
2026-04-25 07:31:55.375929,2026-04-25 07:31:55.375929,15.454655647277832
2026-04-25 07:31:55.575378,2026-04-25 07:31:55.575378,15.421613693237305
2026-04-25 07:31:55.775877,2026-04-25 07:31:55.775877,15.56930923461914
2026-04-25 07:31:55.976854,2026-04-25 07:31:55.976854,15.694849967956545
2026-04-25 07:31:56.178384,2026-04-25 07:31:56.178384,15.977341651916504
2026-04-25 07:31:56.374663,2026-04-25 07:31:56.374663,16.393239974975586
2026-04-25 07:31:56.575813,2026-04-25 07:31:56.575813,16.570972442626953
2026-04-25 07:31:56.775670,2026-04-25 07:31:56.775670,16.8978271484375
2026-04-25 07:31:56.975403,2026-04-25 07:31:56.975403,16.9998722076416
2026-04-25 07:31:57.176405,2026-04-25 07:31:57.176405,17.08660888671875
2026-04-25 07:31:57.374690,2026-04-25 07:31:57.374690,17.336118698120117
2026-04-25 07:31:57.575597,2026-04-25 07:31:57.575597,17.548200607299805
2026-04-25 07:31:57.775271,2026-04-25 07:31:57.775271,17.552688598632812
2026-04-25 07:31:57.975056,2026-04-25 07:31:57.975056,17.73228645324707
2026-04-25 07:31:58.174905,2026-04-25 07:31:58.174905,17.88494300842285
2026-04-25 07:31:58.375272,2026-04-25 07:31:58.375272,18.01470184326172
2026-04-25 07:31:58.575894,2026-04-25 07:31:58.575894,18.12499618530273
2026-04-25 07:31:58.776586,2026-04-25 07:31:58.776586,18.21874618530273
2026-04-25 07:31:58.975965,2026-04-25 07:31:58.975965,18.29843521118164
2026-04-25 07:31:59.175175,2026-04-25 07:31:59.175175,18.36616897583008
2026-04-25 07:31:59.376211,2026-04-25 07:31:59.376211,18.24796295166016
2026-04-25 07:31:59.576555,2026-04-25 07:31:59.576555,18.32326889038086
2026-04-25 07:31:59.774884,2026-04-25 07:31:59.774884,18.38727760314941
2026-04-25 07:31:59.977894,2026-04-25 07:31:59.977894,18.265905380249023
2026-04-25 07:32:00.175660,2026-04-25 07:32:00.175660,18.162738800048828
2026-04-25 07:32:00.378338,2026-04-25 07:32:00.378338,18.07504653930664
2026-04-25 07:32:00.576069,2026-04-25 07:32:00.576069,18.000507354736328
2026-04-25 07:32:00.775423,2026-04-25 07:32:00.775423,17.937150955200195
2026-04-25 07:32:00.975703,2026-04-25 07:32:00.975703,17.883296966552734
2026-04-25 07:32:01.174807,2026-04-25 07:32:01.174807,17.661739349365234
2026-04-25 07:32:01.379198,2026-04-25 07:32:01.379198,17.47341537475586
2026-04-25 07:32:01.576581,2026-04-25 07:32:01.576581,17.31334114074707
2026-04-25 07:32:01.776180,2026-04-25 07:32:01.776180,17.001497268676758
2026-04-25 07:32:01.976509,2026-04-25 07:32:01.976509,16.736427307128906
2026-04-25 07:32:02.176988,2026-04-25 07:32:02.176988,16.335338592529297
2026-04-25 07:32:02.376161,2026-04-25 07:32:02.376161,16.170194625854492
2026-04-25 07:32:02.575440,2026-04-25 07:32:02.575440,16.029821395874023
2026-04-25 07:32:02.777869,2026-04-25 07:32:02.777869,15.910504341125488
2026-04-25 07:32:02.974960,2026-04-25 07:32:02.974960,15.80908489227295
2026-04-25 07:32:03.174974,2026-04-25 07:32:03.174974,15.722878456115724
2026-04-25 07:32:03.375164,2026-04-25 07:32:03.375164,15.649602890014648
2026-04-25 07:32:03.576990,2026-04-25 07:32:03.576990,15.587318420410156
2026-04-25 07:32:03.776636,2026-04-25 07:32:03.776636,15.534377098083496
2026-04-25 07:32:03.975304,2026-04-25 07:32:03.975304,15.48937702178955
2026-04-25 07:32:04.175868,2026-04-25 07:32:04.175868,15.451127052307127
2026-04-25 07:32:04.375127,2026-04-25 07:32:04.375127,15.41861343383789
2026-04-25 07:32:04.575562,2026-04-25 07:32:04.575562,15.39097785949707
2026-04-25 07:32:04.775892,2026-04-25 07:32:04.775892,15.367487907409668
2026-04-25 07:32:04.976814,2026-04-25 07:32:04.976814,15.34752082824707
2026-04-25 07:32:05.176003,2026-04-25 07:32:05.176003,15.154767990112305
2026-04-25 07:32:05.376822,2026-04-25 07:32:05.376822,14.990927696228027
2026-04-25 07:32:05.576426,2026-04-25 07:32:05.576426,15.02744483947754
2026-04-25 07:32:05.780849,2026-04-25 07:32:05.780849,14.882702827453612
2026-04-25 07:32:05.980319,2026-04-25 07:32:05.980319,14.759672164916992
2026-04-25 07:32:06.174911,2026-04-25 07:32:06.174911,14.655097007751465
2026-04-25 07:32:06.376232,2026-04-25 07:32:06.376232,14.566206932067873
2026-04-25 07:32:06.575969,2026-04-25 07:32:06.575969,14.49065113067627
2026-04-25 07:32:06.776986,2026-04-25 07:32:06.776986,14.42642879486084
2026-04-25 07:32:06.974813,2026-04-25 07:32:06.974813,14.54762077331543
2026-04-25 07:32:07.175277,2026-04-25 07:32:07.175277,14.650633811950684
2026-04-25 07:32:07.376232,2026-04-25 07:32:07.376232,14.738194465637209
2026-04-25 07:32:07.585620,2026-04-25 07:32:07.585620,14.6368408203125
2026-04-25 07:32:07.778802,2026-04-25 07:32:07.778802,14.550689697265623
2026-04-25 07:32:07.977903,2026-04-25 07:32:07.977903,14.477460861206056
2026-04-25 07:32:08.177338,2026-04-25 07:32:08.177338,14.415216445922852
2026-04-25 07:32:08.377911,2026-04-25 07:32:08.377911,14.362309455871582
2026-04-25 07:32:08.578127,2026-04-25 07:32:08.578127,14.317337989807127
2026-04-25 07:32:08.777821,2026-04-25 07:32:08.777821,14.103330612182615
2026-04-25 07:32:08.975643,2026-04-25 07:32:08.975643,13.569862365722656
2026-04-25 07:32:09.176712,2026-04-25 07:32:09.176712,13.467976570129396
2026-04-25 07:32:09.377105,2026-04-25 07:32:09.377105,13.20559310913086
2026-04-25 07:32:09.585754,2026-04-25 07:32:09.585754,12.982566833496094
2026-04-25 07:32:09.776908,2026-04-25 07:32:09.776908,12.792993545532228
2026-04-25 07:32:09.979428,2026-04-25 07:32:09.979428,12.456076622009276
2026-04-25 07:32:10.176747,2026-04-25 07:32:10.176747,12.169695854187012
2026-04-25 07:32:10.375833,2026-04-25 07:32:10.375833,11.92627239227295
2026-04-25 07:32:10.577631,2026-04-25 07:32:10.577631,11.71936321258545
2026-04-25 07:32:10.777085,2026-04-25 07:32:10.777085,11.543490409851074
2026-04-25 07:32:10.986101,2026-04-25 07:32:10.986101,11.393998146057127
2026-04-25 07:32:11.178317,2026-04-25 07:32:11.178317,11.266929626464844
2026-04-25 07:32:11.377090,2026-04-25 07:32:11.377090,11.158921241760254
2026-04-25 07:32:11.575750,2026-04-25 07:32:11.575750,11.067113876342772
2026-04-25 07:32:11.778164,2026-04-25 07:32:11.778164,10.989078521728516
2026-04-25 07:32:11.975936,2026-04-25 07:32:11.975936,10.922747611999512
2026-04-25 07:32:12.175588,2026-04-25 07:32:12.175588,10.69058609008789
2026-04-25 07:32:12.376592,2026-04-25 07:32:12.376592,10.493247985839844
2026-04-25 07:32:12.575855,2026-04-25 07:32:12.575855,10.32551097869873
2026-04-25 07:32:12.774648,2026-04-25 07:32:12.774648,10.358715057373049
2026-04-25 07:32:12.975516,2026-04-25 07:32:12.975516,10.38693904876709
2026-04-25 07:32:13.179891,2026-04-25 07:32:13.179891,10.410929679870604
2026-04-25 07:32:13.375265,2026-04-25 07:32:13.375265,10.255539894104004
2026-04-25 07:32:13.576409,2026-04-25 07:32:13.576409,10.123458862304688
2026-04-25 07:32:13.779793,2026-04-25 07:32:13.779793,10.186971664428713
2026-04-25 07:32:13.975657,2026-04-25 07:32:13.975657,10.065176010131836
2026-04-25 07:32:14.175488,2026-04-25 07:32:14.175488,9.961649894714355
2026-04-25 07:32:14.376312,2026-04-25 07:32:14.376312,9.873652458190918
2026-04-25 07:32:14.576132,2026-04-25 07:32:14.576132,9.798853874206545
2026-04-25 07:32:14.775692,2026-04-25 07:32:14.775692,9.735276222229004
2026-04-25 07:32:14.979882,2026-04-25 07:32:14.979882,9.857015609741213
2026-04-25 07:32:15.180397,2026-04-25 07:32:15.180397,9.960494995117188
2026-04-25 07:32:15.377732,2026-04-25 07:32:15.377732,10.04845142364502
2026-04-25 07:32:15.577562,2026-04-25 07:32:15.577562,10.123215675354004
2026-04-25 07:32:15.776611,2026-04-25 07:32:15.776611,10.18676471710205
2026-04-25 07:32:15.975838,2026-04-25 07:32:15.975838,10.2407808303833
2026-04-25 07:32:16.176466,2026-04-25 07:32:16.176466,10.286694526672363
2026-04-25 07:32:16.376962,2026-04-25 07:32:16.376962,10.325721740722656
2026-04-25 07:32:16.575449,2026-04-25 07:32:16.575449,10.358895301818848
2026-04-25 07:32:16.776426,2026-04-25 07:32:16.776426,10.387091636657717
2026-04-25 07:32:16.977309,2026-04-25 07:32:16.977309,10.411059379577637
2026-04-25 07:32:17.177559,2026-04-25 07:32:17.177559,10.431431770324709
2026-04-25 07:32:17.377642,2026-04-25 07:32:17.377642,10.448748588562012
2026-04-25 07:32:17.575616,2026-04-25 07:32:17.575616,10.463467597961426
2026-04-25 07:32:17.775997,2026-04-25 07:32:17.775997,10.30019760131836
2026-04-25 07:32:17.975642,2026-04-25 07:32:17.975642,10.161417961120604
2026-04-25 07:32:18.176974,2026-04-25 07:32:18.176974,10.043455123901367
2026-04-25 07:32:18.377419,2026-04-25 07:32:18.377419,9.94318675994873
2026-04-25 07:32:18.577010,2026-04-25 07:32:18.577010,9.857958793640137
2026-04-25 07:32:18.775188,2026-04-25 07:32:18.775188,9.785514831542969
2026-04-25 07:32:18.975862,2026-04-25 07:32:18.975862,9.72393798828125
2026-04-25 07:32:19.175368,2026-04-25 07:32:19.175368,9.671597480773926
2026-04-25 07:32:19.378826,2026-04-25 07:32:19.378826,9.627107620239258
2026-04-25 07:32:19.574590,2026-04-25 07:32:19.574590,9.5892915725708
2026-04-25 07:32:19.775720,2026-04-25 07:32:19.775720,9.557147979736328
2026-04-25 07:32:19.974759,2026-04-25 07:32:19.974759,9.529825210571287
2026-04-25 07:32:20.174636,2026-04-25 07:32:20.174636,9.682382583618164
2026-04-25 07:32:20.376987,2026-04-25 07:32:20.376987,9.812056541442873
2026-04-25 07:32:33.475417,2026-04-25 07:32:33.475417,9.922279357910156
2026-04-25 07:32:33.676123,2026-04-25 07:32:33.676123,10.191750526428224
2026-04-25 07:32:33.875555,2026-04-25 07:32:33.875555,10.42080020904541
2026-04-25 07:32:34.076111,2026-04-25 07:32:34.076111,10.615492820739746
2026-04-25 07:32:34.278149,2026-04-25 07:32:34.278149,10.780981063842772
2026-04-25 07:32:34.475953,2026-04-25 07:32:34.475953,11.097427368164062
2026-04-25 07:32:34.676557,2026-04-25 07:32:34.676557,11.19062614440918
2026-04-25 07:32:34.876423,2026-04-25 07:32:34.876423,11.269845008850098
2026-04-25 07:32:35.081121,2026-04-25 07:32:35.081121,11.161398887634276
2026-04-25 07:32:35.274674,2026-04-25 07:32:35.274674,11.069220542907717
2026-04-25 07:32:35.475615,2026-04-25 07:32:35.475615,10.99086856842041
2026-04-25 07:32:35.674592,2026-04-25 07:32:35.674592,10.924269676208496
2026-04-25 07:32:35.875092,2026-04-25 07:32:35.875092,10.867660522460938
2026-04-25 07:32:36.075645,2026-04-25 07:32:36.075645,12.57735538482666
2026-04-25 07:32:36.277284,2026-04-25 07:32:36.277284,14.030595779418944
2026-04-25 07:32:36.474722,2026-04-25 07:32:36.474722,15.265850067138672
2026-04-25 07:32:36.675628,2026-04-25 07:32:36.675628,16.31581687927246
2026-04-25 07:32:36.876293,2026-04-25 07:32:36.876293,17.384069442749023
2026-04-25 07:32:37.074761,2026-04-25 07:32:37.074761,18.29208374023437
2026-04-25 07:32:37.274483,2026-04-25 07:32:37.274483,19.06389617919922
2026-04-25 07:32:37.475671,2026-04-25 07:32:37.475671,19.71993637084961
2026-04-25 07:32:37.675971,2026-04-25 07:32:37.675971,20.277570724487305
2026-04-25 07:32:37.877032,2026-04-25 07:32:37.877032,20.75156021118164
2026-04-25 07:32:38.076276,2026-04-25 07:32:38.076276,20.978670120239254
2026-04-25 07:32:38.277506,2026-04-25 07:32:38.277506,21.34749412536621
2026-04-25 07:32:38.475596,2026-04-25 07:32:38.475596,21.66099548339844
2026-04-25 07:32:38.678201,2026-04-25 07:32:38.678201,21.927471160888672
2026-04-25 07:32:38.876593,2026-04-25 07:32:38.876593,22.15397453308105
2026-04-25 07:32:39.075165,2026-04-25 07:32:39.075165,22.34650421142578
2026-04-25 07:32:39.276170,2026-04-25 07:32:39.276170,22.51015281677246
2026-04-25 07:32:39.475040,2026-04-25 07:32:39.475040,22.64925575256348
2026-04-25 07:32:39.675460,2026-04-25 07:32:39.675460,22.767492294311523
2026-04-25 07:32:39.887000,2026-04-25 07:32:39.887000,22.867992401123047
2026-04-25 07:32:40.077304,2026-04-25 07:32:40.077304,22.953418731689453
2026-04-25 07:32:40.276443,2026-04-25 07:32:40.276443,22.850250244140625
2026-04-25 07:32:40.476304,2026-04-25 07:32:40.476304,22.938337326049805
2026-04-25 07:32:40.675864,2026-04-25 07:32:40.675864,23.01321220397949
2026-04-25 07:32:40.875282,2026-04-25 07:32:40.875282,23.076854705810547
2026-04-25 07:32:41.075337,2026-04-25 07:32:41.075337,23.130952835083008
2026-04-25 07:32:41.275356,2026-04-25 07:32:41.275356,23.17693328857422
2026-04-25 07:32:41.477386,2026-04-25 07:32:41.477386,23.21601867675781
2026-04-25 07:32:41.677433,2026-04-25 07:32:41.677433,23.24924087524414
2026-04-25 07:32:41.874748,2026-04-25 07:32:41.874748,23.27747917175293
2026-04-25 07:32:42.077553,2026-04-25 07:32:42.077553,23.301483154296875
2026-04-25 07:32:42.276874,2026-04-25 07:32:42.276874,23.32188606262207
2026-04-25 07:32:42.476572,2026-04-25 07:32:42.476572,23.3392276763916
2026-04-25 07:32:42.676891,2026-04-25 07:32:42.676891,23.353967666625977
2026-04-25 07:32:42.875867,2026-04-25 07:32:42.875867,23.366498947143555
2026-04-25 07:32:43.075349,2026-04-25 07:32:43.075349,23.377147674560547
2026-04-25 07:32:43.276713,2026-04-25 07:32:43.276713,23.386201858520508
2026-04-25 07:32:43.475118,2026-04-25 07:32:43.475118,23.393896102905277
2026-04-25 07:32:43.676832,2026-04-25 07:32:43.676832,23.224655151367188
2026-04-25 07:32:43.874605,2026-04-25 07:32:43.874605,23.08080101013184
2026-04-25 07:32:44.076920,2026-04-25 07:32:44.076920,23.13430595397949
2026-04-25 07:32:44.277292,2026-04-25 07:32:44.277292,23.004003524780277
2026-04-25 07:32:44.476024,2026-04-25 07:32:44.476024,22.89324760437012
2026-04-25 07:32:44.675927,2026-04-25 07:32:44.675927,22.799102783203125
2026-04-25 07:32:44.875403,2026-04-25 07:32:44.875403,22.71908187866211
2026-04-25 07:32:45.076069,2026-04-25 07:32:45.076069,22.651063919067383
2026-04-25 07:32:45.274660,2026-04-25 07:32:45.274660,22.41746711730957
2026-04-25 07:32:45.475826,2026-04-25 07:32:45.475826,22.218908309936523
2026-04-25 07:32:45.676491,2026-04-25 07:32:45.676491,22.05013465881348
2026-04-25 07:32:45.875679,2026-04-25 07:32:45.875679,21.90667724609375
2026-04-25 07:32:46.080334,2026-04-25 07:32:46.080334,21.78473854064941
2026-04-25 07:32:46.277307,2026-04-25 07:32:46.277307,21.68108940124512
2026-04-25 07:32:46.477021,2026-04-25 07:32:46.477021,21.592988967895508
2026-04-25 07:32:46.675166,2026-04-25 07:32:46.675166,21.518102645874023
2026-04-25 07:32:46.875560,2026-04-25 07:32:46.875560,21.454450607299805
2026-04-25 07:32:47.075090,2026-04-25 07:32:47.075090,21.40034484863281
2026-04-25 07:32:47.276288,2026-04-25 07:32:47.276288,21.35435676574707
2026-04-25 07:32:47.476809,2026-04-25 07:32:47.476809,21.315265655517575
2026-04-25 07:32:47.677068,2026-04-25 07:32:47.677068,21.45781898498535
2026-04-25 07:32:47.875239,2026-04-25 07:32:47.875239,21.403207778930664
2026-04-25 07:32:48.076648,2026-04-25 07:32:48.076648,21.53257179260254
2026-04-25 07:32:48.279239,2026-04-25 07:32:48.279239,21.642528533935547
2026-04-25 07:32:48.477054,2026-04-25 07:32:48.477054,21.735994338989254
2026-04-25 07:32:48.675487,2026-04-25 07:32:48.675487,21.81543731689453
2026-04-25 07:32:48.877463,2026-04-25 07:32:48.877463,21.882966995239254
2026-04-25 07:32:49.077469,2026-04-25 07:32:49.077469,21.940364837646484
2026-04-25 07:32:49.276350,2026-04-25 07:32:49.276350,21.989154815673828
2026-04-25 07:32:49.475742,2026-04-25 07:32:49.475742,22.03062438964844
2026-04-25 07:32:49.676696,2026-04-25 07:32:49.676696,22.065874099731445
2026-04-25 07:32:49.876425,2026-04-25 07:32:49.876425,22.095836639404297
2026-04-25 07:32:50.075263,2026-04-25 07:32:50.075263,21.94552421569824
2026-04-25 07:32:50.276664,2026-04-25 07:32:50.276664,20.235727310180664
2026-04-25 07:32:50.484722,2026-04-25 07:32:50.484722,18.782398223876957
2026-04-25 07:32:50.675977,2026-04-25 07:32:50.675977,17.547069549560547
2026-04-25 07:32:50.875821,2026-04-25 07:32:50.875821,16.497041702270508
2026-04-25 07:32:51.076936,2026-04-25 07:32:51.076936,15.60451602935791
2026-04-25 07:32:51.276583,2026-04-25 07:32:51.276583,14.845870018005373
2026-04-25 07:32:51.478082,2026-04-25 07:32:51.478082,14.201021194458008
2026-04-25 07:32:51.677867,2026-04-25 07:32:51.677867,13.652898788452148
2026-04-25 07:32:51.877562,2026-04-25 07:32:51.877562,13.18699550628662
2026-04-25 07:32:52.084066,2026-04-25 07:32:52.084066,12.790977478027344
2026-04-25 07:32:52.287230,2026-04-25 07:32:52.287230,12.45436191558838
2026-04-25 07:32:52.476064,2026-04-25 07:32:52.476064,12.168238639831545
2026-04-25 07:32:52.676162,2026-04-25 07:32:52.676162,11.925034523010254
2026-04-25 07:32:52.875918,2026-04-25 07:32:52.875918,11.718310356140137
2026-04-25 07:32:53.075610,2026-04-25 07:32:53.075610,11.366813659667969
2026-04-25 07:32:53.285075,2026-04-25 07:32:53.285075,11.243823051452637
2026-04-25 07:32:53.475800,2026-04-25 07:32:53.475800,10.963500022888184
2026-04-25 07:32:53.676501,2026-04-25 07:32:53.676501,10.725224494934082
2026-04-25 07:32:53.875492,2026-04-25 07:32:53.875492,10.522690773010254
2026-04-25 07:32:54.076103,2026-04-25 07:32:54.076103,10.526318550109863
2026-04-25 07:32:54.276752,2026-04-25 07:32:54.276752,10.705183029174805
2026-04-25 07:32:54.476102,2026-04-25 07:32:54.476102,10.681437492370604
2026-04-25 07:32:54.676039,2026-04-25 07:32:54.676039,10.837034225463867
2026-04-25 07:32:54.876472,2026-04-25 07:32:54.876472,11.32085418701172
2026-04-25 07:32:55.076722,2026-04-25 07:32:55.076722,11.732100486755373
2026-04-25 07:32:55.275961,2026-04-25 07:32:55.275961,12.081660270690918
2026-04-25 07:32:55.475953,2026-04-25 07:32:55.475953,12.20300579071045
2026-04-25 07:32:55.679653,2026-04-25 07:32:55.679653,12.130367279052734
2026-04-25 07:32:55.876055,2026-04-25 07:32:55.876055,12.24440574645996
2026-04-25 07:32:56.079944,2026-04-25 07:32:56.079944,12.692900657653809
2026-04-25 07:32:56.274999,2026-04-25 07:32:56.274999,12.898341178894045
2026-04-25 07:32:56.475950,2026-04-25 07:32:56.475950,13.248745918273926
2026-04-25 07:32:56.676108,2026-04-25 07:32:56.676108,13.546590805053713
2026-04-25 07:32:56.874514,2026-04-25 07:32:56.874514,13.623976707458496
2026-04-25 07:32:57.074688,2026-04-25 07:32:57.074688,13.8655366897583
2026-04-25 07:32:57.275643,2026-04-25 07:32:57.275643,14.246644020080566
2026-04-25 07:32:57.475025,2026-04-25 07:32:57.475025,14.570584297180176
2026-04-25 07:32:57.677309,2026-04-25 07:32:57.677309,14.84593391418457
2026-04-25 07:32:57.875383,2026-04-25 07:32:57.875383,15.079981803894045
2026-04-25 07:32:58.075167,2026-04-25 07:32:58.075167,15.103140830993652
2026-04-25 07:32:58.275785,2026-04-25 07:32:58.275785,15.298606872558594
2026-04-25 07:32:58.475256,2026-04-25 07:32:58.475256,15.28897190093994
2026-04-25 07:32:58.676347,2026-04-25 07:32:58.676347,15.28078269958496
2026-04-25 07:33:11.777039,2026-04-25 07:33:11.777039,15.273821830749512
2026-04-25 07:33:11.977087,2026-04-25 07:33:11.977087,15.267904281616213
2026-04-25 07:33:12.176917,2026-04-25 07:33:12.176917,15.2628755569458
2026-04-25 07:33:12.374511,2026-04-25 07:33:12.374511,15.258600234985352
2026-04-25 07:33:12.577246,2026-04-25 07:33:12.577246,15.079185485839844
2026-04-25 07:33:12.774600,2026-04-25 07:33:12.774600,15.102463722229004
2026-04-25 07:33:12.977536,2026-04-25 07:33:12.977536,14.9464693069458
2026-04-25 07:33:13.175729,2026-04-25 07:33:13.175729,14.638092041015623
2026-04-25 07:33:13.376480,2026-04-25 07:33:13.376480,14.551753997802734
2026-04-25 07:33:13.577290,2026-04-25 07:33:13.577290,14.478365898132324
2026-04-25 07:33:13.776874,2026-04-25 07:33:13.776874,14.415986061096191
2026-04-25 07:33:13.988528,2026-04-25 07:33:13.988528,14.53874397277832
2026-04-25 07:33:14.176605,2026-04-25 07:33:14.176605,14.643088340759276
2026-04-25 07:33:14.377207,2026-04-25 07:33:14.377207,14.556000709533691
2026-04-25 07:33:14.575025,2026-04-25 07:33:14.575025,14.657756805419922
2026-04-25 07:33:14.778022,2026-04-25 07:33:14.778022,14.56846809387207
2026-04-25 07:33:14.974856,2026-04-25 07:33:14.974856,14.492572784423828
2026-04-25 07:33:15.175986,2026-04-25 07:33:15.175986,14.428062438964844
2026-04-25 07:33:15.377880,2026-04-25 07:33:15.377880,14.373228073120115
2026-04-25 07:33:15.575837,2026-04-25 07:33:15.575837,14.326618194580078
2026-04-25 07:33:15.775866,2026-04-25 07:33:15.775866,14.28700065612793
2026-04-25 07:33:15.976024,2026-04-25 07:33:15.976024,14.253325462341309
2026-04-25 07:33:16.175085,2026-04-25 07:33:16.175085,14.224701881408691
2026-04-25 07:33:16.374506,2026-04-25 07:33:16.374506,14.200371742248535
2026-04-25 07:33:16.575116,2026-04-25 07:33:16.575116,14.17969036102295
2026-04-25 07:33:16.775961,2026-04-25 07:33:16.775961,13.98633098602295
2026-04-25 07:33:16.977494,2026-04-25 07:33:16.977494,13.821974754333496
2026-04-25 07:33:17.176593,2026-04-25 07:33:17.176593,13.682272911071776
2026-04-25 07:33:17.375908,2026-04-25 07:33:17.375908,13.563525199890137
2026-04-25 07:33:17.574969,2026-04-25 07:33:17.574969,13.462590217590332
2026-04-25 07:33:17.775665,2026-04-25 07:33:17.775665,13.201014518737791
2026-04-25 07:33:17.984811,2026-04-25 07:33:17.984811,12.97867488861084
2026-04-25 07:33:18.175927,2026-04-25 07:33:18.175927,12.96546745300293
2026-04-25 07:33:18.387872,2026-04-25 07:33:18.387872,12.954240798950195
2026-04-25 07:33:18.575228,2026-04-25 07:33:18.575228,12.944698333740234
2026-04-25 07:33:18.776055,2026-04-25 07:33:18.776055,12.9365873336792
2026-04-25 07:33:18.977046,2026-04-25 07:33:18.977046,12.929693222045898
2026-04-25 07:33:19.174844,2026-04-25 07:33:19.174844,12.923832893371582
2026-04-25 07:33:19.375490,2026-04-25 07:33:19.375490,12.918851852416992
2026-04-25 07:33:19.578334,2026-04-25 07:33:19.578334,12.914617538452148
2026-04-25 07:33:19.774945,2026-04-25 07:33:19.774945,12.911018371582031
2026-04-25 07:33:19.974918,2026-04-25 07:33:19.974918,12.907959938049316
2026-04-25 07:33:20.175550,2026-04-25 07:33:20.175550,12.905359268188477
2026-04-25 07:33:20.387576,2026-04-25 07:33:20.387576,12.903149604797363
2026-04-25 07:33:20.577184,2026-04-25 07:33:20.577184,12.901270866394045
2026-04-25 07:33:20.774493,2026-04-25 07:33:20.774493,12.899673461914062
2026-04-25 07:33:20.976517,2026-04-25 07:33:20.976517,12.722535133361816
2026-04-25 07:33:21.186081,2026-04-25 07:33:21.186081,12.571967124938965
2026-04-25 07:33:21.375067,2026-04-25 07:33:21.375067,12.443984985351562
2026-04-25 07:33:21.575674,2026-04-25 07:33:21.575674,12.335199356079102
2026-04-25 07:33:21.774991,2026-04-25 07:33:21.774991,12.242732048034668
2026-04-25 07:33:21.975988,2026-04-25 07:33:21.975988,12.164134979248049
2026-04-25 07:33:22.175006,2026-04-25 07:33:22.175006,12.27310848236084
2026-04-25 07:33:22.377369,2026-04-25 07:33:22.377369,12.36573600769043
2026-04-25 07:33:22.587577,2026-04-25 07:33:22.587577,12.444469451904297
2026-04-25 07:33:22.776575,2026-04-25 07:33:22.776575,12.511392593383787
2026-04-25 07:33:22.975160,2026-04-25 07:33:22.975160,12.568277359008787
2026-04-25 07:33:23.186011,2026-04-25 07:33:23.186011,12.616629600524902
2026-04-25 07:33:23.375211,2026-04-25 07:33:23.375211,12.657729148864746
2026-04-25 07:33:23.576823,2026-04-25 07:33:23.576823,12.692663192749023
2026-04-25 07:33:23.775085,2026-04-25 07:33:23.775085,12.722357749938965
2026-04-25 07:33:23.977263,2026-04-25 07:33:23.977263,12.923378944396973
2026-04-25 07:33:24.174688,2026-04-25 07:33:24.174688,12.918465614318848
2026-04-25 07:33:24.375418,2026-04-25 07:33:24.375418,13.090070724487305
2026-04-25 07:33:24.576104,2026-04-25 07:33:24.576104,13.23593521118164
2026-04-25 07:33:24.775669,2026-04-25 07:33:24.775669,13.359919548034668
2026-04-25 07:33:24.975163,2026-04-25 07:33:24.975163,13.465307235717772
2026-04-25 07:33:25.175576,2026-04-25 07:33:25.175576,13.554885864257812
2026-04-25 07:33:25.378367,2026-04-25 07:33:25.378367,13.631028175354004
2026-04-25 07:33:25.586126,2026-04-25 07:33:25.586126,13.695749282836914
2026-04-25 07:33:25.776285,2026-04-25 07:33:25.776285,13.750761985778809
2026-04-25 07:33:25.985191,2026-04-25 07:33:25.985191,13.79752254486084
2026-04-25 07:33:26.176718,2026-04-25 07:33:26.176718,13.837268829345703
2026-04-25 07:33:26.375349,2026-04-25 07:33:26.375349,13.695272445678713
2026-04-25 07:33:26.575263,2026-04-25 07:33:26.575263,13.574575424194336
2026-04-25 07:33:26.776339,2026-04-25 07:33:26.776339,13.471982955932615
2026-04-25 07:33:26.976400,2026-04-25 07:33:26.976400,13.38477897644043
2026-04-25 07:33:27.186020,2026-04-25 07:33:27.186020,13.31065559387207
2026-04-25 07:33:27.376970,2026-04-25 07:33:27.376970,13.247651100158691
2026-04-25 07:33:27.586604,2026-04-25 07:33:27.586604,13.194097518920898
2026-04-25 07:33:27.776329,2026-04-25 07:33:27.776329,13.324357986450195
2026-04-25 07:33:27.985776,2026-04-25 07:33:27.985776,13.435078620910645
2026-04-25 07:33:28.176018,2026-04-25 07:33:28.176018,13.353410720825195
2026-04-25 07:33:28.382360,2026-04-25 07:33:28.382360,13.283992767333984
2026-04-25 07:33:28.578621,2026-04-25 07:33:28.578621,13.224987983703612
2026-04-25 07:33:28.778312,2026-04-25 07:33:28.778312,13.174833297729492
2026-04-25 07:33:28.985659,2026-04-25 07:33:28.985659,13.1322021484375
2026-04-25 07:33:29.180423,2026-04-25 07:33:29.180423,13.095965385437012
2026-04-25 07:33:29.377159,2026-04-25 07:33:29.377159,13.06516456604004
2026-04-25 07:33:29.584774,2026-04-25 07:33:29.584774,13.038983345031738
2026-04-25 07:33:29.786436,2026-04-25 07:33:29.786436,13.016729354858398
2026-04-25 07:33:29.976196,2026-04-25 07:33:29.976196,12.822032928466797
2026-04-25 07:33:30.181149,2026-04-25 07:33:30.181149,12.656540870666504
2026-04-25 07:33:30.376426,2026-04-25 07:33:30.376426,12.51587200164795
2026-04-25 07:33:30.576702,2026-04-25 07:33:30.576702,12.396303176879885
2026-04-25 07:33:30.776719,2026-04-25 07:33:30.776719,12.294670104980469
2026-04-25 07:33:30.980563,2026-04-25 07:33:30.980563,12.208282470703123
2026-04-25 07:33:31.177349,2026-04-25 07:33:31.177349,12.134852409362791
2026-04-25 07:33:31.386743,2026-04-25 07:33:31.386743,12.072437286376951
2026-04-25 07:33:31.585366,2026-04-25 07:33:31.585366,12.019384384155272
2026-04-25 07:33:31.778299,2026-04-25 07:33:31.778299,11.974288940429688
2026-04-25 07:33:31.985492,2026-04-25 07:33:31.985492,11.935957908630373
2026-04-25 07:33:32.186185,2026-04-25 07:33:32.186185,11.903376579284668
2026-04-25 07:33:32.376817,2026-04-25 07:33:32.376817,11.875682830810549
2026-04-25 07:33:32.585374,2026-04-25 07:33:32.585374,11.852143287658691
2026-04-25 07:33:32.785238,2026-04-25 07:33:32.785238,11.832134246826172
2026-04-25 07:33:32.987100,2026-04-25 07:33:32.987100,11.815126419067385
2026-04-25 07:33:33.184694,2026-04-25 07:33:33.184694,11.80066967010498
2026-04-25 07:33:33.386286,2026-04-25 07:33:33.386286,11.788381576538086
2026-04-25 07:33:33.580519,2026-04-25 07:33:33.580519,11.777936935424805
2026-04-25 07:33:33.784759,2026-04-25 07:33:33.784759,11.76905918121338
2026-04-25 07:33:33.984981,2026-04-25 07:33:33.984981,11.761512756347656
2026-04-25 07:33:34.185968,2026-04-25 07:33:34.185968,11.755098342895508
2026-04-25 07:33:34.385451,2026-04-25 07:33:34.385451,11.749646186828612
2026-04-25 07:33:34.584902,2026-04-25 07:33:34.584902,11.74501132965088
2026-04-25 07:33:34.786999,2026-04-25 07:33:34.786999,11.74107265472412
2026-04-25 07:33:34.976352,2026-04-25 07:33:34.976352,11.73772430419922
2026-04-25 07:33:35.174985,2026-04-25 07:33:35.174985,11.734877586364746
2026-04-25 07:33:35.386308,2026-04-25 07:33:35.386308,11.73245906829834
2026-04-25 07:33:35.588090,2026-04-25 07:33:35.588090,11.730401992797852
2026-04-25 07:33:35.787732,2026-04-25 07:33:35.787732,11.728654861450195
2026-04-25 07:33:35.984806,2026-04-25 07:33:35.984806,11.727169036865234
2026-04-25 07:33:36.177066,2026-04-25 07:33:36.177066,11.901687622070312
2026-04-25 07:33:36.385698,2026-04-25 07:33:36.385698,11.87424659729004
2026-04-25 07:33:36.585255,2026-04-25 07:33:36.585255,12.026703834533691
2026-04-25 07:33:36.786576,2026-04-25 07:33:36.786576,12.156291961669922
2026-04-25 07:33:36.985249,2026-04-25 07:33:36.985249,12.266441345214844
2026-04-25 07:33:50.086971,2026-04-25 07:33:50.086971,12.360069274902344
2026-04-25 07:33:50.276146,2026-04-25 07:33:50.276146,12.439652442932127
2026-04-25 07:33:50.481920,2026-04-25 07:33:50.481920,12.507298469543455
2026-04-25 07:33:50.686050,2026-04-25 07:33:50.686050,12.564797401428224
2026-04-25 07:33:50.885591,2026-04-25 07:33:50.885591,12.78945255279541
2026-04-25 07:33:51.086837,2026-04-25 07:33:51.086837,12.804628372192385
2026-04-25 07:33:51.285150,2026-04-25 07:33:51.285150,12.993309020996094
2026-04-25 07:33:51.484643,2026-04-25 07:33:51.484643,13.153687477111816
2026-04-25 07:33:51.687708,2026-04-25 07:33:51.687708,13.465790748596191
2026-04-25 07:33:51.886661,2026-04-25 07:33:51.886661,13.731078147888184
2026-04-25 07:33:52.085168,2026-04-25 07:33:52.085168,13.956573486328123
2026-04-25 07:33:52.285872,2026-04-25 07:33:52.285872,14.148242950439451
2026-04-25 07:33:52.485920,2026-04-25 07:33:52.485920,14.311162948608398
2026-04-25 07:33:52.687129,2026-04-25 07:33:52.687129,14.449645042419434
2026-04-25 07:33:52.884886,2026-04-25 07:33:52.884886,14.567354202270508
2026-04-25 07:33:53.084766,2026-04-25 07:33:53.084766,14.667407035827637
2026-04-25 07:33:53.284715,2026-04-25 07:33:53.284715,14.752452850341797
2026-04-25 07:33:53.486653,2026-04-25 07:33:53.486653,14.82474136352539
2026-04-25 07:33:53.687423,2026-04-25 07:33:53.687423,14.886185646057127
2026-04-25 07:33:53.886618,2026-04-25 07:33:53.886618,14.938414573669434
2026-04-25 07:33:54.087348,2026-04-25 07:33:54.087348,14.982808113098145
2026-04-25 07:33:54.285051,2026-04-25 07:33:54.285051,15.020543098449709
2026-04-25 07:33:54.485641,2026-04-25 07:33:54.485641,15.052618026733398
2026-04-25 07:33:54.687260,2026-04-25 07:33:54.687260,15.07988166809082
2026-04-25 07:33:54.885212,2026-04-25 07:33:54.885212,15.103055953979492
2026-04-25 07:33:55.086678,2026-04-25 07:33:55.086678,14.946971893310549
2026-04-25 07:33:55.284961,2026-04-25 07:33:55.284961,14.990082740783691
2026-04-25 07:33:55.485085,2026-04-25 07:33:55.485085,15.026726722717283
2026-04-25 07:33:55.676312,2026-04-25 07:33:55.676312,14.882092475891112
2026-04-25 07:33:55.884842,2026-04-25 07:33:55.884842,14.934934616088867
2026-04-25 07:33:56.085295,2026-04-25 07:33:56.085295,14.804069519042969
2026-04-25 07:33:56.284707,2026-04-25 07:33:56.284707,14.69283390045166
2026-04-25 07:33:56.486958,2026-04-25 07:33:56.486958,14.598283767700195
2026-04-25 07:33:56.685640,2026-04-25 07:33:56.685640,14.517916679382324
2026-04-25 07:33:56.884559,2026-04-25 07:33:56.884559,14.449604034423828
2026-04-25 07:33:57.086317,2026-04-25 07:33:57.086317,14.391538619995115
2026-04-25 07:33:57.284939,2026-04-25 07:33:57.284939,14.342183113098145
2026-04-25 07:33:57.488416,2026-04-25 07:33:57.488416,14.300230026245115
2026-04-25 07:33:57.685589,2026-04-25 07:33:57.685589,14.088789939880373
2026-04-25 07:33:57.885590,2026-04-25 07:33:57.885590,14.084846496582031
2026-04-25 07:33:58.085738,2026-04-25 07:33:58.085738,13.905713081359863
2026-04-25 07:33:58.285456,2026-04-25 07:33:58.285456,13.92923069000244
2026-04-25 07:33:58.486132,2026-04-25 07:33:58.486132,13.94922161102295
2026-04-25 07:33:58.687402,2026-04-25 07:33:58.687402,13.96621322631836
2026-04-25 07:33:58.885191,2026-04-25 07:33:58.885191,13.804875373840332
2026-04-25 07:33:59.084522,2026-04-25 07:33:59.084522,13.667737007141112
2026-04-25 07:33:59.285933,2026-04-25 07:33:59.285933,13.551170349121094
2026-04-25 07:33:59.485589,2026-04-25 07:33:59.485589,13.452088356018066
2026-04-25 07:33:59.687818,2026-04-25 07:33:59.687818,13.54365062713623
2026-04-25 07:33:59.884823,2026-04-25 07:33:59.884823,13.621478080749512
2026-04-25 07:34:00.086665,2026-04-25 07:34:00.086665,13.687631607055664
2026-04-25 07:34:00.287471,2026-04-25 07:34:00.287471,13.743861198425291
2026-04-25 07:34:00.487459,2026-04-25 07:34:00.487459,13.79165744781494
2026-04-25 07:34:00.686291,2026-04-25 07:34:00.686291,13.832283973693848
2026-04-25 07:34:00.885836,2026-04-25 07:34:00.885836,13.866816520690918
2026-04-25 07:34:01.085674,2026-04-25 07:34:01.085674,13.89616870880127
2026-04-25 07:34:01.286148,2026-04-25 07:34:01.286148,13.56955623626709
2026-04-25 07:34:01.476417,2026-04-25 07:34:01.476417,13.116153717041016
2026-04-25 07:34:01.686393,2026-04-25 07:34:01.686393,12.730761528015137
2026-04-25 07:34:01.887202,2026-04-25 07:34:01.887202,12.403179168701172
2026-04-25 07:34:02.085451,2026-04-25 07:34:02.085451,11.948951721191406
2026-04-25 07:34:02.290476,2026-04-25 07:34:02.290476,11.562859535217283
2026-04-25 07:34:02.478994,2026-04-25 07:34:02.478994,11.23468017578125
2026-04-25 07:34:02.688825,2026-04-25 07:34:02.688825,10.955728530883787
2026-04-25 07:34:02.885907,2026-04-25 07:34:02.885907,10.718619346618652
2026-04-25 07:34:03.085412,2026-04-25 07:34:03.085412,10.51707649230957
2026-04-25 07:34:03.287189,2026-04-25 07:34:03.287189,10.345765113830566
2026-04-25 07:34:03.488413,2026-04-25 07:34:03.488413,10.200150489807127
2026-04-25 07:34:03.686612,2026-04-25 07:34:03.686612,11.482627868652344
2026-04-25 07:34:03.886839,2026-04-25 07:34:03.886839,11.166483879089355
2026-04-25 07:34:04.086190,2026-04-25 07:34:04.086190,12.479792594909668
2026-04-25 07:34:04.288104,2026-04-25 07:34:04.288104,13.596104621887209
2026-04-25 07:34:04.486412,2026-04-25 07:34:04.486412,14.544970512390137
2026-04-25 07:34:04.678385,2026-04-25 07:34:04.678385,15.351506233215332
2026-04-25 07:34:04.886091,2026-04-25 07:34:04.886091,16.03706169128418
2026-04-25 07:34:05.077235,2026-04-25 07:34:05.077235,16.795564651489258
2026-04-25 07:34:05.285204,2026-04-25 07:34:05.285204,17.440292358398438
2026-04-25 07:34:05.477629,2026-04-25 07:34:05.477629,17.988311767578125
2026-04-25 07:34:05.685780,2026-04-25 07:34:05.685780,18.629907608032227
2026-04-25 07:34:05.891387,2026-04-25 07:34:05.891387,19.17526626586914
2026-04-25 07:34:06.086317,2026-04-25 07:34:06.086317,19.638818740844727
2026-04-25 07:34:06.284751,2026-04-25 07:34:06.284751,20.03284072875977
2026-04-25 07:34:06.490837,2026-04-25 07:34:06.490837,20.19197654724121
2026-04-25 07:34:06.686231,2026-04-25 07:34:06.686231,20.327241897583008
2026-04-25 07:34:06.885512,2026-04-25 07:34:06.885512,20.442218780517575
2026-04-25 07:34:07.085320,2026-04-25 07:34:07.085320,20.539949417114254
2026-04-25 07:34:07.287092,2026-04-25 07:34:07.287092,20.623018264770508
2026-04-25 07:34:07.479003,2026-04-25 07:34:07.479003,20.693628311157227
2026-04-25 07:34:07.686194,2026-04-25 07:34:07.686194,20.753646850585938
2026-04-25 07:34:07.888272,2026-04-25 07:34:07.888272,20.804662704467773
2026-04-25 07:34:08.089835,2026-04-25 07:34:08.089835,20.84802627563477
2026-04-25 07:34:08.287301,2026-04-25 07:34:08.287301,20.884883880615234
2026-04-25 07:34:08.485009,2026-04-25 07:34:08.485009,21.09199523925781
2026-04-25 07:34:08.689666,2026-04-25 07:34:08.689666,21.09225845336914
2026-04-25 07:34:08.889817,2026-04-25 07:34:08.889817,21.09248161315918
2026-04-25 07:34:09.084903,2026-04-25 07:34:09.084903,21.09267234802246
2026-04-25 07:34:09.289279,2026-04-25 07:34:09.289279,21.09283447265625
2026-04-25 07:34:09.484754,2026-04-25 07:34:09.484754,21.09297180175781
2026-04-25 07:34:09.684904,2026-04-25 07:34:09.684904,21.09308815002441
2026-04-25 07:34:09.890031,2026-04-25 07:34:09.890031,21.09318733215332
2026-04-25 07:34:10.078843,2026-04-25 07:34:10.078843,20.917490005493164
2026-04-25 07:34:10.276534,2026-04-25 07:34:10.276534,20.76814842224121
2026-04-25 07:34:10.484677,2026-04-25 07:34:10.484677,20.641206741333008
2026-04-25 07:34:10.685293,2026-04-25 07:34:10.685293,20.533308029174805
2026-04-25 07:34:10.876936,2026-04-25 07:34:10.876936,20.617374420166016
2026-04-25 07:34:11.085381,2026-04-25 07:34:11.085381,20.51304817199707
2026-04-25 07:34:11.286026,2026-04-25 07:34:11.286026,20.424373626708984
2026-04-25 07:34:11.486352,2026-04-25 07:34:11.486352,20.3489990234375
2026-04-25 07:34:11.685326,2026-04-25 07:34:11.685326,20.28492927551269
2026-04-25 07:34:11.886374,2026-04-25 07:34:11.886374,20.230470657348636
2026-04-25 07:34:12.086156,2026-04-25 07:34:12.086156,20.184181213378903
2026-04-25 07:34:12.285521,2026-04-25 07:34:12.285521,20.14483642578125
2026-04-25 07:34:12.484615,2026-04-25 07:34:12.484615,20.111391067504883
2026-04-25 07:34:12.685707,2026-04-25 07:34:12.685707,20.082963943481445
2026-04-25 07:34:12.889023,2026-04-25 07:34:12.889023,20.058801651000977
2026-04-25 07:34:13.085700,2026-04-25 07:34:13.085700,20.03826141357422
2026-04-25 07:34:13.285899,2026-04-25 07:34:13.285899,19.84502220153809
2026-04-25 07:34:13.485032,2026-04-25 07:34:13.485032,19.680768966674805
2026-04-25 07:34:13.687613,2026-04-25 07:34:13.687613,19.541154861450195
2026-04-25 07:34:13.885093,2026-04-25 07:34:13.885093,19.422481536865234
2026-04-25 07:34:14.085061,2026-04-25 07:34:14.085061,19.145828247070312
2026-04-25 07:34:14.284932,2026-04-25 07:34:14.284932,18.91067123413086
2026-04-25 07:34:14.484782,2026-04-25 07:34:14.484782,18.710790634155277
2026-04-25 07:34:14.686835,2026-04-25 07:34:14.686835,18.540889739990234
2026-04-25 07:34:14.884753,2026-04-25 07:34:14.884753,18.39647483825684
2026-04-25 07:34:15.085147,2026-04-25 07:34:15.085147,18.27372360229492
2026-04-25 07:34:15.285453,2026-04-25 07:34:15.285453,18.169384002685547
2026-04-25 07:34:28.385081,2026-04-25 07:34:28.385081,17.9049129486084
2026-04-25 07:34:28.585238,2026-04-25 07:34:28.585238,17.680112838745117
2026-04-25 07:34:28.788556,2026-04-25 07:34:28.788556,17.48903465270996
2026-04-25 07:34:28.984818,2026-04-25 07:34:28.984818,17.326616287231445
2026-04-25 07:34:29.185654,2026-04-25 07:34:29.185654,17.188562393188477
2026-04-25 07:34:29.385785,2026-04-25 07:34:29.385785,17.07121467590332
2026-04-25 07:34:29.585909,2026-04-25 07:34:29.585909,16.97146987915039
2026-04-25 07:34:29.784886,2026-04-25 07:34:29.784886,16.886686325073242
2026-04-25 07:34:29.985029,2026-04-25 07:34:29.985029,16.814620971679688
2026-04-25 07:34:30.185239,2026-04-25 07:34:30.185239,16.753366470336914
2026-04-25 07:34:30.384965,2026-04-25 07:34:30.384965,16.701297760009766
2026-04-25 07:34:30.585658,2026-04-25 07:34:30.585658,16.657041549682617
2026-04-25 07:34:30.785669,2026-04-25 07:34:30.785669,16.619422912597656
2026-04-25 07:34:30.985623,2026-04-25 07:34:30.985623,16.587446212768555
2026-04-25 07:34:31.184795,2026-04-25 07:34:31.184795,16.384485244750977
2026-04-25 07:34:31.377706,2026-04-25 07:34:31.377706,16.38775062561035
2026-04-25 07:34:31.586874,2026-04-25 07:34:31.586874,16.214744567871094
2026-04-25 07:34:31.785872,2026-04-25 07:34:31.785872,16.06768798828125
2026-04-25 07:34:31.985681,2026-04-25 07:34:31.985681,15.942691802978516
2026-04-25 07:34:32.186972,2026-04-25 07:34:32.186972,15.836443901062012
2026-04-25 07:34:32.384984,2026-04-25 07:34:32.384984,15.746133804321287
2026-04-25 07:34:32.585948,2026-04-25 07:34:32.585948,15.6693696975708
2026-04-25 07:34:32.784637,2026-04-25 07:34:32.784637,15.604121208190918
2026-04-25 07:34:32.986082,2026-04-25 07:34:32.986082,15.548659324645996
2026-04-25 07:34:33.186735,2026-04-25 07:34:33.186735,15.501516342163086
2026-04-25 07:34:33.385420,2026-04-25 07:34:33.385420,15.461444854736328
2026-04-25 07:34:33.584706,2026-04-25 07:34:33.584706,15.42738437652588
2026-04-25 07:34:33.785282,2026-04-25 07:34:33.785282,15.398432731628418
2026-04-25 07:34:33.987519,2026-04-25 07:34:33.987519,15.373824119567873
2026-04-25 07:34:34.185189,2026-04-25 07:34:34.185189,15.352907180786133
2026-04-25 07:34:34.385505,2026-04-25 07:34:34.385505,15.159345626831056
2026-04-25 07:34:34.585495,2026-04-25 07:34:34.585495,14.994818687438965
2026-04-25 07:34:34.784687,2026-04-25 07:34:34.784687,14.854970932006836
2026-04-25 07:34:34.985404,2026-04-25 07:34:34.985404,14.73610019683838
2026-04-25 07:34:35.185985,2026-04-25 07:34:35.185985,14.63506031036377
2026-04-25 07:34:35.388014,2026-04-25 07:34:35.388014,14.549176216125488
2026-04-25 07:34:35.585627,2026-04-25 07:34:35.585627,14.47617530822754
2026-04-25 07:34:35.785015,2026-04-25 07:34:35.785015,14.41412353515625
2026-04-25 07:34:35.986416,2026-04-25 07:34:35.986416,14.361380577087402
2026-04-25 07:34:36.185667,2026-04-25 07:34:36.185667,14.316548347473145
2026-04-25 07:34:36.385537,2026-04-25 07:34:36.385537,14.278440475463867
2026-04-25 07:34:36.586855,2026-04-25 07:34:36.586855,14.246049880981444
2026-04-25 07:34:36.785707,2026-04-25 07:34:36.785707,14.218517303466797
2026-04-25 07:34:36.984756,2026-04-25 07:34:36.984756,14.195115089416504
2026-04-25 07:34:37.184787,2026-04-25 07:34:37.184787,14.175222396850586
2026-04-25 07:34:37.385670,2026-04-25 07:34:37.385670,14.334095001220703
2026-04-25 07:34:37.585452,2026-04-25 07:34:37.585452,14.29335594177246
2026-04-25 07:34:37.785881,2026-04-25 07:34:37.785881,14.25872802734375
2026-04-25 07:34:37.985432,2026-04-25 07:34:37.985432,14.405075073242188
2026-04-25 07:34:38.186674,2026-04-25 07:34:38.186674,14.35368824005127
2026-04-25 07:34:38.387409,2026-04-25 07:34:38.387409,14.485791206359863
2026-04-25 07:34:38.585926,2026-04-25 07:34:38.585926,14.598078727722168
2026-04-25 07:34:38.785936,2026-04-25 07:34:38.785936,14.869304656982422
2026-04-25 07:34:38.985231,2026-04-25 07:34:38.985231,14.924065589904783
2026-04-25 07:34:39.186405,2026-04-25 07:34:39.186405,15.146392822265623
2026-04-25 07:34:39.385791,2026-04-25 07:34:39.385791,15.511153221130373
2026-04-25 07:34:39.586636,2026-04-25 07:34:39.586636,15.64541721343994
2026-04-25 07:34:39.785331,2026-04-25 07:34:39.785331,15.93532371520996
2026-04-25 07:34:39.986453,2026-04-25 07:34:39.986453,16.181743621826172
2026-04-25 07:34:40.188787,2026-04-25 07:34:40.188787,16.56698226928711
2026-04-25 07:34:40.385141,2026-04-25 07:34:40.385141,16.894433975219727
2026-04-25 07:34:40.586324,2026-04-25 07:34:40.586324,17.17276954650879
2026-04-25 07:34:40.790007,2026-04-25 07:34:40.790007,17.233572006225586
2026-04-25 07:34:40.986230,2026-04-25 07:34:40.986230,17.285255432128906
2026-04-25 07:34:41.186777,2026-04-25 07:34:41.186777,17.329185485839844
2026-04-25 07:34:41.388053,2026-04-25 07:34:41.388053,17.366527557373047
2026-04-25 07:34:41.588187,2026-04-25 07:34:41.588187,17.398265838623047
2026-04-25 07:34:41.787155,2026-04-25 07:34:41.787155,17.42524528503418
2026-04-25 07:34:41.987010,2026-04-25 07:34:41.987010,17.448177337646484
2026-04-25 07:34:42.186054,2026-04-25 07:34:42.186054,17.467670440673828
2026-04-25 07:34:42.387855,2026-04-25 07:34:42.387855,17.484237670898438
2026-04-25 07:34:42.585540,2026-04-25 07:34:42.585540,17.498321533203125
2026-04-25 07:34:42.786134,2026-04-25 07:34:42.786134,17.510292053222656
2026-04-25 07:34:42.986286,2026-04-25 07:34:42.986286,17.520465850830078
2026-04-25 07:34:43.191333,2026-04-25 07:34:43.191333,17.529115676879883
2026-04-25 07:34:43.386214,2026-04-25 07:34:43.386214,17.536466598510742
2026-04-25 07:34:43.587309,2026-04-25 07:34:43.587309,17.718496322631836
2026-04-25 07:34:43.786478,2026-04-25 07:34:43.786478,17.87322235107422
2026-04-25 07:34:43.987345,2026-04-25 07:34:43.987345,18.00473976135254
2026-04-25 07:34:44.185804,2026-04-25 07:34:44.185804,18.116527557373047
2026-04-25 07:34:44.385635,2026-04-25 07:34:44.385635,18.211549758911133
2026-04-25 07:34:44.588466,2026-04-25 07:34:44.588466,18.292316436767575
2026-04-25 07:34:44.786349,2026-04-25 07:34:44.786349,18.36096954345703
2026-04-25 07:34:44.990124,2026-04-25 07:34:44.990124,18.419322967529297
2026-04-25 07:34:45.185257,2026-04-25 07:34:45.185257,18.64470672607422
2026-04-25 07:34:45.386980,2026-04-25 07:34:45.386980,18.836280822753903
2026-04-25 07:34:45.590125,2026-04-25 07:34:45.590125,18.999120712280277
2026-04-25 07:34:45.786091,2026-04-25 07:34:45.786091,19.13753318786621
2026-04-25 07:34:45.987823,2026-04-25 07:34:45.987823,19.255184173583984
2026-04-25 07:34:46.177822,2026-04-25 07:34:46.177822,19.355188369750977
2026-04-25 07:34:46.385474,2026-04-25 07:34:46.385474,19.2644100189209
2026-04-25 07:34:46.585517,2026-04-25 07:34:46.585517,19.36302947998047
2026-04-25 07:34:46.784582,2026-04-25 07:34:46.784582,19.271076202392575
2026-04-25 07:34:46.986408,2026-04-25 07:34:46.986408,19.368696212768555
2026-04-25 07:34:47.189457,2026-04-25 07:34:47.189457,19.2758903503418
2026-04-25 07:34:47.386202,2026-04-25 07:34:47.386202,19.19700813293457
2026-04-25 07:34:47.585405,2026-04-25 07:34:47.585405,19.12995719909668
2026-04-25 07:34:47.777835,2026-04-25 07:34:47.777835,19.07296371459961
2026-04-25 07:34:47.984929,2026-04-25 07:34:47.984929,19.024518966674805
2026-04-25 07:34:48.185198,2026-04-25 07:34:48.185198,18.983341217041016
2026-04-25 07:34:48.387680,2026-04-25 07:34:48.387680,18.948339462280277
2026-04-25 07:34:48.585163,2026-04-25 07:34:48.585163,18.918588638305664
2026-04-25 07:34:48.785236,2026-04-25 07:34:48.785236,18.89330101013184
2026-04-25 07:34:48.985328,2026-04-25 07:34:48.985328,18.87180519104004
2026-04-25 07:34:49.186065,2026-04-25 07:34:49.186065,18.853534698486328
2026-04-25 07:34:49.385752,2026-04-25 07:34:49.385752,18.83800506591797
2026-04-25 07:34:49.585471,2026-04-25 07:34:49.585471,18.824804306030277
2026-04-25 07:34:49.785387,2026-04-25 07:34:49.785387,18.81358337402344
2026-04-25 07:34:49.984550,2026-04-25 07:34:49.984550,18.804044723510746
2026-04-25 07:34:50.185411,2026-04-25 07:34:50.185411,18.79593849182129
2026-04-25 07:34:50.390095,2026-04-25 07:34:50.390095,18.789047241210938
2026-04-25 07:34:50.585745,2026-04-25 07:34:50.585745,18.783191680908203
2026-04-25 07:34:50.785259,2026-04-25 07:34:50.785259,18.77821159362793
2026-04-25 07:34:50.985640,2026-04-25 07:34:50.985640,18.77398109436035
2026-04-25 07:34:51.185256,2026-04-25 07:34:51.185256,18.770383834838867
2026-04-25 07:34:51.380414,2026-04-25 07:34:51.380414,18.59154510498047
2026-04-25 07:34:51.585245,2026-04-25 07:34:51.585245,18.439531326293945
2026-04-25 07:34:51.785488,2026-04-25 07:34:51.785488,18.31031990051269
2026-04-25 07:34:51.985205,2026-04-25 07:34:51.985205,18.20049095153809
2026-04-25 07:34:52.185170,2026-04-25 07:34:52.185170,17.931354522705078
2026-04-25 07:34:52.385080,2026-04-25 07:34:52.385080,17.70258903503418
2026-04-25 07:34:52.585811,2026-04-25 07:34:52.585811,17.50813865661621
2026-04-25 07:34:52.785933,2026-04-25 07:34:52.785933,17.34285545349121
2026-04-25 07:34:52.985044,2026-04-25 07:34:52.985044,17.202363967895508
2026-04-25 07:34:53.184961,2026-04-25 07:34:53.184961,17.08294677734375
2026-04-25 07:34:53.386705,2026-04-25 07:34:53.386705,16.981443405151367
2026-04-25 07:34:53.586042,2026-04-25 07:34:53.586042,16.895164489746094
2026-04-25 07:35:06.690831,2026-04-25 07:35:06.690831,16.821826934814453
2026-04-25 07:35:06.886057,2026-04-25 07:35:06.886057,16.759490966796875
2026-04-25 07:35:07.084599,2026-04-25 07:35:07.084599,16.706504821777344
2026-04-25 07:35:07.285215,2026-04-25 07:35:07.285215,16.485685348510742
2026-04-25 07:35:07.485291,2026-04-25 07:35:07.485291,16.297988891601562
2026-04-25 07:35:07.684569,2026-04-25 07:35:07.684569,16.138446807861328
2026-04-25 07:35:07.885410,2026-04-25 07:35:07.885410,16.002836227416992
2026-04-25 07:35:08.084844,2026-04-25 07:35:08.084844,15.887566566467283
2026-04-25 07:35:08.286452,2026-04-25 07:35:08.286452,15.78958797454834
2026-04-25 07:35:08.485515,2026-04-25 07:35:08.485515,15.530524253845217
2026-04-25 07:35:08.688318,2026-04-25 07:35:08.688318,15.310320854187012
2026-04-25 07:35:08.885884,2026-04-25 07:35:08.885884,15.12314796447754
2026-04-25 07:35:09.084768,2026-04-25 07:35:09.084768,14.96405029296875
2026-04-25 07:35:09.285779,2026-04-25 07:35:09.285779,14.828818321228027
2026-04-25 07:35:09.484730,2026-04-25 07:35:09.484730,14.71387004852295
2026-04-25 07:35:09.678615,2026-04-25 07:35:09.678615,14.616165161132812
2026-04-25 07:35:09.885689,2026-04-25 07:35:09.885689,14.53311538696289
2026-04-25 07:35:10.085925,2026-04-25 07:35:10.085925,14.462522506713867
2026-04-25 07:35:10.285208,2026-04-25 07:35:10.285208,14.40251922607422
2026-04-25 07:35:10.485127,2026-04-25 07:35:10.485127,14.351516723632812
2026-04-25 07:35:10.684990,2026-04-25 07:35:10.684990,14.3081636428833
2026-04-25 07:35:10.886028,2026-04-25 07:35:10.886028,14.27131462097168
2026-04-25 07:35:11.084927,2026-04-25 07:35:11.084927,14.239992141723633
2026-04-25 07:35:11.285602,2026-04-25 07:35:11.285602,14.21336841583252
2026-04-25 07:35:11.485160,2026-04-25 07:35:11.485160,14.1907377243042
2026-04-25 07:35:11.685873,2026-04-25 07:35:11.685873,14.171502113342283
2026-04-25 07:35:11.885772,2026-04-25 07:35:11.885772,14.155152320861816
2026-04-25 07:35:12.085695,2026-04-25 07:35:12.085695,13.965473175048828
2026-04-25 07:35:12.287004,2026-04-25 07:35:12.287004,13.804245948791504
2026-04-25 07:35:12.486533,2026-04-25 07:35:12.486533,13.842984199523926
2026-04-25 07:35:12.685021,2026-04-25 07:35:12.685021,13.700130462646484
2026-04-25 07:35:12.884737,2026-04-25 07:35:12.884737,13.75448513031006
2026-04-25 07:35:13.084679,2026-04-25 07:35:13.084679,13.800687789916992
2026-04-25 07:35:13.284969,2026-04-25 07:35:13.284969,14.015740394592283
2026-04-25 07:35:13.485465,2026-04-25 07:35:13.485465,14.198535919189451
2026-04-25 07:35:13.687767,2026-04-25 07:35:13.687767,14.529692649841309
2026-04-25 07:35:13.886384,2026-04-25 07:35:13.886384,14.811176300048828
2026-04-25 07:35:14.085338,2026-04-25 07:35:14.085338,15.050437927246094
2026-04-25 07:35:14.285852,2026-04-25 07:35:14.285852,15.429591178894045
2026-04-25 07:35:14.487456,2026-04-25 07:35:14.487456,15.927652359008787
2026-04-25 07:35:14.685405,2026-04-25 07:35:14.685405,16.526784896850586
2026-04-25 07:35:14.886310,2026-04-25 07:35:14.886310,17.211830139160156
2026-04-25 07:35:15.085662,2026-04-25 07:35:15.085662,17.969900131225586
2026-04-25 07:35:15.284907,2026-04-25 07:35:15.284907,18.6142578125
2026-04-25 07:35:15.487324,2026-04-25 07:35:15.487324,19.161962509155277
2026-04-25 07:35:15.686552,2026-04-25 07:35:15.686552,19.80329322814941
2026-04-25 07:35:15.885149,2026-04-25 07:35:15.885149,20.348424911499023
2026-04-25 07:35:16.085613,2026-04-25 07:35:16.085613,20.811786651611328
2026-04-25 07:35:16.285136,2026-04-25 07:35:16.285136,21.205642700195312
2026-04-25 07:35:16.485093,2026-04-25 07:35:16.485093,21.364641189575195
2026-04-25 07:35:16.686515,2026-04-25 07:35:16.686515,21.67556953430176
2026-04-25 07:35:16.886348,2026-04-25 07:35:16.886348,21.93985939025879
2026-04-25 07:35:17.085835,2026-04-25 07:35:17.085835,22.16450500488281
2026-04-25 07:35:17.286828,2026-04-25 07:35:17.286828,22.355453491210938
2026-04-25 07:35:17.485906,2026-04-25 07:35:17.485906,22.51776123046875
2026-04-25 07:35:17.684657,2026-04-25 07:35:17.684657,22.65572166442871
2026-04-25 07:35:17.885286,2026-04-25 07:35:17.885286,22.77298927307129
2026-04-25 07:35:18.086374,2026-04-25 07:35:18.086374,22.87266540527344
2026-04-25 07:35:18.287230,2026-04-25 07:35:18.287230,22.95738983154297
2026-04-25 07:35:18.485985,2026-04-25 07:35:18.485985,23.029407501220703
2026-04-25 07:35:18.686741,2026-04-25 07:35:18.686741,23.090620040893555
2026-04-25 07:35:18.884888,2026-04-25 07:35:18.884888,23.14265251159668
2026-04-25 07:35:19.088983,2026-04-25 07:35:19.088983,23.186880111694336
2026-04-25 07:35:19.285237,2026-04-25 07:35:19.285237,23.22447204589844
2026-04-25 07:35:19.488283,2026-04-25 07:35:19.488283,23.256427764892575
2026-04-25 07:35:19.688390,2026-04-25 07:35:19.688390,23.283588409423828
2026-04-25 07:35:19.887235,2026-04-25 07:35:19.887235,23.30667495727539
2026-04-25 07:35:20.087349,2026-04-25 07:35:20.087349,23.32629776000977
2026-04-25 07:35:20.286848,2026-04-25 07:35:20.286848,23.342979431152344
2026-04-25 07:35:20.487104,2026-04-25 07:35:20.487104,23.35715675354004
2026-04-25 07:35:20.685448,2026-04-25 07:35:20.685448,23.36920928955078
2026-04-25 07:35:20.885722,2026-04-25 07:35:20.885722,23.379451751708984
2026-04-25 07:35:21.086608,2026-04-25 07:35:21.086608,21.103002548217773
2026-04-25 07:35:21.288490,2026-04-25 07:35:21.288490,19.16802215576172
2026-04-25 07:35:21.485438,2026-04-25 07:35:21.485438,19.808443069458008
2026-04-25 07:35:21.687598,2026-04-25 07:35:21.687598,18.067646026611328
2026-04-25 07:35:21.885633,2026-04-25 07:35:21.885633,16.587966918945312
2026-04-25 07:35:22.091405,2026-04-25 07:35:22.091405,17.79117774963379
2026-04-25 07:35:22.289121,2026-04-25 07:35:22.289121,18.813907623291016
2026-04-25 07:35:22.488195,2026-04-25 07:35:22.488195,19.6832275390625
2026-04-25 07:35:22.686396,2026-04-25 07:35:22.686396,20.422149658203125
2026-04-25 07:35:22.892306,2026-04-25 07:35:22.892306,21.050233840942383
2026-04-25 07:35:23.091131,2026-04-25 07:35:23.091131,21.584104537963867
2026-04-25 07:35:23.287015,2026-04-25 07:35:23.287015,22.03789520263672
2026-04-25 07:35:23.490094,2026-04-25 07:35:23.490094,22.24783706665039
2026-04-25 07:35:23.687032,2026-04-25 07:35:23.687032,22.42628669738769
2026-04-25 07:35:23.886115,2026-04-25 07:35:23.886115,22.57796859741211
2026-04-25 07:35:24.085437,2026-04-25 07:35:24.085437,22.706897735595703
2026-04-25 07:35:24.287885,2026-04-25 07:35:24.287885,22.81648826599121
2026-04-25 07:35:24.486382,2026-04-25 07:35:24.486382,22.909639358520508
2026-04-25 07:35:24.685215,2026-04-25 07:35:24.685215,22.988819122314453
2026-04-25 07:35:24.885403,2026-04-25 07:35:24.885403,23.056121826171875
2026-04-25 07:35:25.085761,2026-04-25 07:35:25.085761,21.003952026367188
2026-04-25 07:35:25.286444,2026-04-25 07:35:25.286444,21.36898422241211
2026-04-25 07:35:25.485767,2026-04-25 07:35:25.485767,19.569887161254883
2026-04-25 07:35:25.685062,2026-04-25 07:35:25.685062,18.04065322875977
2026-04-25 07:35:25.885061,2026-04-25 07:35:25.885061,16.740806579589844
2026-04-25 07:35:26.086836,2026-04-25 07:35:26.086836,15.460153579711914
2026-04-25 07:35:26.285956,2026-04-25 07:35:26.285956,14.547380447387695
2026-04-25 07:35:26.488557,2026-04-25 07:35:26.488557,13.771523475646973
2026-04-25 07:35:26.690044,2026-04-25 07:35:26.690044,13.112045288085938
2026-04-25 07:35:26.885594,2026-04-25 07:35:26.885594,12.551487922668455
2026-04-25 07:35:27.086697,2026-04-25 07:35:27.086697,12.0750150680542
2026-04-25 07:35:27.289136,2026-04-25 07:35:27.289136,11.67001247406006
2026-04-25 07:35:27.486387,2026-04-25 07:35:27.486387,11.501542091369627
2026-04-25 07:35:27.689003,2026-04-25 07:35:27.689003,11.182560920715332
2026-04-25 07:35:27.885414,2026-04-25 07:35:27.885414,10.911426544189451
2026-04-25 07:35:28.087221,2026-04-25 07:35:28.087221,10.680962562561035
2026-04-25 07:35:28.285487,2026-04-25 07:35:28.285487,10.660849571228027
2026-04-25 07:35:28.488753,2026-04-25 07:35:28.488753,10.643753051757812
2026-04-25 07:35:28.685199,2026-04-25 07:35:28.685199,10.62922191619873
2026-04-25 07:35:28.887431,2026-04-25 07:35:28.887431,10.616869926452637
2026-04-25 07:35:29.085037,2026-04-25 07:35:29.085037,10.606369972229004
2026-04-25 07:35:29.285113,2026-04-25 07:35:29.285113,10.59744644165039
2026-04-25 07:35:29.487387,2026-04-25 07:35:29.487387,10.765642166137695
2026-04-25 07:35:29.685753,2026-04-25 07:35:29.685753,10.908607482910156
2026-04-25 07:35:29.884883,2026-04-25 07:35:29.884883,11.205910682678224
2026-04-25 07:35:30.084848,2026-04-25 07:35:30.084848,11.282835960388184
2026-04-25 07:35:30.285281,2026-04-25 07:35:30.285281,11.348223686218262
2026-04-25 07:35:30.485647,2026-04-25 07:35:30.485647,11.579584121704102
2026-04-25 07:35:30.689911,2026-04-25 07:35:30.689911,11.952021598815918
2026-04-25 07:35:30.885692,2026-04-25 07:35:30.885692,12.444374084472656
2026-04-25 07:35:31.085760,2026-04-25 07:35:31.085760,12.862874031066896
2026-04-25 07:35:31.285241,2026-04-25 07:35:31.285241,13.394380569458008
2026-04-25 07:35:31.486978,2026-04-25 07:35:31.486978,13.846160888671877
2026-04-25 07:35:31.686641,2026-04-25 07:35:31.686641,14.23017406463623
2026-04-25 07:35:31.885184,2026-04-25 07:35:31.885184,14.380804061889648
2026-04-25 07:35:44.986308,2026-04-25 07:35:44.986308,14.68462085723877
2026-04-25 07:35:45.185802,2026-04-25 07:35:45.185802,14.942865371704102
2026-04-25 07:35:45.385774,2026-04-25 07:35:45.385774,15.162373542785645
2026-04-25 07:35:45.586452,2026-04-25 07:35:45.586452,15.348955154418944
2026-04-25 07:35:45.785454,2026-04-25 07:35:45.785454,15.683330535888672
2026-04-25 07:35:45.986916,2026-04-25 07:35:45.986916,15.967549324035645
2026-04-25 07:35:46.187932,2026-04-25 07:35:46.187932,16.209135055541992
2026-04-25 07:35:46.386746,2026-04-25 07:35:46.386746,16.41448402404785
2026-04-25 07:35:46.586549,2026-04-25 07:35:46.586549,16.589031219482422
2026-04-25 07:35:46.785714,2026-04-25 07:35:46.785714,16.913175582885742
2026-04-25 07:35:46.985611,2026-04-25 07:35:46.985611,17.18869972229004
2026-04-25 07:35:47.185355,2026-04-25 07:35:47.185355,17.422895431518555
2026-04-25 07:35:47.386692,2026-04-25 07:35:47.386692,17.621959686279297
2026-04-25 07:35:47.585819,2026-04-25 07:35:47.585819,17.791166305541992
2026-04-25 07:35:47.784790,2026-04-25 07:35:47.784790,17.93499183654785
2026-04-25 07:35:47.984850,2026-04-25 07:35:47.984850,18.05724334716797
2026-04-25 07:35:48.185549,2026-04-25 07:35:48.185549,18.161155700683597
2026-04-25 07:35:48.387332,2026-04-25 07:35:48.387332,18.249483108520508
2026-04-25 07:35:48.585563,2026-04-25 07:35:48.585563,18.324560165405277
2026-04-25 07:35:48.785260,2026-04-25 07:35:48.785260,18.388376235961918
2026-04-25 07:35:48.985587,2026-04-25 07:35:48.985587,18.61840057373047
2026-04-25 07:35:49.187151,2026-04-25 07:35:49.187151,18.81392288208008
2026-04-25 07:35:49.384747,2026-04-25 07:35:49.384747,18.98011589050293
2026-04-25 07:35:49.585359,2026-04-25 07:35:49.585359,19.12137985229492
2026-04-25 07:35:49.785475,2026-04-25 07:35:49.785475,19.241453170776367
2026-04-25 07:35:49.985667,2026-04-25 07:35:49.985667,19.3435173034668
2026-04-25 07:35:50.184989,2026-04-25 07:35:50.184989,19.43027114868164
2026-04-25 07:35:50.384602,2026-04-25 07:35:50.384602,19.679792404174805
2026-04-25 07:35:50.585926,2026-04-25 07:35:50.585926,19.89188575744629
2026-04-25 07:35:50.786013,2026-04-25 07:35:50.786013,20.247947692871094
2026-04-25 07:35:50.984781,2026-04-25 07:35:50.984781,20.37481689453125
2026-04-25 07:35:51.185840,2026-04-25 07:35:51.185840,20.48265647888184
2026-04-25 07:35:51.385808,2026-04-25 07:35:51.385808,20.75010299682617
2026-04-25 07:35:51.586718,2026-04-25 07:35:51.586718,20.97743034362793
2026-04-25 07:35:51.784770,2026-04-25 07:35:51.784770,21.1706600189209
2026-04-25 07:35:51.985760,2026-04-25 07:35:51.985760,21.33490562438965
2026-04-25 07:35:52.184797,2026-04-25 07:35:52.184797,21.474512100219727
2026-04-25 07:35:52.385309,2026-04-25 07:35:52.385309,21.59317970275879
2026-04-25 07:35:52.584871,2026-04-25 07:35:52.584871,21.69404602050781
2026-04-25 07:35:52.785136,2026-04-25 07:35:52.785136,21.779783248901367
2026-04-25 07:35:52.985366,2026-04-25 07:35:52.985366,21.852659225463867
2026-04-25 07:35:53.185522,2026-04-25 07:35:53.185522,21.91460418701172
2026-04-25 07:35:53.384660,2026-04-25 07:35:53.384660,21.967256546020508
2026-04-25 07:35:53.585463,2026-04-25 07:35:53.585463,22.012012481689453
2026-04-25 07:35:53.784637,2026-04-25 07:35:53.784637,22.2258358001709
2026-04-25 07:35:53.985548,2026-04-25 07:35:53.985548,22.40758514404297
2026-04-25 07:35:54.187935,2026-04-25 07:35:54.187935,22.56207275390625
2026-04-25 07:35:54.386608,2026-04-25 07:35:54.386608,22.69338607788086
2026-04-25 07:35:54.586061,2026-04-25 07:35:54.586061,22.805004119873047
2026-04-25 07:35:54.785661,2026-04-25 07:35:54.785661,22.899877548217773
2026-04-25 07:35:54.985190,2026-04-25 07:35:54.985190,22.98052215576172
2026-04-25 07:35:55.187223,2026-04-25 07:35:55.187223,23.04906845092773
2026-04-25 07:35:55.385259,2026-04-25 07:35:55.385259,23.107332229614254
2026-04-25 07:35:55.585349,2026-04-25 07:35:55.585349,23.156858444213867
2026-04-25 07:35:55.785587,2026-04-25 07:35:55.785587,23.19895362854004
2026-04-25 07:35:55.985340,2026-04-25 07:35:55.985340,23.2347354888916
2026-04-25 07:35:56.186696,2026-04-25 07:35:56.186696,23.26515007019043
2026-04-25 07:35:56.385605,2026-04-25 07:35:56.385605,23.29100227355957
2026-04-25 07:35:56.585346,2026-04-25 07:35:56.585346,23.312976837158203
2026-04-25 07:35:56.786133,2026-04-25 07:35:56.786133,23.331655502319336
2026-04-25 07:35:56.984678,2026-04-25 07:35:56.984678,23.171751022338867
2026-04-25 07:35:57.185080,2026-04-25 07:35:57.185080,23.211612701416016
2026-04-25 07:35:57.384964,2026-04-25 07:35:57.384964,23.24549674987793
2026-04-25 07:35:57.585890,2026-04-25 07:35:57.585890,23.2742977142334
2026-04-25 07:35:57.785173,2026-04-25 07:35:57.785173,23.298776626586918
2026-04-25 07:35:57.985467,2026-04-25 07:35:57.985467,23.3195858001709
2026-04-25 07:35:58.185241,2026-04-25 07:35:58.185241,23.33727264404297
2026-04-25 07:35:58.385699,2026-04-25 07:35:58.385699,23.3523063659668
2026-04-25 07:35:58.585549,2026-04-25 07:35:58.585549,23.36508560180664
2026-04-25 07:35:58.785647,2026-04-25 07:35:58.785647,23.375947952270508
2026-04-25 07:35:58.985450,2026-04-25 07:35:58.985450,23.385181427001957
2026-04-25 07:35:59.185467,2026-04-25 07:35:59.185467,23.393028259277344
2026-04-25 07:35:59.385594,2026-04-25 07:35:59.385594,23.39970016479492
2026-04-25 07:35:59.585533,2026-04-25 07:35:59.585533,23.58115005493164
2026-04-25 07:35:59.785684,2026-04-25 07:35:59.785684,23.73538398742676
2026-04-25 07:35:59.985177,2026-04-25 07:35:59.985177,23.86648368835449
2026-04-25 07:36:00.184909,2026-04-25 07:36:00.184909,23.977916717529297
2026-04-25 07:36:00.390354,2026-04-25 07:36:00.390354,24.24841690063477
2026-04-25 07:36:00.585105,2026-04-25 07:36:00.585105,24.47834205627441
2026-04-25 07:36:00.785384,2026-04-25 07:36:00.785384,24.673778533935547
2026-04-25 07:36:00.985967,2026-04-25 07:36:00.985967,24.83989906311035
2026-04-25 07:36:01.187513,2026-04-25 07:36:01.187513,24.981101989746094
2026-04-25 07:36:01.385929,2026-04-25 07:36:01.385929,25.101123809814453
2026-04-25 07:36:01.587583,2026-04-25 07:36:01.587583,25.20314216613769
2026-04-25 07:36:01.789487,2026-04-25 07:36:01.789487,25.289857864379883
2026-04-25 07:36:01.985971,2026-04-25 07:36:01.985971,25.36356735229492
2026-04-25 07:36:02.186466,2026-04-25 07:36:02.186466,25.426219940185547
2026-04-25 07:36:02.385917,2026-04-25 07:36:02.385917,25.655256271362305
2026-04-25 07:36:02.586236,2026-04-25 07:36:02.586236,25.67415428161621
2026-04-25 07:36:02.786654,2026-04-25 07:36:02.786654,25.86600112915039
2026-04-25 07:36:02.986258,2026-04-25 07:36:02.986258,26.02906990051269
2026-04-25 07:36:03.186433,2026-04-25 07:36:03.186433,26.16767692565918
2026-04-25 07:36:03.387244,2026-04-25 07:36:03.387244,26.285493850708008
2026-04-25 07:36:03.586889,2026-04-25 07:36:03.586889,26.385639190673828
2026-04-25 07:36:03.787844,2026-04-25 07:36:03.787844,26.470762252807617
2026-04-25 07:36:03.986348,2026-04-25 07:36:03.986348,26.543115615844727
2026-04-25 07:36:04.188198,2026-04-25 07:36:04.188198,26.60461807250977
2026-04-25 07:36:04.387789,2026-04-25 07:36:04.387789,26.65689468383789
2026-04-25 07:36:04.585135,2026-04-25 07:36:04.585135,26.70132827758789
2026-04-25 07:36:04.787504,2026-04-25 07:36:04.787504,26.739097595214844
2026-04-25 07:36:04.985769,2026-04-25 07:36:04.985769,26.771202087402344
2026-04-25 07:36:05.187788,2026-04-25 07:36:05.187788,26.798490524291992
2026-04-25 07:36:05.385736,2026-04-25 07:36:05.385736,26.821685791015625
2026-04-25 07:36:05.587903,2026-04-25 07:36:05.587903,26.841402053833008
2026-04-25 07:36:05.784589,2026-04-25 07:36:05.784589,26.8581600189209
2026-04-25 07:36:05.986379,2026-04-25 07:36:05.986379,26.872404098510746
2026-04-25 07:36:06.185341,2026-04-25 07:36:06.185341,26.88451194763184
2026-04-25 07:36:06.385784,2026-04-25 07:36:06.385784,26.89480400085449
2026-04-25 07:36:06.585982,2026-04-25 07:36:06.585982,26.903553009033203
2026-04-25 07:36:06.796793,2026-04-25 07:36:06.796793,26.910987854003903
2026-04-25 07:36:06.985632,2026-04-25 07:36:06.985632,26.917308807373047
2026-04-25 07:36:07.185941,2026-04-25 07:36:07.185941,26.92268180847168
2026-04-25 07:36:07.392277,2026-04-25 07:36:07.392277,26.927248001098636
2026-04-25 07:36:07.586332,2026-04-25 07:36:07.586332,26.931129455566406
2026-04-25 07:36:07.785111,2026-04-25 07:36:07.785111,26.93442916870117
2026-04-25 07:36:07.984827,2026-04-25 07:36:07.984827,26.937232971191406
2026-04-25 07:36:08.186256,2026-04-25 07:36:08.186256,26.939617156982425
2026-04-25 07:36:08.386365,2026-04-25 07:36:08.386365,26.94164276123047
2026-04-25 07:36:08.585357,2026-04-25 07:36:08.585357,26.9433650970459
2026-04-25 07:36:08.785051,2026-04-25 07:36:08.785051,26.9448299407959
2026-04-25 07:36:08.985040,2026-04-25 07:36:08.985040,26.94607353210449
2026-04-25 07:36:09.185465,2026-04-25 07:36:09.185465,26.771350860595703
2026-04-25 07:36:09.390124,2026-04-25 07:36:09.390124,26.62283515930176
2026-04-25 07:36:09.585633,2026-04-25 07:36:09.585633,26.496597290039062
2026-04-25 07:36:09.785151,2026-04-25 07:36:09.785151,26.38929557800293
2026-04-25 07:36:09.985128,2026-04-25 07:36:09.985128,26.29808807373047
2026-04-25 07:36:10.187127,2026-04-25 07:36:10.187127,26.22056198120117
2026-04-25 07:36:23.286818,2026-04-25 07:36:23.286818,26.154664993286133
2026-04-25 07:36:23.490084,2026-04-25 07:36:23.490084,26.09865379333496
2026-04-25 07:36:23.687098,2026-04-25 07:36:23.687098,25.87526130676269
2026-04-25 07:36:23.888989,2026-04-25 07:36:23.888989,25.685379028320312
2026-04-25 07:36:24.084578,2026-04-25 07:36:24.084578,25.52397727966309
2026-04-25 07:36:24.285971,2026-04-25 07:36:24.285971,25.38678741455078
2026-04-25 07:36:24.485971,2026-04-25 07:36:24.485971,25.27017593383789
2026-04-25 07:36:24.685631,2026-04-25 07:36:24.685631,25.17105484008789
2026-04-25 07:36:24.885728,2026-04-25 07:36:24.885728,22.977428436279297
2026-04-25 07:36:25.089501,2026-04-25 07:36:25.089501,21.11284637451172
2026-04-25 07:36:25.287111,2026-04-25 07:36:25.287111,21.637325286865234
2026-04-25 07:36:25.485579,2026-04-25 07:36:25.485579,20.149538040161133
2026-04-25 07:36:25.684640,2026-04-25 07:36:25.684640,18.709138870239254
2026-04-25 07:36:25.884686,2026-04-25 07:36:25.884686,17.484800338745117
2026-04-25 07:36:26.095152,2026-04-25 07:36:26.095152,16.444110870361328
2026-04-25 07:36:26.286035,2026-04-25 07:36:26.286035,15.559525489807127
2026-04-25 07:36:26.485147,2026-04-25 07:36:26.485147,14.80762767791748
2026-04-25 07:36:26.684934,2026-04-25 07:36:26.684934,14.1685152053833
2026-04-25 07:36:26.885111,2026-04-25 07:36:26.885111,13.625268936157228
2026-04-25 07:36:27.085493,2026-04-25 07:36:27.085493,13.1635103225708
2026-04-25 07:36:27.287740,2026-04-25 07:36:27.287740,12.771014213562012
2026-04-25 07:36:27.485263,2026-04-25 07:36:27.485263,12.43739414215088
2026-04-25 07:36:27.685486,2026-04-25 07:36:27.685486,12.153816223144531
2026-04-25 07:36:27.885377,2026-04-25 07:36:27.885377,11.912775039672852
2026-04-25 07:36:28.085851,2026-04-25 07:36:28.085851,11.707889556884766
2026-04-25 07:36:28.285494,2026-04-25 07:36:28.285494,11.533737182617188
2026-04-25 07:36:28.485294,2026-04-25 07:36:28.485294,11.38570785522461
2026-04-25 07:36:28.684674,2026-04-25 07:36:28.684674,11.259882926940918
2026-04-25 07:36:28.884987,2026-04-25 07:36:28.884987,11.152932167053224
2026-04-25 07:36:29.087021,2026-04-25 07:36:29.087021,11.062023162841797
2026-04-25 07:36:29.285024,2026-04-25 07:36:29.285024,10.984750747680664
2026-04-25 07:36:29.485387,2026-04-25 07:36:29.485387,11.094850540161133
2026-04-25 07:36:29.686681,2026-04-25 07:36:29.686681,11.012654304504396
2026-04-25 07:36:29.885224,2026-04-25 07:36:29.885224,11.118569374084473
2026-04-25 07:36:30.084781,2026-04-25 07:36:30.084781,11.032814979553224
2026-04-25 07:36:30.285965,2026-04-25 07:36:30.285965,11.13570499420166
2026-04-25 07:36:30.485364,2026-04-25 07:36:30.485364,11.223161697387695
2026-04-25 07:36:30.685093,2026-04-25 07:36:30.685093,11.473280906677246
2026-04-25 07:36:30.885288,2026-04-25 07:36:30.885288,11.685882568359377
2026-04-25 07:36:31.086790,2026-04-25 07:36:31.086790,11.866594314575195
2026-04-25 07:36:31.286096,2026-04-25 07:36:31.286096,11.844417572021484
2026-04-25 07:36:31.485481,2026-04-25 07:36:31.485481,12.001348495483398
2026-04-25 07:36:31.684844,2026-04-25 07:36:31.684844,12.134739875793455
2026-04-25 07:36:31.885379,2026-04-25 07:36:31.885379,12.248123168945312
2026-04-25 07:36:32.088321,2026-04-25 07:36:32.088321,12.52027988433838
2026-04-25 07:36:32.287637,2026-04-25 07:36:32.287637,12.575831413269045
2026-04-25 07:36:32.484788,2026-04-25 07:36:32.484788,12.623050689697266
2026-04-25 07:36:32.685040,2026-04-25 07:36:32.685040,12.663186073303224
2026-04-25 07:36:32.884869,2026-04-25 07:36:32.884869,12.697301864624023
2026-04-25 07:36:33.084723,2026-04-25 07:36:33.084723,12.726300239562988
2026-04-25 07:36:33.285508,2026-04-25 07:36:33.285508,12.750948905944824
2026-04-25 07:36:33.485276,2026-04-25 07:36:33.485276,12.77190113067627
2026-04-25 07:36:33.686389,2026-04-25 07:36:33.686389,12.789709091186523
2026-04-25 07:36:33.884876,2026-04-25 07:36:33.884876,12.80484676361084
2026-04-25 07:36:34.085061,2026-04-25 07:36:34.085061,12.641932487487791
2026-04-25 07:36:34.285336,2026-04-25 07:36:34.285336,12.50345516204834
2026-04-25 07:36:34.485941,2026-04-25 07:36:34.485941,12.385748863220217
2026-04-25 07:36:34.684690,2026-04-25 07:36:34.684690,12.285698890686035
2026-04-25 07:36:34.885449,2026-04-25 07:36:34.885449,12.20065689086914
2026-04-25 07:36:35.087096,2026-04-25 07:36:35.087096,12.128371238708496
2026-04-25 07:36:35.285615,2026-04-25 07:36:35.285615,12.066927909851074
2026-04-25 07:36:35.484832,2026-04-25 07:36:35.484832,12.014700889587402
2026-04-25 07:36:35.687133,2026-04-25 07:36:35.687133,11.970308303833008
2026-04-25 07:36:35.885823,2026-04-25 07:36:35.885823,11.932574272155762
2026-04-25 07:36:36.085578,2026-04-25 07:36:36.085578,11.900501251220703
2026-04-25 07:36:36.285687,2026-04-25 07:36:36.285687,11.873238563537598
2026-04-25 07:36:36.495406,2026-04-25 07:36:36.495406,11.850065231323242
2026-04-25 07:36:36.684597,2026-04-25 07:36:36.684597,11.830368041992188
2026-04-25 07:36:36.885119,2026-04-25 07:36:36.885119,11.81362533569336
2026-04-25 07:36:37.088416,2026-04-25 07:36:37.088416,11.799393653869627
2026-04-25 07:36:37.287851,2026-04-25 07:36:37.287851,11.787297248840332
2026-04-25 07:36:37.494641,2026-04-25 07:36:37.494641,11.77701473236084
2026-04-25 07:36:37.686052,2026-04-25 07:36:37.686052,11.768275260925291
2026-04-25 07:36:37.887779,2026-04-25 07:36:37.887779,11.760846138000488
2026-04-25 07:36:38.087183,2026-04-25 07:36:38.087183,11.754531860351562
2026-04-25 07:36:38.287872,2026-04-25 07:36:38.287872,11.749164581298828
2026-04-25 07:36:38.486089,2026-04-25 07:36:38.486089,11.74460220336914
2026-04-25 07:36:38.685659,2026-04-25 07:36:38.685659,11.740724563598633
2026-04-25 07:36:38.886589,2026-04-25 07:36:38.886589,11.737428665161133
2026-04-25 07:36:39.085289,2026-04-25 07:36:39.085289,11.734626770019531
2026-04-25 07:36:39.288382,2026-04-25 07:36:39.288382,11.732245445251465
2026-04-25 07:36:39.487158,2026-04-25 07:36:39.487158,11.730220794677734
2026-04-25 07:36:39.686052,2026-04-25 07:36:39.686052,11.728500366210938
2026-04-25 07:36:39.888109,2026-04-25 07:36:39.888109,11.72703742980957
2026-04-25 07:36:40.086961,2026-04-25 07:36:40.086961,11.725794792175291
2026-04-25 07:36:40.287398,2026-04-25 07:36:40.287398,11.724738121032717
2026-04-25 07:36:40.486183,2026-04-25 07:36:40.486183,11.72383975982666
2026-04-25 07:36:40.687179,2026-04-25 07:36:40.687179,11.72307586669922
2026-04-25 07:36:40.886882,2026-04-25 07:36:40.886882,11.722427368164062
2026-04-25 07:36:41.086315,2026-04-25 07:36:41.086315,11.72187614440918
2026-04-25 07:36:41.287227,2026-04-25 07:36:41.287227,11.897188186645508
2026-04-25 07:36:41.494518,2026-04-25 07:36:41.494518,12.04620361328125
2026-04-25 07:36:41.688504,2026-04-25 07:36:41.688504,12.172866821289062
2026-04-25 07:36:41.886246,2026-04-25 07:36:41.886246,12.45631217956543
2026-04-25 07:36:42.086429,2026-04-25 07:36:42.086429,12.697239875793455
2026-04-25 07:36:42.286173,2026-04-25 07:36:42.286173,12.902029037475586
2026-04-25 07:36:42.488325,2026-04-25 07:36:42.488325,13.076099395751951
2026-04-25 07:36:42.687302,2026-04-25 07:36:42.687302,13.22406005859375
2026-04-25 07:36:42.887442,2026-04-25 07:36:42.887442,13.525607109069824
2026-04-25 07:36:43.090804,2026-04-25 07:36:43.090804,13.606141090393066
2026-04-25 07:36:43.288687,2026-04-25 07:36:43.288687,13.85037612915039
2026-04-25 07:36:43.489661,2026-04-25 07:36:43.489661,16.16735076904297
2026-04-25 07:36:43.685658,2026-04-25 07:36:43.685658,16.02740478515625
2026-04-25 07:36:43.885475,2026-04-25 07:36:43.885475,15.90845012664795
2026-04-25 07:36:44.087339,2026-04-25 07:36:44.087339,15.80733871459961
2026-04-25 07:36:44.286393,2026-04-25 07:36:44.286393,15.721394538879396
2026-04-25 07:36:44.486376,2026-04-25 07:36:44.486376,15.648341178894045
2026-04-25 07:36:44.685441,2026-04-25 07:36:44.685441,15.586246490478516
2026-04-25 07:36:44.890427,2026-04-25 07:36:44.890427,15.533465385437012
2026-04-25 07:36:45.085845,2026-04-25 07:36:45.085845,15.488601684570312
2026-04-25 07:36:45.288537,2026-04-25 07:36:45.288537,15.274686813354492
2026-04-25 07:36:45.487438,2026-04-25 07:36:45.487438,15.09285831451416
2026-04-25 07:36:45.686188,2026-04-25 07:36:45.686188,14.938304901123049
2026-04-25 07:36:45.888140,2026-04-25 07:36:45.888140,14.982715606689451
2026-04-25 07:36:46.085140,2026-04-25 07:36:46.085140,14.844682693481444
2026-04-25 07:36:46.294924,2026-04-25 07:36:46.294924,14.90313720703125
2026-04-25 07:36:46.485215,2026-04-25 07:36:46.485215,14.9528226852417
2026-04-25 07:36:46.687583,2026-04-25 07:36:46.687583,15.170836448669434
2026-04-25 07:36:46.886621,2026-04-25 07:36:46.886621,15.356148719787598
2026-04-25 07:36:47.085202,2026-04-25 07:36:47.085202,15.513664245605469
2026-04-25 07:36:47.286001,2026-04-25 07:36:47.286001,15.64755153656006
2026-04-25 07:36:47.488549,2026-04-25 07:36:47.488549,15.761356353759766
2026-04-25 07:36:47.685141,2026-04-25 07:36:47.685141,15.8580904006958
2026-04-25 07:36:47.886319,2026-04-25 07:36:47.886319,15.940314292907717
2026-04-25 07:36:48.090085,2026-04-25 07:36:48.090085,16.010204315185547
2026-04-25 07:36:48.286380,2026-04-25 07:36:48.286380,16.069612503051758
2026-04-25 07:36:48.485211,2026-04-25 07:36:48.485211,15.944326400756836
2026-04-25 07:37:01.585768,2026-04-25 07:37:01.585768,15.837833404541016
2026-04-25 07:37:01.784987,2026-04-25 07:37:01.784987,15.571533203125
2026-04-25 07:37:01.986596,2026-04-25 07:37:01.986596,15.345178604125977
2026-04-25 07:37:02.186893,2026-04-25 07:37:02.186893,15.328557968139648
2026-04-25 07:37:02.388376,2026-04-25 07:37:02.388376,15.490211486816406
2026-04-25 07:37:02.586381,2026-04-25 07:37:02.586381,15.451836585998535
2026-04-25 07:37:02.786319,2026-04-25 07:37:02.786319,15.594998359680176
2026-04-25 07:37:02.986508,2026-04-25 07:37:02.986508,15.716686248779297
2026-04-25 07:37:03.185247,2026-04-25 07:37:03.185247,15.995902061462402
2026-04-25 07:37:03.387613,2026-04-25 07:37:03.387613,16.409015655517578
2026-04-25 07:37:03.585431,2026-04-25 07:37:03.585431,16.760164260864258
2026-04-25 07:37:03.785521,2026-04-25 07:37:03.785521,16.707077026367188
2026-04-25 07:37:03.987418,2026-04-25 07:37:03.987418,16.48617172241211
2026-04-25 07:37:04.185457,2026-04-25 07:37:04.185457,16.298402786254883
2026-04-25 07:37:04.387005,2026-04-25 07:37:04.387005,16.138797760009766
2026-04-25 07:37:04.585610,2026-04-25 07:37:04.585610,15.827353477478027
2026-04-25 07:37:04.785063,2026-04-25 07:37:04.785063,15.56262493133545
2026-04-25 07:37:04.985484,2026-04-25 07:37:04.985484,15.337606430053713
2026-04-25 07:37:05.185758,2026-04-25 07:37:05.185758,15.146340370178224
2026-04-25 07:37:05.386688,2026-04-25 07:37:05.386688,14.8079833984375
2026-04-25 07:37:05.586552,2026-04-25 07:37:05.586552,14.344597816467283
2026-04-25 07:37:05.789563,2026-04-25 07:37:05.789563,13.95072078704834
2026-04-25 07:37:05.986443,2026-04-25 07:37:05.986443,13.615925788879396
2026-04-25 07:37:06.190014,2026-04-25 07:37:06.190014,13.33134937286377
2026-04-25 07:37:06.384913,2026-04-25 07:37:06.384913,13.089459419250488
2026-04-25 07:37:06.588481,2026-04-25 07:37:06.588481,12.7080717086792
2026-04-25 07:37:06.785953,2026-04-25 07:37:06.785953,12.559673309326172
2026-04-25 07:37:06.984668,2026-04-25 07:37:06.984668,12.257753372192385
2026-04-25 07:37:07.186131,2026-04-25 07:37:07.186131,12.001121520996094
2026-04-25 07:37:07.386396,2026-04-25 07:37:07.386396,11.782984733581545
2026-04-25 07:37:07.586141,2026-04-25 07:37:07.586141,11.59756851196289
2026-04-25 07:37:07.788665,2026-04-25 07:37:07.788665,11.439964294433594
2026-04-25 07:37:07.985214,2026-04-25 07:37:07.985214,11.306000709533691
2026-04-25 07:37:08.186318,2026-04-25 07:37:08.186318,11.192131996154783
2026-04-25 07:37:08.386149,2026-04-25 07:37:08.386149,11.095343589782717
2026-04-25 07:37:08.591075,2026-04-25 07:37:08.591075,11.013072967529297
2026-04-25 07:37:08.794731,2026-04-25 07:37:08.794731,10.943143844604492
2026-04-25 07:37:08.985812,2026-04-25 07:37:08.985812,10.883703231811523
2026-04-25 07:37:09.185036,2026-04-25 07:37:09.185036,10.833178520202637
2026-04-25 07:37:09.394668,2026-04-25 07:37:09.394668,10.614452362060549
2026-04-25 07:37:09.586810,2026-04-25 07:37:09.586810,10.428534507751465
2026-04-25 07:37:09.786423,2026-04-25 07:37:09.786423,10.270503997802734
2026-04-25 07:37:09.985672,2026-04-25 07:37:09.985672,10.136178970336914
2026-04-25 07:37:10.185836,2026-04-25 07:37:10.185836,10.022002220153809
2026-04-25 07:37:10.386529,2026-04-25 07:37:10.386529,10.100732803344728
2026-04-25 07:37:10.584590,2026-04-25 07:37:10.584590,10.167654037475586
2026-04-25 07:37:10.789190,2026-04-25 07:37:10.789190,12.685474395751951
2026-04-25 07:37:10.985120,2026-04-25 07:37:10.985120,12.36468505859375
2026-04-25 07:37:11.185094,2026-04-25 07:37:11.185094,12.092013359069824
2026-04-25 07:37:11.396083,2026-04-25 07:37:11.396083,11.86024284362793
2026-04-25 07:37:11.585183,2026-04-25 07:37:11.585183,11.663237571716309
2026-04-25 07:37:11.785900,2026-04-25 07:37:11.785900,11.495782852172852
2026-04-25 07:37:11.996962,2026-04-25 07:37:11.996962,11.35344696044922
2026-04-25 07:37:12.197306,2026-04-25 07:37:12.197306,11.232460975646973
2026-04-25 07:37:12.395568,2026-04-25 07:37:12.395568,11.129623413085938
2026-04-25 07:37:12.586153,2026-04-25 07:37:12.586153,11.042210578918455
2026-04-25 07:37:12.796663,2026-04-25 07:37:12.796663,10.792129516601562
2026-04-25 07:37:12.985533,2026-04-25 07:37:12.985533,10.579560279846191
2026-04-25 07:37:13.185242,2026-04-25 07:37:13.185242,10.398876190185549
2026-04-25 07:37:13.385941,2026-04-25 07:37:13.385941,10.245294570922852
2026-04-25 07:37:13.595258,2026-04-25 07:37:13.595258,10.114749908447266
2026-04-25 07:37:13.785268,2026-04-25 07:37:13.785268,10.003787994384766
2026-04-25 07:37:13.997137,2026-04-25 07:37:13.997137,9.909469604492188
2026-04-25 07:37:14.199629,2026-04-25 07:37:14.199629,9.829298973083496
2026-04-25 07:37:14.396249,2026-04-25 07:37:14.396249,9.761154174804688
2026-04-25 07:37:14.597128,2026-04-25 07:37:14.597128,9.70323085784912
2026-04-25 07:37:14.796343,2026-04-25 07:37:14.796343,9.653996467590332
2026-04-25 07:37:14.996701,2026-04-25 07:37:14.996701,9.612147331237791
2026-04-25 07:37:15.197310,2026-04-25 07:37:15.197310,9.57657527923584
2026-04-25 07:37:15.386405,2026-04-25 07:37:15.386405,9.72212028503418
2026-04-25 07:37:15.586877,2026-04-25 07:37:15.586877,9.845832824707031
2026-04-25 07:37:15.785644,2026-04-25 07:37:15.785644,9.950989723205566
2026-04-25 07:37:15.985221,2026-04-25 07:37:15.985221,10.040371894836426
2026-04-25 07:37:16.194608,2026-04-25 07:37:16.194608,10.116347312927246
2026-04-25 07:37:16.384689,2026-04-25 07:37:16.384689,10.180927276611328
2026-04-25 07:37:16.595018,2026-04-25 07:37:16.595018,10.23581886291504
2026-04-25 07:37:16.786027,2026-04-25 07:37:16.786027,10.458258628845217
2026-04-25 07:37:16.995898,2026-04-25 07:37:16.995898,10.471550941467283
2026-04-25 07:37:17.196036,2026-04-25 07:37:17.196036,10.482850074768066
2026-04-25 07:37:17.385192,2026-04-25 07:37:17.385192,10.492453575134276
2026-04-25 07:37:17.585611,2026-04-25 07:37:17.585611,10.500617027282717
2026-04-25 07:37:17.785950,2026-04-25 07:37:17.785950,10.50755500793457
2026-04-25 07:37:17.987274,2026-04-25 07:37:17.987274,10.513453483581545
2026-04-25 07:37:18.185194,2026-04-25 07:37:18.185194,10.51846694946289
2026-04-25 07:37:18.385671,2026-04-25 07:37:18.385671,10.522727966308594
2026-04-25 07:37:18.595339,2026-04-25 07:37:18.595339,10.702131271362305
2026-04-25 07:37:18.784772,2026-04-25 07:37:18.784772,10.678842544555664
2026-04-25 07:37:18.989343,2026-04-25 07:37:18.989343,10.834829330444336
2026-04-25 07:37:19.188125,2026-04-25 07:37:19.188125,10.967416763305664
2026-04-25 07:37:19.394801,2026-04-25 07:37:19.394801,11.080117225646973
2026-04-25 07:37:19.586322,2026-04-25 07:37:19.586322,11.000130653381348
2026-04-25 07:37:19.786295,2026-04-25 07:37:19.786295,11.10792350769043
2026-04-25 07:37:19.988168,2026-04-25 07:37:19.988168,11.02376651763916
2026-04-25 07:37:20.186161,2026-04-25 07:37:20.186161,10.952232360839844
2026-04-25 07:37:20.395454,2026-04-25 07:37:20.395454,10.89142894744873
2026-04-25 07:37:20.586421,2026-04-25 07:37:20.586421,10.83974552154541
2026-04-25 07:37:20.788871,2026-04-25 07:37:20.788871,10.971596717834473
2026-04-25 07:37:20.996089,2026-04-25 07:37:20.996089,11.083669662475586
2026-04-25 07:37:21.189134,2026-04-25 07:37:21.189134,11.00314998626709
2026-04-25 07:37:21.395311,2026-04-25 07:37:21.395311,11.11048984527588
2026-04-25 07:37:21.584607,2026-04-25 07:37:21.584607,11.20172882080078
2026-04-25 07:37:21.788298,2026-04-25 07:37:21.788298,11.455063819885254
2026-04-25 07:37:21.989713,2026-04-25 07:37:21.989713,11.670397758483888
2026-04-25 07:37:22.187344,2026-04-25 07:37:22.187344,11.853431701660156
2026-04-25 07:37:22.386299,2026-04-25 07:37:22.386299,11.833230018615724
2026-04-25 07:37:22.587003,2026-04-25 07:37:22.587003,11.991838455200195
2026-04-25 07:37:22.786950,2026-04-25 07:37:22.786950,12.126656532287598
2026-04-25 07:37:22.986499,2026-04-25 07:37:22.986499,12.241251945495604
2026-04-25 07:37:23.185585,2026-04-25 07:37:23.185585,12.338658332824709
2026-04-25 07:37:23.395518,2026-04-25 07:37:23.395518,12.597234725952148
2026-04-25 07:37:23.595516,2026-04-25 07:37:23.595516,12.817024230957031
2026-04-25 07:37:23.788988,2026-04-25 07:37:23.788988,13.00384521484375
2026-04-25 07:37:23.987663,2026-04-25 07:37:23.987663,13.162643432617188
2026-04-25 07:37:24.185883,2026-04-25 07:37:24.185883,13.297621726989746
2026-04-25 07:37:24.388341,2026-04-25 07:37:24.388341,13.236572265625
2026-04-25 07:37:24.584722,2026-04-25 07:37:24.584722,13.184679985046388
2026-04-25 07:37:24.790093,2026-04-25 07:37:24.790093,13.140572547912598
2026-04-25 07:37:24.987906,2026-04-25 07:37:24.987906,13.103079795837402
2026-04-25 07:37:25.185903,2026-04-25 07:37:25.185903,13.071211814880373
2026-04-25 07:37:25.388378,2026-04-25 07:37:25.388378,13.044123649597168
2026-04-25 07:37:25.585461,2026-04-25 07:37:25.585461,13.021099090576172
2026-04-25 07:37:25.787151,2026-04-25 07:37:25.787151,13.001527786254885
2026-04-25 07:37:25.985115,2026-04-25 07:37:25.985115,12.984892845153809
2026-04-25 07:37:26.184685,2026-04-25 07:37:26.184685,12.794971466064451
2026-04-25 07:37:26.387861,2026-04-25 07:37:26.387861,12.633538246154783
2026-04-25 07:37:26.584574,2026-04-25 07:37:26.584574,12.496319770812988
2026-04-25 07:37:26.788439,2026-04-25 07:37:26.788439,12.555465698242188
2026-04-25 07:37:39.884954,2026-04-25 07:37:39.884954,12.42995834350586
2026-04-25 07:37:40.089991,2026-04-25 07:37:40.089991,12.32327651977539
2026-04-25 07:37:40.284847,2026-04-25 07:37:40.284847,12.408379554748535
2026-04-25 07:37:40.485996,2026-04-25 07:37:40.485996,12.48071575164795
2026-04-25 07:37:40.685462,2026-04-25 07:37:40.685462,12.36642074584961
2026-04-25 07:37:40.885576,2026-04-25 07:37:40.885576,12.26927089691162
2026-04-25 07:37:41.086638,2026-04-25 07:37:41.086638,12.186692237854004
2026-04-25 07:37:41.284645,2026-04-25 07:37:41.284645,12.116500854492188
2026-04-25 07:37:41.487034,2026-04-25 07:37:41.487034,12.056838035583496
2026-04-25 07:37:41.685779,2026-04-25 07:37:41.685779,13.412375450134276
2026-04-25 07:37:41.886995,2026-04-25 07:37:41.886995,14.564580917358398
2026-04-25 07:37:42.086096,2026-04-25 07:37:42.086096,15.719738006591797
2026-04-25 07:37:42.284426,2026-04-25 07:37:42.284426,16.52583885192871
2026-04-25 07:37:42.485453,2026-04-25 07:37:42.485453,17.386808395385742
2026-04-25 07:37:42.686004,2026-04-25 07:37:42.686004,18.118629455566406
2026-04-25 07:37:42.886359,2026-04-25 07:37:42.886359,18.740678787231445
2026-04-25 07:37:43.084752,2026-04-25 07:37:43.084752,19.269420623779297
2026-04-25 07:37:43.286398,2026-04-25 07:37:43.286398,19.71885108947754
2026-04-25 07:37:43.486398,2026-04-25 07:37:43.486398,20.100868225097656
2026-04-25 07:37:43.686700,2026-04-25 07:37:43.686700,20.425580978393555
2026-04-25 07:37:43.886054,2026-04-25 07:37:43.886054,20.701587677001957
2026-04-25 07:37:44.086595,2026-04-25 07:37:44.086595,20.936193466186523
2026-04-25 07:37:44.285676,2026-04-25 07:37:44.285676,19.202014923095703
2026-04-25 07:37:44.485590,2026-04-25 07:37:44.485590,17.727962493896484
2026-04-25 07:37:44.685999,2026-04-25 07:37:44.685999,16.475017547607422
2026-04-25 07:37:44.886838,2026-04-25 07:37:44.886838,15.410015106201172
2026-04-25 07:37:45.088358,2026-04-25 07:37:45.088358,14.504762649536133
2026-04-25 07:37:45.287008,2026-04-25 07:37:45.287008,13.73529815673828
2026-04-25 07:37:45.484934,2026-04-25 07:37:45.484934,13.081254005432127
2026-04-25 07:37:45.686338,2026-04-25 07:37:45.686338,12.525315284729004
2026-04-25 07:37:45.886149,2026-04-25 07:37:45.886149,12.05276870727539
2026-04-25 07:37:46.087511,2026-04-25 07:37:46.087511,11.651103019714355
2026-04-25 07:37:46.286389,2026-04-25 07:37:46.286389,11.309687614440918
2026-04-25 07:37:46.487413,2026-04-25 07:37:46.487413,11.019484519958496
2026-04-25 07:37:46.685352,2026-04-25 07:37:46.685352,10.772811889648438
2026-04-25 07:37:46.885772,2026-04-25 07:37:46.885772,10.738921165466309
2026-04-25 07:37:47.086354,2026-04-25 07:37:47.086354,13.52261447906494
2026-04-25 07:37:47.286096,2026-04-25 07:37:47.286096,13.076253890991213
2026-04-25 07:37:47.489538,2026-04-25 07:37:47.489538,14.103096961975098
2026-04-25 07:37:47.687007,2026-04-25 07:37:47.687007,14.800131797790527
2026-04-25 07:37:47.889698,2026-04-25 07:37:47.889698,13.98636245727539
2026-04-25 07:37:48.085721,2026-04-25 07:37:48.085721,14.700907707214355
2026-04-25 07:37:48.285541,2026-04-25 07:37:48.285541,15.308271408081056
2026-04-25 07:37:48.484670,2026-04-25 07:37:48.484670,15.824530601501465
2026-04-25 07:37:48.684961,2026-04-25 07:37:48.684961,16.263351440429688
2026-04-25 07:37:48.888537,2026-04-25 07:37:48.888537,16.636348724365234
2026-04-25 07:37:49.084733,2026-04-25 07:37:49.084733,16.95339584350586
2026-04-25 07:37:49.285318,2026-04-25 07:37:49.285318,17.04710578918457
2026-04-25 07:37:49.485033,2026-04-25 07:37:49.485033,17.126758575439453
2026-04-25 07:37:49.686415,2026-04-25 07:37:49.686415,17.0186824798584
2026-04-25 07:37:49.888595,2026-04-25 07:37:49.888595,16.751035690307617
2026-04-25 07:37:50.086326,2026-04-25 07:37:50.086326,16.875099182128906
2026-04-25 07:37:50.285206,2026-04-25 07:37:50.285206,16.628990173339844
2026-04-25 07:37:50.484743,2026-04-25 07:37:50.484743,16.419797897338867
2026-04-25 07:37:50.685241,2026-04-25 07:37:50.685241,16.241985321044922
2026-04-25 07:37:50.887923,2026-04-25 07:37:50.887923,16.090843200683594
2026-04-25 07:37:51.084536,2026-04-25 07:37:51.084536,15.962372779846191
2026-04-25 07:37:51.285970,2026-04-25 07:37:51.285970,15.67739200592041
2026-04-25 07:37:51.485047,2026-04-25 07:37:51.485047,15.610939979553224
2026-04-25 07:37:51.689420,2026-04-25 07:37:51.689420,14.851329803466797
2026-04-25 07:37:51.886065,2026-04-25 07:37:51.886065,14.20566177368164
2026-04-25 07:37:52.084842,2026-04-25 07:37:52.084842,13.48106288909912
2026-04-25 07:37:52.287310,2026-04-25 07:37:52.287310,12.865153312683104
2026-04-25 07:37:52.486170,2026-04-25 07:37:52.486170,12.341629981994627
2026-04-25 07:37:52.684653,2026-04-25 07:37:52.684653,11.720854759216309
2026-04-25 07:37:52.886056,2026-04-25 07:37:52.886056,11.193195343017578
2026-04-25 07:37:53.085752,2026-04-25 07:37:53.085752,10.744684219360352
2026-04-25 07:37:53.285666,2026-04-25 07:37:53.285666,10.36345100402832
2026-04-25 07:37:53.485689,2026-04-25 07:37:53.485689,10.03940200805664
2026-04-25 07:37:53.684948,2026-04-25 07:37:53.684948,9.763959884643556
2026-04-25 07:37:53.886717,2026-04-25 07:37:53.886717,9.529834747314451
2026-04-25 07:37:54.087270,2026-04-25 07:37:54.087270,9.330828666687012
2026-04-25 07:37:54.286013,2026-04-25 07:37:54.286013,9.161672592163086
2026-04-25 07:37:54.486531,2026-04-25 07:37:54.486531,9.01789093017578
2026-04-25 07:37:54.685232,2026-04-25 07:37:54.685232,8.895675659179688
2026-04-25 07:37:54.885684,2026-04-25 07:37:54.885684,8.616011619567871
2026-04-25 07:37:55.086924,2026-04-25 07:37:55.086924,8.378297805786133
2026-04-25 07:37:55.285983,2026-04-25 07:37:55.285983,8.176240921020508
2026-04-25 07:37:55.485293,2026-04-25 07:37:55.485293,8.180273056030273
2026-04-25 07:37:55.686177,2026-04-25 07:37:55.686177,8.183700561523438
2026-04-25 07:37:55.884737,2026-04-25 07:37:55.884737,8.186614990234375
2026-04-25 07:37:56.085830,2026-04-25 07:37:56.085830,8.189090728759766
2026-04-25 07:37:56.284980,2026-04-25 07:37:56.284980,8.01541519165039
2026-04-25 07:37:56.486330,2026-04-25 07:37:56.486330,8.043571472167969
2026-04-25 07:37:56.688282,2026-04-25 07:37:56.688282,8.0675048828125
2026-04-25 07:37:56.885739,2026-04-25 07:37:56.885739,8.087847709655762
2026-04-25 07:37:57.084568,2026-04-25 07:37:57.084568,8.105138778686523
2026-04-25 07:37:57.285105,2026-04-25 07:37:57.285105,8.119836807250977
2026-04-25 07:37:57.485854,2026-04-25 07:37:57.485854,8.132329940795898
2026-04-25 07:37:57.684552,2026-04-25 07:37:57.684552,8.142949104309082
2026-04-25 07:37:57.887414,2026-04-25 07:37:57.887414,8.151975631713867
2026-04-25 07:37:58.084841,2026-04-25 07:37:58.084841,8.159647941589355
2026-04-25 07:37:58.287316,2026-04-25 07:37:58.287316,8.341951370239258
2026-04-25 07:37:58.485583,2026-04-25 07:37:58.485583,8.496908187866211
2026-04-25 07:37:58.684922,2026-04-25 07:37:58.684922,8.628622055053711
2026-04-25 07:37:58.885753,2026-04-25 07:37:58.885753,8.916359901428223
2026-04-25 07:37:59.086090,2026-04-25 07:37:59.086090,8.985156059265137
2026-04-25 07:37:59.286911,2026-04-25 07:37:59.286911,9.39519500732422
2026-04-25 07:37:59.485538,2026-04-25 07:37:59.485538,9.743728637695312
2026-04-25 07:37:59.695506,2026-04-25 07:37:59.695506,9.864200592041016
2026-04-25 07:37:59.886502,2026-04-25 07:37:59.886502,10.318163871765137
2026-04-25 07:38:00.085317,2026-04-25 07:38:00.085317,10.52825164794922
2026-04-25 07:38:00.285106,2026-04-25 07:38:00.285106,10.706826210021973
2026-04-25 07:38:00.485458,2026-04-25 07:38:00.485458,11.210177421569824
2026-04-25 07:38:00.684825,2026-04-25 07:38:00.684825,11.813807487487791
2026-04-25 07:38:00.884945,2026-04-25 07:38:00.884945,12.326892852783203
2026-04-25 07:38:01.085452,2026-04-25 07:38:01.085452,12.411452293395996
2026-04-25 07:38:01.285279,2026-04-25 07:38:01.285279,12.834890365600586
2026-04-25 07:38:01.487453,2026-04-25 07:38:01.487453,13.19481372833252
2026-04-25 07:38:01.685325,2026-04-25 07:38:01.685325,13.676528930664062
2026-04-25 07:38:01.887645,2026-04-25 07:38:01.887645,13.910205841064451
2026-04-25 07:38:02.088578,2026-04-25 07:38:02.088578,14.108831405639648
2026-04-25 07:38:02.291211,2026-04-25 07:38:02.291211,14.10188102722168
2026-04-25 07:38:02.485034,2026-04-25 07:38:02.485034,14.09597396850586
2026-04-25 07:38:02.684577,2026-04-25 07:38:02.684577,14.09095287322998
2026-04-25 07:38:02.887445,2026-04-25 07:38:02.887445,13.910903930664062
2026-04-25 07:38:03.086906,2026-04-25 07:38:03.086906,13.933643341064451
2026-04-25 07:38:03.288180,2026-04-25 07:38:03.288180,13.95297145843506
2026-04-25 07:38:03.486294,2026-04-25 07:38:03.486294,13.969401359558104
2026-04-25 07:38:03.684925,2026-04-25 07:38:03.684925,14.862272262573242
2026-04-25 07:38:03.887589,2026-04-25 07:38:03.887589,14.91808795928955
2026-04-25 07:38:04.087300,2026-04-25 07:38:04.087300,14.965530395507812
2026-04-25 07:38:04.286868,2026-04-25 07:38:04.286868,15.005857467651367
2026-04-25 07:38:04.485646,2026-04-25 07:38:04.485646,15.040135383605955
2026-04-25 07:38:04.686985,2026-04-25 07:38:04.686985,16.651302337646484
2026-04-25 07:38:04.886309,2026-04-25 07:38:04.886309,17.845012664794922
2026-04-25 07:38:05.085967,2026-04-25 07:38:05.085967,19.03544807434082
2026-04-25 07:38:18.184549,2026-04-25 07:38:18.184549,20.047319412231445
2026-04-25 07:38:18.385140,2026-04-25 07:38:18.385140,21.43475151062012
2026-04-25 07:38:18.586540,2026-04-25 07:38:18.586540,22.614070892333984
2026-04-25 07:38:18.784804,2026-04-25 07:38:18.784804,23.440710067749023
2026-04-25 07:38:18.984980,2026-04-25 07:38:18.984980,24.319135665893555
2026-04-25 07:38:19.189756,2026-04-25 07:38:19.189756,25.0657958984375
2026-04-25 07:38:19.385381,2026-04-25 07:38:19.385381,25.700458526611328
2026-04-25 07:38:19.584852,2026-04-25 07:38:19.584852,26.239919662475582
2026-04-25 07:38:19.786408,2026-04-25 07:38:19.786408,26.698463439941406
2026-04-25 07:38:19.985524,2026-04-25 07:38:19.985524,27.088224411010746
2026-04-25 07:38:20.185490,2026-04-25 07:38:20.185490,27.419523239135746
2026-04-25 07:38:20.385123,2026-04-25 07:38:20.385123,27.70112609863281
2026-04-25 07:38:20.584805,2026-04-25 07:38:20.584805,27.940488815307617
2026-04-25 07:38:20.784563,2026-04-25 07:38:20.784563,28.143945693969727
2026-04-25 07:38:20.984680,2026-04-25 07:38:20.984680,28.31688499450684
2026-04-25 07:38:21.185147,2026-04-25 07:38:21.185147,28.46388435363769
2026-04-25 07:38:21.387237,2026-04-25 07:38:21.387237,28.58883285522461
2026-04-25 07:38:21.585929,2026-04-25 07:38:21.585929,28.695039749145508
2026-04-25 07:38:21.785775,2026-04-25 07:38:21.785775,28.785314559936523
2026-04-25 07:38:21.985203,2026-04-25 07:38:21.985203,28.862049102783203
2026-04-25 07:38:22.185946,2026-04-25 07:38:22.185946,28.92727279663086
2026-04-25 07:38:22.386157,2026-04-25 07:38:22.386157,28.98271369934082
2026-04-25 07:38:22.584702,2026-04-25 07:38:22.584702,29.02983665466309
2026-04-25 07:38:22.786177,2026-04-25 07:38:22.786177,29.06989288330078
2026-04-25 07:38:22.984569,2026-04-25 07:38:22.984569,29.10394096374512
2026-04-25 07:38:23.187453,2026-04-25 07:38:23.187453,29.13288116455078
2026-04-25 07:38:23.384881,2026-04-25 07:38:23.384881,29.157480239868164
2026-04-25 07:38:23.586413,2026-04-25 07:38:23.586413,29.17838859558105
2026-04-25 07:38:23.784511,2026-04-25 07:38:23.784511,29.1961612701416
2026-04-25 07:38:23.984806,2026-04-25 07:38:23.984806,29.21126937866211
2026-04-25 07:38:24.187457,2026-04-25 07:38:24.187457,29.224109649658203
2026-04-25 07:38:24.384524,2026-04-25 07:38:24.384524,29.23502540588379
2026-04-25 07:38:24.585662,2026-04-25 07:38:24.585662,29.24430274963379
2026-04-25 07:38:24.787730,2026-04-25 07:38:24.787730,29.25218772888184
2026-04-25 07:38:24.987070,2026-04-25 07:38:24.987070,29.25889015197754
2026-04-25 07:38:25.186482,2026-04-25 07:38:25.186482,29.264589309692383
2026-04-25 07:38:25.387005,2026-04-25 07:38:25.387005,29.269432067871094
2026-04-25 07:38:25.585231,2026-04-25 07:38:25.585231,29.273548126220703
2026-04-25 07:38:25.785639,2026-04-25 07:38:25.785639,29.27704620361328
2026-04-25 07:38:25.986431,2026-04-25 07:38:25.986431,29.28002166748047
2026-04-25 07:38:26.187150,2026-04-25 07:38:26.187150,29.282548904418945
2026-04-25 07:38:26.386242,2026-04-25 07:38:26.386242,29.284698486328125
2026-04-25 07:38:26.588936,2026-04-25 07:38:26.588936,29.286523818969727
2026-04-25 07:38:26.786362,2026-04-25 07:38:26.786362,29.11229515075684
2026-04-25 07:38:26.985258,2026-04-25 07:38:26.985258,29.139982223510746
2026-04-25 07:38:27.185595,2026-04-25 07:38:27.185595,28.987735748291016
2026-04-25 07:38:27.385986,2026-04-25 07:38:27.385986,28.858325958251957
2026-04-25 07:38:27.588258,2026-04-25 07:38:27.588258,28.748327255249023
2026-04-25 07:38:27.786040,2026-04-25 07:38:27.786040,28.65482711791992
2026-04-25 07:38:27.987316,2026-04-25 07:38:27.987316,28.575353622436523
2026-04-25 07:38:28.185084,2026-04-25 07:38:28.185084,28.507801055908203
2026-04-25 07:38:28.385509,2026-04-25 07:38:28.385509,28.450380325317383
2026-04-25 07:38:28.586956,2026-04-25 07:38:28.586956,28.401573181152344
2026-04-25 07:38:28.785487,2026-04-25 07:38:28.785487,28.36008644104004
2026-04-25 07:38:28.985301,2026-04-25 07:38:28.985301,28.3248233795166
2026-04-25 07:38:29.185290,2026-04-25 07:38:29.185290,28.294851303100582
2026-04-25 07:38:29.386425,2026-04-25 07:38:29.386425,28.26937294006348
2026-04-25 07:38:29.584810,2026-04-25 07:38:29.584810,28.247716903686523
2026-04-25 07:38:29.787839,2026-04-25 07:38:29.787839,28.22930908203125
2026-04-25 07:38:29.985719,2026-04-25 07:38:29.985719,28.03788185119629
2026-04-25 07:38:30.187939,2026-04-25 07:38:30.187939,27.875167846679688
2026-04-25 07:38:30.386612,2026-04-25 07:38:30.386612,27.736862182617188
2026-04-25 07:38:30.586776,2026-04-25 07:38:30.586776,27.61930084228516
2026-04-25 07:38:30.787963,2026-04-25 07:38:30.787963,27.51937484741211
2026-04-25 07:38:30.986853,2026-04-25 07:38:30.986853,27.434436798095703
2026-04-25 07:38:31.187147,2026-04-25 07:38:31.187147,27.362239837646484
2026-04-25 07:38:31.385926,2026-04-25 07:38:31.385926,27.30087280273437
2026-04-25 07:38:31.588072,2026-04-25 07:38:31.588072,27.24871063232422
2026-04-25 07:38:31.785144,2026-04-25 07:38:31.785144,27.20437240600586
2026-04-25 07:38:31.988797,2026-04-25 07:38:31.988797,27.16668510437012
2026-04-25 07:38:32.187801,2026-04-25 07:38:32.187801,27.13465118408203
2026-04-25 07:38:32.386193,2026-04-25 07:38:32.386193,27.107421875
2026-04-25 07:38:32.587896,2026-04-25 07:38:32.587896,27.084278106689453
