log_time,publish_time,data
2026-05-02 08:13:04.311746,2026-05-02 08:13:04.311746,115.33931732177734
2026-05-02 08:13:04.508977,2026-05-02 08:13:04.508977,115.08920288085938
2026-05-02 08:13:04.709446,2026-05-02 08:13:04.709446,114.87660217285156
2026-05-02 08:13:04.908883,2026-05-02 08:13:04.908883,114.69589233398438
2026-05-02 08:13:05.109292,2026-05-02 08:13:05.109292,114.54228973388672
2026-05-02 08:13:05.308908,2026-05-02 08:13:05.308908,114.41172790527344
2026-05-02 08:13:05.519258,2026-05-02 08:13:05.519258,114.30075073242188
2026-05-02 08:13:05.724525,2026-05-02 08:13:05.724525,114.2064208984375
2026-05-02 08:13:05.920695,2026-05-02 08:13:05.920695,114.12623596191406
2026-05-02 08:13:06.109597,2026-05-02 08:13:06.109597,114.0580825805664
2026-05-02 08:13:06.309960,2026-05-02 08:13:06.309960,114.00015258789062
2026-05-02 08:13:06.509190,2026-05-02 08:13:06.509190,113.95091247558594
2026-05-02 08:13:06.708770,2026-05-02 08:13:06.708770,113.9090576171875
2026-05-02 08:13:06.908948,2026-05-02 08:13:06.908948,113.87348175048828
2026-05-02 08:13:07.109753,2026-05-02 08:13:07.109753,113.8432388305664
2026-05-02 08:13:07.310453,2026-05-02 08:13:07.310453,113.81753540039062
2026-05-02 08:13:07.508854,2026-05-02 08:13:07.508854,113.79568481445312
2026-05-02 08:13:07.708746,2026-05-02 08:13:07.708746,113.77711486816406
2026-05-02 08:13:07.919077,2026-05-02 08:13:07.919077,113.7613296508789
2026-05-02 08:13:08.109100,2026-05-02 08:13:08.109100,113.74790954589844
2026-05-02 08:13:08.310713,2026-05-02 08:13:08.310713,113.73650360107422
2026-05-02 08:13:08.509971,2026-05-02 08:13:08.509971,113.726806640625
2026-05-02 08:13:08.709098,2026-05-02 08:13:08.709098,113.71856689453124
2026-05-02 08:13:08.909338,2026-05-02 08:13:08.909338,113.71156311035156
2026-05-02 08:13:09.108769,2026-05-02 08:13:09.108769,113.7056121826172
2026-05-02 08:13:09.308857,2026-05-02 08:13:09.308857,113.70055389404295
2026-05-02 08:13:09.508774,2026-05-02 08:13:09.508774,113.52046966552734
2026-05-02 08:13:09.713081,2026-05-02 08:13:09.713081,113.36740112304688
2026-05-02 08:13:09.909335,2026-05-02 08:13:09.909335,113.23728942871094
2026-05-02 08:13:10.110608,2026-05-02 08:13:10.110608,113.12669372558594
2026-05-02 08:13:10.313354,2026-05-02 08:13:10.313354,113.0326919555664
2026-05-02 08:13:10.510103,2026-05-02 08:13:10.510103,112.95278930664062
2026-05-02 08:13:10.708857,2026-05-02 08:13:10.708857,112.88487243652344
2026-05-02 08:13:10.909362,2026-05-02 08:13:10.909362,112.82714080810548
2026-05-02 08:13:11.113068,2026-05-02 08:13:11.113068,112.77806854248048
2026-05-02 08:13:11.309460,2026-05-02 08:13:11.309460,112.73635864257812
2026-05-02 08:13:11.510376,2026-05-02 08:13:11.510376,112.7009048461914
2026-05-02 08:13:11.708967,2026-05-02 08:13:11.708967,112.67076873779295
2026-05-02 08:13:11.908994,2026-05-02 08:13:11.908994,112.64515686035156
2026-05-02 08:13:12.109261,2026-05-02 08:13:12.109261,112.62338256835938
2026-05-02 08:13:12.310152,2026-05-02 08:13:12.310152,112.60487365722656
2026-05-02 08:13:12.508885,2026-05-02 08:13:12.508885,112.58914184570312
2026-05-02 08:13:12.709336,2026-05-02 08:13:12.709336,112.57576751708984
2026-05-02 08:13:12.910048,2026-05-02 08:13:12.910048,112.5644073486328
2026-05-02 08:13:13.110080,2026-05-02 08:13:13.110080,112.37895965576172
2026-05-02 08:13:13.309158,2026-05-02 08:13:13.309158,112.2213363647461
2026-05-02 08:13:13.518989,2026-05-02 08:13:13.518989,112.0873565673828
2026-05-02 08:13:13.708909,2026-05-02 08:13:13.708909,111.97347259521484
2026-05-02 08:13:13.910468,2026-05-02 08:13:13.910468,111.87667083740234
2026-05-02 08:13:14.109346,2026-05-02 08:13:14.109346,111.7943878173828
2026-05-02 08:13:14.310095,2026-05-02 08:13:14.310095,111.72444915771484
2026-05-02 08:13:27.408571,2026-05-02 08:13:27.408571,111.66500091552734
2026-05-02 08:13:27.619573,2026-05-02 08:13:27.619573,111.61447143554688
2026-05-02 08:13:27.810624,2026-05-02 08:13:27.810624,111.57151794433594
2026-05-02 08:13:28.019935,2026-05-02 08:13:28.019935,111.5350112915039
2026-05-02 08:13:28.209078,2026-05-02 08:13:28.209078,111.50397491455078
2026-05-02 08:13:28.409093,2026-05-02 08:13:28.409093,111.47760009765624
2026-05-02 08:13:28.609623,2026-05-02 08:13:28.609623,111.4551773071289
2026-05-02 08:13:28.819519,2026-05-02 08:13:28.819519,111.43611907958984
2026-05-02 08:13:29.011128,2026-05-02 08:13:29.011128,111.419921875
2026-05-02 08:13:29.218887,2026-05-02 08:13:29.218887,111.4061508178711
2026-05-02 08:13:29.419107,2026-05-02 08:13:29.419107,111.39444732666016
2026-05-02 08:13:29.619078,2026-05-02 08:13:29.619078,111.3844985961914
2026-05-02 08:13:29.822388,2026-05-02 08:13:29.822388,111.20026397705078
2026-05-02 08:13:30.010237,2026-05-02 08:13:30.010237,111.04366302490234
2026-05-02 08:13:30.220109,2026-05-02 08:13:30.220109,110.9105453491211
2026-05-02 08:13:30.419765,2026-05-02 08:13:30.419765,110.79740142822266
2026-05-02 08:13:30.620999,2026-05-02 08:13:30.620999,110.70123291015624
2026-05-02 08:13:30.819135,2026-05-02 08:13:30.819135,110.6194839477539
2026-05-02 08:13:31.018879,2026-05-02 08:13:31.018879,110.54999542236328
2026-05-02 08:13:31.209385,2026-05-02 08:13:31.209385,110.49093627929688
2026-05-02 08:13:31.410693,2026-05-02 08:13:31.410693,104.11260986328124
2026-05-02 08:13:31.609925,2026-05-02 08:13:31.609925,98.86681365966795
2026-05-02 08:13:31.819259,2026-05-02 08:13:31.819259,94.40788269042967
2026-05-02 08:13:32.019679,2026-05-02 08:13:32.019679,90.6177978515625
2026-05-02 08:13:32.219399,2026-05-02 08:13:32.219399,87.3962173461914
2026-05-02 08:13:32.419653,2026-05-02 08:13:32.419653,84.65788269042969
2026-05-02 08:13:32.609965,2026-05-02 08:13:32.609965,82.33029174804688
2026-05-02 08:13:32.819672,2026-05-02 08:13:32.819672,80.35184478759766
2026-05-02 08:13:33.019221,2026-05-02 08:13:33.019221,78.84593963623047
2026-05-02 08:13:33.218809,2026-05-02 08:13:33.218809,77.56592559814453
2026-05-02 08:13:33.420979,2026-05-02 08:13:33.420979,76.47791290283203
2026-05-02 08:13:33.610080,2026-05-02 08:13:33.610080,75.5531005859375
2026-05-02 08:13:33.811290,2026-05-02 08:13:33.811290,74.76700592041016
2026-05-02 08:13:34.018653,2026-05-02 08:13:34.018653,74.09883117675781
2026-05-02 08:13:34.220484,2026-05-02 08:13:34.220484,73.5308837890625
2026-05-02 08:13:34.410308,2026-05-02 08:13:34.410308,73.04812622070312
2026-05-02 08:13:34.620654,2026-05-02 08:13:34.620654,72.63777923583984
2026-05-02 08:13:34.808819,2026-05-02 08:13:34.808819,72.28898620605469
2026-05-02 08:13:35.008803,2026-05-02 08:13:35.008803,71.99251556396484
2026-05-02 08:13:35.220114,2026-05-02 08:13:35.220114,71.74051666259766
2026-05-02 08:13:35.418932,2026-05-02 08:13:35.418932,71.52631378173828
2026-05-02 08:13:35.609977,2026-05-02 08:13:35.609977,71.34423828125
2026-05-02 08:13:35.818773,2026-05-02 08:13:35.818773,71.1894760131836
2026-05-02 08:13:36.019110,2026-05-02 08:13:36.019110,71.05792999267578
2026-05-02 08:13:36.209630,2026-05-02 08:13:36.209630,70.94611358642578
2026-05-02 08:13:36.411625,2026-05-02 08:13:36.411625,70.85107421875
2026-05-02 08:13:36.610386,2026-05-02 08:13:36.610386,70.7702865600586
2026-05-02 08:13:36.819377,2026-05-02 08:13:36.819377,70.70162200927734
2026-05-02 08:13:37.019107,2026-05-02 08:13:37.019107,70.64324951171875
2026-05-02 08:13:37.219766,2026-05-02 08:13:37.219766,70.59363555908203
2026-05-02 08:13:37.410236,2026-05-02 08:13:37.410236,70.37568664550781
2026-05-02 08:13:37.620519,2026-05-02 08:13:37.620519,70.1904296875
2026-05-02 08:13:37.818819,2026-05-02 08:13:37.818819,79.525146484375
2026-05-02 08:13:38.019000,2026-05-02 08:13:38.019000,87.45965576171875
2026-05-02 08:13:38.218640,2026-05-02 08:13:38.218640,94.20398712158205
2026-05-02 08:13:38.419566,2026-05-02 08:13:38.419566,99.7608871459961
2026-05-02 08:13:38.622946,2026-05-02 08:13:38.622946,104.4842529296875
2026-05-02 08:13:38.818701,2026-05-02 08:13:38.818701,108.49911499023438
2026-05-02 08:13:39.018643,2026-05-02 08:13:39.018643,111.91175079345705
2026-05-02 08:13:39.219297,2026-05-02 08:13:39.219297,114.81248474121094
2026-05-02 08:13:39.419048,2026-05-02 08:13:39.419048,117.27811431884766
2026-05-02 08:13:39.619017,2026-05-02 08:13:39.619017,119.37389373779295
2026-05-02 08:13:39.818787,2026-05-02 08:13:39.818787,121.15531158447266
2026-05-02 08:13:40.018752,2026-05-02 08:13:40.018752,122.66951751708984
2026-05-02 08:13:40.218714,2026-05-02 08:13:40.218714,123.9565887451172
2026-05-02 08:13:40.418837,2026-05-02 08:13:40.418837,125.05059814453124
2026-05-02 08:13:40.620113,2026-05-02 08:13:40.620113,125.98050689697266
2026-05-02 08:13:40.819543,2026-05-02 08:13:40.819543,126.77093505859376
2026-05-02 08:13:41.018942,2026-05-02 08:13:41.018942,127.44279479980467
2026-05-02 08:13:41.218889,2026-05-02 08:13:41.218889,128.0138702392578
2026-05-02 08:13:41.419082,2026-05-02 08:13:41.419082,128.49929809570312
2026-05-02 08:13:41.618861,2026-05-02 08:13:41.618861,128.91189575195312
2026-05-02 08:13:41.819414,2026-05-02 08:13:41.819414,129.2626190185547
2026-05-02 08:13:42.021346,2026-05-02 08:13:42.021346,129.5607147216797
2026-05-02 08:13:42.218968,2026-05-02 08:13:42.218968,129.81411743164062
2026-05-02 08:13:42.418742,2026-05-02 08:13:42.418742,130.0294952392578
2026-05-02 08:13:42.618695,2026-05-02 08:13:42.618695,130.2125701904297
2026-05-02 08:13:42.818781,2026-05-02 08:13:42.818781,130.36817932128906
2026-05-02 08:13:43.019226,2026-05-02 08:13:43.019226,130.50045776367188
2026-05-02 08:13:43.219285,2026-05-02 08:13:43.219285,130.61288452148438
2026-05-02 08:13:43.408758,2026-05-02 08:13:43.408758,130.7084503173828
2026-05-02 08:13:43.622312,2026-05-02 08:13:43.622312,130.78968811035156
2026-05-02 08:13:43.809324,2026-05-02 08:13:43.809324,130.85873413085938
2026-05-02 08:13:44.018901,2026-05-02 08:13:44.018901,130.91741943359375
2026-05-02 08:13:44.208974,2026-05-02 08:13:44.208974,130.79153442382812
2026-05-02 08:13:44.409550,2026-05-02 08:13:44.409550,130.6845245361328
2026-05-02 08:13:44.619236,2026-05-02 08:13:44.619236,130.59356689453125
2026-05-02 08:13:44.822161,2026-05-02 08:13:44.822161,130.51625061035156
2026-05-02 08:13:45.021605,2026-05-02 08:13:45.021605,130.45053100585938
2026-05-02 08:13:45.219199,2026-05-02 08:13:45.219199,130.39466857910156
2026-05-02 08:13:45.419466,2026-05-02 08:13:45.419466,130.34718322753906
2026-05-02 08:13:45.619664,2026-05-02 08:13:45.619664,130.30682373046875
2026-05-02 08:13:45.818814,2026-05-02 08:13:45.818814,130.27252197265625
2026-05-02 08:13:46.020930,2026-05-02 08:13:46.020930,130.2433624267578
2026-05-02 08:13:46.219614,2026-05-02 08:13:46.219614,130.2185821533203
2026-05-02 08:13:46.420624,2026-05-02 08:13:46.420624,130.197509765625
2026-05-02 08:13:46.619278,2026-05-02 08:13:46.619278,130.17959594726562
2026-05-02 08:13:46.820803,2026-05-02 08:13:46.820803,130.1643829345703
2026-05-02 08:13:47.020864,2026-05-02 08:13:47.020864,130.1514434814453
2026-05-02 08:13:47.219666,2026-05-02 08:13:47.219666,130.14044189453125
2026-05-02 08:13:47.419578,2026-05-02 08:13:47.419578,130.131103515625
2026-05-02 08:13:47.621025,2026-05-02 08:13:47.621025,130.12315368652344
2026-05-02 08:13:47.818724,2026-05-02 08:13:47.818724,130.11639404296875
2026-05-02 08:13:48.020136,2026-05-02 08:13:48.020136,130.11065673828125
2026-05-02 08:13:48.219198,2026-05-02 08:13:48.219198,130.10577392578125
2026-05-02 08:13:48.423342,2026-05-02 08:13:48.423342,130.10162353515625
2026-05-02 08:13:48.620909,2026-05-02 08:13:48.620909,130.0980987548828
2026-05-02 08:13:48.820724,2026-05-02 08:13:48.820724,130.09510803222656
2026-05-02 08:13:49.020560,2026-05-02 08:13:49.020560,130.09255981445312
2026-05-02 08:13:49.220334,2026-05-02 08:13:49.220334,130.09039306640625
2026-05-02 08:13:49.421777,2026-05-02 08:13:49.421777,130.0885467529297
2026-05-02 08:13:49.620558,2026-05-02 08:13:49.620558,130.0869903564453
2026-05-02 08:13:49.820322,2026-05-02 08:13:49.820322,130.08566284179688
2026-05-02 08:13:50.021503,2026-05-02 08:13:50.021503,130.08453369140625
2026-05-02 08:13:50.220976,2026-05-02 08:13:50.220976,130.0835723876953
2026-05-02 08:13:50.420383,2026-05-02 08:13:50.420383,130.08274841308594
2026-05-02 08:13:50.618933,2026-05-02 08:13:50.618933,130.08206176757812
2026-05-02 08:13:50.818920,2026-05-02 08:13:50.818920,130.0814666748047
2026-05-02 08:13:51.020149,2026-05-02 08:13:51.020149,130.08096313476562
2026-05-02 08:13:51.218614,2026-05-02 08:13:51.218614,130.08053588867188
2026-05-02 08:13:51.418702,2026-05-02 08:13:51.418702,130.08018493652344
2026-05-02 08:13:51.619197,2026-05-02 08:13:51.619197,130.07986450195312
2026-05-02 08:13:51.818719,2026-05-02 08:13:51.818719,130.07960510253906
2026-05-02 08:13:52.018886,2026-05-02 08:13:52.018886,130.0793914794922
2026-05-02 08:13:52.219161,2026-05-02 08:13:52.219161,130.07919311523438
2026-05-02 08:13:52.419531,2026-05-02 08:13:52.419531,130.07904052734375
2026-05-02 08:13:52.619577,2026-05-02 08:13:52.619577,130.0789031982422
2026-05-02 08:14:05.720345,2026-05-02 08:14:05.720345,130.0787811279297
2026-05-02 08:14:05.919723,2026-05-02 08:14:05.919723,130.0786895751953
2026-05-02 08:14:06.119179,2026-05-02 08:14:06.119179,130.07859802246094
2026-05-02 08:14:06.320424,2026-05-02 08:14:06.320424,130.07852172851562
2026-05-02 08:14:06.520743,2026-05-02 08:14:06.520743,130.07847595214844
2026-05-02 08:14:06.720272,2026-05-02 08:14:06.720272,130.0784149169922
2026-05-02 08:14:06.919425,2026-05-02 08:14:06.919425,130.078369140625
2026-05-02 08:14:07.118721,2026-05-02 08:14:07.118721,130.07833862304688
2026-05-02 08:14:07.319054,2026-05-02 08:14:07.319054,130.07830810546875
2026-05-02 08:14:07.519962,2026-05-02 08:14:07.519962,130.07827758789062
2026-05-02 08:14:07.722987,2026-05-02 08:14:07.722987,130.0782470703125
2026-05-02 08:14:07.919523,2026-05-02 08:14:07.919523,130.25401306152344
2026-05-02 08:14:08.119041,2026-05-02 08:14:08.119041,130.40341186523438
2026-05-02 08:14:08.320702,2026-05-02 08:14:08.320702,130.5303955078125
2026-05-02 08:14:08.518933,2026-05-02 08:14:08.518933,130.63833618164062
2026-05-02 08:14:08.720753,2026-05-02 08:14:08.720753,130.73008728027344
2026-05-02 08:14:08.923762,2026-05-02 08:14:08.923762,130.80807495117188
2026-05-02 08:14:09.120803,2026-05-02 08:14:09.120803,130.87435913085938
2026-05-02 08:14:09.319227,2026-05-02 08:14:09.319227,130.9307098388672
2026-05-02 08:14:09.521976,2026-05-02 08:14:09.521976,131.15438842773438
2026-05-02 08:14:09.719284,2026-05-02 08:14:09.719284,131.34451293945312
2026-05-02 08:14:09.919613,2026-05-02 08:14:09.919613,131.50611877441406
2026-05-02 08:14:10.121000,2026-05-02 08:14:10.121000,131.6434783935547
2026-05-02 08:14:10.318685,2026-05-02 08:14:10.318685,131.76023864746094
2026-05-02 08:14:10.520515,2026-05-02 08:14:10.520515,131.85948181152344
2026-05-02 08:14:10.720024,2026-05-02 08:14:10.720024,131.94384765625
2026-05-02 08:14:10.918657,2026-05-02 08:14:10.918657,132.0155487060547
2026-05-02 08:14:11.118661,2026-05-02 08:14:11.118661,132.0764923095703
2026-05-02 08:14:11.319291,2026-05-02 08:14:11.319291,132.1282958984375
2026-05-02 08:14:11.519505,2026-05-02 08:14:11.519505,132.17233276367188
2026-05-02 08:14:11.719095,2026-05-02 08:14:11.719095,132.3855438232422
2026-05-02 08:14:11.918844,2026-05-02 08:14:11.918844,132.56678771972656
2026-05-02 08:14:12.121350,2026-05-02 08:14:12.121350,132.7208251953125
2026-05-02 08:14:12.321938,2026-05-02 08:14:12.321938,132.8517608642578
2026-05-02 08:14:12.519195,2026-05-02 08:14:12.519195,132.9630584716797
2026-05-02 08:14:12.719422,2026-05-02 08:14:12.719422,133.0576629638672
2026-05-02 08:14:12.919182,2026-05-02 08:14:12.919182,133.13807678222656
2026-05-02 08:14:13.118709,2026-05-02 08:14:13.118709,133.20643615722656
2026-05-02 08:14:13.318757,2026-05-02 08:14:13.318757,133.2645263671875
2026-05-02 08:14:13.523009,2026-05-02 08:14:13.523009,133.31390380859375
2026-05-02 08:14:13.718633,2026-05-02 08:14:13.718633,133.3558807373047
2026-05-02 08:14:13.919955,2026-05-02 08:14:13.919955,133.39157104492188
2026-05-02 08:14:14.119081,2026-05-02 08:14:14.119081,133.42189025878906
2026-05-02 08:14:14.319718,2026-05-02 08:14:14.319718,133.4476776123047
2026-05-02 08:14:14.520062,2026-05-02 08:14:14.520062,133.46958923339844
2026-05-02 08:14:14.719314,2026-05-02 08:14:14.719314,133.4882049560547
2026-05-02 08:14:14.918924,2026-05-02 08:14:14.918924,126.64857482910156
2026-05-02 08:14:15.122505,2026-05-02 08:14:15.122505,120.83487701416016
2026-05-02 08:14:15.319158,2026-05-02 08:14:15.319158,115.89324188232422
2026-05-02 08:14:15.520717,2026-05-02 08:14:15.520717,111.6928482055664
2026-05-02 08:14:15.719095,2026-05-02 08:14:15.719095,108.1225128173828
2026-05-02 08:14:15.919227,2026-05-02 08:14:15.919227,105.08773040771484
2026-05-02 08:14:16.120291,2026-05-02 08:14:16.120291,102.50816345214844
2026-05-02 08:14:16.318986,2026-05-02 08:14:16.318986,98.20616149902344
2026-05-02 08:14:16.521040,2026-05-02 08:14:16.521040,94.54945373535156
2026-05-02 08:14:16.718981,2026-05-02 08:14:16.718981,91.44125366210938
2026-05-02 08:14:16.918797,2026-05-02 08:14:16.918797,88.79928588867188
2026-05-02 08:14:17.123783,2026-05-02 08:14:17.123783,86.5536117553711
2026-05-02 08:14:17.319557,2026-05-02 08:14:17.319557,84.64479064941406
2026-05-02 08:14:17.519470,2026-05-02 08:14:17.519470,83.02228546142578
2026-05-02 08:14:17.718755,2026-05-02 08:14:17.718755,81.6431655883789
2026-05-02 08:14:17.918640,2026-05-02 08:14:17.918640,80.47090911865234
2026-05-02 08:14:18.119120,2026-05-02 08:14:18.119120,79.6502685546875
2026-05-02 08:14:18.321646,2026-05-02 08:14:18.321646,78.95272827148438
2026-05-02 08:14:18.519927,2026-05-02 08:14:18.519927,78.35982513427734
2026-05-02 08:14:18.718921,2026-05-02 08:14:18.718921,77.85585021972656
2026-05-02 08:14:18.918919,2026-05-02 08:14:18.918919,77.4274673461914
2026-05-02 08:14:19.120234,2026-05-02 08:14:19.120234,77.06334686279297
2026-05-02 08:14:19.320125,2026-05-02 08:14:19.320125,76.75384521484375
2026-05-02 08:14:19.519277,2026-05-02 08:14:19.519277,76.49076843261719
2026-05-02 08:14:19.720629,2026-05-02 08:14:19.720629,76.26715850830078
2026-05-02 08:14:19.918840,2026-05-02 08:14:19.918840,76.07707977294922
2026-05-02 08:14:20.119706,2026-05-02 08:14:20.119706,75.91551971435547
2026-05-02 08:14:20.319082,2026-05-02 08:14:20.319082,75.77819061279297
2026-05-02 08:14:20.518786,2026-05-02 08:14:20.518786,75.83724212646484
2026-05-02 08:14:20.718679,2026-05-02 08:14:20.718679,75.88743591308594
2026-05-02 08:14:20.918719,2026-05-02 08:14:20.918719,75.93010711669922
2026-05-02 08:14:21.119626,2026-05-02 08:14:21.119626,75.96636962890625
2026-05-02 08:14:21.319580,2026-05-02 08:14:21.319580,75.9971923828125
2026-05-02 08:14:21.519886,2026-05-02 08:14:21.519886,76.19918060302734
2026-05-02 08:14:21.718740,2026-05-02 08:14:21.718740,76.37086486816406
2026-05-02 08:14:21.918668,2026-05-02 08:14:21.918668,76.51679992675781
2026-05-02 08:14:22.119189,2026-05-02 08:14:22.119189,76.64083862304688
2026-05-02 08:14:22.320513,2026-05-02 08:14:22.320513,76.92205810546875
2026-05-02 08:14:22.518882,2026-05-02 08:14:22.518882,77.16109466552734
2026-05-02 08:14:22.718834,2026-05-02 08:14:22.718834,77.36427307128906
2026-05-02 08:14:22.919145,2026-05-02 08:14:22.919145,77.71275329589844
2026-05-02 08:14:23.118932,2026-05-02 08:14:23.118932,78.00896453857422
2026-05-02 08:14:23.319019,2026-05-02 08:14:23.319019,78.26074981689453
2026-05-02 08:14:23.519598,2026-05-02 08:14:23.519598,85.68179321289062
2026-05-02 08:14:23.718710,2026-05-02 08:14:23.718710,91.98967742919922
2026-05-02 08:14:23.920373,2026-05-02 08:14:23.920373,97.35138702392578
2026-05-02 08:14:24.118741,2026-05-02 08:14:24.118741,101.90882873535156
2026-05-02 08:14:24.318681,2026-05-02 08:14:24.318681,105.78266143798828
2026-05-02 08:14:24.521347,2026-05-02 08:14:24.521347,109.07542419433594
2026-05-02 08:14:24.718966,2026-05-02 08:14:24.718966,111.87425994873048
2026-05-02 08:14:24.918741,2026-05-02 08:14:24.918741,114.25328063964844
2026-05-02 08:14:25.118729,2026-05-02 08:14:25.118729,116.27544403076172
2026-05-02 08:14:25.318873,2026-05-02 08:14:25.318873,117.9942855834961
2026-05-02 08:14:25.521755,2026-05-02 08:14:25.521755,119.4552993774414
2026-05-02 08:14:25.720304,2026-05-02 08:14:25.720304,120.69715881347656
2026-05-02 08:14:25.920192,2026-05-02 08:14:25.920192,121.75273895263672
2026-05-02 08:14:26.119173,2026-05-02 08:14:26.119173,122.64998626708984
2026-05-02 08:14:26.319754,2026-05-02 08:14:26.319754,123.4126434326172
2026-05-02 08:14:26.519910,2026-05-02 08:14:26.519910,124.06090545654295
2026-05-02 08:14:26.718973,2026-05-02 08:14:26.718973,127.24864196777344
2026-05-02 08:14:26.919189,2026-05-02 08:14:26.919189,129.95822143554688
2026-05-02 08:14:27.118715,2026-05-02 08:14:27.118715,132.26136779785156
2026-05-02 08:14:27.319623,2026-05-02 08:14:27.319623,134.2190399169922
2026-05-02 08:14:27.520617,2026-05-02 08:14:27.520617,135.883056640625
2026-05-02 08:14:27.719472,2026-05-02 08:14:27.719472,137.29747009277344
2026-05-02 08:14:27.920643,2026-05-02 08:14:27.920643,138.49972534179688
2026-05-02 08:14:28.120223,2026-05-02 08:14:28.120223,139.52163696289062
2026-05-02 08:14:28.321927,2026-05-02 08:14:28.321927,140.39027404785156
2026-05-02 08:14:28.520518,2026-05-02 08:14:28.520518,141.12860107421875
2026-05-02 08:14:28.719620,2026-05-02 08:14:28.719620,141.75619506835938
2026-05-02 08:14:28.920232,2026-05-02 08:14:28.920232,142.28964233398438
2026-05-02 08:14:29.120035,2026-05-02 08:14:29.120035,142.74307250976562
2026-05-02 08:14:29.322198,2026-05-02 08:14:29.322198,143.12847900390625
2026-05-02 08:14:29.520499,2026-05-02 08:14:29.520499,143.63186645507812
2026-05-02 08:14:29.719015,2026-05-02 08:14:29.719015,144.0597381591797
2026-05-02 08:14:29.919574,2026-05-02 08:14:29.919574,144.42343139648438
2026-05-02 08:14:30.118911,2026-05-02 08:14:30.118911,144.73257446289062
2026-05-02 08:14:30.320220,2026-05-02 08:14:30.320220,144.99534606933594
2026-05-02 08:14:30.519377,2026-05-02 08:14:30.519377,145.2187042236328
2026-05-02 08:14:30.720598,2026-05-02 08:14:30.720598,145.40855407714844
2026-05-02 08:14:30.919023,2026-05-02 08:14:30.919023,145.56993103027344
2026-05-02 08:14:44.020257,2026-05-02 08:14:44.020257,145.70709228515625
2026-05-02 08:14:44.218962,2026-05-02 08:14:44.218962,145.8236846923828
2026-05-02 08:14:44.421199,2026-05-02 08:14:44.421199,145.92279052734375
2026-05-02 08:14:44.619846,2026-05-02 08:14:44.619846,146.0070343017578
2026-05-02 08:14:44.818939,2026-05-02 08:14:44.818939,146.25440979003906
2026-05-02 08:14:45.018794,2026-05-02 08:14:45.018794,146.46469116210938
2026-05-02 08:14:45.218657,2026-05-02 08:14:45.218657,146.64341735839844
2026-05-02 08:14:45.419105,2026-05-02 08:14:45.419105,146.79534912109375
2026-05-02 08:14:45.621419,2026-05-02 08:14:45.621419,137.4322967529297
2026-05-02 08:14:45.818889,2026-05-02 08:14:45.818889,129.64947509765625
2026-05-02 08:14:46.019891,2026-05-02 08:14:46.019891,123.03408813476562
2026-05-02 08:14:46.220925,2026-05-02 08:14:46.220925,117.4110107421875
2026-05-02 08:14:46.420894,2026-05-02 08:14:46.420894,112.63138580322266
2026-05-02 08:14:46.619292,2026-05-02 08:14:46.619292,108.56871032714844
2026-05-02 08:14:46.820539,2026-05-02 08:14:46.820539,105.1154327392578
2026-05-02 08:14:47.021158,2026-05-02 08:14:47.021158,102.1801528930664
2026-05-02 08:14:47.219133,2026-05-02 08:14:47.219133,99.6851577758789
2026-05-02 08:14:47.420153,2026-05-02 08:14:47.420153,97.56441497802734
2026-05-02 08:14:47.619007,2026-05-02 08:14:47.619007,95.76178741455078
2026-05-02 08:14:47.820169,2026-05-02 08:14:47.820169,94.22954559326172
2026-05-02 08:14:48.018813,2026-05-02 08:14:48.018813,92.9271469116211
2026-05-02 08:14:48.222419,2026-05-02 08:14:48.222419,91.82010650634766
2026-05-02 08:14:48.419213,2026-05-02 08:14:48.419213,90.87911987304688
2026-05-02 08:14:48.620405,2026-05-02 08:14:48.620405,90.07928466796876
2026-05-02 08:14:48.820765,2026-05-02 08:14:48.820765,89.39942169189453
2026-05-02 08:14:49.020544,2026-05-02 08:14:49.020544,88.64575958251953
2026-05-02 08:14:49.220631,2026-05-02 08:14:49.220631,88.0051498413086
2026-05-02 08:14:49.421441,2026-05-02 08:14:49.421441,87.46062469482422
2026-05-02 08:14:49.621058,2026-05-02 08:14:49.621058,86.9977798461914
2026-05-02 08:14:49.820182,2026-05-02 08:14:49.820182,86.60436248779297
2026-05-02 08:14:50.019452,2026-05-02 08:14:50.019452,86.26995849609375
2026-05-02 08:14:50.218779,2026-05-02 08:14:50.218779,85.9857177734375
2026-05-02 08:14:50.419088,2026-05-02 08:14:50.419088,85.74411010742188
2026-05-02 08:14:50.619592,2026-05-02 08:14:50.619592,85.53874206542969
2026-05-02 08:14:50.818731,2026-05-02 08:14:50.818731,85.36418151855469
2026-05-02 08:14:51.020429,2026-05-02 08:14:51.020429,85.21580505371094
2026-05-02 08:14:51.219785,2026-05-02 08:14:51.219785,85.08968353271484
2026-05-02 08:14:51.419322,2026-05-02 08:14:51.419322,84.98248291015625
2026-05-02 08:14:51.618667,2026-05-02 08:14:51.618667,84.891357421875
2026-05-02 08:14:51.819608,2026-05-02 08:14:51.819608,84.81390380859375
2026-05-02 08:14:52.022276,2026-05-02 08:14:52.022276,84.7480697631836
2026-05-02 08:14:52.220709,2026-05-02 08:14:52.220709,84.69210815429688
2026-05-02 08:14:52.420116,2026-05-02 08:14:52.420116,84.64453887939453
2026-05-02 08:14:52.621165,2026-05-02 08:14:52.621165,81.08848571777344
2026-05-02 08:14:52.822537,2026-05-02 08:14:52.822537,78.06584167480469
2026-05-02 08:14:53.018712,2026-05-02 08:14:53.018712,75.49658966064453
2026-05-02 08:14:53.219482,2026-05-02 08:14:53.219482,73.3127212524414
2026-05-02 08:14:53.418757,2026-05-02 08:14:53.418757,71.4564437866211
2026-05-02 08:14:53.619331,2026-05-02 08:14:53.619331,69.87860107421875
2026-05-02 08:14:53.818963,2026-05-02 08:14:53.818963,68.53743743896484
2026-05-02 08:14:54.019113,2026-05-02 08:14:54.019113,67.57322692871094
2026-05-02 08:14:54.219025,2026-05-02 08:14:54.219025,66.75364685058594
2026-05-02 08:14:54.419237,2026-05-02 08:14:54.419237,66.0570068359375
2026-05-02 08:14:54.618793,2026-05-02 08:14:54.618793,65.46485900878906
2026-05-02 08:14:54.818724,2026-05-02 08:14:54.818724,64.96154022216797
2026-05-02 08:14:55.019397,2026-05-02 08:14:55.019397,64.5337142944336
2026-05-02 08:14:55.225483,2026-05-02 08:14:55.225483,71.0255355834961
2026-05-02 08:14:55.419089,2026-05-02 08:14:55.419089,76.5435791015625
2026-05-02 08:14:55.618899,2026-05-02 08:14:55.618899,81.23391723632812
2026-05-02 08:14:55.818922,2026-05-02 08:14:55.818922,85.220703125
2026-05-02 08:14:56.019208,2026-05-02 08:14:56.019208,88.6094741821289
2026-05-02 08:14:56.219222,2026-05-02 08:14:56.219222,91.48992919921876
2026-05-02 08:14:56.418792,2026-05-02 08:14:56.418792,93.93831634521484
2026-05-02 08:14:56.618750,2026-05-02 08:14:56.618750,96.01943969726562
2026-05-02 08:14:56.819111,2026-05-02 08:14:56.819111,97.78839874267578
2026-05-02 08:14:57.019059,2026-05-02 08:14:57.019059,99.2920150756836
2026-05-02 08:14:57.218945,2026-05-02 08:14:57.218945,100.5700912475586
2026-05-02 08:14:57.418718,2026-05-02 08:14:57.418718,101.6564483642578
2026-05-02 08:14:57.619760,2026-05-02 08:14:57.619760,102.5798568725586
2026-05-02 08:14:57.818785,2026-05-02 08:14:57.818785,103.36475372314452
2026-05-02 08:14:58.019281,2026-05-02 08:14:58.019281,104.03191375732422
2026-05-02 08:14:58.219030,2026-05-02 08:14:58.219030,104.59900665283205
2026-05-02 08:14:58.420579,2026-05-02 08:14:58.420579,105.08102416992188
2026-05-02 08:14:58.619003,2026-05-02 08:14:58.619003,105.4907455444336
2026-05-02 08:14:58.819677,2026-05-02 08:14:58.819677,105.8390121459961
2026-05-02 08:14:59.019333,2026-05-02 08:14:59.019333,106.1350326538086
2026-05-02 08:14:59.219253,2026-05-02 08:14:59.219253,106.38665771484376
2026-05-02 08:14:59.419535,2026-05-02 08:14:59.419535,106.77631378173828
2026-05-02 08:14:59.618836,2026-05-02 08:14:59.618836,107.1075210571289
2026-05-02 08:14:59.818713,2026-05-02 08:14:59.818713,107.38905334472656
2026-05-02 08:15:00.019049,2026-05-02 08:15:00.019049,107.62834930419922
2026-05-02 08:15:00.218755,2026-05-02 08:15:00.218755,107.83174896240234
2026-05-02 08:15:00.419779,2026-05-02 08:15:00.419779,108.00464630126952
2026-05-02 08:15:00.619201,2026-05-02 08:15:00.619201,108.15160369873048
2026-05-02 08:15:00.819491,2026-05-02 08:15:00.819491,108.27651977539062
2026-05-02 08:15:01.019164,2026-05-02 08:15:01.019164,108.38269805908205
2026-05-02 08:15:01.222709,2026-05-02 08:15:01.222709,108.47295379638672
2026-05-02 08:15:01.419199,2026-05-02 08:15:01.419199,108.54966735839844
2026-05-02 08:15:01.619463,2026-05-02 08:15:01.619463,108.6148681640625
2026-05-02 08:15:01.819104,2026-05-02 08:15:01.819104,108.67029571533205
2026-05-02 08:15:02.018695,2026-05-02 08:15:02.018695,108.7174072265625
2026-05-02 08:15:02.218636,2026-05-02 08:15:02.218636,108.93323516845705
2026-05-02 08:15:02.418960,2026-05-02 08:15:02.418960,109.11668395996094
2026-05-02 08:15:02.619096,2026-05-02 08:15:02.619096,109.27262115478516
2026-05-02 08:15:02.819338,2026-05-02 08:15:02.819338,109.40516662597656
2026-05-02 08:15:03.019424,2026-05-02 08:15:03.019424,109.51782989501952
2026-05-02 08:15:03.219242,2026-05-02 08:15:03.219242,109.61359405517578
2026-05-02 08:15:03.419005,2026-05-02 08:15:03.419005,109.69499206542967
2026-05-02 08:15:03.619878,2026-05-02 08:15:03.619878,109.76417541503906
2026-05-02 08:15:03.819230,2026-05-02 08:15:03.819230,109.82299041748048
2026-05-02 08:15:04.020141,2026-05-02 08:15:04.020141,109.87297821044922
2026-05-02 08:15:04.219362,2026-05-02 08:15:04.219362,109.91546630859376
2026-05-02 08:15:04.419466,2026-05-02 08:15:04.419466,110.12736511230467
2026-05-02 08:15:04.618848,2026-05-02 08:15:04.618848,110.30747985839844
2026-05-02 08:15:04.820738,2026-05-02 08:15:04.820738,110.46057891845705
2026-05-02 08:15:05.019188,2026-05-02 08:15:05.019188,110.59071350097656
2026-05-02 08:15:05.218696,2026-05-02 08:15:05.218696,110.70132446289062
2026-05-02 08:15:05.418790,2026-05-02 08:15:05.418790,110.79534149169922
2026-05-02 08:15:05.619144,2026-05-02 08:15:05.619144,110.87525939941406
2026-05-02 08:15:05.820239,2026-05-02 08:15:05.820239,110.94319152832033
2026-05-02 08:15:06.019475,2026-05-02 08:15:06.019475,111.1767120361328
2026-05-02 08:15:06.219097,2026-05-02 08:15:06.219097,111.37520599365234
2026-05-02 08:15:06.418740,2026-05-02 08:15:06.418740,111.5439224243164
2026-05-02 08:15:06.621018,2026-05-02 08:15:06.621018,111.68733215332033
2026-05-02 08:15:06.819696,2026-05-02 08:15:06.819696,111.80923461914062
2026-05-02 08:15:07.025754,2026-05-02 08:15:07.025754,112.08863067626952
2026-05-02 08:15:07.221895,2026-05-02 08:15:07.221895,112.32611846923828
2026-05-02 08:15:07.420362,2026-05-02 08:15:07.420362,112.52798461914062
2026-05-02 08:15:07.619541,2026-05-02 08:15:07.619541,112.6995620727539
2026-05-02 08:15:07.820773,2026-05-02 08:15:07.820773,112.8454132080078
2026-05-02 08:15:08.019295,2026-05-02 08:15:08.019295,106.4654769897461
2026-05-02 08:15:08.221229,2026-05-02 08:15:08.221229,101.0425262451172
2026-05-02 08:15:08.420386,2026-05-02 08:15:08.420386,96.43302154541016
2026-05-02 08:15:08.620007,2026-05-02 08:15:08.620007,92.51494598388672
2026-05-02 08:15:08.821584,2026-05-02 08:15:08.821584,89.18457794189453
2026-05-02 08:15:09.019963,2026-05-02 08:15:09.019963,86.35376739501953
2026-05-02 08:15:09.219589,2026-05-02 08:15:09.219589,83.94757843017578
2026-05-02 08:15:22.320313,2026-05-02 08:15:22.320313,81.90231323242188
2026-05-02 08:15:22.519395,2026-05-02 08:15:22.519395,80.1638412475586
2026-05-02 08:15:22.718685,2026-05-02 08:15:22.718685,78.68614196777344
2026-05-02 08:15:22.918892,2026-05-02 08:15:22.918892,77.43009185791016
2026-05-02 08:15:23.118998,2026-05-02 08:15:23.118998,76.36245727539062
2026-05-02 08:15:23.319302,2026-05-02 08:15:23.319302,75.45496368408203
2026-05-02 08:15:23.519155,2026-05-02 08:15:23.519155,74.68359375
2026-05-02 08:15:23.720073,2026-05-02 08:15:23.720073,74.0279312133789
2026-05-02 08:15:23.919164,2026-05-02 08:15:23.919164,73.47061157226562
2026-05-02 08:15:24.119537,2026-05-02 08:15:24.119537,72.99689483642578
2026-05-02 08:15:24.320117,2026-05-02 08:15:24.320117,72.59423828125
2026-05-02 08:15:24.519135,2026-05-02 08:15:24.519135,72.2519760131836
2026-05-02 08:15:24.720590,2026-05-02 08:15:24.720590,71.96105194091797
2026-05-02 08:15:24.918846,2026-05-02 08:15:24.918846,71.71377563476562
2026-05-02 08:15:25.119813,2026-05-02 08:15:25.119813,71.50357818603516
2026-05-02 08:15:25.320326,2026-05-02 08:15:25.320326,71.32492065429688
2026-05-02 08:15:25.519460,2026-05-02 08:15:25.519460,70.99727630615234
2026-05-02 08:15:25.719287,2026-05-02 08:15:25.719287,70.71878051757812
2026-05-02 08:15:25.919568,2026-05-02 08:15:25.919568,70.4820556640625
2026-05-02 08:15:26.118796,2026-05-02 08:15:26.118796,70.28083801269531
2026-05-02 08:15:26.319140,2026-05-02 08:15:26.319140,70.10980987548828
2026-05-02 08:15:26.520155,2026-05-02 08:15:26.520155,69.96443176269531
2026-05-02 08:15:26.720793,2026-05-02 08:15:26.720793,69.84085845947266
2026-05-02 08:15:26.921179,2026-05-02 08:15:26.921179,69.73582458496094
2026-05-02 08:15:27.120406,2026-05-02 08:15:27.120406,69.64654541015625
2026-05-02 08:15:27.320019,2026-05-02 08:15:27.320019,69.5706558227539
2026-05-02 08:15:27.519381,2026-05-02 08:15:27.519381,69.33036804199219
2026-05-02 08:15:27.719771,2026-05-02 08:15:27.719771,69.12612915039062
2026-05-02 08:15:27.919641,2026-05-02 08:15:27.919641,68.95252227783203
2026-05-02 08:15:28.120024,2026-05-02 08:15:28.120024,68.8049545288086
2026-05-02 08:15:28.320552,2026-05-02 08:15:28.320552,68.67952728271484
2026-05-02 08:15:28.519175,2026-05-02 08:15:28.519175,68.57290649414062
2026-05-02 08:15:28.719804,2026-05-02 08:15:28.719804,68.48228454589844
2026-05-02 08:15:28.922672,2026-05-02 08:15:28.922672,68.40525817871094
2026-05-02 08:15:29.120776,2026-05-02 08:15:29.120776,68.33977508544922
2026-05-02 08:15:29.319700,2026-05-02 08:15:29.319700,68.28412628173828
2026-05-02 08:15:29.519310,2026-05-02 08:15:29.519310,68.23681640625
2026-05-02 08:15:29.720911,2026-05-02 08:15:29.720911,68.19660949707031
2026-05-02 08:15:29.920069,2026-05-02 08:15:29.920069,68.16242980957031
2026-05-02 08:15:30.118984,2026-05-02 08:15:30.118984,67.95759582519531
2026-05-02 08:15:30.319500,2026-05-02 08:15:30.319500,67.78348541259766
2026-05-02 08:15:30.520052,2026-05-02 08:15:30.520052,67.635498046875
2026-05-02 08:15:30.720129,2026-05-02 08:15:30.720129,78.05657958984375
2026-05-02 08:15:30.921640,2026-05-02 08:15:30.921640,86.91449737548828
2026-05-02 08:15:31.121050,2026-05-02 08:15:31.121050,94.4437255859375
2026-05-02 08:15:31.320805,2026-05-02 08:15:31.320805,100.84357452392578
2026-05-02 08:15:31.522274,2026-05-02 08:15:31.522274,106.283447265625
2026-05-02 08:15:31.720371,2026-05-02 08:15:31.720371,110.90733337402344
2026-05-02 08:15:31.919094,2026-05-02 08:15:31.919094,114.83763885498048
2026-05-02 08:15:32.119023,2026-05-02 08:15:32.119023,118.17839813232422
2026-05-02 08:15:32.321256,2026-05-02 08:15:32.321256,121.0180435180664
2026-05-02 08:15:32.518925,2026-05-02 08:15:32.518925,123.43174743652344
2026-05-02 08:15:32.718754,2026-05-02 08:15:32.718754,125.48339080810548
2026-05-02 08:15:32.919094,2026-05-02 08:15:32.919094,127.22728729248048
2026-05-02 08:15:33.121143,2026-05-02 08:15:33.121143,128.7095947265625
2026-05-02 08:15:33.320173,2026-05-02 08:15:33.320173,129.96957397460938
2026-05-02 08:15:33.520670,2026-05-02 08:15:33.520670,131.04054260253906
2026-05-02 08:15:33.718774,2026-05-02 08:15:33.718774,131.95086669921875
2026-05-02 08:15:33.920186,2026-05-02 08:15:33.920186,132.72463989257812
2026-05-02 08:15:34.119159,2026-05-02 08:15:34.119159,133.38235473632812
2026-05-02 08:15:34.320106,2026-05-02 08:15:34.320106,133.94140625
2026-05-02 08:15:34.520281,2026-05-02 08:15:34.520281,134.41659545898438
2026-05-02 08:15:34.719290,2026-05-02 08:15:34.719290,134.8205108642578
2026-05-02 08:15:34.920179,2026-05-02 08:15:34.920179,127.25369262695312
2026-05-02 08:15:35.119213,2026-05-02 08:15:35.119213,120.82188415527344
2026-05-02 08:15:35.318724,2026-05-02 08:15:35.318724,115.35485076904295
2026-05-02 08:15:35.519624,2026-05-02 08:15:35.519624,110.70787811279295
2026-05-02 08:15:35.718699,2026-05-02 08:15:35.718699,106.75794219970705
2026-05-02 08:15:35.919668,2026-05-02 08:15:35.919668,103.40050506591795
2026-05-02 08:15:36.119219,2026-05-02 08:15:36.119219,100.5466766357422
2026-05-02 08:15:36.319492,2026-05-02 08:15:36.319492,98.29670715332033
2026-05-02 08:15:36.521027,2026-05-02 08:15:36.521027,96.3842315673828
2026-05-02 08:15:36.719126,2026-05-02 08:15:36.719126,94.75862884521484
2026-05-02 08:15:36.919342,2026-05-02 08:15:36.919342,93.37686157226562
2026-05-02 08:15:37.120504,2026-05-02 08:15:37.120504,92.2023696899414
2026-05-02 08:15:37.318679,2026-05-02 08:15:37.318679,91.20404052734376
2026-05-02 08:15:37.519209,2026-05-02 08:15:37.519209,90.35546875
2026-05-02 08:15:37.719683,2026-05-02 08:15:37.719683,89.6341781616211
2026-05-02 08:15:37.919262,2026-05-02 08:15:37.919262,89.02108001708984
2026-05-02 08:15:38.118786,2026-05-02 08:15:38.118786,88.49995422363281
2026-05-02 08:15:38.319317,2026-05-02 08:15:38.319317,88.05699157714844
2026-05-02 08:15:38.518870,2026-05-02 08:15:38.518870,87.68047332763672
2026-05-02 08:15:38.719141,2026-05-02 08:15:38.719141,87.53621673583984
2026-05-02 08:15:38.922205,2026-05-02 08:15:38.922205,89.5229721069336
2026-05-02 08:15:39.118918,2026-05-02 08:15:39.118918,91.2117156982422
2026-05-02 08:15:39.318806,2026-05-02 08:15:39.318806,92.64714050292967
2026-05-02 08:15:39.519475,2026-05-02 08:15:39.519475,93.86725616455078
2026-05-02 08:15:39.718851,2026-05-02 08:15:39.718851,94.90435791015624
2026-05-02 08:15:39.919324,2026-05-02 08:15:39.919324,99.828857421875
2026-05-02 08:15:40.119136,2026-05-02 08:15:40.119136,104.01468658447266
2026-05-02 08:15:40.319184,2026-05-02 08:15:40.319184,107.57263946533205
2026-05-02 08:15:40.519161,2026-05-02 08:15:40.519161,110.5969009399414
2026-05-02 08:15:40.718647,2026-05-02 08:15:40.718647,113.16751861572266
2026-05-02 08:15:40.919992,2026-05-02 08:15:40.919992,115.35254669189452
2026-05-02 08:15:41.120291,2026-05-02 08:15:41.120291,117.20982360839844
2026-05-02 08:15:41.318686,2026-05-02 08:15:41.318686,118.78850555419922
2026-05-02 08:15:41.520390,2026-05-02 08:15:41.520390,120.13038635253906
2026-05-02 08:15:41.719359,2026-05-02 08:15:41.719359,121.27098846435548
2026-05-02 08:15:41.919029,2026-05-02 08:15:41.919029,122.24049377441406
2026-05-02 08:15:42.118745,2026-05-02 08:15:42.118745,123.0645751953125
2026-05-02 08:15:42.319246,2026-05-02 08:15:42.319246,123.76504516601562
2026-05-02 08:15:42.519741,2026-05-02 08:15:42.519741,124.36044311523438
2026-05-02 08:15:42.718776,2026-05-02 08:15:42.718776,124.86653137207033
2026-05-02 08:15:42.918697,2026-05-02 08:15:42.918697,125.29670715332033
2026-05-02 08:15:43.119149,2026-05-02 08:15:43.119149,125.66236114501952
2026-05-02 08:15:43.319265,2026-05-02 08:15:43.319265,125.97315979003906
2026-05-02 08:15:43.519685,2026-05-02 08:15:43.519685,126.23734283447266
2026-05-02 08:15:43.719313,2026-05-02 08:15:43.719313,126.46189880371094
2026-05-02 08:15:43.919863,2026-05-02 08:15:43.919863,126.65277099609376
2026-05-02 08:15:44.119282,2026-05-02 08:15:44.119282,126.81501007080078
2026-05-02 08:15:44.318815,2026-05-02 08:15:44.318815,126.95291900634766
2026-05-02 08:15:44.522677,2026-05-02 08:15:44.522677,127.07013702392578
2026-05-02 08:15:44.719222,2026-05-02 08:15:44.719222,127.16976928710938
2026-05-02 08:15:44.920834,2026-05-02 08:15:44.920834,127.25446319580078
2026-05-02 08:15:45.119361,2026-05-02 08:15:45.119361,127.32644653320312
2026-05-02 08:15:45.319194,2026-05-02 08:15:45.319194,127.38763427734376
2026-05-02 08:15:45.519348,2026-05-02 08:15:45.519348,127.4396514892578
2026-05-02 08:15:45.720652,2026-05-02 08:15:45.720652,127.48385620117188
2026-05-02 08:15:45.919164,2026-05-02 08:15:45.919164,127.52143096923828
2026-05-02 08:15:46.120148,2026-05-02 08:15:46.120148,127.55337524414062
2026-05-02 08:15:46.321144,2026-05-02 08:15:46.321144,127.58052825927734
2026-05-02 08:15:46.520884,2026-05-02 08:15:46.520884,127.60359954833984
2026-05-02 08:15:46.719775,2026-05-02 08:15:46.719775,127.62322235107422
2026-05-02 08:15:46.921835,2026-05-02 08:15:46.921835,127.639892578125
2026-05-02 08:15:47.118664,2026-05-02 08:15:47.118664,127.65406799316406
2026-05-02 08:15:47.320840,2026-05-02 08:15:47.320840,127.6661148071289
2026-05-02 08:15:47.520670,2026-05-02 08:15:47.520670,127.67635345458984
2026-05-02 08:16:00.618725,2026-05-02 08:16:00.618725,127.68505096435548
2026-05-02 08:16:00.819068,2026-05-02 08:16:00.819068,127.69245147705078
2026-05-02 08:16:01.019865,2026-05-02 08:16:01.019865,127.69873809814452
2026-05-02 08:16:01.219838,2026-05-02 08:16:01.219838,127.70408630371094
2026-05-02 08:16:01.419630,2026-05-02 08:16:01.419630,127.70862579345705
2026-05-02 08:16:01.619668,2026-05-02 08:16:01.619668,127.71249389648438
2026-05-02 08:16:01.819163,2026-05-02 08:16:01.819163,127.7157745361328
2026-05-02 08:16:02.019307,2026-05-02 08:16:02.019307,127.71856689453124
2026-05-02 08:16:02.218792,2026-05-02 08:16:02.218792,127.72093200683594
2026-05-02 08:16:02.418710,2026-05-02 08:16:02.418710,127.72295379638672
2026-05-02 08:16:02.619009,2026-05-02 08:16:02.619009,127.72466278076172
2026-05-02 08:16:02.818768,2026-05-02 08:16:02.818768,127.7261199951172
2026-05-02 08:16:03.020769,2026-05-02 08:16:03.020769,127.72735595703124
2026-05-02 08:16:03.219608,2026-05-02 08:16:03.219608,127.72840881347656
2026-05-02 08:16:03.419870,2026-05-02 08:16:03.419870,127.72930908203124
2026-05-02 08:16:03.619130,2026-05-02 08:16:03.619130,127.73006439208984
2026-05-02 08:16:03.818876,2026-05-02 08:16:03.818876,127.730712890625
2026-05-02 08:16:04.019205,2026-05-02 08:16:04.019205,127.73126220703124
2026-05-02 08:16:04.220862,2026-05-02 08:16:04.220862,127.73172760009766
2026-05-02 08:16:04.421681,2026-05-02 08:16:04.421681,127.73212432861328
2026-05-02 08:16:04.619489,2026-05-02 08:16:04.619489,127.73246002197266
2026-05-02 08:16:04.819212,2026-05-02 08:16:04.819212,127.73274993896484
2026-05-02 08:16:05.019098,2026-05-02 08:16:05.019098,127.73299407958984
2026-05-02 08:16:05.219184,2026-05-02 08:16:05.219184,127.7332000732422
2026-05-02 08:16:05.420432,2026-05-02 08:16:05.420432,127.7333755493164
2026-05-02 08:16:05.621040,2026-05-02 08:16:05.621040,127.73352813720705
2026-05-02 08:16:05.820265,2026-05-02 08:16:05.820265,127.73365783691406
2026-05-02 08:16:06.019708,2026-05-02 08:16:06.019708,127.7337646484375
2026-05-02 08:16:06.219938,2026-05-02 08:16:06.219938,127.73385620117188
2026-05-02 08:16:06.420962,2026-05-02 08:16:06.420962,127.7339324951172
2026-05-02 08:16:06.618715,2026-05-02 08:16:06.618715,127.73400115966795
2026-05-02 08:16:06.819686,2026-05-02 08:16:06.819686,127.73405456542967
2026-05-02 08:16:07.020310,2026-05-02 08:16:07.020310,127.73410034179688
2026-05-02 08:16:07.220042,2026-05-02 08:16:07.220042,127.73414611816406
2026-05-02 08:16:07.420623,2026-05-02 08:16:07.420623,127.7341766357422
2026-05-02 08:16:07.620323,2026-05-02 08:16:07.620323,127.73420715332033
2026-05-02 08:16:07.818820,2026-05-02 08:16:07.818820,127.7342300415039
2026-05-02 08:16:08.019761,2026-05-02 08:16:08.019761,127.7342529296875
2026-05-02 08:16:08.220109,2026-05-02 08:16:08.220109,127.7342758178711
2026-05-02 08:16:08.420331,2026-05-02 08:16:08.420331,127.73429107666016
2026-05-02 08:16:08.620436,2026-05-02 08:16:08.620436,127.73429870605467
2026-05-02 08:16:08.820575,2026-05-02 08:16:08.820575,127.73431396484376
2026-05-02 08:16:09.020456,2026-05-02 08:16:09.020456,127.73432159423828
2026-05-02 08:16:09.221727,2026-05-02 08:16:09.221727,127.7343292236328
2026-05-02 08:16:09.421401,2026-05-02 08:16:09.421401,127.73433685302734
2026-05-02 08:16:09.619949,2026-05-02 08:16:09.619949,127.73434448242188
2026-05-02 08:16:09.821368,2026-05-02 08:16:09.821368,127.73434448242188
2026-05-02 08:16:10.020070,2026-05-02 08:16:10.020070,127.7343521118164
2026-05-02 08:16:10.225662,2026-05-02 08:16:10.225662,127.7343521118164
2026-05-02 08:16:10.420094,2026-05-02 08:16:10.420094,127.73435974121094
2026-05-02 08:16:10.620735,2026-05-02 08:16:10.620735,127.73435974121094
2026-05-02 08:16:10.819873,2026-05-02 08:16:10.819873,127.73435974121094
2026-05-02 08:16:11.018750,2026-05-02 08:16:11.018750,127.73436737060548
2026-05-02 08:16:11.219136,2026-05-02 08:16:11.219136,127.73436737060548
2026-05-02 08:16:11.418926,2026-05-02 08:16:11.418926,127.73436737060548
2026-05-02 08:16:11.619140,2026-05-02 08:16:11.619140,127.73436737060548
2026-05-02 08:16:11.819266,2026-05-02 08:16:11.819266,127.73436737060548
2026-05-02 08:16:12.019419,2026-05-02 08:16:12.019419,127.55858612060548
2026-05-02 08:16:12.219814,2026-05-02 08:16:12.219814,127.40917205810548
2026-05-02 08:16:12.418952,2026-05-02 08:16:12.418952,127.28217315673828
2026-05-02 08:16:12.618763,2026-05-02 08:16:12.618763,127.17422485351562
2026-05-02 08:16:12.819056,2026-05-02 08:16:12.819056,127.08246612548828
2026-05-02 08:16:13.022378,2026-05-02 08:16:13.022378,127.00447082519533
2026-05-02 08:16:13.219287,2026-05-02 08:16:13.219287,126.93817138671876
2026-05-02 08:16:13.418850,2026-05-02 08:16:13.418850,126.88182067871094
2026-05-02 08:16:13.619888,2026-05-02 08:16:13.619888,126.83392333984376
2026-05-02 08:16:13.823103,2026-05-02 08:16:13.823103,120.289306640625
2026-05-02 08:16:14.019459,2026-05-02 08:16:14.019459,114.72637939453124
2026-05-02 08:16:14.219101,2026-05-02 08:16:14.219101,109.99788665771484
2026-05-02 08:16:14.418885,2026-05-02 08:16:14.418885,102.99039459228516
2026-05-02 08:16:14.618921,2026-05-02 08:16:14.618921,97.03401947021484
2026-05-02 08:16:14.819997,2026-05-02 08:16:14.819997,91.97110748291016
2026-05-02 08:16:15.019917,2026-05-02 08:16:15.019917,87.6676254272461
2026-05-02 08:16:15.220806,2026-05-02 08:16:15.220806,84.00967407226562
2026-05-02 08:16:15.421698,2026-05-02 08:16:15.421698,80.90040588378906
2026-05-02 08:16:15.619173,2026-05-02 08:16:15.619173,78.25753784179688
2026-05-02 08:16:15.818922,2026-05-02 08:16:15.818922,76.01109313964844
2026-05-02 08:16:16.019126,2026-05-02 08:16:16.019126,74.27739715576172
2026-05-02 08:16:16.218943,2026-05-02 08:16:16.218943,72.80375671386719
2026-05-02 08:16:16.418964,2026-05-02 08:16:16.418964,71.55116271972656
2026-05-02 08:16:16.618652,2026-05-02 08:16:16.618652,70.48645782470703
2026-05-02 08:16:16.818777,2026-05-02 08:16:16.818777,69.58145904541016
2026-05-02 08:16:17.019326,2026-05-02 08:16:17.019326,68.81221008300781
2026-05-02 08:16:17.219089,2026-05-02 08:16:17.219089,68.1583480834961
2026-05-02 08:16:17.418869,2026-05-02 08:16:17.418869,67.6025619506836
2026-05-02 08:16:17.619823,2026-05-02 08:16:17.619823,67.13014221191406
2026-05-02 08:16:17.819649,2026-05-02 08:16:17.819649,66.72859191894531
2026-05-02 08:16:18.019122,2026-05-02 08:16:18.019122,66.38727569580078
2026-05-02 08:16:18.219012,2026-05-02 08:16:18.219012,66.09715270996094
2026-05-02 08:16:18.418762,2026-05-02 08:16:18.418762,65.85054779052734
2026-05-02 08:16:18.620614,2026-05-02 08:16:18.620614,65.64093017578125
2026-05-02 08:16:18.818857,2026-05-02 08:16:18.818857,65.46276092529297
2026-05-02 08:16:19.019329,2026-05-02 08:16:19.019329,65.31131744384766
2026-05-02 08:16:19.218826,2026-05-02 08:16:19.218826,65.18258666992188
2026-05-02 08:16:19.418862,2026-05-02 08:16:19.418862,65.07316589355469
2026-05-02 08:16:19.618783,2026-05-02 08:16:19.618783,64.98016357421875
2026-05-02 08:16:19.819194,2026-05-02 08:16:19.819194,64.90110778808594
2026-05-02 08:16:20.020061,2026-05-02 08:16:20.020061,65.00968933105469
2026-05-02 08:16:20.219056,2026-05-02 08:16:20.219056,65.10198974609375
2026-05-02 08:16:20.419294,2026-05-02 08:16:20.419294,65.18043518066406
2026-05-02 08:16:20.618842,2026-05-02 08:16:20.618842,65.24712371826172
2026-05-02 08:16:20.820059,2026-05-02 08:16:20.820059,65.30380249023438
2026-05-02 08:16:21.019122,2026-05-02 08:16:21.019122,65.35198211669922
2026-05-02 08:16:21.219147,2026-05-02 08:16:21.219147,65.39293670654297
2026-05-02 08:16:21.419460,2026-05-02 08:16:21.419460,65.42774963378906
2026-05-02 08:16:21.619291,2026-05-02 08:16:21.619291,65.45733642578125
2026-05-02 08:16:21.819461,2026-05-02 08:16:21.819461,65.48248291015625
2026-05-02 08:16:22.018813,2026-05-02 08:16:22.018813,65.50386047363281
2026-05-02 08:16:22.219018,2026-05-02 08:16:22.219018,65.52203369140625
2026-05-02 08:16:22.419883,2026-05-02 08:16:22.419883,65.5374755859375
2026-05-02 08:16:22.619567,2026-05-02 08:16:22.619567,65.72638702392578
2026-05-02 08:16:22.818816,2026-05-02 08:16:22.818816,65.886962890625
2026-05-02 08:16:23.019301,2026-05-02 08:16:23.019301,66.02344512939453
2026-05-02 08:16:23.219208,2026-05-02 08:16:23.219208,66.13946533203125
2026-05-02 08:16:23.418951,2026-05-02 08:16:23.418951,66.23807525634766
2026-05-02 08:16:23.620213,2026-05-02 08:16:23.620213,66.32189178466797
2026-05-02 08:16:23.819793,2026-05-02 08:16:23.819793,66.39314270019531
2026-05-02 08:16:24.019375,2026-05-02 08:16:24.019375,66.45370483398438
2026-05-02 08:16:24.219601,2026-05-02 08:16:24.219601,66.68096160888672
2026-05-02 08:16:24.421676,2026-05-02 08:16:24.421676,66.87413024902344
2026-05-02 08:16:24.619093,2026-05-02 08:16:24.619093,67.03832244873047
2026-05-02 08:16:24.818720,2026-05-02 08:16:24.818720,67.17788696289062
2026-05-02 08:16:25.020159,2026-05-02 08:16:25.020159,67.29651641845703
2026-05-02 08:16:25.218855,2026-05-02 08:16:25.218855,67.57312774658203
2026-05-02 08:16:25.419262,2026-05-02 08:16:25.419262,67.80825805664062
2026-05-02 08:16:25.619471,2026-05-02 08:16:25.619471,68.00811004638672
2026-05-02 08:16:25.818798,2026-05-02 08:16:25.818798,68.35376739501953
2026-05-02 08:16:38.920472,2026-05-02 08:16:38.920472,68.64757537841797
2026-05-02 08:16:39.119640,2026-05-02 08:16:39.119640,68.8973159790039
2026-05-02 08:16:39.319410,2026-05-02 08:16:39.319410,69.1095962524414
2026-05-02 08:16:39.518689,2026-05-02 08:16:39.518689,69.46581268310547
2026-05-02 08:16:39.720570,2026-05-02 08:16:39.720570,69.76859283447266
2026-05-02 08:16:39.918787,2026-05-02 08:16:39.918787,70.02596282958984
2026-05-02 08:16:40.119671,2026-05-02 08:16:40.119671,70.2447280883789
2026-05-02 08:16:40.319213,2026-05-02 08:16:40.319213,70.43067169189453
2026-05-02 08:16:40.518699,2026-05-02 08:16:40.518699,70.58872985839844
2026-05-02 08:16:40.718742,2026-05-02 08:16:40.718742,70.89885711669922
2026-05-02 08:16:40.918825,2026-05-02 08:16:40.918825,71.16246795654297
2026-05-02 08:16:41.118732,2026-05-02 08:16:41.118732,71.38653564453125
2026-05-02 08:16:41.318793,2026-05-02 08:16:41.318793,71.57698822021484
2026-05-02 08:16:41.519575,2026-05-02 08:16:41.519575,71.73887634277344
2026-05-02 08:16:41.721767,2026-05-02 08:16:41.721767,71.8764877319336
2026-05-02 08:16:41.919130,2026-05-02 08:16:41.919130,71.99344635009766
2026-05-02 08:16:42.118863,2026-05-02 08:16:42.118863,72.2686538696289
2026-05-02 08:16:42.320602,2026-05-02 08:16:42.320602,72.50257110595703
2026-05-02 08:16:42.522020,2026-05-02 08:16:42.522020,72.70140838623047
2026-05-02 08:16:42.721080,2026-05-02 08:16:42.721080,72.87041473388672
2026-05-02 08:16:42.918677,2026-05-02 08:16:42.918677,73.01406860351562
2026-05-02 08:16:43.122439,2026-05-02 08:16:43.122439,73.13617706298828
2026-05-02 08:16:43.318936,2026-05-02 08:16:43.318936,73.2399673461914
2026-05-02 08:16:43.519715,2026-05-02 08:16:43.519715,73.32819366455078
2026-05-02 08:16:43.719010,2026-05-02 08:16:43.719010,73.40318298339844
2026-05-02 08:16:43.919143,2026-05-02 08:16:43.919143,73.46692657470703
2026-05-02 08:16:44.118955,2026-05-02 08:16:44.118955,73.52110290527344
2026-05-02 08:16:44.319211,2026-05-02 08:16:44.319211,73.56715393066406
2026-05-02 08:16:44.520154,2026-05-02 08:16:44.520154,73.6063003540039
2026-05-02 08:16:44.719312,2026-05-02 08:16:44.719312,73.63957977294922
2026-05-02 08:16:44.920115,2026-05-02 08:16:44.920115,73.66786193847656
2026-05-02 08:16:45.120583,2026-05-02 08:16:45.120583,73.69190216064453
2026-05-02 08:16:45.318839,2026-05-02 08:16:45.318839,73.71233367919922
2026-05-02 08:16:45.519356,2026-05-02 08:16:45.519356,73.72969818115234
2026-05-02 08:16:45.719223,2026-05-02 08:16:45.719223,73.74446105957031
2026-05-02 08:16:45.919383,2026-05-02 08:16:45.919383,73.75701141357422
2026-05-02 08:16:46.119794,2026-05-02 08:16:46.119794,73.7676773071289
2026-05-02 08:16:46.321761,2026-05-02 08:16:46.321761,69.90956115722656
2026-05-02 08:16:46.519222,2026-05-02 08:16:46.519222,78.58328247070312
2026-05-02 08:16:46.720144,2026-05-02 08:16:46.720144,85.95594787597656
2026-05-02 08:16:46.919296,2026-05-02 08:16:46.919296,92.22270965576172
2026-05-02 08:16:47.119192,2026-05-02 08:16:47.119192,97.7252426147461
2026-05-02 08:16:47.320861,2026-05-02 08:16:47.320861,102.4023895263672
2026-05-02 08:16:47.519500,2026-05-02 08:16:47.519500,106.37796783447266
2026-05-02 08:16:47.719160,2026-05-02 08:16:47.719160,109.75720977783205
2026-05-02 08:16:47.919806,2026-05-02 08:16:47.919806,112.62957000732422
2026-05-02 08:16:48.120650,2026-05-02 08:16:48.120650,115.0710678100586
2026-05-02 08:16:48.320151,2026-05-02 08:16:48.320151,117.14634704589844
2026-05-02 08:16:48.518775,2026-05-02 08:16:48.518775,118.91033172607422
2026-05-02 08:16:48.719140,2026-05-02 08:16:48.719140,120.40972137451172
2026-05-02 08:16:48.919964,2026-05-02 08:16:48.919964,121.68419647216795
2026-05-02 08:16:49.121215,2026-05-02 08:16:49.121215,122.76750946044922
2026-05-02 08:16:49.321770,2026-05-02 08:16:49.321770,123.68831634521484
2026-05-02 08:16:49.522005,2026-05-02 08:16:49.522005,124.47100830078124
2026-05-02 08:16:49.719386,2026-05-02 08:16:49.719386,125.13629150390624
2026-05-02 08:16:49.922472,2026-05-02 08:16:49.922472,125.70178985595705
2026-05-02 08:16:50.120479,2026-05-02 08:16:50.120479,126.18245697021484
2026-05-02 08:16:50.319223,2026-05-02 08:16:50.319223,126.59102630615234
2026-05-02 08:16:50.519214,2026-05-02 08:16:50.519214,126.93830871582033
2026-05-02 08:16:50.718740,2026-05-02 08:16:50.718740,127.2334976196289
2026-05-02 08:16:50.919705,2026-05-02 08:16:50.919705,127.48441314697266
2026-05-02 08:16:51.118771,2026-05-02 08:16:51.118771,127.69768524169922
2026-05-02 08:16:51.319311,2026-05-02 08:16:51.319311,127.87897491455078
2026-05-02 08:16:51.518756,2026-05-02 08:16:51.518756,128.03306579589844
2026-05-02 08:16:51.719213,2026-05-02 08:16:51.719213,128.16404724121094
2026-05-02 08:16:51.920068,2026-05-02 08:16:51.920068,128.27537536621094
2026-05-02 08:16:52.120482,2026-05-02 08:16:52.120482,128.37001037597656
2026-05-02 08:16:52.318710,2026-05-02 08:16:52.318710,128.450439453125
2026-05-02 08:16:52.518819,2026-05-02 08:16:52.518819,128.51881408691406
2026-05-02 08:16:52.719654,2026-05-02 08:16:52.719654,128.57693481445312
2026-05-02 08:16:52.919399,2026-05-02 08:16:52.919399,128.62632751464844
2026-05-02 08:16:53.118918,2026-05-02 08:16:53.118918,128.66831970214844
2026-05-02 08:16:53.319124,2026-05-02 08:16:53.319124,128.70401000976562
2026-05-02 08:16:53.519626,2026-05-02 08:16:53.519626,128.73434448242188
2026-05-02 08:16:53.719304,2026-05-02 08:16:53.719304,128.7601318359375
2026-05-02 08:16:53.918840,2026-05-02 08:16:53.918840,128.78204345703125
2026-05-02 08:16:54.119298,2026-05-02 08:16:54.119298,128.97645568847656
2026-05-02 08:16:54.318740,2026-05-02 08:16:54.318740,129.14170837402344
2026-05-02 08:16:54.520113,2026-05-02 08:16:54.520113,129.28216552734375
2026-05-02 08:16:54.721010,2026-05-02 08:16:54.721010,129.4015655517578
2026-05-02 08:16:54.918715,2026-05-02 08:16:54.918715,129.5030517578125
2026-05-02 08:16:55.118807,2026-05-02 08:16:55.118807,129.5893096923828
2026-05-02 08:16:55.319570,2026-05-02 08:16:55.319570,129.83840942382812
2026-05-02 08:16:55.519478,2026-05-02 08:16:55.519478,130.05015563964844
2026-05-02 08:16:55.719230,2026-05-02 08:16:55.719230,130.23013305664062
2026-05-02 08:16:55.919823,2026-05-02 08:16:55.919823,130.3831024169922
2026-05-02 08:16:56.121092,2026-05-02 08:16:56.121092,130.5131378173828
2026-05-02 08:16:56.318620,2026-05-02 08:16:56.318620,121.83460998535156
2026-05-02 08:16:56.519214,2026-05-02 08:16:56.519214,114.63363647460938
2026-05-02 08:16:56.719290,2026-05-02 08:16:56.719290,108.51280975341795
2026-05-02 08:16:56.919756,2026-05-02 08:16:56.919756,103.3101043701172
2026-05-02 08:16:57.119720,2026-05-02 08:16:57.119720,98.88780975341795
2026-05-02 08:16:57.322330,2026-05-02 08:16:57.322330,95.1288604736328
2026-05-02 08:16:57.518885,2026-05-02 08:16:57.518885,91.93374633789062
2026-05-02 08:16:57.719415,2026-05-02 08:16:57.719415,89.39368438720703
2026-05-02 08:16:57.919015,2026-05-02 08:16:57.919015,87.23463439941406
2026-05-02 08:16:58.118951,2026-05-02 08:16:58.118951,85.3994369506836
2026-05-02 08:16:58.322877,2026-05-02 08:16:58.322877,83.83952331542969
2026-05-02 08:16:58.520721,2026-05-02 08:16:58.520721,82.51359558105469
2026-05-02 08:16:58.719414,2026-05-02 08:16:58.719414,81.38655090332031
2026-05-02 08:16:58.919122,2026-05-02 08:16:58.919122,80.42857360839844
2026-05-02 08:16:59.121088,2026-05-02 08:16:59.121088,79.61428833007812
2026-05-02 08:16:59.318720,2026-05-02 08:16:59.318720,78.9221420288086
2026-05-02 08:16:59.518749,2026-05-02 08:16:59.518749,78.33382415771484
2026-05-02 08:16:59.720603,2026-05-02 08:16:59.720603,77.83374786376953
2026-05-02 08:16:59.920676,2026-05-02 08:16:59.920676,77.40868377685547
2026-05-02 08:17:00.119262,2026-05-02 08:17:00.119262,77.0473861694336
2026-05-02 08:17:00.319365,2026-05-02 08:17:00.319365,76.74027252197266
2026-05-02 08:17:00.519423,2026-05-02 08:17:00.519423,76.47923278808594
2026-05-02 08:17:00.719354,2026-05-02 08:17:00.719354,76.2573471069336
2026-05-02 08:17:00.919606,2026-05-02 08:17:00.919606,76.0687484741211
2026-05-02 08:17:01.119282,2026-05-02 08:17:01.119282,75.90843200683594
2026-05-02 08:17:01.319262,2026-05-02 08:17:01.319262,75.77217102050781
2026-05-02 08:17:01.519840,2026-05-02 08:17:01.519840,75.65634155273438
2026-05-02 08:17:01.718847,2026-05-02 08:17:01.718847,75.55789184570312
2026-05-02 08:17:01.924650,2026-05-02 08:17:01.924650,75.47420501708984
2026-05-02 08:17:02.118810,2026-05-02 08:17:02.118810,75.403076171875
2026-05-02 08:17:02.318625,2026-05-02 08:17:02.318625,75.34261322021484
2026-05-02 08:17:02.520013,2026-05-02 08:17:02.520013,81.26778411865234
2026-05-02 08:17:02.720303,2026-05-02 08:17:02.720303,86.30418395996094
2026-05-02 08:17:02.919866,2026-05-02 08:17:02.919866,90.58511352539062
2026-05-02 08:17:03.118774,2026-05-02 08:17:03.118774,94.04812622070312
2026-05-02 08:17:03.319291,2026-05-02 08:17:03.319291,96.81591033935548
2026-05-02 08:17:03.519902,2026-05-02 08:17:03.519902,99.16852569580078
2026-05-02 08:17:03.719133,2026-05-02 08:17:03.719133,101.16824340820312
2026-05-02 08:17:03.919421,2026-05-02 08:17:03.919421,102.69223022460938
2026-05-02 08:17:04.118908,2026-05-02 08:17:04.118908,103.98760986328124
2026-05-02 08:17:17.219081,2026-05-02 08:17:17.219081,105.08869171142578
2026-05-02 08:17:17.419465,2026-05-02 08:17:17.419465,109.71601104736328
2026-05-02 08:17:17.619326,2026-05-02 08:17:17.619326,113.64923095703124
2026-05-02 08:17:17.820851,2026-05-02 08:17:17.820851,116.9924774169922
2026-05-02 08:17:18.020801,2026-05-02 08:17:18.020801,119.834228515625
2026-05-02 08:17:18.219818,2026-05-02 08:17:18.219818,122.24971771240234
2026-05-02 08:17:18.419633,2026-05-02 08:17:18.419633,124.30288696289062
2026-05-02 08:17:18.618814,2026-05-02 08:17:18.618814,126.04808044433594
2026-05-02 08:17:18.818771,2026-05-02 08:17:18.818771,127.531494140625
2026-05-02 08:17:19.019098,2026-05-02 08:17:19.019098,128.79238891601562
2026-05-02 08:17:19.220003,2026-05-02 08:17:19.220003,129.86416625976562
2026-05-02 08:17:19.418631,2026-05-02 08:17:19.418631,130.59938049316406
2026-05-02 08:17:19.618816,2026-05-02 08:17:19.618816,131.2243194580078
2026-05-02 08:17:19.823284,2026-05-02 08:17:19.823284,131.75550842285156
2026-05-02 08:17:20.020437,2026-05-02 08:17:20.020437,132.20703125
2026-05-02 08:17:20.219705,2026-05-02 08:17:20.219705,132.5908203125
2026-05-02 08:17:20.418938,2026-05-02 08:17:20.418938,132.9170379638672
2026-05-02 08:17:20.619005,2026-05-02 08:17:20.619005,133.19432067871094
2026-05-02 08:17:20.819670,2026-05-02 08:17:20.819670,133.43002319335938
2026-05-02 08:17:21.019598,2026-05-02 08:17:21.019598,133.63035583496094
2026-05-02 08:17:21.219784,2026-05-02 08:17:21.219784,133.8006591796875
2026-05-02 08:17:21.418623,2026-05-02 08:17:21.418623,133.94540405273438
2026-05-02 08:17:21.619074,2026-05-02 08:17:21.619074,133.8926544189453
2026-05-02 08:17:21.819999,2026-05-02 08:17:21.819999,133.84780883789062
2026-05-02 08:17:22.019243,2026-05-02 08:17:22.019243,133.80970764160156
2026-05-02 08:17:22.219185,2026-05-02 08:17:22.219185,133.77731323242188
2026-05-02 08:17:22.419172,2026-05-02 08:17:22.419172,133.74977111816406
2026-05-02 08:17:22.619245,2026-05-02 08:17:22.619245,133.72637939453125
2026-05-02 08:17:22.818806,2026-05-02 08:17:22.818806,133.70648193359375
2026-05-02 08:17:23.020899,2026-05-02 08:17:23.020899,133.6895751953125
2026-05-02 08:17:23.220411,2026-05-02 08:17:23.220411,133.67520141601562
2026-05-02 08:17:23.419587,2026-05-02 08:17:23.419587,133.66297912597656
2026-05-02 08:17:23.619542,2026-05-02 08:17:23.619542,133.65260314941406
2026-05-02 08:17:23.819768,2026-05-02 08:17:23.819768,133.64376831054688
2026-05-02 08:17:24.019115,2026-05-02 08:17:24.019115,133.63626098632812
2026-05-02 08:17:24.220885,2026-05-02 08:17:24.220885,133.4541015625
2026-05-02 08:17:24.419687,2026-05-02 08:17:24.419687,133.2992706298828
2026-05-02 08:17:24.619018,2026-05-02 08:17:24.619018,133.16766357421875
2026-05-02 08:17:24.819180,2026-05-02 08:17:24.819180,133.05580139160156
2026-05-02 08:17:25.020676,2026-05-02 08:17:25.020676,132.96070861816406
2026-05-02 08:17:25.218964,2026-05-02 08:17:25.218964,132.8798828125
2026-05-02 08:17:25.419901,2026-05-02 08:17:25.419901,132.81118774414062
2026-05-02 08:17:25.621131,2026-05-02 08:17:25.621131,132.75279235839844
2026-05-02 08:17:25.819171,2026-05-02 08:17:25.819171,132.70315551757812
2026-05-02 08:17:26.019224,2026-05-02 08:17:26.019224,132.6609649658203
2026-05-02 08:17:26.218882,2026-05-02 08:17:26.218882,132.62509155273438
2026-05-02 08:17:26.418769,2026-05-02 08:17:26.418769,132.59461975097656
2026-05-02 08:17:26.620187,2026-05-02 08:17:26.620187,132.56869506835938
2026-05-02 08:17:26.818924,2026-05-02 08:17:26.818924,130.6130828857422
2026-05-02 08:17:27.019767,2026-05-02 08:17:27.019767,128.9508056640625
2026-05-02 08:17:27.219246,2026-05-02 08:17:27.219246,127.53787231445312
2026-05-02 08:17:27.422129,2026-05-02 08:17:27.422129,126.33688354492188
2026-05-02 08:17:27.620828,2026-05-02 08:17:27.620828,125.3160400390625
2026-05-02 08:17:27.820960,2026-05-02 08:17:27.820960,124.44831848144533
2026-05-02 08:17:28.019998,2026-05-02 08:17:28.019998,123.71076202392578
2026-05-02 08:17:28.221284,2026-05-02 08:17:28.221284,123.08383178710938
2026-05-02 08:17:28.421040,2026-05-02 08:17:28.421040,122.55094146728516
2026-05-02 08:17:28.621251,2026-05-02 08:17:28.621251,122.09799194335938
2026-05-02 08:17:28.821077,2026-05-02 08:17:28.821077,121.71298217773438
2026-05-02 08:17:29.021013,2026-05-02 08:17:29.021013,121.3857192993164
2026-05-02 08:17:29.222064,2026-05-02 08:17:29.222064,121.10755157470705
2026-05-02 08:17:29.421484,2026-05-02 08:17:29.421484,120.87110137939452
2026-05-02 08:17:29.620593,2026-05-02 08:17:29.620593,120.67012786865234
2026-05-02 08:17:29.820152,2026-05-02 08:17:29.820152,120.49929809570312
2026-05-02 08:17:30.019006,2026-05-02 08:17:30.019006,120.35408782958984
2026-05-02 08:17:30.219049,2026-05-02 08:17:30.219049,120.23065948486328
2026-05-02 08:17:30.419534,2026-05-02 08:17:30.419534,120.12574768066406
2026-05-02 08:17:30.619131,2026-05-02 08:17:30.619131,120.0365753173828
2026-05-02 08:17:30.819089,2026-05-02 08:17:30.819089,119.96077728271484
2026-05-02 08:17:31.020417,2026-05-02 08:17:31.020417,119.89634704589844
2026-05-02 08:17:31.221690,2026-05-02 08:17:31.221690,119.84158325195312
2026-05-02 08:17:31.420827,2026-05-02 08:17:31.420827,119.79503631591795
2026-05-02 08:17:31.624019,2026-05-02 08:17:31.624019,119.75546264648438
2026-05-02 08:17:31.824409,2026-05-02 08:17:31.824409,119.72183227539062
2026-05-02 08:17:32.018977,2026-05-02 08:17:32.018977,119.69324493408205
2026-05-02 08:17:32.219057,2026-05-02 08:17:32.219057,119.6689453125
2026-05-02 08:17:32.418879,2026-05-02 08:17:32.418879,119.6482925415039
2026-05-02 08:17:32.619275,2026-05-02 08:17:32.619275,119.6307373046875
2026-05-02 08:17:32.820914,2026-05-02 08:17:32.820914,119.61581420898438
2026-05-02 08:17:33.022146,2026-05-02 08:17:33.022146,119.6031265258789
2026-05-02 08:17:33.220402,2026-05-02 08:17:33.220402,119.59234619140624
2026-05-02 08:17:33.418928,2026-05-02 08:17:33.418928,119.58318328857422
2026-05-02 08:17:33.619735,2026-05-02 08:17:33.619735,119.5753936767578
2026-05-02 08:17:33.819604,2026-05-02 08:17:33.819604,119.56877136230467
2026-05-02 08:17:34.019077,2026-05-02 08:17:34.019077,119.56314086914062
2026-05-02 08:17:34.219437,2026-05-02 08:17:34.219437,119.55835723876952
2026-05-02 08:17:34.420071,2026-05-02 08:17:34.420071,119.55429077148438
2026-05-02 08:17:34.618928,2026-05-02 08:17:34.618928,119.72661590576172
2026-05-02 08:17:34.818740,2026-05-02 08:17:34.818740,119.8730926513672
2026-05-02 08:17:35.019346,2026-05-02 08:17:35.019346,119.99759674072266
2026-05-02 08:17:35.218784,2026-05-02 08:17:35.218784,120.10342407226562
2026-05-02 08:17:35.418920,2026-05-02 08:17:35.418920,120.1933822631836
2026-05-02 08:17:35.619012,2026-05-02 08:17:35.619012,120.26984405517578
2026-05-02 08:17:35.818863,2026-05-02 08:17:35.818863,120.3348388671875
2026-05-02 08:17:36.019304,2026-05-02 08:17:36.019304,120.21429443359376
2026-05-02 08:17:36.220635,2026-05-02 08:17:36.220635,120.1118392944336
2026-05-02 08:17:36.418797,2026-05-02 08:17:36.418797,120.02474975585938
2026-05-02 08:17:36.619032,2026-05-02 08:17:36.619032,119.9507293701172
2026-05-02 08:17:36.820895,2026-05-02 08:17:36.820895,119.88780212402344
2026-05-02 08:17:37.018840,2026-05-02 08:17:37.018840,119.83432006835938
2026-05-02 08:17:37.219035,2026-05-02 08:17:37.219035,119.7888641357422
2026-05-02 08:17:37.418890,2026-05-02 08:17:37.418890,119.7502212524414
2026-05-02 08:17:37.618703,2026-05-02 08:17:37.618703,113.56503295898438
2026-05-02 08:17:37.819244,2026-05-02 08:17:37.819244,108.4833984375
2026-05-02 08:17:38.018725,2026-05-02 08:17:38.018725,104.1640167236328
2026-05-02 08:17:38.218659,2026-05-02 08:17:38.218659,100.49253845214844
2026-05-02 08:17:38.419307,2026-05-02 08:17:38.419307,97.3717803955078
2026-05-02 08:17:38.619010,2026-05-02 08:17:38.619010,94.7191390991211
2026-05-02 08:17:38.821259,2026-05-02 08:17:38.821259,92.46439361572266
2026-05-02 08:17:39.019103,2026-05-02 08:17:39.019103,90.54785919189452
2026-05-02 08:17:39.220453,2026-05-02 08:17:39.220453,88.91880798339844
2026-05-02 08:17:39.419143,2026-05-02 08:17:39.419143,87.53411102294922
2026-05-02 08:17:39.618940,2026-05-02 08:17:39.618940,86.35711669921875
2026-05-02 08:17:39.819037,2026-05-02 08:17:39.819037,85.35667419433594
2026-05-02 08:17:40.019219,2026-05-02 08:17:40.019219,84.50630187988281
2026-05-02 08:17:40.220319,2026-05-02 08:17:40.220319,83.78347778320312
2026-05-02 08:17:40.419435,2026-05-02 08:17:40.419435,83.16908264160156
2026-05-02 08:17:40.620367,2026-05-02 08:17:40.620367,82.82262420654297
2026-05-02 08:17:40.819716,2026-05-02 08:17:40.819716,82.52813720703125
2026-05-02 08:17:41.019117,2026-05-02 08:17:41.019117,82.27782440185547
2026-05-02 08:17:41.218652,2026-05-02 08:17:41.218652,82.06505584716797
2026-05-02 08:17:41.418936,2026-05-02 08:17:41.418936,81.88420104980469
2026-05-02 08:17:41.619052,2026-05-02 08:17:41.619052,81.73047637939453
2026-05-02 08:17:41.819567,2026-05-02 08:17:41.819567,81.59981536865234
2026-05-02 08:17:42.019924,2026-05-02 08:17:42.019924,81.4887466430664
2026-05-02 08:17:42.219796,2026-05-02 08:17:42.219796,81.39434051513672
2026-05-02 08:17:42.419119,2026-05-02 08:17:42.419119,81.31409454345703
2026-05-02 08:17:55.530080,2026-05-02 08:17:55.530080,81.24588775634766
2026-05-02 08:17:55.718985,2026-05-02 08:17:55.718985,81.18791198730469
2026-05-02 08:17:55.920007,2026-05-02 08:17:55.920007,81.13863372802734
2026-05-02 08:17:56.118909,2026-05-02 08:17:56.118909,81.09674072265625
2026-05-02 08:17:56.318979,2026-05-02 08:17:56.318979,81.2369155883789
2026-05-02 08:17:56.518523,2026-05-02 08:17:56.518523,81.35607147216797
2026-05-02 08:17:56.718855,2026-05-02 08:17:56.718855,81.45734405517578
2026-05-02 08:17:56.922204,2026-05-02 08:17:56.922204,81.5434341430664
2026-05-02 08:17:57.120450,2026-05-02 08:17:57.120450,81.61660766601562
2026-05-02 08:17:57.320166,2026-05-02 08:17:57.320166,81.67880249023438
2026-05-02 08:17:57.518905,2026-05-02 08:17:57.518905,81.7316665649414
2026-05-02 08:17:57.718826,2026-05-02 08:17:57.718826,81.77660369873047
2026-05-02 08:17:57.918994,2026-05-02 08:17:57.918994,81.81480407714844
2026-05-02 08:17:58.119150,2026-05-02 08:17:58.119150,81.8472671508789
2026-05-02 08:17:58.319451,2026-05-02 08:17:58.319451,81.87487030029297
2026-05-02 08:17:58.519257,2026-05-02 08:17:58.519257,81.89832305908203
2026-05-02 08:17:58.718785,2026-05-02 08:17:58.718785,81.91826629638672
2026-05-02 08:17:58.920509,2026-05-02 08:17:58.920509,81.93521118164062
2026-05-02 08:17:59.118904,2026-05-02 08:17:59.118904,82.12539672851562
2026-05-02 08:17:59.319134,2026-05-02 08:17:59.319134,77.71674346923828
2026-05-02 08:17:59.519014,2026-05-02 08:17:59.519014,73.96939086914062
2026-05-02 08:17:59.718835,2026-05-02 08:17:59.718835,70.78413391113281
2026-05-02 08:17:59.919310,2026-05-02 08:17:59.919310,67.90089416503906
2026-05-02 08:18:00.119382,2026-05-02 08:18:00.119382,65.45013427734375
2026-05-02 08:18:00.318439,2026-05-02 08:18:00.318439,63.36698913574219
2026-05-02 08:18:00.519305,2026-05-02 08:18:00.519305,61.7720947265625
2026-05-02 08:18:00.718835,2026-05-02 08:18:00.718835,60.24065780639648
2026-05-02 08:18:00.919697,2026-05-02 08:18:00.919697,59.11471557617188
2026-05-02 08:18:01.118824,2026-05-02 08:18:01.118824,58.15766525268555
2026-05-02 08:18:01.319236,2026-05-02 08:18:01.319236,57.34416961669922
2026-05-02 08:18:01.518600,2026-05-02 08:18:01.518600,56.65270233154297
2026-05-02 08:18:01.719014,2026-05-02 08:18:01.719014,55.8891716003418
2026-05-02 08:18:01.920295,2026-05-02 08:18:01.920295,55.24016952514648
2026-05-02 08:18:02.118910,2026-05-02 08:18:02.118910,54.86429977416992
2026-05-02 08:18:02.320819,2026-05-02 08:18:02.320819,54.5448112487793
2026-05-02 08:18:02.520022,2026-05-02 08:18:02.520022,54.27324676513672
2026-05-02 08:18:02.720055,2026-05-02 08:18:02.720055,54.04241561889648
2026-05-02 08:18:02.919146,2026-05-02 08:18:02.919146,53.84621047973633
2026-05-02 08:18:03.120910,2026-05-02 08:18:03.120910,53.67943572998047
2026-05-02 08:18:03.319121,2026-05-02 08:18:03.319121,53.53767395019531
2026-05-02 08:18:03.520239,2026-05-02 08:18:03.520239,53.417179107666016
2026-05-02 08:18:03.722272,2026-05-02 08:18:03.722272,53.31475830078125
2026-05-02 08:18:03.918957,2026-05-02 08:18:03.918957,53.22770309448242
2026-05-02 08:18:04.119375,2026-05-02 08:18:04.119375,53.15370178222656
2026-05-02 08:18:04.319635,2026-05-02 08:18:04.319635,53.09080505371094
2026-05-02 08:18:04.519181,2026-05-02 08:18:04.519181,53.03733825683594
2026-05-02 08:18:04.731247,2026-05-02 08:18:04.731247,52.99189376831055
2026-05-02 08:18:04.919553,2026-05-02 08:18:04.919553,52.95326614379883
2026-05-02 08:18:05.119586,2026-05-02 08:18:05.119586,52.9204330444336
2026-05-02 08:18:05.331485,2026-05-02 08:18:05.331485,52.89252471923828
2026-05-02 08:18:05.528796,2026-05-02 08:18:05.528796,52.86880111694336
2026-05-02 08:18:05.718576,2026-05-02 08:18:05.718576,53.02441787719727
2026-05-02 08:18:05.929151,2026-05-02 08:18:05.929151,53.15669250488281
2026-05-02 08:18:06.120114,2026-05-02 08:18:06.120114,53.26912689208984
2026-05-02 08:18:06.320602,2026-05-02 08:18:06.320602,53.36469650268555
2026-05-02 08:18:06.519254,2026-05-02 08:18:06.519254,53.44593048095703
2026-05-02 08:18:06.728735,2026-05-02 08:18:06.728735,53.51497650146485
2026-05-02 08:18:06.919476,2026-05-02 08:18:06.919476,53.57366943359375
2026-05-02 08:18:07.120016,2026-05-02 08:18:07.120016,53.62355422973633
2026-05-02 08:18:07.319701,2026-05-02 08:18:07.319701,53.665958404541016
2026-05-02 08:18:07.520971,2026-05-02 08:18:07.520971,53.70200347900391
2026-05-02 08:18:07.729643,2026-05-02 08:18:07.729643,59.35763931274414
2026-05-02 08:18:07.922967,2026-05-02 08:18:07.922967,64.16493225097656
2026-05-02 08:18:08.128785,2026-05-02 08:18:08.128785,68.25112915039062
2026-05-02 08:18:08.332522,2026-05-02 08:18:08.332522,71.72439575195312
2026-05-02 08:18:08.528807,2026-05-02 08:18:08.528807,74.67667388916016
2026-05-02 08:18:08.729137,2026-05-02 08:18:08.729137,77.18611145019531
2026-05-02 08:18:08.919864,2026-05-02 08:18:08.919864,79.31912994384766
2026-05-02 08:18:09.120271,2026-05-02 08:18:09.120271,81.1322021484375
2026-05-02 08:18:09.318945,2026-05-02 08:18:09.318945,82.67330932617188
2026-05-02 08:18:09.519847,2026-05-02 08:18:09.519847,83.98324584960938
2026-05-02 08:18:09.729302,2026-05-02 08:18:09.729302,85.0967025756836
2026-05-02 08:18:09.928985,2026-05-02 08:18:09.928985,86.04312896728516
2026-05-02 08:18:10.128756,2026-05-02 08:18:10.128756,86.84760284423828
2026-05-02 08:18:10.328988,2026-05-02 08:18:10.328988,87.5313949584961
2026-05-02 08:18:10.519826,2026-05-02 08:18:10.519826,88.11262512207031
2026-05-02 08:18:10.728930,2026-05-02 08:18:10.728930,88.6066665649414
2026-05-02 08:18:10.928751,2026-05-02 08:18:10.928751,89.02660369873047
2026-05-02 08:18:11.120023,2026-05-02 08:18:11.120023,89.38355255126953
2026-05-02 08:18:11.328764,2026-05-02 08:18:11.328764,89.68695831298828
2026-05-02 08:18:11.529116,2026-05-02 08:18:11.529116,89.94485473632812
2026-05-02 08:18:11.720999,2026-05-02 08:18:11.720999,90.1640625
2026-05-02 08:18:11.929612,2026-05-02 08:18:11.929612,90.1746063232422
2026-05-02 08:18:12.128694,2026-05-02 08:18:12.128694,90.1835708618164
2026-05-02 08:18:12.329055,2026-05-02 08:18:12.329055,90.19119262695312
2026-05-02 08:18:12.529135,2026-05-02 08:18:12.529135,90.19766998291016
2026-05-02 08:18:12.719656,2026-05-02 08:18:12.719656,90.20317840576172
2026-05-02 08:18:12.921786,2026-05-02 08:18:12.921786,90.20785522460938
2026-05-02 08:18:13.119969,2026-05-02 08:18:13.119969,90.03604888916016
2026-05-02 08:18:13.329337,2026-05-02 08:18:13.329337,89.89002227783203
2026-05-02 08:18:13.529413,2026-05-02 08:18:13.529413,89.7658920288086
2026-05-02 08:18:13.729958,2026-05-02 08:18:13.729958,89.66038513183594
2026-05-02 08:18:13.929424,2026-05-02 08:18:13.929424,98.0082015991211
2026-05-02 08:18:14.129338,2026-05-02 08:18:14.129338,104.92806243896484
2026-05-02 08:18:14.328673,2026-05-02 08:18:14.328673,110.80995178222656
2026-05-02 08:18:14.529711,2026-05-02 08:18:14.529711,115.8095474243164
2026-05-02 08:18:14.729129,2026-05-02 08:18:14.729129,120.05921173095705
2026-05-02 08:18:14.928730,2026-05-02 08:18:14.928730,112.06986236572266
2026-05-02 08:18:15.129015,2026-05-02 08:18:15.129015,105.27891540527344
2026-05-02 08:18:15.328759,2026-05-02 08:18:15.328759,99.50660705566406
2026-05-02 08:18:15.529317,2026-05-02 08:18:15.529317,94.60015106201172
2026-05-02 08:18:15.728814,2026-05-02 08:18:15.728814,90.42965698242188
2026-05-02 08:18:15.929106,2026-05-02 08:18:15.929106,86.8847427368164
2026-05-02 08:18:16.129124,2026-05-02 08:18:16.129124,83.8715591430664
2026-05-02 08:18:16.329614,2026-05-02 08:18:16.329614,81.31035614013672
2026-05-02 08:18:16.529325,2026-05-02 08:18:16.529325,79.13333129882812
2026-05-02 08:18:16.731157,2026-05-02 08:18:16.731157,77.28286743164062
2026-05-02 08:18:16.930737,2026-05-02 08:18:16.930737,75.70996856689453
2026-05-02 08:18:17.129713,2026-05-02 08:18:17.129713,74.37300109863281
2026-05-02 08:18:17.328758,2026-05-02 08:18:17.328758,73.41236877441406
2026-05-02 08:18:17.529715,2026-05-02 08:18:17.529715,72.5958251953125
2026-05-02 08:18:17.729558,2026-05-02 08:18:17.729558,71.90176391601562
2026-05-02 08:18:17.928690,2026-05-02 08:18:17.928690,71.31181335449219
2026-05-02 08:18:18.120839,2026-05-02 08:18:18.120839,70.81034851074219
2026-05-02 08:18:18.329473,2026-05-02 08:18:18.329473,70.38410949707031
2026-05-02 08:18:18.530536,2026-05-02 08:18:18.530536,70.02180480957031
2026-05-02 08:18:18.728886,2026-05-02 08:18:18.728886,69.71385192871094
2026-05-02 08:18:18.921451,2026-05-02 08:18:18.921451,69.62786865234375
2026-05-02 08:18:19.130022,2026-05-02 08:18:19.130022,69.55477905273438
2026-05-02 08:18:19.320138,2026-05-02 08:18:19.320138,69.4926528930664
2026-05-02 08:18:19.529927,2026-05-02 08:18:19.529927,69.43984985351562
2026-05-02 08:18:19.729026,2026-05-02 08:18:19.729026,69.39496612548828
2026-05-02 08:18:19.932080,2026-05-02 08:18:19.932080,69.53260040283203
2026-05-02 08:18:20.130622,2026-05-02 08:18:20.130622,69.64958190917969
2026-05-02 08:18:20.331007,2026-05-02 08:18:20.331007,69.7490234375
2026-05-02 08:18:20.529568,2026-05-02 08:18:20.529568,69.83354187011719
2026-05-02 08:18:20.730644,2026-05-02 08:18:20.730644,69.90538787841797
2026-05-02 08:18:33.830750,2026-05-02 08:18:33.830750,69.9664535522461
2026-05-02 08:18:34.029298,2026-05-02 08:18:34.029298,70.19413757324219
2026-05-02 08:18:34.228778,2026-05-02 08:18:34.228778,70.38768005371094
2026-05-02 08:18:34.428731,2026-05-02 08:18:34.428731,70.55217742919922
2026-05-02 08:18:34.628998,2026-05-02 08:18:34.628998,70.69200897216797
2026-05-02 08:18:34.829046,2026-05-02 08:18:34.829046,70.81086730957031
2026-05-02 08:18:35.028745,2026-05-02 08:18:35.028745,70.9118881225586
2026-05-02 08:18:35.229500,2026-05-02 08:18:35.229500,70.99776458740234
2026-05-02 08:18:35.429468,2026-05-02 08:18:35.429468,71.07075500488281
2026-05-02 08:18:35.629282,2026-05-02 08:18:35.629282,71.13279724121094
2026-05-02 08:18:35.828692,2026-05-02 08:18:35.828692,71.18553161621094
2026-05-02 08:18:36.028737,2026-05-02 08:18:36.028737,71.23036193847656
2026-05-02 08:18:36.229056,2026-05-02 08:18:36.229056,71.26846313476562
2026-05-02 08:18:36.428874,2026-05-02 08:18:36.428874,71.30084991455078
2026-05-02 08:18:36.631114,2026-05-02 08:18:36.631114,71.32837677001953
2026-05-02 08:18:36.828679,2026-05-02 08:18:36.828679,71.35177612304688
2026-05-02 08:18:37.029584,2026-05-02 08:18:37.029584,71.37166595458984
2026-05-02 08:18:37.229467,2026-05-02 08:18:37.229467,71.3885726928711
2026-05-02 08:18:37.428870,2026-05-02 08:18:37.428870,71.40294647216797
2026-05-02 08:18:37.628654,2026-05-02 08:18:37.628654,71.4151611328125
2026-05-02 08:18:37.830184,2026-05-02 08:18:37.830184,71.42554473876953
2026-05-02 08:18:38.028973,2026-05-02 08:18:38.028973,71.43436431884766
2026-05-02 08:18:38.228716,2026-05-02 08:18:38.228716,71.44186401367188
2026-05-02 08:18:38.428959,2026-05-02 08:18:38.428959,71.4482421875
2026-05-02 08:18:38.628960,2026-05-02 08:18:38.628960,71.45366668701172
2026-05-02 08:18:38.829652,2026-05-02 08:18:38.829652,71.45826721191406
2026-05-02 08:18:39.029873,2026-05-02 08:18:39.029873,71.46218872070312
2026-05-02 08:18:39.230118,2026-05-02 08:18:39.230118,71.46551513671875
2026-05-02 08:18:39.429792,2026-05-02 08:18:39.429792,71.46834564208984
2026-05-02 08:18:39.630726,2026-05-02 08:18:39.630726,71.47074890136719
2026-05-02 08:18:39.829550,2026-05-02 08:18:39.829550,71.47279357910156
2026-05-02 08:18:40.030100,2026-05-02 08:18:40.030100,71.47453308105469
2026-05-02 08:18:40.229497,2026-05-02 08:18:40.229497,71.47600555419922
2026-05-02 08:18:40.429551,2026-05-02 08:18:40.429551,71.47726440429688
2026-05-02 08:18:40.629605,2026-05-02 08:18:40.629605,71.47832489013672
2026-05-02 08:18:40.830111,2026-05-02 08:18:40.830111,71.47923278808594
2026-05-02 08:18:41.020835,2026-05-02 08:18:41.020835,71.4800033569336
2026-05-02 08:18:41.229158,2026-05-02 08:18:41.229158,71.48065948486328
2026-05-02 08:18:41.429645,2026-05-02 08:18:41.429645,71.48121643066406
2026-05-02 08:18:41.630007,2026-05-02 08:18:41.630007,71.481689453125
2026-05-02 08:18:41.828739,2026-05-02 08:18:41.828739,71.48209381103516
2026-05-02 08:18:42.030953,2026-05-02 08:18:42.030953,71.48243713378906
2026-05-02 08:18:42.228911,2026-05-02 08:18:42.228911,82.90850830078125
2026-05-02 08:18:42.430116,2026-05-02 08:18:42.430116,92.62066650390624
2026-05-02 08:18:42.630653,2026-05-02 08:18:42.630653,100.87600708007812
2026-05-02 08:18:42.822349,2026-05-02 08:18:42.822349,107.8930435180664
2026-05-02 08:18:43.029419,2026-05-02 08:18:43.029419,113.8575210571289
2026-05-02 08:18:43.228649,2026-05-02 08:18:43.228649,118.92733001708984
2026-05-02 08:18:43.431860,2026-05-02 08:18:43.431860,123.2366714477539
2026-05-02 08:18:43.629136,2026-05-02 08:18:43.629136,126.89960479736328
2026-05-02 08:18:43.836023,2026-05-02 08:18:43.836023,130.0131072998047
2026-05-02 08:18:44.028799,2026-05-02 08:18:44.028799,132.65957641601562
2026-05-02 08:18:44.230278,2026-05-02 08:18:44.230278,134.73329162597656
2026-05-02 08:18:44.429187,2026-05-02 08:18:44.429187,136.49595642089844
2026-05-02 08:18:44.629699,2026-05-02 08:18:44.629699,137.9942169189453
2026-05-02 08:18:44.828816,2026-05-02 08:18:44.828816,139.2677459716797
2026-05-02 08:18:45.029649,2026-05-02 08:18:45.029649,140.35023498535156
2026-05-02 08:18:45.230482,2026-05-02 08:18:45.230482,141.27035522460938
2026-05-02 08:18:45.429642,2026-05-02 08:18:45.429642,142.05245971679688
2026-05-02 08:18:45.629529,2026-05-02 08:18:45.629529,142.71725463867188
2026-05-02 08:18:45.829481,2026-05-02 08:18:45.829481,143.28231811523438
2026-05-02 08:18:46.029511,2026-05-02 08:18:46.029511,143.7626190185547
2026-05-02 08:18:46.229100,2026-05-02 08:18:46.229100,143.99510192871094
2026-05-02 08:18:46.428906,2026-05-02 08:18:46.428906,144.19271850585938
2026-05-02 08:18:46.628993,2026-05-02 08:18:46.628993,140.49349975585938
2026-05-02 08:18:46.829098,2026-05-02 08:18:46.829098,137.34915161132812
2026-05-02 08:18:47.029170,2026-05-02 08:18:47.029170,134.6764678955078
2026-05-02 08:18:47.230883,2026-05-02 08:18:47.230883,132.40469360351562
2026-05-02 08:18:47.430398,2026-05-02 08:18:47.430398,130.4736785888672
2026-05-02 08:18:47.629000,2026-05-02 08:18:47.629000,128.83230590820312
2026-05-02 08:18:47.829728,2026-05-02 08:18:47.829728,127.26136779785156
2026-05-02 08:18:48.029219,2026-05-02 08:18:48.029219,125.9260711669922
2026-05-02 08:18:48.229083,2026-05-02 08:18:48.229083,124.79106903076172
2026-05-02 08:18:48.429422,2026-05-02 08:18:48.429422,123.82630920410156
2026-05-02 08:18:48.628829,2026-05-02 08:18:48.628829,123.00627136230467
2026-05-02 08:18:48.822338,2026-05-02 08:18:48.822338,122.30923461914062
2026-05-02 08:18:49.028736,2026-05-02 08:18:49.028736,121.71675872802734
2026-05-02 08:18:49.231753,2026-05-02 08:18:49.231753,121.21315002441406
2026-05-02 08:18:49.429146,2026-05-02 08:18:49.429146,120.60930633544922
2026-05-02 08:18:49.631324,2026-05-02 08:18:49.631324,120.09603118896484
2026-05-02 08:18:49.831424,2026-05-02 08:18:49.831424,119.65975189208984
2026-05-02 08:18:50.028783,2026-05-02 08:18:50.028783,119.2889175415039
2026-05-02 08:18:50.228879,2026-05-02 08:18:50.228879,118.97370147705078
2026-05-02 08:18:50.430003,2026-05-02 08:18:50.430003,118.70577239990234
2026-05-02 08:18:50.629088,2026-05-02 08:18:50.629088,118.47803497314452
2026-05-02 08:18:50.828764,2026-05-02 08:18:50.828764,118.28445434570312
2026-05-02 08:18:51.028688,2026-05-02 08:18:51.028688,118.11991119384766
2026-05-02 08:18:51.229600,2026-05-02 08:18:51.229600,117.98004913330078
2026-05-02 08:18:51.428635,2026-05-02 08:18:51.428635,117.86116790771484
2026-05-02 08:18:51.629112,2026-05-02 08:18:51.629112,117.76011657714844
2026-05-02 08:18:51.829244,2026-05-02 08:18:51.829244,117.67422485351562
2026-05-02 08:18:52.029680,2026-05-02 08:18:52.029680,117.60121154785156
2026-05-02 08:18:52.228698,2026-05-02 08:18:52.228698,117.53915405273438
2026-05-02 08:18:52.430582,2026-05-02 08:18:52.430582,117.48641204833984
2026-05-02 08:18:52.629051,2026-05-02 08:18:52.629051,117.44157409667967
2026-05-02 08:18:52.829576,2026-05-02 08:18:52.829576,117.4034652709961
2026-05-02 08:18:53.029099,2026-05-02 08:18:53.029099,117.3710708618164
2026-05-02 08:18:53.229847,2026-05-02 08:18:53.229847,117.3435287475586
2026-05-02 08:18:53.428588,2026-05-02 08:18:53.428588,117.32012939453124
2026-05-02 08:18:53.630341,2026-05-02 08:18:53.630341,117.30023193359376
2026-05-02 08:18:53.828453,2026-05-02 08:18:53.828453,117.4591064453125
2026-05-02 08:18:54.029040,2026-05-02 08:18:54.029040,117.59414672851562
2026-05-02 08:18:54.228667,2026-05-02 08:18:54.228667,117.70893096923828
2026-05-02 08:18:54.428467,2026-05-02 08:18:54.428467,117.8064956665039
2026-05-02 08:18:54.630633,2026-05-02 08:18:54.630633,117.8894271850586
2026-05-02 08:18:54.829216,2026-05-02 08:18:54.829216,117.95992279052734
2026-05-02 08:18:55.028726,2026-05-02 08:18:55.028726,118.01983642578124
2026-05-02 08:18:55.228866,2026-05-02 08:18:55.228866,118.07077026367188
2026-05-02 08:18:55.429888,2026-05-02 08:18:55.429888,118.1140594482422
2026-05-02 08:18:55.630256,2026-05-02 08:18:55.630256,118.1508560180664
2026-05-02 08:18:55.829961,2026-05-02 08:18:55.829961,118.18213653564452
2026-05-02 08:18:56.029684,2026-05-02 08:18:56.029684,118.2087173461914
2026-05-02 08:18:56.229421,2026-05-02 08:18:56.229421,118.40709686279295
2026-05-02 08:18:56.428857,2026-05-02 08:18:56.428857,118.57572174072266
2026-05-02 08:18:56.629176,2026-05-02 08:18:56.629176,118.71905517578124
2026-05-02 08:18:56.828816,2026-05-02 08:18:56.828816,118.84088134765624
2026-05-02 08:18:57.029926,2026-05-02 08:18:57.029926,119.1202163696289
2026-05-02 08:18:57.229811,2026-05-02 08:18:57.229811,119.35765075683594
2026-05-02 08:18:57.429135,2026-05-02 08:18:57.429135,119.5594711303711
2026-05-02 08:18:57.632458,2026-05-02 08:18:57.632458,119.73102569580078
2026-05-02 08:18:57.830144,2026-05-02 08:18:57.830144,120.05261993408205
2026-05-02 08:18:58.028638,2026-05-02 08:18:58.028638,120.3259735107422
2026-05-02 08:18:58.229293,2026-05-02 08:18:58.229293,120.5583267211914
2026-05-02 08:18:58.430322,2026-05-02 08:18:58.430322,120.93161010742188
2026-05-02 08:18:58.628896,2026-05-02 08:18:58.628896,121.2489013671875
2026-05-02 08:18:58.832548,2026-05-02 08:18:58.832548,121.5186004638672
2026-05-02 08:18:59.030066,2026-05-02 08:18:59.030066,121.74784088134766
2026-05-02 08:19:12.128840,2026-05-02 08:19:12.128840,123.87628936767578
2026-05-02 08:19:12.329187,2026-05-02 08:19:12.329187,123.92765808105467
2026-05-02 08:19:12.528742,2026-05-02 08:19:12.528742,123.97132110595705
2026-05-02 08:19:12.729037,2026-05-02 08:19:12.729037,124.00843811035156
2026-05-02 08:19:12.929217,2026-05-02 08:19:12.929217,124.03998565673828
2026-05-02 08:19:13.130662,2026-05-02 08:19:13.130662,124.2425765991211
2026-05-02 08:19:13.329653,2026-05-02 08:19:13.329653,124.41478729248048
2026-05-02 08:19:13.529494,2026-05-02 08:19:13.529494,124.56116485595705
2026-05-02 08:19:13.729145,2026-05-02 08:19:13.729145,124.68558502197266
2026-05-02 08:19:13.928802,2026-05-02 08:19:13.928802,124.79133605957033
2026-05-02 08:19:14.129139,2026-05-02 08:19:14.129139,125.05701446533205
2026-05-02 08:19:14.329675,2026-05-02 08:19:14.329675,125.2828369140625
2026-05-02 08:19:14.528881,2026-05-02 08:19:14.528881,125.47478485107422
2026-05-02 08:19:14.728797,2026-05-02 08:19:14.728797,125.637939453125
2026-05-02 08:19:14.932408,2026-05-02 08:19:14.932408,125.77662658691406
2026-05-02 08:19:15.129708,2026-05-02 08:19:15.129708,125.8945083618164
2026-05-02 08:19:15.329241,2026-05-02 08:19:15.329241,125.99470520019533
2026-05-02 08:19:15.528782,2026-05-02 08:19:15.528782,126.07987213134766
2026-05-02 08:19:15.729096,2026-05-02 08:19:15.729096,126.15226745605467
2026-05-02 08:19:15.929036,2026-05-02 08:19:15.929036,126.21380615234376
2026-05-02 08:19:16.128765,2026-05-02 08:19:16.128765,126.26610565185548
2026-05-02 08:19:16.328746,2026-05-02 08:19:16.328746,126.3105697631836
2026-05-02 08:19:16.528967,2026-05-02 08:19:16.528967,126.34835815429688
2026-05-02 08:19:16.728976,2026-05-02 08:19:16.728976,126.38047790527344
2026-05-02 08:19:16.929116,2026-05-02 08:19:16.929116,126.40778350830078
2026-05-02 08:19:17.128998,2026-05-02 08:19:17.128998,126.43099212646484
2026-05-02 08:19:17.329258,2026-05-02 08:19:17.329258,126.45071411132812
2026-05-02 08:19:17.528904,2026-05-02 08:19:17.528904,126.4674835205078
2026-05-02 08:19:17.729155,2026-05-02 08:19:17.729155,126.4817352294922
2026-05-02 08:19:17.930163,2026-05-02 08:19:17.930163,126.4938507080078
2026-05-02 08:19:18.129730,2026-05-02 08:19:18.129730,126.504150390625
2026-05-02 08:19:18.331073,2026-05-02 08:19:18.331073,126.51290130615234
2026-05-02 08:19:18.530556,2026-05-02 08:19:18.530556,126.52033996582033
2026-05-02 08:19:18.728958,2026-05-02 08:19:18.728958,126.52666473388672
2026-05-02 08:19:18.930441,2026-05-02 08:19:18.930441,126.53204345703124
2026-05-02 08:19:19.120986,2026-05-02 08:19:19.120986,126.53660583496094
2026-05-02 08:19:19.330577,2026-05-02 08:19:19.330577,126.54048919677734
2026-05-02 08:19:19.530695,2026-05-02 08:19:19.530695,126.54379272460938
2026-05-02 08:19:19.729261,2026-05-02 08:19:19.729261,126.54660034179688
2026-05-02 08:19:19.929067,2026-05-02 08:19:19.929067,126.54898834228516
2026-05-02 08:19:20.132081,2026-05-02 08:19:20.132081,126.55101013183594
2026-05-02 08:19:20.329194,2026-05-02 08:19:20.329194,126.552734375
2026-05-02 08:19:20.530639,2026-05-02 08:19:20.530639,126.55419921875
2026-05-02 08:19:20.732597,2026-05-02 08:19:20.732597,126.5554428100586
2026-05-02 08:19:20.931605,2026-05-02 08:19:20.931605,126.55650329589844
2026-05-02 08:19:21.131060,2026-05-02 08:19:21.131060,126.55740356445312
2026-05-02 08:19:21.329479,2026-05-02 08:19:21.329479,126.55816650390624
2026-05-02 08:19:21.529451,2026-05-02 08:19:21.529451,126.5588150024414
2026-05-02 08:19:21.728819,2026-05-02 08:19:21.728819,126.5593719482422
2026-05-02 08:19:21.928761,2026-05-02 08:19:21.928761,126.5598373413086
2026-05-02 08:19:22.130410,2026-05-02 08:19:22.130410,126.56024169921876
2026-05-02 08:19:22.330739,2026-05-02 08:19:22.330739,126.56057739257812
2026-05-02 08:19:22.529101,2026-05-02 08:19:22.529101,126.56086730957033
2026-05-02 08:19:22.731042,2026-05-02 08:19:22.731042,126.56111145019533
2026-05-02 08:19:22.931754,2026-05-02 08:19:22.931754,126.56131744384766
2026-05-02 08:19:23.129263,2026-05-02 08:19:23.129263,126.56149291992188
2026-05-02 08:19:23.329241,2026-05-02 08:19:23.329241,126.5616455078125
2026-05-02 08:19:23.530045,2026-05-02 08:19:23.530045,126.56177520751952
2026-05-02 08:19:23.730956,2026-05-02 08:19:23.730956,126.56188201904295
2026-05-02 08:19:23.930447,2026-05-02 08:19:23.930447,126.56197357177734
2026-05-02 08:19:24.128786,2026-05-02 08:19:24.128786,126.5620574951172
2026-05-02 08:19:24.330671,2026-05-02 08:19:24.330671,126.56211853027344
2026-05-02 08:19:24.530225,2026-05-02 08:19:24.530225,126.56217956542967
2026-05-02 08:19:24.729728,2026-05-02 08:19:24.729728,126.56222534179688
2026-05-02 08:19:24.930294,2026-05-02 08:19:24.930294,126.56227111816406
2026-05-02 08:19:25.129455,2026-05-02 08:19:25.129455,121.2888641357422
2026-05-02 08:19:25.328977,2026-05-02 08:19:25.328977,116.80647277832033
2026-05-02 08:19:25.529134,2026-05-02 08:19:25.529134,112.9964370727539
2026-05-02 08:19:25.728620,2026-05-02 08:19:25.728620,109.7579116821289
2026-05-02 08:19:25.928751,2026-05-02 08:19:25.928751,107.00516510009766
2026-05-02 08:19:26.129299,2026-05-02 08:19:26.129299,104.66532135009766
2026-05-02 08:19:26.330897,2026-05-02 08:19:26.330897,102.67646026611328
2026-05-02 08:19:26.531352,2026-05-02 08:19:26.531352,100.98593139648438
2026-05-02 08:19:26.730345,2026-05-02 08:19:26.730345,99.54898071289062
2026-05-02 08:19:26.929141,2026-05-02 08:19:26.929141,98.32756805419922
2026-05-02 08:19:27.121809,2026-05-02 08:19:27.121809,97.28937530517578
2026-05-02 08:19:27.331342,2026-05-02 08:19:27.331342,96.40690612792967
2026-05-02 08:19:27.529416,2026-05-02 08:19:27.529416,95.65680694580078
2026-05-02 08:19:27.729137,2026-05-02 08:19:27.729137,95.01922607421876
2026-05-02 08:19:27.929844,2026-05-02 08:19:27.929844,94.47727966308594
2026-05-02 08:19:28.128666,2026-05-02 08:19:28.128666,94.0166244506836
2026-05-02 08:19:28.329232,2026-05-02 08:19:28.329232,93.62506866455078
2026-05-02 08:19:28.528740,2026-05-02 08:19:28.528740,93.29224395751952
2026-05-02 08:19:28.728730,2026-05-02 08:19:28.728730,93.00934600830078
2026-05-02 08:19:28.928787,2026-05-02 08:19:28.928787,92.76888275146484
2026-05-02 08:19:29.129053,2026-05-02 08:19:29.129053,92.56448364257812
2026-05-02 08:19:29.328841,2026-05-02 08:19:29.328841,92.3907470703125
2026-05-02 08:19:29.531850,2026-05-02 08:19:29.531850,92.24307250976562
2026-05-02 08:19:29.730989,2026-05-02 08:19:29.730989,92.1175537109375
2026-05-02 08:19:29.928755,2026-05-02 08:19:29.928755,88.31945037841797
2026-05-02 08:19:30.129055,2026-05-02 08:19:30.129055,85.091064453125
2026-05-02 08:19:30.328674,2026-05-02 08:19:30.328674,82.34693908691406
2026-05-02 08:19:30.529221,2026-05-02 08:19:30.529221,80.0144271850586
2026-05-02 08:19:30.728697,2026-05-02 08:19:30.728697,78.03179168701172
2026-05-02 08:19:30.929671,2026-05-02 08:19:30.929671,76.3465576171875
2026-05-02 08:19:31.132166,2026-05-02 08:19:31.132166,74.91410064697266
2026-05-02 08:19:31.329259,2026-05-02 08:19:31.329259,73.87229919433594
2026-05-02 08:19:31.529335,2026-05-02 08:19:31.529335,72.98677062988281
2026-05-02 08:19:31.728652,2026-05-02 08:19:31.728652,72.23406219482422
2026-05-02 08:19:31.928879,2026-05-02 08:19:31.928879,71.59426879882812
2026-05-02 08:19:32.129110,2026-05-02 08:19:32.129110,71.0504379272461
2026-05-02 08:19:32.330033,2026-05-02 08:19:32.330033,70.58818817138672
2026-05-02 08:19:32.530388,2026-05-02 08:19:32.530388,70.19527435302734
2026-05-02 08:19:32.729072,2026-05-02 08:19:32.729072,69.86128997802734
2026-05-02 08:19:32.929219,2026-05-02 08:19:32.929219,69.57740783691406
2026-05-02 08:19:33.129313,2026-05-02 08:19:33.129313,69.33611297607422
2026-05-02 08:19:33.329434,2026-05-02 08:19:33.329434,69.1310043334961
2026-05-02 08:19:33.529459,2026-05-02 08:19:33.529459,68.95667266845703
2026-05-02 08:19:33.729162,2026-05-02 08:19:33.729162,68.80847930908203
2026-05-02 08:19:33.932282,2026-05-02 08:19:33.932282,66.5731430053711
2026-05-02 08:19:34.129298,2026-05-02 08:19:34.129298,64.67311096191406
2026-05-02 08:19:34.329490,2026-05-02 08:19:34.329490,63.058082580566406
2026-05-02 08:19:34.528806,2026-05-02 08:19:34.528806,61.685306549072266
2026-05-02 08:19:34.730237,2026-05-02 08:19:34.730237,60.51844787597656
2026-05-02 08:19:34.929909,2026-05-02 08:19:34.929909,59.52661895751953
2026-05-02 08:19:35.128825,2026-05-02 08:19:35.128825,58.68356323242188
2026-05-02 08:19:35.329178,2026-05-02 08:19:35.329178,57.96696853637695
2026-05-02 08:19:35.528862,2026-05-02 08:19:35.528862,57.35786056518555
2026-05-02 08:19:35.730668,2026-05-02 08:19:35.730668,56.840118408203125
2026-05-02 08:19:35.929026,2026-05-02 08:19:35.929026,56.4000358581543
2026-05-02 08:19:36.128644,2026-05-02 08:19:36.128644,56.025970458984375
2026-05-02 08:19:36.329328,2026-05-02 08:19:36.329328,55.70801162719727
2026-05-02 08:19:36.529117,2026-05-02 08:19:36.529117,55.437747955322266
2026-05-02 08:19:36.729552,2026-05-02 08:19:36.729552,55.20802307128906
2026-05-02 08:19:36.929731,2026-05-02 08:19:36.929731,55.01275634765625
2026-05-02 08:19:37.129688,2026-05-02 08:19:37.129688,54.84678268432617
2026-05-02 08:19:37.329540,2026-05-02 08:19:37.329540,54.7056999206543
2026-05-02 08:19:50.429114,2026-05-02 08:19:50.429114,54.585784912109375
2026-05-02 08:19:50.628721,2026-05-02 08:19:50.628721,54.48385238647461
2026-05-02 08:19:50.829345,2026-05-02 08:19:50.829345,54.39721298217773
2026-05-02 08:19:51.028625,2026-05-02 08:19:51.028625,54.32357025146485
2026-05-02 08:19:51.228706,2026-05-02 08:19:51.228706,54.26097106933594
2026-05-02 08:19:51.430508,2026-05-02 08:19:51.430508,65.106201171875
2026-05-02 08:19:51.628834,2026-05-02 08:19:51.628834,74.32464599609375
2026-05-02 08:19:51.828647,2026-05-02 08:19:51.828647,82.16032409667969
2026-05-02 08:19:52.028737,2026-05-02 08:19:52.028737,88.82064819335938
2026-05-02 08:19:52.228694,2026-05-02 08:19:52.228694,94.48192596435548
2026-05-02 08:19:52.429407,2026-05-02 08:19:52.429407,99.29401397705078
2026-05-02 08:19:52.629318,2026-05-02 08:19:52.629318,103.38428497314452
2026-05-02 08:19:52.828614,2026-05-02 08:19:52.828614,106.86101531982422
2026-05-02 08:19:53.029029,2026-05-02 08:19:53.029029,109.81623840332033
2026-05-02 08:19:53.229603,2026-05-02 08:19:53.229603,112.32817840576172
2026-05-02 08:19:53.428663,2026-05-02 08:19:53.428663,114.46332550048828
2026-05-02 08:19:53.629569,2026-05-02 08:19:53.629569,116.27820587158205
2026-05-02 08:19:53.829171,2026-05-02 08:19:53.829171,117.8208465576172
2026-05-02 08:19:54.029506,2026-05-02 08:19:54.029506,119.13209533691406
2026-05-02 08:19:54.229704,2026-05-02 08:19:54.229704,120.24665832519533
2026-05-02 08:19:54.429056,2026-05-02 08:19:54.429056,121.19403076171876
2026-05-02 08:19:54.628708,2026-05-02 08:19:54.628708,121.99930572509766
2026-05-02 08:19:54.828745,2026-05-02 08:19:54.828745,122.68378448486328
2026-05-02 08:19:55.029761,2026-05-02 08:19:55.029761,123.26558685302734
2026-05-02 08:19:55.231230,2026-05-02 08:19:55.231230,123.76012420654295
2026-05-02 08:19:55.429073,2026-05-02 08:19:55.429073,124.18048095703124
2026-05-02 08:19:55.629459,2026-05-02 08:19:55.629459,124.53778839111328
2026-05-02 08:19:55.829229,2026-05-02 08:19:55.829229,124.84149169921876
2026-05-02 08:19:56.029300,2026-05-02 08:19:56.029300,125.09963989257812
2026-05-02 08:19:56.228765,2026-05-02 08:19:56.228765,125.3190689086914
2026-05-02 08:19:56.431056,2026-05-02 08:19:56.431056,125.50558471679688
2026-05-02 08:19:56.628668,2026-05-02 08:19:56.628668,125.66412353515624
2026-05-02 08:19:56.829443,2026-05-02 08:19:56.829443,125.79888153076172
2026-05-02 08:19:57.029892,2026-05-02 08:19:57.029892,125.91342163085938
2026-05-02 08:19:57.231758,2026-05-02 08:19:57.231758,126.0107879638672
2026-05-02 08:19:57.430046,2026-05-02 08:19:57.430046,126.26932525634766
2026-05-02 08:19:57.629530,2026-05-02 08:19:57.629530,126.48908233642578
2026-05-02 08:19:57.829181,2026-05-02 08:19:57.829181,126.67587280273438
2026-05-02 08:19:58.029905,2026-05-02 08:19:58.029905,126.83464813232422
2026-05-02 08:19:58.229619,2026-05-02 08:19:58.229619,126.96961212158205
2026-05-02 08:19:58.430243,2026-05-02 08:19:58.430243,127.08432006835938
2026-05-02 08:19:58.628722,2026-05-02 08:19:58.628722,127.18183135986328
2026-05-02 08:19:58.829774,2026-05-02 08:19:58.829774,120.58502197265624
2026-05-02 08:19:59.028517,2026-05-02 08:19:59.028517,114.9777374267578
2026-05-02 08:19:59.231526,2026-05-02 08:19:59.231526,110.2115478515625
2026-05-02 08:19:59.429469,2026-05-02 08:19:59.429469,106.16028594970705
2026-05-02 08:19:59.630196,2026-05-02 08:19:59.630196,102.71671295166016
2026-05-02 08:19:59.831542,2026-05-02 08:19:59.831542,99.7896728515625
2026-05-02 08:20:00.030708,2026-05-02 08:20:00.030708,97.47747039794922
2026-05-02 08:20:00.231289,2026-05-02 08:20:00.231289,95.51210021972656
2026-05-02 08:20:00.428853,2026-05-02 08:20:00.428853,93.84153747558594
2026-05-02 08:20:00.629574,2026-05-02 08:20:00.629574,92.42155456542967
2026-05-02 08:20:00.831553,2026-05-02 08:20:00.831553,91.21456909179688
2026-05-02 08:20:01.030822,2026-05-02 08:20:01.030822,90.18863677978516
2026-05-02 08:20:01.231178,2026-05-02 08:20:01.231178,89.31658935546875
2026-05-02 08:20:01.429597,2026-05-02 08:20:01.429597,88.57535552978516
2026-05-02 08:20:01.632491,2026-05-02 08:20:01.632491,87.94529724121094
2026-05-02 08:20:01.834217,2026-05-02 08:20:01.834217,87.40975189208984
2026-05-02 08:20:02.030288,2026-05-02 08:20:02.030288,86.95454406738281
2026-05-02 08:20:02.229151,2026-05-02 08:20:02.229151,86.56761169433594
2026-05-02 08:20:02.430868,2026-05-02 08:20:02.430868,86.23871612548828
2026-05-02 08:20:02.631156,2026-05-02 08:20:02.631156,85.95915985107422
2026-05-02 08:20:02.830246,2026-05-02 08:20:02.830246,85.7215347290039
2026-05-02 08:20:03.029847,2026-05-02 08:20:03.029847,85.5195541381836
2026-05-02 08:20:03.230921,2026-05-02 08:20:03.230921,85.34786987304688
2026-05-02 08:20:03.430036,2026-05-02 08:20:03.430036,85.20194244384766
2026-05-02 08:20:03.628779,2026-05-02 08:20:03.628779,85.0779037475586
2026-05-02 08:20:03.828743,2026-05-02 08:20:03.828743,84.97246551513672
2026-05-02 08:20:04.029809,2026-05-02 08:20:04.029809,84.88284301757812
2026-05-02 08:20:04.230811,2026-05-02 08:20:04.230811,84.80667114257812
2026-05-02 08:20:04.430161,2026-05-02 08:20:04.430161,84.7419204711914
2026-05-02 08:20:04.628918,2026-05-02 08:20:04.628918,84.68688201904297
2026-05-02 08:20:04.829307,2026-05-02 08:20:04.829307,84.64009857177734
2026-05-02 08:20:05.028853,2026-05-02 08:20:05.028853,84.60033416748047
2026-05-02 08:20:05.231489,2026-05-02 08:20:05.231489,84.56653594970703
2026-05-02 08:20:05.430740,2026-05-02 08:20:05.430740,84.53780364990234
2026-05-02 08:20:05.629267,2026-05-02 08:20:05.629267,84.51338195800781
2026-05-02 08:20:05.829112,2026-05-02 08:20:05.829112,84.49262237548828
2026-05-02 08:20:06.029006,2026-05-02 08:20:06.029006,84.47498321533203
2026-05-02 08:20:06.228799,2026-05-02 08:20:06.228799,84.4599838256836
2026-05-02 08:20:06.429373,2026-05-02 08:20:06.429373,84.44723510742188
2026-05-02 08:20:06.629092,2026-05-02 08:20:06.629092,84.4364013671875
2026-05-02 08:20:06.829085,2026-05-02 08:20:06.829085,84.42719268798828
2026-05-02 08:20:07.028707,2026-05-02 08:20:07.028707,84.41936492919922
2026-05-02 08:20:07.228967,2026-05-02 08:20:07.228967,84.41270446777344
2026-05-02 08:20:07.429212,2026-05-02 08:20:07.429212,84.40705108642578
2026-05-02 08:20:07.628959,2026-05-02 08:20:07.628959,84.4022445678711
2026-05-02 08:20:07.829310,2026-05-02 08:20:07.829310,84.39815521240234
2026-05-02 08:20:08.031703,2026-05-02 08:20:08.031703,84.39468383789062
2026-05-02 08:20:08.230071,2026-05-02 08:20:08.230071,84.39173126220703
2026-05-02 08:20:08.429556,2026-05-02 08:20:08.429556,84.38922119140625
2026-05-02 08:20:08.629182,2026-05-02 08:20:08.629182,84.3870849609375
2026-05-02 08:20:08.828896,2026-05-02 08:20:08.828896,84.3852767944336
2026-05-02 08:20:09.028740,2026-05-02 08:20:09.028740,84.38373565673828
2026-05-02 08:20:09.231008,2026-05-02 08:20:09.231008,84.3824234008789
2026-05-02 08:20:09.429309,2026-05-02 08:20:09.429309,84.38130950927734
2026-05-02 08:20:09.630118,2026-05-02 08:20:09.630118,84.38036346435547
2026-05-02 08:20:09.828701,2026-05-02 08:20:09.828701,84.37956237792969
2026-05-02 08:20:10.031192,2026-05-02 08:20:10.031192,84.37887573242188
2026-05-02 08:20:10.228848,2026-05-02 08:20:10.228848,84.3782958984375
2026-05-02 08:20:10.429785,2026-05-02 08:20:10.429785,84.37779998779297
2026-05-02 08:20:10.629703,2026-05-02 08:20:10.629703,84.37738037109375
2026-05-02 08:20:10.829088,2026-05-02 08:20:10.829088,84.37702178955078
2026-05-02 08:20:11.029913,2026-05-02 08:20:11.029913,84.37671661376953
2026-05-02 08:20:11.228972,2026-05-02 08:20:11.228972,84.37646484375
2026-05-02 08:20:11.429316,2026-05-02 08:20:11.429316,84.3762435913086
2026-05-02 08:20:11.628843,2026-05-02 08:20:11.628843,84.37605285644531
2026-05-02 08:20:11.830042,2026-05-02 08:20:11.830042,84.37590026855469
2026-05-02 08:20:12.030314,2026-05-02 08:20:12.030314,84.19998168945312
2026-05-02 08:20:12.228789,2026-05-02 08:20:12.228789,84.05045318603516
2026-05-02 08:20:12.429840,2026-05-02 08:20:12.429840,83.92335510253906
2026-05-02 08:20:12.629013,2026-05-02 08:20:12.629013,83.81532287597656
2026-05-02 08:20:12.829222,2026-05-02 08:20:12.829222,83.7234878540039
2026-05-02 08:20:13.028956,2026-05-02 08:20:13.028956,83.64543914794922
2026-05-02 08:20:13.229102,2026-05-02 08:20:13.229102,83.57908630371094
2026-05-02 08:20:13.430310,2026-05-02 08:20:13.430310,83.52269744873047
2026-05-02 08:20:13.629209,2026-05-02 08:20:13.629209,83.47476196289062
2026-05-02 08:20:13.831732,2026-05-02 08:20:13.831732,83.43401336669922
2026-05-02 08:20:14.029152,2026-05-02 08:20:14.029152,83.22360229492188
2026-05-02 08:20:14.229468,2026-05-02 08:20:14.229468,83.04474639892578
2026-05-02 08:20:14.428999,2026-05-02 08:20:14.428999,82.8927230834961
2026-05-02 08:20:14.628688,2026-05-02 08:20:14.628688,82.76350402832031
2026-05-02 08:20:14.828830,2026-05-02 08:20:14.828830,82.6536636352539
2026-05-02 08:20:15.028824,2026-05-02 08:20:15.028824,82.560302734375
2026-05-02 08:20:15.229117,2026-05-02 08:20:15.229117,82.48094177246094
2026-05-02 08:20:15.428962,2026-05-02 08:20:15.428962,82.41349029541016
2026-05-02 08:20:15.629397,2026-05-02 08:20:15.629397,82.35615539550781
2026-05-02 08:20:28.729882,2026-05-02 08:20:28.729882,82.30741882324219
2026-05-02 08:20:28.928808,2026-05-02 08:20:28.928808,82.2659912109375
2026-05-02 08:20:29.130686,2026-05-02 08:20:29.130686,82.23078155517578
2026-05-02 08:20:29.330924,2026-05-02 08:20:29.330924,82.20085144042969
2026-05-02 08:20:29.529819,2026-05-02 08:20:29.529819,82.1754150390625
2026-05-02 08:20:29.730001,2026-05-02 08:20:29.730001,89.3608169555664
2026-05-02 08:20:29.928705,2026-05-02 08:20:29.928705,95.46841430664062
2026-05-02 08:20:30.128854,2026-05-02 08:20:30.128854,100.65987396240234
2026-05-02 08:20:30.329427,2026-05-02 08:20:30.329427,105.0726089477539
2026-05-02 08:20:30.530647,2026-05-02 08:20:30.530647,108.82343292236328
2026-05-02 08:20:30.728723,2026-05-02 08:20:30.728723,112.18742370605467
2026-05-02 08:20:30.929629,2026-05-02 08:20:30.929629,115.04680633544922
2026-05-02 08:20:31.128695,2026-05-02 08:20:31.128695,117.47728729248048
2026-05-02 08:20:31.329448,2026-05-02 08:20:31.329448,119.5431900024414
2026-05-02 08:20:31.528714,2026-05-02 08:20:31.528714,121.2992172241211
2026-05-02 08:20:31.728801,2026-05-02 08:20:31.728801,122.79183197021484
2026-05-02 08:20:31.928875,2026-05-02 08:20:31.928875,124.06055450439452
2026-05-02 08:20:32.128745,2026-05-02 08:20:32.128745,125.13897705078124
2026-05-02 08:20:32.328466,2026-05-02 08:20:32.328466,126.05562591552734
2026-05-02 08:20:32.529476,2026-05-02 08:20:32.529476,126.83478546142578
2026-05-02 08:20:32.729109,2026-05-02 08:20:32.729109,127.49706268310548
2026-05-02 08:20:32.929428,2026-05-02 08:20:32.929428,128.0600128173828
2026-05-02 08:20:33.129500,2026-05-02 08:20:33.129500,128.5384979248047
2026-05-02 08:20:33.329479,2026-05-02 08:20:33.329479,128.9452362060547
2026-05-02 08:20:33.529337,2026-05-02 08:20:33.529337,129.2909393310547
2026-05-02 08:20:33.728954,2026-05-02 08:20:33.728954,129.58480834960938
2026-05-02 08:20:33.929150,2026-05-02 08:20:33.929150,129.83457946777344
2026-05-02 08:20:34.128968,2026-05-02 08:20:34.128968,130.04689025878906
2026-05-02 08:20:34.329271,2026-05-02 08:20:34.329271,130.22735595703125
2026-05-02 08:20:34.529008,2026-05-02 08:20:34.529008,128.62294006347656
2026-05-02 08:20:34.728736,2026-05-02 08:20:34.728736,127.25919342041016
2026-05-02 08:20:34.929127,2026-05-02 08:20:34.929127,125.9242172241211
2026-05-02 08:20:35.128965,2026-05-02 08:20:35.128965,117.75823974609376
2026-05-02 08:20:35.329579,2026-05-02 08:20:35.329579,110.8171615600586
2026-05-02 08:20:35.529452,2026-05-02 08:20:35.529452,104.91724395751952
2026-05-02 08:20:35.729403,2026-05-02 08:20:35.729403,99.90231323242188
2026-05-02 08:20:35.930713,2026-05-02 08:20:35.930713,95.4638442993164
2026-05-02 08:20:36.129379,2026-05-02 08:20:36.129379,91.6911392211914
2026-05-02 08:20:36.330062,2026-05-02 08:20:36.330062,88.48434448242188
2026-05-02 08:20:36.530755,2026-05-02 08:20:36.530755,85.7585678100586
2026-05-02 08:20:36.728953,2026-05-02 08:20:36.728953,83.44165802001953
2026-05-02 08:20:36.929374,2026-05-02 08:20:36.929374,81.47228240966797
2026-05-02 08:20:37.129732,2026-05-02 08:20:37.129732,79.7983169555664
2026-05-02 08:20:37.328902,2026-05-02 08:20:37.328902,78.37544250488281
2026-05-02 08:20:37.530758,2026-05-02 08:20:37.530758,77.16600036621094
2026-05-02 08:20:37.728845,2026-05-02 08:20:37.728845,76.13797760009766
2026-05-02 08:20:37.930625,2026-05-02 08:20:37.930625,75.26415252685547
2026-05-02 08:20:38.129181,2026-05-02 08:20:38.129181,74.52140808105469
2026-05-02 08:20:38.329775,2026-05-02 08:20:38.329775,73.89006805419922
2026-05-02 08:20:38.529847,2026-05-02 08:20:38.529847,73.35343170166016
2026-05-02 08:20:38.728833,2026-05-02 08:20:38.728833,72.89729309082031
2026-05-02 08:20:38.930380,2026-05-02 08:20:38.930380,72.50957489013672
2026-05-02 08:20:39.128739,2026-05-02 08:20:39.128739,72.18001556396484
2026-05-02 08:20:39.329195,2026-05-02 08:20:39.329195,71.89988708496094
2026-05-02 08:20:39.529367,2026-05-02 08:20:39.529367,71.66178131103516
2026-05-02 08:20:39.730345,2026-05-02 08:20:39.730345,71.45938873291016
2026-05-02 08:20:39.930739,2026-05-02 08:20:39.930739,71.287353515625
2026-05-02 08:20:40.129696,2026-05-02 08:20:40.129696,71.14112854003906
2026-05-02 08:20:40.328786,2026-05-02 08:20:40.328786,71.01683044433594
2026-05-02 08:20:40.528787,2026-05-02 08:20:40.528787,70.91117858886719
2026-05-02 08:20:40.728672,2026-05-02 08:20:40.728672,70.82138061523438
2026-05-02 08:20:40.929817,2026-05-02 08:20:40.929817,70.74504852294922
2026-05-02 08:20:41.130790,2026-05-02 08:20:41.130790,70.68016815185547
2026-05-02 08:20:41.329200,2026-05-02 08:20:41.329200,77.48048400878906
2026-05-02 08:20:41.533137,2026-05-02 08:20:41.533137,83.26075744628906
2026-05-02 08:20:41.730389,2026-05-02 08:20:41.730389,88.17398834228516
2026-05-02 08:20:41.930681,2026-05-02 08:20:41.930681,92.35023498535156
2026-05-02 08:20:42.130681,2026-05-02 08:20:42.130681,95.90003967285156
2026-05-02 08:20:42.330316,2026-05-02 08:20:42.330316,98.9173812866211
2026-05-02 08:20:42.529004,2026-05-02 08:20:42.529004,101.48211669921876
2026-05-02 08:20:42.730215,2026-05-02 08:20:42.730215,103.66213989257812
2026-05-02 08:20:42.930725,2026-05-02 08:20:42.930725,105.51516723632812
2026-05-02 08:20:43.130469,2026-05-02 08:20:43.130469,107.0902328491211
2026-05-02 08:20:43.329167,2026-05-02 08:20:43.329167,108.42903900146484
2026-05-02 08:20:43.530188,2026-05-02 08:20:43.530188,109.56703186035156
2026-05-02 08:20:43.728901,2026-05-02 08:20:43.728901,110.53431701660156
2026-05-02 08:20:43.930334,2026-05-02 08:20:43.930334,111.35651397705078
2026-05-02 08:20:44.129277,2026-05-02 08:20:44.129277,112.05538177490234
2026-05-02 08:20:44.329579,2026-05-02 08:20:44.329579,112.64942169189452
2026-05-02 08:20:44.528745,2026-05-02 08:20:44.528745,113.15435028076172
2026-05-02 08:20:44.732163,2026-05-02 08:20:44.732163,113.5835418701172
2026-05-02 08:20:44.929739,2026-05-02 08:20:44.929739,113.94835662841795
2026-05-02 08:20:45.129053,2026-05-02 08:20:45.129053,114.2584457397461
2026-05-02 08:20:45.328625,2026-05-02 08:20:45.328625,114.5220184326172
2026-05-02 08:20:45.529674,2026-05-02 08:20:45.529674,114.74606323242188
2026-05-02 08:20:45.728770,2026-05-02 08:20:45.728770,114.93649291992188
2026-05-02 08:20:45.932725,2026-05-02 08:20:45.932725,115.0983657836914
2026-05-02 08:20:46.128721,2026-05-02 08:20:46.128721,115.41173553466795
2026-05-02 08:20:46.329467,2026-05-02 08:20:46.329467,115.6781005859375
2026-05-02 08:20:46.529228,2026-05-02 08:20:46.529228,115.90451049804688
2026-05-02 08:20:46.730109,2026-05-02 08:20:46.730109,116.09696197509766
2026-05-02 08:20:46.928983,2026-05-02 08:20:46.928983,116.26053619384766
2026-05-02 08:20:47.129405,2026-05-02 08:20:47.129405,116.39958190917967
2026-05-02 08:20:47.329776,2026-05-02 08:20:47.329776,116.51776885986328
2026-05-02 08:20:47.528760,2026-05-02 08:20:47.528760,116.61823272705078
2026-05-02 08:20:47.729090,2026-05-02 08:20:47.729090,116.70362091064452
2026-05-02 08:20:47.938929,2026-05-02 08:20:47.938929,116.77619934082033
2026-05-02 08:20:48.130014,2026-05-02 08:20:48.130014,116.83789825439452
2026-05-02 08:20:48.329211,2026-05-02 08:20:48.329211,116.8903350830078
2026-05-02 08:20:48.529143,2026-05-02 08:20:48.529143,116.9349136352539
2026-05-02 08:20:48.729148,2026-05-02 08:20:48.729148,116.9728012084961
2026-05-02 08:20:48.931154,2026-05-02 08:20:48.931154,117.1807861328125
2026-05-02 08:20:49.129872,2026-05-02 08:20:49.129872,117.35757446289062
2026-05-02 08:20:49.329126,2026-05-02 08:20:49.329126,117.50784301757812
2026-05-02 08:20:49.529894,2026-05-02 08:20:49.529894,117.63557434082033
2026-05-02 08:20:49.728786,2026-05-02 08:20:49.728786,117.74414825439452
2026-05-02 08:20:49.928709,2026-05-02 08:20:49.928709,117.83642578125
2026-05-02 08:20:50.128634,2026-05-02 08:20:50.128634,117.91487121582033
2026-05-02 08:20:50.329092,2026-05-02 08:20:50.329092,117.9815444946289
2026-05-02 08:20:50.528950,2026-05-02 08:20:50.528950,118.03822326660156
2026-05-02 08:20:50.728748,2026-05-02 08:20:50.728748,118.08639526367188
2026-05-02 08:20:50.928643,2026-05-02 08:20:50.928643,118.1273422241211
2026-05-02 08:20:51.128896,2026-05-02 08:20:51.128896,118.16214752197266
2026-05-02 08:20:51.329229,2026-05-02 08:20:51.329229,121.35579681396484
2026-05-02 08:20:51.531008,2026-05-02 08:20:51.531008,124.07039642333984
2026-05-02 08:20:51.729769,2026-05-02 08:20:51.729769,126.37779998779295
2026-05-02 08:20:51.928770,2026-05-02 08:20:51.928770,128.33909606933594
2026-05-02 08:20:52.129619,2026-05-02 08:20:52.129619,130.00621032714844
2026-05-02 08:20:52.329406,2026-05-02 08:20:52.329406,131.42324829101562
2026-05-02 08:20:52.528772,2026-05-02 08:20:52.528772,132.6277313232422
2026-05-02 08:20:52.730726,2026-05-02 08:20:52.730726,133.8273162841797
2026-05-02 08:20:52.929645,2026-05-02 08:20:52.929645,134.8469696044922
2026-05-02 08:20:53.128881,2026-05-02 08:20:53.128881,135.7136688232422
2026-05-02 08:20:53.328773,2026-05-02 08:20:53.328773,136.45037841796875
2026-05-02 08:20:53.529252,2026-05-02 08:20:53.529252,137.07656860351562
2026-05-02 08:20:53.728684,2026-05-02 08:20:53.728684,137.60882568359375
2026-05-02 08:20:53.928783,2026-05-02 08:20:53.928783,138.06126403808594
2026-05-02 08:21:07.028982,2026-05-02 08:21:07.028982,138.44581604003906
2026-05-02 08:21:07.231730,2026-05-02 08:21:07.231730,138.94847106933594
2026-05-02 08:21:07.429697,2026-05-02 08:21:07.429697,139.375732421875
2026-05-02 08:21:07.629024,2026-05-02 08:21:07.629024,139.73890686035156
2026-05-02 08:21:07.832770,2026-05-02 08:21:07.832770,140.047607421875
2026-05-02 08:21:08.029509,2026-05-02 08:21:08.029509,140.30999755859375
2026-05-02 08:21:08.230717,2026-05-02 08:21:08.230717,140.53302001953125
2026-05-02 08:21:08.429452,2026-05-02 08:21:08.429452,140.7226104736328
2026-05-02 08:21:08.628777,2026-05-02 08:21:08.628777,140.8837432861328
2026-05-02 08:21:08.830003,2026-05-02 08:21:08.830003,141.0207061767578
2026-05-02 08:21:09.031300,2026-05-02 08:21:09.031300,141.1371307373047
2026-05-02 08:21:09.235060,2026-05-02 08:21:09.235060,141.23609924316406
2026-05-02 08:21:09.428827,2026-05-02 08:21:09.428827,141.32022094726562
2026-05-02 08:21:09.628694,2026-05-02 08:21:09.628694,141.39170837402344
2026-05-02 08:21:09.829101,2026-05-02 08:21:09.829101,141.45248413085938
2026-05-02 08:21:10.029031,2026-05-02 08:21:10.029031,141.504150390625
2026-05-02 08:21:10.228768,2026-05-02 08:21:10.228768,127.66133880615234
2026-05-02 08:21:10.429270,2026-05-02 08:21:10.429270,129.7816619873047
2026-05-02 08:21:10.629170,2026-05-02 08:21:10.629170,126.83785247802734
2026-05-02 08:21:10.828765,2026-05-02 08:21:10.828765,124.33561706542967
2026-05-02 08:21:11.030410,2026-05-02 08:21:11.030410,122.20870971679688
2026-05-02 08:21:11.229747,2026-05-02 08:21:11.229747,120.40084075927734
2026-05-02 08:21:11.429176,2026-05-02 08:21:11.429176,118.86415100097656
2026-05-02 08:21:11.630690,2026-05-02 08:21:11.630690,117.55796813964844
2026-05-02 08:21:11.829106,2026-05-02 08:21:11.829106,116.4477081298828
2026-05-02 08:21:12.028752,2026-05-02 08:21:12.028752,115.50399017333984
2026-05-02 08:21:12.228751,2026-05-02 08:21:12.228751,114.52604675292967
2026-05-02 08:21:12.431146,2026-05-02 08:21:12.431146,113.69479370117188
2026-05-02 08:21:12.628783,2026-05-02 08:21:12.628783,112.9882354736328
2026-05-02 08:21:12.829436,2026-05-02 08:21:12.829436,112.38765716552734
2026-05-02 08:21:13.028683,2026-05-02 08:21:13.028683,111.87716674804688
2026-05-02 08:21:13.228434,2026-05-02 08:21:13.228434,111.44324493408205
2026-05-02 08:21:13.428777,2026-05-02 08:21:13.428777,111.0744171142578
2026-05-02 08:21:13.628767,2026-05-02 08:21:13.628767,110.76091003417967
2026-05-02 08:21:13.828734,2026-05-02 08:21:13.828734,110.4944305419922
2026-05-02 08:21:14.029569,2026-05-02 08:21:14.029569,110.2679214477539
2026-05-02 08:21:14.228763,2026-05-02 08:21:14.228763,110.07538604736328
2026-05-02 08:21:14.428678,2026-05-02 08:21:14.428678,109.91173553466795
2026-05-02 08:21:14.628671,2026-05-02 08:21:14.628671,109.77262878417967
2026-05-02 08:21:14.828764,2026-05-02 08:21:14.828764,109.6543960571289
2026-05-02 08:21:15.030330,2026-05-02 08:21:15.030330,109.55389404296876
2026-05-02 08:21:15.229861,2026-05-02 08:21:15.229861,109.4684600830078
2026-05-02 08:21:15.431229,2026-05-02 08:21:15.431229,109.3958511352539
2026-05-02 08:21:15.630399,2026-05-02 08:21:15.630399,109.3341293334961
2026-05-02 08:21:15.830216,2026-05-02 08:21:15.830216,109.28166961669922
2026-05-02 08:21:16.028764,2026-05-02 08:21:16.028764,109.23707580566406
2026-05-02 08:21:16.228883,2026-05-02 08:21:16.228883,109.37494659423828
2026-05-02 08:21:16.429156,2026-05-02 08:21:16.429156,109.4921417236328
2026-05-02 08:21:16.629414,2026-05-02 08:21:16.629414,109.59175872802734
2026-05-02 08:21:16.831216,2026-05-02 08:21:16.831216,109.67642974853516
2026-05-02 08:21:17.029128,2026-05-02 08:21:17.029128,109.74840545654295
2026-05-02 08:21:17.229673,2026-05-02 08:21:17.229673,109.80958557128906
2026-05-02 08:21:17.429591,2026-05-02 08:21:17.429591,109.86157989501952
2026-05-02 08:21:17.629869,2026-05-02 08:21:17.629869,110.0815658569336
2026-05-02 08:21:17.828796,2026-05-02 08:21:17.828796,110.26854705810548
2026-05-02 08:21:18.031542,2026-05-02 08:21:18.031542,110.42748260498048
2026-05-02 08:21:18.229967,2026-05-02 08:21:18.229967,110.56258392333984
2026-05-02 08:21:18.430459,2026-05-02 08:21:18.430459,110.67741394042967
2026-05-02 08:21:18.629072,2026-05-02 08:21:18.629072,110.77501678466795
2026-05-02 08:21:18.830552,2026-05-02 08:21:18.830552,110.85798645019533
2026-05-02 08:21:19.030311,2026-05-02 08:21:19.030311,110.92850494384766
2026-05-02 08:21:19.231872,2026-05-02 08:21:19.231872,110.98844909667967
2026-05-02 08:21:19.429892,2026-05-02 08:21:19.429892,111.21517944335938
2026-05-02 08:21:19.629706,2026-05-02 08:21:19.629706,111.40790557861328
2026-05-02 08:21:19.829407,2026-05-02 08:21:19.829407,111.57171630859376
2026-05-02 08:21:20.032685,2026-05-02 08:21:20.032685,111.7109603881836
2026-05-02 08:21:20.230699,2026-05-02 08:21:20.230699,111.82931518554688
2026-05-02 08:21:20.430395,2026-05-02 08:21:20.430395,111.92991638183594
2026-05-02 08:21:20.629388,2026-05-02 08:21:20.629388,112.01543426513672
2026-05-02 08:21:20.829970,2026-05-02 08:21:20.829970,112.08811950683594
2026-05-02 08:21:21.029359,2026-05-02 08:21:21.029359,112.14990234375
2026-05-02 08:21:21.229173,2026-05-02 08:21:21.229173,112.2024154663086
2026-05-02 08:21:21.433439,2026-05-02 08:21:21.433439,112.24705505371094
2026-05-02 08:21:21.628629,2026-05-02 08:21:21.628629,112.28499603271484
2026-05-02 08:21:21.829693,2026-05-02 08:21:21.829693,112.31724548339844
2026-05-02 08:21:22.029436,2026-05-02 08:21:22.029436,112.52043914794922
2026-05-02 08:21:22.231029,2026-05-02 08:21:22.231029,112.69315338134766
2026-05-02 08:21:22.430462,2026-05-02 08:21:22.430462,112.8399658203125
2026-05-02 08:21:22.629069,2026-05-02 08:21:22.629069,112.96475219726562
2026-05-02 08:21:22.831227,2026-05-02 08:21:22.831227,113.07081604003906
2026-05-02 08:21:23.029665,2026-05-02 08:21:23.029665,113.16098022460938
2026-05-02 08:21:23.230332,2026-05-02 08:21:23.230332,113.23760986328124
2026-05-02 08:21:23.431798,2026-05-02 08:21:23.431798,113.30274963378906
2026-05-02 08:21:23.640357,2026-05-02 08:21:23.640357,113.35811614990234
2026-05-02 08:21:23.832800,2026-05-02 08:21:23.832800,113.40518188476562
2026-05-02 08:21:24.030570,2026-05-02 08:21:24.030570,113.4451904296875
2026-05-02 08:21:24.228845,2026-05-02 08:21:24.228845,113.47918701171876
2026-05-02 08:21:24.429492,2026-05-02 08:21:24.429492,113.50809478759766
2026-05-02 08:21:24.629313,2026-05-02 08:21:24.629313,113.53266143798828
2026-05-02 08:21:24.829325,2026-05-02 08:21:24.829325,113.55354309082033
2026-05-02 08:21:25.030359,2026-05-02 08:21:25.030359,113.5712890625
2026-05-02 08:21:25.229050,2026-05-02 08:21:25.229050,113.5863800048828
2026-05-02 08:21:25.429363,2026-05-02 08:21:25.429363,113.59920501708984
2026-05-02 08:21:25.628845,2026-05-02 08:21:25.628845,113.610107421875
2026-05-02 08:21:25.828952,2026-05-02 08:21:25.828952,113.61936950683594
2026-05-02 08:21:26.031548,2026-05-02 08:21:26.031548,113.6272430419922
2026-05-02 08:21:26.230038,2026-05-02 08:21:26.230038,113.63394165039062
2026-05-02 08:21:26.428705,2026-05-02 08:21:26.428705,113.63963317871094
2026-05-02 08:21:26.630081,2026-05-02 08:21:26.630081,113.64447021484376
2026-05-02 08:21:26.828849,2026-05-02 08:21:26.828849,113.64857482910156
2026-05-02 08:21:27.028691,2026-05-02 08:21:27.028691,113.82785034179688
2026-05-02 08:21:27.228719,2026-05-02 08:21:27.228719,113.98023986816406
2026-05-02 08:21:27.428671,2026-05-02 08:21:27.428671,114.1097640991211
2026-05-02 08:21:27.629333,2026-05-02 08:21:27.629333,114.21986389160156
2026-05-02 08:21:27.828692,2026-05-02 08:21:27.828692,114.31344604492188
2026-05-02 08:21:28.029404,2026-05-02 08:21:28.029404,114.39299011230467
2026-05-02 08:21:28.229069,2026-05-02 08:21:28.229069,114.46060180664062
2026-05-02 08:21:28.429508,2026-05-02 08:21:28.429508,114.51807403564452
2026-05-02 08:21:28.630381,2026-05-02 08:21:28.630381,114.39114379882812
2026-05-02 08:21:28.832704,2026-05-02 08:21:28.832704,114.28325653076172
2026-05-02 08:21:29.029280,2026-05-02 08:21:29.029280,114.1915512084961
2026-05-02 08:21:29.229217,2026-05-02 08:21:29.229217,114.11359405517578
2026-05-02 08:21:29.430970,2026-05-02 08:21:29.430970,114.0473403930664
2026-05-02 08:21:29.628855,2026-05-02 08:21:29.628855,113.99102020263672
2026-05-02 08:21:29.828802,2026-05-02 08:21:29.828802,113.94314575195312
2026-05-02 08:21:30.029536,2026-05-02 08:21:30.029536,113.90245819091795
2026-05-02 08:21:30.229152,2026-05-02 08:21:30.229152,113.86786651611328
2026-05-02 08:21:30.428833,2026-05-02 08:21:30.428833,113.83847045898438
2026-05-02 08:21:30.632662,2026-05-02 08:21:30.632662,113.81348419189452
2026-05-02 08:21:30.828700,2026-05-02 08:21:30.828700,113.79224395751952
2026-05-02 08:21:31.030071,2026-05-02 08:21:31.030071,113.77418518066406
2026-05-02 08:21:31.229967,2026-05-02 08:21:31.229967,113.75884246826172
2026-05-02 08:21:31.429197,2026-05-02 08:21:31.429197,113.74579620361328
2026-05-02 08:21:31.629116,2026-05-02 08:21:31.629116,113.73470306396484
2026-05-02 08:21:31.829494,2026-05-02 08:21:31.829494,113.72528076171876
2026-05-02 08:21:32.028653,2026-05-02 08:21:32.028653,113.54148864746094
2026-05-02 08:21:32.229465,2026-05-02 08:21:32.229465,113.38526916503906
2026-05-02 08:21:45.329270,2026-05-02 08:21:45.329270,113.25247955322266
2026-05-02 08:21:45.529287,2026-05-02 08:21:45.529287,113.1396026611328
2026-05-02 08:21:45.729974,2026-05-02 08:21:45.729974,113.04366302490234
2026-05-02 08:21:45.931200,2026-05-02 08:21:45.931200,112.9621124267578
2026-05-02 08:21:46.130757,2026-05-02 08:21:46.130757,112.7170181274414
2026-05-02 08:21:46.329538,2026-05-02 08:21:46.329538,109.52040100097656
2026-05-02 08:21:46.539516,2026-05-02 08:21:46.539516,106.80327606201172
2026-05-02 08:21:46.729215,2026-05-02 08:21:46.729215,104.49372100830078
2026-05-02 08:21:46.928850,2026-05-02 08:21:46.928850,102.53060150146484
2026-05-02 08:21:47.129486,2026-05-02 08:21:47.129486,100.86195373535156
2026-05-02 08:21:47.330490,2026-05-02 08:21:47.330490,99.44359588623048
2026-05-02 08:21:47.529460,2026-05-02 08:21:47.529460,98.2379913330078
2026-05-02 08:21:47.729715,2026-05-02 08:21:47.729715,97.2132339477539
2026-05-02 08:21:47.929096,2026-05-02 08:21:47.929096,96.3421859741211
2026-05-02 08:21:48.131711,2026-05-02 08:21:48.131711,95.60179138183594
2026-05-02 08:21:48.328785,2026-05-02 08:21:48.328785,94.97246551513672
2026-05-02 08:21:48.529601,2026-05-02 08:21:48.529601,94.43753051757812
2026-05-02 08:21:48.728977,2026-05-02 08:21:48.728977,93.98284149169922
2026-05-02 08:21:48.929640,2026-05-02 08:21:48.929640,93.59635162353516
2026-05-02 08:21:49.129092,2026-05-02 08:21:49.129092,93.26783752441406
2026-05-02 08:21:49.328970,2026-05-02 08:21:49.328970,92.81281280517578
2026-05-02 08:21:49.528756,2026-05-02 08:21:49.528756,92.4260482788086
2026-05-02 08:21:49.730747,2026-05-02 08:21:49.730747,92.09729766845705
2026-05-02 08:21:49.928875,2026-05-02 08:21:49.928875,91.81786346435548
2026-05-02 08:21:50.129641,2026-05-02 08:21:50.129641,91.58033752441406
2026-05-02 08:21:50.330290,2026-05-02 08:21:50.330290,91.3784408569336
2026-05-02 08:21:50.528801,2026-05-02 08:21:50.528801,91.2068328857422
2026-05-02 08:21:50.729280,2026-05-02 08:21:50.729280,91.06096649169922
2026-05-02 08:21:50.929044,2026-05-02 08:21:50.929044,90.93697357177734
2026-05-02 08:21:51.128670,2026-05-02 08:21:51.128670,90.8315887451172
2026-05-02 08:21:51.329406,2026-05-02 08:21:51.329406,90.74200439453124
2026-05-02 08:21:51.529358,2026-05-02 08:21:51.529358,90.49008178710938
2026-05-02 08:21:51.729461,2026-05-02 08:21:51.729461,90.27593994140624
2026-05-02 08:21:51.928849,2026-05-02 08:21:51.928849,90.09392547607422
2026-05-02 08:21:52.128912,2026-05-02 08:21:52.128912,89.939208984375
2026-05-02 08:21:52.328708,2026-05-02 08:21:52.328708,89.80770111083984
2026-05-02 08:21:52.528776,2026-05-02 08:21:52.528776,89.6959228515625
2026-05-02 08:21:52.728835,2026-05-02 08:21:52.728835,89.60091400146484
2026-05-02 08:21:52.929160,2026-05-02 08:21:52.929160,89.52014923095703
2026-05-02 08:21:53.129822,2026-05-02 08:21:53.129822,89.45149993896484
2026-05-02 08:21:53.328778,2026-05-02 08:21:53.328778,89.39315032958984
2026-05-02 08:21:53.529181,2026-05-02 08:21:53.529181,89.51933288574219
2026-05-02 08:21:53.729395,2026-05-02 08:21:53.729395,89.62659454345703
2026-05-02 08:21:53.929248,2026-05-02 08:21:53.929248,92.17869567871094
2026-05-02 08:21:54.128879,2026-05-02 08:21:54.128879,94.34798431396484
2026-05-02 08:21:54.330446,2026-05-02 08:21:54.330446,96.19187927246094
2026-05-02 08:21:54.529188,2026-05-02 08:21:54.529188,97.75919342041016
2026-05-02 08:21:54.729168,2026-05-02 08:21:54.729168,99.0914077758789
2026-05-02 08:21:54.930673,2026-05-02 08:21:54.930673,100.22379302978516
2026-05-02 08:21:55.129004,2026-05-02 08:21:55.129004,101.18631744384766
2026-05-02 08:21:55.330386,2026-05-02 08:21:55.330386,101.82868194580078
2026-05-02 08:21:55.528862,2026-05-02 08:21:55.528862,102.37469482421876
2026-05-02 08:21:55.729503,2026-05-02 08:21:55.729503,102.83879852294922
2026-05-02 08:21:55.929091,2026-05-02 08:21:55.929091,103.23329162597656
2026-05-02 08:21:56.130386,2026-05-02 08:21:56.130386,103.56861114501952
2026-05-02 08:21:56.329243,2026-05-02 08:21:56.329243,103.85363006591795
2026-05-02 08:21:56.529412,2026-05-02 08:21:56.529412,103.9201202392578
2026-05-02 08:21:56.728792,2026-05-02 08:21:56.728792,103.97663116455078
2026-05-02 08:21:56.930075,2026-05-02 08:21:56.930075,104.02466583251952
2026-05-02 08:21:57.129296,2026-05-02 08:21:57.129296,105.99909210205078
2026-05-02 08:21:57.330071,2026-05-02 08:21:57.330071,107.67735290527344
2026-05-02 08:21:57.530034,2026-05-02 08:21:57.530034,109.10387420654295
2026-05-02 08:21:57.728747,2026-05-02 08:21:57.728747,110.31642150878906
2026-05-02 08:21:57.928799,2026-05-02 08:21:57.928799,111.34708404541016
2026-05-02 08:21:58.129015,2026-05-02 08:21:58.129015,112.22314453125
2026-05-02 08:21:58.328709,2026-05-02 08:21:58.328709,112.9677963256836
2026-05-02 08:21:58.528557,2026-05-02 08:21:58.528557,113.60075378417967
2026-05-02 08:21:58.729478,2026-05-02 08:21:58.729478,114.13876342773438
2026-05-02 08:21:58.930433,2026-05-02 08:21:58.930433,114.59607696533205
2026-05-02 08:21:59.131295,2026-05-02 08:21:59.131295,114.98478698730467
2026-05-02 08:21:59.330483,2026-05-02 08:21:59.330483,115.31519317626952
2026-05-02 08:21:59.531568,2026-05-02 08:21:59.531568,115.77182006835938
2026-05-02 08:21:59.729541,2026-05-02 08:21:59.729541,116.1599578857422
2026-05-02 08:21:59.930097,2026-05-02 08:21:59.930097,116.4898681640625
2026-05-02 08:22:00.129449,2026-05-02 08:22:00.129449,116.77029418945312
2026-05-02 08:22:00.328853,2026-05-02 08:22:00.328853,117.00865936279295
2026-05-02 08:22:00.529346,2026-05-02 08:22:00.529346,117.21126556396484
2026-05-02 08:22:00.730336,2026-05-02 08:22:00.730336,113.69207763671876
2026-05-02 08:22:00.929255,2026-05-02 08:22:00.929255,110.70075988769533
2026-05-02 08:22:01.131065,2026-05-02 08:22:01.131065,108.33393096923828
2026-05-02 08:22:01.328861,2026-05-02 08:22:01.328861,106.3221206665039
2026-05-02 08:22:01.531634,2026-05-02 08:22:01.531634,104.6120834350586
2026-05-02 08:22:01.730025,2026-05-02 08:22:01.730025,103.33433532714844
2026-05-02 08:22:01.931962,2026-05-02 08:22:01.931962,102.2482452392578
2026-05-02 08:22:02.132406,2026-05-02 08:22:02.132406,101.3250732421875
2026-05-02 08:22:02.331089,2026-05-02 08:22:02.331089,100.71615600585938
2026-05-02 08:22:02.529664,2026-05-02 08:22:02.529664,100.19857788085938
2026-05-02 08:22:02.730509,2026-05-02 08:22:02.730509,99.75863647460938
2026-05-02 08:22:02.939320,2026-05-02 08:22:02.939320,99.38468170166016
2026-05-02 08:22:03.138966,2026-05-02 08:22:03.138966,99.06682586669922
2026-05-02 08:22:03.333812,2026-05-02 08:22:03.333812,98.79664611816406
2026-05-02 08:22:03.533400,2026-05-02 08:22:03.533400,98.5669937133789
2026-05-02 08:22:03.730164,2026-05-02 08:22:03.730164,98.37178802490234
2026-05-02 08:22:03.928937,2026-05-02 08:22:03.928937,98.20586395263672
2026-05-02 08:22:04.130106,2026-05-02 08:22:04.130106,98.24060821533205
2026-05-02 08:22:04.339437,2026-05-02 08:22:04.339437,98.2701416015625
2026-05-02 08:22:04.540096,2026-05-02 08:22:04.540096,98.29524230957033
2026-05-02 08:22:04.738708,2026-05-02 08:22:04.738708,98.31658172607422
2026-05-02 08:22:04.929832,2026-05-02 08:22:04.929832,98.33472442626952
2026-05-02 08:22:05.139623,2026-05-02 08:22:05.139623,98.35013580322266
2026-05-02 08:22:05.329285,2026-05-02 08:22:05.329285,98.36324310302734
2026-05-02 08:22:05.540049,2026-05-02 08:22:05.540049,98.37438201904295
2026-05-02 08:22:05.729377,2026-05-02 08:22:05.729377,98.38385009765624
2026-05-02 08:22:05.930418,2026-05-02 08:22:05.930418,98.39189910888672
2026-05-02 08:22:06.138948,2026-05-02 08:22:06.138948,98.39873504638672
2026-05-02 08:22:06.340111,2026-05-02 08:22:06.340111,98.40454864501952
2026-05-02 08:22:06.539079,2026-05-02 08:22:06.539079,98.40949249267578
2026-05-02 08:22:06.738682,2026-05-02 08:22:06.738682,98.4136962890625
2026-05-02 08:22:06.939147,2026-05-02 08:22:06.939147,98.41726684570312
2026-05-02 08:22:07.130458,2026-05-02 08:22:07.130458,98.42030334472656
2026-05-02 08:22:07.340417,2026-05-02 08:22:07.340417,98.42288208007812
2026-05-02 08:22:07.539183,2026-05-02 08:22:07.539183,98.4250717163086
2026-05-02 08:22:07.732098,2026-05-02 08:22:07.732098,98.60272216796876
2026-05-02 08:22:07.939246,2026-05-02 08:22:07.939246,98.75371551513672
2026-05-02 08:22:08.139623,2026-05-02 08:22:08.139623,98.88206481933594
2026-05-02 08:22:08.338765,2026-05-02 08:22:08.338765,98.9911651611328
2026-05-02 08:22:08.539932,2026-05-02 08:22:08.539932,99.08389282226562
2026-05-02 08:22:08.731212,2026-05-02 08:22:08.731212,99.1627197265625
2026-05-02 08:22:08.929489,2026-05-02 08:22:08.929489,99.2297134399414
2026-05-02 08:22:09.130088,2026-05-02 08:22:09.130088,96.2983856201172
2026-05-02 08:22:09.341281,2026-05-02 08:22:09.341281,93.80674743652344
2026-05-02 08:22:09.540358,2026-05-02 08:22:09.540358,91.6888656616211
2026-05-02 08:22:09.739157,2026-05-02 08:22:09.739157,89.88865661621094
2026-05-02 08:22:09.940431,2026-05-02 08:22:09.940431,88.35848236083984
2026-05-02 08:22:10.138757,2026-05-02 08:22:10.138757,87.0578384399414
2026-05-02 08:22:10.342534,2026-05-02 08:22:10.342534,85.77650451660156
2026-05-02 08:22:10.540573,2026-05-02 08:22:10.540573,84.68737030029297
2026-05-02 08:22:23.632442,2026-05-02 08:22:23.632442,83.76161193847656
2026-05-02 08:22:23.839020,2026-05-02 08:22:23.839020,82.97471618652344
2026-05-02 08:22:24.040152,2026-05-02 08:22:24.040152,82.30584716796875
2026-05-02 08:22:24.239827,2026-05-02 08:22:24.239827,81.73731231689453
2026-05-02 08:22:24.439159,2026-05-02 08:22:24.439159,81.25405883789062
2026-05-02 08:22:24.639179,2026-05-02 08:22:24.639179,80.84329986572266
2026-05-02 08:22:24.839297,2026-05-02 08:22:24.839297,80.49414825439453
2026-05-02 08:22:25.038773,2026-05-02 08:22:25.038773,80.1973648071289
2026-05-02 08:22:25.238837,2026-05-02 08:22:25.238837,79.94510650634766
2026-05-02 08:22:25.438736,2026-05-02 08:22:25.438736,79.73068237304688
2026-05-02 08:22:25.640387,2026-05-02 08:22:25.640387,79.54842376708984
2026-05-02 08:22:25.839071,2026-05-02 08:22:25.839071,79.39350891113281
2026-05-02 08:22:26.038829,2026-05-02 08:22:26.038829,79.26182556152344
2026-05-02 08:22:26.238706,2026-05-02 08:22:26.238706,79.14989471435547
2026-05-02 08:22:26.438716,2026-05-02 08:22:26.438716,79.05475616455078
2026-05-02 08:22:26.638994,2026-05-02 08:22:26.638994,78.97388458251953
2026-05-02 08:22:26.838742,2026-05-02 08:22:26.838742,78.90514373779297
2026-05-02 08:22:27.039942,2026-05-02 08:22:27.039942,78.84671783447266
2026-05-02 08:22:27.239022,2026-05-02 08:22:27.239022,78.79705047607422
2026-05-02 08:22:27.439451,2026-05-02 08:22:27.439451,78.75483703613281
2026-05-02 08:22:27.630482,2026-05-02 08:22:27.630482,78.71895599365234
2026-05-02 08:22:27.839245,2026-05-02 08:22:27.839245,78.6884536743164
2026-05-02 08:22:28.042102,2026-05-02 08:22:28.042102,78.66252899169922
2026-05-02 08:22:28.242780,2026-05-02 08:22:28.242780,78.64049530029297
2026-05-02 08:22:28.441782,2026-05-02 08:22:28.441782,78.44598388671875
2026-05-02 08:22:28.639087,2026-05-02 08:22:28.639087,78.28064727783203
2026-05-02 08:22:28.839584,2026-05-02 08:22:28.839584,78.1401138305664
2026-05-02 08:22:29.041216,2026-05-02 08:22:29.041216,78.02066040039062
2026-05-02 08:22:29.238674,2026-05-02 08:22:29.238674,77.91912078857422
2026-05-02 08:22:29.439028,2026-05-02 08:22:29.439028,77.83281707763672
2026-05-02 08:22:29.641517,2026-05-02 08:22:29.641517,77.58367919921875
2026-05-02 08:22:29.839858,2026-05-02 08:22:29.839858,79.83283996582031
2026-05-02 08:22:30.039304,2026-05-02 08:22:30.039304,81.74463653564453
2026-05-02 08:22:30.240671,2026-05-02 08:22:30.240671,83.36965942382812
2026-05-02 08:22:30.441323,2026-05-02 08:22:30.441323,84.75093078613281
2026-05-02 08:22:30.639016,2026-05-02 08:22:30.639016,85.92501068115234
2026-05-02 08:22:30.840503,2026-05-02 08:22:30.840503,86.9229736328125
2026-05-02 08:22:31.039138,2026-05-02 08:22:31.039138,87.77124786376953
2026-05-02 08:22:31.240383,2026-05-02 08:22:31.240383,88.49227905273438
2026-05-02 08:22:31.440745,2026-05-02 08:22:31.440745,85.94109344482422
2026-05-02 08:22:31.641711,2026-05-02 08:22:31.641711,83.7725830078125
2026-05-02 08:22:31.841268,2026-05-02 08:22:31.841268,81.92935180664062
2026-05-02 08:22:32.040087,2026-05-02 08:22:32.040087,80.36260986328125
2026-05-02 08:22:32.239450,2026-05-02 08:22:32.239450,79.03087615966797
2026-05-02 08:22:32.440364,2026-05-02 08:22:32.440364,77.72311401367188
2026-05-02 08:22:32.641377,2026-05-02 08:22:32.641377,76.61152648925781
2026-05-02 08:22:32.839376,2026-05-02 08:22:32.839376,75.66667175292969
2026-05-02 08:22:33.039139,2026-05-02 08:22:33.039139,74.8635482788086
2026-05-02 08:22:33.240834,2026-05-02 08:22:33.240834,74.1808853149414
2026-05-02 08:22:33.441025,2026-05-02 08:22:33.441025,73.60063171386719
2026-05-02 08:22:33.638896,2026-05-02 08:22:33.638896,73.10741424560547
2026-05-02 08:22:33.841194,2026-05-02 08:22:33.841194,72.68817138671875
2026-05-02 08:22:34.039227,2026-05-02 08:22:34.039227,72.33182525634766
2026-05-02 08:22:34.241100,2026-05-02 08:22:34.241100,72.02892303466797
2026-05-02 08:22:34.439663,2026-05-02 08:22:34.439663,71.7714614868164
2026-05-02 08:22:34.640860,2026-05-02 08:22:34.640860,71.55261993408203
2026-05-02 08:22:34.840560,2026-05-02 08:22:34.840560,71.3666000366211
2026-05-02 08:22:35.038656,2026-05-02 08:22:35.038656,71.20848083496094
2026-05-02 08:22:35.238768,2026-05-02 08:22:35.238768,71.07408905029297
2026-05-02 08:22:35.438989,2026-05-02 08:22:35.438989,70.95984649658203
2026-05-02 08:22:35.639244,2026-05-02 08:22:35.639244,70.86274719238281
2026-05-02 08:22:35.840575,2026-05-02 08:22:35.840575,70.78021240234375
2026-05-02 08:22:36.039282,2026-05-02 08:22:36.039282,70.71005249023438
2026-05-02 08:22:36.241990,2026-05-02 08:22:36.241990,70.65042114257812
2026-05-02 08:22:36.439246,2026-05-02 08:22:36.439246,70.5997314453125
2026-05-02 08:22:36.638689,2026-05-02 08:22:36.638689,70.55664825439453
2026-05-02 08:22:36.839374,2026-05-02 08:22:36.839374,70.52002716064453
2026-05-02 08:22:37.038660,2026-05-02 08:22:37.038660,70.48889923095703
2026-05-02 08:22:37.239156,2026-05-02 08:22:37.239156,70.46244049072266
2026-05-02 08:22:37.439473,2026-05-02 08:22:37.439473,70.43994903564453
2026-05-02 08:22:37.639405,2026-05-02 08:22:37.639405,70.42082977294922
2026-05-02 08:22:37.839346,2026-05-02 08:22:37.839346,70.40457916259766
2026-05-02 08:22:38.042645,2026-05-02 08:22:38.042645,70.3907699584961
2026-05-02 08:22:38.232782,2026-05-02 08:22:38.232782,70.3790283203125
2026-05-02 08:22:38.440773,2026-05-02 08:22:38.440773,70.36904907226562
2026-05-02 08:22:38.638857,2026-05-02 08:22:38.638857,70.36056518554688
2026-05-02 08:22:38.841282,2026-05-02 08:22:38.841282,70.35335540771484
2026-05-02 08:22:39.039042,2026-05-02 08:22:39.039042,70.34722900390625
2026-05-02 08:22:39.239787,2026-05-02 08:22:39.239787,70.3420181274414
2026-05-02 08:22:39.439229,2026-05-02 08:22:39.439229,70.33759307861328
2026-05-02 08:22:39.639617,2026-05-02 08:22:39.639617,70.33382415771484
2026-05-02 08:22:39.839234,2026-05-02 08:22:39.839234,70.33062744140625
2026-05-02 08:22:40.038954,2026-05-02 08:22:40.038954,70.32791137695312
2026-05-02 08:22:40.239272,2026-05-02 08:22:40.239272,70.32559967041016
2026-05-02 08:22:40.438632,2026-05-02 08:22:40.438632,70.3236312866211
2026-05-02 08:22:40.638847,2026-05-02 08:22:40.638847,70.32196044921875
2026-05-02 08:22:40.839297,2026-05-02 08:22:40.839297,70.32054138183594
2026-05-02 08:22:41.038711,2026-05-02 08:22:41.038711,70.3193359375
2026-05-02 08:22:41.239289,2026-05-02 08:22:41.239289,70.31831359863281
2026-05-02 08:22:41.438795,2026-05-02 08:22:41.438795,70.31743621826172
2026-05-02 08:22:41.639361,2026-05-02 08:22:41.639361,70.31669616699219
2026-05-02 08:22:41.838828,2026-05-02 08:22:41.838828,70.49185180664062
2026-05-02 08:22:42.038423,2026-05-02 08:22:42.038423,70.64073181152344
2026-05-02 08:22:42.238459,2026-05-02 08:22:42.238459,70.76727294921875
2026-05-02 08:22:42.438789,2026-05-02 08:22:42.438789,70.87483978271484
2026-05-02 08:22:42.638836,2026-05-02 08:22:42.638836,70.96627044677734
2026-05-02 08:22:42.838638,2026-05-02 08:22:42.838638,71.04398345947266
2026-05-02 08:22:43.038464,2026-05-02 08:22:43.038464,71.11004638671875
2026-05-02 08:22:43.238490,2026-05-02 08:22:43.238490,71.16619110107422
2026-05-02 08:22:43.438925,2026-05-02 08:22:43.438925,71.21392059326172
2026-05-02 08:22:43.638460,2026-05-02 08:22:43.638460,77.93417358398438
2026-05-02 08:22:43.838497,2026-05-02 08:22:43.838497,83.64639282226562
2026-05-02 08:22:44.038527,2026-05-02 08:22:44.038527,88.50177764892578
2026-05-02 08:22:44.239665,2026-05-02 08:22:44.239665,92.62885284423828
2026-05-02 08:22:44.438778,2026-05-02 08:22:44.438778,96.13687133789062
2026-05-02 08:22:44.640199,2026-05-02 08:22:44.640199,99.11868286132812
2026-05-02 08:22:44.839001,2026-05-02 08:22:44.839001,101.65322875976562
2026-05-02 08:22:45.043387,2026-05-02 08:22:45.043387,103.80758666992188
2026-05-02 08:22:45.239944,2026-05-02 08:22:45.239944,105.6387939453125
2026-05-02 08:22:45.438710,2026-05-02 08:22:45.438710,107.1953125
2026-05-02 08:22:45.638853,2026-05-02 08:22:45.638853,108.51836395263672
2026-05-02 08:22:45.839278,2026-05-02 08:22:45.839278,109.64295196533205
2026-05-02 08:22:46.039045,2026-05-02 08:22:46.039045,110.5988540649414
2026-05-02 08:22:46.241215,2026-05-02 08:22:46.241215,111.41136932373048
2026-05-02 08:22:46.438819,2026-05-02 08:22:46.438819,112.1020050048828
2026-05-02 08:22:46.639017,2026-05-02 08:22:46.639017,112.68904876708984
2026-05-02 08:22:46.839566,2026-05-02 08:22:46.839566,113.1880340576172
2026-05-02 08:22:47.039431,2026-05-02 08:22:47.039431,113.61217498779295
2026-05-02 08:22:47.240052,2026-05-02 08:22:47.240052,113.97269439697266
2026-05-02 08:22:47.439203,2026-05-02 08:22:47.439203,114.27912902832033
2026-05-02 08:22:47.638827,2026-05-02 08:22:47.638827,114.53960418701172
2026-05-02 08:22:47.838877,2026-05-02 08:22:47.838877,114.7610092163086
2026-05-02 08:22:48.039128,2026-05-02 08:22:48.039128,114.94920349121094
2026-05-02 08:22:48.239274,2026-05-02 08:22:48.239274,115.10916137695312
2026-05-02 08:22:48.438858,2026-05-02 08:22:48.438858,115.24513244628906
2026-05-02 08:22:48.639387,2026-05-02 08:22:48.639387,115.36071014404295
2026-05-02 08:22:48.839685,2026-05-02 08:22:48.839685,115.45894622802734
2026-05-02 08:23:01.940891,2026-05-02 08:23:01.940891,115.54244995117188
2026-05-02 08:23:02.138848,2026-05-02 08:23:02.138848,115.6134262084961
2026-05-02 08:23:02.339601,2026-05-02 08:23:02.339601,115.67375183105467
2026-05-02 08:23:02.539129,2026-05-02 08:23:02.539129,115.72503662109376
2026-05-02 08:23:02.738981,2026-05-02 08:23:02.738981,113.83502960205078
2026-05-02 08:23:02.938677,2026-05-02 08:23:02.938677,112.22852325439452
2026-05-02 08:23:03.139515,2026-05-02 08:23:03.139515,110.86299896240234
2026-05-02 08:23:03.340502,2026-05-02 08:23:03.340502,109.7022933959961
2026-05-02 08:23:03.539592,2026-05-02 08:23:03.539592,108.71570587158205
2026-05-02 08:23:03.740181,2026-05-02 08:23:03.740181,107.8770980834961
2026-05-02 08:23:03.938839,2026-05-02 08:23:03.938839,107.3400650024414
2026-05-02 08:23:04.139180,2026-05-02 08:23:04.139180,106.88358306884766
2026-05-02 08:23:04.340686,2026-05-02 08:23:04.340686,106.4955825805664
2026-05-02 08:23:04.540017,2026-05-02 08:23:04.540017,106.165771484375
2026-05-02 08:23:04.738989,2026-05-02 08:23:04.738989,105.88543701171876
2026-05-02 08:23:04.939869,2026-05-02 08:23:04.939869,105.64715576171876
2026-05-02 08:23:05.138735,2026-05-02 08:23:05.138735,105.44461059570312
2026-05-02 08:23:05.338683,2026-05-02 08:23:05.338683,105.27245330810548
2026-05-02 08:23:05.538610,2026-05-02 08:23:05.538610,105.12611389160156
2026-05-02 08:23:05.740816,2026-05-02 08:23:05.740816,105.0017318725586
2026-05-02 08:23:05.939043,2026-05-02 08:23:05.939043,104.89600372314452
2026-05-02 08:23:06.139914,2026-05-02 08:23:06.139914,104.9819107055664
2026-05-02 08:23:06.339163,2026-05-02 08:23:06.339163,105.05493927001952
2026-05-02 08:23:06.538704,2026-05-02 08:23:06.538704,105.11701202392578
2026-05-02 08:23:06.738991,2026-05-02 08:23:06.738991,105.16976928710938
2026-05-02 08:23:06.939050,2026-05-02 08:23:06.939050,105.21461486816406
2026-05-02 08:23:07.139184,2026-05-02 08:23:07.139184,105.25273895263672
2026-05-02 08:23:07.339638,2026-05-02 08:23:07.339638,105.28514099121094
2026-05-02 08:23:07.538862,2026-05-02 08:23:07.538862,105.48846435546876
2026-05-02 08:23:07.739637,2026-05-02 08:23:07.739637,105.66128540039062
2026-05-02 08:23:07.939352,2026-05-02 08:23:07.939352,105.80818939208984
2026-05-02 08:23:08.139085,2026-05-02 08:23:08.139085,105.93305206298828
2026-05-02 08:23:08.338805,2026-05-02 08:23:08.338805,106.03919219970705
2026-05-02 08:23:08.539600,2026-05-02 08:23:08.539600,106.12940216064452
2026-05-02 08:23:08.740117,2026-05-02 08:23:08.740117,106.20608520507812
2026-05-02 08:23:08.939040,2026-05-02 08:23:08.939040,106.27127075195312
2026-05-02 08:23:09.139135,2026-05-02 08:23:09.139135,106.32667541503906
2026-05-02 08:23:09.339072,2026-05-02 08:23:09.339072,106.37376403808594
2026-05-02 08:23:09.539261,2026-05-02 08:23:09.539261,106.4137954711914
2026-05-02 08:23:09.739395,2026-05-02 08:23:09.739395,106.44781494140624
2026-05-02 08:23:09.938889,2026-05-02 08:23:09.938889,106.47673797607422
2026-05-02 08:23:10.139770,2026-05-02 08:23:10.139770,106.5013198852539
2026-05-02 08:23:10.339058,2026-05-02 08:23:10.339058,106.522216796875
2026-05-02 08:23:10.540072,2026-05-02 08:23:10.540072,106.53997802734376
2026-05-02 08:23:10.740989,2026-05-02 08:23:10.740989,106.5550765991211
2026-05-02 08:23:10.940797,2026-05-02 08:23:10.940797,106.56790924072266
2026-05-02 08:23:11.139878,2026-05-02 08:23:11.139878,106.75460052490234
2026-05-02 08:23:11.340362,2026-05-02 08:23:11.340362,106.9132843017578
2026-05-02 08:23:11.543132,2026-05-02 08:23:11.543132,107.04816436767578
2026-05-02 08:23:11.742121,2026-05-02 08:23:11.742121,107.1628189086914
2026-05-02 08:23:11.942541,2026-05-02 08:23:11.942541,107.26026916503906
2026-05-02 08:23:12.140045,2026-05-02 08:23:12.140045,107.34310150146484
2026-05-02 08:23:12.340588,2026-05-02 08:23:12.340588,107.41351318359376
2026-05-02 08:23:12.540436,2026-05-02 08:23:12.540436,107.47335815429688
2026-05-02 08:23:12.742698,2026-05-02 08:23:12.742698,107.52423095703124
2026-05-02 08:23:12.939997,2026-05-02 08:23:12.939997,107.56747436523438
2026-05-02 08:23:13.140446,2026-05-02 08:23:13.140446,107.6042251586914
2026-05-02 08:23:13.343705,2026-05-02 08:23:13.343705,107.63546752929688
2026-05-02 08:23:13.540015,2026-05-02 08:23:13.540015,107.66202545166016
2026-05-02 08:23:13.739678,2026-05-02 08:23:13.739678,107.6845932006836
2026-05-02 08:23:13.939684,2026-05-02 08:23:13.939684,107.70378112792967
2026-05-02 08:23:14.140665,2026-05-02 08:23:14.140665,107.72008514404295
2026-05-02 08:23:14.340739,2026-05-02 08:23:14.340739,107.73394775390624
2026-05-02 08:23:14.542201,2026-05-02 08:23:14.542201,107.92151641845705
2026-05-02 08:23:14.739452,2026-05-02 08:23:14.739452,108.08094024658205
2026-05-02 08:23:14.939666,2026-05-02 08:23:14.939666,108.21646118164062
2026-05-02 08:23:15.139276,2026-05-02 08:23:15.139276,108.3316421508789
2026-05-02 08:23:15.340588,2026-05-02 08:23:15.340588,108.42955780029295
2026-05-02 08:23:15.540042,2026-05-02 08:23:15.540042,108.51277923583984
2026-05-02 08:23:15.739061,2026-05-02 08:23:15.739061,108.5835189819336
2026-05-02 08:23:15.941280,2026-05-02 08:23:15.941280,108.64364624023438
2026-05-02 08:23:16.139478,2026-05-02 08:23:16.139478,108.69475555419922
2026-05-02 08:23:16.340558,2026-05-02 08:23:16.340558,108.73819732666016
2026-05-02 08:23:16.538904,2026-05-02 08:23:16.538904,108.7751235961914
2026-05-02 08:23:16.740995,2026-05-02 08:23:16.740995,108.80651092529295
2026-05-02 08:23:16.939361,2026-05-02 08:23:16.939361,108.83319091796876
2026-05-02 08:23:17.140167,2026-05-02 08:23:17.140167,108.85586547851562
2026-05-02 08:23:17.338634,2026-05-02 08:23:17.338634,108.8751449584961
2026-05-02 08:23:17.538759,2026-05-02 08:23:17.538759,109.06731414794922
2026-05-02 08:23:17.741955,2026-05-02 08:23:17.741955,109.23065185546876
2026-05-02 08:23:17.939019,2026-05-02 08:23:17.939019,109.36949157714844
2026-05-02 08:23:18.141474,2026-05-02 08:23:18.141474,109.4875030517578
2026-05-02 08:23:18.342011,2026-05-02 08:23:18.342011,109.58781433105467
2026-05-02 08:23:18.539783,2026-05-02 08:23:18.539783,109.67308044433594
2026-05-02 08:23:18.740948,2026-05-02 08:23:18.740948,109.7455596923828
2026-05-02 08:23:18.938958,2026-05-02 08:23:18.938958,109.80715942382812
2026-05-02 08:23:19.139506,2026-05-02 08:23:19.139506,109.85952758789062
2026-05-02 08:23:19.340976,2026-05-02 08:23:19.340976,109.9040298461914
2026-05-02 08:23:19.538819,2026-05-02 08:23:19.538819,109.94186401367188
2026-05-02 08:23:19.739992,2026-05-02 08:23:19.739992,109.9740219116211
2026-05-02 08:23:19.940634,2026-05-02 08:23:19.940634,114.04432678222656
2026-05-02 08:23:20.138804,2026-05-02 08:23:20.138804,117.50408172607422
2026-05-02 08:23:20.338618,2026-05-02 08:23:20.338618,120.44487762451172
2026-05-02 08:23:20.539070,2026-05-02 08:23:20.539070,122.94454956054688
2026-05-02 08:23:20.738655,2026-05-02 08:23:20.738655,125.06927490234376
2026-05-02 08:23:20.938746,2026-05-02 08:23:20.938746,126.8752899169922
2026-05-02 08:23:21.138777,2026-05-02 08:23:21.138777,128.410400390625
2026-05-02 08:23:21.338701,2026-05-02 08:23:21.338701,129.7152557373047
2026-05-02 08:23:21.538757,2026-05-02 08:23:21.538757,130.82437133789062
2026-05-02 08:23:21.738895,2026-05-02 08:23:21.738895,131.76712036132812
2026-05-02 08:23:21.939064,2026-05-02 08:23:21.939064,132.56845092773438
2026-05-02 08:23:22.138809,2026-05-02 08:23:22.138809,133.2495880126953
2026-05-02 08:23:22.338952,2026-05-02 08:23:22.338952,133.8285675048828
2026-05-02 08:23:22.539304,2026-05-02 08:23:22.539304,134.3206787109375
2026-05-02 08:23:22.739038,2026-05-02 08:23:22.739038,134.73898315429688
2026-05-02 08:23:22.939827,2026-05-02 08:23:22.939827,128.41485595703125
2026-05-02 08:23:23.139213,2026-05-02 08:23:23.139213,122.86356353759766
2026-05-02 08:23:23.339461,2026-05-02 08:23:23.339461,118.14496612548828
2026-05-02 08:23:23.538832,2026-05-02 08:23:23.538832,114.13416290283205
2026-05-02 08:23:23.738726,2026-05-02 08:23:23.738726,110.7249755859375
2026-05-02 08:23:23.938961,2026-05-02 08:23:23.938961,107.82716369628906
2026-05-02 08:23:24.139048,2026-05-02 08:23:24.139048,105.36402893066406
2026-05-02 08:23:24.338728,2026-05-02 08:23:24.338728,103.2703628540039
2026-05-02 08:23:24.539171,2026-05-02 08:23:24.539171,101.4907455444336
2026-05-02 08:23:24.738652,2026-05-02 08:23:24.738652,99.9780731201172
2026-05-02 08:23:24.939140,2026-05-02 08:23:24.939140,98.51651763916016
2026-05-02 08:23:25.138896,2026-05-02 08:23:25.138896,97.2741928100586
2026-05-02 08:23:25.338986,2026-05-02 08:23:25.338986,96.21822357177734
2026-05-02 08:23:25.539327,2026-05-02 08:23:25.539327,95.32064819335938
2026-05-02 08:23:25.738830,2026-05-02 08:23:25.738830,94.55770111083984
2026-05-02 08:23:25.938664,2026-05-02 08:23:25.938664,93.9092025756836
2026-05-02 08:23:26.141855,2026-05-02 08:23:26.141855,93.35797882080078
2026-05-02 08:23:26.338785,2026-05-02 08:23:26.338785,92.88944244384766
2026-05-02 08:23:26.538804,2026-05-02 08:23:26.538804,92.49118041992188
2026-05-02 08:23:26.738864,2026-05-02 08:23:26.738864,92.15265655517578
2026-05-02 08:23:26.941282,2026-05-02 08:23:26.941282,91.86491394042967
2026-05-02 08:23:27.141630,2026-05-02 08:23:27.141630,91.6203384399414
2026-05-02 08:23:40.240809,2026-05-02 08:23:40.240809,91.41244506835938
2026-05-02 08:23:40.439087,2026-05-02 08:23:40.439087,91.05995178222656
2026-05-02 08:23:40.638724,2026-05-02 08:23:40.638724,90.76033020019533
2026-05-02 08:23:40.838899,2026-05-02 08:23:40.838899,90.5056610107422
2026-05-02 08:23:41.039355,2026-05-02 08:23:41.039355,90.2891845703125
2026-05-02 08:23:41.239454,2026-05-02 08:23:41.239454,90.1051788330078
2026-05-02 08:23:41.440106,2026-05-02 08:23:41.440106,89.94877624511719
2026-05-02 08:23:41.638700,2026-05-02 08:23:41.638700,89.81583404541016
2026-05-02 08:23:41.840741,2026-05-02 08:23:41.840741,89.70283508300781
2026-05-02 08:23:42.039371,2026-05-02 08:23:42.039371,89.6067886352539
2026-05-02 08:23:42.238950,2026-05-02 08:23:42.238950,89.525146484375
2026-05-02 08:23:42.438886,2026-05-02 08:23:42.438886,89.10418701171875
2026-05-02 08:23:42.639490,2026-05-02 08:23:42.639490,88.57058715820312
2026-05-02 08:23:42.839489,2026-05-02 08:23:42.839489,88.11702728271484
2026-05-02 08:23:43.038704,2026-05-02 08:23:43.038704,87.55572509765625
2026-05-02 08:23:43.239023,2026-05-02 08:23:43.239023,87.07862091064453
2026-05-02 08:23:43.439017,2026-05-02 08:23:43.439017,86.6730728149414
2026-05-02 08:23:43.639481,2026-05-02 08:23:43.639481,86.32836151123047
2026-05-02 08:23:43.838724,2026-05-02 08:23:43.838724,85.85958099365234
2026-05-02 08:23:44.039569,2026-05-02 08:23:44.039569,85.46111297607422
2026-05-02 08:23:44.238803,2026-05-02 08:23:44.238803,85.1224136352539
2026-05-02 08:23:44.438740,2026-05-02 08:23:44.438740,84.83451843261719
2026-05-02 08:23:44.639272,2026-05-02 08:23:44.639272,84.58981323242188
2026-05-02 08:23:44.839037,2026-05-02 08:23:44.839037,84.38180541992188
2026-05-02 08:23:45.040272,2026-05-02 08:23:45.040272,84.20500183105469
2026-05-02 08:23:45.240750,2026-05-02 08:23:45.240750,84.05472564697266
2026-05-02 08:23:45.438839,2026-05-02 08:23:45.438839,83.75120544433594
2026-05-02 08:23:45.639390,2026-05-02 08:23:45.639390,81.38383483886719
2026-05-02 08:23:45.838773,2026-05-02 08:23:45.838773,79.37157440185547
2026-05-02 08:23:46.039087,2026-05-02 08:23:46.039087,77.66114807128906
2026-05-02 08:23:46.240367,2026-05-02 08:23:46.240367,76.20729064941406
2026-05-02 08:23:46.438667,2026-05-02 08:23:46.438667,74.97150421142578
2026-05-02 08:23:46.638740,2026-05-02 08:23:46.638740,73.92109680175781
2026-05-02 08:23:46.838686,2026-05-02 08:23:46.838686,73.02824401855469
2026-05-02 08:23:47.038926,2026-05-02 08:23:47.038926,72.26931762695312
2026-05-02 08:23:47.239223,2026-05-02 08:23:47.239223,71.62423706054688
2026-05-02 08:23:47.439559,2026-05-02 08:23:47.439559,71.07591247558594
2026-05-02 08:23:47.639031,2026-05-02 08:23:47.639031,70.6098403930664
2026-05-02 08:23:47.838835,2026-05-02 08:23:47.838835,70.21367645263672
2026-05-02 08:23:48.040150,2026-05-02 08:23:48.040150,69.87693786621094
2026-05-02 08:23:48.239213,2026-05-02 08:23:48.239213,69.59070587158203
2026-05-02 08:23:48.438763,2026-05-02 08:23:48.438763,69.347412109375
2026-05-02 08:23:48.642707,2026-05-02 08:23:48.642707,69.14061737060547
2026-05-02 08:23:48.840001,2026-05-02 08:23:48.840001,68.96483612060547
2026-05-02 08:23:49.039128,2026-05-02 08:23:49.039128,70.74901580810547
2026-05-02 08:23:49.238654,2026-05-02 08:23:49.238654,72.26557159423828
2026-05-02 08:23:49.440274,2026-05-02 08:23:49.440274,73.55464172363281
2026-05-02 08:23:49.640708,2026-05-02 08:23:49.640708,74.65035247802734
2026-05-02 08:23:49.841538,2026-05-02 08:23:49.841538,75.58170318603516
2026-05-02 08:23:50.039004,2026-05-02 08:23:50.039004,76.37335205078125
2026-05-02 08:23:50.240128,2026-05-02 08:23:50.240128,77.04625701904297
2026-05-02 08:23:50.441129,2026-05-02 08:23:50.441129,77.61822509765625
2026-05-02 08:23:50.639277,2026-05-02 08:23:50.639277,78.10440063476562
2026-05-02 08:23:50.840169,2026-05-02 08:23:50.840169,78.51764678955078
2026-05-02 08:23:51.038835,2026-05-02 08:23:51.038835,78.86890411376953
2026-05-02 08:23:51.239765,2026-05-02 08:23:51.239765,79.16747283935547
2026-05-02 08:23:51.442892,2026-05-02 08:23:51.442892,79.42125701904297
2026-05-02 08:23:51.639454,2026-05-02 08:23:51.639454,79.63697814941406
2026-05-02 08:23:51.839898,2026-05-02 08:23:51.839898,79.8203353881836
2026-05-02 08:23:52.040238,2026-05-02 08:23:52.040238,80.15196990966797
2026-05-02 08:23:52.241632,2026-05-02 08:23:52.241632,80.43386840820312
2026-05-02 08:23:52.439613,2026-05-02 08:23:52.439613,80.67346954345703
2026-05-02 08:23:52.640668,2026-05-02 08:23:52.640668,80.87713623046875
2026-05-02 08:23:52.839765,2026-05-02 08:23:52.839765,81.05025482177734
2026-05-02 08:23:53.039095,2026-05-02 08:23:53.039095,81.19740295410156
2026-05-02 08:23:53.243138,2026-05-02 08:23:53.243138,81.32247924804688
2026-05-02 08:23:53.438696,2026-05-02 08:23:53.438696,81.60457611083984
2026-05-02 08:23:53.639213,2026-05-02 08:23:53.639213,81.8443603515625
2026-05-02 08:23:53.839298,2026-05-02 08:23:53.839298,82.04817199707031
2026-05-02 08:23:54.039944,2026-05-02 08:23:54.039944,82.39720153808594
2026-05-02 08:23:54.239754,2026-05-02 08:23:54.239754,82.6938705444336
2026-05-02 08:23:54.438851,2026-05-02 08:23:54.438851,82.94603729248047
2026-05-02 08:23:54.639671,2026-05-02 08:23:54.639671,83.16038513183594
2026-05-02 08:23:54.841598,2026-05-02 08:23:54.841598,83.51835632324219
2026-05-02 08:23:55.038728,2026-05-02 08:23:55.038728,83.8226318359375
2026-05-02 08:23:55.240159,2026-05-02 08:23:55.240159,84.08126831054688
2026-05-02 08:23:55.440953,2026-05-02 08:23:55.440953,84.30110931396484
2026-05-02 08:23:55.638907,2026-05-02 08:23:55.638907,84.48797607421875
2026-05-02 08:23:55.840187,2026-05-02 08:23:55.840187,84.64681243896484
2026-05-02 08:23:56.038695,2026-05-02 08:23:56.038695,84.95760345458984
2026-05-02 08:23:56.240133,2026-05-02 08:23:56.240133,85.22177124023438
2026-05-02 08:23:56.443748,2026-05-02 08:23:56.443748,85.44631958007812
2026-05-02 08:23:56.638696,2026-05-02 08:23:56.638696,85.6371841430664
2026-05-02 08:23:56.839459,2026-05-02 08:23:56.839459,85.79942321777344
2026-05-02 08:23:57.038859,2026-05-02 08:23:57.038859,85.93731689453125
2026-05-02 08:23:57.239974,2026-05-02 08:23:57.239974,86.05453491210938
2026-05-02 08:23:57.439227,2026-05-02 08:23:57.439227,86.15416717529297
2026-05-02 08:23:57.638810,2026-05-02 08:23:57.638810,86.23885345458984
2026-05-02 08:23:57.838937,2026-05-02 08:23:57.838937,86.48661804199219
2026-05-02 08:23:58.041365,2026-05-02 08:23:58.041365,86.69721984863281
2026-05-02 08:23:58.240334,2026-05-02 08:23:58.240334,86.87622833251953
2026-05-02 08:23:58.439810,2026-05-02 08:23:58.439810,87.02838897705078
2026-05-02 08:23:58.639706,2026-05-02 08:23:58.639706,87.15772247314453
2026-05-02 08:23:58.838791,2026-05-02 08:23:58.838791,87.26766204833984
2026-05-02 08:23:59.038621,2026-05-02 08:23:59.038621,87.3611068725586
2026-05-02 08:23:59.238919,2026-05-02 08:23:59.238919,87.44053649902344
2026-05-02 08:23:59.439918,2026-05-02 08:23:59.439918,87.50804901123047
2026-05-02 08:23:59.638878,2026-05-02 08:23:59.638878,87.56543731689453
2026-05-02 08:23:59.838991,2026-05-02 08:23:59.838991,87.61421203613281
2026-05-02 08:24:00.038727,2026-05-02 08:24:00.038727,87.65567779541016
2026-05-02 08:24:00.239185,2026-05-02 08:24:00.239185,87.69091796875
2026-05-02 08:24:00.438939,2026-05-02 08:24:00.438939,87.72087097167969
2026-05-02 08:24:00.639074,2026-05-02 08:24:00.639074,87.746337890625
2026-05-02 08:24:00.839906,2026-05-02 08:24:00.839906,87.76798248291016
2026-05-02 08:24:01.038823,2026-05-02 08:24:01.038823,87.786376953125
2026-05-02 08:24:01.239123,2026-05-02 08:24:01.239123,87.80201721191406
2026-05-02 08:24:01.438794,2026-05-02 08:24:01.438794,87.9910888671875
2026-05-02 08:24:01.638824,2026-05-02 08:24:01.638824,88.15180206298828
2026-05-02 08:24:01.838760,2026-05-02 08:24:01.838760,88.28840637207031
2026-05-02 08:24:02.039098,2026-05-02 08:24:02.039098,88.4045181274414
2026-05-02 08:24:02.239424,2026-05-02 08:24:02.239424,88.50321197509766
2026-05-02 08:24:02.439211,2026-05-02 08:24:02.439211,88.58710479736328
2026-05-02 08:24:02.638735,2026-05-02 08:24:02.638735,88.65841674804688
2026-05-02 08:24:02.838706,2026-05-02 08:24:02.838706,88.71903228759766
2026-05-02 08:24:03.039661,2026-05-02 08:24:03.039661,88.77055358886719
2026-05-02 08:24:03.238787,2026-05-02 08:24:03.238787,88.81433868408203
2026-05-02 08:24:03.438689,2026-05-02 08:24:03.438689,88.8515625
2026-05-02 08:24:03.638690,2026-05-02 08:24:03.638690,88.88320922851562
2026-05-02 08:24:03.839579,2026-05-02 08:24:03.839579,88.91010284423828
2026-05-02 08:24:04.039139,2026-05-02 08:24:04.039139,88.7571792602539
2026-05-02 08:24:04.240232,2026-05-02 08:24:04.240232,88.627197265625
2026-05-02 08:24:04.438732,2026-05-02 08:24:04.438732,88.51670837402344
2026-05-02 08:24:04.639295,2026-05-02 08:24:04.639295,88.42279815673828
2026-05-02 08:24:04.839647,2026-05-02 08:24:04.839647,88.34297180175781
2026-05-02 08:24:05.041502,2026-05-02 08:24:05.041502,88.27511596679688
2026-05-02 08:24:05.239356,2026-05-02 08:24:05.239356,88.21744537353516
2026-05-02 08:24:05.438805,2026-05-02 08:24:05.438805,88.16841888427734
2026-05-02 08:24:18.538735,2026-05-02 08:24:18.538735,88.12675476074219
2026-05-02 08:24:18.739032,2026-05-02 08:24:18.739032,88.0913314819336
2026-05-02 08:24:18.943597,2026-05-02 08:24:18.943597,88.06122589111328
2026-05-02 08:24:19.139553,2026-05-02 08:24:19.139553,88.03563690185547
2026-05-02 08:24:19.339956,2026-05-02 08:24:19.339956,88.01388549804688
2026-05-02 08:24:19.539618,2026-05-02 08:24:19.539618,87.99539947509766
2026-05-02 08:24:19.739002,2026-05-02 08:24:19.739002,87.97968292236328
2026-05-02 08:24:19.938863,2026-05-02 08:24:19.938863,87.96632385253906
2026-05-02 08:24:20.140230,2026-05-02 08:24:20.140230,87.77919006347656
2026-05-02 08:24:20.339128,2026-05-02 08:24:20.339128,87.6201171875
2026-05-02 08:24:20.538737,2026-05-02 08:24:20.538737,87.48491668701172
2026-05-02 08:24:20.738814,2026-05-02 08:24:20.738814,87.36998748779297
2026-05-02 08:24:20.938871,2026-05-02 08:24:20.938871,87.27230072021484
2026-05-02 08:24:21.138728,2026-05-02 08:24:21.138728,87.01348876953125
2026-05-02 08:24:21.339928,2026-05-02 08:24:21.339928,86.79349517822266
2026-05-02 08:24:21.539053,2026-05-02 08:24:21.539053,86.60650634765625
2026-05-02 08:24:21.739860,2026-05-02 08:24:21.739860,86.27178192138672
2026-05-02 08:24:21.939186,2026-05-02 08:24:21.939186,85.98725891113281
2026-05-02 08:24:22.138712,2026-05-02 08:24:22.138712,85.74542236328125
2026-05-02 08:24:22.339104,2026-05-02 08:24:22.339104,85.53985595703125
2026-05-02 08:24:22.538681,2026-05-02 08:24:22.538681,85.36512756347656
2026-05-02 08:24:22.738788,2026-05-02 08:24:22.738788,85.21661376953125
2026-05-02 08:24:22.940206,2026-05-02 08:24:22.940206,85.09037017822266
2026-05-02 08:24:23.139789,2026-05-02 08:24:23.139789,84.98306274414062
2026-05-02 08:24:23.339180,2026-05-02 08:24:23.339180,84.89185333251953
2026-05-02 08:24:23.540488,2026-05-02 08:24:23.540488,84.81432342529297
2026-05-02 08:24:23.738768,2026-05-02 08:24:23.738768,84.74842834472656
2026-05-02 08:24:23.938686,2026-05-02 08:24:23.938686,84.69241333007812
2026-05-02 08:24:24.138956,2026-05-02 08:24:24.138956,84.6447982788086
2026-05-02 08:24:24.339148,2026-05-02 08:24:24.339148,84.60433197021484
2026-05-02 08:24:24.539402,2026-05-02 08:24:24.539402,81.75743103027344
2026-05-02 08:24:24.738810,2026-05-02 08:24:24.738810,79.33757019042969
2026-05-02 08:24:24.938597,2026-05-02 08:24:24.938597,77.28068542480469
2026-05-02 08:24:25.139965,2026-05-02 08:24:25.139965,75.5323257446289
2026-05-02 08:24:25.339297,2026-05-02 08:24:25.339297,74.04622650146484
2026-05-02 08:24:25.540478,2026-05-02 08:24:25.540478,72.78304290771484
2026-05-02 08:24:25.738639,2026-05-02 08:24:25.738639,71.70933532714844
2026-05-02 08:24:25.938824,2026-05-02 08:24:25.938824,70.79668426513672
2026-05-02 08:24:26.138938,2026-05-02 08:24:26.138938,70.02093505859375
2026-05-02 08:24:26.338724,2026-05-02 08:24:26.338724,69.36154174804688
2026-05-02 08:24:26.538783,2026-05-02 08:24:26.538783,68.80106353759766
2026-05-02 08:24:26.739081,2026-05-02 08:24:26.739081,68.32465362548828
2026-05-02 08:24:26.940656,2026-05-02 08:24:26.940656,67.91970825195312
2026-05-02 08:24:27.139791,2026-05-02 08:24:27.139791,67.57550048828125
2026-05-02 08:24:27.339483,2026-05-02 08:24:27.339483,67.28292083740234
2026-05-02 08:24:27.538879,2026-05-02 08:24:27.538879,67.03423309326172
2026-05-02 08:24:27.740380,2026-05-02 08:24:27.740380,66.8228530883789
2026-05-02 08:24:27.938638,2026-05-02 08:24:27.938638,66.64317321777344
2026-05-02 08:24:28.139033,2026-05-02 08:24:28.139033,66.49044799804688
2026-05-02 08:24:28.339596,2026-05-02 08:24:28.339596,66.36062622070312
2026-05-02 08:24:28.539701,2026-05-02 08:24:28.539701,66.25028228759766
2026-05-02 08:24:28.739525,2026-05-02 08:24:28.739525,66.156494140625
2026-05-02 08:24:28.940268,2026-05-02 08:24:28.940268,66.07676696777344
2026-05-02 08:24:29.139957,2026-05-02 08:24:29.139957,66.18478393554688
2026-05-02 08:24:29.338732,2026-05-02 08:24:29.338732,66.27659606933594
2026-05-02 08:24:29.539670,2026-05-02 08:24:29.539670,66.3546371459961
2026-05-02 08:24:29.739036,2026-05-02 08:24:29.739036,66.42097473144531
2026-05-02 08:24:29.938816,2026-05-02 08:24:29.938816,66.47736358642578
2026-05-02 08:24:30.140688,2026-05-02 08:24:30.140688,66.52528381347656
2026-05-02 08:24:30.339012,2026-05-02 08:24:30.339012,66.74180603027344
2026-05-02 08:24:30.539918,2026-05-02 08:24:30.539918,66.92584991455078
2026-05-02 08:24:30.740272,2026-05-02 08:24:30.740272,67.08228302001953
2026-05-02 08:24:30.939365,2026-05-02 08:24:30.939365,67.21525573730469
2026-05-02 08:24:31.139076,2026-05-02 08:24:31.139076,67.32827758789062
2026-05-02 08:24:31.338955,2026-05-02 08:24:31.338955,67.42434692382812
2026-05-02 08:24:31.538964,2026-05-02 08:24:31.538964,67.50601196289062
2026-05-02 08:24:31.739402,2026-05-02 08:24:31.739402,67.5754165649414
2026-05-02 08:24:31.939278,2026-05-02 08:24:31.939278,67.8102035522461
2026-05-02 08:24:32.140434,2026-05-02 08:24:32.140434,68.009765625
2026-05-02 08:24:32.339679,2026-05-02 08:24:32.339679,68.17938995361328
2026-05-02 08:24:32.540992,2026-05-02 08:24:32.540992,68.32357788085938
2026-05-02 08:24:32.739403,2026-05-02 08:24:32.739403,68.44613647460938
2026-05-02 08:24:32.941660,2026-05-02 08:24:32.941660,68.55030822753906
2026-05-02 08:24:33.139482,2026-05-02 08:24:33.139482,68.63885498046875
2026-05-02 08:24:33.340101,2026-05-02 08:24:33.340101,68.71411895751953
2026-05-02 08:24:33.539381,2026-05-02 08:24:33.539381,68.7780990600586
2026-05-02 08:24:33.740415,2026-05-02 08:24:33.740415,69.00825500488281
2026-05-02 08:24:33.940804,2026-05-02 08:24:33.940804,69.20389556884766
2026-05-02 08:24:34.139738,2026-05-02 08:24:34.139738,69.37018585205078
2026-05-02 08:24:34.341686,2026-05-02 08:24:34.341686,69.51153564453125
2026-05-02 08:24:34.542860,2026-05-02 08:24:34.542860,69.63167572021484
2026-05-02 08:24:34.739708,2026-05-02 08:24:34.739708,69.73380279541016
2026-05-02 08:24:34.940515,2026-05-02 08:24:34.940515,69.82060241699219
2026-05-02 08:24:35.144106,2026-05-02 08:24:35.144106,69.8943862915039
2026-05-02 08:24:35.340614,2026-05-02 08:24:35.340614,69.95710754394531
2026-05-02 08:24:35.539187,2026-05-02 08:24:35.539187,70.01041412353516
2026-05-02 08:24:35.738704,2026-05-02 08:24:35.738704,70.05572509765625
2026-05-02 08:24:35.940310,2026-05-02 08:24:35.940310,70.09424591064453
2026-05-02 08:24:36.140439,2026-05-02 08:24:36.140439,70.30276489257812
2026-05-02 08:24:36.341431,2026-05-02 08:24:36.341431,70.4800033569336
2026-05-02 08:24:36.539120,2026-05-02 08:24:36.539120,79.24394226074219
2026-05-02 08:24:36.739135,2026-05-02 08:24:36.739135,86.69329071044922
2026-05-02 08:24:36.940527,2026-05-02 08:24:36.940527,93.02523040771484
2026-05-02 08:24:37.141486,2026-05-02 08:24:37.141486,98.40738677978516
2026-05-02 08:24:37.339166,2026-05-02 08:24:37.339166,103.15799713134766
2026-05-02 08:24:37.541398,2026-05-02 08:24:37.541398,107.19601440429688
2026-05-02 08:24:37.739926,2026-05-02 08:24:37.739926,110.62833404541016
2026-05-02 08:24:37.939654,2026-05-02 08:24:37.939654,113.5457992553711
2026-05-02 08:24:38.139020,2026-05-02 08:24:38.139020,116.02565002441406
2026-05-02 08:24:38.339444,2026-05-02 08:24:38.339444,118.1335220336914
2026-05-02 08:24:38.540640,2026-05-02 08:24:38.540640,119.92520904541016
2026-05-02 08:24:38.738707,2026-05-02 08:24:38.738707,121.44815063476562
2026-05-02 08:24:38.939046,2026-05-02 08:24:38.939046,122.74264526367188
2026-05-02 08:24:39.139619,2026-05-02 08:24:39.139619,123.84296417236328
2026-05-02 08:24:39.339257,2026-05-02 08:24:39.339257,124.77824401855467
2026-05-02 08:24:39.539647,2026-05-02 08:24:39.539647,125.57322692871094
2026-05-02 08:24:39.739362,2026-05-02 08:24:39.739362,126.24895477294922
2026-05-02 08:24:39.939421,2026-05-02 08:24:39.939421,126.82333374023438
2026-05-02 08:24:40.138718,2026-05-02 08:24:40.138718,127.31155395507812
2026-05-02 08:24:40.339135,2026-05-02 08:24:40.339135,127.7265396118164
2026-05-02 08:24:40.539464,2026-05-02 08:24:40.539464,128.0792694091797
2026-05-02 08:24:40.739552,2026-05-02 08:24:40.739552,128.3791046142578
2026-05-02 08:24:40.938699,2026-05-02 08:24:40.938699,128.6339569091797
2026-05-02 08:24:41.138784,2026-05-02 08:24:41.138784,128.8505859375
2026-05-02 08:24:41.338762,2026-05-02 08:24:41.338762,129.0347137451172
2026-05-02 08:24:41.539456,2026-05-02 08:24:41.539456,129.19122314453125
2026-05-02 08:24:41.738650,2026-05-02 08:24:41.738650,129.3242645263672
2026-05-02 08:24:41.938931,2026-05-02 08:24:41.938931,129.43734741210938
2026-05-02 08:24:42.138631,2026-05-02 08:24:42.138631,129.53346252441406
2026-05-02 08:24:42.339241,2026-05-02 08:24:42.339241,129.6151580810547
2026-05-02 08:24:42.538693,2026-05-02 08:24:42.538693,129.68460083007812
2026-05-02 08:24:42.738736,2026-05-02 08:24:42.738736,129.74363708496094
2026-05-02 08:24:42.938849,2026-05-02 08:24:42.938849,129.79380798339844
2026-05-02 08:24:43.138929,2026-05-02 08:24:43.138929,130.01223754882812
2026-05-02 08:24:43.338887,2026-05-02 08:24:43.338887,130.19790649414062
2026-05-02 08:24:43.539304,2026-05-02 08:24:43.539304,130.355712890625
2026-05-02 08:24:43.738915,2026-05-02 08:24:43.738915,130.48985290527344
2026-05-02 08:24:56.840217,2026-05-02 08:24:56.840217,130.6038818359375
2026-05-02 08:24:57.039594,2026-05-02 08:24:57.039594,130.70079040527344
2026-05-02 08:24:57.240634,2026-05-02 08:24:57.240634,130.78317260742188
2026-05-02 08:24:57.440606,2026-05-02 08:24:57.440606,130.8531951904297
2026-05-02 08:24:57.642051,2026-05-02 08:24:57.642051,130.9127197265625
2026-05-02 08:24:57.838617,2026-05-02 08:24:57.838617,130.96331787109375
2026-05-02 08:24:58.038729,2026-05-02 08:24:58.038729,131.18209838867188
2026-05-02 08:24:58.239375,2026-05-02 08:24:58.239375,131.36805725097656
2026-05-02 08:24:58.439316,2026-05-02 08:24:58.439316,131.52613830566406
2026-05-02 08:24:58.639147,2026-05-02 08:24:58.639147,120.4104995727539
2026-05-02 08:24:58.840306,2026-05-02 08:24:58.840306,110.9622039794922
2026-05-02 08:24:59.039156,2026-05-02 08:24:59.039156,102.93115234375
2026-05-02 08:24:59.238942,2026-05-02 08:24:59.238942,96.1047592163086
2026-05-02 08:24:59.438868,2026-05-02 08:24:59.438868,90.30233001708984
2026-05-02 08:24:59.645642,2026-05-02 08:24:59.645642,85.3702621459961
2026-05-02 08:24:59.839415,2026-05-02 08:24:59.839415,81.1780014038086
2026-05-02 08:25:00.039092,2026-05-02 08:25:00.039092,77.61458587646484
2026-05-02 08:25:00.238971,2026-05-02 08:25:00.238971,74.58567810058594
2026-05-02 08:25:00.439346,2026-05-02 08:25:00.439346,71.8353271484375
2026-05-02 08:25:00.639106,2026-05-02 08:25:00.639106,69.67330932617188
2026-05-02 08:25:00.838782,2026-05-02 08:25:00.838782,67.8355941772461
2026-05-02 08:25:01.039433,2026-05-02 08:25:01.039433,66.0977554321289
2026-05-02 08:25:01.240377,2026-05-02 08:25:01.240377,64.62059020996094
2026-05-02 08:25:01.438694,2026-05-02 08:25:01.438694,63.3650016784668
2026-05-02 08:25:01.640395,2026-05-02 08:25:01.640395,62.29775238037109
2026-05-02 08:25:01.841943,2026-05-02 08:25:01.841943,61.39059066772461
2026-05-02 08:25:02.038614,2026-05-02 08:25:02.038614,60.61949920654297
2026-05-02 08:25:02.239424,2026-05-02 08:25:02.239424,59.96407699584961
2026-05-02 08:25:02.439029,2026-05-02 08:25:02.439029,59.23118209838867
2026-05-02 08:25:02.638789,2026-05-02 08:25:02.638789,58.60822296142578
2026-05-02 08:25:02.839580,2026-05-02 08:25:02.839580,58.07870864868164
2026-05-02 08:25:03.040200,2026-05-02 08:25:03.040200,57.62862014770508
2026-05-02 08:25:03.239001,2026-05-02 08:25:03.239001,57.24604797363281
2026-05-02 08:25:03.438766,2026-05-02 08:25:03.438766,56.920860290527344
2026-05-02 08:25:03.640198,2026-05-02 08:25:03.640198,56.64444732666016
2026-05-02 08:25:03.838628,2026-05-02 08:25:03.838628,56.40950012207031
2026-05-02 08:25:04.038779,2026-05-02 08:25:04.038779,56.03401184082031
2026-05-02 08:25:04.238691,2026-05-02 08:25:04.238691,55.71484756469727
2026-05-02 08:25:04.440053,2026-05-02 08:25:04.440053,55.44355773925781
2026-05-02 08:25:04.640638,2026-05-02 08:25:04.640638,55.21296310424805
2026-05-02 08:25:04.838772,2026-05-02 08:25:04.838772,55.0169563293457
2026-05-02 08:25:05.038785,2026-05-02 08:25:05.038785,54.85034942626953
2026-05-02 08:25:05.239125,2026-05-02 08:25:05.239125,54.70873641967773
2026-05-02 08:25:05.439126,2026-05-02 08:25:05.439126,54.58836364746094
2026-05-02 08:25:05.640404,2026-05-02 08:25:05.640404,54.48604583740234
2026-05-02 08:25:05.839516,2026-05-02 08:25:05.839516,54.39907455444336
2026-05-02 08:25:06.039504,2026-05-02 08:25:06.039504,54.32515335083008
2026-05-02 08:25:06.238985,2026-05-02 08:25:06.238985,54.2623176574707
2026-05-02 08:25:06.439281,2026-05-02 08:25:06.439281,54.20890808105469
2026-05-02 08:25:06.639067,2026-05-02 08:25:06.639067,54.16350936889648
2026-05-02 08:25:06.839144,2026-05-02 08:25:06.839144,54.12491989135742
2026-05-02 08:25:07.042072,2026-05-02 08:25:07.042072,54.09211730957031
2026-05-02 08:25:07.238773,2026-05-02 08:25:07.238773,54.064239501953125
2026-05-02 08:25:07.439153,2026-05-02 08:25:07.439153,54.0405387878418
2026-05-02 08:25:07.640653,2026-05-02 08:25:07.640653,54.0203971862793
2026-05-02 08:25:07.839978,2026-05-02 08:25:07.839978,54.00327301025391
2026-05-02 08:25:08.039268,2026-05-02 08:25:08.039268,53.98871994018555
2026-05-02 08:25:08.239277,2026-05-02 08:25:08.239277,53.976348876953125
2026-05-02 08:25:08.439556,2026-05-02 08:25:08.439556,53.96583557128906
2026-05-02 08:25:08.639068,2026-05-02 08:25:08.639068,53.9568977355957
2026-05-02 08:25:08.838755,2026-05-02 08:25:08.838755,53.94929885864258
2026-05-02 08:25:09.040630,2026-05-02 08:25:09.040630,53.94284439086914
2026-05-02 08:25:09.239111,2026-05-02 08:25:09.239111,53.93735504150391
2026-05-02 08:25:09.439216,2026-05-02 08:25:09.439216,65.18268585205078
2026-05-02 08:25:09.638968,2026-05-02 08:25:09.638968,74.74122619628906
2026-05-02 08:25:09.838786,2026-05-02 08:25:09.838786,82.86597442626953
2026-05-02 08:25:10.040580,2026-05-02 08:25:10.040580,89.77201843261719
2026-05-02 08:25:10.239742,2026-05-02 08:25:10.239742,95.64215087890624
2026-05-02 08:25:10.440358,2026-05-02 08:25:10.440358,100.63176727294922
2026-05-02 08:25:10.638821,2026-05-02 08:25:10.638821,104.87294006347656
2026-05-02 08:25:10.839269,2026-05-02 08:25:10.839269,108.47793579101562
2026-05-02 08:25:11.040941,2026-05-02 08:25:11.040941,111.54218292236328
2026-05-02 08:25:11.239140,2026-05-02 08:25:11.239140,114.14678955078124
2026-05-02 08:25:11.438682,2026-05-02 08:25:11.438682,116.36071014404295
2026-05-02 08:25:11.639616,2026-05-02 08:25:11.639616,118.24254608154295
2026-05-02 08:25:11.841635,2026-05-02 08:25:11.841635,119.84210205078124
2026-05-02 08:25:12.041063,2026-05-02 08:25:12.041063,121.20172119140624
2026-05-02 08:25:12.239383,2026-05-02 08:25:12.239383,122.3573989868164
2026-05-02 08:25:12.439319,2026-05-02 08:25:12.439319,123.33972930908205
2026-05-02 08:25:12.639102,2026-05-02 08:25:12.639102,124.1747055053711
2026-05-02 08:25:12.839255,2026-05-02 08:25:12.839255,124.88443756103516
2026-05-02 08:25:13.039433,2026-05-02 08:25:13.039433,125.48770904541016
2026-05-02 08:25:13.240453,2026-05-02 08:25:13.240453,126.00048828125
2026-05-02 08:25:13.440513,2026-05-02 08:25:13.440513,126.43635559082033
2026-05-02 08:25:13.639152,2026-05-02 08:25:13.639152,126.8068389892578
2026-05-02 08:25:13.839149,2026-05-02 08:25:13.839149,127.12174987792967
2026-05-02 08:25:14.040002,2026-05-02 08:25:14.040002,127.3894271850586
2026-05-02 08:25:14.241387,2026-05-02 08:25:14.241387,127.61695098876952
2026-05-02 08:25:14.440761,2026-05-02 08:25:14.440761,127.81034088134766
2026-05-02 08:25:14.640463,2026-05-02 08:25:14.640463,127.9747314453125
2026-05-02 08:25:14.840659,2026-05-02 08:25:14.840659,128.1144561767578
2026-05-02 08:25:15.041694,2026-05-02 08:25:15.041694,128.2332305908203
2026-05-02 08:25:15.240535,2026-05-02 08:25:15.240535,128.3341827392578
2026-05-02 08:25:15.440938,2026-05-02 08:25:15.440938,128.4199981689453
2026-05-02 08:25:15.638998,2026-05-02 08:25:15.638998,128.49293518066406
2026-05-02 08:25:15.845778,2026-05-02 08:25:15.845778,128.554931640625
2026-05-02 08:25:16.040444,2026-05-02 08:25:16.040444,128.6076202392578
2026-05-02 08:25:16.240013,2026-05-02 08:25:16.240013,128.6524200439453
2026-05-02 08:25:16.439009,2026-05-02 08:25:16.439009,128.69049072265625
2026-05-02 08:25:16.639853,2026-05-02 08:25:16.639853,128.7228546142578
2026-05-02 08:25:16.839887,2026-05-02 08:25:16.839887,128.7503662109375
2026-05-02 08:25:17.038820,2026-05-02 08:25:17.038820,128.77374267578125
2026-05-02 08:25:17.239359,2026-05-02 08:25:17.239359,128.7936248779297
2026-05-02 08:25:17.439162,2026-05-02 08:25:17.439162,128.63473510742188
2026-05-02 08:25:17.640854,2026-05-02 08:25:17.640854,128.4996795654297
2026-05-02 08:25:17.840040,2026-05-02 08:25:17.840040,128.3848876953125
2026-05-02 08:25:18.041449,2026-05-02 08:25:18.041449,128.2873077392578
2026-05-02 08:25:18.240090,2026-05-02 08:25:18.240090,128.20437622070312
2026-05-02 08:25:18.439745,2026-05-02 08:25:18.439745,128.1338653564453
2026-05-02 08:25:18.638631,2026-05-02 08:25:18.638631,127.89816284179688
2026-05-02 08:25:18.839104,2026-05-02 08:25:18.839104,127.69781494140624
2026-05-02 08:25:19.039906,2026-05-02 08:25:19.039906,127.52751922607422
2026-05-02 08:25:19.239120,2026-05-02 08:25:19.239120,127.3827667236328
2026-05-02 08:25:19.438779,2026-05-02 08:25:19.438779,127.25972747802734
2026-05-02 08:25:19.639087,2026-05-02 08:25:19.639087,126.97936248779295
2026-05-02 08:25:19.843180,2026-05-02 08:25:19.843180,126.74105072021484
2026-05-02 08:25:20.038948,2026-05-02 08:25:20.038948,126.53848266601562
2026-05-02 08:25:20.238781,2026-05-02 08:25:20.238781,126.3663101196289
2026-05-02 08:25:20.440334,2026-05-02 08:25:20.440334,126.21995544433594
2026-05-02 08:25:20.638937,2026-05-02 08:25:20.638937,126.0955581665039
2026-05-02 08:25:20.838982,2026-05-02 08:25:20.838982,125.98981475830078
2026-05-02 08:25:21.038966,2026-05-02 08:25:21.038966,125.72415924072266
2026-05-02 08:25:21.239314,2026-05-02 08:25:21.239314,125.49834442138672
2026-05-02 08:25:21.439816,2026-05-02 08:25:21.439816,125.30640411376952
2026-05-02 08:25:21.639113,2026-05-02 08:25:21.639113,125.14325714111328
2026-05-02 08:25:21.839117,2026-05-02 08:25:21.839117,125.00457763671876
2026-05-02 08:25:22.039869,2026-05-02 08:25:22.039869,124.88670349121094
2026-05-02 08:25:35.141502,2026-05-02 08:25:35.141502,124.78651428222656
2026-05-02 08:25:35.339057,2026-05-02 08:25:35.339057,124.70134735107422
2026-05-02 08:25:35.539218,2026-05-02 08:25:35.539218,124.62895965576172
2026-05-02 08:25:35.739702,2026-05-02 08:25:35.739702,124.5674285888672
2026-05-02 08:25:35.939882,2026-05-02 08:25:35.939882,122.40575408935548
2026-05-02 08:25:36.139454,2026-05-02 08:25:36.139454,120.56832885742188
2026-05-02 08:25:36.339462,2026-05-02 08:25:36.339462,119.00651550292967
2026-05-02 08:25:36.540049,2026-05-02 08:25:36.540049,117.6789779663086
2026-05-02 08:25:36.740896,2026-05-02 08:25:36.740896,116.55056762695312
2026-05-02 08:25:36.941519,2026-05-02 08:25:36.941519,115.59141540527344
2026-05-02 08:25:37.139153,2026-05-02 08:25:37.139153,114.7761459350586
2026-05-02 08:25:37.339448,2026-05-02 08:25:37.339448,114.08316040039062
2026-05-02 08:25:37.539409,2026-05-02 08:25:37.539409,113.49412536621094
2026-05-02 08:25:37.739793,2026-05-02 08:25:37.739793,112.99343872070312
2026-05-02 08:25:37.940861,2026-05-02 08:25:37.940861,112.56786346435548
2026-05-02 08:25:38.141148,2026-05-02 08:25:38.141148,112.20612335205078
2026-05-02 08:25:38.339445,2026-05-02 08:25:38.339445,111.72286224365234
2026-05-02 08:25:38.542369,2026-05-02 08:25:38.542369,111.31208801269533
2026-05-02 08:25:38.741052,2026-05-02 08:25:38.741052,110.96292877197266
2026-05-02 08:25:38.938623,2026-05-02 08:25:38.938623,110.66614532470705
2026-05-02 08:25:39.138621,2026-05-02 08:25:39.138621,110.41387939453124
2026-05-02 08:25:39.341232,2026-05-02 08:25:39.341232,110.19945526123048
2026-05-02 08:25:39.540210,2026-05-02 08:25:39.540210,110.01719665527344
2026-05-02 08:25:39.739004,2026-05-02 08:25:39.739004,109.68648529052734
2026-05-02 08:25:39.939421,2026-05-02 08:25:39.939421,109.40538787841795
2026-05-02 08:25:40.138825,2026-05-02 08:25:40.138825,109.1664581298828
2026-05-02 08:25:40.339384,2026-05-02 08:25:40.339384,108.96336364746094
2026-05-02 08:25:40.539175,2026-05-02 08:25:40.539175,108.61495208740234
2026-05-02 08:25:40.739667,2026-05-02 08:25:40.739667,108.3188018798828
2026-05-02 08:25:40.940153,2026-05-02 08:25:40.940153,108.06707763671876
2026-05-02 08:25:41.139518,2026-05-02 08:25:41.139518,107.85311126708984
2026-05-02 08:25:41.338939,2026-05-02 08:25:41.338939,107.49545288085938
2026-05-02 08:25:41.543294,2026-05-02 08:25:41.543294,107.1914520263672
2026-05-02 08:25:41.741914,2026-05-02 08:25:41.741914,109.39398193359376
2026-05-02 08:25:41.940105,2026-05-02 08:25:41.940105,111.2661361694336
2026-05-02 08:25:42.138942,2026-05-02 08:25:42.138942,112.8574676513672
2026-05-02 08:25:42.342599,2026-05-02 08:25:42.342599,116.49525451660156
2026-05-02 08:25:42.539628,2026-05-02 08:25:42.539628,119.58737182617188
2026-05-02 08:25:42.739013,2026-05-02 08:25:42.739013,122.21566772460938
2026-05-02 08:25:42.939318,2026-05-02 08:25:42.939318,124.4497299194336
2026-05-02 08:25:43.140976,2026-05-02 08:25:43.140976,126.34867095947266
2026-05-02 08:25:43.339253,2026-05-02 08:25:43.339253,127.96277618408205
2026-05-02 08:25:43.539551,2026-05-02 08:25:43.539551,129.3347625732422
2026-05-02 08:25:43.739077,2026-05-02 08:25:43.739077,130.50096130371094
2026-05-02 08:25:43.942054,2026-05-02 08:25:43.942054,131.49221801757812
2026-05-02 08:25:44.139684,2026-05-02 08:25:44.139684,132.3347930908203
2026-05-02 08:25:44.338795,2026-05-02 08:25:44.338795,133.0509796142578
2026-05-02 08:25:44.538723,2026-05-02 08:25:44.538723,133.6597442626953
2026-05-02 08:25:44.739768,2026-05-02 08:25:44.739768,134.17718505859375
2026-05-02 08:25:44.939533,2026-05-02 08:25:44.939533,134.6170196533203
2026-05-02 08:25:45.139259,2026-05-02 08:25:45.139259,134.81509399414062
2026-05-02 08:25:45.338742,2026-05-02 08:25:45.338742,134.9834442138672
2026-05-02 08:25:45.539066,2026-05-02 08:25:45.539066,135.12655639648438
2026-05-02 08:25:45.740643,2026-05-02 08:25:45.740643,135.24819946289062
2026-05-02 08:25:45.939654,2026-05-02 08:25:45.939654,135.35159301757812
2026-05-02 08:25:46.141174,2026-05-02 08:25:46.141174,135.43948364257812
2026-05-02 08:25:46.340800,2026-05-02 08:25:46.340800,135.51417541503906
2026-05-02 08:25:46.540287,2026-05-02 08:25:46.540287,135.5776824951172
2026-05-02 08:25:46.738694,2026-05-02 08:25:46.738694,135.63165283203125
2026-05-02 08:25:46.940213,2026-05-02 08:25:46.940213,135.6775360107422
2026-05-02 08:25:47.139323,2026-05-02 08:25:47.139323,135.71652221679688
2026-05-02 08:25:47.339182,2026-05-02 08:25:47.339182,135.74966430664062
2026-05-02 08:25:47.539891,2026-05-02 08:25:47.539891,135.77784729003906
2026-05-02 08:25:47.739543,2026-05-02 08:25:47.739543,135.62600708007812
2026-05-02 08:25:47.940696,2026-05-02 08:25:47.940696,135.4969482421875
2026-05-02 08:25:48.139576,2026-05-02 08:25:48.139576,135.3872528076172
2026-05-02 08:25:48.338731,2026-05-02 08:25:48.338731,135.29400634765625
2026-05-02 08:25:48.539429,2026-05-02 08:25:48.539429,125.89834594726562
2026-05-02 08:25:48.739389,2026-05-02 08:25:48.739389,117.91203308105467
2026-05-02 08:25:48.938995,2026-05-02 08:25:48.938995,111.12366485595705
2026-05-02 08:25:49.139251,2026-05-02 08:25:49.139251,105.35355377197266
2026-05-02 08:25:49.338818,2026-05-02 08:25:49.338818,100.44895935058594
2026-05-02 08:25:49.539411,2026-05-02 08:25:49.539411,96.2800521850586
2026-05-02 08:25:49.738718,2026-05-02 08:25:49.738718,92.73648071289062
2026-05-02 08:25:49.939191,2026-05-02 08:25:49.939191,89.72444915771484
2026-05-02 08:25:50.138631,2026-05-02 08:25:50.138631,87.16421508789062
2026-05-02 08:25:50.339234,2026-05-02 08:25:50.339234,84.98802185058594
2026-05-02 08:25:50.540773,2026-05-02 08:25:50.540773,83.13825225830078
2026-05-02 08:25:50.738657,2026-05-02 08:25:50.738657,81.56595611572266
2026-05-02 08:25:50.940595,2026-05-02 08:25:50.940595,80.22949981689453
2026-05-02 08:25:51.138966,2026-05-02 08:25:51.138966,79.09351348876953
2026-05-02 08:25:51.338853,2026-05-02 08:25:51.338853,78.12792205810547
2026-05-02 08:25:51.538789,2026-05-02 08:25:51.538789,77.30717468261719
2026-05-02 08:25:51.738807,2026-05-02 08:25:51.738807,84.87125396728516
2026-05-02 08:25:51.939094,2026-05-02 08:25:51.939094,91.30072021484376
2026-05-02 08:25:52.138983,2026-05-02 08:25:52.138983,96.7657699584961
2026-05-02 08:25:52.338695,2026-05-02 08:25:52.338695,101.41105651855467
2026-05-02 08:25:52.538662,2026-05-02 08:25:52.538662,105.35955810546876
2026-05-02 08:25:52.742610,2026-05-02 08:25:52.742610,108.54000091552734
2026-05-02 08:25:52.939886,2026-05-02 08:25:52.939886,103.15743255615234
2026-05-02 08:25:53.140043,2026-05-02 08:25:53.140043,98.58226013183594
2026-05-02 08:25:53.338839,2026-05-02 08:25:53.338839,94.693359375
2026-05-02 08:25:53.538752,2026-05-02 08:25:53.538752,91.3877944946289
2026-05-02 08:25:53.739823,2026-05-02 08:25:53.739823,88.57805633544922
2026-05-02 08:25:53.938733,2026-05-02 08:25:53.938733,86.18978881835938
2026-05-02 08:25:54.138661,2026-05-02 08:25:54.138661,84.15975952148438
2026-05-02 08:25:54.339200,2026-05-02 08:25:54.339200,82.43423461914062
2026-05-02 08:25:54.538749,2026-05-02 08:25:54.538749,80.96753692626953
2026-05-02 08:25:54.739327,2026-05-02 08:25:54.739327,79.72084045410156
2026-05-02 08:25:54.940467,2026-05-02 08:25:54.940467,78.6611557006836
2026-05-02 08:25:55.139707,2026-05-02 08:25:55.139707,77.76041412353516
2026-05-02 08:25:55.338784,2026-05-02 08:25:55.338784,76.99478912353516
2026-05-02 08:25:55.539938,2026-05-02 08:25:55.539938,76.34400939941406
2026-05-02 08:25:55.740133,2026-05-02 08:25:55.740133,75.79084777832031
2026-05-02 08:25:55.939409,2026-05-02 08:25:55.939409,75.3206558227539
2026-05-02 08:25:56.140529,2026-05-02 08:25:56.140529,74.9209976196289
2026-05-02 08:25:56.339345,2026-05-02 08:25:56.339345,74.58128356933594
2026-05-02 08:25:56.539594,2026-05-02 08:25:56.539594,74.29252624511719
2026-05-02 08:25:56.740149,2026-05-02 08:25:56.740149,74.04708862304688
2026-05-02 08:25:56.939441,2026-05-02 08:25:56.939441,73.83846282958984
2026-05-02 08:25:57.139776,2026-05-02 08:25:57.139776,73.6611328125
2026-05-02 08:25:57.341135,2026-05-02 08:25:57.341135,73.5103988647461
2026-05-02 08:25:57.541124,2026-05-02 08:25:57.541124,73.38227844238281
2026-05-02 08:25:57.739265,2026-05-02 08:25:57.739265,73.27336883544922
2026-05-02 08:25:57.941997,2026-05-02 08:25:57.941997,84.60658264160156
2026-05-02 08:25:58.140082,2026-05-02 08:25:58.140082,94.23981475830078
2026-05-02 08:25:58.339596,2026-05-02 08:25:58.339596,102.42806243896484
2026-05-02 08:25:58.541232,2026-05-02 08:25:58.541232,109.38806915283205
2026-05-02 08:25:58.740341,2026-05-02 08:25:58.740341,115.3040771484375
2026-05-02 08:25:58.940046,2026-05-02 08:25:58.940046,120.33268737792967
2026-05-02 08:25:59.140181,2026-05-02 08:25:59.140181,124.60700225830078
2026-05-02 08:25:59.338900,2026-05-02 08:25:59.338900,128.24017333984375
2026-05-02 08:25:59.539670,2026-05-02 08:25:59.539670,131.328369140625
2026-05-02 08:25:59.739173,2026-05-02 08:25:59.739173,133.9533233642578
2026-05-02 08:25:59.940359,2026-05-02 08:25:59.940359,136.18455505371094
2026-05-02 08:26:00.139310,2026-05-02 08:26:00.139310,138.08108520507812
2026-05-02 08:26:00.340779,2026-05-02 08:26:00.340779,139.69314575195312
2026-05-02 08:26:13.439128,2026-05-02 08:26:13.439128,141.06338500976562
2026-05-02 08:26:13.639605,2026-05-02 08:26:13.639605,142.2281036376953
2026-05-02 08:26:13.839245,2026-05-02 08:26:13.839245,143.21810913085938
2026-05-02 08:26:14.039417,2026-05-02 08:26:14.039417,144.05960083007812
2026-05-02 08:26:14.239522,2026-05-02 08:26:14.239522,144.77488708496094
2026-05-02 08:26:14.440963,2026-05-02 08:26:14.440963,145.38287353515625
2026-05-02 08:26:14.638959,2026-05-02 08:26:14.638959,145.899658203125
2026-05-02 08:26:14.838818,2026-05-02 08:26:14.838818,146.33892822265625
2026-05-02 08:26:15.039532,2026-05-02 08:26:15.039532,146.71231079101562
2026-05-02 08:26:15.240486,2026-05-02 08:26:15.240486,147.02967834472656
2026-05-02 08:26:15.438662,2026-05-02 08:26:15.438662,147.29945373535156
2026-05-02 08:26:15.639352,2026-05-02 08:26:15.639352,147.52874755859375
2026-05-02 08:26:15.838734,2026-05-02 08:26:15.838734,147.72364807128906
2026-05-02 08:26:16.039941,2026-05-02 08:26:16.039941,147.8893280029297
2026-05-02 08:26:16.239295,2026-05-02 08:26:16.239295,148.0301513671875
2026-05-02 08:26:16.440180,2026-05-02 08:26:16.440180,148.14984130859375
2026-05-02 08:26:16.639110,2026-05-02 08:26:16.639110,148.2515869140625
2026-05-02 08:26:16.838881,2026-05-02 08:26:16.838881,148.3380584716797
2026-05-02 08:26:17.040051,2026-05-02 08:26:17.040051,148.4115753173828
2026-05-02 08:26:17.242708,2026-05-02 08:26:17.242708,148.47406005859375
2026-05-02 08:26:17.440911,2026-05-02 08:26:17.440911,148.52716064453125
2026-05-02 08:26:17.639452,2026-05-02 08:26:17.639452,148.5723114013672
2026-05-02 08:26:17.840301,2026-05-02 08:26:17.840301,148.61068725585938
2026-05-02 08:26:18.040421,2026-05-02 08:26:18.040421,148.64329528808594
2026-05-02 08:26:18.241895,2026-05-02 08:26:18.241895,138.8272705078125
2026-05-02 08:26:18.440173,2026-05-02 08:26:18.440173,130.48365783691406
2026-05-02 08:26:18.642201,2026-05-02 08:26:18.642201,123.39157104492188
2026-05-02 08:26:18.840258,2026-05-02 08:26:18.840258,117.3633041381836
2026-05-02 08:26:19.039770,2026-05-02 08:26:19.039770,112.2392807006836
2026-05-02 08:26:19.240371,2026-05-02 08:26:19.240371,107.88385772705078
2026-05-02 08:26:19.440606,2026-05-02 08:26:19.440606,104.18174743652344
2026-05-02 08:26:19.640120,2026-05-02 08:26:19.640120,101.03495025634766
2026-05-02 08:26:19.840739,2026-05-02 08:26:19.840739,98.36017608642578
2026-05-02 08:26:20.044543,2026-05-02 08:26:20.044543,96.0866241455078
2026-05-02 08:26:20.240611,2026-05-02 08:26:20.240611,94.1540985107422
2026-05-02 08:26:20.440079,2026-05-02 08:26:20.440079,92.5114517211914
2026-05-02 08:26:20.640671,2026-05-02 08:26:20.640671,91.11520385742188
2026-05-02 08:26:20.838756,2026-05-02 08:26:20.838756,89.92839050292969
2026-05-02 08:26:21.039550,2026-05-02 08:26:21.039550,88.91960144042969
2026-05-02 08:26:21.239876,2026-05-02 08:26:21.239876,88.06212615966797
2026-05-02 08:26:21.438832,2026-05-02 08:26:21.438832,87.5090560913086
2026-05-02 08:26:21.640540,2026-05-02 08:26:21.640540,87.03894805908203
2026-05-02 08:26:21.843718,2026-05-02 08:26:21.843718,86.63935852050781
2026-05-02 08:26:22.039384,2026-05-02 08:26:22.039384,86.2997055053711
2026-05-02 08:26:22.238839,2026-05-02 08:26:22.238839,86.01100158691406
2026-05-02 08:26:22.439124,2026-05-02 08:26:22.439124,85.7656021118164
2026-05-02 08:26:22.639502,2026-05-02 08:26:22.639502,85.7327880859375
2026-05-02 08:26:22.839259,2026-05-02 08:26:22.839259,85.70490264892578
2026-05-02 08:26:23.041364,2026-05-02 08:26:23.041364,85.68119812011719
2026-05-02 08:26:23.240270,2026-05-02 08:26:23.240270,85.66104888916016
2026-05-02 08:26:23.440191,2026-05-02 08:26:23.440191,85.6439208984375
2026-05-02 08:26:23.638711,2026-05-02 08:26:23.638711,92.66061401367188
2026-05-02 08:26:23.838988,2026-05-02 08:26:23.838988,98.6248016357422
2026-05-02 08:26:24.039799,2026-05-02 08:26:24.039799,103.69436645507812
2026-05-02 08:26:24.238605,2026-05-02 08:26:24.238605,108.00349426269533
2026-05-02 08:26:24.439433,2026-05-02 08:26:24.439433,111.66625213623048
2026-05-02 08:26:24.639912,2026-05-02 08:26:24.639912,114.77959442138672
2026-05-02 08:26:24.839226,2026-05-02 08:26:24.839226,117.42593383789062
2026-05-02 08:26:25.038884,2026-05-02 08:26:25.038884,119.67532348632812
2026-05-02 08:26:25.238816,2026-05-02 08:26:25.238816,121.58731079101562
2026-05-02 08:26:25.438701,2026-05-02 08:26:25.438701,123.21249389648438
2026-05-02 08:26:25.640398,2026-05-02 08:26:25.640398,124.59390258789062
2026-05-02 08:26:25.841799,2026-05-02 08:26:25.841799,125.76809692382812
2026-05-02 08:26:26.041468,2026-05-02 08:26:26.041468,126.76616668701172
2026-05-02 08:26:26.239058,2026-05-02 08:26:26.239058,127.61451721191406
2026-05-02 08:26:26.442122,2026-05-02 08:26:26.442122,128.3356170654297
2026-05-02 08:26:26.638626,2026-05-02 08:26:26.638626,128.9485626220703
2026-05-02 08:26:26.840717,2026-05-02 08:26:26.840717,129.4695587158203
2026-05-02 08:26:27.039750,2026-05-02 08:26:27.039750,129.9123992919922
2026-05-02 08:26:27.238719,2026-05-02 08:26:27.238719,130.28883361816406
2026-05-02 08:26:27.438962,2026-05-02 08:26:27.438962,130.60877990722656
2026-05-02 08:26:27.639558,2026-05-02 08:26:27.639558,130.88075256347656
2026-05-02 08:26:27.838750,2026-05-02 08:26:27.838750,131.11192321777344
2026-05-02 08:26:28.038745,2026-05-02 08:26:28.038745,131.30841064453125
2026-05-02 08:26:28.239708,2026-05-02 08:26:28.239708,131.47543334960938
2026-05-02 08:26:28.438698,2026-05-02 08:26:28.438698,131.61740112304688
2026-05-02 08:26:28.640582,2026-05-02 08:26:28.640582,131.73806762695312
2026-05-02 08:26:28.839175,2026-05-02 08:26:28.839175,127.79766845703124
2026-05-02 08:26:29.038646,2026-05-02 08:26:29.038646,124.44833374023438
2026-05-02 08:26:29.240321,2026-05-02 08:26:29.240321,121.60139465332033
2026-05-02 08:26:29.439183,2026-05-02 08:26:29.439183,119.1814956665039
2026-05-02 08:26:29.638627,2026-05-02 08:26:29.638627,117.12458801269533
2026-05-02 08:26:29.838998,2026-05-02 08:26:29.838998,115.37621307373048
2026-05-02 08:26:30.038764,2026-05-02 08:26:30.038764,113.8900909423828
2026-05-02 08:26:30.239911,2026-05-02 08:26:30.239911,112.62689208984376
2026-05-02 08:26:30.439121,2026-05-02 08:26:30.439121,111.55316925048828
2026-05-02 08:26:30.639446,2026-05-02 08:26:30.639446,110.6405029296875
2026-05-02 08:26:30.839302,2026-05-02 08:26:30.839302,109.86474609375
2026-05-02 08:26:31.038707,2026-05-02 08:26:31.038707,109.2053451538086
2026-05-02 08:26:31.238732,2026-05-02 08:26:31.238732,108.64485168457033
2026-05-02 08:26:31.438640,2026-05-02 08:26:31.438640,108.16844177246094
2026-05-02 08:26:31.640260,2026-05-02 08:26:31.640260,107.76348876953124
2026-05-02 08:26:31.838666,2026-05-02 08:26:31.838666,107.41927337646484
2026-05-02 08:26:32.038784,2026-05-02 08:26:32.038784,107.12669372558594
2026-05-02 08:26:32.238745,2026-05-02 08:26:32.238745,106.87800598144533
2026-05-02 08:26:32.438882,2026-05-02 08:26:32.438882,106.66661834716795
2026-05-02 08:26:32.638786,2026-05-02 08:26:32.638786,106.4869384765625
2026-05-02 08:26:32.839592,2026-05-02 08:26:32.839592,106.5099868774414
2026-05-02 08:26:33.039322,2026-05-02 08:26:33.039322,106.5295867919922
2026-05-02 08:26:33.239297,2026-05-02 08:26:33.239297,106.5462417602539
2026-05-02 08:26:33.438896,2026-05-02 08:26:33.438896,106.5604019165039
2026-05-02 08:26:33.639140,2026-05-02 08:26:33.639140,106.57243347167967
2026-05-02 08:26:33.838634,2026-05-02 08:26:33.838634,106.5826644897461
2026-05-02 08:26:34.039543,2026-05-02 08:26:34.039543,106.5913543701172
2026-05-02 08:26:34.238947,2026-05-02 08:26:34.238947,106.59874725341795
2026-05-02 08:26:34.439251,2026-05-02 08:26:34.439251,106.6050262451172
2026-05-02 08:26:34.639278,2026-05-02 08:26:34.639278,106.61036682128906
2026-05-02 08:26:34.841171,2026-05-02 08:26:34.841171,106.61490631103516
2026-05-02 08:26:35.039629,2026-05-02 08:26:35.039629,106.61876678466795
2026-05-02 08:26:35.238723,2026-05-02 08:26:35.238723,106.62203979492188
2026-05-02 08:26:35.439048,2026-05-02 08:26:35.439048,106.62483215332033
2026-05-02 08:26:35.638900,2026-05-02 08:26:35.638900,106.627197265625
2026-05-02 08:26:35.839157,2026-05-02 08:26:35.839157,106.62921142578124
2026-05-02 08:26:36.038729,2026-05-02 08:26:36.038729,106.63092803955078
2026-05-02 08:26:36.239800,2026-05-02 08:26:36.239800,106.63237762451172
2026-05-02 08:26:36.438944,2026-05-02 08:26:36.438944,106.63361358642578
2026-05-02 08:26:36.638844,2026-05-02 08:26:36.638844,106.6346664428711
2026-05-02 08:26:36.839700,2026-05-02 08:26:36.839700,106.63555908203124
2026-05-02 08:26:37.039944,2026-05-02 08:26:37.039944,106.63632202148438
2026-05-02 08:26:37.239473,2026-05-02 08:26:37.239473,106.63697052001952
2026-05-02 08:26:37.441639,2026-05-02 08:26:37.441639,106.63751220703124
2026-05-02 08:26:37.638761,2026-05-02 08:26:37.638761,106.6379852294922
2026-05-02 08:26:37.839106,2026-05-02 08:26:37.839106,106.6383819580078
2026-05-02 08:26:38.041011,2026-05-02 08:26:38.041011,106.6387176513672
2026-05-02 08:26:38.239354,2026-05-02 08:26:38.239354,106.63899993896484
2026-05-02 08:26:38.439214,2026-05-02 08:26:38.439214,106.63924407958984
2026-05-02 08:26:38.639361,2026-05-02 08:26:38.639361,106.6394500732422
2026-05-02 08:26:51.739457,2026-05-02 08:26:51.739457,106.6396255493164
2026-05-02 08:26:51.940143,2026-05-02 08:26:51.940143,106.63977813720705
2026-05-02 08:26:52.138862,2026-05-02 08:26:52.138862,106.63990783691406
2026-05-02 08:26:52.339167,2026-05-02 08:26:52.339167,106.6400146484375
2026-05-02 08:26:52.539212,2026-05-02 08:26:52.539212,106.46432495117188
2026-05-02 08:26:52.739054,2026-05-02 08:26:52.739054,106.3149871826172
2026-05-02 08:26:52.939059,2026-05-02 08:26:52.939059,106.18804931640624
2026-05-02 08:26:53.140341,2026-05-02 08:26:53.140341,106.08015441894533
2026-05-02 08:26:53.338604,2026-05-02 08:26:53.338604,105.98844909667967
2026-05-02 08:26:53.541945,2026-05-02 08:26:53.541945,105.73471069335938
2026-05-02 08:26:53.740232,2026-05-02 08:26:53.740232,105.51903533935548
2026-05-02 08:26:53.939146,2026-05-02 08:26:53.939146,105.33570861816406
2026-05-02 08:26:54.139752,2026-05-02 08:26:54.139752,105.1798858642578
2026-05-02 08:26:54.338715,2026-05-02 08:26:54.338715,105.04743194580078
2026-05-02 08:26:54.539238,2026-05-02 08:26:54.539238,104.93485260009766
2026-05-02 08:26:54.739257,2026-05-02 08:26:54.739257,104.6633758544922
2026-05-02 08:26:54.939651,2026-05-02 08:26:54.939651,104.4326171875
2026-05-02 08:26:55.139091,2026-05-02 08:26:55.139091,104.2364730834961
2026-05-02 08:26:55.339827,2026-05-02 08:26:55.339827,104.06975555419922
2026-05-02 08:26:55.539232,2026-05-02 08:26:55.539232,103.75225830078124
2026-05-02 08:26:55.740631,2026-05-02 08:26:55.740631,103.48239135742188
2026-05-02 08:26:55.938727,2026-05-02 08:26:55.938727,103.25299835205078
2026-05-02 08:26:56.139499,2026-05-02 08:26:56.139499,103.05802154541016
2026-05-02 08:26:56.338909,2026-05-02 08:26:56.338909,102.71649932861328
2026-05-02 08:26:56.539383,2026-05-02 08:26:56.539383,102.42621612548828
2026-05-02 08:26:56.739013,2026-05-02 08:26:56.739013,102.17947387695312
2026-05-02 08:26:56.938838,2026-05-02 08:26:56.938838,101.96973419189452
2026-05-02 08:26:57.138854,2026-05-02 08:26:57.138854,101.79146575927734
2026-05-02 08:26:57.339276,2026-05-02 08:26:57.339276,101.46414947509766
2026-05-02 08:26:57.539028,2026-05-02 08:26:57.539028,101.1859359741211
2026-05-02 08:26:57.742608,2026-05-02 08:26:57.742608,100.94944763183594
2026-05-02 08:26:57.939467,2026-05-02 08:26:57.939467,100.7484359741211
2026-05-02 08:26:58.140008,2026-05-02 08:26:58.140008,100.57758331298828
2026-05-02 08:26:58.339991,2026-05-02 08:26:58.339991,100.4323501586914
2026-05-02 08:26:58.539379,2026-05-02 08:26:58.539379,100.30890655517578
2026-05-02 08:26:58.739105,2026-05-02 08:26:58.739105,100.20397186279295
2026-05-02 08:26:58.940808,2026-05-02 08:26:58.940808,100.11478424072266
2026-05-02 08:26:59.138795,2026-05-02 08:26:59.138795,100.03897094726562
2026-05-02 08:26:59.338976,2026-05-02 08:26:59.338976,99.79875183105467
2026-05-02 08:26:59.539194,2026-05-02 08:26:59.539194,99.77034759521484
2026-05-02 08:26:59.738688,2026-05-02 08:26:59.738688,99.74620056152344
2026-05-02 08:26:59.939364,2026-05-02 08:26:59.939364,99.72567749023438
2026-05-02 08:27:00.139585,2026-05-02 08:27:00.139585,99.7082290649414
2026-05-02 08:27:00.340615,2026-05-02 08:27:00.340615,99.6934051513672
2026-05-02 08:27:00.540176,2026-05-02 08:27:00.540176,99.68080139160156
2026-05-02 08:27:00.740770,2026-05-02 08:27:00.740770,99.67008209228516
2026-05-02 08:27:00.941975,2026-05-02 08:27:00.941975,98.95785522460938
2026-05-02 08:27:01.140682,2026-05-02 08:27:01.140682,98.17667388916016
2026-05-02 08:27:01.340732,2026-05-02 08:27:01.340732,97.5126724243164
2026-05-02 08:27:01.539773,2026-05-02 08:27:01.539773,96.94827270507812
2026-05-02 08:27:01.739370,2026-05-02 08:27:01.739370,96.2927474975586
2026-05-02 08:27:01.940166,2026-05-02 08:27:01.940166,95.73555755615234
2026-05-02 08:27:02.141521,2026-05-02 08:27:02.141521,95.2619400024414
2026-05-02 08:27:02.340665,2026-05-02 08:27:02.340665,94.85936737060548
2026-05-02 08:27:02.540451,2026-05-02 08:27:02.540451,94.51718139648438
2026-05-02 08:27:02.740097,2026-05-02 08:27:02.740097,94.22632598876952
2026-05-02 08:27:02.939296,2026-05-02 08:27:02.939296,93.97909545898438
2026-05-02 08:27:03.140911,2026-05-02 08:27:03.140911,93.76895141601562
2026-05-02 08:27:03.339907,2026-05-02 08:27:03.339907,93.41454315185548
2026-05-02 08:27:03.539274,2026-05-02 08:27:03.539274,93.11329650878906
2026-05-02 08:27:03.740194,2026-05-02 08:27:03.740194,92.85723876953124
2026-05-02 08:27:03.939389,2026-05-02 08:27:03.939389,92.63959503173828
2026-05-02 08:27:04.141038,2026-05-02 08:27:04.141038,92.45458984375
2026-05-02 08:27:04.339301,2026-05-02 08:27:04.339301,92.2973403930664
2026-05-02 08:27:04.539570,2026-05-02 08:27:04.539570,92.1636734008789
2026-05-02 08:27:04.739254,2026-05-02 08:27:04.739254,92.05006408691406
2026-05-02 08:27:04.939909,2026-05-02 08:27:04.939909,91.9534912109375
2026-05-02 08:27:05.139179,2026-05-02 08:27:05.139179,91.87140655517578
2026-05-02 08:27:05.339283,2026-05-02 08:27:05.339283,91.80162811279295
2026-05-02 08:27:05.538976,2026-05-02 08:27:05.538976,91.74232482910156
2026-05-02 08:27:05.738981,2026-05-02 08:27:05.738981,91.69190979003906
2026-05-02 08:27:05.939528,2026-05-02 08:27:05.939528,91.64906311035156
2026-05-02 08:27:06.139327,2026-05-02 08:27:06.139327,91.43685913085938
2026-05-02 08:27:06.341232,2026-05-02 08:27:06.341232,91.25648498535156
2026-05-02 08:27:06.539618,2026-05-02 08:27:06.539618,91.1031723022461
2026-05-02 08:27:06.738760,2026-05-02 08:27:06.738760,90.9728546142578
2026-05-02 08:27:06.938948,2026-05-02 08:27:06.938948,90.8620834350586
2026-05-02 08:27:07.139389,2026-05-02 08:27:07.139389,90.7679214477539
2026-05-02 08:27:07.338898,2026-05-02 08:27:07.338898,90.6878890991211
2026-05-02 08:27:07.539043,2026-05-02 08:27:07.539043,90.61986541748048
2026-05-02 08:27:07.740047,2026-05-02 08:27:07.740047,90.56204223632812
2026-05-02 08:27:07.938865,2026-05-02 08:27:07.938865,85.76679992675781
2026-05-02 08:27:08.139278,2026-05-02 08:27:08.139278,81.69084167480469
2026-05-02 08:27:08.339196,2026-05-02 08:27:08.339196,78.22628021240234
2026-05-02 08:27:08.539062,2026-05-02 08:27:08.539062,75.2813949584961
2026-05-02 08:27:08.738879,2026-05-02 08:27:08.738879,72.77825164794922
2026-05-02 08:27:08.939189,2026-05-02 08:27:08.939189,70.65057373046875
2026-05-02 08:27:09.138767,2026-05-02 08:27:09.138767,68.84204864501953
2026-05-02 08:27:09.338810,2026-05-02 08:27:09.338810,67.3048095703125
2026-05-02 08:27:09.539170,2026-05-02 08:27:09.539170,65.9981460571289
2026-05-02 08:27:09.738729,2026-05-02 08:27:09.738729,64.71170806884766
2026-05-02 08:27:09.938739,2026-05-02 08:27:09.938739,63.61823272705078
2026-05-02 08:27:10.138942,2026-05-02 08:27:10.138942,62.688777923583984
2026-05-02 08:27:10.338797,2026-05-02 08:27:10.338797,61.89874267578125
2026-05-02 08:27:10.539348,2026-05-02 08:27:10.539348,61.22721099853516
2026-05-02 08:27:10.739574,2026-05-02 08:27:10.739574,60.65641403198242
2026-05-02 08:27:10.939297,2026-05-02 08:27:10.939297,60.17123031616211
2026-05-02 08:27:11.138827,2026-05-02 08:27:11.138827,59.758827209472656
2026-05-02 08:27:11.341096,2026-05-02 08:27:11.341096,59.40828704833984
2026-05-02 08:27:11.539017,2026-05-02 08:27:11.539017,59.28610610961914
2026-05-02 08:27:11.738944,2026-05-02 08:27:11.738944,59.0064697265625
2026-05-02 08:27:11.938800,2026-05-02 08:27:11.938800,58.76877975463867
2026-05-02 08:27:12.139215,2026-05-02 08:27:12.139215,58.74252700805664
2026-05-02 08:27:12.339382,2026-05-02 08:27:12.339382,58.720211029052734
2026-05-02 08:27:12.539322,2026-05-02 08:27:12.539322,58.70124053955078
2026-05-02 08:27:12.740021,2026-05-02 08:27:12.740021,58.68511581420898
2026-05-02 08:27:12.940587,2026-05-02 08:27:12.940587,58.67141342163086
2026-05-02 08:27:13.141035,2026-05-02 08:27:13.141035,58.65976333618164
2026-05-02 08:27:13.339041,2026-05-02 08:27:13.339041,58.64986038208008
2026-05-02 08:27:13.538870,2026-05-02 08:27:13.538870,58.64144515991211
2026-05-02 08:27:13.738740,2026-05-02 08:27:13.738740,58.6342887878418
2026-05-02 08:27:13.939639,2026-05-02 08:27:13.939639,58.62820816040039
2026-05-02 08:27:14.139264,2026-05-02 08:27:14.139264,58.62303924560547
2026-05-02 08:27:14.338780,2026-05-02 08:27:14.338780,58.618648529052734
2026-05-02 08:27:14.539515,2026-05-02 08:27:14.539515,58.61491394042969
2026-05-02 08:27:14.739425,2026-05-02 08:27:14.739425,58.61173629760742
2026-05-02 08:27:14.938723,2026-05-02 08:27:14.938723,58.60903930664063
2026-05-02 08:27:15.138805,2026-05-02 08:27:15.138805,58.606746673583984
2026-05-02 08:27:15.339258,2026-05-02 08:27:15.339258,58.78057861328125
2026-05-02 08:27:15.538782,2026-05-02 08:27:15.538782,58.9283332824707
2026-05-02 08:27:15.739132,2026-05-02 08:27:15.739132,59.05392837524414
2026-05-02 08:27:15.939965,2026-05-02 08:27:15.939965,59.160682678222656
2026-05-02 08:27:16.138810,2026-05-02 08:27:16.138810,59.25142288208008
2026-05-02 08:27:16.339034,2026-05-02 08:27:16.339034,59.328556060791016
2026-05-02 08:27:16.538726,2026-05-02 08:27:16.538726,59.39411544799805
2026-05-02 08:27:16.739188,2026-05-02 08:27:16.739188,59.4498405456543
2026-05-02 08:27:16.938802,2026-05-02 08:27:16.938802,59.49720764160156
2026-05-02 08:27:30.039450,2026-05-02 08:27:30.039450,59.53747177124024
2026-05-02 08:27:30.240156,2026-05-02 08:27:30.240156,59.57169342041016
2026-05-02 08:27:30.440654,2026-05-02 08:27:30.440654,59.60078430175781
2026-05-02 08:27:30.641391,2026-05-02 08:27:30.641391,59.6255111694336
2026-05-02 08:27:30.838774,2026-05-02 08:27:30.838774,59.64652633666992
2026-05-02 08:27:31.039433,2026-05-02 08:27:31.039433,59.66439056396485
2026-05-02 08:27:31.240043,2026-05-02 08:27:31.240043,59.8553581237793
2026-05-02 08:27:31.439030,2026-05-02 08:27:31.439030,60.01768112182617
2026-05-02 08:27:31.638809,2026-05-02 08:27:31.638809,60.1556510925293
2026-05-02 08:27:31.838999,2026-05-02 08:27:31.838999,60.27293014526367
2026-05-02 08:27:32.038714,2026-05-02 08:27:32.038714,60.37261581420898
2026-05-02 08:27:32.239112,2026-05-02 08:27:32.239112,60.45734786987305
2026-05-02 08:27:32.438973,2026-05-02 08:27:32.438973,60.52936935424805
2026-05-02 08:27:32.638844,2026-05-02 08:27:32.638844,60.59059143066406
2026-05-02 08:27:32.839113,2026-05-02 08:27:32.839113,60.64262771606445
2026-05-02 08:27:33.039894,2026-05-02 08:27:33.039894,60.686859130859375
2026-05-02 08:27:33.238756,2026-05-02 08:27:33.238756,60.72445297241211
2026-05-02 08:27:33.440275,2026-05-02 08:27:33.440275,60.75641250610352
2026-05-02 08:27:33.639266,2026-05-02 08:27:33.639266,60.783573150634766
2026-05-02 08:27:33.840045,2026-05-02 08:27:33.840045,60.8066635131836
2026-05-02 08:27:34.038924,2026-05-02 08:27:34.038924,60.826290130615234
2026-05-02 08:27:34.239230,2026-05-02 08:27:34.239230,60.84297180175781
2026-05-02 08:27:34.441597,2026-05-02 08:27:34.441597,60.85715103149414
2026-05-02 08:27:34.638798,2026-05-02 08:27:34.638798,60.86920166015625
2026-05-02 08:27:34.839747,2026-05-02 08:27:34.839747,60.87944793701172
2026-05-02 08:27:35.039041,2026-05-02 08:27:35.039041,60.88815307617188
2026-05-02 08:27:35.239040,2026-05-02 08:27:35.239040,60.89555740356445
2026-05-02 08:27:35.438741,2026-05-02 08:27:35.438741,60.90184783935547
2026-05-02 08:27:35.639009,2026-05-02 08:27:35.639009,65.65328979492188
2026-05-02 08:27:35.839064,2026-05-02 08:27:35.839064,69.6920166015625
2026-05-02 08:27:36.039320,2026-05-02 08:27:36.039320,73.12493133544922
2026-05-02 08:27:36.238746,2026-05-02 08:27:36.238746,76.04290771484375
2026-05-02 08:27:36.440862,2026-05-02 08:27:36.440862,78.523193359375
2026-05-02 08:27:36.638851,2026-05-02 08:27:36.638851,80.63143157958984
2026-05-02 08:27:36.838800,2026-05-02 08:27:36.838800,82.4234390258789
2026-05-02 08:27:37.040253,2026-05-02 08:27:37.040253,83.94664001464844
2026-05-02 08:27:37.238976,2026-05-02 08:27:37.238976,85.24136352539062
2026-05-02 08:27:37.438641,2026-05-02 08:27:37.438641,86.34187316894531
2026-05-02 08:27:37.640741,2026-05-02 08:27:37.640741,87.27731323242188
2026-05-02 08:27:37.839078,2026-05-02 08:27:37.839078,88.07243347167969
2026-05-02 08:27:38.039091,2026-05-02 08:27:38.039091,88.748291015625
2026-05-02 08:27:38.239468,2026-05-02 08:27:38.239468,89.32276153564453
2026-05-02 08:27:38.440073,2026-05-02 08:27:38.440073,89.81106567382812
2026-05-02 08:27:38.639210,2026-05-02 08:27:38.639210,90.22612762451172
2026-05-02 08:27:38.839119,2026-05-02 08:27:38.839119,90.57892608642578
2026-05-02 08:27:39.039147,2026-05-02 08:27:39.039147,90.8788070678711
2026-05-02 08:27:39.238955,2026-05-02 08:27:39.238955,91.13370513916016
2026-05-02 08:27:39.440207,2026-05-02 08:27:39.440207,91.3503646850586
2026-05-02 08:27:39.638623,2026-05-02 08:27:39.638623,91.53453063964844
2026-05-02 08:27:39.839067,2026-05-02 08:27:39.839067,91.69107055664062
2026-05-02 08:27:40.039544,2026-05-02 08:27:40.039544,91.82412719726562
2026-05-02 08:27:40.238904,2026-05-02 08:27:40.238904,91.93722534179688
2026-05-02 08:27:40.438696,2026-05-02 08:27:40.438696,92.03336334228516
2026-05-02 08:27:40.641568,2026-05-02 08:27:40.641568,92.11507415771484
2026-05-02 08:27:40.839788,2026-05-02 08:27:40.839788,92.18453216552734
2026-05-02 08:27:41.038724,2026-05-02 08:27:41.038724,92.24357604980467
2026-05-02 08:27:41.238662,2026-05-02 08:27:41.238662,92.29375457763672
2026-05-02 08:27:41.440763,2026-05-02 08:27:41.440763,92.33641052246094
2026-05-02 08:27:41.639605,2026-05-02 08:27:41.639605,92.37266540527344
2026-05-02 08:27:41.842124,2026-05-02 08:27:41.842124,92.40348815917967
2026-05-02 08:27:42.039539,2026-05-02 08:27:42.039539,92.42967987060548
2026-05-02 08:27:42.242551,2026-05-02 08:27:42.242551,92.4519500732422
2026-05-02 08:27:42.440487,2026-05-02 08:27:42.440487,92.47087860107422
2026-05-02 08:27:42.640702,2026-05-02 08:27:42.640702,92.4869613647461
2026-05-02 08:27:42.840916,2026-05-02 08:27:42.840916,92.5006332397461
2026-05-02 08:27:43.039507,2026-05-02 08:27:43.039507,92.51226043701172
2026-05-02 08:27:43.241574,2026-05-02 08:27:43.241574,92.52214050292967
2026-05-02 08:27:43.439048,2026-05-02 08:27:43.439048,92.5305404663086
2026-05-02 08:27:43.641331,2026-05-02 08:27:43.641331,92.53767395019533
2026-05-02 08:27:43.839664,2026-05-02 08:27:43.839664,92.5437469482422
2026-05-02 08:27:44.041114,2026-05-02 08:27:44.041114,92.54889678955078
2026-05-02 08:27:44.239507,2026-05-02 08:27:44.239507,92.55328369140624
2026-05-02 08:27:44.440786,2026-05-02 08:27:44.440786,92.3812255859375
2026-05-02 08:27:44.639784,2026-05-02 08:27:44.639784,92.2349853515625
2026-05-02 08:27:44.839807,2026-05-02 08:27:44.839807,92.11067199707033
2026-05-02 08:27:45.038702,2026-05-02 08:27:45.038702,92.00501251220705
2026-05-02 08:27:45.240163,2026-05-02 08:27:45.240163,91.91519165039062
2026-05-02 08:27:45.439916,2026-05-02 08:27:45.439916,91.83885192871094
2026-05-02 08:27:45.638732,2026-05-02 08:27:45.638732,91.77396392822266
2026-05-02 08:27:45.840204,2026-05-02 08:27:45.840204,89.25786590576172
2026-05-02 08:27:46.039241,2026-05-02 08:27:46.039241,87.11918640136719
2026-05-02 08:27:46.238770,2026-05-02 08:27:46.238770,85.30130767822266
2026-05-02 08:27:46.442047,2026-05-02 08:27:46.442047,83.75611114501953
2026-05-02 08:27:46.640859,2026-05-02 08:27:46.640859,82.44269561767578
2026-05-02 08:27:46.839680,2026-05-02 08:27:46.839680,81.3262939453125
2026-05-02 08:27:47.041009,2026-05-02 08:27:47.041009,80.37734985351562
2026-05-02 08:27:47.242722,2026-05-02 08:27:47.242722,79.57074737548828
2026-05-02 08:27:47.440265,2026-05-02 08:27:47.440265,78.8851318359375
2026-05-02 08:27:47.638973,2026-05-02 08:27:47.638973,78.30236053466797
2026-05-02 08:27:47.838487,2026-05-02 08:27:47.838487,77.8070068359375
2026-05-02 08:27:48.039382,2026-05-02 08:27:48.039382,77.38595581054688
2026-05-02 08:27:48.240239,2026-05-02 08:27:48.240239,77.02806091308594
2026-05-02 08:27:48.440401,2026-05-02 08:27:48.440401,76.7238540649414
2026-05-02 08:27:48.639504,2026-05-02 08:27:48.639504,76.46527862548828
2026-05-02 08:27:48.839312,2026-05-02 08:27:48.839312,76.0697021484375
2026-05-02 08:27:49.040308,2026-05-02 08:27:49.040308,75.73346710205078
2026-05-02 08:27:49.240097,2026-05-02 08:27:49.240097,75.44766235351562
2026-05-02 08:27:49.440084,2026-05-02 08:27:49.440084,79.4234848022461
2026-05-02 08:27:49.638821,2026-05-02 08:27:49.638821,82.80293273925781
2026-05-02 08:27:49.841664,2026-05-02 08:27:49.841664,85.85124206542969
2026-05-02 08:27:50.039586,2026-05-02 08:27:50.039586,88.44230651855469
2026-05-02 08:27:50.238638,2026-05-02 08:27:50.238638,90.64470672607422
2026-05-02 08:27:50.439763,2026-05-02 08:27:50.439763,92.51675415039062
2026-05-02 08:27:50.640253,2026-05-02 08:27:50.640253,94.10798645019533
2026-05-02 08:27:50.840851,2026-05-02 08:27:50.840851,95.46054077148438
2026-05-02 08:27:51.043375,2026-05-02 08:27:51.043375,96.6102066040039
2026-05-02 08:27:51.240789,2026-05-02 08:27:51.240789,97.5874252319336
2026-05-02 08:27:51.439895,2026-05-02 08:27:51.439895,98.4180679321289
2026-05-02 08:27:51.639864,2026-05-02 08:27:51.639864,99.12410736083984
2026-05-02 08:27:51.838622,2026-05-02 08:27:51.838622,99.72423553466795
2026-05-02 08:27:52.038740,2026-05-02 08:27:52.038740,100.2343521118164
2026-05-02 08:27:52.241653,2026-05-02 08:27:52.241653,100.66795349121094
2026-05-02 08:27:52.438689,2026-05-02 08:27:52.438689,101.03650665283205
2026-05-02 08:27:52.638952,2026-05-02 08:27:52.638952,101.34978485107422
2026-05-02 08:27:52.839626,2026-05-02 08:27:52.839626,101.6160659790039
2026-05-02 08:27:53.039642,2026-05-02 08:27:53.039642,101.8424072265625
2026-05-02 08:27:53.238896,2026-05-02 08:27:53.238896,102.03479766845705
2026-05-02 08:27:53.438688,2026-05-02 08:27:53.438688,102.19832611083984
2026-05-02 08:27:53.638781,2026-05-02 08:27:53.638781,102.33732604980467
2026-05-02 08:27:53.838865,2026-05-02 08:27:53.838865,102.45547485351562
2026-05-02 08:27:54.041471,2026-05-02 08:27:54.041471,102.555908203125
2026-05-02 08:27:54.240639,2026-05-02 08:27:54.240639,102.64127349853516
2026-05-02 08:27:54.441980,2026-05-02 08:27:54.441980,102.71382904052734
2026-05-02 08:27:54.639024,2026-05-02 08:27:54.639024,102.77550506591795
2026-05-02 08:27:54.838645,2026-05-02 08:27:54.838645,102.8279266357422
2026-05-02 08:27:55.039975,2026-05-02 08:27:55.039975,102.87248992919922
2026-05-02 08:27:55.238628,2026-05-02 08:27:55.238628,102.91036987304688
2026-05-02 08:28:08.340666,2026-05-02 08:28:08.340666,102.94255828857422
2026-05-02 08:28:08.541304,2026-05-02 08:28:08.541304,102.9699249267578
2026-05-02 08:28:08.738904,2026-05-02 08:28:08.738904,102.9931869506836
2026-05-02 08:28:08.940801,2026-05-02 08:28:08.940801,103.0129623413086
2026-05-02 08:28:09.144135,2026-05-02 08:28:09.144135,96.3500747680664
2026-05-02 08:28:09.339552,2026-05-02 08:28:09.339552,90.68663024902344
2026-05-02 08:28:09.539547,2026-05-02 08:28:09.539547,85.87269592285156
2026-05-02 08:28:09.739878,2026-05-02 08:28:09.739878,81.78085327148438
2026-05-02 08:28:09.940589,2026-05-02 08:28:09.940589,78.30278778076172
2026-05-02 08:28:10.138989,2026-05-02 08:28:10.138989,75.346435546875
2026-05-02 08:28:10.340933,2026-05-02 08:28:10.340933,72.83353424072266
2026-05-02 08:28:10.539612,2026-05-02 08:28:10.539612,70.69756317138672
2026-05-02 08:28:10.739474,2026-05-02 08:28:10.739474,68.88198852539062
2026-05-02 08:28:10.943737,2026-05-02 08:28:10.943737,67.33875274658203
2026-05-02 08:28:11.130706,2026-05-02 08:28:11.130706,66.02700805664062
2026-05-02 08:28:11.340374,2026-05-02 08:28:11.340374,64.91201782226562
2026-05-02 08:28:11.541293,2026-05-02 08:28:11.541293,63.96427536010742
2026-05-02 08:28:11.739654,2026-05-02 08:28:11.739654,63.15869903564453
2026-05-02 08:28:11.941362,2026-05-02 08:28:11.941362,62.47395706176758
2026-05-02 08:28:12.139775,2026-05-02 08:28:12.139775,61.89192581176758
2026-05-02 08:28:12.340665,2026-05-02 08:28:12.340665,61.39719772338867
2026-05-02 08:28:12.539748,2026-05-02 08:28:12.539748,60.976680755615234
2026-05-02 08:28:12.739401,2026-05-02 08:28:12.739401,60.619239807128906
2026-05-02 08:28:12.940860,2026-05-02 08:28:12.940860,60.3154182434082
2026-05-02 08:28:13.139581,2026-05-02 08:28:13.139581,60.057167053222656
2026-05-02 08:28:13.338780,2026-05-02 08:28:13.338780,59.83765411376953
2026-05-02 08:28:13.541758,2026-05-02 08:28:13.541758,59.47528839111328
2026-05-02 08:28:13.739104,2026-05-02 08:28:13.739104,59.167274475097656
2026-05-02 08:28:13.938670,2026-05-02 08:28:13.938670,58.90546417236328
2026-05-02 08:28:14.140928,2026-05-02 08:28:14.140928,58.68292617797852
2026-05-02 08:28:14.340043,2026-05-02 08:28:14.340043,58.493770599365234
2026-05-02 08:28:14.539176,2026-05-02 08:28:14.539176,58.332984924316406
2026-05-02 08:28:14.738620,2026-05-02 08:28:14.738620,58.196319580078125
2026-05-02 08:28:14.938689,2026-05-02 08:28:14.938689,58.08015060424805
2026-05-02 08:28:15.139968,2026-05-02 08:28:15.139968,57.98141098022461
2026-05-02 08:28:15.331352,2026-05-02 08:28:15.331352,57.89748001098633
2026-05-02 08:28:15.533258,2026-05-02 08:28:15.533258,57.82614135742188
2026-05-02 08:28:15.739472,2026-05-02 08:28:15.739472,57.58971786499024
2026-05-02 08:28:15.938664,2026-05-02 08:28:15.938664,57.38875961303711
2026-05-02 08:28:16.138997,2026-05-02 08:28:16.138997,57.21794509887695
2026-05-02 08:28:16.340726,2026-05-02 08:28:16.340726,57.07275390625
2026-05-02 08:28:16.538797,2026-05-02 08:28:16.538797,56.9493408203125
2026-05-02 08:28:16.738914,2026-05-02 08:28:16.738914,56.84444046020508
2026-05-02 08:28:16.939224,2026-05-02 08:28:16.939224,56.75527572631836
2026-05-02 08:28:17.140749,2026-05-02 08:28:17.140749,56.679481506347656
2026-05-02 08:28:17.339162,2026-05-02 08:28:17.339162,56.61505889892578
2026-05-02 08:28:17.538656,2026-05-02 08:28:17.538656,56.560302734375
2026-05-02 08:28:17.739060,2026-05-02 08:28:17.739060,56.51375579833984
2026-05-02 08:28:17.939359,2026-05-02 08:28:17.939359,68.60309600830078
2026-05-02 08:28:18.138758,2026-05-02 08:28:18.138758,78.87904357910156
2026-05-02 08:28:18.338835,2026-05-02 08:28:18.338835,87.61359405517578
2026-05-02 08:28:18.540728,2026-05-02 08:28:18.540728,95.03795623779295
2026-05-02 08:28:18.739916,2026-05-02 08:28:18.739916,101.34867095947266
2026-05-02 08:28:18.938965,2026-05-02 08:28:18.938965,106.71277618408205
2026-05-02 08:28:19.139210,2026-05-02 08:28:19.139210,111.2722625732422
2026-05-02 08:28:19.341783,2026-05-02 08:28:19.341783,115.14783477783205
2026-05-02 08:28:19.539200,2026-05-02 08:28:19.539200,118.44206237792967
2026-05-02 08:28:19.738817,2026-05-02 08:28:19.738817,121.41793823242188
2026-05-02 08:28:19.941043,2026-05-02 08:28:19.941043,123.94744110107422
2026-05-02 08:28:20.143097,2026-05-02 08:28:20.143097,126.0975112915039
2026-05-02 08:28:20.339308,2026-05-02 08:28:20.339308,127.9250717163086
2026-05-02 08:28:20.540413,2026-05-02 08:28:20.540413,129.47850036621094
2026-05-02 08:28:20.739000,2026-05-02 08:28:20.739000,130.7989044189453
2026-05-02 08:28:20.941368,2026-05-02 08:28:20.941368,131.9212646484375
2026-05-02 08:28:21.139250,2026-05-02 08:28:21.139250,133.05104064941406
2026-05-02 08:28:21.340958,2026-05-02 08:28:21.340958,134.0113525390625
2026-05-02 08:28:21.540667,2026-05-02 08:28:21.540667,134.82762145996094
2026-05-02 08:28:21.738952,2026-05-02 08:28:21.738952,135.5214385986328
2026-05-02 08:28:21.938852,2026-05-02 08:28:21.938852,136.11119079589844
2026-05-02 08:28:22.139961,2026-05-02 08:28:22.139961,136.78826904296875
2026-05-02 08:28:22.338790,2026-05-02 08:28:22.338790,137.36378479003906
2026-05-02 08:28:22.538888,2026-05-02 08:28:22.538888,137.85296630859375
2026-05-02 08:28:22.739924,2026-05-02 08:28:22.739924,138.26876831054688
2026-05-02 08:28:22.939255,2026-05-02 08:28:22.939255,138.62220764160156
2026-05-02 08:28:23.139430,2026-05-02 08:28:23.139430,138.92262268066406
2026-05-02 08:28:23.341295,2026-05-02 08:28:23.341295,139.177978515625
2026-05-02 08:28:23.538849,2026-05-02 08:28:23.538849,139.39503479003906
2026-05-02 08:28:23.739360,2026-05-02 08:28:23.739360,139.75531005859375
2026-05-02 08:28:23.941991,2026-05-02 08:28:23.941991,140.06153869628906
2026-05-02 08:28:24.130401,2026-05-02 08:28:24.130401,140.32183837890625
2026-05-02 08:28:24.340867,2026-05-02 08:28:24.340867,140.5430908203125
2026-05-02 08:28:24.539682,2026-05-02 08:28:24.539682,140.73117065429688
2026-05-02 08:28:24.740505,2026-05-02 08:28:24.740505,140.89102172851562
2026-05-02 08:28:24.939307,2026-05-02 08:28:24.939307,141.0269012451172
2026-05-02 08:28:25.140690,2026-05-02 08:28:25.140690,141.14239501953125
2026-05-02 08:28:25.339162,2026-05-02 08:28:25.339162,141.24057006835938
2026-05-02 08:28:25.541065,2026-05-02 08:28:25.541065,141.3240203857422
2026-05-02 08:28:25.739608,2026-05-02 08:28:25.739608,141.3949432373047
2026-05-02 08:28:25.939121,2026-05-02 08:28:25.939121,141.45523071289062
2026-05-02 08:28:26.139743,2026-05-02 08:28:26.139743,141.50648498535156
2026-05-02 08:28:26.342105,2026-05-02 08:28:26.342105,141.55003356933594
2026-05-02 08:28:26.538997,2026-05-02 08:28:26.538997,141.58706665039062
2026-05-02 08:28:26.740367,2026-05-02 08:28:26.740367,141.6185302734375
2026-05-02 08:28:26.940227,2026-05-02 08:28:26.940227,141.64527893066406
2026-05-02 08:28:27.140538,2026-05-02 08:28:27.140538,141.66802978515625
2026-05-02 08:28:27.340497,2026-05-02 08:28:27.340497,141.68734741210938
2026-05-02 08:28:27.539997,2026-05-02 08:28:27.539997,141.7037811279297
2026-05-02 08:28:27.743545,2026-05-02 08:28:27.743545,141.71774291992188
2026-05-02 08:28:27.941539,2026-05-02 08:28:27.941539,141.5538330078125
2026-05-02 08:28:28.140328,2026-05-02 08:28:28.140328,141.4145050048828
2026-05-02 08:28:28.340062,2026-05-02 08:28:28.340062,141.29608154296875
2026-05-02 08:28:28.539074,2026-05-02 08:28:28.539074,141.19541931152344
2026-05-02 08:28:28.740862,2026-05-02 08:28:28.740862,141.10986328125
2026-05-02 08:28:28.940517,2026-05-02 08:28:28.940517,141.03712463378906
2026-05-02 08:28:29.138942,2026-05-02 08:28:29.138942,134.64718627929688
2026-05-02 08:28:29.340498,2026-05-02 08:28:29.340498,129.21572875976562
2026-05-02 08:28:29.540987,2026-05-02 08:28:29.540987,124.5989990234375
2026-05-02 08:28:29.739747,2026-05-02 08:28:29.739747,120.67477416992188
2026-05-02 08:28:29.939685,2026-05-02 08:28:29.939685,117.33917999267578
2026-05-02 08:28:30.139364,2026-05-02 08:28:30.139364,114.5039291381836
2026-05-02 08:28:30.339163,2026-05-02 08:28:30.339163,112.09396362304688
2026-05-02 08:28:30.539799,2026-05-02 08:28:30.539799,110.04549407958984
2026-05-02 08:28:30.731619,2026-05-02 08:28:30.731619,114.4566421508789
2026-05-02 08:28:30.940601,2026-05-02 08:28:30.940601,118.20611572265624
2026-05-02 08:28:31.139900,2026-05-02 08:28:31.139900,121.3931655883789
2026-05-02 08:28:31.338849,2026-05-02 08:28:31.338849,124.10215759277344
2026-05-02 08:28:31.541254,2026-05-02 08:28:31.541254,126.40480041503906
2026-05-02 08:28:31.740309,2026-05-02 08:28:31.740309,128.36204528808594
2026-05-02 08:28:31.940383,2026-05-02 08:28:31.940383,130.0257110595703
2026-05-02 08:28:32.139102,2026-05-02 08:28:32.139102,122.47498321533205
2026-05-02 08:28:32.330036,2026-05-02 08:28:32.330036,116.0568618774414
2026-05-02 08:28:32.539547,2026-05-02 08:28:32.539547,110.60145568847656
2026-05-02 08:28:32.739872,2026-05-02 08:28:32.739872,105.78858184814452
2026-05-02 08:28:32.941421,2026-05-02 08:28:32.941421,101.69763946533205
2026-05-02 08:28:33.129868,2026-05-02 08:28:33.129868,98.2203369140625
2026-05-02 08:28:33.338776,2026-05-02 08:28:33.338776,95.2646255493164
2026-05-02 08:28:33.538752,2026-05-02 08:28:33.538752,92.75228118896484
2026-05-02 08:28:46.639334,2026-05-02 08:28:46.639334,90.61678314208984
2026-05-02 08:28:46.828722,2026-05-02 08:28:46.828722,88.80160522460938
2026-05-02 08:28:47.030374,2026-05-02 08:28:47.030374,87.25871276855469
2026-05-02 08:28:47.229661,2026-05-02 08:28:47.229661,85.77146911621094
2026-05-02 08:28:47.439110,2026-05-02 08:28:47.439110,84.50730895996094
2026-05-02 08:28:47.629428,2026-05-02 08:28:47.629428,83.43277740478516
2026-05-02 08:28:47.839944,2026-05-02 08:28:47.839944,82.51942443847656
2026-05-02 08:28:48.028875,2026-05-02 08:28:48.028875,81.74307250976562
2026-05-02 08:28:48.230233,2026-05-02 08:28:48.230233,81.08317565917969
2026-05-02 08:28:48.429604,2026-05-02 08:28:48.429604,80.52226257324219
2026-05-02 08:28:48.629285,2026-05-02 08:28:48.629285,80.04547882080078
2026-05-02 08:28:48.839945,2026-05-02 08:28:48.839945,79.64022064208984
2026-05-02 08:28:49.044829,2026-05-02 08:28:49.044829,79.2957534790039
2026-05-02 08:28:49.229387,2026-05-02 08:28:49.229387,79.0029525756836
2026-05-02 08:28:49.429807,2026-05-02 08:28:49.429807,78.57829284667969
2026-05-02 08:28:49.639147,2026-05-02 08:28:49.639147,78.21733093261719
2026-05-02 08:28:49.829169,2026-05-02 08:28:49.829169,77.91050720214844
2026-05-02 08:28:50.028901,2026-05-02 08:28:50.028901,77.64971160888672
2026-05-02 08:28:50.228803,2026-05-02 08:28:50.228803,77.42803955078125
2026-05-02 08:28:50.438843,2026-05-02 08:28:50.438843,77.23961639404297
2026-05-02 08:28:50.639047,2026-05-02 08:28:50.639047,77.07945251464844
2026-05-02 08:28:50.828953,2026-05-02 08:28:50.828953,76.94331359863281
2026-05-02 08:28:51.041208,2026-05-02 08:28:51.041208,76.82759857177734
2026-05-02 08:28:51.228638,2026-05-02 08:28:51.228638,76.72924041748047
2026-05-02 08:28:51.440177,2026-05-02 08:28:51.440177,76.64563751220703
2026-05-02 08:28:51.628824,2026-05-02 08:28:51.628824,76.57456970214844
2026-05-02 08:28:51.829309,2026-05-02 08:28:51.829309,76.51416778564453
2026-05-02 08:28:52.029006,2026-05-02 08:28:52.029006,76.46282196044922
2026-05-02 08:28:52.229195,2026-05-02 08:28:52.229195,76.41918182373047
2026-05-02 08:28:52.428863,2026-05-02 08:28:52.428863,76.38208770751953
2026-05-02 08:28:52.630327,2026-05-02 08:28:52.630327,76.35055541992188
2026-05-02 08:28:52.829179,2026-05-02 08:28:52.829179,76.3237533569336
2026-05-02 08:28:53.029661,2026-05-02 08:28:53.029661,76.30097198486328
2026-05-02 08:28:53.230065,2026-05-02 08:28:53.230065,76.45738983154297
2026-05-02 08:28:53.430162,2026-05-02 08:28:53.430162,76.59033966064453
2026-05-02 08:28:53.628777,2026-05-02 08:28:53.628777,76.70335388183594
2026-05-02 08:28:53.830518,2026-05-02 08:28:53.830518,76.7994155883789
2026-05-02 08:28:54.030963,2026-05-02 08:28:54.030963,76.88106536865234
2026-05-02 08:28:54.230916,2026-05-02 08:28:54.230916,76.95046997070312
2026-05-02 08:28:54.439658,2026-05-02 08:28:54.439658,77.00946044921875
2026-05-02 08:28:54.639747,2026-05-02 08:28:54.639747,77.05960083007812
2026-05-02 08:28:54.829280,2026-05-02 08:28:54.829280,77.10222625732422
2026-05-02 08:28:55.029753,2026-05-02 08:28:55.029753,77.1384506225586
2026-05-02 08:28:55.228790,2026-05-02 08:28:55.228790,77.16925048828125
2026-05-02 08:28:55.431717,2026-05-02 08:28:55.431717,77.19542694091797
2026-05-02 08:28:55.639617,2026-05-02 08:28:55.639617,77.2176742553711
2026-05-02 08:28:55.832972,2026-05-02 08:28:55.832972,77.23658752441406
2026-05-02 08:28:56.030705,2026-05-02 08:28:56.030705,77.25265502929688
2026-05-02 08:28:56.229407,2026-05-02 08:28:56.229407,77.26631927490234
2026-05-02 08:28:56.439972,2026-05-02 08:28:56.439972,77.27793884277344
2026-05-02 08:28:56.630728,2026-05-02 08:28:56.630728,77.28781127929688
2026-05-02 08:28:56.829655,2026-05-02 08:28:56.829655,77.29620361328125
2026-05-02 08:28:57.029600,2026-05-02 08:28:57.029600,77.30332946777344
2026-05-02 08:28:57.230814,2026-05-02 08:28:57.230814,77.30939483642578
2026-05-02 08:28:57.430339,2026-05-02 08:28:57.430339,77.31454467773438
2026-05-02 08:28:57.639535,2026-05-02 08:28:57.639535,77.31893157958984
2026-05-02 08:28:57.829635,2026-05-02 08:28:57.829635,77.3226547241211
2026-05-02 08:28:58.030303,2026-05-02 08:28:58.030303,77.32581329345703
2026-05-02 08:28:58.230161,2026-05-02 08:28:58.230161,77.32850646972656
2026-05-02 08:28:58.430551,2026-05-02 08:28:58.430551,77.50657653808594
2026-05-02 08:28:58.629163,2026-05-02 08:28:58.629163,77.65792846679688
2026-05-02 08:28:58.832212,2026-05-02 08:28:58.832212,77.78658294677734
2026-05-02 08:28:59.030674,2026-05-02 08:28:59.030674,77.89594268798828
2026-05-02 08:28:59.230193,2026-05-02 08:28:59.230193,77.9888916015625
2026-05-02 08:28:59.430427,2026-05-02 08:28:59.430427,78.06790161132812
2026-05-02 08:28:59.629215,2026-05-02 08:28:59.629215,78.13506317138672
2026-05-02 08:28:59.829159,2026-05-02 08:28:59.829159,78.19214630126953
2026-05-02 08:29:00.029699,2026-05-02 08:29:00.029699,78.24066925048828
2026-05-02 08:29:00.230294,2026-05-02 08:29:00.230294,78.28191375732422
2026-05-02 08:29:00.430114,2026-05-02 08:29:00.430114,78.31697082519531
2026-05-02 08:29:00.630756,2026-05-02 08:29:00.630756,78.34676361083984
2026-05-02 08:29:00.829639,2026-05-02 08:29:00.829639,78.3720932006836
2026-05-02 08:29:01.029454,2026-05-02 08:29:01.029454,78.39362335205078
2026-05-02 08:29:01.229230,2026-05-02 08:29:01.229230,78.41192626953125
2026-05-02 08:29:01.431750,2026-05-02 08:29:01.431750,78.42748260498047
2026-05-02 08:29:01.629199,2026-05-02 08:29:01.629199,78.44070434570312
2026-05-02 08:29:01.829648,2026-05-02 08:29:01.829648,78.45194244384766
2026-05-02 08:29:02.029136,2026-05-02 08:29:02.029136,78.46149444580078
2026-05-02 08:29:02.238740,2026-05-02 08:29:02.238740,78.46961212158203
2026-05-02 08:29:02.429183,2026-05-02 08:29:02.429183,78.47651672363281
2026-05-02 08:29:02.629209,2026-05-02 08:29:02.629209,80.24019622802734
2026-05-02 08:29:02.830539,2026-05-02 08:29:02.830539,81.91510009765625
2026-05-02 08:29:03.028766,2026-05-02 08:29:03.028766,83.33877563476562
2026-05-02 08:29:03.229018,2026-05-02 08:29:03.229018,84.54889678955078
2026-05-02 08:29:03.429975,2026-05-02 08:29:03.429975,88.38999938964844
2026-05-02 08:29:03.629587,2026-05-02 08:29:03.629587,91.47915649414062
2026-05-02 08:29:03.830871,2026-05-02 08:29:03.830871,94.1049346923828
2026-05-02 08:29:04.029209,2026-05-02 08:29:04.029209,96.33685302734376
2026-05-02 08:29:04.229657,2026-05-02 08:29:04.229657,98.23397827148438
2026-05-02 08:29:04.429228,2026-05-02 08:29:04.429228,99.84654235839844
2026-05-02 08:29:04.638847,2026-05-02 08:29:04.638847,101.21721649169922
2026-05-02 08:29:04.829360,2026-05-02 08:29:04.829360,102.38228607177734
2026-05-02 08:29:05.029522,2026-05-02 08:29:05.029522,103.3726043701172
2026-05-02 08:29:05.230704,2026-05-02 08:29:05.230704,104.21437072753906
2026-05-02 08:29:05.429427,2026-05-02 08:29:05.429427,104.92987060546876
2026-05-02 08:29:05.628727,2026-05-02 08:29:05.628727,105.53804779052734
2026-05-02 08:29:05.830354,2026-05-02 08:29:05.830354,106.05499267578124
2026-05-02 08:29:06.029543,2026-05-02 08:29:06.029543,106.49440002441406
2026-05-02 08:29:06.229341,2026-05-02 08:29:06.229341,106.8678970336914
2026-05-02 08:29:06.429006,2026-05-02 08:29:06.429006,107.18537139892578
2026-05-02 08:29:06.630708,2026-05-02 08:29:06.630708,107.4552230834961
2026-05-02 08:29:06.828844,2026-05-02 08:29:06.828844,107.6845932006836
2026-05-02 08:29:07.028848,2026-05-02 08:29:07.028848,107.87956237792967
2026-05-02 08:29:07.229337,2026-05-02 08:29:07.229337,108.04528045654295
2026-05-02 08:29:07.429006,2026-05-02 08:29:07.429006,108.18614959716795
2026-05-02 08:29:07.628857,2026-05-02 08:29:07.628857,108.30587768554688
2026-05-02 08:29:07.828650,2026-05-02 08:29:07.828650,108.40765380859376
2026-05-02 08:29:08.028792,2026-05-02 08:29:08.028792,108.4941635131836
2026-05-02 08:29:08.229753,2026-05-02 08:29:08.229753,108.56769561767578
2026-05-02 08:29:08.430285,2026-05-02 08:29:08.430285,108.63019561767578
2026-05-02 08:29:08.628898,2026-05-02 08:29:08.628898,108.6833267211914
2026-05-02 08:29:08.829377,2026-05-02 08:29:08.829377,108.72847747802734
2026-05-02 08:29:09.029902,2026-05-02 08:29:09.029902,108.7668685913086
2026-05-02 08:29:09.229504,2026-05-02 08:29:09.229504,108.79949188232422
2026-05-02 08:29:09.429240,2026-05-02 08:29:09.429240,108.82722473144533
2026-05-02 08:29:09.629173,2026-05-02 08:29:09.629173,108.85079956054688
2026-05-02 08:29:09.829767,2026-05-02 08:29:09.829767,108.87083435058594
2026-05-02 08:29:10.028974,2026-05-02 08:29:10.028974,108.88786315917967
2026-05-02 08:29:10.228854,2026-05-02 08:29:10.228854,108.90234375
2026-05-02 08:29:10.429764,2026-05-02 08:29:10.429764,108.9146499633789
2026-05-02 08:29:10.629295,2026-05-02 08:29:10.629295,108.92510223388672
2026-05-02 08:29:10.829071,2026-05-02 08:29:10.829071,109.10977935791016
2026-05-02 08:29:11.028943,2026-05-02 08:29:11.028943,109.2667465209961
2026-05-02 08:29:11.230108,2026-05-02 08:29:11.230108,109.40017700195312
2026-05-02 08:29:11.430682,2026-05-02 08:29:11.430682,109.51358795166016
2026-05-02 08:29:11.629060,2026-05-02 08:29:11.629060,109.6099853515625
2026-05-02 08:29:11.829139,2026-05-02 08:29:11.829139,109.69192504882812
2026-05-02 08:29:24.929750,2026-05-02 08:29:24.929750,109.7615737915039
2026-05-02 08:29:25.130126,2026-05-02 08:29:25.130126,109.8207778930664
2026-05-02 08:29:25.329057,2026-05-02 08:29:25.329057,109.87109375
2026-05-02 08:29:25.531044,2026-05-02 08:29:25.531044,109.91387176513672
2026-05-02 08:29:25.728832,2026-05-02 08:29:25.728832,109.95022583007812
2026-05-02 08:29:25.930660,2026-05-02 08:29:25.930660,109.98113250732422
2026-05-02 08:29:26.131366,2026-05-02 08:29:26.131366,110.00740051269533
2026-05-02 08:29:26.329159,2026-05-02 08:29:26.329159,110.02972412109376
2026-05-02 08:29:26.529011,2026-05-02 08:29:26.529011,110.0487060546875
2026-05-02 08:29:26.728851,2026-05-02 08:29:26.728851,110.06483459472656
2026-05-02 08:29:26.930023,2026-05-02 08:29:26.930023,110.07854461669922
2026-05-02 08:29:27.129287,2026-05-02 08:29:27.129287,110.09020233154295
2026-05-02 08:29:27.330223,2026-05-02 08:29:27.330223,110.10011291503906
2026-05-02 08:29:27.529895,2026-05-02 08:29:27.529895,110.10852813720705
2026-05-02 08:29:27.733868,2026-05-02 08:29:27.733868,110.11569213867188
2026-05-02 08:29:27.928830,2026-05-02 08:29:27.928830,110.12177276611328
2026-05-02 08:29:28.128899,2026-05-02 08:29:28.128899,110.12694549560548
2026-05-02 08:29:28.329234,2026-05-02 08:29:28.329234,110.13134002685548
2026-05-02 08:29:28.528692,2026-05-02 08:29:28.528692,110.13507843017578
2026-05-02 08:29:28.728721,2026-05-02 08:29:28.728721,110.13825225830078
2026-05-02 08:29:28.929163,2026-05-02 08:29:28.929163,110.14095306396484
2026-05-02 08:29:29.130589,2026-05-02 08:29:29.130589,110.14324951171876
2026-05-02 08:29:29.328736,2026-05-02 08:29:29.328736,110.14519500732422
2026-05-02 08:29:29.529365,2026-05-02 08:29:29.529365,110.14685821533205
2026-05-02 08:29:29.728704,2026-05-02 08:29:29.728704,110.14826202392578
2026-05-02 08:29:29.929543,2026-05-02 08:29:29.929543,110.1494598388672
2026-05-02 08:29:30.128770,2026-05-02 08:29:30.128770,110.15048217773438
2026-05-02 08:29:30.329361,2026-05-02 08:29:30.329361,110.1513442993164
2026-05-02 08:29:30.529176,2026-05-02 08:29:30.529176,110.15208435058594
2026-05-02 08:29:30.728776,2026-05-02 08:29:30.728776,110.1527099609375
2026-05-02 08:29:30.928781,2026-05-02 08:29:30.928781,110.15323638916016
2026-05-02 08:29:31.128644,2026-05-02 08:29:31.128644,110.1536865234375
2026-05-02 08:29:31.331472,2026-05-02 08:29:31.331472,110.1540756225586
2026-05-02 08:29:31.529971,2026-05-02 08:29:31.529971,110.15440368652344
2026-05-02 08:29:31.728818,2026-05-02 08:29:31.728818,110.15467834472656
2026-05-02 08:29:31.929106,2026-05-02 08:29:31.929106,105.40882110595705
2026-05-02 08:29:32.128844,2026-05-02 08:29:32.128844,101.55062103271484
2026-05-02 08:29:32.329807,2026-05-02 08:29:32.329807,98.27115631103516
2026-05-02 08:29:32.529119,2026-05-02 08:29:32.529119,95.48360443115234
2026-05-02 08:29:32.729360,2026-05-02 08:29:32.729360,93.11418914794922
2026-05-02 08:29:32.928850,2026-05-02 08:29:32.928850,91.27597045898438
2026-05-02 08:29:33.128613,2026-05-02 08:29:33.128613,89.7134780883789
2026-05-02 08:29:33.328704,2026-05-02 08:29:33.328704,88.38536071777344
2026-05-02 08:29:33.528715,2026-05-02 08:29:33.528715,87.25646209716797
2026-05-02 08:29:33.728767,2026-05-02 08:29:33.728767,86.2968978881836
2026-05-02 08:29:33.930312,2026-05-02 08:29:33.930312,85.48126983642578
2026-05-02 08:29:34.129678,2026-05-02 08:29:34.129678,84.7879867553711
2026-05-02 08:29:34.328963,2026-05-02 08:29:34.328963,84.19869232177734
2026-05-02 08:29:34.529175,2026-05-02 08:29:34.529175,83.87358093261719
2026-05-02 08:29:34.730024,2026-05-02 08:29:34.730024,83.59722900390625
2026-05-02 08:29:34.930032,2026-05-02 08:29:34.930032,83.36233520507812
2026-05-02 08:29:35.130352,2026-05-02 08:29:35.130352,83.16267395019531
2026-05-02 08:29:35.329142,2026-05-02 08:29:35.329142,83.16873931884766
2026-05-02 08:29:35.530349,2026-05-02 08:29:35.530349,83.17389678955078
2026-05-02 08:29:35.729129,2026-05-02 08:29:35.729129,83.35406494140625
2026-05-02 08:29:35.929112,2026-05-02 08:29:35.929112,83.6829833984375
2026-05-02 08:29:36.130343,2026-05-02 08:29:36.130343,83.96257019042969
2026-05-02 08:29:36.329150,2026-05-02 08:29:36.329150,84.20021057128906
2026-05-02 08:29:36.529747,2026-05-02 08:29:36.529747,84.57799530029297
2026-05-02 08:29:36.728840,2026-05-02 08:29:36.728840,84.89910888671875
2026-05-02 08:29:36.929244,2026-05-02 08:29:36.929244,85.34783172607422
2026-05-02 08:29:37.128878,2026-05-02 08:29:37.128878,85.72925567626953
2026-05-02 08:29:37.329081,2026-05-02 08:29:37.329081,86.22924041748047
2026-05-02 08:29:37.530421,2026-05-02 08:29:37.530421,86.83000946044922
2026-05-02 08:29:37.729610,2026-05-02 08:29:37.729610,87.34066772460938
2026-05-02 08:29:37.930437,2026-05-02 08:29:37.930437,87.77471923828125
2026-05-02 08:29:38.129508,2026-05-02 08:29:38.129508,88.31945037841797
2026-05-02 08:29:38.338885,2026-05-02 08:29:38.338885,88.782470703125
2026-05-02 08:29:38.530266,2026-05-02 08:29:38.530266,89.17604064941406
2026-05-02 08:29:38.731023,2026-05-02 08:29:38.731023,89.51056671142578
2026-05-02 08:29:38.930268,2026-05-02 08:29:38.930268,89.794921875
2026-05-02 08:29:39.129114,2026-05-02 08:29:39.129114,90.03662109375
2026-05-02 08:29:39.330089,2026-05-02 08:29:39.330089,90.2420654296875
2026-05-02 08:29:39.530818,2026-05-02 08:29:39.530818,90.59247589111328
2026-05-02 08:29:39.729063,2026-05-02 08:29:39.729063,90.89031982421876
2026-05-02 08:29:39.930876,2026-05-02 08:29:39.930876,91.14349365234376
2026-05-02 08:29:40.130136,2026-05-02 08:29:40.130136,91.3586883544922
2026-05-02 08:29:40.331952,2026-05-02 08:29:40.331952,91.5416030883789
2026-05-02 08:29:40.529764,2026-05-02 08:29:40.529764,91.69708251953124
2026-05-02 08:29:40.729024,2026-05-02 08:29:40.729024,91.82923889160156
2026-05-02 08:29:40.929347,2026-05-02 08:29:40.929347,92.11735534667967
2026-05-02 08:29:41.128773,2026-05-02 08:29:41.128773,92.36225128173828
2026-05-02 08:29:41.329932,2026-05-02 08:29:41.329932,92.5704116821289
2026-05-02 08:29:41.528979,2026-05-02 08:29:41.528979,92.74735260009766
2026-05-02 08:29:41.728734,2026-05-02 08:29:41.728734,92.8977508544922
2026-05-02 08:29:41.928934,2026-05-02 08:29:41.928934,93.0255889892578
2026-05-02 08:29:42.130632,2026-05-02 08:29:42.130632,93.13424682617188
2026-05-02 08:29:42.328502,2026-05-02 08:29:42.328502,93.2266082763672
2026-05-02 08:29:42.528792,2026-05-02 08:29:42.528792,93.30512237548828
2026-05-02 08:29:42.732943,2026-05-02 08:29:42.732943,93.3718490600586
2026-05-02 08:29:42.934931,2026-05-02 08:29:42.934931,93.42857360839844
2026-05-02 08:29:43.128647,2026-05-02 08:29:43.128647,93.4767837524414
2026-05-02 08:29:43.330884,2026-05-02 08:29:43.330884,93.69355010986328
2026-05-02 08:29:43.531222,2026-05-02 08:29:43.531222,93.87779998779295
2026-05-02 08:29:43.730578,2026-05-02 08:29:43.730578,94.03440856933594
2026-05-02 08:29:43.929292,2026-05-02 08:29:43.929292,94.16753387451172
2026-05-02 08:29:44.129503,2026-05-02 08:29:44.129503,94.28068542480467
2026-05-02 08:29:44.329193,2026-05-02 08:29:44.329193,94.37686157226562
2026-05-02 08:29:44.530780,2026-05-02 08:29:44.530780,89.18517303466797
2026-05-02 08:29:44.730124,2026-05-02 08:29:44.730124,84.5964584350586
2026-05-02 08:29:44.928933,2026-05-02 08:29:44.928933,80.69605255126953
2026-05-02 08:29:45.128739,2026-05-02 08:29:45.128739,77.38070678710938
2026-05-02 08:29:45.330062,2026-05-02 08:29:45.330062,74.56266784667969
2026-05-02 08:29:45.528903,2026-05-02 08:29:45.528903,80.42904663085938
2026-05-02 08:29:45.729110,2026-05-02 08:29:45.729110,85.41547393798828
2026-05-02 08:29:45.928705,2026-05-02 08:29:45.928705,81.3922119140625
2026-05-02 08:29:46.128772,2026-05-02 08:29:46.128772,86.23416137695312
2026-05-02 08:29:46.329254,2026-05-02 08:29:46.329254,90.34981536865234
2026-05-02 08:29:46.529070,2026-05-02 08:29:46.529070,93.84812927246094
2026-05-02 08:29:46.728618,2026-05-02 08:29:46.728618,88.55997467041016
2026-05-02 08:29:46.930781,2026-05-02 08:29:46.930781,92.1509780883789
2026-05-02 08:29:47.128808,2026-05-02 08:29:47.128808,95.20333099365234
2026-05-02 08:29:47.330604,2026-05-02 08:29:47.330604,97.7978286743164
2026-05-02 08:29:47.529999,2026-05-02 08:29:47.529999,99.82737731933594
2026-05-02 08:29:47.729776,2026-05-02 08:29:47.729776,101.552490234375
2026-05-02 08:29:47.932150,2026-05-02 08:29:47.932150,102.84304809570312
2026-05-02 08:29:48.128724,2026-05-02 08:29:48.128724,103.94003295898438
2026-05-02 08:29:48.329622,2026-05-02 08:29:48.329622,104.87246704101562
2026-05-02 08:29:48.529378,2026-05-02 08:29:48.529378,105.66503143310548
2026-05-02 08:29:48.729214,2026-05-02 08:29:48.729214,106.16293334960938
2026-05-02 08:29:48.929177,2026-05-02 08:29:48.929177,106.58615112304688
2026-05-02 08:29:49.128896,2026-05-02 08:29:49.128896,106.94588470458984
2026-05-02 08:29:49.328812,2026-05-02 08:29:49.328812,107.25165557861328
2026-05-02 08:29:49.529409,2026-05-02 08:29:49.529409,107.51156616210938
2026-05-02 08:29:49.729291,2026-05-02 08:29:49.729291,107.73248291015624
2026-05-02 08:29:49.929187,2026-05-02 08:29:49.929187,107.92027282714844
2026-05-02 08:29:50.131523,2026-05-02 08:29:50.131523,108.07988739013672
2026-05-02 08:30:03.230496,2026-05-02 08:30:03.230496,108.21556091308594
2026-05-02 08:30:03.432992,2026-05-02 08:30:03.432992,108.33087921142578
2026-05-02 08:30:03.629282,2026-05-02 08:30:03.629282,108.42890167236328
2026-05-02 08:30:03.831955,2026-05-02 08:30:03.831955,108.51222229003906
2026-05-02 08:30:04.028827,2026-05-02 08:30:04.028827,108.58304595947266
2026-05-02 08:30:04.228762,2026-05-02 08:30:04.228762,108.64324951171876
2026-05-02 08:30:04.430005,2026-05-02 08:30:04.430005,108.69441986083984
2026-05-02 08:30:04.628853,2026-05-02 08:30:04.628853,108.73790740966795
2026-05-02 08:30:04.828675,2026-05-02 08:30:04.828675,108.7748794555664
2026-05-02 08:30:05.029317,2026-05-02 08:30:05.029317,108.80630493164062
2026-05-02 08:30:05.229634,2026-05-02 08:30:05.229634,108.83301544189452
2026-05-02 08:30:05.428956,2026-05-02 08:30:05.428956,108.85572052001952
2026-05-02 08:30:05.629083,2026-05-02 08:30:05.629083,108.87501525878906
2026-05-02 08:30:05.829153,2026-05-02 08:30:05.829153,108.89141845703124
2026-05-02 08:30:06.029051,2026-05-02 08:30:06.029051,109.08114624023438
2026-05-02 08:30:06.229971,2026-05-02 08:30:06.229971,109.2424087524414
2026-05-02 08:30:06.428704,2026-05-02 08:30:06.428704,109.37948608398438
2026-05-02 08:30:06.630012,2026-05-02 08:30:06.630012,109.49600219726562
2026-05-02 08:30:06.830104,2026-05-02 08:30:06.830104,109.59503936767578
2026-05-02 08:30:07.029922,2026-05-02 08:30:07.029922,104.5815658569336
2026-05-02 08:30:07.229242,2026-05-02 08:30:07.229242,100.3201141357422
2026-05-02 08:30:07.428944,2026-05-02 08:30:07.428944,96.6978759765625
2026-05-02 08:30:07.628845,2026-05-02 08:30:07.628845,93.61897277832033
2026-05-02 08:30:07.828915,2026-05-02 08:30:07.828915,91.0019073486328
2026-05-02 08:30:08.030126,2026-05-02 08:30:08.030126,88.77740478515625
2026-05-02 08:30:08.228831,2026-05-02 08:30:08.228831,86.8865737915039
2026-05-02 08:30:08.428619,2026-05-02 08:30:08.428619,85.27937316894531
2026-05-02 08:30:08.628704,2026-05-02 08:30:08.628704,83.91324615478516
2026-05-02 08:30:08.828688,2026-05-02 08:30:08.828688,82.57625579833984
2026-05-02 08:30:09.029754,2026-05-02 08:30:09.029754,81.4398193359375
2026-05-02 08:30:09.229393,2026-05-02 08:30:09.229393,80.47384643554688
2026-05-02 08:30:09.428744,2026-05-02 08:30:09.428744,79.65277099609375
2026-05-02 08:30:09.631680,2026-05-02 08:30:09.631680,78.9548568725586
2026-05-02 08:30:09.829206,2026-05-02 08:30:09.829206,78.36162567138672
2026-05-02 08:30:10.029157,2026-05-02 08:30:10.029157,77.85738372802734
2026-05-02 08:30:10.230090,2026-05-02 08:30:10.230090,77.42877197265625
2026-05-02 08:30:10.429059,2026-05-02 08:30:10.429059,77.06446075439453
2026-05-02 08:30:10.628710,2026-05-02 08:30:10.628710,76.75479125976562
2026-05-02 08:30:10.828830,2026-05-02 08:30:10.828830,76.49156951904297
2026-05-02 08:30:11.029407,2026-05-02 08:30:11.029407,76.26783752441406
2026-05-02 08:30:11.229545,2026-05-02 08:30:11.229545,76.0776596069336
2026-05-02 08:30:11.428890,2026-05-02 08:30:11.428890,75.91600799560547
2026-05-02 08:30:11.629208,2026-05-02 08:30:11.629208,75.77861022949219
2026-05-02 08:30:11.828903,2026-05-02 08:30:11.828903,75.66181945800781
2026-05-02 08:30:12.029078,2026-05-02 08:30:12.029078,75.56254577636719
2026-05-02 08:30:12.229307,2026-05-02 08:30:12.229307,75.47816467285156
2026-05-02 08:30:12.429289,2026-05-02 08:30:12.429289,75.40644073486328
2026-05-02 08:30:12.629213,2026-05-02 08:30:12.629213,75.34547424316406
2026-05-02 08:30:12.829258,2026-05-02 08:30:12.829258,75.29365539550781
2026-05-02 08:30:13.029254,2026-05-02 08:30:13.029254,75.24960327148438
2026-05-02 08:30:13.242617,2026-05-02 08:30:13.242617,75.21216583251953
2026-05-02 08:30:13.428791,2026-05-02 08:30:13.428791,75.18033599853516
2026-05-02 08:30:13.629293,2026-05-02 08:30:13.629293,75.15328979492188
2026-05-02 08:30:13.828768,2026-05-02 08:30:13.828768,75.13029479980469
2026-05-02 08:30:14.028847,2026-05-02 08:30:14.028847,75.11074829101562
2026-05-02 08:30:14.229249,2026-05-02 08:30:14.229249,75.0941390991211
2026-05-02 08:30:14.428708,2026-05-02 08:30:14.428708,75.08001708984375
2026-05-02 08:30:14.629298,2026-05-02 08:30:14.629298,75.0680160522461
2026-05-02 08:30:14.829254,2026-05-02 08:30:14.829254,75.05781555175781
2026-05-02 08:30:15.029929,2026-05-02 08:30:15.029929,75.04914093017578
2026-05-02 08:30:15.229098,2026-05-02 08:30:15.229098,75.0417709350586
2026-05-02 08:30:15.429084,2026-05-02 08:30:15.429084,75.21128845214844
2026-05-02 08:30:15.629713,2026-05-02 08:30:15.629713,75.35537719726562
2026-05-02 08:30:15.829658,2026-05-02 08:30:15.829658,75.47785186767578
2026-05-02 08:30:16.028801,2026-05-02 08:30:16.028801,75.58195495605469
2026-05-02 08:30:16.231097,2026-05-02 08:30:16.231097,75.67044067382812
2026-05-02 08:30:16.428874,2026-05-02 08:30:16.428874,75.74565887451172
2026-05-02 08:30:16.628888,2026-05-02 08:30:16.628888,75.80958557128906
2026-05-02 08:30:16.828692,2026-05-02 08:30:16.828692,75.86392974853516
2026-05-02 08:30:17.028870,2026-05-02 08:30:17.028870,75.91012573242188
2026-05-02 08:30:17.229609,2026-05-02 08:30:17.229609,75.94938659667969
2026-05-02 08:30:17.428844,2026-05-02 08:30:17.428844,75.98275756835938
2026-05-02 08:30:17.629176,2026-05-02 08:30:17.629176,76.01112365722656
2026-05-02 08:30:17.828690,2026-05-02 08:30:17.828690,76.03524017333984
2026-05-02 08:30:18.030865,2026-05-02 08:30:18.030865,76.05573272705078
2026-05-02 08:30:18.228751,2026-05-02 08:30:18.228751,76.07315826416016
2026-05-02 08:30:18.428838,2026-05-02 08:30:18.428838,76.08796691894531
2026-05-02 08:30:18.630554,2026-05-02 08:30:18.630554,76.10054779052734
2026-05-02 08:30:18.829043,2026-05-02 08:30:18.829043,76.11125183105469
2026-05-02 08:30:19.029547,2026-05-02 08:30:19.029547,76.12034606933594
2026-05-02 08:30:19.230022,2026-05-02 08:30:19.230022,76.1280746459961
2026-05-02 08:30:19.429585,2026-05-02 08:30:19.429585,76.1346435546875
2026-05-02 08:30:19.629750,2026-05-02 08:30:19.629750,76.14022827148438
2026-05-02 08:30:19.831487,2026-05-02 08:30:19.831487,76.14497375488281
2026-05-02 08:30:20.028838,2026-05-02 08:30:20.028838,76.14900970458984
2026-05-02 08:30:20.229789,2026-05-02 08:30:20.229789,76.1524429321289
2026-05-02 08:30:20.430730,2026-05-02 08:30:20.430730,76.15535736083984
2026-05-02 08:30:20.630531,2026-05-02 08:30:20.630531,76.15782928466797
2026-05-02 08:30:20.830329,2026-05-02 08:30:20.830329,76.15994262695312
2026-05-02 08:30:21.029936,2026-05-02 08:30:21.029936,76.16172790527344
2026-05-02 08:30:21.233392,2026-05-02 08:30:21.233392,76.16325378417969
2026-05-02 08:30:21.430031,2026-05-02 08:30:21.430031,76.16454315185547
2026-05-02 08:30:21.629768,2026-05-02 08:30:21.629768,76.16564178466797
2026-05-02 08:30:21.832046,2026-05-02 08:30:21.832046,76.16658020019531
2026-05-02 08:30:22.030218,2026-05-02 08:30:22.030218,76.16737365722656
2026-05-02 08:30:22.228783,2026-05-02 08:30:22.228783,76.16804504394531
2026-05-02 08:30:22.429896,2026-05-02 08:30:22.429896,76.16862487792969
2026-05-02 08:30:22.629308,2026-05-02 08:30:22.629308,76.16911315917969
2026-05-02 08:30:22.830149,2026-05-02 08:30:22.830149,76.16952514648438
2026-05-02 08:30:23.029859,2026-05-02 08:30:23.029859,75.99409484863281
2026-05-02 08:30:23.229585,2026-05-02 08:30:23.229585,75.84497833251953
2026-05-02 08:30:23.429054,2026-05-02 08:30:23.429054,75.71823120117188
2026-05-02 08:30:23.629246,2026-05-02 08:30:23.629246,75.6104965209961
2026-05-02 08:30:23.830149,2026-05-02 08:30:23.830149,75.5189208984375
2026-05-02 08:30:24.029962,2026-05-02 08:30:24.029962,75.44108581542969
2026-05-02 08:30:24.230164,2026-05-02 08:30:24.230164,75.19914245605469
2026-05-02 08:30:24.433015,2026-05-02 08:30:24.433015,74.99349212646484
2026-05-02 08:30:24.629941,2026-05-02 08:30:24.629941,74.81868743896484
2026-05-02 08:30:24.829740,2026-05-02 08:30:24.829740,74.67009735107422
2026-05-02 08:30:25.030192,2026-05-02 08:30:25.030192,74.54380798339844
2026-05-02 08:30:25.228698,2026-05-02 08:30:25.228698,74.43645477294922
2026-05-02 08:30:25.428821,2026-05-02 08:30:25.428821,74.16941833496094
2026-05-02 08:30:25.629524,2026-05-02 08:30:25.629524,73.94244384765625
2026-05-02 08:30:25.829015,2026-05-02 08:30:25.829015,73.74951934814453
2026-05-02 08:30:26.029056,2026-05-02 08:30:26.029056,73.58552551269531
2026-05-02 08:30:26.228815,2026-05-02 08:30:26.228815,73.44613647460938
2026-05-02 08:30:26.430733,2026-05-02 08:30:26.430733,73.32765197753906
2026-05-02 08:30:26.629967,2026-05-02 08:30:26.629967,73.22694396972656
2026-05-02 08:30:26.828970,2026-05-02 08:30:26.828970,73.1413345336914
2026-05-02 08:30:27.033512,2026-05-02 08:30:27.033512,73.06857299804688
2026-05-02 08:30:27.229204,2026-05-02 08:30:27.229204,73.00672912597656
2026-05-02 08:30:27.428974,2026-05-02 08:30:27.428974,72.95415496826172
2026-05-02 08:30:27.629960,2026-05-02 08:30:27.629960,72.90946960449219
2026-05-02 08:30:27.828915,2026-05-02 08:30:27.828915,72.8714828491211
2026-05-02 08:30:28.032300,2026-05-02 08:30:28.032300,72.83920288085938
2026-05-02 08:30:28.228865,2026-05-02 08:30:28.228865,72.81175994873047
2026-05-02 08:30:28.429164,2026-05-02 08:30:28.429164,72.7884292602539
2026-05-02 08:30:41.531159,2026-05-02 08:30:41.531159,81.03032684326172
2026-05-02 08:30:41.730560,2026-05-02 08:30:41.730560,88.03593444824219
2026-05-02 08:30:41.931045,2026-05-02 08:30:41.931045,93.9906997680664
2026-05-02 08:30:42.129406,2026-05-02 08:30:42.129406,99.22802734375
2026-05-02 08:30:42.331434,2026-05-02 08:30:42.331434,103.67976379394533
2026-05-02 08:30:42.529581,2026-05-02 08:30:42.529581,107.46373748779295
2026-05-02 08:30:42.730733,2026-05-02 08:30:42.730733,110.68011474609376
2026-05-02 08:30:42.929941,2026-05-02 08:30:42.929941,113.41403198242188
2026-05-02 08:30:43.129980,2026-05-02 08:30:43.129980,115.73786926269533
2026-05-02 08:30:43.331150,2026-05-02 08:30:43.331150,117.71312713623048
2026-05-02 08:30:43.529473,2026-05-02 08:30:43.529473,119.39208984375
2026-05-02 08:30:43.730710,2026-05-02 08:30:43.730710,120.9949951171875
2026-05-02 08:30:43.928686,2026-05-02 08:30:43.928686,122.3574676513672
2026-05-02 08:30:44.130706,2026-05-02 08:30:44.130706,123.51556396484376
2026-05-02 08:30:44.330965,2026-05-02 08:30:44.330965,124.49994659423828
2026-05-02 08:30:44.529742,2026-05-02 08:30:44.529742,125.33667755126952
2026-05-02 08:30:44.729116,2026-05-02 08:30:44.729116,126.04788970947266
2026-05-02 08:30:44.929933,2026-05-02 08:30:44.929933,126.65242767333984
2026-05-02 08:30:45.129285,2026-05-02 08:30:45.129285,127.1662826538086
2026-05-02 08:30:45.332522,2026-05-02 08:30:45.332522,127.60305786132812
2026-05-02 08:30:45.529470,2026-05-02 08:30:45.529470,127.7985382080078
2026-05-02 08:30:45.729138,2026-05-02 08:30:45.729138,127.96469116210938
2026-05-02 08:30:45.933002,2026-05-02 08:30:45.933002,128.10592651367188
2026-05-02 08:30:46.128958,2026-05-02 08:30:46.128958,128.22598266601562
2026-05-02 08:30:46.329137,2026-05-02 08:30:46.329137,128.32801818847656
2026-05-02 08:30:46.529488,2026-05-02 08:30:46.529488,128.4147491455078
2026-05-02 08:30:46.728614,2026-05-02 08:30:46.728614,128.4884796142578
2026-05-02 08:30:46.929997,2026-05-02 08:30:46.929997,128.5511474609375
2026-05-02 08:30:47.130689,2026-05-02 08:30:47.130689,128.6044158935547
2026-05-02 08:30:47.328935,2026-05-02 08:30:47.328935,128.47390747070312
2026-05-02 08:30:47.533982,2026-05-02 08:30:47.533982,128.36297607421875
2026-05-02 08:30:47.728672,2026-05-02 08:30:47.728672,128.26869201660156
2026-05-02 08:30:47.928994,2026-05-02 08:30:47.928994,128.18853759765625
2026-05-02 08:30:48.128609,2026-05-02 08:30:48.128609,128.1204071044922
2026-05-02 08:30:48.331477,2026-05-02 08:30:48.331477,128.06251525878906
2026-05-02 08:30:48.530182,2026-05-02 08:30:48.530182,128.01329040527344
2026-05-02 08:30:48.728608,2026-05-02 08:30:48.728608,127.97145080566406
2026-05-02 08:30:48.929732,2026-05-02 08:30:48.929732,127.9358901977539
2026-05-02 08:30:49.130325,2026-05-02 08:30:49.130325,127.7298812866211
2026-05-02 08:30:49.328815,2026-05-02 08:30:49.328815,127.55477142333984
2026-05-02 08:30:49.529299,2026-05-02 08:30:49.529299,127.40592956542967
2026-05-02 08:30:49.728872,2026-05-02 08:30:49.728872,127.2794189453125
2026-05-02 08:30:49.929290,2026-05-02 08:30:49.929290,127.17188262939452
2026-05-02 08:30:50.128739,2026-05-02 08:30:50.128739,127.08047485351562
2026-05-02 08:30:50.328740,2026-05-02 08:30:50.328740,127.00277709960938
2026-05-02 08:30:50.529418,2026-05-02 08:30:50.529418,126.93673706054688
2026-05-02 08:30:50.730172,2026-05-02 08:30:50.730172,126.70481872558594
2026-05-02 08:30:50.929804,2026-05-02 08:30:50.929804,126.5076904296875
2026-05-02 08:30:51.128978,2026-05-02 08:30:51.128978,126.3401336669922
2026-05-02 08:30:51.330053,2026-05-02 08:30:51.330053,126.1977081298828
2026-05-02 08:30:51.529603,2026-05-02 08:30:51.529603,126.07664489746094
2026-05-02 08:30:51.729082,2026-05-02 08:30:51.729082,125.97373962402344
2026-05-02 08:30:51.929859,2026-05-02 08:30:51.929859,125.8862762451172
2026-05-02 08:30:52.130854,2026-05-02 08:30:52.130854,125.81192779541016
2026-05-02 08:30:52.328941,2026-05-02 08:30:52.328941,125.7487335205078
2026-05-02 08:30:52.528648,2026-05-02 08:30:52.528648,125.69501495361328
2026-05-02 08:30:52.728904,2026-05-02 08:30:52.728904,125.64935302734376
2026-05-02 08:30:52.929002,2026-05-02 08:30:52.929002,125.6105499267578
2026-05-02 08:30:53.129631,2026-05-02 08:30:53.129631,125.40177917480467
2026-05-02 08:30:53.330174,2026-05-02 08:30:53.330174,122.5876007080078
2026-05-02 08:30:53.528826,2026-05-02 08:30:53.528826,120.195556640625
2026-05-02 08:30:53.728801,2026-05-02 08:30:53.728801,118.16231536865234
2026-05-02 08:30:53.929065,2026-05-02 08:30:53.929065,116.43406677246094
2026-05-02 08:30:54.128611,2026-05-02 08:30:54.128611,114.78926849365234
2026-05-02 08:30:54.329094,2026-05-02 08:30:54.329094,113.39118957519533
2026-05-02 08:30:54.528794,2026-05-02 08:30:54.528794,112.20281982421876
2026-05-02 08:30:54.728738,2026-05-02 08:30:54.728738,111.19271087646484
2026-05-02 08:30:54.929306,2026-05-02 08:30:54.929306,110.33412170410156
2026-05-02 08:30:55.129194,2026-05-02 08:30:55.129194,109.60430908203124
2026-05-02 08:30:55.329012,2026-05-02 08:30:55.329012,108.98397827148438
2026-05-02 08:30:55.528812,2026-05-02 08:30:55.528812,108.45669555664062
2026-05-02 08:30:55.730517,2026-05-02 08:30:55.730517,108.0084991455078
2026-05-02 08:30:55.928577,2026-05-02 08:30:55.928577,107.6275405883789
2026-05-02 08:30:56.129456,2026-05-02 08:30:56.129456,107.30371856689452
2026-05-02 08:30:56.328833,2026-05-02 08:30:56.328833,107.02847290039062
2026-05-02 08:30:56.528702,2026-05-02 08:30:56.528702,106.79451751708984
2026-05-02 08:30:56.729376,2026-05-02 08:30:56.729376,106.59564971923828
2026-05-02 08:30:56.931364,2026-05-02 08:30:56.931364,106.4266128540039
2026-05-02 08:30:57.130663,2026-05-02 08:30:57.130663,99.9548110961914
2026-05-02 08:30:57.330724,2026-05-02 08:30:57.330724,94.45377349853516
2026-05-02 08:30:57.528742,2026-05-02 08:30:57.528742,89.77790069580078
2026-05-02 08:30:57.728612,2026-05-02 08:30:57.728612,85.62761688232422
2026-05-02 08:30:57.931962,2026-05-02 08:30:57.931962,82.09988403320312
2026-05-02 08:30:58.129147,2026-05-02 08:30:58.129147,79.10130310058594
2026-05-02 08:30:58.328885,2026-05-02 08:30:58.328885,76.55252075195312
2026-05-02 08:30:58.532507,2026-05-02 08:30:58.532507,74.38604736328125
2026-05-02 08:30:58.728832,2026-05-02 08:30:58.728832,72.54454803466797
2026-05-02 08:30:58.929175,2026-05-02 08:30:58.929175,70.9792709350586
2026-05-02 08:30:59.128812,2026-05-02 08:30:59.128812,69.64878845214844
2026-05-02 08:30:59.329428,2026-05-02 08:30:59.329428,68.51787567138672
2026-05-02 08:30:59.529232,2026-05-02 08:30:59.529232,67.55660247802734
2026-05-02 08:30:59.729550,2026-05-02 08:30:59.729550,66.56373596191406
2026-05-02 08:30:59.930171,2026-05-02 08:30:59.930171,65.71979522705078
2026-05-02 08:31:00.130124,2026-05-02 08:31:00.130124,65.00245666503906
2026-05-02 08:31:00.328930,2026-05-02 08:31:00.328930,64.39270782470703
2026-05-02 08:31:00.529196,2026-05-02 08:31:00.529196,73.19083404541016
2026-05-02 08:31:00.728929,2026-05-02 08:31:00.728929,80.66924285888672
2026-05-02 08:31:00.929148,2026-05-02 08:31:00.929148,87.02588653564453
2026-05-02 08:31:01.129100,2026-05-02 08:31:01.129100,92.42903137207033
2026-05-02 08:31:01.329560,2026-05-02 08:31:01.329560,97.02171325683594
2026-05-02 08:31:01.529469,2026-05-02 08:31:01.529469,100.92548370361328
2026-05-02 08:31:01.730527,2026-05-02 08:31:01.730527,104.24369049072266
2026-05-02 08:31:01.929303,2026-05-02 08:31:01.929303,107.06417083740234
2026-05-02 08:31:02.130272,2026-05-02 08:31:02.130272,109.46157836914062
2026-05-02 08:31:02.328669,2026-05-02 08:31:02.328669,111.49937438964844
2026-05-02 08:31:02.528968,2026-05-02 08:31:02.528968,113.23149871826172
2026-05-02 08:31:02.728709,2026-05-02 08:31:02.728709,114.70380401611328
2026-05-02 08:31:02.931399,2026-05-02 08:31:02.931399,115.95526123046876
2026-05-02 08:31:03.131830,2026-05-02 08:31:03.131830,117.01900482177734
2026-05-02 08:31:03.329176,2026-05-02 08:31:03.329176,117.92318725585938
2026-05-02 08:31:03.528757,2026-05-02 08:31:03.528757,118.69174194335938
2026-05-02 08:31:03.728728,2026-05-02 08:31:03.728728,119.34500885009766
2026-05-02 08:31:03.929183,2026-05-02 08:31:03.929183,119.9002914428711
2026-05-02 08:31:04.131444,2026-05-02 08:31:04.131444,120.37227630615234
2026-05-02 08:31:04.329789,2026-05-02 08:31:04.329789,120.77346801757812
2026-05-02 08:31:04.532275,2026-05-02 08:31:04.532275,121.1144790649414
2026-05-02 08:31:04.730949,2026-05-02 08:31:04.730949,121.40433502197266
2026-05-02 08:31:04.930668,2026-05-02 08:31:04.930668,124.99056243896484
2026-05-02 08:31:05.130460,2026-05-02 08:31:05.130460,128.03884887695312
2026-05-02 08:31:05.328676,2026-05-02 08:31:05.328676,130.62989807128906
2026-05-02 08:31:05.529861,2026-05-02 08:31:05.529861,132.83229064941406
2026-05-02 08:31:05.728780,2026-05-02 08:31:05.728780,134.70431518554688
2026-05-02 08:31:05.930405,2026-05-02 08:31:05.930405,136.29554748535156
2026-05-02 08:31:06.133412,2026-05-02 08:31:06.133412,137.64808654785156
2026-05-02 08:31:06.330451,2026-05-02 08:31:06.330451,138.79774475097656
2026-05-02 08:31:06.530566,2026-05-02 08:31:06.530566,139.77496337890625
2026-05-02 08:31:06.730568,2026-05-02 08:31:06.730568,140.6055908203125
2026-05-02 08:31:19.829416,2026-05-02 08:31:19.829416,141.31163024902344
2026-05-02 08:31:20.039330,2026-05-02 08:31:20.039330,141.91175842285156
2026-05-02 08:31:20.231923,2026-05-02 08:31:20.231923,142.421875
2026-05-02 08:31:20.429332,2026-05-02 08:31:20.429332,142.85546875
2026-05-02 08:31:20.629360,2026-05-02 08:31:20.629360,143.22401428222656
2026-05-02 08:31:20.828944,2026-05-02 08:31:20.828944,143.53729248046875
2026-05-02 08:31:21.030816,2026-05-02 08:31:21.030816,143.80357360839844
2026-05-02 08:31:21.232224,2026-05-02 08:31:21.232224,144.0299072265625
2026-05-02 08:31:21.429539,2026-05-02 08:31:21.429539,144.22230529785156
2026-05-02 08:31:21.630587,2026-05-02 08:31:21.630587,144.38583374023438
2026-05-02 08:31:21.829134,2026-05-02 08:31:21.829134,144.5248260498047
2026-05-02 08:31:22.031040,2026-05-02 08:31:22.031040,144.64297485351562
2026-05-02 08:31:22.229627,2026-05-02 08:31:22.229627,144.743408203125
2026-05-02 08:31:22.430467,2026-05-02 08:31:22.430467,144.82876586914062
2026-05-02 08:31:22.630643,2026-05-02 08:31:22.630643,144.90133666992188
2026-05-02 08:31:22.834368,2026-05-02 08:31:22.834368,144.9630126953125
2026-05-02 08:31:23.039596,2026-05-02 08:31:23.039596,145.0154266357422
2026-05-02 08:31:23.229909,2026-05-02 08:31:23.229909,145.05999755859375
2026-05-02 08:31:23.428680,2026-05-02 08:31:23.428680,145.09786987304688
2026-05-02 08:31:23.629105,2026-05-02 08:31:23.629105,145.13006591796875
2026-05-02 08:31:23.829828,2026-05-02 08:31:23.829828,145.1574249267578
2026-05-02 08:31:24.030229,2026-05-02 08:31:24.030229,145.18069458007812
2026-05-02 08:31:24.230443,2026-05-02 08:31:24.230443,145.20045471191406
2026-05-02 08:31:24.429778,2026-05-02 08:31:24.429778,145.21726989746094
2026-05-02 08:31:24.630109,2026-05-02 08:31:24.630109,145.23155212402344
2026-05-02 08:31:24.829790,2026-05-02 08:31:24.829790,139.0913543701172
2026-05-02 08:31:25.030896,2026-05-02 08:31:25.030896,134.04795837402344
2026-05-02 08:31:25.230763,2026-05-02 08:31:25.230763,129.76107788085938
2026-05-02 08:31:25.430762,2026-05-02 08:31:25.430762,126.11722564697266
2026-05-02 08:31:25.629791,2026-05-02 08:31:25.629791,123.01995849609376
2026-05-02 08:31:25.829979,2026-05-02 08:31:25.829979,120.38727569580078
2026-05-02 08:31:26.029305,2026-05-02 08:31:26.029305,118.14949798583984
2026-05-02 08:31:26.229697,2026-05-02 08:31:26.229697,116.24738311767578
2026-05-02 08:31:26.429371,2026-05-02 08:31:26.429371,114.6305923461914
2026-05-02 08:31:26.630617,2026-05-02 08:31:26.630617,113.25631713867188
2026-05-02 08:31:26.830673,2026-05-02 08:31:26.830673,112.0881805419922
2026-05-02 08:31:27.030928,2026-05-02 08:31:27.030928,111.09526824951172
2026-05-02 08:31:27.232112,2026-05-02 08:31:27.232112,110.25128936767578
2026-05-02 08:31:27.429054,2026-05-02 08:31:27.429054,109.53390502929688
2026-05-02 08:31:27.630556,2026-05-02 08:31:27.630556,108.92413330078124
2026-05-02 08:31:27.828984,2026-05-02 08:31:27.828984,108.40582275390624
2026-05-02 08:31:28.028850,2026-05-02 08:31:28.028850,107.96526336669922
2026-05-02 08:31:28.229778,2026-05-02 08:31:28.229778,107.59078979492188
2026-05-02 08:31:28.429316,2026-05-02 08:31:28.429316,107.2724838256836
2026-05-02 08:31:28.631194,2026-05-02 08:31:28.631194,107.00192260742188
2026-05-02 08:31:28.829310,2026-05-02 08:31:28.829310,106.7719497680664
2026-05-02 08:31:29.029381,2026-05-02 08:31:29.029381,106.57646942138672
2026-05-02 08:31:29.229709,2026-05-02 08:31:29.229709,106.41030883789062
2026-05-02 08:31:29.428788,2026-05-02 08:31:29.428788,106.26907348632812
2026-05-02 08:31:29.629348,2026-05-02 08:31:29.629348,110.3677749633789
2026-05-02 08:31:29.829154,2026-05-02 08:31:29.829154,113.85166931152344
2026-05-02 08:31:30.029713,2026-05-02 08:31:30.029713,109.43016815185548
2026-05-02 08:31:30.229050,2026-05-02 08:31:30.229050,105.6718978881836
2026-05-02 08:31:30.431355,2026-05-02 08:31:30.431355,102.47736358642578
2026-05-02 08:31:30.629070,2026-05-02 08:31:30.629070,99.5862274169922
2026-05-02 08:31:30.828661,2026-05-02 08:31:30.828661,97.1287612915039
2026-05-02 08:31:31.029043,2026-05-02 08:31:31.029043,95.0399169921875
2026-05-02 08:31:31.229074,2026-05-02 08:31:31.229074,93.26439666748048
2026-05-02 08:31:31.428831,2026-05-02 08:31:31.428831,91.75520324707033
2026-05-02 08:31:31.628767,2026-05-02 08:31:31.628767,90.47239685058594
2026-05-02 08:31:31.828731,2026-05-02 08:31:31.828731,89.20622253417969
2026-05-02 08:31:32.029130,2026-05-02 08:31:32.029130,88.12997436523438
2026-05-02 08:31:32.229338,2026-05-02 08:31:32.229338,87.21516418457031
2026-05-02 08:31:32.429393,2026-05-02 08:31:32.429393,86.43757629394531
2026-05-02 08:31:32.629114,2026-05-02 08:31:32.629114,85.7766342163086
2026-05-02 08:31:32.828896,2026-05-02 08:31:32.828896,85.2148208618164
2026-05-02 08:31:33.028874,2026-05-02 08:31:33.028874,84.73728942871094
2026-05-02 08:31:33.229155,2026-05-02 08:31:33.229155,84.33138275146484
2026-05-02 08:31:33.430001,2026-05-02 08:31:33.430001,83.98635864257812
2026-05-02 08:31:33.628702,2026-05-02 08:31:33.628702,83.6930923461914
2026-05-02 08:31:33.829243,2026-05-02 08:31:33.829243,83.44381713867188
2026-05-02 08:31:34.028756,2026-05-02 08:31:34.028756,83.23193359375
2026-05-02 08:31:34.229126,2026-05-02 08:31:34.229126,83.05183410644531
2026-05-02 08:31:34.429018,2026-05-02 08:31:34.429018,82.89874267578125
2026-05-02 08:31:34.629130,2026-05-02 08:31:34.629130,82.76862335205078
2026-05-02 08:31:34.839401,2026-05-02 08:31:34.839401,82.65801239013672
2026-05-02 08:31:35.029208,2026-05-02 08:31:35.029208,82.56400299072266
2026-05-02 08:31:35.229135,2026-05-02 08:31:35.229135,82.48408508300781
2026-05-02 08:31:35.438925,2026-05-02 08:31:35.438925,82.4161605834961
2026-05-02 08:31:35.639754,2026-05-02 08:31:35.639754,82.3584213256836
2026-05-02 08:31:35.829470,2026-05-02 08:31:35.829470,82.3093490600586
2026-05-02 08:31:36.029995,2026-05-02 08:31:36.029995,82.26763153076172
2026-05-02 08:31:36.230097,2026-05-02 08:31:36.230097,82.232177734375
2026-05-02 08:31:36.430113,2026-05-02 08:31:36.430113,82.20203399658203
2026-05-02 08:31:36.629696,2026-05-02 08:31:36.629696,82.17642211914062
2026-05-02 08:31:36.840285,2026-05-02 08:31:36.840285,82.1546401977539
2026-05-02 08:31:37.040762,2026-05-02 08:31:37.040762,82.1361312866211
2026-05-02 08:31:37.228749,2026-05-02 08:31:37.228749,82.12039947509766
2026-05-02 08:31:37.428992,2026-05-02 08:31:37.428992,82.1070327758789
2026-05-02 08:31:37.629579,2026-05-02 08:31:37.629579,82.09566497802734
2026-05-02 08:31:37.828715,2026-05-02 08:31:37.828715,82.08599853515625
2026-05-02 08:31:38.029467,2026-05-02 08:31:38.029467,82.07778930664062
2026-05-02 08:31:38.228809,2026-05-02 08:31:38.228809,82.07080841064453
2026-05-02 08:31:38.428795,2026-05-02 08:31:38.428795,82.06487274169922
2026-05-02 08:31:38.629104,2026-05-02 08:31:38.629104,82.05982971191406
2026-05-02 08:31:38.829009,2026-05-02 08:31:38.829009,82.0555419921875
2026-05-02 08:31:39.029388,2026-05-02 08:31:39.029388,82.0519027709961
2026-05-02 08:31:39.240263,2026-05-02 08:31:39.240263,82.2245864868164
2026-05-02 08:31:39.428763,2026-05-02 08:31:39.428763,82.3713607788086
2026-05-02 08:31:39.629211,2026-05-02 08:31:39.629211,82.49613189697266
2026-05-02 08:31:39.840186,2026-05-02 08:31:39.840186,82.60218048095703
2026-05-02 08:31:40.032871,2026-05-02 08:31:40.032871,82.69232177734375
2026-05-02 08:31:40.229908,2026-05-02 08:31:40.229908,82.7689437866211
2026-05-02 08:31:40.429045,2026-05-02 08:31:40.429045,82.83406829833984
2026-05-02 08:31:40.629520,2026-05-02 08:31:40.629520,82.8894271850586
2026-05-02 08:31:40.828857,2026-05-02 08:31:40.828857,82.93648529052734
2026-05-02 08:31:41.028658,2026-05-02 08:31:41.028658,82.97647857666016
2026-05-02 08:31:41.239220,2026-05-02 08:31:41.239220,83.0104751586914
2026-05-02 08:31:41.430632,2026-05-02 08:31:41.430632,83.03937530517578
2026-05-02 08:31:41.631897,2026-05-02 08:31:41.631897,83.06393432617188
2026-05-02 08:31:41.829327,2026-05-02 08:31:41.829327,83.0848159790039
2026-05-02 08:31:42.028775,2026-05-02 08:31:42.028775,83.1025619506836
2026-05-02 08:31:42.229008,2026-05-02 08:31:42.229008,83.11764526367188
2026-05-02 08:31:42.430948,2026-05-02 08:31:42.430948,83.1304702758789
2026-05-02 08:31:42.629081,2026-05-02 08:31:42.629081,83.14136505126953
2026-05-02 08:31:42.830027,2026-05-02 08:31:42.830027,83.15062713623047
2026-05-02 08:31:43.031155,2026-05-02 08:31:43.031155,83.15850067138672
2026-05-02 08:31:43.228567,2026-05-02 08:31:43.228567,83.16519927978516
2026-05-02 08:31:43.429047,2026-05-02 08:31:43.429047,83.17088317871094
2026-05-02 08:31:43.628862,2026-05-02 08:31:43.628862,83.17572021484375
2026-05-02 08:31:43.831351,2026-05-02 08:31:43.831351,83.1798324584961
2026-05-02 08:31:44.031943,2026-05-02 08:31:44.031943,83.1833267211914
2026-05-02 08:31:44.230530,2026-05-02 08:31:44.230530,83.18629455566406
2026-05-02 08:31:44.430425,2026-05-02 08:31:44.430425,83.1888198852539
2026-05-02 08:31:44.632254,2026-05-02 08:31:44.632254,83.19096374511719
2026-05-02 08:31:44.832447,2026-05-02 08:31:44.832447,83.19278717041016
2026-05-02 08:31:45.030594,2026-05-02 08:31:45.030594,83.19434356689453
2026-05-02 08:31:58.129947,2026-05-02 08:31:58.129947,83.1956558227539
2026-05-02 08:31:58.330367,2026-05-02 08:31:58.330367,83.19677734375
2026-05-02 08:31:58.529779,2026-05-02 08:31:58.529779,83.1977310180664
2026-05-02 08:31:58.728949,2026-05-02 08:31:58.728949,83.19853973388672
2026-05-02 08:31:58.929340,2026-05-02 08:31:58.929340,83.19922637939453
2026-05-02 08:31:59.130570,2026-05-02 08:31:59.130570,83.19981384277344
2026-05-02 08:31:59.330707,2026-05-02 08:31:59.330707,83.20030975341797
2026-05-02 08:31:59.530665,2026-05-02 08:31:59.530665,83.20072937011719
2026-05-02 08:31:59.729421,2026-05-02 08:31:59.729421,83.20108795166016
2026-05-02 08:31:59.930756,2026-05-02 08:31:59.930756,83.2013931274414
2026-05-02 08:32:00.129152,2026-05-02 08:32:00.129152,83.20165252685547
2026-05-02 08:32:00.340652,2026-05-02 08:32:00.340652,83.20187377929688
2026-05-02 08:32:00.534622,2026-05-02 08:32:00.534622,83.37784576416016
2026-05-02 08:32:00.741937,2026-05-02 08:32:00.741937,83.52742004394531
2026-05-02 08:32:00.939338,2026-05-02 08:32:00.939338,83.65455627441406
2026-05-02 08:32:01.141289,2026-05-02 08:32:01.141289,83.76261901855469
2026-05-02 08:32:01.339713,2026-05-02 08:32:01.339713,91.06150817871094
2026-05-02 08:32:01.543258,2026-05-02 08:32:01.543258,97.26556396484376
2026-05-02 08:32:01.739952,2026-05-02 08:32:01.739952,102.53900909423828
2026-05-02 08:32:01.928735,2026-05-02 08:32:01.928735,107.0214385986328
2026-05-02 08:32:02.128912,2026-05-02 08:32:02.128912,110.83150482177734
2026-05-02 08:32:02.341866,2026-05-02 08:32:02.341866,114.07006072998048
2026-05-02 08:32:02.528633,2026-05-02 08:32:02.528633,116.82283020019533
2026-05-02 08:32:02.730327,2026-05-02 08:32:02.730327,119.16268920898438
2026-05-02 08:32:02.941624,2026-05-02 08:32:02.941624,121.1515655517578
2026-05-02 08:32:03.139432,2026-05-02 08:32:03.139432,122.84210968017578
2026-05-02 08:32:03.339538,2026-05-02 08:32:03.339538,124.2790756225586
2026-05-02 08:32:03.538722,2026-05-02 08:32:03.538722,125.50049591064452
2026-05-02 08:32:03.739417,2026-05-02 08:32:03.739417,126.53870391845705
2026-05-02 08:32:03.939192,2026-05-02 08:32:03.939192,127.42118072509766
2026-05-02 08:32:04.140662,2026-05-02 08:32:04.140662,127.9955062866211
2026-05-02 08:32:04.339166,2026-05-02 08:32:04.339166,128.48367309570312
2026-05-02 08:32:04.540692,2026-05-02 08:32:04.540692,128.89862060546875
2026-05-02 08:32:04.739323,2026-05-02 08:32:04.739323,129.25132751464844
2026-05-02 08:32:04.928936,2026-05-02 08:32:04.928936,129.55113220214844
2026-05-02 08:32:05.139458,2026-05-02 08:32:05.139458,129.80596923828125
2026-05-02 08:32:05.339920,2026-05-02 08:32:05.339920,130.02256774902344
2026-05-02 08:32:05.530371,2026-05-02 08:32:05.530371,130.20668029785156
2026-05-02 08:32:05.729640,2026-05-02 08:32:05.729640,130.36317443847656
2026-05-02 08:32:05.929445,2026-05-02 08:32:05.929445,130.49620056152344
2026-05-02 08:32:06.129277,2026-05-02 08:32:06.129277,130.60926818847656
2026-05-02 08:32:06.330449,2026-05-02 08:32:06.330449,130.70538330078125
2026-05-02 08:32:06.538831,2026-05-02 08:32:06.538831,130.61129760742188
2026-05-02 08:32:06.730286,2026-05-02 08:32:06.730286,130.53131103515625
2026-05-02 08:32:06.939682,2026-05-02 08:32:06.939682,130.4633331298828
2026-05-02 08:32:07.129355,2026-05-02 08:32:07.129355,130.4055633544922
2026-05-02 08:32:07.341888,2026-05-02 08:32:07.341888,130.3564453125
2026-05-02 08:32:07.538733,2026-05-02 08:32:07.538733,130.314697265625
2026-05-02 08:32:07.738886,2026-05-02 08:32:07.738886,130.27920532226562
2026-05-02 08:32:07.939387,2026-05-02 08:32:07.939387,130.24905395507812
2026-05-02 08:32:08.138863,2026-05-02 08:32:08.138863,130.22340393066406
2026-05-02 08:32:08.340399,2026-05-02 08:32:08.340399,130.2016143798828
2026-05-02 08:32:08.539002,2026-05-02 08:32:08.539002,130.18309020996094
2026-05-02 08:32:08.743510,2026-05-02 08:32:08.743510,130.16734313964844
2026-05-02 08:32:08.939727,2026-05-02 08:32:08.939727,130.15396118164062
2026-05-02 08:32:09.139588,2026-05-02 08:32:09.139588,130.14259338378906
2026-05-02 08:32:09.339503,2026-05-02 08:32:09.339503,130.13291931152344
2026-05-02 08:32:09.539140,2026-05-02 08:32:09.539140,130.12469482421875
2026-05-02 08:32:09.740120,2026-05-02 08:32:09.740120,130.11770629882812
2026-05-02 08:32:09.941307,2026-05-02 08:32:09.941307,130.1117706298828
2026-05-02 08:32:10.143443,2026-05-02 08:32:10.143443,130.10671997070312
2026-05-02 08:32:10.328791,2026-05-02 08:32:10.328791,130.10243225097656
2026-05-02 08:32:10.539334,2026-05-02 08:32:10.539334,130.09878540039062
2026-05-02 08:32:10.739149,2026-05-02 08:32:10.739149,130.09568786621094
2026-05-02 08:32:10.939775,2026-05-02 08:32:10.939775,130.09304809570312
2026-05-02 08:32:11.139025,2026-05-02 08:32:11.139025,130.0908203125
2026-05-02 08:32:11.339357,2026-05-02 08:32:11.339357,130.0889129638672
2026-05-02 08:32:11.539368,2026-05-02 08:32:11.539368,130.08729553222656
2026-05-02 08:32:11.740014,2026-05-02 08:32:11.740014,130.08592224121094
2026-05-02 08:32:11.940262,2026-05-02 08:32:11.940262,129.90896606445312
2026-05-02 08:32:12.139792,2026-05-02 08:32:12.139792,129.75856018066406
2026-05-02 08:32:12.340760,2026-05-02 08:32:12.340760,129.63070678710938
2026-05-02 08:32:12.540192,2026-05-02 08:32:12.540192,129.5220489501953
2026-05-02 08:32:12.738741,2026-05-02 08:32:12.738741,123.80467224121094
2026-05-02 08:32:12.939903,2026-05-02 08:32:12.939903,118.94490814208984
2026-05-02 08:32:13.139400,2026-05-02 08:32:13.139400,114.8141098022461
2026-05-02 08:32:13.341337,2026-05-02 08:32:13.341337,111.3029327392578
2026-05-02 08:32:13.539736,2026-05-02 08:32:13.539736,108.31842803955078
2026-05-02 08:32:13.738919,2026-05-02 08:32:13.738919,105.78160095214844
2026-05-02 08:32:13.940061,2026-05-02 08:32:13.940061,103.62529754638672
2026-05-02 08:32:14.139540,2026-05-02 08:32:14.139540,101.79244232177734
2026-05-02 08:32:14.333261,2026-05-02 08:32:14.333261,100.23451232910156
2026-05-02 08:32:14.538992,2026-05-02 08:32:14.538992,98.91027069091795
2026-05-02 08:32:14.738870,2026-05-02 08:32:14.738870,97.78466796875
2026-05-02 08:32:14.939085,2026-05-02 08:32:14.939085,96.82791137695312
2026-05-02 08:32:15.140362,2026-05-02 08:32:15.140362,96.01465606689452
2026-05-02 08:32:15.340512,2026-05-02 08:32:15.340512,95.32339477539062
2026-05-02 08:32:15.540699,2026-05-02 08:32:15.540699,94.73582458496094
2026-05-02 08:32:15.738850,2026-05-02 08:32:15.738850,94.41217041015624
2026-05-02 08:32:15.940783,2026-05-02 08:32:15.940783,94.1370620727539
2026-05-02 08:32:16.139064,2026-05-02 08:32:16.139064,93.9032211303711
2026-05-02 08:32:16.340479,2026-05-02 08:32:16.340479,93.70446014404295
2026-05-02 08:32:16.539150,2026-05-02 08:32:16.539150,93.53550720214844
2026-05-02 08:32:16.738745,2026-05-02 08:32:16.738745,93.39189910888672
2026-05-02 08:32:16.939164,2026-05-02 08:32:16.939164,93.26983642578124
2026-05-02 08:32:17.138973,2026-05-02 08:32:17.138973,93.16607666015624
2026-05-02 08:32:17.339746,2026-05-02 08:32:17.339746,93.07788848876952
2026-05-02 08:32:17.539177,2026-05-02 08:32:17.539177,93.00292205810548
2026-05-02 08:32:17.739204,2026-05-02 08:32:17.739204,92.93920135498048
2026-05-02 08:32:17.929605,2026-05-02 08:32:17.929605,92.88504028320312
2026-05-02 08:32:18.138880,2026-05-02 08:32:18.138880,92.83900451660156
2026-05-02 08:32:18.340523,2026-05-02 08:32:18.340523,92.79987335205078
2026-05-02 08:32:18.529173,2026-05-02 08:32:18.529173,92.76660919189452
2026-05-02 08:32:18.739802,2026-05-02 08:32:18.739802,92.73833465576172
2026-05-02 08:32:18.942451,2026-05-02 08:32:18.942451,92.71430206298828
2026-05-02 08:32:19.140635,2026-05-02 08:32:19.140635,92.69387817382812
2026-05-02 08:32:19.339200,2026-05-02 08:32:19.339200,92.852294921875
2026-05-02 08:32:19.540418,2026-05-02 08:32:19.540418,92.98695373535156
2026-05-02 08:32:19.741218,2026-05-02 08:32:19.741218,93.10140991210938
2026-05-02 08:32:19.942582,2026-05-02 08:32:19.942582,93.19869995117188
2026-05-02 08:32:20.140924,2026-05-02 08:32:20.140924,93.2813949584961
2026-05-02 08:32:20.341546,2026-05-02 08:32:20.341546,93.3516845703125
2026-05-02 08:32:20.540568,2026-05-02 08:32:20.540568,93.41143035888672
2026-05-02 08:32:20.738689,2026-05-02 08:32:20.738689,93.46221923828124
2026-05-02 08:32:20.932461,2026-05-02 08:32:20.932461,93.50538635253906
2026-05-02 08:32:21.140727,2026-05-02 08:32:21.140727,93.54207611083984
2026-05-02 08:32:21.339721,2026-05-02 08:32:21.339721,93.5732650756836
2026-05-02 08:32:21.541675,2026-05-02 08:32:21.541675,93.59977722167967
2026-05-02 08:32:21.738750,2026-05-02 08:32:21.738750,93.62230682373048
2026-05-02 08:32:21.939939,2026-05-02 08:32:21.939939,93.64146423339844
2026-05-02 08:32:22.139104,2026-05-02 08:32:22.139104,93.65774536132812
2026-05-02 08:32:22.339525,2026-05-02 08:32:22.339525,93.6715850830078
2026-05-02 08:32:22.541730,2026-05-02 08:32:22.541730,93.68334197998048
2026-05-02 08:32:22.739139,2026-05-02 08:32:22.739139,93.69334411621094
2026-05-02 08:32:22.931168,2026-05-02 08:32:22.931168,93.70184326171876
2026-05-02 08:32:23.139134,2026-05-02 08:32:23.139134,93.70906829833984
2026-05-02 08:32:23.339290,2026-05-02 08:32:23.339290,93.71520233154295
2026-05-02 08:32:36.439261,2026-05-02 08:32:36.439261,93.72042083740234
2026-05-02 08:32:36.641717,2026-05-02 08:32:36.641717,93.72486114501952
2026-05-02 08:32:36.840758,2026-05-02 08:32:36.840758,93.72863006591795
2026-05-02 08:32:37.039224,2026-05-02 08:32:37.039224,93.7318344116211
2026-05-02 08:32:37.241834,2026-05-02 08:32:37.241834,93.91033935546876
2026-05-02 08:32:37.441553,2026-05-02 08:32:37.441553,94.06207275390624
2026-05-02 08:32:37.640265,2026-05-02 08:32:37.640265,94.1910400390625
2026-05-02 08:32:37.840825,2026-05-02 08:32:37.840825,94.30066680908205
2026-05-02 08:32:38.039543,2026-05-02 08:32:38.039543,94.39385223388672
2026-05-02 08:32:38.240113,2026-05-02 08:32:38.240113,94.47305297851562
2026-05-02 08:32:38.442070,2026-05-02 08:32:38.442070,94.54037475585938
2026-05-02 08:32:38.630552,2026-05-02 08:32:38.630552,94.59760284423828
2026-05-02 08:32:38.839053,2026-05-02 08:32:38.839053,94.646240234375
2026-05-02 08:32:39.041797,2026-05-02 08:32:39.041797,94.68758392333984
2026-05-02 08:32:39.239938,2026-05-02 08:32:39.239938,94.72273254394533
2026-05-02 08:32:39.439389,2026-05-02 08:32:39.439389,94.75260162353516
2026-05-02 08:32:39.640727,2026-05-02 08:32:39.640727,94.77799224853516
2026-05-02 08:32:39.840292,2026-05-02 08:32:39.840292,94.79957580566406
2026-05-02 08:32:40.040789,2026-05-02 08:32:40.040789,94.8179168701172
2026-05-02 08:32:40.239852,2026-05-02 08:32:40.239852,94.83351135253906
2026-05-02 08:32:40.439752,2026-05-02 08:32:40.439752,94.84677124023438
2026-05-02 08:32:40.640493,2026-05-02 08:32:40.640493,94.8580322265625
2026-05-02 08:32:40.839652,2026-05-02 08:32:40.839652,94.86760711669922
2026-05-02 08:32:41.041912,2026-05-02 08:32:41.041912,94.87574768066406
2026-05-02 08:32:41.232228,2026-05-02 08:32:41.232228,94.8826675415039
2026-05-02 08:32:41.439705,2026-05-02 08:32:41.439705,94.8885498046875
2026-05-02 08:32:41.638844,2026-05-02 08:32:41.638844,94.89354705810548
2026-05-02 08:32:41.839172,2026-05-02 08:32:41.839172,94.72201538085938
2026-05-02 08:32:42.039711,2026-05-02 08:32:42.039711,94.57621002197266
2026-05-02 08:32:42.241294,2026-05-02 08:32:42.241294,94.45227813720705
2026-05-02 08:32:42.443919,2026-05-02 08:32:42.443919,94.34693908691406
2026-05-02 08:32:42.640411,2026-05-02 08:32:42.640411,94.25740051269533
2026-05-02 08:32:42.839785,2026-05-02 08:32:42.839785,94.18128967285156
2026-05-02 08:32:43.039066,2026-05-02 08:32:43.039066,94.11659240722656
2026-05-02 08:32:43.241369,2026-05-02 08:32:43.241369,94.06160736083984
2026-05-02 08:32:43.439899,2026-05-02 08:32:43.439899,98.05783081054688
2026-05-02 08:32:43.640400,2026-05-02 08:32:43.640400,101.45462799072266
2026-05-02 08:32:43.840018,2026-05-02 08:32:43.840018,104.34190368652344
2026-05-02 08:32:44.041085,2026-05-02 08:32:44.041085,106.79608917236328
2026-05-02 08:32:44.241139,2026-05-02 08:32:44.241139,108.88214111328124
2026-05-02 08:32:44.439581,2026-05-02 08:32:44.439581,110.65528869628906
2026-05-02 08:32:44.640012,2026-05-02 08:32:44.640012,112.16246795654295
2026-05-02 08:32:44.839378,2026-05-02 08:32:44.839378,113.44356536865234
2026-05-02 08:32:45.041575,2026-05-02 08:32:45.041575,114.53250122070312
2026-05-02 08:32:45.239806,2026-05-02 08:32:45.239806,115.45809173583984
2026-05-02 08:32:45.439935,2026-05-02 08:32:45.439935,116.2448501586914
2026-05-02 08:32:45.639755,2026-05-02 08:32:45.639755,116.91358947753906
2026-05-02 08:32:45.840382,2026-05-02 08:32:45.840382,117.48201751708984
2026-05-02 08:32:46.039913,2026-05-02 08:32:46.039913,117.9651870727539
2026-05-02 08:32:46.238883,2026-05-02 08:32:46.238883,118.3758773803711
2026-05-02 08:32:46.439109,2026-05-02 08:32:46.439109,118.72496032714844
2026-05-02 08:32:46.640711,2026-05-02 08:32:46.640711,119.02169036865234
2026-05-02 08:32:46.840225,2026-05-02 08:32:46.840225,119.2739028930664
2026-05-02 08:32:47.042784,2026-05-02 08:32:47.042784,119.48828887939452
2026-05-02 08:32:47.240339,2026-05-02 08:32:47.240339,119.8462905883789
2026-05-02 08:32:47.439115,2026-05-02 08:32:47.439115,120.15059661865234
2026-05-02 08:32:47.641608,2026-05-02 08:32:47.641608,120.40925598144533
2026-05-02 08:32:47.839634,2026-05-02 08:32:47.839634,120.62911987304688
2026-05-02 08:32:48.039853,2026-05-02 08:32:48.039853,118.53084564208984
2026-05-02 08:32:48.239132,2026-05-02 08:32:48.239132,116.747314453125
2026-05-02 08:32:48.439700,2026-05-02 08:32:48.439700,115.23130798339844
2026-05-02 08:32:48.638979,2026-05-02 08:32:48.638979,113.94271087646484
2026-05-02 08:32:48.840228,2026-05-02 08:32:48.840228,107.22239685058594
2026-05-02 08:32:49.040115,2026-05-02 08:32:49.040115,112.5843505859375
2026-05-02 08:32:49.239257,2026-05-02 08:32:49.239257,117.14200592041016
2026-05-02 08:32:49.439275,2026-05-02 08:32:49.439275,121.01602172851562
2026-05-02 08:32:49.641409,2026-05-02 08:32:49.641409,124.30892944335938
2026-05-02 08:32:49.839356,2026-05-02 08:32:49.839356,127.10790252685548
2026-05-02 08:32:50.040748,2026-05-02 08:32:50.040748,129.48703002929688
2026-05-02 08:32:50.239645,2026-05-02 08:32:50.239645,131.50929260253906
2026-05-02 08:32:50.440315,2026-05-02 08:32:50.440315,133.22821044921875
2026-05-02 08:32:50.639492,2026-05-02 08:32:50.639492,134.5135040283203
2026-05-02 08:32:50.838784,2026-05-02 08:32:50.838784,135.60601806640625
2026-05-02 08:32:51.042436,2026-05-02 08:32:51.042436,136.53463745117188
2026-05-02 08:32:51.239038,2026-05-02 08:32:51.239038,137.323974609375
2026-05-02 08:32:51.438979,2026-05-02 08:32:51.438979,137.9949188232422
2026-05-02 08:32:51.642038,2026-05-02 08:32:51.642038,138.56520080566406
2026-05-02 08:32:51.839669,2026-05-02 08:32:51.839669,139.04995727539062
2026-05-02 08:32:52.044152,2026-05-02 08:32:52.044152,139.4619903564453
2026-05-02 08:32:52.231948,2026-05-02 08:32:52.231948,139.81222534179688
2026-05-02 08:32:52.438716,2026-05-02 08:32:52.438716,140.10992431640625
2026-05-02 08:32:52.639277,2026-05-02 08:32:52.639277,140.3629608154297
2026-05-02 08:32:52.840277,2026-05-02 08:32:52.840277,140.5780487060547
2026-05-02 08:32:53.039003,2026-05-02 08:32:53.039003,140.76087951660156
2026-05-02 08:32:53.238775,2026-05-02 08:32:53.238775,140.91627502441406
2026-05-02 08:32:53.438881,2026-05-02 08:32:53.438881,141.04837036132812
2026-05-02 08:32:53.638772,2026-05-02 08:32:53.638772,141.16064453125
2026-05-02 08:32:53.838918,2026-05-02 08:32:53.838918,141.25607299804688
2026-05-02 08:32:54.039125,2026-05-02 08:32:54.039125,141.3372039794922
2026-05-02 08:32:54.238805,2026-05-02 08:32:54.238805,141.40614318847656
2026-05-02 08:32:54.440598,2026-05-02 08:32:54.440598,141.46475219726562
2026-05-02 08:32:54.639195,2026-05-02 08:32:54.639195,141.5145721435547
2026-05-02 08:32:54.838821,2026-05-02 08:32:54.838821,141.55691528320312
2026-05-02 08:32:55.038914,2026-05-02 08:32:55.038914,141.59291076660156
2026-05-02 08:32:55.239903,2026-05-02 08:32:55.239903,141.62350463867188
2026-05-02 08:32:55.438960,2026-05-02 08:32:55.438960,141.82528686523438
2026-05-02 08:32:55.641367,2026-05-02 08:32:55.641367,141.99681091308594
2026-05-02 08:32:55.838778,2026-05-02 08:32:55.838778,142.14260864257812
2026-05-02 08:32:56.039795,2026-05-02 08:32:56.039795,142.2665252685547
2026-05-02 08:32:56.239645,2026-05-02 08:32:56.239645,142.37185668945312
2026-05-02 08:32:56.439664,2026-05-02 08:32:56.439664,142.46139526367188
2026-05-02 08:32:56.640797,2026-05-02 08:32:56.640797,142.71327209472656
2026-05-02 08:32:56.838994,2026-05-02 08:32:56.838994,142.92738342285156
2026-05-02 08:32:57.038748,2026-05-02 08:32:57.038748,143.10935974121094
2026-05-02 08:32:57.240426,2026-05-02 08:32:57.240426,143.26405334472656
2026-05-02 08:32:57.439383,2026-05-02 08:32:57.439383,143.57131958007812
2026-05-02 08:32:57.639617,2026-05-02 08:32:57.639617,143.83250427246094
2026-05-02 08:32:57.841511,2026-05-02 08:32:57.841511,144.05450439453125
2026-05-02 08:32:58.039124,2026-05-02 08:32:58.039124,144.24319458007812
2026-05-02 08:32:58.239503,2026-05-02 08:32:58.239503,144.40359497070312
2026-05-02 08:32:58.439427,2026-05-02 08:32:58.439427,144.53993225097656
2026-05-02 08:32:58.639412,2026-05-02 08:32:58.639412,144.65582275390625
2026-05-02 08:32:58.840338,2026-05-02 08:32:58.840338,144.7543182373047
2026-05-02 08:32:59.041188,2026-05-02 08:32:59.041188,145.01382446289062
2026-05-02 08:32:59.240404,2026-05-02 08:32:59.240404,145.23440551757812
2026-05-02 08:32:59.439475,2026-05-02 08:32:59.439475,145.42190551757812
2026-05-02 08:32:59.633209,2026-05-02 08:32:59.633209,145.58126831054688
2026-05-02 08:32:59.840222,2026-05-02 08:32:59.840222,145.71673583984375
2026-05-02 08:33:00.041439,2026-05-02 08:33:00.041439,145.83187866210938
2026-05-02 08:33:00.242123,2026-05-02 08:33:00.242123,145.9297637939453
2026-05-02 08:33:00.439776,2026-05-02 08:33:00.439776,146.18873596191406
2026-05-02 08:33:00.639442,2026-05-02 08:33:00.639442,146.4088592529297
2026-05-02 08:33:00.839997,2026-05-02 08:33:00.839997,146.59596252441406
2026-05-02 08:33:01.039150,2026-05-02 08:33:01.039150,146.7550048828125
2026-05-02 08:33:01.243989,2026-05-02 08:33:01.243989,146.89019775390625
2026-05-02 08:33:01.443499,2026-05-02 08:33:01.443499,147.00511169433594
2026-05-02 08:33:01.642944,2026-05-02 08:33:01.642944,147.102783203125
