log_time,publish_time,data
2026-04-26 22:44:07.593993,2026-04-26 22:44:07.593993,22.78539657592773
2026-04-26 22:44:07.794626,2026-04-26 22:44:07.794626,23.23477554321289
2026-04-26 22:44:07.993121,2026-04-26 22:44:07.993121,23.79252815246582
2026-04-26 22:44:08.192834,2026-04-26 22:44:08.192834,24.266616821289062
2026-04-26 22:44:08.392349,2026-04-26 22:44:08.392349,24.66959381103516
2026-04-26 22:44:08.593325,2026-04-26 22:44:08.593325,25.01212310791016
2026-04-26 22:44:08.794181,2026-04-26 22:44:08.794181,25.30327415466309
2026-04-26 22:44:08.994181,2026-04-26 22:44:08.994181,25.550750732421875
2026-04-26 22:44:09.193961,2026-04-26 22:44:09.193961,25.761106491088867
2026-04-26 22:44:09.394958,2026-04-26 22:44:09.394958,25.93990898132324
2026-04-26 22:44:09.592985,2026-04-26 22:44:09.592985,24.15829849243164
2026-04-26 22:44:09.792382,2026-04-26 22:44:09.792382,22.64392852783203
2026-04-26 22:44:09.996479,2026-04-26 22:44:09.996479,21.356714248657227
2026-04-26 22:44:10.193770,2026-04-26 22:44:10.193770,20.438364028930664
2026-04-26 22:44:10.394951,2026-04-26 22:44:10.394951,19.657764434814453
2026-04-26 22:44:10.594232,2026-04-26 22:44:10.594232,18.9942569732666
2026-04-26 22:44:10.796752,2026-04-26 22:44:10.796752,18.430274963378903
2026-04-26 22:44:10.995255,2026-04-26 22:44:10.995255,17.950889587402344
2026-04-26 22:44:11.192760,2026-04-26 22:44:11.192760,17.543413162231445
2026-04-26 22:44:11.393551,2026-04-26 22:44:11.393551,17.19705581665039
2026-04-26 22:44:11.594820,2026-04-26 22:44:11.594820,16.90265464782715
2026-04-26 22:44:11.794435,2026-04-26 22:44:11.794435,16.65241241455078
2026-04-26 22:44:11.993204,2026-04-26 22:44:11.993204,16.439706802368164
2026-04-26 22:44:12.192667,2026-04-26 22:44:12.192667,16.083126068115234
2026-04-26 22:44:12.399124,2026-04-26 22:44:12.399124,15.78003215789795
2026-04-26 22:44:12.595226,2026-04-26 22:44:12.595226,15.698183059692385
2026-04-26 22:44:12.793776,2026-04-26 22:44:12.793776,15.628612518310549
2026-04-26 22:44:12.993526,2026-04-26 22:44:12.993526,15.569476127624512
2026-04-26 22:44:13.192951,2026-04-26 22:44:13.192951,15.519211769104004
2026-04-26 22:44:13.393712,2026-04-26 22:44:13.393712,15.476486206054688
2026-04-26 22:44:13.593360,2026-04-26 22:44:13.593360,15.61595058441162
2026-04-26 22:44:13.794096,2026-04-26 22:44:13.794096,15.734495162963867
2026-04-26 22:44:13.993761,2026-04-26 22:44:13.993761,15.83525848388672
2026-04-26 22:44:14.196626,2026-04-26 22:44:14.196626,15.920907020568848
2026-04-26 22:44:14.393582,2026-04-26 22:44:14.393582,15.993708610534668
2026-04-26 22:44:14.594182,2026-04-26 22:44:14.594182,16.05558967590332
2026-04-26 22:44:14.792522,2026-04-26 22:44:14.792522,16.28396987915039
2026-04-26 22:44:14.994493,2026-04-26 22:44:14.994493,16.47809410095215
2026-04-26 22:44:15.192941,2026-04-26 22:44:15.192941,16.643098831176758
2026-04-26 22:44:15.395207,2026-04-26 22:44:15.395207,16.78335189819336
2026-04-26 22:44:15.593245,2026-04-26 22:44:15.593245,16.902568817138672
2026-04-26 22:44:15.793550,2026-04-26 22:44:15.793550,17.003902435302734
2026-04-26 22:44:15.993474,2026-04-26 22:44:15.993474,17.26581573486328
2026-04-26 22:44:29.092606,2026-04-26 22:44:29.092606,17.48844337463379
2026-04-26 22:44:29.292466,2026-04-26 22:44:29.292466,17.677677154541016
2026-04-26 22:44:29.495111,2026-04-26 22:44:29.495111,17.662744522094727
2026-04-26 22:44:29.693179,2026-04-26 22:44:29.693179,17.82583236694336
2026-04-26 22:44:29.894288,2026-04-26 22:44:29.894288,17.964458465576172
2026-04-26 22:44:30.094135,2026-04-26 22:44:30.094135,18.08228874206543
2026-04-26 22:44:30.295089,2026-04-26 22:44:30.295089,18.182445526123047
2026-04-26 22:44:30.495491,2026-04-26 22:44:30.495491,18.443359375
2026-04-26 22:44:30.695547,2026-04-26 22:44:30.695547,18.665138244628903
2026-04-26 22:44:30.894022,2026-04-26 22:44:30.894022,18.853647232055664
2026-04-26 22:44:31.095442,2026-04-26 22:44:31.095442,19.01388168334961
2026-04-26 22:44:31.295746,2026-04-26 22:44:31.295746,19.150081634521484
2026-04-26 22:44:31.493863,2026-04-26 22:44:31.493863,19.265850067138672
2026-04-26 22:44:31.695313,2026-04-26 22:44:31.695313,19.36425399780273
2026-04-26 22:44:31.894264,2026-04-26 22:44:31.894264,19.27211570739746
2026-04-26 22:44:32.092993,2026-04-26 22:44:32.092993,19.369579315185547
2026-04-26 22:44:32.294715,2026-04-26 22:44:32.294715,19.452423095703125
2026-04-26 22:44:32.497289,2026-04-26 22:44:32.497289,19.52284240722656
2026-04-26 22:44:32.694627,2026-04-26 22:44:32.694627,19.58269691467285
2026-04-26 22:44:32.893562,2026-04-26 22:44:32.893562,19.63357353210449
2026-04-26 22:44:33.092647,2026-04-26 22:44:33.092647,19.67681884765625
2026-04-26 22:44:33.292709,2026-04-26 22:44:33.292709,19.88935852050781
2026-04-26 22:44:33.494014,2026-04-26 22:44:33.494014,20.070016860961918
2026-04-26 22:44:33.695945,2026-04-26 22:44:33.695945,20.22357749938965
2026-04-26 22:44:33.892445,2026-04-26 22:44:33.892445,20.354103088378903
2026-04-26 22:44:34.092428,2026-04-26 22:44:34.092428,20.640830993652344
2026-04-26 22:44:34.293153,2026-04-26 22:44:34.293153,20.88455009460449
2026-04-26 22:44:34.495019,2026-04-26 22:44:34.495019,21.091711044311523
2026-04-26 22:44:34.692516,2026-04-26 22:44:34.692516,21.267799377441406
2026-04-26 22:44:34.892390,2026-04-26 22:44:34.892390,21.41747283935547
2026-04-26 22:44:35.093035,2026-04-26 22:44:35.093035,21.72047615051269
2026-04-26 22:44:35.292991,2026-04-26 22:44:35.292991,21.978029251098636
2026-04-26 22:44:35.492949,2026-04-26 22:44:35.492949,22.196950912475582
2026-04-26 22:44:35.693257,2026-04-26 22:44:35.693257,22.383033752441406
2026-04-26 22:44:35.892848,2026-04-26 22:44:35.892848,22.541202545166016
2026-04-26 22:44:36.092372,2026-04-26 22:44:36.092372,22.675647735595703
2026-04-26 22:44:36.293009,2026-04-26 22:44:36.293009,22.78992462158203
2026-04-26 22:44:36.492764,2026-04-26 22:44:36.492764,21.305030822753903
2026-04-26 22:44:36.694218,2026-04-26 22:44:36.694218,19.867088317871094
2026-04-26 22:44:36.892372,2026-04-26 22:44:36.892372,18.644838333129883
2026-04-26 22:44:37.092656,2026-04-26 22:44:37.092656,17.605924606323242
2026-04-26 22:44:37.294463,2026-04-26 22:44:37.294463,16.722848892211914
2026-04-26 22:44:37.493529,2026-04-26 22:44:37.493529,15.972233772277832
2026-04-26 22:44:37.693181,2026-04-26 22:44:37.693181,15.334211349487305
2026-04-26 22:44:37.892924,2026-04-26 22:44:37.892924,14.791892051696776
2026-04-26 22:44:38.094049,2026-04-26 22:44:38.094049,14.330920219421388
2026-04-26 22:44:38.293390,2026-04-26 22:44:38.293390,13.939094543457031
2026-04-26 22:44:38.493152,2026-04-26 22:44:38.493152,15.539636611938477
2026-04-26 22:44:38.693712,2026-04-26 22:44:38.693712,16.900096893310547
2026-04-26 22:44:38.892855,2026-04-26 22:44:38.892855,18.056489944458008
2026-04-26 22:44:39.093356,2026-04-26 22:44:39.093356,19.0394229888916
2026-04-26 22:44:39.293160,2026-04-26 22:44:39.293160,19.874914169311523
2026-04-26 22:44:39.493956,2026-04-26 22:44:39.493956,20.585084915161133
2026-04-26 22:44:39.693048,2026-04-26 22:44:39.693048,21.18872833251953
2026-04-26 22:44:39.893348,2026-04-26 22:44:39.893348,21.701824188232425
2026-04-26 22:44:40.092733,2026-04-26 22:44:40.092733,22.13795661926269
2026-04-26 22:44:40.292419,2026-04-26 22:44:40.292419,22.50867080688477
2026-04-26 22:44:40.492755,2026-04-26 22:44:40.492755,22.823776245117188
2026-04-26 22:44:40.692704,2026-04-26 22:44:40.692704,23.091615676879883
2026-04-26 22:44:40.893382,2026-04-26 22:44:40.893382,23.319278717041016
2026-04-26 22:44:41.092614,2026-04-26 22:44:41.092614,23.512794494628903
2026-04-26 22:44:41.292737,2026-04-26 22:44:41.292737,23.67728042602539
2026-04-26 22:44:41.492551,2026-04-26 22:44:41.492551,23.817094802856445
2026-04-26 22:44:41.693017,2026-04-26 22:44:41.693017,23.935937881469727
2026-04-26 22:44:41.892415,2026-04-26 22:44:41.892415,24.03695297241211
2026-04-26 22:44:42.093517,2026-04-26 22:44:42.093517,24.12281608581543
2026-04-26 22:44:42.292401,2026-04-26 22:44:42.292401,24.02001953125
2026-04-26 22:44:42.492388,2026-04-26 22:44:42.492388,23.932640075683597
2026-04-26 22:44:42.692931,2026-04-26 22:44:42.692931,23.682588577270508
2026-04-26 22:44:42.893449,2026-04-26 22:44:42.893449,23.470043182373047
2026-04-26 22:44:43.093388,2026-04-26 22:44:43.093388,23.28938102722168
2026-04-26 22:44:43.293175,2026-04-26 22:44:43.293175,23.135818481445312
2026-04-26 22:44:43.492648,2026-04-26 22:44:43.492648,23.00528907775879
2026-04-26 22:44:43.692585,2026-04-26 22:44:43.692585,22.89433860778809
2026-04-26 22:44:43.892582,2026-04-26 22:44:43.892582,22.800031661987305
2026-04-26 22:44:44.094175,2026-04-26 22:44:44.094175,22.719871520996094
2026-04-26 22:44:44.292614,2026-04-26 22:44:44.292614,22.6517333984375
2026-04-26 22:44:44.493377,2026-04-26 22:44:44.493377,22.41803741455078
2026-04-26 22:44:44.693061,2026-04-26 22:44:44.693061,22.219392776489254
2026-04-26 22:44:44.894321,2026-04-26 22:44:44.894321,22.050546646118164
2026-04-26 22:44:45.092654,2026-04-26 22:44:45.092654,22.082809448242188
2026-04-26 22:44:45.294948,2026-04-26 22:44:45.294948,21.934450149536133
2026-04-26 22:44:45.492920,2026-04-26 22:44:45.492920,21.80834579467773
2026-04-26 22:44:45.693985,2026-04-26 22:44:45.693985,21.701156616210938
2026-04-26 22:44:45.892440,2026-04-26 22:44:45.892440,21.61004447937012
2026-04-26 22:44:46.094799,2026-04-26 22:44:46.094799,21.53260040283203
2026-04-26 22:44:46.293609,2026-04-26 22:44:46.293609,21.466772079467773
2026-04-26 22:44:46.492506,2026-04-26 22:44:46.492506,21.41082000732422
2026-04-26 22:44:46.692599,2026-04-26 22:44:46.692599,21.363258361816406
2026-04-26 22:44:46.892690,2026-04-26 22:44:46.892690,21.322832107543945
2026-04-26 22:44:47.092913,2026-04-26 22:44:47.092913,21.288471221923828
2026-04-26 22:44:47.292833,2026-04-26 22:44:47.292833,21.259262084960938
2026-04-26 22:44:47.492977,2026-04-26 22:44:47.492977,21.23443603515625
2026-04-26 22:44:47.693363,2026-04-26 22:44:47.693363,21.21333312988281
2026-04-26 22:44:47.893888,2026-04-26 22:44:47.893888,21.19539451599121
2026-04-26 22:44:48.092983,2026-04-26 22:44:48.092983,21.18014907836914
2026-04-26 22:44:48.293936,2026-04-26 22:44:48.293936,21.16718864440918
2026-04-26 22:44:48.493108,2026-04-26 22:44:48.493108,21.156173706054688
2026-04-26 22:44:48.693635,2026-04-26 22:44:48.693635,21.146808624267575
2026-04-26 22:44:48.894212,2026-04-26 22:44:48.894212,21.138851165771484
2026-04-26 22:44:49.092527,2026-04-26 22:44:49.092527,21.1320858001709
2026-04-26 22:44:49.292931,2026-04-26 22:44:49.292931,21.12633514404297
2026-04-26 22:44:49.492976,2026-04-26 22:44:49.492976,21.12144660949707
2026-04-26 22:44:49.692982,2026-04-26 22:44:49.692982,20.941511154174805
2026-04-26 22:44:49.892936,2026-04-26 22:44:49.892936,20.78856658935547
2026-04-26 22:44:50.094054,2026-04-26 22:44:50.094054,20.83434295654297
2026-04-26 22:44:50.293821,2026-04-26 22:44:50.293821,20.697473526000977
2026-04-26 22:44:50.493168,2026-04-26 22:44:50.493168,20.581132888793945
2026-04-26 22:44:50.694809,2026-04-26 22:44:50.694809,20.48224449157715
2026-04-26 22:44:50.893877,2026-04-26 22:44:50.893877,20.39818954467773
2026-04-26 22:44:51.094099,2026-04-26 22:44:51.094099,20.32674217224121
2026-04-26 22:44:51.294593,2026-04-26 22:44:51.294593,20.26601219177246
2026-04-26 22:44:51.494136,2026-04-26 22:44:51.494136,20.214391708374023
2026-04-26 22:44:51.695365,2026-04-26 22:44:51.695365,20.17051315307617
2026-04-26 22:44:51.894628,2026-04-26 22:44:51.894628,20.13321876525879
2026-04-26 22:44:52.094090,2026-04-26 22:44:52.094090,20.10151672363281
2026-04-26 22:44:52.294477,2026-04-26 22:44:52.294477,20.07456970214844
2026-04-26 22:44:52.494575,2026-04-26 22:44:52.494575,20.051666259765625
2026-04-26 22:44:52.692563,2026-04-26 22:44:52.692563,20.032197952270508
2026-04-26 22:44:52.892947,2026-04-26 22:44:52.892947,20.015649795532227
2026-04-26 22:44:53.098185,2026-04-26 22:44:53.098185,20.001583099365234
2026-04-26 22:44:53.293341,2026-04-26 22:44:53.293341,18.231813430786133
2026-04-26 22:44:53.493093,2026-04-26 22:44:53.493093,16.727510452270508
2026-04-26 22:44:53.695320,2026-04-26 22:44:53.695320,15.6246337890625
2026-04-26 22:44:53.893667,2026-04-26 22:44:53.893667,14.687189102172852
2026-04-26 22:44:54.092852,2026-04-26 22:44:54.092852,14.066142082214355
2026-04-26 22:44:54.293933,2026-04-26 22:44:54.293933,13.714033126831056
2026-04-26 22:45:07.392586,2026-04-26 22:45:07.392586,13.414740562438965
2026-04-26 22:45:07.594394,2026-04-26 22:45:07.594394,13.3361234664917
2026-04-26 22:45:07.794680,2026-04-26 22:45:07.794680,13.445079803466797
2026-04-26 22:45:07.993579,2026-04-26 22:45:07.993579,13.53769302368164
2026-04-26 22:45:08.195642,2026-04-26 22:45:08.195642,13.616414070129396
2026-04-26 22:45:08.392900,2026-04-26 22:45:08.392900,13.683326721191406
2026-04-26 22:45:08.592876,2026-04-26 22:45:08.592876,13.74020290374756
2026-04-26 22:45:08.792689,2026-04-26 22:45:08.792689,13.78854751586914
2026-04-26 22:45:08.993700,2026-04-26 22:45:08.993700,14.00542163848877
2026-04-26 22:45:09.193578,2026-04-26 22:45:09.193578,14.189764976501465
2026-04-26 22:45:09.394361,2026-04-26 22:45:09.394361,14.34645652770996
2026-04-26 22:45:09.594497,2026-04-26 22:45:09.594497,14.479643821716309
2026-04-26 22:45:09.793671,2026-04-26 22:45:09.793671,14.592853546142578
2026-04-26 22:45:09.992403,2026-04-26 22:45:09.992403,14.689082145690918
2026-04-26 22:45:10.194590,2026-04-26 22:45:10.194590,14.770875930786133
2026-04-26 22:45:10.392933,2026-04-26 22:45:10.392933,15.01618194580078
2026-04-26 22:45:10.597828,2026-04-26 22:45:10.597828,15.048911094665527
2026-04-26 22:45:10.794062,2026-04-26 22:45:10.794062,15.252511978149414
2026-04-26 22:45:10.992888,2026-04-26 22:45:10.992888,15.425572395324709
2026-04-26 22:45:11.198977,2026-04-26 22:45:11.198977,15.572673797607422
2026-04-26 22:45:11.394729,2026-04-26 22:45:11.394729,15.697710037231444
2026-04-26 22:45:11.594136,2026-04-26 22:45:11.594136,15.803991317749023
2026-04-26 22:45:11.792551,2026-04-26 22:45:11.792551,15.894330024719238
2026-04-26 22:45:11.993675,2026-04-26 22:45:11.993675,15.971117973327637
2026-04-26 22:45:12.195410,2026-04-26 22:45:12.195410,16.036388397216797
2026-04-26 22:45:12.394920,2026-04-26 22:45:12.394920,16.091867446899414
2026-04-26 22:45:12.594985,2026-04-26 22:45:12.594985,16.13902473449707
2026-04-26 22:45:12.794250,2026-04-26 22:45:12.794250,16.179107666015625
2026-04-26 22:45:12.992407,2026-04-26 22:45:12.992407,16.213180541992188
2026-04-26 22:45:13.192282,2026-04-26 22:45:13.192282,16.24213981628418
2026-04-26 22:45:13.393006,2026-04-26 22:45:13.393006,16.266756057739258
2026-04-26 22:45:13.592570,2026-04-26 22:45:13.592570,16.287681579589844
2026-04-26 22:45:13.795765,2026-04-26 22:45:13.795765,16.129684448242188
2026-04-26 22:45:13.994729,2026-04-26 22:45:13.994729,15.99538803100586
2026-04-26 22:45:14.193964,2026-04-26 22:45:14.193964,15.52967357635498
2026-04-26 22:45:14.393006,2026-04-26 22:45:14.393006,15.133816719055176
2026-04-26 22:45:14.593107,2026-04-26 22:45:14.593107,14.797337532043455
2026-04-26 22:45:14.792559,2026-04-26 22:45:14.792559,14.511330604553224
2026-04-26 22:45:14.992989,2026-04-26 22:45:14.992989,14.268224716186523
2026-04-26 22:45:15.195113,2026-04-26 22:45:15.195113,14.061585426330566
2026-04-26 22:45:15.394395,2026-04-26 22:45:15.394395,13.885940551757812
2026-04-26 22:45:15.592340,2026-04-26 22:45:15.592340,13.73664379119873
2026-04-26 22:45:15.794233,2026-04-26 22:45:15.794233,13.6097412109375
2026-04-26 22:45:15.992387,2026-04-26 22:45:15.992387,13.501873016357422
2026-04-26 22:45:16.193489,2026-04-26 22:45:16.193489,13.234404563903809
2026-04-26 22:45:16.392502,2026-04-26 22:45:16.392502,13.18283748626709
2026-04-26 22:45:16.592653,2026-04-26 22:45:16.592653,12.963224411010742
2026-04-26 22:45:16.793434,2026-04-26 22:45:16.793434,15.0617094039917
2026-04-26 22:45:16.996662,2026-04-26 22:45:16.996662,17.021203994750977
2026-04-26 22:45:17.192818,2026-04-26 22:45:17.192818,18.5109920501709
2026-04-26 22:45:17.392975,2026-04-26 22:45:17.392975,19.77731132507324
2026-04-26 22:45:17.592419,2026-04-26 22:45:17.592419,20.853683471679688
2026-04-26 22:45:17.792757,2026-04-26 22:45:17.792757,21.768600463867188
2026-04-26 22:45:17.993868,2026-04-26 22:45:17.993868,22.37049674987793
2026-04-26 22:45:18.193388,2026-04-26 22:45:18.193388,22.882110595703125
2026-04-26 22:45:18.393775,2026-04-26 22:45:18.393775,23.31698036193848
2026-04-26 22:45:18.592942,2026-04-26 22:45:18.592942,23.686620712280277
2026-04-26 22:45:18.792895,2026-04-26 22:45:18.792895,24.000816345214844
2026-04-26 22:45:18.992401,2026-04-26 22:45:18.992401,24.267881393432617
2026-04-26 22:45:19.192790,2026-04-26 22:45:19.192790,24.49488639831543
2026-04-26 22:45:19.394113,2026-04-26 22:45:19.394113,24.687841415405277
2026-04-26 22:45:19.592419,2026-04-26 22:45:19.592419,24.851852416992188
2026-04-26 22:45:19.793251,2026-04-26 22:45:19.793251,25.16704368591309
2026-04-26 22:45:19.992401,2026-04-26 22:45:19.992401,25.434955596923828
2026-04-26 22:45:20.192457,2026-04-26 22:45:20.192457,25.662681579589844
2026-04-26 22:45:20.392701,2026-04-26 22:45:20.392701,25.856246948242188
2026-04-26 22:45:20.592380,2026-04-26 22:45:20.592380,26.02077865600586
2026-04-26 22:45:20.792735,2026-04-26 22:45:20.792735,26.16063117980957
2026-04-26 22:45:20.993750,2026-04-26 22:45:20.993750,26.279504776000977
2026-04-26 22:45:21.192451,2026-04-26 22:45:21.192451,26.38054847717285
2026-04-26 22:45:21.394633,2026-04-26 22:45:21.394633,26.29065322875977
2026-04-26 22:45:21.592670,2026-04-26 22:45:21.592670,26.214242935180664
2026-04-26 22:45:21.792993,2026-04-26 22:45:21.792993,26.149293899536133
2026-04-26 22:45:21.992500,2026-04-26 22:45:21.992500,26.094087600708008
2026-04-26 22:45:22.193189,2026-04-26 22:45:22.193189,26.04716110229492
2026-04-26 22:45:22.395185,2026-04-26 22:45:22.395185,26.183055877685547
2026-04-26 22:45:22.593924,2026-04-26 22:45:22.593924,26.298566818237305
2026-04-26 22:45:22.792465,2026-04-26 22:45:22.792465,26.39674949645996
2026-04-26 22:45:22.993127,2026-04-26 22:45:22.993127,26.480207443237305
2026-04-26 22:45:23.192896,2026-04-26 22:45:23.192896,26.551143646240234
2026-04-26 22:45:23.393063,2026-04-26 22:45:23.393063,26.611440658569336
2026-04-26 22:45:23.592529,2026-04-26 22:45:23.592529,26.66269302368164
2026-04-26 22:45:23.792907,2026-04-26 22:45:23.792907,26.70625877380371
2026-04-26 22:45:23.993095,2026-04-26 22:45:23.993095,26.743288040161133
2026-04-26 22:45:24.192491,2026-04-26 22:45:24.192491,26.774763107299805
2026-04-26 22:45:24.392496,2026-04-26 22:45:24.392496,26.801517486572266
2026-04-26 22:45:24.592741,2026-04-26 22:45:24.592741,26.82425880432129
2026-04-26 22:45:24.793023,2026-04-26 22:45:24.793023,25.613121032714844
2026-04-26 22:45:24.992573,2026-04-26 22:45:24.992573,24.58365249633789
2026-04-26 22:45:25.193360,2026-04-26 22:45:25.193360,23.70860481262207
2026-04-26 22:45:25.392401,2026-04-26 22:45:25.392401,22.964813232421875
2026-04-26 22:45:25.592589,2026-04-26 22:45:25.592589,20.926342010498047
2026-04-26 22:45:25.793295,2026-04-26 22:45:25.793295,19.193639755249023
2026-04-26 22:45:25.992405,2026-04-26 22:45:25.992405,17.720844268798828
2026-04-26 22:45:26.194596,2026-04-26 22:45:26.194596,16.46896743774414
2026-04-26 22:45:26.393200,2026-04-26 22:45:26.393200,16.63534164428711
2026-04-26 22:45:26.592633,2026-04-26 22:45:26.592633,15.546290397644045
2026-04-26 22:45:26.794250,2026-04-26 22:45:26.794250,15.675284385681152
2026-04-26 22:45:26.993404,2026-04-26 22:45:26.993404,15.784929275512695
2026-04-26 22:45:27.192563,2026-04-26 22:45:27.192563,14.823439598083496
2026-04-26 22:45:27.392669,2026-04-26 22:45:27.392669,14.885080337524414
2026-04-26 22:45:27.592621,2026-04-26 22:45:27.592621,14.234349250793455
2026-04-26 22:45:27.793108,2026-04-26 22:45:27.793108,13.857008934020996
2026-04-26 22:45:27.993415,2026-04-26 22:45:27.993415,13.536270141601562
2026-04-26 22:45:28.193849,2026-04-26 22:45:28.193849,13.263642311096191
2026-04-26 22:45:28.394008,2026-04-26 22:45:28.394008,13.03190803527832
2026-04-26 22:45:28.593438,2026-04-26 22:45:28.593438,12.834935188293455
2026-04-26 22:45:28.793041,2026-04-26 22:45:28.793041,12.66750717163086
2026-04-26 22:45:28.992450,2026-04-26 22:45:28.992450,12.525193214416504
2026-04-26 22:45:29.194303,2026-04-26 22:45:29.194303,12.404227256774902
2026-04-26 22:45:29.393425,2026-04-26 22:45:29.393425,12.30140495300293
2026-04-26 22:45:29.595290,2026-04-26 22:45:29.595290,12.214007377624512
2026-04-26 22:45:29.793024,2026-04-26 22:45:29.793024,12.139718055725098
2026-04-26 22:45:29.993329,2026-04-26 22:45:29.993329,12.076573371887209
2026-04-26 22:45:30.192657,2026-04-26 22:45:30.192657,12.022899627685549
2026-04-26 22:45:30.394107,2026-04-26 22:45:30.394107,11.977277755737305
2026-04-26 22:45:30.594283,2026-04-26 22:45:30.594283,11.938498497009276
2026-04-26 22:45:30.794333,2026-04-26 22:45:30.794333,11.729754447937012
2026-04-26 22:45:30.993247,2026-04-26 22:45:30.993247,11.552322387695312
2026-04-26 22:45:31.193163,2026-04-26 22:45:31.193163,11.40150547027588
2026-04-26 22:45:31.394189,2026-04-26 22:45:31.394189,11.273310661315918
2026-04-26 22:45:31.594321,2026-04-26 22:45:31.594321,11.164345741271973
2026-04-26 22:45:31.793351,2026-04-26 22:45:31.793351,11.071724891662598
2026-04-26 22:45:31.994327,2026-04-26 22:45:31.994327,10.992997169494627
2026-04-26 22:45:32.195185,2026-04-26 22:45:32.195185,10.92607879638672
2026-04-26 22:45:32.393896,2026-04-26 22:45:32.393896,10.8691987991333
2026-04-26 22:45:32.594501,2026-04-26 22:45:32.594501,10.820850372314451
2026-04-26 22:45:45.692531,2026-04-26 22:45:45.692531,10.77975368499756
2026-04-26 22:45:45.893955,2026-04-26 22:45:45.893955,10.744821548461914
2026-04-26 22:45:46.096286,2026-04-26 22:45:46.096286,10.715129852294922
2026-04-26 22:45:46.292434,2026-04-26 22:45:46.292434,10.689891815185549
2026-04-26 22:45:46.492422,2026-04-26 22:45:46.492422,10.668438911437988
2026-04-26 22:45:46.695129,2026-04-26 22:45:46.695129,10.6502046585083
2026-04-26 22:45:46.893916,2026-04-26 22:45:46.893916,10.634705543518066
2026-04-26 22:45:47.093210,2026-04-26 22:45:47.093210,10.621530532836914
2026-04-26 22:45:47.293380,2026-04-26 22:45:47.293380,10.610332489013672
2026-04-26 22:45:47.493329,2026-04-26 22:45:47.493329,10.60081386566162
2026-04-26 22:45:47.693336,2026-04-26 22:45:47.693336,10.59272289276123
2026-04-26 22:45:47.892642,2026-04-26 22:45:47.892642,10.410064697265623
2026-04-26 22:45:48.093798,2026-04-26 22:45:48.093798,10.254804611206056
2026-04-26 22:45:48.292864,2026-04-26 22:45:48.292864,10.29861545562744
2026-04-26 22:45:48.493657,2026-04-26 22:45:48.493657,10.335854530334473
2026-04-26 22:45:48.692582,2026-04-26 22:45:48.692582,10.367506980895996
2026-04-26 22:45:48.892779,2026-04-26 22:45:48.892779,10.39441204071045
2026-04-26 22:45:49.092488,2026-04-26 22:45:49.092488,10.417282104492188
2026-04-26 22:45:49.292905,2026-04-26 22:45:49.292905,10.436720848083496
2026-04-26 22:45:49.493220,2026-04-26 22:45:49.493220,10.45324420928955
2026-04-26 22:45:49.692842,2026-04-26 22:45:49.692842,10.467288970947266
2026-04-26 22:45:49.895030,2026-04-26 22:45:49.895030,10.655007362365724
2026-04-26 22:45:50.095252,2026-04-26 22:45:50.095252,10.814569473266602
2026-04-26 22:45:50.292817,2026-04-26 22:45:50.292817,10.950196266174316
2026-04-26 22:45:50.496305,2026-04-26 22:45:50.496305,11.065479278564451
2026-04-26 22:45:50.694688,2026-04-26 22:45:50.694688,11.163470268249512
2026-04-26 22:45:50.893480,2026-04-26 22:45:50.893480,11.2467622756958
2026-04-26 22:45:51.094483,2026-04-26 22:45:51.094483,11.317560195922852
2026-04-26 22:45:51.297074,2026-04-26 22:45:51.297074,11.37773895263672
2026-04-26 22:45:51.494537,2026-04-26 22:45:51.494537,11.428890228271484
2026-04-26 22:45:51.694427,2026-04-26 22:45:51.694427,11.472369194030762
2026-04-26 22:45:51.894194,2026-04-26 22:45:51.894194,11.509325981140137
2026-04-26 22:45:52.093320,2026-04-26 22:45:52.093320,11.54074001312256
2026-04-26 22:45:52.294429,2026-04-26 22:45:52.294429,11.5674409866333
2026-04-26 22:45:52.493396,2026-04-26 22:45:52.493396,11.590137481689451
2026-04-26 22:45:52.693864,2026-04-26 22:45:52.693864,11.609429359436035
2026-04-26 22:45:52.895075,2026-04-26 22:45:52.895075,11.62582778930664
2026-04-26 22:45:53.094232,2026-04-26 22:45:53.094232,11.639765739440918
2026-04-26 22:45:53.294902,2026-04-26 22:45:53.294902,11.651613235473633
2026-04-26 22:45:53.497755,2026-04-26 22:45:53.497755,11.837465286254885
2026-04-26 22:45:53.695502,2026-04-26 22:45:53.695502,11.995439529418944
2026-04-26 22:45:53.895377,2026-04-26 22:45:53.895377,12.129716873168944
2026-04-26 22:45:54.094346,2026-04-26 22:45:54.094346,12.419634819030762
2026-04-26 22:45:54.292399,2026-04-26 22:45:54.292399,12.666064262390137
2026-04-26 22:45:54.493927,2026-04-26 22:45:54.493927,12.875529289245604
2026-04-26 22:45:54.695087,2026-04-26 22:45:54.695087,12.87779426574707
2026-04-26 22:45:54.893215,2026-04-26 22:45:54.893215,13.055500030517578
2026-04-26 22:45:55.092724,2026-04-26 22:45:55.092724,13.030768394470217
2026-04-26 22:45:55.292963,2026-04-26 22:45:55.292963,13.185528755187988
2026-04-26 22:45:55.493579,2026-04-26 22:45:55.493579,13.141292572021484
2026-04-26 22:45:55.694817,2026-04-26 22:45:55.694817,13.279474258422852
2026-04-26 22:45:55.893429,2026-04-26 22:45:55.893429,13.572709083557127
2026-04-26 22:45:56.092337,2026-04-26 22:45:56.092337,13.646177291870115
2026-04-26 22:45:56.293268,2026-04-26 22:45:56.293268,13.708625793457031
2026-04-26 22:45:56.492667,2026-04-26 22:45:56.492667,13.585926055908203
2026-04-26 22:45:56.692917,2026-04-26 22:45:56.692917,13.657411575317385
2026-04-26 22:45:56.892986,2026-04-26 22:45:56.892986,13.718174934387209
2026-04-26 22:45:57.094032,2026-04-26 22:45:57.094032,13.945605278015137
2026-04-26 22:45:57.293397,2026-04-26 22:45:57.293397,14.138920783996582
2026-04-26 22:45:57.493079,2026-04-26 22:45:57.493079,14.47902011871338
2026-04-26 22:45:57.692282,2026-04-26 22:45:57.692282,14.592323303222656
2026-04-26 22:45:57.895410,2026-04-26 22:45:57.895410,14.864412307739258
2026-04-26 22:45:58.092619,2026-04-26 22:45:58.092619,15.095687866210938
2026-04-26 22:45:58.292497,2026-04-26 22:45:58.292497,15.468053817749023
2026-04-26 22:45:58.493699,2026-04-26 22:45:58.493699,15.608782768249512
2026-04-26 22:45:58.692547,2026-04-26 22:45:58.692547,15.728403091430664
2026-04-26 22:45:58.892978,2026-04-26 22:45:58.892978,15.830080032348633
2026-04-26 22:45:59.092371,2026-04-26 22:45:59.092371,16.092287063598633
2026-04-26 22:45:59.292413,2026-04-26 22:45:59.292413,16.315162658691406
2026-04-26 22:45:59.493082,2026-04-26 22:45:59.493082,16.504606246948242
2026-04-26 22:45:59.692715,2026-04-26 22:45:59.692715,16.665634155273438
2026-04-26 22:45:59.892418,2026-04-26 22:45:59.892418,16.802507400512695
2026-04-26 22:46:00.093858,2026-04-26 22:46:00.093858,16.91884994506836
2026-04-26 22:46:00.293816,2026-04-26 22:46:00.293816,17.193523406982422
2026-04-26 22:46:00.493582,2026-04-26 22:46:00.493582,16.02074432373047
2026-04-26 22:46:00.693012,2026-04-26 22:46:00.693012,16.430133819580078
2026-04-26 22:46:00.892785,2026-04-26 22:46:00.892785,16.778112411499023
2026-04-26 22:46:01.092942,2026-04-26 22:46:01.092942,17.249677658081055
2026-04-26 22:46:01.294305,2026-04-26 22:46:01.294305,17.6505069732666
2026-04-26 22:46:01.492406,2026-04-26 22:46:01.492406,17.815431594848633
2026-04-26 22:46:01.692769,2026-04-26 22:46:01.692769,17.955615997314453
2026-04-26 22:46:01.893068,2026-04-26 22:46:01.893068,18.07477378845215
2026-04-26 22:46:02.092739,2026-04-26 22:46:02.092739,18.35183906555176
2026-04-26 22:46:02.292502,2026-04-26 22:46:02.292502,18.411563873291016
2026-04-26 22:46:02.492809,2026-04-26 22:46:02.492809,18.46232795715332
2026-04-26 22:46:02.692358,2026-04-26 22:46:02.692358,18.68126106262207
2026-04-26 22:46:02.892388,2026-04-26 22:46:02.892388,18.86735343933105
2026-04-26 22:46:03.093277,2026-04-26 22:46:03.093277,19.025531768798828
2026-04-26 22:46:03.293235,2026-04-26 22:46:03.293235,19.15998268127441
2026-04-26 22:46:03.492517,2026-04-26 22:46:03.492517,19.274267196655277
2026-04-26 22:46:03.692365,2026-04-26 22:46:03.692365,19.37140846252441
2026-04-26 22:46:03.892672,2026-04-26 22:46:03.892672,19.453977584838867
2026-04-26 22:46:04.092986,2026-04-26 22:46:04.092986,17.76634979248047
2026-04-26 22:46:04.293048,2026-04-26 22:46:04.293048,18.089677810668945
2026-04-26 22:46:04.496399,2026-04-26 22:46:04.496399,18.3645076751709
2026-04-26 22:46:04.693204,2026-04-26 22:46:04.693204,18.598114013671875
2026-04-26 22:46:04.892411,2026-04-26 22:46:04.892411,18.796676635742188
2026-04-26 22:46:05.092760,2026-04-26 22:46:05.092760,19.14123916625977
2026-04-26 22:46:05.293089,2026-04-26 22:46:05.293089,19.43411445617676
2026-04-26 22:46:05.492994,2026-04-26 22:46:05.492994,19.68305969238281
2026-04-26 22:46:05.692552,2026-04-26 22:46:05.692552,19.894662857055664
2026-04-26 22:46:05.893096,2026-04-26 22:46:05.893096,20.250307083129883
2026-04-26 22:46:06.092968,2026-04-26 22:46:06.092968,20.55260467529297
2026-04-26 22:46:06.292551,2026-04-26 22:46:06.292551,20.809558868408203
2026-04-26 22:46:06.492445,2026-04-26 22:46:06.492445,21.20375061035156
2026-04-26 22:46:06.692840,2026-04-26 22:46:06.692840,21.5388126373291
2026-04-26 22:46:06.892623,2026-04-26 22:46:06.892623,21.82361602783203
2026-04-26 22:46:07.092934,2026-04-26 22:46:07.092934,22.241479873657227
2026-04-26 22:46:07.293842,2026-04-26 22:46:07.293842,20.487289428710938
2026-04-26 22:46:07.493765,2026-04-26 22:46:07.493765,19.172008514404297
2026-04-26 22:46:07.695198,2026-04-26 22:46:07.695198,17.878238677978516
2026-04-26 22:46:07.897177,2026-04-26 22:46:07.897177,17.130096435546875
2026-04-26 22:46:08.093246,2026-04-26 22:46:08.093246,16.66995620727539
2026-04-26 22:46:08.293240,2026-04-26 22:46:08.293240,16.278837203979492
2026-04-26 22:46:08.492592,2026-04-26 22:46:08.492592,15.94638729095459
2026-04-26 22:46:08.693351,2026-04-26 22:46:08.693351,15.663804054260254
2026-04-26 22:46:08.893600,2026-04-26 22:46:08.893600,15.247827529907228
2026-04-26 22:46:09.095551,2026-04-26 22:46:09.095551,15.070028305053713
2026-04-26 22:46:09.292871,2026-04-26 22:46:09.292871,14.918898582458496
2026-04-26 22:46:09.493005,2026-04-26 22:46:09.493005,14.79043960571289
2026-04-26 22:46:09.697228,2026-04-26 22:46:09.697228,14.681248664855955
2026-04-26 22:46:09.894231,2026-04-26 22:46:09.894231,14.588436126708984
2026-04-26 22:46:10.093128,2026-04-26 22:46:10.093128,14.33376407623291
2026-04-26 22:46:10.294922,2026-04-26 22:46:10.294922,14.11729335784912
2026-04-26 22:46:10.493811,2026-04-26 22:46:10.493811,13.933293342590332
2026-04-26 22:46:10.692993,2026-04-26 22:46:10.692993,13.77689266204834
2026-04-26 22:46:10.893021,2026-04-26 22:46:10.893021,13.64395236968994
2026-04-26 22:46:23.992404,2026-04-26 22:46:23.992404,13.530953407287598
2026-04-26 22:46:24.192679,2026-04-26 22:46:24.192679,13.434904098510742
2026-04-26 22:46:24.393867,2026-04-26 22:46:24.393867,13.353262901306152
2026-04-26 22:46:24.593916,2026-04-26 22:46:24.593916,13.28386688232422
2026-04-26 22:46:24.792960,2026-04-26 22:46:24.792960,13.22488021850586
2026-04-26 22:46:24.992890,2026-04-26 22:46:24.992890,13.174741744995115
2026-04-26 22:46:25.192678,2026-04-26 22:46:25.192678,13.132124900817873
2026-04-26 22:46:25.392395,2026-04-26 22:46:25.392395,13.09589958190918
2026-04-26 22:46:25.592923,2026-04-26 22:46:25.592923,13.065108299255373
2026-04-26 22:46:25.793651,2026-04-26 22:46:25.793651,13.038935661315918
2026-04-26 22:46:25.993288,2026-04-26 22:46:25.993288,13.01668930053711
2026-04-26 22:46:26.193095,2026-04-26 22:46:26.193095,12.997779846191406
2026-04-26 22:46:26.392996,2026-04-26 22:46:26.392996,13.157487869262695
2026-04-26 22:46:26.593382,2026-04-26 22:46:26.593382,13.29323959350586
2026-04-26 22:46:26.793189,2026-04-26 22:46:26.793189,13.408628463745115
2026-04-26 22:46:26.993094,2026-04-26 22:46:26.993094,13.506709098815918
2026-04-26 22:46:27.193363,2026-04-26 22:46:27.193363,13.590078353881836
2026-04-26 22:46:27.393742,2026-04-26 22:46:27.393742,13.660941123962402
2026-04-26 22:46:27.593456,2026-04-26 22:46:27.593456,13.72117519378662
2026-04-26 22:46:27.792356,2026-04-26 22:46:27.792356,13.772374153137209
2026-04-26 22:46:27.993841,2026-04-26 22:46:27.993841,13.815893173217772
2026-04-26 22:46:28.192529,2026-04-26 22:46:28.192529,13.85288429260254
2026-04-26 22:46:28.392586,2026-04-26 22:46:28.392586,13.884325981140137
2026-04-26 22:46:28.593496,2026-04-26 22:46:28.593496,14.086833953857422
2026-04-26 22:46:28.792793,2026-04-26 22:46:28.792793,14.25896453857422
2026-04-26 22:46:28.994021,2026-04-26 22:46:28.994021,14.40527629852295
2026-04-26 22:46:29.193160,2026-04-26 22:46:29.193160,14.529641151428224
2026-04-26 22:46:29.392843,2026-04-26 22:46:29.392843,14.635351181030272
2026-04-26 22:46:29.594214,2026-04-26 22:46:29.594214,14.725204467773438
2026-04-26 22:46:29.796482,2026-04-26 22:46:29.796482,14.801580429077148
2026-04-26 22:46:29.994934,2026-04-26 22:46:29.994934,14.866499900817873
2026-04-26 22:46:30.193800,2026-04-26 22:46:30.193800,14.921680450439451
2026-04-26 22:46:30.394282,2026-04-26 22:46:30.394282,14.968585014343262
2026-04-26 22:46:30.595407,2026-04-26 22:46:30.595407,15.008453369140623
2026-04-26 22:46:30.793890,2026-04-26 22:46:30.793890,15.042341232299805
2026-04-26 22:46:30.993019,2026-04-26 22:46:30.993019,15.246928215026855
2026-04-26 22:46:31.196519,2026-04-26 22:46:31.196519,15.420825958251951
2026-04-26 22:46:31.395498,2026-04-26 22:46:31.395498,15.392858505249023
2026-04-26 22:46:31.595738,2026-04-26 22:46:31.595738,15.544867515563965
2026-04-26 22:46:31.795230,2026-04-26 22:46:31.795230,15.67407512664795
2026-04-26 22:46:31.994834,2026-04-26 22:46:31.994834,15.60811996459961
2026-04-26 22:46:32.196843,2026-04-26 22:46:32.196843,15.727839469909668
2026-04-26 22:46:32.393724,2026-04-26 22:46:32.393724,15.829601287841797
2026-04-26 22:46:32.592872,2026-04-26 22:46:32.592872,15.916098594665527
2026-04-26 22:46:32.793956,2026-04-26 22:46:32.793956,15.98962116241455
2026-04-26 22:46:32.992564,2026-04-26 22:46:32.992564,16.052114486694336
2026-04-26 22:46:33.193952,2026-04-26 22:46:33.193952,16.105236053466797
2026-04-26 22:46:33.393820,2026-04-26 22:46:33.393820,16.150386810302734
2026-04-26 22:46:33.594448,2026-04-26 22:46:33.594448,16.188766479492188
2026-04-26 22:46:33.793020,2026-04-26 22:46:33.793020,16.221389770507812
2026-04-26 22:46:33.992508,2026-04-26 22:46:33.992508,16.24911880493164
2026-04-26 22:46:34.194387,2026-04-26 22:46:34.194387,16.272687911987305
2026-04-26 22:46:34.395283,2026-04-26 22:46:34.395283,16.292722702026367
2026-04-26 22:46:34.592767,2026-04-26 22:46:34.592767,16.309751510620117
2026-04-26 22:46:34.794917,2026-04-26 22:46:34.794917,16.32422637939453
2026-04-26 22:46:34.996235,2026-04-26 22:46:34.996235,16.336530685424805
2026-04-26 22:46:35.192765,2026-04-26 22:46:35.192765,16.522769927978516
2026-04-26 22:46:35.395126,2026-04-26 22:46:35.395126,16.505290985107422
2026-04-26 22:46:35.592623,2026-04-26 22:46:35.592623,16.490434646606445
2026-04-26 22:46:35.792497,2026-04-26 22:46:35.792497,16.653589248657227
2026-04-26 22:46:35.992425,2026-04-26 22:46:35.992425,16.792268753051758
2026-04-26 22:46:36.193518,2026-04-26 22:46:36.193518,17.085927963256836
2026-04-26 22:46:36.392431,2026-04-26 22:46:36.392431,17.335538864135742
2026-04-26 22:46:36.593553,2026-04-26 22:46:36.593553,17.54770851135254
2026-04-26 22:46:36.792516,2026-04-26 22:46:36.792516,17.728052139282227
2026-04-26 22:46:36.992441,2026-04-26 22:46:36.992441,17.881343841552734
2026-04-26 22:46:37.193368,2026-04-26 22:46:37.193368,18.187423706054688
2026-04-26 22:46:37.393324,2026-04-26 22:46:37.393324,18.44759178161621
2026-04-26 22:46:37.592911,2026-04-26 22:46:37.592911,18.66873359680176
2026-04-26 22:46:37.792601,2026-04-26 22:46:37.792601,18.856704711914062
2026-04-26 22:46:37.994159,2026-04-26 22:46:37.994159,19.192262649536133
2026-04-26 22:46:38.193307,2026-04-26 22:46:38.193307,19.47748565673828
2026-04-26 22:46:38.392604,2026-04-26 22:46:38.392604,19.71992492675781
2026-04-26 22:46:38.592502,2026-04-26 22:46:38.592502,19.92599868774414
2026-04-26 22:46:38.793135,2026-04-26 22:46:38.793135,20.10116195678711
2026-04-26 22:46:38.992471,2026-04-26 22:46:38.992471,20.425830841064453
2026-04-26 22:46:39.192423,2026-04-26 22:46:39.192423,20.701799392700195
2026-04-26 22:46:39.392574,2026-04-26 22:46:39.392574,20.93637466430664
2026-04-26 22:46:39.595846,2026-04-26 22:46:39.595846,21.135761260986328
2026-04-26 22:46:39.792890,2026-04-26 22:46:39.792890,21.30524063110352
2026-04-26 22:46:39.992499,2026-04-26 22:46:39.992499,21.449298858642575
2026-04-26 22:46:40.195398,2026-04-26 22:46:40.195398,21.747528076171875
2026-04-26 22:46:40.392464,2026-04-26 22:46:40.392464,22.00102424621582
2026-04-26 22:46:40.593177,2026-04-26 22:46:40.593177,22.216495513916016
2026-04-26 22:46:40.793006,2026-04-26 22:46:40.793006,22.399646759033203
2026-04-26 22:46:40.993259,2026-04-26 22:46:40.993259,22.55532455444336
2026-04-26 22:46:41.193605,2026-04-26 22:46:41.193605,22.687650680541992
2026-04-26 22:46:41.393824,2026-04-26 22:46:41.393824,22.800128936767575
2026-04-26 22:46:41.594213,2026-04-26 22:46:41.594213,22.895734786987305
2026-04-26 22:46:41.792980,2026-04-26 22:46:41.792980,22.976999282836918
2026-04-26 22:46:41.993059,2026-04-26 22:46:41.993059,23.04607391357422
2026-04-26 22:46:42.192528,2026-04-26 22:46:42.192528,23.10478782653809
2026-04-26 22:46:42.393248,2026-04-26 22:46:42.393248,23.154695510864254
2026-04-26 22:46:42.592719,2026-04-26 22:46:42.592719,23.197114944458008
2026-04-26 22:46:42.793458,2026-04-26 22:46:42.793458,23.233173370361328
2026-04-26 22:46:42.993482,2026-04-26 22:46:42.993482,23.263822555541992
2026-04-26 22:46:43.193804,2026-04-26 22:46:43.193804,23.289873123168945
2026-04-26 22:46:43.392632,2026-04-26 22:46:43.392632,23.3120174407959
2026-04-26 22:46:43.592475,2026-04-26 22:46:43.592475,23.330841064453125
2026-04-26 22:46:43.792670,2026-04-26 22:46:43.792670,23.34683990478516
2026-04-26 22:46:43.992775,2026-04-26 22:46:43.992775,23.36043739318848
2026-04-26 22:46:44.193190,2026-04-26 22:46:44.193190,23.371997833251957
2026-04-26 22:46:44.392951,2026-04-26 22:46:44.392951,23.38182258605957
2026-04-26 22:46:44.593188,2026-04-26 22:46:44.593188,23.390174865722656
2026-04-26 22:46:44.792747,2026-04-26 22:46:44.792747,23.397274017333984
2026-04-26 22:46:44.992316,2026-04-26 22:46:44.992316,23.40330696105957
2026-04-26 22:46:45.192940,2026-04-26 22:46:45.192940,23.408435821533203
2026-04-26 22:46:45.392675,2026-04-26 22:46:45.392675,23.23701477050781
2026-04-26 22:46:45.593105,2026-04-26 22:46:45.593105,23.091306686401367
2026-04-26 22:46:45.793320,2026-04-26 22:46:45.793320,22.967453002929688
2026-04-26 22:46:45.993163,2026-04-26 22:46:45.993163,22.862178802490234
2026-04-26 22:46:46.193032,2026-04-26 22:46:46.193032,22.77269554138184
2026-04-26 22:46:46.393634,2026-04-26 22:46:46.393634,22.69663619995117
2026-04-26 22:46:46.594414,2026-04-26 22:46:46.594414,22.63198471069336
2026-04-26 22:46:46.792529,2026-04-26 22:46:46.792529,22.57703018188477
2026-04-26 22:46:46.994338,2026-04-26 22:46:46.994338,22.530319213867188
2026-04-26 22:46:47.193171,2026-04-26 22:46:47.193171,22.49061584472656
2026-04-26 22:46:47.393260,2026-04-26 22:46:47.393260,22.456867218017575
2026-04-26 22:46:47.592958,2026-04-26 22:46:47.592958,22.42818069458008
2026-04-26 22:46:47.793228,2026-04-26 22:46:47.793228,22.403797149658203
2026-04-26 22:46:47.993281,2026-04-26 22:46:47.993281,22.383071899414062
2026-04-26 22:46:48.193173,2026-04-26 22:46:48.193173,22.365453720092773
2026-04-26 22:46:48.392777,2026-04-26 22:46:48.392777,22.35047912597656
2026-04-26 22:46:48.593016,2026-04-26 22:46:48.593016,22.337751388549805
2026-04-26 22:46:48.793215,2026-04-26 22:46:48.793215,22.32693290710449
2026-04-26 22:46:48.994979,2026-04-26 22:46:48.994979,22.14195442199707
2026-04-26 22:46:49.194453,2026-04-26 22:46:49.194453,21.984724044799805
2026-04-26 22:47:02.292401,2026-04-26 22:47:02.292401,21.851078033447266
2026-04-26 22:47:02.492894,2026-04-26 22:47:02.492894,21.737478256225582
2026-04-26 22:47:02.692457,2026-04-26 22:47:02.692457,21.64092063903809
2026-04-26 22:47:02.893064,2026-04-26 22:47:02.893064,21.5588436126709
2026-04-26 22:47:03.092471,2026-04-26 22:47:03.092471,21.48908042907715
2026-04-26 22:47:03.292620,2026-04-26 22:47:03.292620,21.429780960083008
2026-04-26 22:47:03.493189,2026-04-26 22:47:03.493189,21.379375457763672
2026-04-26 22:47:03.692676,2026-04-26 22:47:03.692676,21.33653259277344
2026-04-26 22:47:03.893095,2026-04-26 22:47:03.893095,21.30011558532715
2026-04-26 22:47:04.092829,2026-04-26 22:47:04.092829,21.2691593170166
2026-04-26 22:47:04.307657,2026-04-26 22:47:04.307657,21.242849349975582
2026-04-26 22:47:04.493032,2026-04-26 22:47:04.493032,21.220483779907227
2026-04-26 22:47:04.693005,2026-04-26 22:47:04.693005,21.201473236083984
2026-04-26 22:47:04.893629,2026-04-26 22:47:04.893629,21.18531608581543
2026-04-26 22:47:05.093176,2026-04-26 22:47:05.093176,21.171581268310547
2026-04-26 22:47:05.293366,2026-04-26 22:47:05.293366,21.1599063873291
2026-04-26 22:47:05.492683,2026-04-26 22:47:05.492683,21.149982452392575
2026-04-26 22:47:05.692493,2026-04-26 22:47:05.692493,21.14154815673828
2026-04-26 22:47:05.893314,2026-04-26 22:47:05.893314,20.95859718322754
2026-04-26 22:47:06.092443,2026-04-26 22:47:06.092443,20.978870391845703
2026-04-26 22:47:06.292484,2026-04-26 22:47:06.292484,20.99610137939453
2026-04-26 22:47:06.492626,2026-04-26 22:47:06.492626,21.01074981689453
2026-04-26 22:47:06.692766,2026-04-26 22:47:06.692766,20.8474178314209
2026-04-26 22:47:06.892468,2026-04-26 22:47:06.892468,20.708585739135746
2026-04-26 22:47:07.092479,2026-04-26 22:47:07.092479,20.590579986572266
2026-04-26 22:47:07.294521,2026-04-26 22:47:07.294521,20.49027442932129
2026-04-26 22:47:07.492591,2026-04-26 22:47:07.492591,20.405014038085938
2026-04-26 22:47:07.694113,2026-04-26 22:47:07.694113,20.332542419433597
2026-04-26 22:47:07.893917,2026-04-26 22:47:07.893917,20.44672393798828
2026-04-26 22:47:08.093302,2026-04-26 22:47:08.093302,20.543777465820312
2026-04-26 22:47:08.295101,2026-04-26 22:47:08.295101,20.62627410888672
2026-04-26 22:47:08.492758,2026-04-26 22:47:08.492758,20.69639587402344
2026-04-26 22:47:08.693096,2026-04-26 22:47:08.693096,20.755998611450195
2026-04-26 22:47:08.892998,2026-04-26 22:47:08.892998,20.80666160583496
2026-04-26 22:47:09.094622,2026-04-26 22:47:09.094622,20.84972381591797
2026-04-26 22:47:09.294415,2026-04-26 22:47:09.294415,20.886327743530277
2026-04-26 22:47:09.494437,2026-04-26 22:47:09.494437,20.917442321777344
2026-04-26 22:47:09.692508,2026-04-26 22:47:09.692508,20.94388771057129
2026-04-26 22:47:09.892566,2026-04-26 22:47:09.892566,20.966367721557617
2026-04-26 22:47:10.093631,2026-04-26 22:47:10.093631,20.985475540161133
2026-04-26 22:47:10.293900,2026-04-26 22:47:10.293900,21.00171661376953
2026-04-26 22:47:10.493942,2026-04-26 22:47:10.493942,21.015520095825195
2026-04-26 22:47:10.692742,2026-04-26 22:47:10.692742,21.02725601196289
2026-04-26 22:47:10.893228,2026-04-26 22:47:10.893228,21.037229537963867
2026-04-26 22:47:11.094690,2026-04-26 22:47:11.094690,21.04570770263672
2026-04-26 22:47:11.294776,2026-04-26 22:47:11.294776,21.052913665771484
2026-04-26 22:47:11.493965,2026-04-26 22:47:11.493965,21.05904006958008
2026-04-26 22:47:11.694903,2026-04-26 22:47:11.694903,21.064245223999023
2026-04-26 22:47:11.894961,2026-04-26 22:47:11.894961,21.06867218017578
2026-04-26 22:47:12.095686,2026-04-26 22:47:12.095686,21.072433471679688
2026-04-26 22:47:12.293757,2026-04-26 22:47:12.293757,21.07563018798828
2026-04-26 22:47:12.494041,2026-04-26 22:47:12.494041,21.07834815979004
2026-04-26 22:47:12.693829,2026-04-26 22:47:12.693829,21.08065795898437
2026-04-26 22:47:12.893790,2026-04-26 22:47:12.893790,21.08262252807617
2026-04-26 22:47:13.094323,2026-04-26 22:47:13.094323,21.084291458129883
2026-04-26 22:47:13.294736,2026-04-26 22:47:13.294736,21.08571052551269
2026-04-26 22:47:13.492904,2026-04-26 22:47:13.492904,21.086915969848636
2026-04-26 22:47:13.692988,2026-04-26 22:47:13.692988,21.08794212341309
2026-04-26 22:47:13.894895,2026-04-26 22:47:13.894895,21.08881187438965
2026-04-26 22:47:14.093596,2026-04-26 22:47:14.093596,21.08955383300781
2026-04-26 22:47:14.293493,2026-04-26 22:47:14.293493,21.09018325805664
2026-04-26 22:47:14.494966,2026-04-26 22:47:14.494966,21.090717315673828
2026-04-26 22:47:14.692500,2026-04-26 22:47:14.692500,21.09117317199707
2026-04-26 22:47:14.896695,2026-04-26 22:47:14.896695,21.0915584564209
2026-04-26 22:47:15.094330,2026-04-26 22:47:15.094330,21.09188842773437
2026-04-26 22:47:15.293018,2026-04-26 22:47:15.293018,21.09216690063477
2026-04-26 22:47:15.492959,2026-04-26 22:47:15.492959,21.092405319213867
2026-04-26 22:47:15.692600,2026-04-26 22:47:15.692600,21.092605590820312
2026-04-26 22:47:15.892506,2026-04-26 22:47:15.892506,21.092777252197266
2026-04-26 22:47:16.092436,2026-04-26 22:47:16.092436,20.917142868041992
2026-04-26 22:47:16.292980,2026-04-26 22:47:16.292980,20.767852783203125
2026-04-26 22:47:16.493581,2026-04-26 22:47:16.493581,20.64095497131348
2026-04-26 22:47:16.693200,2026-04-26 22:47:16.693200,20.53309440612793
2026-04-26 22:47:16.893409,2026-04-26 22:47:16.893409,20.441410064697266
2026-04-26 22:47:17.094197,2026-04-26 22:47:17.094197,20.36347961425781
2026-04-26 22:47:17.295438,2026-04-26 22:47:17.295438,20.121458053588867
2026-04-26 22:47:17.493763,2026-04-26 22:47:17.493763,19.91573905944824
2026-04-26 22:47:17.692858,2026-04-26 22:47:17.692858,19.74087905883789
2026-04-26 22:47:17.893165,2026-04-26 22:47:17.893165,19.592247009277344
2026-04-26 22:47:18.093763,2026-04-26 22:47:18.093763,19.465909957885746
2026-04-26 22:47:18.292701,2026-04-26 22:47:18.292701,19.35852432250977
2026-04-26 22:47:18.492456,2026-04-26 22:47:18.492456,19.267244338989254
2026-04-26 22:47:18.694283,2026-04-26 22:47:18.694283,19.18965721130371
2026-04-26 22:47:18.892616,2026-04-26 22:47:18.892616,19.123708724975582
2026-04-26 22:47:19.103431,2026-04-26 22:47:19.103431,19.06765365600586
2026-04-26 22:47:19.292835,2026-04-26 22:47:19.292835,19.020004272460938
2026-04-26 22:47:19.493177,2026-04-26 22:47:19.493177,18.9795036315918
2026-04-26 22:47:19.692745,2026-04-26 22:47:19.692745,18.769296646118164
2026-04-26 22:47:19.895064,2026-04-26 22:47:19.895064,18.590621948242188
2026-04-26 22:47:20.093791,2026-04-26 22:47:20.093791,18.43874740600586
2026-04-26 22:47:20.293323,2026-04-26 22:47:20.293323,18.309654235839844
2026-04-26 22:47:20.492812,2026-04-26 22:47:20.492812,18.19992446899414
2026-04-26 22:47:20.693320,2026-04-26 22:47:20.693320,18.10665512084961
2026-04-26 22:47:20.892647,2026-04-26 22:47:20.892647,18.027374267578125
2026-04-26 22:47:21.092576,2026-04-26 22:47:21.092576,17.95998764038086
2026-04-26 22:47:21.292699,2026-04-26 22:47:21.292699,17.902708053588867
2026-04-26 22:47:21.494802,2026-04-26 22:47:21.494802,17.854021072387695
2026-04-26 22:47:21.692440,2026-04-26 22:47:21.692440,17.81263542175293
2026-04-26 22:47:21.893959,2026-04-26 22:47:21.893959,17.6016788482666
2026-04-26 22:47:22.093859,2026-04-26 22:47:22.093859,17.42236328125
2026-04-26 22:47:22.298466,2026-04-26 22:47:22.298466,17.269947052001953
2026-04-26 22:47:22.492822,2026-04-26 22:47:22.492822,17.316173553466797
2026-04-26 22:47:22.692981,2026-04-26 22:47:22.692981,17.179685592651367
2026-04-26 22:47:22.892910,2026-04-26 22:47:22.892910,17.239450454711914
2026-04-26 22:47:23.092964,2026-04-26 22:47:23.092964,17.290252685546875
2026-04-26 22:47:23.292650,2026-04-26 22:47:23.292650,17.333433151245117
2026-04-26 22:47:23.493718,2026-04-26 22:47:23.493718,17.370136260986328
2026-04-26 22:47:23.692651,2026-04-26 22:47:23.692651,17.401334762573242
2026-04-26 22:47:23.893561,2026-04-26 22:47:23.893561,17.427854537963867
2026-04-26 22:47:24.093821,2026-04-26 22:47:24.093821,17.450393676757812
2026-04-26 22:47:24.292501,2026-04-26 22:47:24.292501,17.469552993774414
2026-04-26 22:47:24.492566,2026-04-26 22:47:24.492566,17.48583984375
2026-04-26 22:47:24.693312,2026-04-26 22:47:24.693312,17.49968147277832
2026-04-26 22:47:24.892676,2026-04-26 22:47:24.892676,17.51144790649414
2026-04-26 22:47:25.093134,2026-04-26 22:47:25.093134,17.52145004272461
2026-04-26 22:47:25.292492,2026-04-26 22:47:25.292492,17.529951095581055
2026-04-26 22:47:25.492436,2026-04-26 22:47:25.492436,17.53717803955078
2026-04-26 22:47:25.692488,2026-04-26 22:47:25.692488,17.543319702148438
2026-04-26 22:47:25.893637,2026-04-26 22:47:25.893637,17.548540115356445
2026-04-26 22:47:26.093429,2026-04-26 22:47:26.093429,17.552978515625
2026-04-26 22:47:26.293208,2026-04-26 22:47:26.293208,17.73253059387207
2026-04-26 22:47:26.493180,2026-04-26 22:47:26.493180,17.709369659423828
2026-04-26 22:47:26.693379,2026-04-26 22:47:26.693379,17.68968391418457
2026-04-26 22:47:26.892646,2026-04-26 22:47:26.892646,17.672950744628906
2026-04-26 22:47:27.093187,2026-04-26 22:47:27.093187,17.65872573852539
2026-04-26 22:47:27.297237,2026-04-26 22:47:27.297237,17.822416305541992
2026-04-26 22:47:27.493671,2026-04-26 22:47:27.493671,17.96155548095703
2026-04-26 22:47:40.603076,2026-04-26 22:47:40.603076,18.07982063293457
2026-04-26 22:47:40.802833,2026-04-26 22:47:40.802833,18.180347442626957
2026-04-26 22:47:41.004009,2026-04-26 22:47:41.004009,18.090015411376957
2026-04-26 22:47:41.207781,2026-04-26 22:47:41.207781,18.01323127746582
2026-04-26 22:47:41.392536,2026-04-26 22:47:41.392536,17.947965621948242
2026-04-26 22:47:41.596317,2026-04-26 22:47:41.596317,17.892488479614258
2026-04-26 22:47:41.805649,2026-04-26 22:47:41.805649,17.845335006713867
2026-04-26 22:47:42.004456,2026-04-26 22:47:42.004456,17.805253982543945
2026-04-26 22:47:42.203623,2026-04-26 22:47:42.203623,17.771183013916016
2026-04-26 22:47:42.404457,2026-04-26 22:47:42.404457,17.742225646972656
2026-04-26 22:47:42.605383,2026-04-26 22:47:42.605383,17.717609405517578
2026-04-26 22:47:42.802755,2026-04-26 22:47:42.802755,17.696687698364258
2026-04-26 22:47:43.004788,2026-04-26 22:47:43.004788,17.678903579711914
2026-04-26 22:47:43.203130,2026-04-26 22:47:43.203130,17.663785934448242
2026-04-26 22:47:43.392522,2026-04-26 22:47:43.392522,17.650938034057617
2026-04-26 22:47:43.604730,2026-04-26 22:47:43.604730,17.6400146484375
2026-04-26 22:47:43.803325,2026-04-26 22:47:43.803325,17.6307315826416
2026-04-26 22:47:44.003353,2026-04-26 22:47:44.003353,17.622840881347656
2026-04-26 22:47:44.206898,2026-04-26 22:47:44.206898,17.440351486206055
2026-04-26 22:47:44.395356,2026-04-26 22:47:44.395356,17.285236358642578
2026-04-26 22:47:44.602862,2026-04-26 22:47:44.602862,17.15338897705078
2026-04-26 22:47:44.803199,2026-04-26 22:47:44.803199,17.041318893432617
2026-04-26 22:47:45.006388,2026-04-26 22:47:45.006388,16.94605827331543
2026-04-26 22:47:45.203211,2026-04-26 22:47:45.203211,16.689306259155273
2026-04-26 22:47:45.403130,2026-04-26 22:47:45.403130,16.471065521240234
2026-04-26 22:47:45.592857,2026-04-26 22:47:45.592857,16.28556251525879
2026-04-26 22:47:45.805714,2026-04-26 22:47:45.805714,15.952102661132812
2026-04-26 22:47:46.005038,2026-04-26 22:47:46.005038,15.668662071228027
2026-04-26 22:47:46.205651,2026-04-26 22:47:46.205651,15.427738189697266
2026-04-26 22:47:46.394285,2026-04-26 22:47:46.394285,15.222951889038086
2026-04-26 22:47:46.604373,2026-04-26 22:47:46.604373,15.048884391784668
2026-04-26 22:47:46.805132,2026-04-26 22:47:46.805132,14.90092658996582
2026-04-26 22:47:47.005466,2026-04-26 22:47:47.005466,14.77516269683838
2026-04-26 22:47:47.205295,2026-04-26 22:47:47.205295,14.49248218536377
2026-04-26 22:47:47.404099,2026-04-26 22:47:47.404099,14.252203941345217
2026-04-26 22:47:47.592762,2026-04-26 22:47:47.592762,14.047966957092283
2026-04-26 22:47:47.802942,2026-04-26 22:47:47.802942,13.87436580657959
2026-04-26 22:47:48.003378,2026-04-26 22:47:48.003378,13.726804733276367
2026-04-26 22:47:48.204164,2026-04-26 22:47:48.204164,13.425596237182615
2026-04-26 22:47:48.404031,2026-04-26 22:47:48.404031,13.16956901550293
2026-04-26 22:47:48.603809,2026-04-26 22:47:48.603809,12.951946258544922
2026-04-26 22:47:48.804091,2026-04-26 22:47:48.804091,12.766966819763184
2026-04-26 22:47:49.005967,2026-04-26 22:47:49.005967,12.609734535217283
2026-04-26 22:47:49.202407,2026-04-26 22:47:49.202407,12.476086616516112
2026-04-26 22:47:49.402421,2026-04-26 22:47:49.402421,12.186704635620115
2026-04-26 22:47:49.603519,2026-04-26 22:47:49.603519,11.940730094909668
2026-04-26 22:47:49.803022,2026-04-26 22:47:49.803022,11.73165225982666
2026-04-26 22:47:50.003502,2026-04-26 22:47:50.003502,11.553936004638672
2026-04-26 22:47:50.202332,2026-04-26 22:47:50.202332,11.402876853942873
2026-04-26 22:47:50.402548,2026-04-26 22:47:50.402548,11.274476051330566
2026-04-26 22:47:50.603137,2026-04-26 22:47:50.603137,11.165335655212402
2026-04-26 22:47:50.805275,2026-04-26 22:47:50.805275,11.072566986083984
2026-04-26 22:47:51.006134,2026-04-26 22:47:51.006134,10.99371337890625
2026-04-26 22:47:51.202428,2026-04-26 22:47:51.202428,10.926687240600586
2026-04-26 22:47:51.403377,2026-04-26 22:47:51.403377,10.869715690612791
2026-04-26 22:47:51.602360,2026-04-26 22:47:51.602360,10.8212890625
2026-04-26 22:47:51.803073,2026-04-26 22:47:51.803073,10.78012752532959
2026-04-26 22:47:52.002726,2026-04-26 22:47:52.002726,10.745139122009276
2026-04-26 22:47:52.202327,2026-04-26 22:47:52.202327,10.715399742126465
2026-04-26 22:47:52.403449,2026-04-26 22:47:52.403449,10.690120697021484
2026-04-26 22:47:52.602682,2026-04-26 22:47:52.602682,10.668634414672852
2026-04-26 22:47:52.802608,2026-04-26 22:47:52.802608,10.826151847839355
2026-04-26 22:47:53.006698,2026-04-26 22:47:53.006698,10.960041046142578
2026-04-26 22:47:53.202617,2026-04-26 22:47:53.202617,11.073847770690918
2026-04-26 22:47:53.402290,2026-04-26 22:47:53.402290,11.34636402130127
2026-04-26 22:47:53.603600,2026-04-26 22:47:53.603600,11.4022216796875
2026-04-26 22:47:53.802616,2026-04-26 22:47:53.802616,11.625482559204102
2026-04-26 22:47:54.002409,2026-04-26 22:47:54.002409,11.81525421142578
2026-04-26 22:47:54.202826,2026-04-26 22:47:54.202826,12.15234088897705
2026-04-26 22:47:54.404221,2026-04-26 22:47:54.404221,12.263083457946776
2026-04-26 22:47:54.602549,2026-04-26 22:47:54.602549,12.35721492767334
2026-04-26 22:47:54.803514,2026-04-26 22:47:54.803514,12.437226295471191
2026-04-26 22:47:55.002948,2026-04-26 22:47:55.002948,12.50523567199707
2026-04-26 22:47:55.203052,2026-04-26 22:47:55.203052,12.738825798034668
2026-04-26 22:47:55.402594,2026-04-26 22:47:55.402594,12.937376976013184
2026-04-26 22:47:55.603226,2026-04-26 22:47:55.603226,13.106144905090332
2026-04-26 22:47:55.803198,2026-04-26 22:47:55.803198,13.425379753112791
2026-04-26 22:47:56.002863,2026-04-26 22:47:56.002863,13.696728706359863
2026-04-26 22:47:56.202611,2026-04-26 22:47:56.202611,14.103157043457031
2026-04-26 22:47:56.402592,2026-04-26 22:47:56.402592,14.448620796203612
2026-04-26 22:47:56.602408,2026-04-26 22:47:56.602408,14.742265701293944
2026-04-26 22:47:56.805537,2026-04-26 22:47:56.805537,14.991863250732422
2026-04-26 22:47:57.002912,2026-04-26 22:47:57.002912,15.204021453857422
2026-04-26 22:47:57.202409,2026-04-26 22:47:57.202409,15.384355545043944
2026-04-26 22:47:57.403136,2026-04-26 22:47:57.403136,15.361858367919922
2026-04-26 22:47:57.602508,2026-04-26 22:47:57.602508,15.51851749420166
2026-04-26 22:47:57.802714,2026-04-26 22:47:57.802714,15.651677131652832
2026-04-26 22:47:58.004850,2026-04-26 22:47:58.004850,15.589081764221191
2026-04-26 22:47:58.202782,2026-04-26 22:47:58.202782,15.18431282043457
2026-04-26 22:47:58.402355,2026-04-26 22:47:58.402355,15.191822052001951
2026-04-26 22:47:58.602642,2026-04-26 22:47:58.602642,15.37398624420166
2026-04-26 22:47:58.803218,2026-04-26 22:47:58.803218,15.353044509887695
2026-04-26 22:47:59.003425,2026-04-26 22:47:59.003425,15.335244178771973
2026-04-26 22:47:59.202571,2026-04-26 22:47:59.202571,15.495895385742188
2026-04-26 22:47:59.402487,2026-04-26 22:47:59.402487,15.632448196411133
2026-04-26 22:47:59.602876,2026-04-26 22:47:59.602876,15.74851894378662
2026-04-26 22:47:59.804197,2026-04-26 22:47:59.804197,15.67139720916748
2026-04-26 22:48:00.005267,2026-04-26 22:48:00.005267,15.605843544006348
2026-04-26 22:48:00.202420,2026-04-26 22:48:00.202420,15.72590446472168
2026-04-26 22:48:00.402469,2026-04-26 22:48:00.402469,15.827956199645996
2026-04-26 22:48:00.602352,2026-04-26 22:48:00.602352,15.914700508117676
2026-04-26 22:48:00.802583,2026-04-26 22:48:00.802583,15.988432884216309
2026-04-26 22:48:01.002363,2026-04-26 22:48:01.002363,16.051105499267578
2026-04-26 22:48:01.204845,2026-04-26 22:48:01.204845,16.10437774658203
2026-04-26 22:48:01.402595,2026-04-26 22:48:01.402595,16.149658203125
2026-04-26 22:48:01.602871,2026-04-26 22:48:01.602871,16.188146591186523
2026-04-26 22:48:01.803774,2026-04-26 22:48:01.803774,16.045080184936523
2026-04-26 22:48:02.004448,2026-04-26 22:48:02.004448,15.92347526550293
2026-04-26 22:48:02.202799,2026-04-26 22:48:02.202799,17.929485321044922
2026-04-26 22:48:02.404300,2026-04-26 22:48:02.404300,19.634593963623047
2026-04-26 22:48:02.604445,2026-04-26 22:48:02.604445,18.97456169128418
2026-04-26 22:48:02.803673,2026-04-26 22:48:02.803673,20.52290725708008
2026-04-26 22:48:03.003282,2026-04-26 22:48:03.003282,21.83900260925293
2026-04-26 22:48:03.202578,2026-04-26 22:48:03.202578,22.957683563232425
2026-04-26 22:48:03.403112,2026-04-26 22:48:03.403112,23.90856170654297
2026-04-26 22:48:03.605597,2026-04-26 22:48:03.605597,24.71681022644043
2026-04-26 22:48:03.806474,2026-04-26 22:48:03.806474,25.4038200378418
2026-04-26 22:48:04.005372,2026-04-26 22:48:04.005372,25.987777709960938
2026-04-26 22:48:04.203611,2026-04-26 22:48:04.203611,26.4841423034668
2026-04-26 22:48:04.405275,2026-04-26 22:48:04.405275,26.906051635742188
2026-04-26 22:48:04.604388,2026-04-26 22:48:04.604388,27.26467514038086
2026-04-26 22:48:04.804307,2026-04-26 22:48:04.804307,27.56950569152832
2026-04-26 22:48:05.004505,2026-04-26 22:48:05.004505,27.828611373901367
2026-04-26 22:48:05.204264,2026-04-26 22:48:05.204264,28.048851013183597
2026-04-26 22:48:05.402520,2026-04-26 22:48:05.402520,28.236053466796875
2026-04-26 22:48:05.604036,2026-04-26 22:48:05.604036,28.395177841186523
2026-04-26 22:48:05.803776,2026-04-26 22:48:05.803776,28.530431747436523
2026-04-26 22:48:18.904193,2026-04-26 22:48:18.904193,28.64539909362793
2026-04-26 22:48:19.104004,2026-04-26 22:48:19.104004,28.743120193481445
2026-04-26 22:48:19.303819,2026-04-26 22:48:19.303819,28.8261833190918
2026-04-26 22:48:19.505592,2026-04-26 22:48:19.505592,28.896787643432617
2026-04-26 22:48:19.702624,2026-04-26 22:48:19.702624,28.95680046081543
2026-04-26 22:48:19.903327,2026-04-26 22:48:19.903327,29.007810592651367
2026-04-26 22:48:20.103044,2026-04-26 22:48:20.103044,29.051170349121094
2026-04-26 22:48:20.302790,2026-04-26 22:48:20.302790,29.08802604675293
2026-04-26 22:48:20.503352,2026-04-26 22:48:20.503352,29.119354248046875
2026-04-26 22:48:20.703819,2026-04-26 22:48:20.703819,29.14598274230957
2026-04-26 22:48:20.905337,2026-04-26 22:48:20.905337,28.992834091186523
2026-04-26 22:48:21.104415,2026-04-26 22:48:21.104415,28.862659454345703
2026-04-26 22:48:21.303656,2026-04-26 22:48:21.303656,28.927791595458984
2026-04-26 22:48:21.503683,2026-04-26 22:48:21.503683,28.983154296875
2026-04-26 22:48:21.703014,2026-04-26 22:48:21.703014,29.03021240234375
2026-04-26 22:48:21.903793,2026-04-26 22:48:21.903793,29.07021141052246
2026-04-26 22:48:22.103307,2026-04-26 22:48:22.103307,29.104211807250977
2026-04-26 22:48:22.306049,2026-04-26 22:48:22.306049,29.13311004638672
2026-04-26 22:48:22.506892,2026-04-26 22:48:22.506892,29.15767478942871
2026-04-26 22:48:22.705026,2026-04-26 22:48:22.705026,29.17855453491211
2026-04-26 22:48:22.903039,2026-04-26 22:48:22.903039,29.19630241394043
2026-04-26 22:48:23.104432,2026-04-26 22:48:23.104432,29.211389541625977
2026-04-26 22:48:23.303745,2026-04-26 22:48:23.303745,29.22421264648437
2026-04-26 22:48:23.504948,2026-04-26 22:48:23.504948,29.235111236572266
2026-04-26 22:48:23.706250,2026-04-26 22:48:23.706250,26.60765647888184
2026-04-26 22:48:23.906229,2026-04-26 22:48:23.906229,24.37432098388672
2026-04-26 22:48:24.105658,2026-04-26 22:48:24.105658,22.300203323364254
2026-04-26 22:48:24.306194,2026-04-26 22:48:24.306194,20.71298599243164
2026-04-26 22:48:24.507488,2026-04-26 22:48:24.507488,19.36385154724121
2026-04-26 22:48:24.705205,2026-04-26 22:48:24.705205,18.041303634643555
2026-04-26 22:48:24.903836,2026-04-26 22:48:24.903836,17.092920303344727
2026-04-26 22:48:25.104659,2026-04-26 22:48:25.104659,16.286794662475586
2026-04-26 22:48:25.304547,2026-04-26 22:48:25.304547,15.601588249206545
2026-04-26 22:48:25.504445,2026-04-26 22:48:25.504445,15.019163131713867
2026-04-26 22:48:25.703647,2026-04-26 22:48:25.703647,14.52410125732422
2026-04-26 22:48:25.904371,2026-04-26 22:48:25.904371,13.92751693725586
2026-04-26 22:48:26.104946,2026-04-26 22:48:26.104946,13.42042064666748
2026-04-26 22:48:26.305995,2026-04-26 22:48:26.305995,12.989388465881348
2026-04-26 22:48:26.507881,2026-04-26 22:48:26.507881,12.623011589050291
2026-04-26 22:48:26.704448,2026-04-26 22:48:26.704448,12.135809898376465
2026-04-26 22:48:26.905907,2026-04-26 22:48:26.905907,11.721688270568848
2026-04-26 22:48:27.104938,2026-04-26 22:48:27.104938,11.545466423034668
2026-04-26 22:48:27.302960,2026-04-26 22:48:27.302960,11.21989631652832
2026-04-26 22:48:27.503678,2026-04-26 22:48:27.503678,10.943161964416504
2026-04-26 22:48:27.703071,2026-04-26 22:48:27.703071,10.707938194274902
2026-04-26 22:48:27.904521,2026-04-26 22:48:27.904521,10.507997512817385
2026-04-26 22:48:28.104871,2026-04-26 22:48:28.104871,10.338047981262209
2026-04-26 22:48:28.305012,2026-04-26 22:48:28.305012,10.19359016418457
2026-04-26 22:48:28.503016,2026-04-26 22:48:28.503016,10.070801734924316
2026-04-26 22:48:28.705003,2026-04-26 22:48:28.705003,9.966431617736816
2026-04-26 22:48:28.902709,2026-04-26 22:48:28.902709,9.87771701812744
2026-04-26 22:48:29.103867,2026-04-26 22:48:29.103867,9.626527786254885
2026-04-26 22:48:29.303464,2026-04-26 22:48:29.303464,9.58879852294922
2026-04-26 22:48:29.502554,2026-04-26 22:48:29.502554,9.380948066711426
2026-04-26 22:48:29.703110,2026-04-26 22:48:29.703110,9.20427417755127
2026-04-26 22:48:29.903608,2026-04-26 22:48:29.903608,9.054101943969728
2026-04-26 22:48:30.102348,2026-04-26 22:48:30.102348,8.9264554977417
2026-04-26 22:48:30.303718,2026-04-26 22:48:30.303718,8.81795597076416
2026-04-26 22:48:30.503773,2026-04-26 22:48:30.503773,8.901512145996094
2026-04-26 22:48:30.703583,2026-04-26 22:48:30.703583,8.796753883361816
2026-04-26 22:48:30.903623,2026-04-26 22:48:30.903623,8.883491516113281
2026-04-26 22:48:31.103173,2026-04-26 22:48:31.103173,8.9572172164917
2026-04-26 22:48:31.304749,2026-04-26 22:48:31.304749,9.019885063171388
2026-04-26 22:48:31.502510,2026-04-26 22:48:31.502510,9.073152542114258
2026-04-26 22:48:31.702718,2026-04-26 22:48:31.702718,9.11842918395996
2026-04-26 22:48:31.904417,2026-04-26 22:48:31.904417,9.156914710998535
2026-04-26 22:48:32.107508,2026-04-26 22:48:32.107508,9.189627647399902
2026-04-26 22:48:32.302679,2026-04-26 22:48:32.302679,9.21743392944336
2026-04-26 22:48:32.502594,2026-04-26 22:48:32.502594,9.241068840026855
2026-04-26 22:48:32.703038,2026-04-26 22:48:32.703038,9.261157989501951
2026-04-26 22:48:32.902448,2026-04-26 22:48:32.902448,9.102453231811523
2026-04-26 22:48:33.102337,2026-04-26 22:48:33.102337,8.967554092407227
2026-04-26 22:48:33.302674,2026-04-26 22:48:33.302674,8.852890014648438
2026-04-26 22:48:33.504084,2026-04-26 22:48:33.504084,8.931205749511719
2026-04-26 22:48:33.702632,2026-04-26 22:48:33.702632,11.986056327819824
2026-04-26 22:48:33.903220,2026-04-26 22:48:33.903220,14.582679748535156
2026-04-26 22:48:34.105516,2026-04-26 22:48:34.105516,13.80152702331543
2026-04-26 22:48:34.304647,2026-04-26 22:48:34.304647,16.125829696655273
2026-04-26 22:48:34.503330,2026-04-26 22:48:34.503330,18.101486206054688
2026-04-26 22:48:34.704812,2026-04-26 22:48:34.704812,19.78079414367676
2026-04-26 22:48:34.903852,2026-04-26 22:48:34.903852,21.20820617675781
2026-04-26 22:48:35.103365,2026-04-26 22:48:35.103365,22.421506881713867
2026-04-26 22:48:35.302575,2026-04-26 22:48:35.302575,23.45281219482422
2026-04-26 22:48:35.502528,2026-04-26 22:48:35.502528,24.329421997070312
2026-04-26 22:48:35.703118,2026-04-26 22:48:35.703118,24.898757934570312
2026-04-26 22:48:35.902464,2026-04-26 22:48:35.902464,25.38269424438477
2026-04-26 22:48:36.102697,2026-04-26 22:48:36.102697,25.61825942993164
2026-04-26 22:48:36.303497,2026-04-26 22:48:36.303497,25.64270782470703
2026-04-26 22:48:36.504194,2026-04-26 22:48:36.504194,25.663488388061523
2026-04-26 22:48:36.703635,2026-04-26 22:48:36.703635,25.68115234375
2026-04-26 22:48:36.902658,2026-04-26 22:48:36.902658,25.6961669921875
2026-04-26 22:48:37.103680,2026-04-26 22:48:37.103680,25.70893096923828
2026-04-26 22:48:37.303571,2026-04-26 22:48:37.303571,25.71977806091309
2026-04-26 22:48:37.502398,2026-04-26 22:48:37.502398,25.5532169342041
2026-04-26 22:48:37.704288,2026-04-26 22:48:37.704288,25.58742332458496
2026-04-26 22:48:37.902421,2026-04-26 22:48:37.902421,25.44071578979492
2026-04-26 22:48:38.103219,2026-04-26 22:48:38.103219,25.316015243530277
2026-04-26 22:48:38.304196,2026-04-26 22:48:38.304196,25.210018157958984
2026-04-26 22:48:38.502338,2026-04-26 22:48:38.502338,25.119922637939453
2026-04-26 22:48:38.702963,2026-04-26 22:48:38.702963,25.0433406829834
2026-04-26 22:48:38.903060,2026-04-26 22:48:38.903060,24.97824478149414
2026-04-26 22:48:39.102671,2026-04-26 22:48:39.102671,24.922914505004883
2026-04-26 22:48:39.302251,2026-04-26 22:48:39.302251,24.875883102416992
2026-04-26 22:48:39.502452,2026-04-26 22:48:39.502452,24.660125732421875
2026-04-26 22:48:39.702869,2026-04-26 22:48:39.702869,24.47673225402832
2026-04-26 22:48:39.904111,2026-04-26 22:48:39.904111,24.320846557617188
2026-04-26 22:48:40.103239,2026-04-26 22:48:40.103239,24.188344955444336
2026-04-26 22:48:40.304385,2026-04-26 22:48:40.304385,24.07571792602539
2026-04-26 22:48:40.502982,2026-04-26 22:48:40.502982,23.9799861907959
2026-04-26 22:48:40.702344,2026-04-26 22:48:40.702344,23.89861297607422
2026-04-26 22:48:40.902436,2026-04-26 22:48:40.902436,23.82944679260254
2026-04-26 22:48:41.105056,2026-04-26 22:48:41.105056,23.770654678344727
2026-04-26 22:48:41.302728,2026-04-26 22:48:41.302728,23.720680236816406
2026-04-26 22:48:41.503585,2026-04-26 22:48:41.503585,23.678203582763672
2026-04-26 22:48:41.702853,2026-04-26 22:48:41.702853,23.64209747314453
2026-04-26 22:48:41.903584,2026-04-26 22:48:41.903584,23.435626983642575
2026-04-26 22:48:42.107057,2026-04-26 22:48:42.107057,23.2601261138916
2026-04-26 22:48:42.303706,2026-04-26 22:48:42.303706,23.110952377319336
2026-04-26 22:48:42.502961,2026-04-26 22:48:42.502961,22.98415184020996
2026-04-26 22:48:42.703198,2026-04-26 22:48:42.703198,22.876373291015625
2026-04-26 22:48:42.903173,2026-04-26 22:48:42.903173,22.784761428833008
2026-04-26 22:48:43.102892,2026-04-26 22:48:43.102892,22.70689010620117
2026-04-26 22:48:43.305046,2026-04-26 22:48:43.305046,22.640701293945312
2026-04-26 22:48:43.505012,2026-04-26 22:48:43.505012,22.58444023132324
2026-04-26 22:48:43.704007,2026-04-26 22:48:43.704007,22.53661727905273
2026-04-26 22:48:43.903651,2026-04-26 22:48:43.903651,22.495967864990234
2026-04-26 22:48:44.102415,2026-04-26 22:48:44.102415,22.46141624450684
2026-04-26 22:48:57.203799,2026-04-26 22:48:57.203799,22.432048797607425
2026-04-26 22:48:57.403645,2026-04-26 22:48:57.403645,22.40708541870117
2026-04-26 22:48:57.602774,2026-04-26 22:48:57.602774,22.385866165161133
2026-04-26 22:48:57.803082,2026-04-26 22:48:57.803082,22.367830276489254
2026-04-26 22:48:58.003077,2026-04-26 22:48:58.003077,22.35249900817871
2026-04-26 22:48:58.203955,2026-04-26 22:48:58.203955,22.339468002319336
2026-04-26 22:48:58.403350,2026-04-26 22:48:58.403350,22.152610778808597
2026-04-26 22:48:58.603770,2026-04-26 22:48:58.603770,21.99378204345703
2026-04-26 22:48:58.803572,2026-04-26 22:48:58.803572,21.507213592529297
2026-04-26 22:48:59.004692,2026-04-26 22:48:59.004692,21.09363174438477
2026-04-26 22:48:59.205379,2026-04-26 22:48:59.205379,20.74208641052246
2026-04-26 22:48:59.403960,2026-04-26 22:48:59.403960,20.443273544311523
2026-04-26 22:48:59.606922,2026-04-26 22:48:59.606922,20.36506462097168
2026-04-26 22:48:59.803024,2026-04-26 22:48:59.803024,20.298585891723636
2026-04-26 22:49:00.003190,2026-04-26 22:49:00.003190,20.24207878112793
2026-04-26 22:49:00.209910,2026-04-26 22:49:00.209910,20.194047927856445
2026-04-26 22:49:00.405087,2026-04-26 22:49:00.405087,20.153223037719727
2026-04-26 22:49:00.603686,2026-04-26 22:49:00.603686,20.118520736694336
2026-04-26 22:49:00.802458,2026-04-26 22:49:00.802458,20.26480484008789
2026-04-26 22:49:01.002599,2026-04-26 22:49:01.002599,20.38914680480957
2026-04-26 22:49:01.202541,2026-04-26 22:49:01.202541,20.319055557250977
2026-04-26 22:49:01.402939,2026-04-26 22:49:01.402939,20.25947952270508
2026-04-26 22:49:01.603987,2026-04-26 22:49:01.603987,20.208837509155277
2026-04-26 22:49:01.802494,2026-04-26 22:49:01.802494,20.165794372558597
2026-04-26 22:49:02.003493,2026-04-26 22:49:02.003493,20.12920570373535
2026-04-26 22:49:02.203154,2026-04-26 22:49:02.203154,20.098106384277344
2026-04-26 22:49:02.402443,2026-04-26 22:49:02.402443,20.071672439575195
2026-04-26 22:49:02.604257,2026-04-26 22:49:02.604257,20.04920196533203
2026-04-26 22:49:02.803792,2026-04-26 22:49:02.803792,20.03010368347168
2026-04-26 22:49:03.003223,2026-04-26 22:49:03.003223,20.01386833190918
2026-04-26 22:49:03.204207,2026-04-26 22:49:03.204207,20.00007057189941
2026-04-26 22:49:03.403825,2026-04-26 22:49:03.403825,19.988340377807617
2026-04-26 22:49:03.603194,2026-04-26 22:49:03.603194,19.978370666503903
2026-04-26 22:49:03.802706,2026-04-26 22:49:03.802706,19.96989631652832
2026-04-26 22:49:04.003328,2026-04-26 22:49:04.003328,19.962692260742188
2026-04-26 22:49:04.202979,2026-04-26 22:49:04.202979,19.95656967163086
2026-04-26 22:49:04.403727,2026-04-26 22:49:04.403727,19.775585174560547
2026-04-26 22:49:04.603304,2026-04-26 22:49:04.603304,19.62174797058105
2026-04-26 22:49:04.805038,2026-04-26 22:49:04.805038,19.490985870361328
2026-04-26 22:49:05.004047,2026-04-26 22:49:05.004047,19.37983703613281
2026-04-26 22:49:05.204625,2026-04-26 22:49:05.204625,19.285362243652344
2026-04-26 22:49:05.404707,2026-04-26 22:49:05.404707,19.20505714416504
2026-04-26 22:49:05.603939,2026-04-26 22:49:05.603939,19.312580108642575
2026-04-26 22:49:05.804687,2026-04-26 22:49:05.804687,19.22819328308105
2026-04-26 22:49:06.004937,2026-04-26 22:49:06.004937,19.156463623046875
2026-04-26 22:49:06.207597,2026-04-26 22:49:06.207597,19.095495223999023
2026-04-26 22:49:06.404680,2026-04-26 22:49:06.404680,19.043670654296875
2026-04-26 22:49:06.603862,2026-04-26 22:49:06.603862,18.82383918762207
2026-04-26 22:49:06.803726,2026-04-26 22:49:06.803726,18.285419464111328
2026-04-26 22:49:07.004016,2026-04-26 22:49:07.004016,17.651981353759766
2026-04-26 22:49:07.204669,2026-04-26 22:49:07.204669,17.11355972290039
2026-04-26 22:49:07.402647,2026-04-26 22:49:07.402647,16.480119705200195
2026-04-26 22:49:07.603359,2026-04-26 22:49:07.603359,15.941695213317873
2026-04-26 22:49:07.803044,2026-04-26 22:49:07.803044,15.484034538269045
2026-04-26 22:49:08.003279,2026-04-26 22:49:08.003279,14.919241905212402
2026-04-26 22:49:08.204871,2026-04-26 22:49:08.204871,14.439167976379396
2026-04-26 22:49:08.402511,2026-04-26 22:49:08.402511,14.031105041503906
2026-04-26 22:49:08.602643,2026-04-26 22:49:08.602643,13.68425178527832
2026-04-26 22:49:08.802511,2026-04-26 22:49:08.802511,13.389426231384276
2026-04-26 22:49:09.002904,2026-04-26 22:49:09.002904,13.13882541656494
2026-04-26 22:49:09.203180,2026-04-26 22:49:09.203180,12.925813674926758
2026-04-26 22:49:09.402681,2026-04-26 22:49:09.402681,12.74475383758545
2026-04-26 22:49:09.602511,2026-04-26 22:49:09.602511,12.590853691101074
2026-04-26 22:49:09.803435,2026-04-26 22:49:09.803435,12.460038185119627
2026-04-26 22:49:10.003315,2026-04-26 22:49:10.003315,12.348844528198242
2026-04-26 22:49:10.203026,2026-04-26 22:49:10.203026,12.0785493850708
2026-04-26 22:49:10.404399,2026-04-26 22:49:10.404399,12.024579048156738
2026-04-26 22:49:10.602757,2026-04-26 22:49:10.602757,11.978705406188965
2026-04-26 22:49:10.803356,2026-04-26 22:49:10.803356,11.939711570739746
2026-04-26 22:49:11.002759,2026-04-26 22:49:11.002759,11.906567573547363
2026-04-26 22:49:11.203794,2026-04-26 22:49:11.203794,11.878395080566406
2026-04-26 22:49:11.402585,2026-04-26 22:49:11.402585,11.854448318481444
2026-04-26 22:49:11.605248,2026-04-26 22:49:11.605248,13.76768684387207
2026-04-26 22:49:11.802748,2026-04-26 22:49:11.802748,15.569721221923828
2026-04-26 22:49:12.002395,2026-04-26 22:49:12.002395,17.101449966430664
2026-04-26 22:49:12.202831,2026-04-26 22:49:12.202831,18.40342140197754
2026-04-26 22:49:12.402664,2026-04-26 22:49:12.402664,19.51009559631348
2026-04-26 22:49:12.602766,2026-04-26 22:49:12.602766,20.450767517089844
2026-04-26 22:49:12.802362,2026-04-26 22:49:12.802362,21.250341415405277
2026-04-26 22:49:13.009600,2026-04-26 22:49:13.009600,21.929977416992188
2026-04-26 22:49:13.203079,2026-04-26 22:49:13.203079,22.507667541503903
2026-04-26 22:49:13.403319,2026-04-26 22:49:13.403319,20.18620491027832
2026-04-26 22:49:13.603859,2026-04-26 22:49:13.603859,18.21296119689941
2026-04-26 22:49:13.802777,2026-04-26 22:49:13.802777,19.52398681640625
2026-04-26 22:49:14.004241,2026-04-26 22:49:14.004241,17.650075912475586
2026-04-26 22:49:14.203697,2026-04-26 22:49:14.203697,16.057252883911133
2026-04-26 22:49:14.404475,2026-04-26 22:49:14.404475,14.703351974487305
2026-04-26 22:49:14.602583,2026-04-26 22:49:14.602583,13.552536964416504
2026-04-26 22:49:14.803199,2026-04-26 22:49:14.803199,12.57434368133545
2026-04-26 22:49:15.004017,2026-04-26 22:49:15.004017,11.742879867553713
2026-04-26 22:49:15.202796,2026-04-26 22:49:15.202796,11.036134719848633
2026-04-26 22:49:15.403993,2026-04-26 22:49:15.403993,10.435401916503906
2026-04-26 22:49:15.602501,2026-04-26 22:49:15.602501,9.924779891967772
2026-04-26 22:49:15.802589,2026-04-26 22:49:15.802589,9.666531562805176
2026-04-26 22:49:16.002548,2026-04-26 22:49:16.002548,9.447020530700684
2026-04-26 22:49:16.203147,2026-04-26 22:49:16.203147,9.084654808044434
2026-04-26 22:49:16.402619,2026-04-26 22:49:16.402619,8.952425003051758
2026-04-26 22:49:16.602454,2026-04-26 22:49:16.602454,8.840030670166016
2026-04-26 22:49:16.803307,2026-04-26 22:49:16.803307,8.744494438171387
2026-04-26 22:49:17.003259,2026-04-26 22:49:17.003259,8.487507820129395
2026-04-26 22:49:17.203078,2026-04-26 22:49:17.203078,8.269068717956543
2026-04-26 22:49:17.402558,2026-04-26 22:49:17.402558,8.083395957946777
2026-04-26 22:49:17.602511,2026-04-26 22:49:17.602511,8.10135555267334
2026-04-26 22:49:17.802916,2026-04-26 22:49:17.802916,8.116621017456055
2026-04-26 22:49:18.003123,2026-04-26 22:49:18.003123,8.129596710205078
2026-04-26 22:49:18.202364,2026-04-26 22:49:18.202364,8.140625953674316
2026-04-26 22:49:18.403137,2026-04-26 22:49:18.403137,8.15000057220459
2026-04-26 22:49:18.603360,2026-04-26 22:49:18.603360,8.15796947479248
2026-04-26 22:49:18.804307,2026-04-26 22:49:18.804307,8.164742469787598
2026-04-26 22:49:19.003242,2026-04-26 22:49:19.003242,8.346281051635742
2026-04-26 22:49:19.203269,2026-04-26 22:49:19.203269,8.324808120727539
2026-04-26 22:49:19.402675,2026-04-26 22:49:19.402675,8.30655574798584
2026-04-26 22:49:19.604104,2026-04-26 22:49:19.604104,8.466821670532227
2026-04-26 22:49:19.803911,2026-04-26 22:49:19.803911,8.603048324584961
2026-04-26 22:49:20.003451,2026-04-26 22:49:20.003451,8.543060302734375
2026-04-26 22:49:20.202596,2026-04-26 22:49:20.202596,8.667851448059082
2026-04-26 22:49:20.403060,2026-04-26 22:49:20.403060,8.773923873901367
2026-04-26 22:49:20.602978,2026-04-26 22:49:20.602978,8.86408519744873
2026-04-26 22:49:20.803271,2026-04-26 22:49:20.803271,8.940722465515137
2026-04-26 22:49:21.003360,2026-04-26 22:49:21.003360,9.005864143371582
2026-04-26 22:49:21.203915,2026-04-26 22:49:21.203915,9.061234474182127
2026-04-26 22:49:21.403677,2026-04-26 22:49:21.403677,9.108299255371094
2026-04-26 22:49:21.602858,2026-04-26 22:49:21.602858,8.972522735595703
2026-04-26 22:49:21.804132,2026-04-26 22:49:21.804132,9.032894134521484
2026-04-26 22:49:22.003329,2026-04-26 22:49:22.003329,9.084210395812988
2026-04-26 22:49:22.204565,2026-04-26 22:49:22.204565,9.12782859802246
2026-04-26 22:49:22.403394,2026-04-26 22:49:22.403394,9.164904594421388
2026-04-26 22:49:35.503028,2026-04-26 22:49:35.503028,9.196418762207031
2026-04-26 22:49:35.702924,2026-04-26 22:49:35.702924,9.39898681640625
2026-04-26 22:49:35.903624,2026-04-26 22:49:35.903624,12.383670806884766
2026-04-26 22:49:36.104188,2026-04-26 22:49:36.104188,14.92065143585205
2026-04-26 22:49:36.303287,2026-04-26 22:49:36.303287,14.0888032913208
2026-04-26 22:49:36.508187,2026-04-26 22:49:36.508187,13.381732940673828
2026-04-26 22:49:36.703338,2026-04-26 22:49:36.703338,12.780722618103027
2026-04-26 22:49:36.904004,2026-04-26 22:49:36.904004,12.269864082336426
2026-04-26 22:49:37.103849,2026-04-26 22:49:37.103849,14.8239164352417
2026-04-26 22:49:37.305628,2026-04-26 22:49:37.305628,16.99485969543457
2026-04-26 22:49:37.503438,2026-04-26 22:49:37.503438,18.84016227722168
2026-04-26 22:49:37.703099,2026-04-26 22:49:37.703099,20.408668518066406
2026-04-26 22:49:37.902601,2026-04-26 22:49:37.902601,21.741899490356445
2026-04-26 22:49:38.103641,2026-04-26 22:49:38.103641,22.875146865844727
2026-04-26 22:49:38.303162,2026-04-26 22:49:38.303162,23.83840560913086
2026-04-26 22:49:38.502665,2026-04-26 22:49:38.502665,24.657175064086918
2026-04-26 22:49:38.703235,2026-04-26 22:49:38.703235,25.35313034057617
2026-04-26 22:49:38.902333,2026-04-26 22:49:38.902333,25.944692611694336
2026-04-26 22:49:39.103283,2026-04-26 22:49:39.103283,26.447519302368164
2026-04-26 22:49:39.302514,2026-04-26 22:49:39.302514,26.874923706054688
2026-04-26 22:49:39.503066,2026-04-26 22:49:39.503066,27.238216400146484
2026-04-26 22:49:39.703173,2026-04-26 22:49:39.703173,27.547014236450195
2026-04-26 22:49:39.902593,2026-04-26 22:49:39.902593,27.809494018554688
2026-04-26 22:49:40.104578,2026-04-26 22:49:40.104578,28.03260040283203
2026-04-26 22:49:40.302620,2026-04-26 22:49:40.302620,28.22224235534668
2026-04-26 22:49:40.505226,2026-04-26 22:49:40.505226,28.38343620300293
2026-04-26 22:49:40.702729,2026-04-26 22:49:40.702729,28.52045249938965
2026-04-26 22:49:40.902809,2026-04-26 22:49:40.902809,28.63691520690918
2026-04-26 22:49:41.102684,2026-04-26 22:49:41.102684,28.73591041564941
2026-04-26 22:49:41.302452,2026-04-26 22:49:41.302452,28.82005500793457
2026-04-26 22:49:41.503033,2026-04-26 22:49:41.503033,28.891576766967773
2026-04-26 22:49:41.703107,2026-04-26 22:49:41.703107,28.95237159729004
2026-04-26 22:49:41.902716,2026-04-26 22:49:41.902716,29.004047393798828
2026-04-26 22:49:42.103782,2026-04-26 22:49:42.103782,29.047971725463867
2026-04-26 22:49:42.303203,2026-04-26 22:49:42.303203,29.08530807495117
2026-04-26 22:49:42.505970,2026-04-26 22:49:42.505970,29.117042541503903
2026-04-26 22:49:42.703190,2026-04-26 22:49:42.703190,29.144018173217773
2026-04-26 22:49:42.903358,2026-04-26 22:49:42.903358,29.16694641113281
2026-04-26 22:49:43.104015,2026-04-26 22:49:43.104015,29.18643569946289
2026-04-26 22:49:43.305887,2026-04-26 22:49:43.305887,29.203001022338867
2026-04-26 22:49:43.504814,2026-04-26 22:49:43.504814,29.21708297729492
2026-04-26 22:49:43.702964,2026-04-26 22:49:43.702964,29.22905158996582
2026-04-26 22:49:43.903443,2026-04-26 22:49:43.903443,29.23922538757324
2026-04-26 22:49:44.103321,2026-04-26 22:49:44.103321,29.24787139892578
2026-04-26 22:49:44.304335,2026-04-26 22:49:44.304335,29.25522232055664
2026-04-26 22:49:44.505032,2026-04-26 22:49:44.505032,29.26147079467773
2026-04-26 22:49:44.703683,2026-04-26 22:49:44.703683,29.266780853271484
2026-04-26 22:49:44.905091,2026-04-26 22:49:44.905091,29.27129554748535
2026-04-26 22:49:45.104445,2026-04-26 22:49:45.104445,29.27513313293457
2026-04-26 22:49:45.303756,2026-04-26 22:49:45.303756,29.278392791748047
2026-04-26 22:49:45.504367,2026-04-26 22:49:45.504367,29.10538482666016
2026-04-26 22:49:45.705683,2026-04-26 22:49:45.705683,28.95832633972168
2026-04-26 22:49:45.904946,2026-04-26 22:49:45.904946,28.833328247070312
2026-04-26 22:49:46.103123,2026-04-26 22:49:46.103123,28.72707939147949
2026-04-26 22:49:46.304277,2026-04-26 22:49:46.304277,28.63676643371582
2026-04-26 22:49:46.503622,2026-04-26 22:49:46.503622,28.560001373291016
2026-04-26 22:49:46.704540,2026-04-26 22:49:46.704540,28.4947509765625
2026-04-26 22:49:46.903074,2026-04-26 22:49:46.903074,28.439289093017575
2026-04-26 22:49:47.103486,2026-04-26 22:49:47.103486,28.39214515686035
2026-04-26 22:49:47.302722,2026-04-26 22:49:47.302722,28.352073669433597
2026-04-26 22:49:47.507447,2026-04-26 22:49:47.507447,28.318012237548828
2026-04-26 22:49:47.703837,2026-04-26 22:49:47.703837,28.289060592651367
2026-04-26 22:49:47.903342,2026-04-26 22:49:47.903342,28.26445198059082
2026-04-26 22:49:48.102376,2026-04-26 22:49:48.102376,28.24353408813477
2026-04-26 22:49:48.302899,2026-04-26 22:49:48.302899,28.049972534179688
2026-04-26 22:49:48.504260,2026-04-26 22:49:48.504260,27.88544464111328
2026-04-26 22:49:48.703327,2026-04-26 22:49:48.703327,27.74559783935547
2026-04-26 22:49:48.902548,2026-04-26 22:49:48.902548,27.62672615051269
2026-04-26 22:49:49.105823,2026-04-26 22:49:49.105823,27.52568626403809
2026-04-26 22:49:49.303249,2026-04-26 22:49:49.303249,27.439802169799805
2026-04-26 22:49:49.505021,2026-04-26 22:49:49.505021,27.36680030822754
2026-04-26 22:49:49.704574,2026-04-26 22:49:49.704574,27.30474853515625
2026-04-26 22:49:49.903459,2026-04-26 22:49:49.903459,27.25200462341309
2026-04-26 22:49:50.102468,2026-04-26 22:49:50.102468,27.20717430114746
2026-04-26 22:49:50.302756,2026-04-26 22:49:50.302756,27.169065475463867
2026-04-26 22:49:50.502513,2026-04-26 22:49:50.502513,27.136674880981445
2026-04-26 22:49:50.704122,2026-04-26 22:49:50.704122,27.1091423034668
2026-04-26 22:49:50.904352,2026-04-26 22:49:50.904352,27.085739135742188
2026-04-26 22:49:51.102555,2026-04-26 22:49:51.102555,26.890066146850582
2026-04-26 22:49:51.303257,2026-04-26 22:49:51.303257,26.899524688720703
2026-04-26 22:49:51.502898,2026-04-26 22:49:51.502898,26.73178482055664
2026-04-26 22:49:51.702513,2026-04-26 22:49:51.702513,26.58920288085937
2026-04-26 22:49:51.902797,2026-04-26 22:49:51.902797,26.46800994873047
2026-04-26 22:49:52.104470,2026-04-26 22:49:52.104470,26.3649959564209
2026-04-26 22:49:52.303989,2026-04-26 22:49:52.303989,26.27743530273437
2026-04-26 22:49:52.502679,2026-04-26 22:49:52.502679,26.20300674438477
2026-04-26 22:49:52.705462,2026-04-26 22:49:52.705462,26.13974380493164
2026-04-26 22:49:52.903181,2026-04-26 22:49:52.903181,26.08596992492676
2026-04-26 22:49:53.102516,2026-04-26 22:49:53.102516,26.04026222229004
2026-04-26 22:49:53.302402,2026-04-26 22:49:53.302402,26.00140953063965
2026-04-26 22:49:53.502599,2026-04-26 22:49:53.502599,25.968385696411133
2026-04-26 22:49:53.702950,2026-04-26 22:49:53.702950,25.94031524658203
2026-04-26 22:49:53.902528,2026-04-26 22:49:53.902528,25.91645622253418
2026-04-26 22:49:54.103252,2026-04-26 22:49:54.103252,25.896175384521484
2026-04-26 22:49:54.302532,2026-04-26 22:49:54.302532,25.878936767578125
2026-04-26 22:49:54.502763,2026-04-26 22:49:54.502763,25.864282608032227
2026-04-26 22:49:54.702411,2026-04-26 22:49:54.702411,25.85182762145996
2026-04-26 22:49:54.902965,2026-04-26 22:49:54.902965,25.84124183654785
2026-04-26 22:49:55.102974,2026-04-26 22:49:55.102974,25.83224296569824
2026-04-26 22:49:55.302528,2026-04-26 22:49:55.302528,25.824594497680664
2026-04-26 22:49:55.503205,2026-04-26 22:49:55.503205,25.818092346191406
2026-04-26 22:49:55.702818,2026-04-26 22:49:55.702818,25.81256675720215
2026-04-26 22:49:55.903120,2026-04-26 22:49:55.903120,25.80786895751953
2026-04-26 22:49:56.102977,2026-04-26 22:49:56.102977,25.803874969482425
2026-04-26 22:49:56.302398,2026-04-26 22:49:56.302398,25.80048179626465
2026-04-26 22:49:56.506114,2026-04-26 22:49:56.506114,25.79759788513184
2026-04-26 22:49:56.703078,2026-04-26 22:49:56.703078,25.79514503479004
2026-04-26 22:49:56.902573,2026-04-26 22:49:56.902573,25.79306030273437
2026-04-26 22:49:57.104379,2026-04-26 22:49:57.104379,25.79128837585449
2026-04-26 22:49:57.302575,2026-04-26 22:49:57.302575,25.789783477783203
2026-04-26 22:49:57.503541,2026-04-26 22:49:57.503541,25.788503646850582
2026-04-26 22:49:57.702509,2026-04-26 22:49:57.702509,25.96319580078125
2026-04-26 22:49:57.903470,2026-04-26 22:49:57.903470,26.11168670654297
2026-04-26 22:49:58.103422,2026-04-26 22:49:58.103422,26.23790168762207
2026-04-26 22:49:58.303093,2026-04-26 22:49:58.303093,26.345184326171875
2026-04-26 22:49:58.503256,2026-04-26 22:49:58.503256,26.436376571655277
2026-04-26 22:49:58.702699,2026-04-26 22:49:58.702699,26.51388931274414
2026-04-26 22:49:58.902741,2026-04-26 22:49:58.902741,26.579774856567383
2026-04-26 22:49:59.104564,2026-04-26 22:49:59.104564,26.63577651977539
2026-04-26 22:49:59.303129,2026-04-26 22:49:59.303129,26.68337821960449
2026-04-26 22:49:59.503938,2026-04-26 22:49:59.503938,26.723840713500977
2026-04-26 22:49:59.703611,2026-04-26 22:49:59.703611,26.75823402404785
2026-04-26 22:49:59.904671,2026-04-26 22:49:59.904671,26.78746795654297
2026-04-26 22:50:00.104050,2026-04-26 22:50:00.104050,26.812314987182617
2026-04-26 22:50:00.304869,2026-04-26 22:50:00.304869,26.833436965942383
2026-04-26 22:50:00.503996,2026-04-26 22:50:00.503996,26.851390838623047
2026-04-26 22:50:00.703645,2026-04-26 22:50:00.703645,26.866649627685547
2026-04-26 22:50:13.802749,2026-04-26 22:50:13.802749,26.879621505737305
2026-04-26 22:50:14.002877,2026-04-26 22:50:14.002877,26.714866638183597
2026-04-26 22:50:14.203476,2026-04-26 22:50:14.203476,26.5748233795166
2026-04-26 22:50:14.405260,2026-04-26 22:50:14.405260,26.455787658691406
2026-04-26 22:50:14.604203,2026-04-26 22:50:14.604203,26.35460662841797
2026-04-26 22:50:14.809994,2026-04-26 22:50:14.809994,26.268604278564453
2026-04-26 22:50:15.003235,2026-04-26 22:50:15.003235,26.195499420166016
2026-04-26 22:50:15.205186,2026-04-26 22:50:15.205186,25.957582473754883
2026-04-26 22:50:15.403533,2026-04-26 22:50:15.403533,25.75535011291504
2026-04-26 22:50:15.603707,2026-04-26 22:50:15.603707,25.58345413208008
2026-04-26 22:50:15.803164,2026-04-26 22:50:15.803164,25.43734169006348
2026-04-26 22:50:16.003327,2026-04-26 22:50:16.003327,25.313146591186523
2026-04-26 22:50:16.203496,2026-04-26 22:50:16.203496,25.20758056640625
2026-04-26 22:50:16.403765,2026-04-26 22:50:16.403765,25.11785125732422
2026-04-26 22:50:16.604623,2026-04-26 22:50:16.604623,25.04157829284668
2026-04-26 22:50:16.803822,2026-04-26 22:50:16.803822,24.800968170166016
2026-04-26 22:50:17.002429,2026-04-26 22:50:17.002429,24.5964469909668
2026-04-26 22:50:17.203093,2026-04-26 22:50:17.203093,24.422605514526367
2026-04-26 22:50:17.402755,2026-04-26 22:50:17.402755,24.27483940124512
2026-04-26 22:50:17.602557,2026-04-26 22:50:17.602557,24.14923858642578
2026-04-26 22:50:17.804298,2026-04-26 22:50:17.804298,24.042478561401367
2026-04-26 22:50:18.002934,2026-04-26 22:50:18.002934,23.95173072814941
2026-04-26 22:50:18.203687,2026-04-26 22:50:18.203687,23.874595642089844
2026-04-26 22:50:18.403699,2026-04-26 22:50:18.403699,23.809032440185547
2026-04-26 22:50:18.603783,2026-04-26 22:50:18.603783,23.7533016204834
2026-04-26 22:50:18.802608,2026-04-26 22:50:18.802608,23.7059326171875
2026-04-26 22:50:19.004040,2026-04-26 22:50:19.004040,23.665666580200195
2026-04-26 22:50:19.203537,2026-04-26 22:50:19.203537,23.631441116333008
2026-04-26 22:50:19.402951,2026-04-26 22:50:19.402951,23.42656898498535
2026-04-26 22:50:19.602546,2026-04-26 22:50:19.602546,23.25242805480957
2026-04-26 22:50:19.803435,2026-04-26 22:50:19.803435,23.10440826416016
2026-04-26 22:50:20.003568,2026-04-26 22:50:20.003568,22.97859001159668
2026-04-26 22:50:20.203620,2026-04-26 22:50:20.203620,22.871644973754883
2026-04-26 22:50:20.402548,2026-04-26 22:50:20.402548,22.780742645263672
2026-04-26 22:50:20.603335,2026-04-26 22:50:20.603335,22.703474044799805
2026-04-26 22:50:20.803210,2026-04-26 22:50:20.803210,22.63779640197754
2026-04-26 22:50:21.004736,2026-04-26 22:50:21.004736,22.406190872192383
2026-04-26 22:50:21.202670,2026-04-26 22:50:21.202670,22.38510513305664
2026-04-26 22:50:21.402614,2026-04-26 22:50:21.402614,22.36718368530273
2026-04-26 22:50:21.603321,2026-04-26 22:50:21.603321,22.35194969177246
2026-04-26 22:50:21.806148,2026-04-26 22:50:21.806148,22.339000701904297
2026-04-26 22:50:22.003970,2026-04-26 22:50:22.003970,22.32799530029297
2026-04-26 22:50:22.203851,2026-04-26 22:50:22.203851,22.318639755249023
2026-04-26 22:50:22.402941,2026-04-26 22:50:22.402941,22.310686111450195
2026-04-26 22:50:22.602851,2026-04-26 22:50:22.602851,22.30392837524414
2026-04-26 22:50:22.803334,2026-04-26 22:50:22.803334,22.29818153381348
2026-04-26 22:50:23.002864,2026-04-26 22:50:23.002864,22.29329872131348
2026-04-26 22:50:23.203227,2026-04-26 22:50:23.203227,22.28914833068848
2026-04-26 22:50:23.404865,2026-04-26 22:50:23.404865,22.285619735717773
2026-04-26 22:50:23.602744,2026-04-26 22:50:23.602744,22.28261947631836
2026-04-26 22:50:23.803547,2026-04-26 22:50:23.803547,22.28007125854492
2026-04-26 22:50:24.003070,2026-04-26 22:50:24.003070,22.277904510498047
2026-04-26 22:50:24.203098,2026-04-26 22:50:24.203098,22.27606201171875
2026-04-26 22:50:24.403793,2026-04-26 22:50:24.403793,22.27449607849121
2026-04-26 22:50:24.605747,2026-04-26 22:50:24.605747,22.27316665649414
2026-04-26 22:50:24.803805,2026-04-26 22:50:24.803805,22.272035598754883
2026-04-26 22:50:25.005358,2026-04-26 22:50:25.005358,22.446853637695312
2026-04-26 22:50:25.205536,2026-04-26 22:50:25.205536,22.41967010498047
2026-04-26 22:50:25.404227,2026-04-26 22:50:25.404227,22.396562576293945
2026-04-26 22:50:25.604493,2026-04-26 22:50:25.604493,22.376922607421875
2026-04-26 22:50:25.802779,2026-04-26 22:50:25.802779,22.360227584838867
2026-04-26 22:50:26.002618,2026-04-26 22:50:26.002618,22.346036911010746
2026-04-26 22:50:26.202780,2026-04-26 22:50:26.202780,22.33397483825684
2026-04-26 22:50:26.402446,2026-04-26 22:50:26.402446,22.32372283935547
2026-04-26 22:50:26.603025,2026-04-26 22:50:26.603025,22.31500816345215
2026-04-26 22:50:26.804860,2026-04-26 22:50:26.804860,22.307600021362305
2026-04-26 22:50:27.003283,2026-04-26 22:50:27.003283,22.30130386352539
2026-04-26 22:50:27.205177,2026-04-26 22:50:27.205177,22.47173309326172
2026-04-26 22:50:27.405176,2026-04-26 22:50:27.405176,22.44081687927246
2026-04-26 22:50:27.602916,2026-04-26 22:50:27.602916,22.414539337158203
2026-04-26 22:50:27.804085,2026-04-26 22:50:27.804085,22.392202377319336
2026-04-26 22:50:28.002811,2026-04-26 22:50:28.002811,22.373214721679688
2026-04-26 22:50:28.204316,2026-04-26 22:50:28.204316,22.35707664489746
2026-04-26 22:50:28.402783,2026-04-26 22:50:28.402783,22.343358993530277
2026-04-26 22:50:28.603561,2026-04-26 22:50:28.603561,22.33169937133789
2026-04-26 22:50:28.803546,2026-04-26 22:50:28.803546,22.321786880493164
2026-04-26 22:50:29.004271,2026-04-26 22:50:29.004271,22.313364028930664
2026-04-26 22:50:29.204430,2026-04-26 22:50:29.204430,22.306201934814453
2026-04-26 22:50:29.402435,2026-04-26 22:50:29.402435,22.30011558532715
2026-04-26 22:50:29.603985,2026-04-26 22:50:29.603985,22.29494285583496
2026-04-26 22:50:29.802611,2026-04-26 22:50:29.802611,22.29054450988769
2026-04-26 22:50:30.003471,2026-04-26 22:50:30.003471,22.286806106567383
2026-04-26 22:50:30.202579,2026-04-26 22:50:30.202579,22.28363037109375
2026-04-26 22:50:30.403171,2026-04-26 22:50:30.403171,22.105148315429688
2026-04-26 22:50:30.602575,2026-04-26 22:50:30.602575,21.95343780517578
2026-04-26 22:50:30.802546,2026-04-26 22:50:30.802546,21.82448387145996
2026-04-26 22:50:31.003510,2026-04-26 22:50:31.003510,21.714874267578125
2026-04-26 22:50:31.202601,2026-04-26 22:50:31.202601,21.621706008911133
2026-04-26 22:50:31.403812,2026-04-26 22:50:31.403812,21.54251289367676
2026-04-26 22:50:31.605531,2026-04-26 22:50:31.605531,21.47519874572754
2026-04-26 22:50:31.804283,2026-04-26 22:50:31.804283,21.4179801940918
2026-04-26 22:50:32.002903,2026-04-26 22:50:32.002903,21.369346618652344
2026-04-26 22:50:32.202812,2026-04-26 22:50:32.202812,21.32800674438477
2026-04-26 22:50:32.402584,2026-04-26 22:50:32.402584,21.29286766052246
2026-04-26 22:50:32.603168,2026-04-26 22:50:32.603168,21.26300048828125
2026-04-26 22:50:32.802451,2026-04-26 22:50:32.802451,21.23761367797852
2026-04-26 22:50:33.003641,2026-04-26 22:50:33.003641,21.216033935546875
2026-04-26 22:50:33.203464,2026-04-26 22:50:33.203464,21.19769096374512
2026-04-26 22:50:33.403645,2026-04-26 22:50:33.403645,21.006319046020508
2026-04-26 22:50:33.605566,2026-04-26 22:50:33.605566,20.843652725219727
2026-04-26 22:50:33.803298,2026-04-26 22:50:33.803298,20.705385208129883
2026-04-26 22:50:34.004313,2026-04-26 22:50:34.004313,20.58785820007324
2026-04-26 22:50:34.203146,2026-04-26 22:50:34.203146,20.487960815429688
2026-04-26 22:50:34.402643,2026-04-26 22:50:34.402643,20.403047561645508
2026-04-26 22:50:34.603171,2026-04-26 22:50:34.603171,20.33087158203125
2026-04-26 22:50:34.802918,2026-04-26 22:50:34.802918,20.44530487060547
2026-04-26 22:50:35.003114,2026-04-26 22:50:35.003114,20.542570114135746
2026-04-26 22:50:35.202614,2026-04-26 22:50:35.202614,20.625247955322266
2026-04-26 22:50:35.402468,2026-04-26 22:50:35.402468,20.69552230834961
2026-04-26 22:50:35.602523,2026-04-26 22:50:35.602523,20.75525665283203
2026-04-26 22:50:35.802363,2026-04-26 22:50:35.802363,20.8060302734375
2026-04-26 22:50:36.002617,2026-04-26 22:50:36.002617,20.84918975830078
2026-04-26 22:50:36.202719,2026-04-26 22:50:36.202719,20.885873794555664
2026-04-26 22:50:36.403024,2026-04-26 22:50:36.403024,20.917055130004883
2026-04-26 22:50:36.603133,2026-04-26 22:50:36.603133,20.943559646606445
2026-04-26 22:50:36.802756,2026-04-26 22:50:36.802756,20.790306091308597
2026-04-26 22:50:37.002753,2026-04-26 22:50:37.002753,20.66004180908203
2026-04-26 22:50:37.202458,2026-04-26 22:50:37.202458,20.72509765625
2026-04-26 22:50:37.402938,2026-04-26 22:50:37.402938,20.7803955078125
2026-04-26 22:50:37.602543,2026-04-26 22:50:37.602543,20.8273983001709
2026-04-26 22:50:37.802706,2026-04-26 22:50:37.802706,20.867351531982425
2026-04-26 22:50:38.003007,2026-04-26 22:50:38.003007,20.90131187438965
2026-04-26 22:50:38.203303,2026-04-26 22:50:38.203303,20.930177688598636
2026-04-26 22:50:38.402557,2026-04-26 22:50:38.402557,20.954713821411133
2026-04-26 22:50:38.602976,2026-04-26 22:50:38.602976,20.975568771362305
2026-04-26 22:50:38.803070,2026-04-26 22:50:38.803070,20.993295669555664
2026-04-26 22:50:39.002586,2026-04-26 22:50:39.002586,21.008363723754883
2026-04-26 22:50:52.105615,2026-04-26 22:50:52.105615,21.02117156982422
2026-04-26 22:50:52.303842,2026-04-26 22:50:52.303842,21.032058715820312
2026-04-26 22:50:52.504621,2026-04-26 22:50:52.504621,20.86553192138672
2026-04-26 22:50:52.703546,2026-04-26 22:50:52.703546,20.723981857299805
2026-04-26 22:50:52.905003,2026-04-26 22:50:52.905003,20.779447555541992
2026-04-26 22:50:53.105960,2026-04-26 22:50:53.105960,21.00237464904785
2026-04-26 22:50:53.303241,2026-04-26 22:50:53.303241,21.36764335632324
2026-04-26 22:50:53.503528,2026-04-26 22:50:53.503528,21.67812156677246
2026-04-26 22:50:53.703822,2026-04-26 22:50:53.703822,21.942028045654297
2026-04-26 22:50:53.903727,2026-04-26 22:50:53.903727,22.166349411010746
2026-04-26 22:50:54.104041,2026-04-26 22:50:54.104041,22.53280258178711
2026-04-26 22:50:54.306245,2026-04-26 22:50:54.306245,22.84428977966309
2026-04-26 22:50:54.503548,2026-04-26 22:50:54.503548,23.10905265808105
2026-04-26 22:50:54.708579,2026-04-26 22:50:54.708579,23.3341007232666
2026-04-26 22:50:54.903625,2026-04-26 22:50:54.903625,23.525390625
2026-04-26 22:50:55.104172,2026-04-26 22:50:55.104172,23.68798828125
2026-04-26 22:50:55.303968,2026-04-26 22:50:55.303968,23.826196670532227
2026-04-26 22:50:55.503369,2026-04-26 22:50:55.503369,24.11945533752441
2026-04-26 22:50:55.702412,2026-04-26 22:50:55.702412,24.368724822998047
2026-04-26 22:50:55.903473,2026-04-26 22:50:55.903473,24.580602645874023
2026-04-26 22:50:56.102471,2026-04-26 22:50:56.102471,24.76070022583008
2026-04-26 22:50:56.303045,2026-04-26 22:50:56.303045,24.913782119750977
2026-04-26 22:50:56.502512,2026-04-26 22:50:56.502512,25.04390335083008
2026-04-26 22:50:56.703484,2026-04-26 22:50:56.703484,25.154504776000977
2026-04-26 22:50:56.902924,2026-04-26 22:50:56.902924,25.248516082763672
2026-04-26 22:50:57.102501,2026-04-26 22:50:57.102501,25.328426361083984
2026-04-26 22:50:57.302534,2026-04-26 22:50:57.302534,25.396350860595703
2026-04-26 22:50:57.502409,2026-04-26 22:50:57.502409,25.454084396362305
2026-04-26 22:50:57.704312,2026-04-26 22:50:57.704312,25.50316047668457
2026-04-26 22:50:57.903368,2026-04-26 22:50:57.903368,25.54487419128418
2026-04-26 22:50:58.103105,2026-04-26 22:50:58.103105,25.58032989501953
2026-04-26 22:50:58.302523,2026-04-26 22:50:58.302523,25.6104679107666
2026-04-26 22:50:58.502846,2026-04-26 22:50:58.502846,25.636085510253903
2026-04-26 22:50:58.704225,2026-04-26 22:50:58.704225,25.657859802246094
2026-04-26 22:50:58.903223,2026-04-26 22:50:58.903223,25.676368713378903
2026-04-26 22:50:59.102867,2026-04-26 22:50:59.102867,25.867881774902344
2026-04-26 22:50:59.302381,2026-04-26 22:50:59.302381,25.854887008666992
2026-04-26 22:50:59.502949,2026-04-26 22:50:59.502949,26.01962280273437
2026-04-26 22:50:59.702348,2026-04-26 22:50:59.702348,25.983867645263672
2026-04-26 22:50:59.903876,2026-04-26 22:50:59.903876,25.953474044799805
2026-04-26 22:51:00.102345,2026-04-26 22:51:00.102345,25.927640914916992
2026-04-26 22:51:00.302598,2026-04-26 22:51:00.302598,25.905681610107425
2026-04-26 22:51:00.502789,2026-04-26 22:51:00.502789,26.06279945373535
2026-04-26 22:51:00.702362,2026-04-26 22:51:00.702362,26.196348190307617
2026-04-26 22:51:00.903279,2026-04-26 22:51:00.903279,26.134082794189453
2026-04-26 22:51:01.104338,2026-04-26 22:51:01.104338,26.08115768432617
2026-04-26 22:51:01.302908,2026-04-26 22:51:01.302908,26.036170959472656
2026-04-26 22:51:01.503092,2026-04-26 22:51:01.503092,25.997934341430664
2026-04-26 22:51:01.702903,2026-04-26 22:51:01.702903,26.141212463378903
2026-04-26 22:51:01.906940,2026-04-26 22:51:01.906940,26.262998580932617
2026-04-26 22:51:02.102556,2026-04-26 22:51:02.102556,26.366518020629883
2026-04-26 22:51:02.307985,2026-04-26 22:51:02.307985,26.454509735107425
2026-04-26 22:51:02.502626,2026-04-26 22:51:02.502626,26.529300689697266
2026-04-26 22:51:02.704080,2026-04-26 22:51:02.704080,26.59287452697754
2026-04-26 22:51:02.905578,2026-04-26 22:51:02.905578,26.82269287109375
2026-04-26 22:51:03.104002,2026-04-26 22:51:03.104002,27.01803970336914
2026-04-26 22:51:03.303668,2026-04-26 22:51:03.303668,27.184083938598636
2026-04-26 22:51:03.502741,2026-04-26 22:51:03.502741,27.14944076538086
2026-04-26 22:51:03.702634,2026-04-26 22:51:03.702634,24.307493209838867
2026-04-26 22:51:03.904962,2026-04-26 22:51:03.904962,24.70433807373047
2026-04-26 22:51:04.103560,2026-04-26 22:51:04.103560,22.229156494140625
2026-04-26 22:51:04.302530,2026-04-26 22:51:04.302530,20.12525177001953
2026-04-26 22:51:04.504125,2026-04-26 22:51:04.504125,21.32521247863769
2026-04-26 22:51:04.702992,2026-04-26 22:51:04.702992,22.16939926147461
2026-04-26 22:51:04.905132,2026-04-26 22:51:04.905132,23.06274032592773
2026-04-26 22:51:05.103205,2026-04-26 22:51:05.103205,23.646297454833984
2026-04-26 22:51:05.303985,2026-04-26 22:51:05.303985,21.505603790283203
2026-04-26 22:51:05.505007,2026-04-26 22:51:05.505007,19.686012268066406
2026-04-26 22:51:05.703675,2026-04-26 22:51:05.703675,18.139360427856445
2026-04-26 22:51:05.906510,2026-04-26 22:51:05.906510,16.82470703125
2026-04-26 22:51:06.105915,2026-04-26 22:51:06.105915,15.707250595092772
2026-04-26 22:51:06.303970,2026-04-26 22:51:06.303970,14.757412910461426
2026-04-26 22:51:06.504149,2026-04-26 22:51:06.504149,13.950051307678224
2026-04-26 22:51:06.703907,2026-04-26 22:51:06.703907,13.263792991638184
2026-04-26 22:51:06.903367,2026-04-26 22:51:06.903367,12.680474281311035
2026-04-26 22:51:07.105756,2026-04-26 22:51:07.105756,12.184653282165527
2026-04-26 22:51:07.304516,2026-04-26 22:51:07.304516,11.763205528259276
2026-04-26 22:51:07.503967,2026-04-26 22:51:07.503967,11.404974937438965
2026-04-26 22:51:07.703531,2026-04-26 22:51:07.703531,11.100478172302246
2026-04-26 22:51:07.904397,2026-04-26 22:51:07.904397,10.841656684875488
2026-04-26 22:51:08.105499,2026-04-26 22:51:08.105499,10.621658325195312
2026-04-26 22:51:08.303753,2026-04-26 22:51:08.303753,10.434659004211426
2026-04-26 22:51:08.503875,2026-04-26 22:51:08.503875,10.275710105895996
2026-04-26 22:51:08.702400,2026-04-26 22:51:08.702400,10.14060401916504
2026-04-26 22:51:08.903024,2026-04-26 22:51:08.903024,10.025763511657717
2026-04-26 22:51:09.104805,2026-04-26 22:51:09.104805,9.928149223327637
2026-04-26 22:51:09.303966,2026-04-26 22:51:09.303966,9.845176696777344
2026-04-26 22:51:09.504423,2026-04-26 22:51:09.504423,9.774649620056152
2026-04-26 22:51:09.702410,2026-04-26 22:51:09.702410,9.714702606201172
2026-04-26 22:51:09.903937,2026-04-26 22:51:09.903937,9.66374683380127
2026-04-26 22:51:10.103922,2026-04-26 22:51:10.103922,9.620434761047363
2026-04-26 22:51:10.303493,2026-04-26 22:51:10.303493,9.583620071411133
2026-04-26 22:51:10.503846,2026-04-26 22:51:10.503846,9.376545906066896
2026-04-26 22:51:10.704992,2026-04-26 22:51:10.704992,9.200532913208008
2026-04-26 22:51:10.902521,2026-04-26 22:51:10.902521,9.050921440124512
2026-04-26 22:51:11.102527,2026-04-26 22:51:11.102527,8.923751831054688
2026-04-26 22:51:11.304558,2026-04-26 22:51:11.304558,8.815657615661621
2026-04-26 22:51:11.503337,2026-04-26 22:51:11.503337,8.723777770996094
2026-04-26 22:51:11.702887,2026-04-26 22:51:11.702887,8.64568042755127
2026-04-26 22:51:11.903489,2026-04-26 22:51:11.903489,8.579297065734863
2026-04-26 22:51:12.104229,2026-04-26 22:51:12.104229,8.347089767456055
2026-04-26 22:51:12.303271,2026-04-26 22:51:12.303271,8.149713516235352
2026-04-26 22:51:12.502849,2026-04-26 22:51:12.502849,7.98194408416748
2026-04-26 22:51:12.703026,2026-04-26 22:51:12.703026,7.8393402099609375
2026-04-26 22:51:12.905091,2026-04-26 22:51:12.905091,7.718126773834228
2026-04-26 22:51:13.106307,2026-04-26 22:51:13.106307,7.615095138549805
2026-04-26 22:51:13.302432,2026-04-26 22:51:13.302432,7.527518272399902
2026-04-26 22:51:13.503549,2026-04-26 22:51:13.503549,7.453078269958496
2026-04-26 22:51:13.703036,2026-04-26 22:51:13.703036,7.389803886413574
2026-04-26 22:51:13.902845,2026-04-26 22:51:13.902845,7.336020946502685
2026-04-26 22:51:14.102422,2026-04-26 22:51:14.102422,7.290305137634277
2026-04-26 22:51:14.302969,2026-04-26 22:51:14.302969,7.427227973937988
2026-04-26 22:51:14.505466,2026-04-26 22:51:14.505466,7.543612480163574
2026-04-26 22:51:14.702785,2026-04-26 22:51:14.702785,7.6425395011901855
2026-04-26 22:51:14.903188,2026-04-26 22:51:14.903188,7.726627349853516
2026-04-26 22:51:15.102870,2026-04-26 22:51:15.102870,7.798101902008057
2026-04-26 22:51:15.302780,2026-04-26 22:51:15.302780,7.858855247497559
2026-04-26 22:51:15.503185,2026-04-26 22:51:15.503185,7.910495758056641
2026-04-26 22:51:15.702436,2026-04-26 22:51:15.702436,7.954390048980713
2026-04-26 22:51:15.902633,2026-04-26 22:51:15.902633,7.991700649261475
2026-04-26 22:51:16.102358,2026-04-26 22:51:16.102358,8.023414611816406
2026-04-26 22:51:16.302530,2026-04-26 22:51:16.302530,8.050371170043945
2026-04-26 22:51:16.503002,2026-04-26 22:51:16.503002,8.073284149169922
2026-04-26 22:51:16.702945,2026-04-26 22:51:16.702945,8.09276008605957
2026-04-26 22:51:16.902385,2026-04-26 22:51:16.902385,8.109314918518066
2026-04-26 22:51:17.102614,2026-04-26 22:51:17.102614,8.12338638305664
2026-04-26 22:51:17.303029,2026-04-26 22:51:17.303029,8.311128616333008
2026-04-26 22:51:30.402787,2026-04-26 22:51:30.402787,8.470708847045898
2026-04-26 22:51:30.603235,2026-04-26 22:51:30.603235,8.606352806091309
2026-04-26 22:51:30.803673,2026-04-26 22:51:30.803673,8.721650123596191
2026-04-26 22:51:31.002805,2026-04-26 22:51:31.002805,8.819652557373047
2026-04-26 22:51:31.205433,2026-04-26 22:51:31.205433,8.9029541015625
2026-04-26 22:51:31.403477,2026-04-26 22:51:31.403477,8.973761558532715
2026-04-26 22:51:31.604816,2026-04-26 22:51:31.604816,9.033946990966797
2026-04-26 22:51:31.803893,2026-04-26 22:51:31.803893,9.260886192321776
2026-04-26 22:51:32.005603,2026-04-26 22:51:32.005603,9.453784942626951
2026-04-26 22:51:32.203014,2026-04-26 22:51:32.203014,9.617748260498049
2026-04-26 22:51:32.403400,2026-04-26 22:51:32.403400,9.93289852142334
2026-04-26 22:51:32.602941,2026-04-26 22:51:32.602941,10.200776100158691
2026-04-26 22:51:32.803944,2026-04-26 22:51:32.803944,10.428472518920898
2026-04-26 22:51:33.005269,2026-04-26 22:51:33.005269,10.622014045715332
2026-04-26 22:51:33.205394,2026-04-26 22:51:33.205394,10.786524772644045
2026-04-26 22:51:33.403373,2026-04-26 22:51:33.403373,10.926358222961426
2026-04-26 22:51:33.602775,2026-04-26 22:51:33.602775,10.86943531036377
2026-04-26 22:51:33.803061,2026-04-26 22:51:33.803061,10.821051597595217
2026-04-26 22:51:34.008599,2026-04-26 22:51:34.008599,10.779925346374512
2026-04-26 22:51:34.203787,2026-04-26 22:51:34.203787,10.920748710632324
2026-04-26 22:51:34.403642,2026-04-26 22:51:34.403642,10.864667892456056
2026-04-26 22:51:34.602754,2026-04-26 22:51:34.602754,10.992779731750488
2026-04-26 22:51:34.802760,2026-04-26 22:51:34.802760,10.925894737243652
2026-04-26 22:51:35.002479,2026-04-26 22:51:35.002479,10.869041442871094
2026-04-26 22:51:35.203725,2026-04-26 22:51:35.203725,10.820716857910156
2026-04-26 22:51:35.402839,2026-04-26 22:51:35.402839,10.779640197753906
2026-04-26 22:51:35.602803,2026-04-26 22:51:35.602803,10.744725227355955
2026-04-26 22:51:35.802870,2026-04-26 22:51:35.802870,10.890829086303713
2026-04-26 22:51:36.002385,2026-04-26 22:51:36.002385,11.01501750946045
2026-04-26 22:51:36.202616,2026-04-26 22:51:36.202616,11.120576858520508
2026-04-26 22:51:36.402946,2026-04-26 22:51:36.402946,11.03452205657959
2026-04-26 22:51:36.602710,2026-04-26 22:51:36.602710,11.13715648651123
2026-04-26 22:51:36.802418,2026-04-26 22:51:36.802418,11.224394798278809
2026-04-26 22:51:37.003609,2026-04-26 22:51:37.003609,11.298548698425291
2026-04-26 22:51:37.203011,2026-04-26 22:51:37.203011,11.361578941345217
2026-04-26 22:51:37.403564,2026-04-26 22:51:37.403564,11.415154457092283
2026-04-26 22:51:37.602332,2026-04-26 22:51:37.602332,11.460693359375
2026-04-26 22:51:37.803082,2026-04-26 22:51:37.803082,11.499402046203612
2026-04-26 22:51:38.002836,2026-04-26 22:51:38.002836,11.532304763793944
2026-04-26 22:51:38.202730,2026-04-26 22:51:38.202730,11.73605251312256
2026-04-26 22:51:38.403080,2026-04-26 22:51:38.403080,11.9092378616333
2026-04-26 22:51:38.603529,2026-04-26 22:51:38.603529,12.232227325439451
2026-04-26 22:51:38.802812,2026-04-26 22:51:38.802812,12.506768226623535
2026-04-26 22:51:39.002555,2026-04-26 22:51:39.002555,12.91590976715088
2026-04-26 22:51:39.203138,2026-04-26 22:51:39.203138,13.087898254394531
2026-04-26 22:51:39.403020,2026-04-26 22:51:39.403020,13.409869194030762
2026-04-26 22:51:39.602473,2026-04-26 22:51:39.602473,13.859326362609863
2026-04-26 22:51:39.803612,2026-04-26 22:51:39.803612,14.417146682739258
2026-04-26 22:51:40.003146,2026-04-26 22:51:40.003146,15.0670747756958
2026-04-26 22:51:40.203999,2026-04-26 22:51:40.203999,15.619513511657717
2026-04-26 22:51:40.402426,2026-04-26 22:51:40.402426,16.264867782592773
2026-04-26 22:51:40.602648,2026-04-26 22:51:40.602648,16.637638092041016
2026-04-26 22:51:40.802500,2026-04-26 22:51:40.802500,17.130273818969727
2026-04-26 22:51:41.003037,2026-04-26 22:51:41.003037,17.549013137817383
2026-04-26 22:51:41.202825,2026-04-26 22:51:41.202825,17.904943466186523
2026-04-26 22:51:41.403025,2026-04-26 22:51:41.403025,18.207483291625977
2026-04-26 22:51:41.602934,2026-04-26 22:51:41.602934,18.64042282104492
2026-04-26 22:51:41.803146,2026-04-26 22:51:41.803146,19.008420944213867
2026-04-26 22:51:42.003763,2026-04-26 22:51:42.003763,19.32122039794922
2026-04-26 22:51:42.202803,2026-04-26 22:51:42.202803,19.587100982666016
2026-04-26 22:51:42.402530,2026-04-26 22:51:42.402530,19.81309700012207
2026-04-26 22:51:42.604241,2026-04-26 22:51:42.604241,20.00519561767578
2026-04-26 22:51:42.802828,2026-04-26 22:51:42.802828,20.34425926208496
2026-04-26 22:51:43.003196,2026-04-26 22:51:43.003196,20.632465362548828
2026-04-26 22:51:43.203269,2026-04-26 22:51:43.203269,20.877439498901367
2026-04-26 22:51:43.402439,2026-04-26 22:51:43.402439,21.08566665649414
2026-04-26 22:51:43.603220,2026-04-26 22:51:43.603220,21.26266098022461
2026-04-26 22:51:43.802498,2026-04-26 22:51:43.802498,21.413105010986328
2026-04-26 22:51:44.003473,2026-04-26 22:51:44.003473,21.54098320007324
2026-04-26 22:51:44.203114,2026-04-26 22:51:44.203114,21.64967918395996
2026-04-26 22:51:44.404566,2026-04-26 22:51:44.404566,21.7420711517334
2026-04-26 22:51:44.603681,2026-04-26 22:51:44.603681,21.82060432434082
2026-04-26 22:51:44.802675,2026-04-26 22:51:44.802675,21.887357711791992
2026-04-26 22:51:45.002695,2026-04-26 22:51:45.002695,21.9440975189209
2026-04-26 22:51:45.205183,2026-04-26 22:51:45.205183,22.168107986450195
2026-04-26 22:51:45.404901,2026-04-26 22:51:45.404901,22.358516693115234
2026-04-26 22:51:45.602372,2026-04-26 22:51:45.602372,22.52036476135254
2026-04-26 22:51:45.803386,2026-04-26 22:51:45.803386,22.657934188842773
2026-04-26 22:51:46.003147,2026-04-26 22:51:46.003147,22.77486991882324
2026-04-26 22:51:46.202932,2026-04-26 22:51:46.202932,22.87426376342773
2026-04-26 22:51:46.404780,2026-04-26 22:51:46.404780,23.134531021118164
2026-04-26 22:51:46.603138,2026-04-26 22:51:46.603138,23.355756759643555
2026-04-26 22:51:46.804023,2026-04-26 22:51:46.804023,21.434425354003903
2026-04-26 22:51:47.005202,2026-04-26 22:51:47.005202,21.910667419433597
2026-04-26 22:51:47.203650,2026-04-26 22:51:47.203650,22.315473556518555
2026-04-26 22:51:47.404497,2026-04-26 22:51:47.404497,22.65955924987793
2026-04-26 22:51:47.605651,2026-04-26 22:51:47.605651,20.8426570892334
2026-04-26 22:51:47.802511,2026-04-26 22:51:47.802511,19.298288345336918
2026-04-26 22:51:48.004353,2026-04-26 22:51:48.004353,20.094951629638672
2026-04-26 22:51:48.204587,2026-04-26 22:51:48.204587,20.77211570739746
2026-04-26 22:51:48.403553,2026-04-26 22:51:48.403553,21.34770393371582
2026-04-26 22:51:48.603946,2026-04-26 22:51:48.603946,21.83695411682129
2026-04-26 22:51:48.804602,2026-04-26 22:51:48.804602,22.252817153930664
2026-04-26 22:51:49.003256,2026-04-26 22:51:49.003256,22.60630226135254
2026-04-26 22:51:49.205123,2026-04-26 22:51:49.205123,22.906763076782227
2026-04-26 22:51:49.404680,2026-04-26 22:51:49.404680,23.162155151367188
2026-04-26 22:51:49.605161,2026-04-26 22:51:49.605161,23.20345687866211
2026-04-26 22:51:49.805756,2026-04-26 22:51:49.805756,21.480751037597656
2026-04-26 22:51:50.004905,2026-04-26 22:51:50.004905,20.016450881958008
2026-04-26 22:51:50.203506,2026-04-26 22:51:50.203506,18.77179527282715
2026-04-26 22:51:50.406040,2026-04-26 22:51:50.406040,17.713838577270508
2026-04-26 22:51:50.604008,2026-04-26 22:51:50.604008,16.8145751953125
2026-04-26 22:51:50.802793,2026-04-26 22:51:50.802793,16.050201416015625
2026-04-26 22:51:51.002409,2026-04-26 22:51:51.002409,15.400484085083008
2026-04-26 22:51:51.202597,2026-04-26 22:51:51.202597,14.848223686218262
2026-04-26 22:51:51.404096,2026-04-26 22:51:51.404096,14.378802299499512
2026-04-26 22:51:51.602701,2026-04-26 22:51:51.602701,13.9797945022583
2026-04-26 22:51:51.803200,2026-04-26 22:51:51.803200,13.64063835144043
2026-04-26 22:51:52.002615,2026-04-26 22:51:52.002615,13.352355003356934
2026-04-26 22:51:52.207153,2026-04-26 22:51:52.207153,13.283095359802246
2026-04-26 22:51:52.403089,2026-04-26 22:51:52.403089,13.400006294250488
2026-04-26 22:51:52.602955,2026-04-26 22:51:52.602955,13.499380111694336
2026-04-26 22:51:52.803840,2026-04-26 22:51:52.803840,13.583847999572754
2026-04-26 22:51:53.002404,2026-04-26 22:51:53.002404,13.831427574157717
2026-04-26 22:51:53.202341,2026-04-26 22:51:53.202341,14.217650413513184
2026-04-26 22:51:53.402319,2026-04-26 22:51:53.402319,14.721721649169922
2026-04-26 22:51:53.602499,2026-04-26 22:51:53.602499,15.150181770324709
2026-04-26 22:51:53.803209,2026-04-26 22:51:53.803209,15.514373779296877
2026-04-26 22:51:54.003558,2026-04-26 22:51:54.003558,15.648155212402344
2026-04-26 22:51:54.202981,2026-04-26 22:51:54.202981,15.761869430541992
2026-04-26 22:51:54.402820,2026-04-26 22:51:54.402820,15.858526229858398
2026-04-26 22:51:54.602380,2026-04-26 22:51:54.602380,15.764904022216797
2026-04-26 22:51:54.803161,2026-04-26 22:51:54.803161,15.685324668884276
2026-04-26 22:51:55.002412,2026-04-26 22:51:55.002412,15.617682456970217
2026-04-26 22:51:55.202860,2026-04-26 22:51:55.202860,15.384405136108398
2026-04-26 22:51:55.402782,2026-04-26 22:51:55.402782,15.186119079589844
2026-04-26 22:51:55.602753,2026-04-26 22:51:55.602753,15.017576217651367
2026-04-26 22:52:08.704286,2026-04-26 22:52:08.704286,14.874314308166504
2026-04-26 22:52:08.904390,2026-04-26 22:52:08.904390,14.75254249572754
2026-04-26 22:52:09.105054,2026-04-26 22:52:09.105054,14.473255157470703
2026-04-26 22:52:09.305163,2026-04-26 22:52:09.305163,14.23586082458496
2026-04-26 22:52:09.504870,2026-04-26 22:52:09.504870,14.034074783325195
2026-04-26 22:52:09.706614,2026-04-26 22:52:09.706614,13.862557411193848
2026-04-26 22:52:09.905337,2026-04-26 22:52:09.905337,13.716767311096191
2026-04-26 22:52:10.103776,2026-04-26 22:52:10.103776,13.417064666748049
2026-04-26 22:52:10.303449,2026-04-26 22:52:10.303449,13.338099479675291
2026-04-26 22:52:10.503815,2026-04-26 22:52:10.503815,13.095196723937988
2026-04-26 22:52:10.702519,2026-04-26 22:52:10.702519,12.8887300491333
2026-04-26 22:52:10.905074,2026-04-26 22:52:10.905074,12.88901424407959
2026-04-26 22:52:11.103497,2026-04-26 22:52:11.103497,12.88925552368164
2026-04-26 22:52:11.303447,2026-04-26 22:52:11.303447,12.713679313659668
2026-04-26 22:52:11.503515,2026-04-26 22:52:11.503515,12.564440727233888
2026-04-26 22:52:11.706009,2026-04-26 22:52:11.706009,12.437586784362791
2026-04-26 22:52:11.904375,2026-04-26 22:52:11.904375,12.329761505126951
2026-04-26 22:52:12.103527,2026-04-26 22:52:12.103527,12.238109588623049
2026-04-26 22:52:12.302651,2026-04-26 22:52:12.302651,12.160205841064451
2026-04-26 22:52:12.507155,2026-04-26 22:52:12.507155,12.093987464904783
2026-04-26 22:52:12.703383,2026-04-26 22:52:12.703383,11.861920356750488
2026-04-26 22:52:12.905879,2026-04-26 22:52:12.905879,11.840444564819336
2026-04-26 22:52:13.103554,2026-04-26 22:52:13.103554,11.646409034729004
2026-04-26 22:52:13.307174,2026-04-26 22:52:13.307174,11.65726089477539
2026-04-26 22:52:13.503192,2026-04-26 22:52:13.503192,11.490702629089355
2026-04-26 22:52:13.703122,2026-04-26 22:52:13.703122,11.349128723144531
2026-04-26 22:52:13.902840,2026-04-26 22:52:13.902840,11.228790283203123
2026-04-26 22:52:14.102500,2026-04-26 22:52:14.102500,11.126502990722656
2026-04-26 22:52:14.302756,2026-04-26 22:52:14.302756,11.039559364318848
2026-04-26 22:52:14.502839,2026-04-26 22:52:14.502839,10.965656280517578
2026-04-26 22:52:14.703534,2026-04-26 22:52:14.703534,10.902838706970217
2026-04-26 22:52:14.904893,2026-04-26 22:52:14.904893,11.025225639343262
2026-04-26 22:52:15.102886,2026-04-26 22:52:15.102886,11.305035591125488
2026-04-26 22:52:15.302415,2026-04-26 22:52:15.302415,11.367093086242676
2026-04-26 22:52:15.504682,2026-04-26 22:52:15.504682,11.595623016357422
2026-04-26 22:52:15.703059,2026-04-26 22:52:15.703059,13.899248123168944
2026-04-26 22:52:15.903500,2026-04-26 22:52:15.903500,13.747954368591309
2026-04-26 22:52:16.102526,2026-04-26 22:52:16.102526,13.443573951721191
2026-04-26 22:52:16.302587,2026-04-26 22:52:16.302587,13.184850692749023
2026-04-26 22:52:16.502284,2026-04-26 22:52:16.502284,15.250091552734377
2026-04-26 22:52:16.703135,2026-04-26 22:52:16.703135,17.00554656982422
2026-04-26 22:52:16.903309,2026-04-26 22:52:16.903309,18.497682571411133
2026-04-26 22:52:17.107131,2026-04-26 22:52:17.107131,19.59021759033203
2026-04-26 22:52:17.303784,2026-04-26 22:52:17.303784,20.34309196472168
2026-04-26 22:52:17.503022,2026-04-26 22:52:17.503022,18.522096633911133
2026-04-26 22:52:17.705592,2026-04-26 22:52:17.705592,19.61096954345703
2026-04-26 22:52:17.903456,2026-04-26 22:52:17.903456,20.53651237487793
2026-04-26 22:52:18.103212,2026-04-26 22:52:18.103212,21.499004364013672
2026-04-26 22:52:18.302401,2026-04-26 22:52:18.302401,22.141340255737305
2026-04-26 22:52:18.505213,2026-04-26 22:52:18.505213,22.68732643127441
2026-04-26 22:52:18.703228,2026-04-26 22:52:18.703228,23.15141487121582
2026-04-26 22:52:18.902426,2026-04-26 22:52:18.902426,23.54589080810547
2026-04-26 22:52:19.103198,2026-04-26 22:52:19.103198,23.70541381835937
2026-04-26 22:52:19.302661,2026-04-26 22:52:19.302661,24.016788482666016
2026-04-26 22:52:19.503078,2026-04-26 22:52:19.503078,24.281457901000977
2026-04-26 22:52:19.702471,2026-04-26 22:52:19.702471,24.330646514892575
2026-04-26 22:52:19.903390,2026-04-26 22:52:19.903390,24.548236846923828
2026-04-26 22:52:20.103099,2026-04-26 22:52:20.103099,24.73318862915039
2026-04-26 22:52:20.303113,2026-04-26 22:52:20.303113,25.06617927551269
2026-04-26 22:52:20.503451,2026-04-26 22:52:20.503451,25.173439025878903
2026-04-26 22:52:20.703082,2026-04-26 22:52:20.703082,25.264610290527344
2026-04-26 22:52:20.902586,2026-04-26 22:52:20.902586,25.34210777282715
2026-04-26 22:52:21.103045,2026-04-26 22:52:21.103045,25.407978057861328
2026-04-26 22:52:21.302442,2026-04-26 22:52:21.302442,25.46396827697754
2026-04-26 22:52:21.502986,2026-04-26 22:52:21.502986,25.51156044006348
2026-04-26 22:52:21.702355,2026-04-26 22:52:21.702355,25.55201530456543
2026-04-26 22:52:21.905738,2026-04-26 22:52:21.905738,25.41061782836914
2026-04-26 22:52:22.102522,2026-04-26 22:52:22.102522,25.29043197631836
2026-04-26 22:52:22.303383,2026-04-26 22:52:22.303383,25.36405563354492
2026-04-26 22:52:22.503090,2026-04-26 22:52:22.503090,25.250852584838867
2026-04-26 22:52:22.704492,2026-04-26 22:52:22.704492,25.330411911010746
2026-04-26 22:52:22.904316,2026-04-26 22:52:22.904316,25.398038864135746
2026-04-26 22:52:23.104214,2026-04-26 22:52:23.104214,25.45552062988281
2026-04-26 22:52:23.302572,2026-04-26 22:52:23.302572,25.504379272460938
2026-04-26 22:52:23.503849,2026-04-26 22:52:23.503849,25.5459098815918
2026-04-26 22:52:23.702491,2026-04-26 22:52:23.702491,25.58121109008789
2026-04-26 22:52:23.903199,2026-04-26 22:52:23.903199,25.611217498779297
2026-04-26 22:52:24.103103,2026-04-26 22:52:24.103103,25.636722564697266
2026-04-26 22:52:24.303842,2026-04-26 22:52:24.303842,25.48262023925781
2026-04-26 22:52:24.502499,2026-04-26 22:52:24.502499,25.52741432189941
2026-04-26 22:52:24.702614,2026-04-26 22:52:24.702614,25.565488815307617
2026-04-26 22:52:24.903755,2026-04-26 22:52:24.903755,25.59785461425781
2026-04-26 22:52:25.104186,2026-04-26 22:52:25.104186,25.625362396240234
2026-04-26 22:52:25.303242,2026-04-26 22:52:25.303242,25.82452774047852
2026-04-26 22:52:25.502752,2026-04-26 22:52:25.502752,25.818035125732425
2026-04-26 22:52:25.703503,2026-04-26 22:52:25.703503,25.81251716613769
2026-04-26 22:52:25.902941,2026-04-26 22:52:25.902941,25.80782699584961
2026-04-26 22:52:26.106549,2026-04-26 22:52:26.106549,25.97962188720703
2026-04-26 22:52:26.303592,2026-04-26 22:52:26.303592,26.12564849853516
2026-04-26 22:52:26.502545,2026-04-26 22:52:26.502545,26.24976921081543
2026-04-26 22:52:26.705188,2026-04-26 22:52:26.705188,26.35527229309082
2026-04-26 22:52:26.902965,2026-04-26 22:52:26.902965,26.44495010375977
2026-04-26 22:52:27.102589,2026-04-26 22:52:27.102589,26.52117729187012
2026-04-26 22:52:27.303912,2026-04-26 22:52:27.303912,26.585968017578125
2026-04-26 22:52:27.503089,2026-04-26 22:52:27.503089,26.641042709350582
2026-04-26 22:52:27.702722,2026-04-26 22:52:27.702722,26.687854766845703
2026-04-26 22:52:27.903729,2026-04-26 22:52:27.903729,26.72764587402344
2026-04-26 22:52:28.107056,2026-04-26 22:52:28.107056,26.76146697998047
2026-04-26 22:52:28.303141,2026-04-26 22:52:28.303141,26.79021644592285
2026-04-26 22:52:28.504484,2026-04-26 22:52:28.504484,26.81465148925781
2026-04-26 22:52:28.703780,2026-04-26 22:52:28.703780,26.65964126586914
2026-04-26 22:52:28.903895,2026-04-26 22:52:28.903895,26.52788352966309
2026-04-26 22:52:29.104054,2026-04-26 22:52:29.104054,26.4158878326416
2026-04-26 22:52:29.304716,2026-04-26 22:52:29.304716,26.14491081237793
2026-04-26 22:52:29.503031,2026-04-26 22:52:29.503031,26.090362548828125
2026-04-26 22:52:29.705072,2026-04-26 22:52:29.705072,26.043994903564453
2026-04-26 22:52:29.904629,2026-04-26 22:52:29.904629,26.18036460876465
2026-04-26 22:52:30.104446,2026-04-26 22:52:30.104446,26.47205924987793
2026-04-26 22:52:30.305016,2026-04-26 22:52:30.305016,26.544219970703125
2026-04-26 22:52:30.504524,2026-04-26 22:52:30.504524,26.60555458068848
2026-04-26 22:52:30.704341,2026-04-26 22:52:30.704341,26.657690048217773
2026-04-26 22:52:30.905987,2026-04-26 22:52:30.905987,26.87778663635254
2026-04-26 22:52:31.102479,2026-04-26 22:52:31.102479,27.064868927001957
2026-04-26 22:52:31.303590,2026-04-26 22:52:31.303590,27.2238883972168
2026-04-26 22:52:31.503733,2026-04-26 22:52:31.503733,27.359054565429688
2026-04-26 22:52:31.704155,2026-04-26 22:52:31.704155,27.47394752502441
2026-04-26 22:52:31.903317,2026-04-26 22:52:31.903317,27.571605682373047
2026-04-26 22:52:32.103298,2026-04-26 22:52:32.103298,27.654613494873047
2026-04-26 22:52:32.303147,2026-04-26 22:52:32.303147,27.72517204284668
2026-04-26 22:52:32.502473,2026-04-26 22:52:32.502473,27.78514671325684
2026-04-26 22:52:32.703333,2026-04-26 22:52:32.703333,27.836124420166016
2026-04-26 22:52:32.903247,2026-04-26 22:52:32.903247,27.87945556640625
2026-04-26 22:52:33.104005,2026-04-26 22:52:33.104005,27.74050521850586
2026-04-26 22:52:33.302531,2026-04-26 22:52:33.302531,27.622398376464844
2026-04-26 22:52:33.502433,2026-04-26 22:52:33.502433,27.52200698852539
2026-04-26 22:52:33.703230,2026-04-26 22:52:33.703230,27.260894775390625
2026-04-26 22:52:33.904219,2026-04-26 22:52:33.904219,27.21472930908203
2026-04-26 22:52:47.005280,2026-04-26 22:52:47.005280,26.999706268310547
2026-04-26 22:52:47.206328,2026-04-26 22:52:47.206328,26.816938400268555
2026-04-26 22:52:47.404607,2026-04-26 22:52:47.404607,26.661584854125977
2026-04-26 22:52:47.603151,2026-04-26 22:52:47.603151,26.5295352935791
2026-04-26 22:52:47.803059,2026-04-26 22:52:47.803059,26.41729164123535
2026-04-26 22:52:48.004375,2026-04-26 22:52:48.004375,26.32188606262207
2026-04-26 22:52:48.203716,2026-04-26 22:52:48.203716,26.06501007080078
2026-04-26 22:52:48.404898,2026-04-26 22:52:48.404898,25.846664428710938
2026-04-26 22:52:48.603716,2026-04-26 22:52:48.603716,25.66106986999512
2026-04-26 22:52:48.805583,2026-04-26 22:52:48.805583,25.50331687927246
2026-04-26 22:52:49.004507,2026-04-26 22:52:49.004507,25.369224548339844
2026-04-26 22:52:49.204631,2026-04-26 22:52:49.204631,25.431028366088867
2026-04-26 22:52:49.403951,2026-04-26 22:52:49.403951,25.307781219482425
2026-04-26 22:52:49.608102,2026-04-26 22:52:49.608102,25.203020095825195
2026-04-26 22:52:49.804963,2026-04-26 22:52:49.804963,25.11397361755371
2026-04-26 22:52:50.007069,2026-04-26 22:52:50.007069,25.03828430175781
2026-04-26 22:52:50.205843,2026-04-26 22:52:50.205843,24.97394752502441
2026-04-26 22:52:50.405493,2026-04-26 22:52:50.405493,22.458324432373047
2026-04-26 22:52:50.606579,2026-04-26 22:52:50.606579,22.605199813842773
2026-04-26 22:52:50.807019,2026-04-26 22:52:50.807019,22.73004531860352
2026-04-26 22:52:51.007110,2026-04-26 22:52:51.007110,22.836162567138672
2026-04-26 22:52:51.203332,2026-04-26 22:52:51.203332,22.926362991333008
2026-04-26 22:52:51.405374,2026-04-26 22:52:51.405374,22.827253341674805
2026-04-26 22:52:51.607694,2026-04-26 22:52:51.607694,22.743009567260746
2026-04-26 22:52:51.805472,2026-04-26 22:52:51.805472,22.671401977539062
2026-04-26 22:52:52.004200,2026-04-26 22:52:52.004200,22.61053466796875
2026-04-26 22:52:52.203956,2026-04-26 22:52:52.203956,22.55879783630371
2026-04-26 22:52:52.405530,2026-04-26 22:52:52.405530,22.514822006225582
2026-04-26 22:52:52.602492,2026-04-26 22:52:52.602492,22.47744369506836
2026-04-26 22:52:52.807935,2026-04-26 22:52:52.807935,22.445669174194336
2026-04-26 22:52:53.003190,2026-04-26 22:52:53.003190,22.418663024902344
2026-04-26 22:52:53.205267,2026-04-26 22:52:53.205267,22.395708084106445
2026-04-26 22:52:53.402921,2026-04-26 22:52:53.402921,22.376195907592773
2026-04-26 22:52:53.603008,2026-04-26 22:52:53.603008,22.35960960388184
2026-04-26 22:52:53.814509,2026-04-26 22:52:53.814509,20.41191864013672
2026-04-26 22:52:54.002649,2026-04-26 22:52:54.002649,18.75638008117676
2026-04-26 22:52:54.204054,2026-04-26 22:52:54.204054,19.10698509216309
2026-04-26 22:52:54.402576,2026-04-26 22:52:54.402576,17.647188186645508
2026-04-26 22:52:54.602879,2026-04-26 22:52:54.602879,18.164173126220703
2026-04-26 22:52:54.802394,2026-04-26 22:52:54.802394,18.603609085083008
2026-04-26 22:52:55.003283,2026-04-26 22:52:55.003283,18.977130889892575
2026-04-26 22:52:55.203094,2026-04-26 22:52:55.203094,19.29462242126465
2026-04-26 22:52:55.404060,2026-04-26 22:52:55.404060,19.564491271972656
2026-04-26 22:52:55.604471,2026-04-26 22:52:55.604471,19.793880462646484
2026-04-26 22:52:55.803216,2026-04-26 22:52:55.803216,19.98886108398437
2026-04-26 22:52:56.004322,2026-04-26 22:52:56.004322,20.15459442138672
2026-04-26 22:52:56.205101,2026-04-26 22:52:56.205101,20.295467376708984
2026-04-26 22:52:56.402870,2026-04-26 22:52:56.402870,20.415210723876957
2026-04-26 22:52:56.602509,2026-04-26 22:52:56.602509,20.516990661621094
2026-04-26 22:52:56.802984,2026-04-26 22:52:56.802984,20.603504180908203
2026-04-26 22:52:57.003555,2026-04-26 22:52:57.003555,20.67704200744629
2026-04-26 22:52:57.215459,2026-04-26 22:52:57.215459,20.563766479492188
2026-04-26 22:52:57.402882,2026-04-26 22:52:57.402882,20.46748352050781
2026-04-26 22:52:57.612780,2026-04-26 22:52:57.612780,20.38564109802246
2026-04-26 22:52:57.802490,2026-04-26 22:52:57.802490,20.316076278686523
2026-04-26 22:52:58.013157,2026-04-26 22:52:58.013157,20.256946563720703
2026-04-26 22:52:58.202784,2026-04-26 22:52:58.202784,20.38246726989746
2026-04-26 22:52:58.403658,2026-04-26 22:52:58.403658,20.489158630371094
2026-04-26 22:52:58.602961,2026-04-26 22:52:58.602961,20.57984733581543
2026-04-26 22:52:58.802963,2026-04-26 22:52:58.802963,20.656932830810547
2026-04-26 22:52:59.002961,2026-04-26 22:52:59.002961,20.722455978393555
2026-04-26 22:52:59.205230,2026-04-26 22:52:59.205230,20.77815055847168
2026-04-26 22:52:59.403445,2026-04-26 22:52:59.403445,20.825489044189453
2026-04-26 22:52:59.603308,2026-04-26 22:52:59.603308,20.8657283782959
2026-04-26 22:52:59.803097,2026-04-26 22:52:59.803097,20.899932861328125
2026-04-26 22:53:00.003418,2026-04-26 22:53:00.003418,20.929004669189453
2026-04-26 22:53:00.202901,2026-04-26 22:53:00.202901,20.95371627807617
2026-04-26 22:53:00.402764,2026-04-26 22:53:00.402764,20.974721908569336
2026-04-26 22:53:00.602536,2026-04-26 22:53:00.602536,20.992576599121094
2026-04-26 22:53:00.802431,2026-04-26 22:53:00.802431,21.00775146484375
2026-04-26 22:53:01.014111,2026-04-26 22:53:01.014111,21.02065086364746
2026-04-26 22:53:01.202585,2026-04-26 22:53:01.202585,21.0316162109375
2026-04-26 22:53:01.403239,2026-04-26 22:53:01.403239,21.040935516357425
2026-04-26 22:53:01.603028,2026-04-26 22:53:01.603028,21.048858642578125
2026-04-26 22:53:01.813994,2026-04-26 22:53:01.813994,21.055591583251957
2026-04-26 22:53:02.002540,2026-04-26 22:53:02.002540,20.885534286499023
2026-04-26 22:53:02.203579,2026-04-26 22:53:02.203579,20.740985870361328
2026-04-26 22:53:02.402689,2026-04-26 22:53:02.402689,20.61811828613281
2026-04-26 22:53:02.603205,2026-04-26 22:53:02.603205,20.5136833190918
2026-04-26 22:53:02.815051,2026-04-26 22:53:02.815051,20.42491149902344
2026-04-26 22:53:03.014976,2026-04-26 22:53:03.014976,20.34945678710937
2026-04-26 22:53:03.216543,2026-04-26 22:53:03.216543,20.28531837463379
2026-04-26 22:53:03.402446,2026-04-26 22:53:03.402446,20.230802536010746
2026-04-26 22:53:03.602512,2026-04-26 22:53:03.602512,20.00868225097656
2026-04-26 22:53:03.803155,2026-04-26 22:53:03.803155,19.81987953186035
2026-04-26 22:53:04.003476,2026-04-26 22:53:04.003476,19.65939712524414
2026-04-26 22:53:04.204794,2026-04-26 22:53:04.204794,19.522987365722656
2026-04-26 22:53:04.415720,2026-04-26 22:53:04.415720,19.407039642333984
2026-04-26 22:53:04.604208,2026-04-26 22:53:04.604208,19.308483123779297
2026-04-26 22:53:04.815156,2026-04-26 22:53:04.815156,19.04892921447754
2026-04-26 22:53:05.015210,2026-04-26 22:53:05.015210,18.828310012817383
2026-04-26 22:53:05.202570,2026-04-26 22:53:05.202570,18.46500015258789
2026-04-26 22:53:05.414722,2026-04-26 22:53:05.414722,17.980405807495117
2026-04-26 22:53:05.603068,2026-04-26 22:53:05.603068,17.56850242614746
2026-04-26 22:53:05.804269,2026-04-26 22:53:05.804269,17.042600631713867
2026-04-26 22:53:06.012412,2026-04-26 22:53:06.012412,16.7713680267334
2026-04-26 22:53:06.203747,2026-04-26 22:53:06.203747,16.36503791809082
2026-04-26 22:53:06.403425,2026-04-26 22:53:06.403425,16.019657135009766
2026-04-26 22:53:06.602928,2026-04-26 22:53:06.602928,15.726083755493164
2026-04-26 22:53:06.812937,2026-04-26 22:53:06.812937,15.476545333862305
2026-04-26 22:53:07.004063,2026-04-26 22:53:07.004063,15.26443862915039
2026-04-26 22:53:07.213095,2026-04-26 22:53:07.213095,15.084148406982422
2026-04-26 22:53:07.403936,2026-04-26 22:53:07.403936,14.930900573730469
2026-04-26 22:53:07.602604,2026-04-26 22:53:07.602604,14.624859809875488
2026-04-26 22:53:07.802572,2026-04-26 22:53:07.802572,14.540505409240724
2026-04-26 22:53:08.012365,2026-04-26 22:53:08.012365,14.468804359436035
2026-04-26 22:53:08.205294,2026-04-26 22:53:08.205294,14.407858848571776
2026-04-26 22:53:08.405970,2026-04-26 22:53:08.405970,14.35605525970459
2026-04-26 22:53:08.613323,2026-04-26 22:53:08.613323,14.31202220916748
2026-04-26 22:53:08.804558,2026-04-26 22:53:08.804558,14.274593353271484
2026-04-26 22:53:09.002623,2026-04-26 22:53:09.002623,14.242779731750488
2026-04-26 22:53:09.204495,2026-04-26 22:53:09.204495,14.039956092834473
2026-04-26 22:53:09.413021,2026-04-26 22:53:09.413021,13.86755657196045
2026-04-26 22:53:09.613889,2026-04-26 22:53:09.613889,13.721016883850098
2026-04-26 22:53:09.804994,2026-04-26 22:53:09.804994,13.596458435058594
2026-04-26 22:53:10.012608,2026-04-26 22:53:10.012608,13.490583419799805
2026-04-26 22:53:10.202961,2026-04-26 22:53:10.202961,13.400588989257812
2026-04-26 22:53:10.404260,2026-04-26 22:53:10.404260,13.324094772338867
2026-04-26 22:53:10.604266,2026-04-26 22:53:10.604266,13.259074211120604
2026-04-26 22:53:10.805185,2026-04-26 22:53:10.805185,13.20380687713623
2026-04-26 22:53:11.012390,2026-04-26 22:53:11.012390,13.156829833984377
2026-04-26 22:53:11.203074,2026-04-26 22:53:11.203074,13.116898536682127
2026-04-26 22:53:11.404413,2026-04-26 22:53:11.404413,13.082958221435549
2026-04-26 22:53:11.602802,2026-04-26 22:53:11.602802,13.054107666015623
2026-04-26 22:53:11.813024,2026-04-26 22:53:11.813024,13.029585838317873
2026-04-26 22:53:12.005296,2026-04-26 22:53:12.005296,13.00874137878418
2026-04-26 22:53:12.203590,2026-04-26 22:53:12.203590,13.166805267333984
2026-04-26 22:53:25.313127,2026-04-26 22:53:25.313127,13.125378608703612
2026-04-26 22:53:25.502936,2026-04-26 22:53:25.502936,13.090165138244627
2026-04-26 22:53:25.702783,2026-04-26 22:53:25.702783,13.23601531982422
2026-04-26 22:53:25.912811,2026-04-26 22:53:25.912811,13.18420696258545
2026-04-26 22:53:26.112782,2026-04-26 22:53:26.112782,13.315950393676758
2026-04-26 22:53:26.302745,2026-04-26 22:53:26.302745,13.252151489257812
2026-04-26 22:53:26.503241,2026-04-26 22:53:26.503241,13.197922706604004
2026-04-26 22:53:26.703094,2026-04-26 22:53:26.703094,13.151827812194824
2026-04-26 22:53:26.903099,2026-04-26 22:53:26.903099,13.112648010253906
2026-04-26 22:53:27.112977,2026-04-26 22:53:27.112977,13.079344749450684
2026-04-26 22:53:27.313210,2026-04-26 22:53:27.313210,13.051036834716797
2026-04-26 22:53:27.512508,2026-04-26 22:53:27.512508,13.02697467803955
2026-04-26 22:53:27.704976,2026-04-26 22:53:27.704976,13.006522178649902
2026-04-26 22:53:27.903213,2026-04-26 22:53:27.903213,12.989137649536133
2026-04-26 22:53:28.103282,2026-04-26 22:53:28.103282,12.974360466003418
2026-04-26 22:53:28.314984,2026-04-26 22:53:28.314984,12.786019325256348
2026-04-26 22:53:28.517879,2026-04-26 22:53:28.517879,12.62592887878418
2026-04-26 22:53:28.712413,2026-04-26 22:53:28.712413,12.48985195159912
2026-04-26 22:53:28.913426,2026-04-26 22:53:28.913426,12.374186515808104
2026-04-26 22:53:29.113510,2026-04-26 22:53:29.113510,12.275871276855469
2026-04-26 22:53:29.314134,2026-04-26 22:53:29.314134,12.192302703857422
2026-04-26 22:53:29.513129,2026-04-26 22:53:29.513129,12.121270179748535
2026-04-26 22:53:29.705249,2026-04-26 22:53:29.705249,12.06089210510254
2026-04-26 22:53:29.904823,2026-04-26 22:53:29.904823,12.009571075439451
2026-04-26 22:53:30.104585,2026-04-26 22:53:30.104585,11.965947151184082
2026-04-26 22:53:30.303800,2026-04-26 22:53:30.303800,11.928868293762209
2026-04-26 22:53:30.513750,2026-04-26 22:53:30.513750,11.897350311279297
2026-04-26 22:53:30.704323,2026-04-26 22:53:30.704323,11.870560646057127
2026-04-26 22:53:30.913250,2026-04-26 22:53:30.913250,11.84778881072998
2026-04-26 22:53:31.105639,2026-04-26 22:53:31.105639,11.8284330368042
2026-04-26 22:53:31.312873,2026-04-26 22:53:31.312873,11.81198024749756
2026-04-26 22:53:31.514046,2026-04-26 22:53:31.514046,11.797995567321776
2026-04-26 22:53:31.708351,2026-04-26 22:53:31.708351,11.78610897064209
2026-04-26 22:53:31.903172,2026-04-26 22:53:31.903172,11.776004791259766
2026-04-26 22:53:32.103251,2026-04-26 22:53:32.103251,11.767416954040527
2026-04-26 22:53:32.304536,2026-04-26 22:53:32.304536,11.760116577148438
2026-04-26 22:53:32.512817,2026-04-26 22:53:32.512817,11.753911972045898
2026-04-26 22:53:32.703619,2026-04-26 22:53:32.703619,11.748637199401855
2026-04-26 22:53:32.903278,2026-04-26 22:53:32.903278,11.74415397644043
2026-04-26 22:53:33.103717,2026-04-26 22:53:33.103717,11.740344047546388
2026-04-26 22:53:33.316012,2026-04-26 22:53:33.316012,11.737104415893556
2026-04-26 22:53:33.514184,2026-04-26 22:53:33.514184,11.73435115814209
2026-04-26 22:53:33.714878,2026-04-26 22:53:33.714878,11.732010841369627
2026-04-26 22:53:33.913013,2026-04-26 22:53:33.913013,11.730022430419922
2026-04-26 22:53:34.112569,2026-04-26 22:53:34.112569,11.728331565856934
2026-04-26 22:53:34.313794,2026-04-26 22:53:34.313794,11.72689437866211
2026-04-26 22:53:34.512404,2026-04-26 22:53:34.512404,11.725672721862791
2026-04-26 22:53:34.713011,2026-04-26 22:53:34.713011,11.724634170532228
2026-04-26 22:53:34.912875,2026-04-26 22:53:34.912875,11.899532318115234
2026-04-26 22:53:35.113131,2026-04-26 22:53:35.113131,11.87241554260254
2026-04-26 22:53:35.303239,2026-04-26 22:53:35.303239,11.849365234375
2026-04-26 22:53:35.514000,2026-04-26 22:53:35.514000,12.00555419921875
2026-04-26 22:53:35.714537,2026-04-26 22:53:35.714537,12.138315200805664
2026-04-26 22:53:35.913043,2026-04-26 22:53:35.913043,12.251161575317385
2026-04-26 22:53:36.114736,2026-04-26 22:53:36.114736,14.104893684387209
2026-04-26 22:53:36.312978,2026-04-26 22:53:36.312978,13.92275333404541
2026-04-26 22:53:36.514417,2026-04-26 22:53:36.514417,13.76793384552002
2026-04-26 22:53:36.714622,2026-04-26 22:53:36.714622,13.636337280273438
2026-04-26 22:53:36.912701,2026-04-26 22:53:36.912701,13.348699569702148
2026-04-26 22:53:37.115721,2026-04-26 22:53:37.115721,13.279988288879396
2026-04-26 22:53:37.314179,2026-04-26 22:53:37.314179,13.221583366394045
2026-04-26 22:53:37.513778,2026-04-26 22:53:37.513778,14.753971099853516
2026-04-26 22:53:37.718219,2026-04-26 22:53:37.718219,14.298687934875488
2026-04-26 22:53:37.913620,2026-04-26 22:53:37.913620,15.669509887695312
2026-04-26 22:53:38.114613,2026-04-26 22:53:38.114613,15.252676963806152
2026-04-26 22:53:38.313922,2026-04-26 22:53:38.313922,15.074151039123535
2026-04-26 22:53:38.515003,2026-04-26 22:53:38.515003,15.098184585571287
2026-04-26 22:53:38.713718,2026-04-26 22:53:38.713718,15.118613243103027
2026-04-26 22:53:38.912950,2026-04-26 22:53:38.912950,15.135976791381836
2026-04-26 22:53:39.116668,2026-04-26 22:53:39.116668,15.150736808776855
2026-04-26 22:53:39.315284,2026-04-26 22:53:39.315284,15.33906364440918
2026-04-26 22:53:39.517279,2026-04-26 22:53:39.517279,15.674922943115234
2026-04-26 22:53:39.716365,2026-04-26 22:53:39.716365,15.960403442382812
2026-04-26 22:53:39.917647,2026-04-26 22:53:39.917647,16.203062057495117
2026-04-26 22:53:40.114008,2026-04-26 22:53:40.114008,16.409320831298828
2026-04-26 22:53:40.316213,2026-04-26 22:53:40.316213,16.58464241027832
2026-04-26 22:53:40.514573,2026-04-26 22:53:40.514573,16.73366355895996
2026-04-26 22:53:40.714579,2026-04-26 22:53:40.714579,16.684551239013672
2026-04-26 22:53:40.915065,2026-04-26 22:53:40.915065,16.642807006835938
2026-04-26 22:53:41.113177,2026-04-26 22:53:41.113177,16.607322692871094
2026-04-26 22:53:41.313097,2026-04-26 22:53:41.313097,16.57716178894043
2026-04-26 22:53:41.515564,2026-04-26 22:53:41.515564,16.551525115966797
2026-04-26 22:53:41.714129,2026-04-26 22:53:41.714129,16.529733657836914
2026-04-26 22:53:41.914372,2026-04-26 22:53:41.914372,16.511211395263672
2026-04-26 22:53:42.114290,2026-04-26 22:53:42.114290,16.319686889648438
2026-04-26 22:53:42.313591,2026-04-26 22:53:42.313591,16.156888961791992
2026-04-26 22:53:42.514634,2026-04-26 22:53:42.514634,16.018512725830078
2026-04-26 22:53:42.715030,2026-04-26 22:53:42.715030,15.900891304016112
2026-04-26 22:53:42.915203,2026-04-26 22:53:42.915203,15.80091381072998
2026-04-26 22:53:43.114200,2026-04-26 22:53:43.114200,15.715932846069336
2026-04-26 22:53:43.313982,2026-04-26 22:53:43.313982,15.643699645996094
2026-04-26 22:53:43.515041,2026-04-26 22:53:43.515041,15.406519889831545
2026-04-26 22:53:43.713713,2026-04-26 22:53:43.713713,15.380698204040527
2026-04-26 22:53:43.915153,2026-04-26 22:53:43.915153,15.358749389648438
2026-04-26 22:53:44.116257,2026-04-26 22:53:44.116257,15.340093612670898
2026-04-26 22:53:44.313661,2026-04-26 22:53:44.313661,15.324235916137695
2026-04-26 22:53:44.514153,2026-04-26 22:53:44.514153,15.31075668334961
2026-04-26 22:53:44.713322,2026-04-26 22:53:44.713322,15.299299240112305
2026-04-26 22:53:44.913211,2026-04-26 22:53:44.913211,15.289560317993164
2026-04-26 22:53:45.118202,2026-04-26 22:53:45.118202,17.214876174926758
2026-04-26 22:53:45.315383,2026-04-26 22:53:45.315383,18.851394653320312
2026-04-26 22:53:45.513603,2026-04-26 22:53:45.513603,20.242435455322266
2026-04-26 22:53:45.712646,2026-04-26 22:53:45.712646,21.424819946289062
2026-04-26 22:53:45.912972,2026-04-26 22:53:45.912972,22.42984771728516
2026-04-26 22:53:46.112590,2026-04-26 22:53:46.112590,23.284120559692383
2026-04-26 22:53:46.312841,2026-04-26 22:53:46.312841,24.010251998901367
2026-04-26 22:53:46.512717,2026-04-26 22:53:46.512717,24.627464294433597
2026-04-26 22:53:46.714744,2026-04-26 22:53:46.714744,25.1520938873291
2026-04-26 22:53:46.913361,2026-04-26 22:53:46.913361,25.59803009033203
2026-04-26 22:53:47.113905,2026-04-26 22:53:47.113905,25.977075576782227
2026-04-26 22:53:47.313392,2026-04-26 22:53:47.313392,26.299264907836918
2026-04-26 22:53:47.512453,2026-04-26 22:53:47.512453,26.74890518188477
2026-04-26 22:53:47.713869,2026-04-26 22:53:47.713869,26.955320358276367
2026-04-26 22:53:47.913479,2026-04-26 22:53:47.913479,27.13077163696289
2026-04-26 22:53:48.112523,2026-04-26 22:53:48.112523,27.4556884765625
2026-04-26 22:53:48.314270,2026-04-26 22:53:48.314270,27.73186492919922
2026-04-26 22:53:48.512351,2026-04-26 22:53:48.512351,27.96661758422852
2026-04-26 22:53:48.713030,2026-04-26 22:53:48.713030,27.990373611450195
2026-04-26 22:53:48.913150,2026-04-26 22:53:48.913150,28.01056861877441
2026-04-26 22:53:49.113729,2026-04-26 22:53:49.113729,28.027732849121094
2026-04-26 22:53:49.313112,2026-04-26 22:53:49.313112,28.21810531616211
2026-04-26 22:53:49.514595,2026-04-26 22:53:49.514595,28.204137802124023
2026-04-26 22:53:49.713533,2026-04-26 22:53:49.713533,28.19226837158203
2026-04-26 22:53:49.914054,2026-04-26 22:53:49.914054,28.182178497314453
2026-04-26 22:53:50.113346,2026-04-26 22:53:50.113346,28.17360115051269
2026-04-26 22:53:50.312962,2026-04-26 22:53:50.312962,28.16631126403809
2026-04-26 22:53:50.514040,2026-04-26 22:53:50.514040,28.16011428833008
2026-04-26 22:54:03.613015,2026-04-26 22:54:03.613015,28.15484619140625
2026-04-26 22:54:03.813086,2026-04-26 22:54:03.813086,28.15036964416504
2026-04-26 22:54:04.012599,2026-04-26 22:54:04.012599,28.146564483642575
2026-04-26 22:54:04.212812,2026-04-26 22:54:04.212812,27.967548370361328
2026-04-26 22:54:04.416692,2026-04-26 22:54:04.416692,27.991167068481445
2026-04-26 22:54:04.613137,2026-04-26 22:54:04.613137,28.0112419128418
2026-04-26 22:54:04.812813,2026-04-26 22:54:04.812813,28.028305053710938
2026-04-26 22:54:05.014003,2026-04-26 22:54:05.014003,28.218589782714844
2026-04-26 22:54:05.213604,2026-04-26 22:54:05.213604,28.204551696777344
2026-04-26 22:54:05.413527,2026-04-26 22:54:05.413527,28.19261932373047
2026-04-26 22:54:05.613964,2026-04-26 22:54:05.613964,28.18247604370117
2026-04-26 22:54:05.813084,2026-04-26 22:54:05.813084,28.17385482788086
2026-04-26 22:54:06.014764,2026-04-26 22:54:06.014764,28.342308044433597
2026-04-26 22:54:06.214245,2026-04-26 22:54:06.214245,28.485492706298828
2026-04-26 22:54:06.413026,2026-04-26 22:54:06.413026,28.607200622558597
2026-04-26 22:54:06.613515,2026-04-26 22:54:06.613515,28.71065139770508
2026-04-26 22:54:06.814296,2026-04-26 22:54:06.814296,28.798585891723636
2026-04-26 22:54:07.017712,2026-04-26 22:54:07.017712,28.873329162597656
2026-04-26 22:54:07.214595,2026-04-26 22:54:07.214595,28.936861038208008
2026-04-26 22:54:07.415857,2026-04-26 22:54:07.415857,28.990861892700195
2026-04-26 22:54:07.614759,2026-04-26 22:54:07.614759,29.03676414489746
2026-04-26 22:54:07.813990,2026-04-26 22:54:07.813990,29.075780868530277
2026-04-26 22:54:08.013370,2026-04-26 22:54:08.013370,29.108945846557617
2026-04-26 22:54:08.213679,2026-04-26 22:54:08.213679,29.137134552001957
2026-04-26 22:54:08.416147,2026-04-26 22:54:08.416147,29.161096572875977
2026-04-26 22:54:08.615127,2026-04-26 22:54:08.615127,29.18146324157715
2026-04-26 22:54:08.813575,2026-04-26 22:54:08.813575,29.198774337768555
2026-04-26 22:54:09.014223,2026-04-26 22:54:09.014223,29.213489532470703
2026-04-26 22:54:09.213819,2026-04-26 22:54:09.213819,29.225997924804688
2026-04-26 22:54:09.412335,2026-04-26 22:54:09.412335,29.236629486083984
2026-04-26 22:54:09.614061,2026-04-26 22:54:09.614061,29.24566650390625
2026-04-26 22:54:09.813152,2026-04-26 22:54:09.813152,29.253347396850582
2026-04-26 22:54:10.012450,2026-04-26 22:54:10.012450,29.259876251220703
2026-04-26 22:54:10.215045,2026-04-26 22:54:10.215045,29.265426635742188
2026-04-26 22:54:10.412946,2026-04-26 22:54:10.412946,29.270143508911133
2026-04-26 22:54:10.616798,2026-04-26 22:54:10.616798,29.274152755737305
2026-04-26 22:54:10.812482,2026-04-26 22:54:10.812482,29.27756118774414
2026-04-26 22:54:11.015273,2026-04-26 22:54:11.015273,27.522645950317383
2026-04-26 22:54:11.212444,2026-04-26 22:54:11.212444,26.030967712402344
2026-04-26 22:54:11.412723,2026-04-26 22:54:11.412723,24.76304054260254
2026-04-26 22:54:11.615134,2026-04-26 22:54:11.615134,23.685304641723636
2026-04-26 22:54:11.812572,2026-04-26 22:54:11.812572,22.769227981567383
2026-04-26 22:54:12.013854,2026-04-26 22:54:12.013854,21.814781188964844
2026-04-26 22:54:12.213013,2026-04-26 22:54:12.213013,21.003501892089844
2026-04-26 22:54:12.412641,2026-04-26 22:54:12.412641,20.313913345336918
2026-04-26 22:54:12.612980,2026-04-26 22:54:12.612980,19.727764129638672
2026-04-26 22:54:12.813219,2026-04-26 22:54:12.813219,19.229536056518555
2026-04-26 22:54:13.014185,2026-04-26 22:54:13.014185,18.80604362487793
2026-04-26 22:54:13.212699,2026-04-26 22:54:13.212699,18.446075439453125
2026-04-26 22:54:13.413062,2026-04-26 22:54:13.413062,18.140100479125977
2026-04-26 22:54:13.612584,2026-04-26 22:54:13.612584,17.880023956298828
2026-04-26 22:54:13.812735,2026-04-26 22:54:13.812735,17.65895652770996
2026-04-26 22:54:14.013311,2026-04-26 22:54:14.013311,17.471052169799805
2026-04-26 22:54:14.213394,2026-04-26 22:54:14.213394,17.311330795288086
2026-04-26 22:54:14.412881,2026-04-26 22:54:14.412881,17.175569534301758
2026-04-26 22:54:14.613262,2026-04-26 22:54:14.613262,17.060171127319336
2026-04-26 22:54:14.814941,2026-04-26 22:54:14.814941,16.96208381652832
2026-04-26 22:54:15.013106,2026-04-26 22:54:15.013106,16.878707885742188
2026-04-26 22:54:15.214275,2026-04-26 22:54:15.214275,16.807838439941406
2026-04-26 22:54:15.412465,2026-04-26 22:54:15.412465,16.747600555419922
2026-04-26 22:54:15.612771,2026-04-26 22:54:15.612771,16.52061653137207
2026-04-26 22:54:15.812873,2026-04-26 22:54:15.812873,16.503461837768555
2026-04-26 22:54:16.016254,2026-04-26 22:54:16.016254,16.488880157470703
2026-04-26 22:54:16.214710,2026-04-26 22:54:16.214710,16.652267456054688
2026-04-26 22:54:16.412943,2026-04-26 22:54:16.412943,16.79114532470703
2026-04-26 22:54:16.614421,2026-04-26 22:54:16.614421,16.90919303894043
2026-04-26 22:54:16.813629,2026-04-26 22:54:16.813629,17.361095428466797
2026-04-26 22:54:17.012720,2026-04-26 22:54:17.012720,17.92099380493164
2026-04-26 22:54:17.213337,2026-04-26 22:54:17.213337,18.22112464904785
2026-04-26 22:54:17.413065,2026-04-26 22:54:17.413065,18.652019500732425
2026-04-26 22:54:17.614911,2026-04-26 22:54:17.614911,18.84249687194824
2026-04-26 22:54:17.813528,2026-04-26 22:54:17.813528,19.180185317993164
2026-04-26 22:54:18.014154,2026-04-26 22:54:18.014154,19.291439056396484
2026-04-26 22:54:18.213920,2026-04-26 22:54:18.213920,19.56178474426269
2026-04-26 22:54:18.413486,2026-04-26 22:54:18.413486,19.791580200195312
2026-04-26 22:54:18.613563,2026-04-26 22:54:18.613563,19.986906051635746
2026-04-26 22:54:18.813461,2026-04-26 22:54:18.813461,20.32871437072754
2026-04-26 22:54:19.013185,2026-04-26 22:54:19.013185,20.61924934387207
2026-04-26 22:54:19.213850,2026-04-26 22:54:19.213850,20.86620712280273
2026-04-26 22:54:19.414820,2026-04-26 22:54:19.414820,21.07611846923828
2026-04-26 22:54:19.612803,2026-04-26 22:54:19.612803,21.254545211791992
2026-04-26 22:54:19.815376,2026-04-26 22:54:19.815376,21.40620803833008
2026-04-26 22:54:20.016260,2026-04-26 22:54:20.016260,21.710901260375977
2026-04-26 22:54:20.212654,2026-04-26 22:54:20.212654,21.969890594482425
2026-04-26 22:54:20.415887,2026-04-26 22:54:20.415887,22.19003295898437
2026-04-26 22:54:20.613807,2026-04-26 22:54:20.613807,22.37715148925781
2026-04-26 22:54:20.815035,2026-04-26 22:54:20.815035,22.536205291748047
2026-04-26 22:54:21.013290,2026-04-26 22:54:21.013290,22.6713981628418
2026-04-26 22:54:21.215307,2026-04-26 22:54:21.215307,22.96209526062012
2026-04-26 22:54:21.415183,2026-04-26 22:54:21.415183,23.20918655395508
2026-04-26 22:54:21.612433,2026-04-26 22:54:21.612433,23.41921615600586
2026-04-26 22:54:21.816499,2026-04-26 22:54:21.816499,23.597740173339844
2026-04-26 22:54:22.013385,2026-04-26 22:54:22.013385,23.74948501586914
2026-04-26 22:54:22.214064,2026-04-26 22:54:22.214064,23.878467559814453
2026-04-26 22:54:22.413736,2026-04-26 22:54:22.413736,24.16388511657715
2026-04-26 22:54:22.613593,2026-04-26 22:54:22.613593,24.40649032592773
2026-04-26 22:54:22.814575,2026-04-26 22:54:22.814575,24.612703323364254
2026-04-26 22:54:23.015941,2026-04-26 22:54:23.015941,24.787986755371094
2026-04-26 22:54:23.213976,2026-04-26 22:54:23.213976,24.936975479125977
2026-04-26 22:54:23.414918,2026-04-26 22:54:23.414918,22.778461456298828
2026-04-26 22:54:23.619505,2026-04-26 22:54:23.619505,23.404659271240234
2026-04-26 22:54:23.815318,2026-04-26 22:54:23.815318,23.93692970275879
2026-04-26 22:54:24.015132,2026-04-26 22:54:24.015132,24.38935852050781
2026-04-26 22:54:24.213274,2026-04-26 22:54:24.213274,24.949705123901367
2026-04-26 22:54:24.413222,2026-04-26 22:54:24.413222,25.42599868774414
2026-04-26 22:54:24.613281,2026-04-26 22:54:24.613281,25.830848693847656
2026-04-26 22:54:24.813497,2026-04-26 22:54:24.813497,26.174972534179688
2026-04-26 22:54:25.013547,2026-04-26 22:54:25.013547,26.64325714111328
2026-04-26 22:54:25.214063,2026-04-26 22:54:25.214063,26.86551856994629
2026-04-26 22:54:25.412880,2026-04-26 22:54:25.412880,27.054441452026367
2026-04-26 22:54:25.613425,2026-04-26 22:54:25.613425,27.21502494812012
2026-04-26 22:54:25.812753,2026-04-26 22:54:25.812753,27.35152053833008
2026-04-26 22:54:26.013960,2026-04-26 22:54:26.013960,27.46754264831543
2026-04-26 22:54:26.215840,2026-04-26 22:54:26.215840,27.741943359375
2026-04-26 22:54:26.413545,2026-04-26 22:54:26.413545,27.97518348693848
2026-04-26 22:54:26.613359,2026-04-26 22:54:26.613359,27.997655868530277
2026-04-26 22:54:26.813701,2026-04-26 22:54:26.813701,28.192537307739254
2026-04-26 22:54:27.015285,2026-04-26 22:54:27.015285,28.35818862915039
2026-04-26 22:54:27.213079,2026-04-26 22:54:27.213079,28.49899101257324
2026-04-26 22:54:27.413161,2026-04-26 22:54:27.413161,28.61867332458496
2026-04-26 22:54:27.612433,2026-04-26 22:54:27.612433,28.72040367126465
2026-04-26 22:54:27.812740,2026-04-26 22:54:27.812740,28.80687522888184
2026-04-26 22:54:28.013445,2026-04-26 22:54:28.013445,28.880374908447266
2026-04-26 22:54:28.212501,2026-04-26 22:54:28.212501,28.94285011291504
2026-04-26 22:54:28.412911,2026-04-26 22:54:28.412911,28.995954513549805
2026-04-26 22:54:28.613021,2026-04-26 22:54:28.613021,29.041091918945312
2026-04-26 22:54:28.813729,2026-04-26 22:54:28.813729,29.07946014404297
2026-04-26 22:54:41.914630,2026-04-26 22:54:41.914630,29.1120719909668
2026-04-26 22:54:42.114109,2026-04-26 22:54:42.114109,29.13979148864746
2026-04-26 22:54:42.313378,2026-04-26 22:54:42.313378,29.163354873657227
2026-04-26 22:54:42.514043,2026-04-26 22:54:42.514043,29.18338203430176
2026-04-26 22:54:42.715559,2026-04-26 22:54:42.715559,29.20040702819824
2026-04-26 22:54:42.914433,2026-04-26 22:54:42.914433,29.21487617492676
2026-04-26 22:54:43.114007,2026-04-26 22:54:43.114007,29.22717666625977
2026-04-26 22:54:43.315578,2026-04-26 22:54:43.315578,29.23763084411621
2026-04-26 22:54:43.514277,2026-04-26 22:54:43.514277,29.246517181396484
2026-04-26 22:54:43.715235,2026-04-26 22:54:43.715235,29.25407218933105
2026-04-26 22:54:43.913050,2026-04-26 22:54:43.913050,29.2604923248291
2026-04-26 22:54:44.113892,2026-04-26 22:54:44.113892,29.265949249267575
2026-04-26 22:54:44.313838,2026-04-26 22:54:44.313838,29.270587921142575
2026-04-26 22:54:44.513397,2026-04-26 22:54:44.513397,29.2745304107666
2026-04-26 22:54:44.714999,2026-04-26 22:54:44.714999,29.27788352966309
2026-04-26 22:54:44.915576,2026-04-26 22:54:44.915576,29.280731201171875
2026-04-26 22:54:45.115205,2026-04-26 22:54:45.115205,29.283153533935547
2026-04-26 22:54:45.316150,2026-04-26 22:54:45.316150,29.28521156311035
2026-04-26 22:54:45.514595,2026-04-26 22:54:45.514595,29.28696060180664
2026-04-26 22:54:45.715925,2026-04-26 22:54:45.715925,29.112667083740234
2026-04-26 22:54:45.915126,2026-04-26 22:54:45.915126,28.96451759338379
2026-04-26 22:54:46.115226,2026-04-26 22:54:46.115226,28.83858871459961
2026-04-26 22:54:46.314319,2026-04-26 22:54:46.314319,28.731550216674805
2026-04-26 22:54:46.513938,2026-04-26 22:54:46.513938,28.640567779541016
2026-04-26 22:54:46.714218,2026-04-26 22:54:46.714218,28.563232421875
2026-04-26 22:54:46.913877,2026-04-26 22:54:46.913877,28.49749755859375
2026-04-26 22:54:47.116799,2026-04-26 22:54:47.116799,28.44162368774414
2026-04-26 22:54:47.313482,2026-04-26 22:54:47.313482,28.39413070678711
2026-04-26 22:54:47.514377,2026-04-26 22:54:47.514377,28.353759765625
2026-04-26 22:54:47.713822,2026-04-26 22:54:47.713822,28.319446563720703
2026-04-26 22:54:47.913478,2026-04-26 22:54:47.913478,28.29027938842773
2026-04-26 22:54:48.113661,2026-04-26 22:54:48.113661,28.26548767089844
2026-04-26 22:54:48.314036,2026-04-26 22:54:48.314036,28.244415283203125
2026-04-26 22:54:48.513836,2026-04-26 22:54:48.513836,28.22650146484375
2026-04-26 22:54:48.716324,2026-04-26 22:54:48.716324,28.21127700805664
2026-04-26 22:54:48.914573,2026-04-26 22:54:48.914573,28.198335647583008
2026-04-26 22:54:49.112808,2026-04-26 22:54:49.112808,28.011554718017575
2026-04-26 22:54:49.314237,2026-04-26 22:54:49.314237,27.8527889251709
2026-04-26 22:54:49.513157,2026-04-26 22:54:49.513157,27.89362144470215
2026-04-26 22:54:49.713339,2026-04-26 22:54:49.713339,27.752546310424805
2026-04-26 22:54:49.912757,2026-04-26 22:54:49.912757,27.63263320922852
2026-04-26 22:54:50.112509,2026-04-26 22:54:50.112509,27.53070640563965
2026-04-26 22:54:50.312516,2026-04-26 22:54:50.312516,25.686256408691406
2026-04-26 22:54:50.514414,2026-04-26 22:54:50.514414,24.11847496032715
2026-04-26 22:54:50.713043,2026-04-26 22:54:50.713043,22.785860061645508
2026-04-26 22:54:50.913643,2026-04-26 22:54:50.913643,21.82891845703125
2026-04-26 22:54:51.115378,2026-04-26 22:54:51.115378,21.01551818847656
2026-04-26 22:54:51.315503,2026-04-26 22:54:51.315503,20.675689697265625
2026-04-26 22:54:51.507708,2026-04-26 22:54:51.507708,20.562618255615234
2026-04-26 22:54:51.712525,2026-04-26 22:54:51.712525,20.11494445800781
2026-04-26 22:54:51.913846,2026-04-26 22:54:51.913846,19.734420776367188
2026-04-26 22:54:52.113419,2026-04-26 22:54:52.113419,19.41097640991211
2026-04-26 22:54:52.313144,2026-04-26 22:54:52.313144,19.136049270629883
2026-04-26 22:54:52.512838,2026-04-26 22:54:52.512838,18.90236091613769
2026-04-26 22:54:52.712421,2026-04-26 22:54:52.712421,18.703725814819336
2026-04-26 22:54:52.912871,2026-04-26 22:54:52.912871,18.53488540649414
2026-04-26 22:54:53.113270,2026-04-26 22:54:53.113270,18.21558952331543
2026-04-26 22:54:53.314726,2026-04-26 22:54:53.314726,18.119970321655277
2026-04-26 22:54:53.513680,2026-04-26 22:54:53.513680,17.862911224365234
2026-04-26 22:54:53.712919,2026-04-26 22:54:53.712919,17.820194244384766
2026-04-26 22:54:53.912926,2026-04-26 22:54:53.912926,17.959665298461914
2026-04-26 22:54:54.113171,2026-04-26 22:54:54.113171,17.902433395385742
2026-04-26 22:54:54.314246,2026-04-26 22:54:54.314246,17.853788375854492
2026-04-26 22:54:54.513440,2026-04-26 22:54:54.513440,17.81243896484375
2026-04-26 22:54:54.712540,2026-04-26 22:54:54.712540,17.77729034423828
2026-04-26 22:54:54.914186,2026-04-26 22:54:54.914186,17.92319679260254
2026-04-26 22:54:55.113493,2026-04-26 22:54:55.113493,18.047218322753903
2026-04-26 22:54:55.313352,2026-04-26 22:54:55.313352,17.97685432434082
2026-04-26 22:54:55.513171,2026-04-26 22:54:55.513171,17.917043685913086
2026-04-26 22:54:55.712945,2026-04-26 22:54:55.712945,17.866207122802734
2026-04-26 22:54:55.914691,2026-04-26 22:54:55.914691,17.822994232177734
2026-04-26 22:54:56.113055,2026-04-26 22:54:56.113055,17.786264419555664
2026-04-26 22:54:56.313021,2026-04-26 22:54:56.313021,17.755043029785156
2026-04-26 22:54:56.513928,2026-04-26 22:54:56.513928,17.728506088256836
2026-04-26 22:54:56.712595,2026-04-26 22:54:56.712595,17.881729125976562
2026-04-26 22:54:56.912863,2026-04-26 22:54:56.912863,17.83618927001953
2026-04-26 22:54:57.113619,2026-04-26 22:54:57.113619,17.9732608795166
2026-04-26 22:54:57.313179,2026-04-26 22:54:57.313179,18.089771270751957
2026-04-26 22:54:57.513026,2026-04-26 22:54:57.513026,18.18880653381348
2026-04-26 22:54:57.713394,2026-04-26 22:54:57.713394,18.272985458374023
2026-04-26 22:54:57.913757,2026-04-26 22:54:57.913757,18.34453773498535
2026-04-26 22:54:58.115793,2026-04-26 22:54:58.115793,18.405357360839844
2026-04-26 22:54:58.313617,2026-04-26 22:54:58.313617,18.45705223083496
2026-04-26 22:54:58.514658,2026-04-26 22:54:58.514658,18.500995635986328
2026-04-26 22:54:58.712875,2026-04-26 22:54:58.712875,18.538345336914062
2026-04-26 22:54:58.912930,2026-04-26 22:54:58.912930,18.570093154907227
2026-04-26 22:54:59.113467,2026-04-26 22:54:59.113467,18.59708023071289
2026-04-26 22:54:59.313566,2026-04-26 22:54:59.313566,18.620018005371094
2026-04-26 22:54:59.513037,2026-04-26 22:54:59.513037,18.639514923095703
2026-04-26 22:54:59.714768,2026-04-26 22:54:59.714768,18.83186912536621
2026-04-26 22:54:59.912597,2026-04-26 22:54:59.912597,18.995370864868164
2026-04-26 22:55:00.112875,2026-04-26 22:55:00.112875,19.13434600830078
2026-04-26 22:55:00.314251,2026-04-26 22:55:00.314251,19.25247573852539
2026-04-26 22:55:00.513522,2026-04-26 22:55:00.513522,19.35288429260254
2026-04-26 22:55:00.714310,2026-04-26 22:55:00.714310,19.438234329223636
2026-04-26 22:55:00.913793,2026-04-26 22:55:00.913793,19.686561584472656
2026-04-26 22:55:01.113700,2026-04-26 22:55:01.113700,19.897640228271484
2026-04-26 22:55:01.313963,2026-04-26 22:55:01.313963,20.252838134765625
2026-04-26 22:55:01.515764,2026-04-26 22:55:01.515764,20.55475616455078
2026-04-26 22:55:01.715530,2026-04-26 22:55:01.715530,20.81138610839844
2026-04-26 22:55:01.913404,2026-04-26 22:55:01.913404,21.205303192138672
2026-04-26 22:55:02.113782,2026-04-26 22:55:02.113782,21.540132522583008
2026-04-26 22:55:02.314409,2026-04-26 22:55:02.314409,21.824737548828125
2026-04-26 22:55:02.512862,2026-04-26 22:55:02.512862,22.242433547973636
2026-04-26 22:55:02.714179,2026-04-26 22:55:02.714179,22.421693801879883
2026-04-26 22:55:02.913483,2026-04-26 22:55:02.913483,22.749845504760746
2026-04-26 22:55:03.114813,2026-04-26 22:55:03.114813,23.02877426147461
2026-04-26 22:55:03.314154,2026-04-26 22:55:03.314154,23.26586532592773
2026-04-26 22:55:03.512737,2026-04-26 22:55:03.512737,23.46739196777344
2026-04-26 22:55:03.715729,2026-04-26 22:55:03.715729,23.63868904113769
2026-04-26 22:55:03.913499,2026-04-26 22:55:03.913499,23.784292221069336
2026-04-26 22:55:04.113373,2026-04-26 22:55:04.113373,23.90805435180664
2026-04-26 22:55:04.314726,2026-04-26 22:55:04.314726,24.01325225830078
2026-04-26 22:55:04.514637,2026-04-26 22:55:04.514637,24.102670669555664
2026-04-26 22:55:04.714562,2026-04-26 22:55:04.714562,24.17867660522461
2026-04-26 22:55:04.915078,2026-04-26 22:55:04.915078,24.2432804107666
2026-04-26 22:55:05.115760,2026-04-26 22:55:05.115760,24.298194885253903
2026-04-26 22:55:05.313051,2026-04-26 22:55:05.313051,24.344871520996094
2026-04-26 22:55:05.513134,2026-04-26 22:55:05.513134,24.38454818725586
2026-04-26 22:55:05.713391,2026-04-26 22:55:05.713391,24.418272018432617
2026-04-26 22:55:05.912570,2026-04-26 22:55:05.912570,24.44693756103516
2026-04-26 22:55:06.113090,2026-04-26 22:55:06.113090,24.471302032470703
2026-04-26 22:55:06.313560,2026-04-26 22:55:06.313560,24.49201393127441
2026-04-26 22:55:06.513458,2026-04-26 22:55:06.513458,24.509618759155277
2026-04-26 22:55:06.714347,2026-04-26 22:55:06.714347,24.524581909179688
2026-04-26 22:55:06.913017,2026-04-26 22:55:06.913017,24.53730010986328
2026-04-26 22:55:07.112401,2026-04-26 22:55:07.112401,24.548110961914062
2026-04-26 22:55:20.212755,2026-04-26 22:55:20.212755,24.557300567626957
2026-04-26 22:55:20.414391,2026-04-26 22:55:20.414391,24.565113067626957
2026-04-26 22:55:20.612598,2026-04-26 22:55:20.612598,24.571752548217773
2026-04-26 22:55:20.813388,2026-04-26 22:55:20.813388,24.577394485473636
2026-04-26 22:55:21.014869,2026-04-26 22:55:21.014869,24.58219146728516
2026-04-26 22:55:21.212845,2026-04-26 22:55:21.212845,24.58626937866211
2026-04-26 22:55:21.413766,2026-04-26 22:55:21.413766,24.58973503112793
2026-04-26 22:55:21.615284,2026-04-26 22:55:21.615284,24.592681884765625
2026-04-26 22:55:21.812814,2026-04-26 22:55:21.812814,24.595186233520508
2026-04-26 22:55:22.013849,2026-04-26 22:55:22.013849,24.597312927246094
2026-04-26 22:55:22.213836,2026-04-26 22:55:22.213836,24.599123001098636
2026-04-26 22:55:22.414250,2026-04-26 22:55:22.414250,24.60066032409668
2026-04-26 22:55:22.614712,2026-04-26 22:55:22.614712,24.60196876525879
2026-04-26 22:55:22.815262,2026-04-26 22:55:22.815262,24.60307884216309
2026-04-26 22:55:23.013001,2026-04-26 22:55:23.013001,24.604022979736328
2026-04-26 22:55:23.214725,2026-04-26 22:55:23.214725,24.604825973510746
2026-04-26 22:55:23.414568,2026-04-26 22:55:23.414568,24.60550880432129
2026-04-26 22:55:23.613179,2026-04-26 22:55:23.613179,24.606088638305664
2026-04-26 22:55:23.813448,2026-04-26 22:55:23.813448,24.60658073425293
2026-04-26 22:55:24.014426,2026-04-26 22:55:24.014426,24.60700035095215
2026-04-26 22:55:24.214991,2026-04-26 22:55:24.214991,24.783138275146484
2026-04-26 22:55:24.415926,2026-04-26 22:55:24.415926,25.1086368560791
2026-04-26 22:55:24.613807,2026-04-26 22:55:24.613807,25.38530921936035
2026-04-26 22:55:24.816525,2026-04-26 22:55:24.816525,25.796262741088867
2026-04-26 22:55:25.014836,2026-04-26 22:55:25.014836,24.73932266235352
2026-04-26 22:55:25.213558,2026-04-26 22:55:25.213558,23.840925216674805
2026-04-26 22:55:25.414285,2026-04-26 22:55:25.414285,23.07728576660156
2026-04-26 22:55:25.615323,2026-04-26 22:55:25.615323,22.428194046020508
2026-04-26 22:55:25.813148,2026-04-26 22:55:25.813148,21.87646484375
2026-04-26 22:55:26.013098,2026-04-26 22:55:26.013098,21.407495498657227
2026-04-26 22:55:26.213227,2026-04-26 22:55:26.213227,21.00887107849121
2026-04-26 22:55:26.413257,2026-04-26 22:55:26.413257,20.670040130615234
2026-04-26 22:55:26.616653,2026-04-26 22:55:26.616653,20.38203430175781
2026-04-26 22:55:26.813431,2026-04-26 22:55:26.813431,20.13722801208496
2026-04-26 22:55:27.012384,2026-04-26 22:55:27.012384,19.92914390563965
2026-04-26 22:55:27.213317,2026-04-26 22:55:27.213317,19.752273559570312
2026-04-26 22:55:27.407346,2026-04-26 22:55:27.407346,19.60193252563477
2026-04-26 22:55:27.612647,2026-04-26 22:55:27.612647,21.05617332458496
2026-04-26 22:55:27.813323,2026-04-26 22:55:27.813323,20.71024703979492
2026-04-26 22:55:28.013154,2026-04-26 22:55:28.013154,20.416210174560547
2026-04-26 22:55:28.213377,2026-04-26 22:55:28.213377,21.748310089111328
2026-04-26 22:55:28.413558,2026-04-26 22:55:28.413558,21.29856300354004
2026-04-26 22:55:28.613543,2026-04-26 22:55:28.613543,20.916278839111328
2026-04-26 22:55:28.813657,2026-04-26 22:55:28.813657,20.59133720397949
2026-04-26 22:55:29.013693,2026-04-26 22:55:29.013693,20.315135955810547
2026-04-26 22:55:29.213044,2026-04-26 22:55:29.213044,20.080366134643555
2026-04-26 22:55:29.412437,2026-04-26 22:55:29.412437,19.88081169128418
2026-04-26 22:55:29.613623,2026-04-26 22:55:29.613623,19.71118927001953
2026-04-26 22:55:29.814845,2026-04-26 22:55:29.814845,19.5670108795166
2026-04-26 22:55:30.014266,2026-04-26 22:55:30.014266,19.268678665161133
2026-04-26 22:55:30.212921,2026-04-26 22:55:30.212921,19.01509475708008
2026-04-26 22:55:30.412615,2026-04-26 22:55:30.412615,18.975330352783203
2026-04-26 22:55:30.613656,2026-04-26 22:55:30.613656,18.94153213500977
2026-04-26 22:55:30.812913,2026-04-26 22:55:30.812913,18.91280174255371
2026-04-26 22:55:31.013073,2026-04-26 22:55:31.013073,18.88838195800781
2026-04-26 22:55:31.213138,2026-04-26 22:55:31.213138,18.867624282836918
2026-04-26 22:55:31.413396,2026-04-26 22:55:31.413396,18.8499813079834
2026-04-26 22:55:31.613704,2026-04-26 22:55:31.613704,18.834983825683597
2026-04-26 22:55:31.812373,2026-04-26 22:55:31.812373,18.822235107421875
2026-04-26 22:55:32.016238,2026-04-26 22:55:32.016238,18.8114013671875
2026-04-26 22:55:32.214563,2026-04-26 22:55:32.214563,18.80219078063965
2026-04-26 22:55:32.416560,2026-04-26 22:55:32.416560,18.794361114501957
2026-04-26 22:55:32.613505,2026-04-26 22:55:32.613505,18.787708282470703
2026-04-26 22:55:32.813887,2026-04-26 22:55:32.813887,18.78205108642578
2026-04-26 22:55:33.012851,2026-04-26 22:55:33.012851,18.777244567871094
2026-04-26 22:55:33.214693,2026-04-26 22:55:33.214693,18.597375869750977
2026-04-26 22:55:33.412581,2026-04-26 22:55:33.412581,18.620269775390625
2026-04-26 22:55:33.613348,2026-04-26 22:55:33.613348,18.815509796142575
2026-04-26 22:55:33.812843,2026-04-26 22:55:33.812843,19.157245635986328
2026-04-26 22:55:34.013758,2026-04-26 22:55:34.013758,19.44772148132324
2026-04-26 22:55:34.212978,2026-04-26 22:55:34.212978,19.694625854492188
2026-04-26 22:55:34.412914,2026-04-26 22:55:34.412914,19.72871398925781
2026-04-26 22:55:34.614579,2026-04-26 22:55:34.614579,19.933469772338867
2026-04-26 22:55:34.813003,2026-04-26 22:55:34.813003,20.283292770385746
2026-04-26 22:55:35.012995,2026-04-26 22:55:35.012995,20.580642700195312
2026-04-26 22:55:35.213511,2026-04-26 22:55:35.213511,20.83338928222656
2026-04-26 22:55:35.414531,2026-04-26 22:55:35.414531,21.22400665283203
2026-04-26 22:55:35.616020,2026-04-26 22:55:35.616020,21.7318115234375
2026-04-26 22:55:35.813311,2026-04-26 22:55:35.813311,22.1634464263916
2026-04-26 22:55:36.013580,2026-04-26 22:55:36.013580,22.17877197265625
2026-04-26 22:55:36.213810,2026-04-26 22:55:36.213810,22.367582321166992
2026-04-26 22:55:36.412776,2026-04-26 22:55:36.412776,22.1765079498291
2026-04-26 22:55:36.612928,2026-04-26 22:55:36.612928,22.01409339904785
2026-04-26 22:55:36.813793,2026-04-26 22:55:36.813793,21.70026016235352
2026-04-26 22:55:37.014736,2026-04-26 22:55:37.014736,21.609283447265625
2026-04-26 22:55:37.213647,2026-04-26 22:55:37.213647,21.356172561645508
2026-04-26 22:55:37.412492,2026-04-26 22:55:37.412492,20.965246200561523
2026-04-26 22:55:37.613721,2026-04-26 22:55:37.613721,20.632959365844727
2026-04-26 22:55:37.814465,2026-04-26 22:55:37.814465,20.350515365600582
2026-04-26 22:55:38.012463,2026-04-26 22:55:38.012463,20.11043930053711
2026-04-26 22:55:38.213928,2026-04-26 22:55:38.213928,19.9063720703125
2026-04-26 22:55:38.412930,2026-04-26 22:55:38.412930,19.7329158782959
2026-04-26 22:55:38.612815,2026-04-26 22:55:38.612815,19.409698486328125
2026-04-26 22:55:38.812845,2026-04-26 22:55:38.812845,19.13496208190918
2026-04-26 22:55:39.012981,2026-04-26 22:55:39.012981,18.90143585205078
2026-04-26 22:55:39.213113,2026-04-26 22:55:39.213113,18.878721237182617
2026-04-26 22:55:39.412444,2026-04-26 22:55:39.412444,18.683631896972656
2026-04-26 22:55:39.613277,2026-04-26 22:55:39.613277,18.517805099487305
2026-04-26 22:55:39.813985,2026-04-26 22:55:39.813985,18.376853942871094
2026-04-26 22:55:40.012392,2026-04-26 22:55:40.012392,18.257043838500977
2026-04-26 22:55:40.213207,2026-04-26 22:55:40.213207,18.15520668029785
2026-04-26 22:55:40.416447,2026-04-26 22:55:40.416447,18.06864356994629
2026-04-26 22:55:40.612941,2026-04-26 22:55:40.612941,17.995065689086914
2026-04-26 22:55:40.812758,2026-04-26 22:55:40.812758,17.932525634765625
2026-04-26 22:55:41.014330,2026-04-26 22:55:41.014330,17.879365921020508
2026-04-26 22:55:41.212868,2026-04-26 22:55:41.212868,17.834178924560547
2026-04-26 22:55:41.413876,2026-04-26 22:55:41.413876,17.7957706451416
2026-04-26 22:55:41.612509,2026-04-26 22:55:41.612509,17.763124465942383
2026-04-26 22:55:41.815989,2026-04-26 22:55:41.815989,17.735374450683594
2026-04-26 22:55:42.013520,2026-04-26 22:55:42.013520,17.7117862701416
2026-04-26 22:55:42.215314,2026-04-26 22:55:42.215314,17.86751937866211
2026-04-26 22:55:42.413875,2026-04-26 22:55:42.413875,17.99989128112793
2026-04-26 22:55:42.613974,2026-04-26 22:55:42.613974,18.11240768432617
2026-04-26 22:55:42.813929,2026-04-26 22:55:42.813929,18.208045959472656
2026-04-26 22:55:43.013525,2026-04-26 22:55:43.013525,18.28933906555176
2026-04-26 22:55:43.216754,2026-04-26 22:55:43.216754,18.35843849182129
2026-04-26 22:55:43.414125,2026-04-26 22:55:43.414125,18.41717338562012
2026-04-26 22:55:43.615093,2026-04-26 22:55:43.615093,18.46709632873535
2026-04-26 22:55:43.814808,2026-04-26 22:55:43.814808,18.5095329284668
2026-04-26 22:55:44.014560,2026-04-26 22:55:44.014560,18.721384048461918
2026-04-26 22:55:44.216652,2026-04-26 22:55:44.216652,18.901456832885746
2026-04-26 22:55:44.414196,2026-04-26 22:55:44.414196,18.878738403320312
2026-04-26 22:55:44.614276,2026-04-26 22:55:44.614276,18.85942840576172
2026-04-26 22:55:44.813827,2026-04-26 22:55:44.813827,18.84301376342773
2026-04-26 22:55:45.015213,2026-04-26 22:55:45.015213,19.00484275817871
2026-04-26 22:55:45.214365,2026-04-26 22:55:45.214365,19.142396926879883
2026-04-26 22:55:45.415100,2026-04-26 22:55:45.415100,19.25931930541992
2026-04-26 22:55:58.512449,2026-04-26 22:55:58.512449,20.06182861328125
2026-04-26 22:55:58.713727,2026-04-26 22:55:58.713727,20.743959426879883
2026-04-26 22:55:58.913700,2026-04-26 22:55:58.913700,21.14799118041992
2026-04-26 22:55:59.113953,2026-04-26 22:55:59.113953,21.315635681152344
2026-04-26 22:55:59.314045,2026-04-26 22:55:59.314045,21.63391494750977
2026-04-26 22:55:59.512287,2026-04-26 22:55:59.512287,21.72867202758789
2026-04-26 22:55:59.712360,2026-04-26 22:55:59.712360,21.809215545654297
2026-04-26 22:55:59.915572,2026-04-26 22:55:59.915572,21.87767601013184
2026-04-26 22:56:00.112425,2026-04-26 22:56:00.112425,21.935869216918945
2026-04-26 22:56:00.314882,2026-04-26 22:56:00.314882,21.985332489013672
2026-04-26 22:56:00.512738,2026-04-26 22:56:00.512738,22.02737617492676
2026-04-26 22:56:00.712978,2026-04-26 22:56:00.712978,22.06311416625977
2026-04-26 22:56:00.914959,2026-04-26 22:56:00.914959,21.917709350585938
2026-04-26 22:56:01.115367,2026-04-26 22:56:01.115367,21.79411506652832
2026-04-26 22:56:01.313963,2026-04-26 22:56:01.313963,21.68906021118164
2026-04-26 22:56:01.512825,2026-04-26 22:56:01.512825,21.599763870239254
2026-04-26 22:56:01.713931,2026-04-26 22:56:01.713931,21.523860931396484
2026-04-26 22:56:01.912527,2026-04-26 22:56:01.912527,21.6351261138916
2026-04-26 22:56:02.112480,2026-04-26 22:56:02.112480,21.729700088500977
2026-04-26 22:56:02.315207,2026-04-26 22:56:02.315207,21.810089111328125
2026-04-26 22:56:02.514808,2026-04-26 22:56:02.514808,21.878419876098636
2026-04-26 22:56:02.716894,2026-04-26 22:56:02.716894,21.936500549316406
2026-04-26 22:56:02.912959,2026-04-26 22:56:02.912959,21.98586845397949
2026-04-26 22:56:03.115412,2026-04-26 22:56:03.115412,22.02783203125
2026-04-26 22:56:03.312520,2026-04-26 22:56:03.312520,22.063501358032227
2026-04-26 22:56:03.514635,2026-04-26 22:56:03.514635,22.09382057189941
2026-04-26 22:56:03.716013,2026-04-26 22:56:03.716013,22.119590759277344
2026-04-26 22:56:03.914231,2026-04-26 22:56:03.914231,22.141496658325195
2026-04-26 22:56:04.115037,2026-04-26 22:56:04.115037,22.16011619567871
2026-04-26 22:56:04.315512,2026-04-26 22:56:04.315512,22.17594146728516
2026-04-26 22:56:04.513676,2026-04-26 22:56:04.513676,22.189393997192383
2026-04-26 22:56:04.714971,2026-04-26 22:56:04.714971,22.200828552246094
2026-04-26 22:56:04.913259,2026-04-26 22:56:04.913259,22.210548400878903
2026-04-26 22:56:05.113965,2026-04-26 22:56:05.113965,22.218809127807617
2026-04-26 22:56:05.317549,2026-04-26 22:56:05.317549,22.225831985473636
2026-04-26 22:56:05.514338,2026-04-26 22:56:05.514338,22.407581329345703
2026-04-26 22:56:05.714740,2026-04-26 22:56:05.714740,22.562070846557617
2026-04-26 22:56:05.914622,2026-04-26 22:56:05.914622,22.693384170532227
2026-04-26 22:56:06.115558,2026-04-26 22:56:06.115558,22.80500221252441
2026-04-26 22:56:06.315759,2026-04-26 22:56:06.315759,22.89987564086914
2026-04-26 22:56:06.514420,2026-04-26 22:56:06.514420,22.98052024841309
2026-04-26 22:56:06.714642,2026-04-26 22:56:06.714642,23.0490665435791
2026-04-26 22:56:06.914729,2026-04-26 22:56:06.914729,23.107332229614254
2026-04-26 22:56:07.114729,2026-04-26 22:56:07.114729,23.156856536865234
2026-04-26 22:56:07.312644,2026-04-26 22:56:07.312644,23.19895362854004
2026-04-26 22:56:07.513881,2026-04-26 22:56:07.513881,23.2347354888916
2026-04-26 22:56:07.712528,2026-04-26 22:56:07.712528,23.26515007019043
2026-04-26 22:56:07.914530,2026-04-26 22:56:07.914530,23.29100227355957
2026-04-26 22:56:08.115370,2026-04-26 22:56:08.115370,23.312976837158203
2026-04-26 22:56:08.312732,2026-04-26 22:56:08.312732,23.331655502319336
2026-04-26 22:56:08.514623,2026-04-26 22:56:08.514623,23.347532272338867
2026-04-26 22:56:08.720319,2026-04-26 22:56:08.720319,23.361026763916016
2026-04-26 22:56:08.912524,2026-04-26 22:56:08.912524,23.37249755859375
2026-04-26 22:56:09.114637,2026-04-26 22:56:09.114637,23.558029174804688
2026-04-26 22:56:09.314963,2026-04-26 22:56:09.314963,23.71573257446289
2026-04-26 22:56:09.512569,2026-04-26 22:56:09.512569,23.849777221679688
2026-04-26 22:56:09.712961,2026-04-26 22:56:09.712961,23.96371841430664
2026-04-26 22:56:09.912347,2026-04-26 22:56:09.912347,24.060565948486328
2026-04-26 22:56:10.115206,2026-04-26 22:56:10.115206,24.14288711547852
2026-04-26 22:56:10.314408,2026-04-26 22:56:10.314408,24.212860107421875
2026-04-26 22:56:10.513199,2026-04-26 22:56:10.513199,24.272336959838867
2026-04-26 22:56:10.713000,2026-04-26 22:56:10.713000,24.322893142700195
2026-04-26 22:56:10.912612,2026-04-26 22:56:10.912612,24.36586570739746
2026-04-26 22:56:11.112546,2026-04-26 22:56:11.112546,24.40239143371582
2026-04-26 22:56:11.313139,2026-04-26 22:56:11.313139,24.433439254760746
2026-04-26 22:56:11.513077,2026-04-26 22:56:11.513077,24.459829330444336
2026-04-26 22:56:11.713243,2026-04-26 22:56:11.713243,24.482261657714844
2026-04-26 22:56:11.913000,2026-04-26 22:56:11.913000,24.67711067199707
2026-04-26 22:56:12.114283,2026-04-26 22:56:12.114283,24.84273147583008
2026-04-26 22:56:12.313078,2026-04-26 22:56:12.313078,24.983509063720703
2026-04-26 22:56:12.513691,2026-04-26 22:56:12.513691,25.10317039489746
2026-04-26 22:56:12.713597,2026-04-26 22:56:12.713597,25.20488166809082
2026-04-26 22:56:12.913085,2026-04-26 22:56:12.913085,25.291337966918945
2026-04-26 22:56:13.112881,2026-04-26 22:56:13.112881,25.364824295043945
2026-04-26 22:56:13.312491,2026-04-26 22:56:13.312491,25.42728805541992
2026-04-26 22:56:13.512821,2026-04-26 22:56:13.512821,25.480382919311523
2026-04-26 22:56:13.713596,2026-04-26 22:56:13.713596,25.5255126953125
2026-04-26 22:56:13.912580,2026-04-26 22:56:13.912580,25.563873291015625
2026-04-26 22:56:14.112780,2026-04-26 22:56:14.112780,25.596479415893555
2026-04-26 22:56:14.312866,2026-04-26 22:56:14.312866,25.624195098876957
2026-04-26 22:56:14.513896,2026-04-26 22:56:14.513896,25.64775276184082
2026-04-26 22:56:14.712613,2026-04-26 22:56:14.712613,25.66777801513672
2026-04-26 22:56:14.913398,2026-04-26 22:56:14.913398,25.684799194335938
2026-04-26 22:56:15.112690,2026-04-26 22:56:15.112690,25.69926643371582
2026-04-26 22:56:15.312769,2026-04-26 22:56:15.312769,25.71156311035156
2026-04-26 22:56:15.514023,2026-04-26 22:56:15.514023,25.722017288208008
2026-04-26 22:56:15.712908,2026-04-26 22:56:15.712908,25.55512046813965
2026-04-26 22:56:15.912557,2026-04-26 22:56:15.912557,25.413259506225582
2026-04-26 22:56:16.113319,2026-04-26 22:56:16.113319,25.29267692565918
2026-04-26 22:56:16.313929,2026-04-26 22:56:16.313929,25.19018173217773
2026-04-26 22:56:16.514136,2026-04-26 22:56:16.514136,25.10305976867676
2026-04-26 22:56:16.712389,2026-04-26 22:56:16.712389,25.02900695800781
2026-04-26 22:56:16.912470,2026-04-26 22:56:16.912470,25.141843795776367
2026-04-26 22:56:17.113743,2026-04-26 22:56:17.113743,25.237754821777344
2026-04-26 22:56:17.314075,2026-04-26 22:56:17.314075,25.143497467041016
2026-04-26 22:56:17.512490,2026-04-26 22:56:17.512490,25.063379287719727
2026-04-26 22:56:17.712461,2026-04-26 22:56:17.712461,24.99527931213379
2026-04-26 22:56:17.914756,2026-04-26 22:56:17.914756,24.93739318847656
2026-04-26 22:56:18.113896,2026-04-26 22:56:18.113896,24.88819122314453
2026-04-26 22:56:18.313980,2026-04-26 22:56:18.313980,24.84636878967285
2026-04-26 22:56:18.512738,2026-04-26 22:56:18.512738,24.81081962585449
2026-04-26 22:56:18.712476,2026-04-26 22:56:18.712476,24.78060340881348
2026-04-26 22:56:18.912777,2026-04-26 22:56:18.912777,24.754919052124023
2026-04-26 22:56:19.113261,2026-04-26 22:56:19.113261,24.73308753967285
2026-04-26 22:56:19.312673,2026-04-26 22:56:19.312673,24.53874969482422
2026-04-26 22:56:19.514737,2026-04-26 22:56:19.514737,24.54934310913086
2026-04-26 22:56:19.713095,2026-04-26 22:56:19.713095,24.558347702026367
2026-04-26 22:56:19.913193,2026-04-26 22:56:19.913193,24.566001892089844
2026-04-26 22:56:20.113006,2026-04-26 22:56:20.113006,24.572507858276367
2026-04-26 22:56:20.313935,2026-04-26 22:56:20.313935,24.57803726196289
2026-04-26 22:56:20.514019,2026-04-26 22:56:20.514019,24.582738876342773
2026-04-26 22:56:20.713689,2026-04-26 22:56:20.713689,24.58673477172852
2026-04-26 22:56:20.914187,2026-04-26 22:56:20.914187,23.53544235229492
2026-04-26 22:56:21.114860,2026-04-26 22:56:21.114860,22.641845703125
2026-04-26 22:56:21.312814,2026-04-26 22:56:21.312814,21.882286071777344
2026-04-26 22:56:21.512374,2026-04-26 22:56:21.512374,21.060880661010746
2026-04-26 22:56:21.714363,2026-04-26 22:56:21.714363,20.36268615722656
2026-04-26 22:56:21.913220,2026-04-26 22:56:21.913220,19.76922035217285
2026-04-26 22:56:22.114271,2026-04-26 22:56:22.114271,19.0889949798584
2026-04-26 22:56:22.312831,2026-04-26 22:56:22.312831,18.510801315307617
2026-04-26 22:56:22.513197,2026-04-26 22:56:22.513197,18.019336700439453
2026-04-26 22:56:22.715581,2026-04-26 22:56:22.715581,19.359405517578125
2026-04-26 22:56:22.917097,2026-04-26 22:56:22.917097,18.740650177001957
2026-04-26 22:56:23.113477,2026-04-26 22:56:23.113477,18.214710235595703
2026-04-26 22:56:23.315332,2026-04-26 22:56:23.315332,19.52547264099121
2026-04-26 22:56:23.512402,2026-04-26 22:56:23.512402,20.639619827270508
2026-04-26 22:56:23.715986,2026-04-26 22:56:23.715986,21.762426376342773
2026-04-26 22:56:36.812477,2026-04-26 22:56:36.812477,22.716812133789062
2026-04-26 22:56:37.012451,2026-04-26 22:56:37.012451,23.52804183959961
2026-04-26 22:56:37.212609,2026-04-26 22:56:37.212609,24.21758460998535
2026-04-26 22:56:37.413341,2026-04-26 22:56:37.413341,24.80369758605957
2026-04-26 22:56:37.612414,2026-04-26 22:56:37.612414,25.30189323425293
2026-04-26 22:56:37.813909,2026-04-26 22:56:37.813909,25.72535896301269
2026-04-26 22:56:38.012734,2026-04-26 22:56:38.012734,26.085304260253903
2026-04-26 22:56:38.212509,2026-04-26 22:56:38.212509,26.391258239746094
2026-04-26 22:56:38.412759,2026-04-26 22:56:38.412759,26.65131950378418
2026-04-26 22:56:38.612846,2026-04-26 22:56:38.612846,26.872371673583984
2026-04-26 22:56:38.813683,2026-04-26 22:56:38.813683,24.247766494750977
2026-04-26 22:56:39.012646,2026-04-26 22:56:39.012646,24.8293514251709
2026-04-26 22:56:39.213320,2026-04-26 22:56:39.213320,25.49947929382324
2026-04-26 22:56:39.412819,2026-04-26 22:56:39.412819,23.080808639526367
2026-04-26 22:56:39.612371,2026-04-26 22:56:39.612371,24.01321792602539
2026-04-26 22:56:39.813177,2026-04-26 22:56:39.813177,21.81748580932617
2026-04-26 22:56:40.012465,2026-04-26 22:56:40.012465,19.951112747192383
2026-04-26 22:56:40.212775,2026-04-26 22:56:40.212775,21.352977752685547
2026-04-26 22:56:40.413671,2026-04-26 22:56:40.413671,22.5445613861084
2026-04-26 22:56:40.614566,2026-04-26 22:56:40.614566,23.557409286499023
2026-04-26 22:56:40.814929,2026-04-26 22:56:40.814929,24.4183292388916
2026-04-26 22:56:41.013233,2026-04-26 22:56:41.013233,25.150110244750977
2026-04-26 22:56:41.214396,2026-04-26 22:56:41.214396,25.596343994140625
2026-04-26 22:56:41.414261,2026-04-26 22:56:41.414261,25.975643157958984
2026-04-26 22:56:41.612823,2026-04-26 22:56:41.612823,26.298046112060547
2026-04-26 22:56:41.813063,2026-04-26 22:56:41.813063,26.57208824157715
2026-04-26 22:56:42.015676,2026-04-26 22:56:42.015676,26.805025100708008
2026-04-26 22:56:42.216065,2026-04-26 22:56:42.216065,24.19052124023437
2026-04-26 22:56:42.414486,2026-04-26 22:56:42.414486,21.96819305419922
2026-04-26 22:56:42.614426,2026-04-26 22:56:42.614426,20.079214096069336
2026-04-26 22:56:42.813963,2026-04-26 22:56:42.813963,18.649364471435547
2026-04-26 22:56:43.013206,2026-04-26 22:56:43.013206,17.258209228515625
2026-04-26 22:56:43.215511,2026-04-26 22:56:43.215511,16.251508712768555
2026-04-26 22:56:43.414356,2026-04-26 22:56:43.414356,15.220032691955566
2026-04-26 22:56:43.614368,2026-04-26 22:56:43.614368,14.51905918121338
2026-04-26 22:56:43.819282,2026-04-26 22:56:43.819282,13.92323112487793
2026-04-26 22:56:44.013391,2026-04-26 22:56:44.013391,13.416777610778809
2026-04-26 22:56:44.212945,2026-04-26 22:56:44.212945,14.919886589050291
2026-04-26 22:56:44.412730,2026-04-26 22:56:44.412730,16.197528839111328
2026-04-26 22:56:44.615035,2026-04-26 22:56:44.615035,17.283523559570312
2026-04-26 22:56:44.812937,2026-04-26 22:56:44.812937,16.624589920043945
2026-04-26 22:56:45.012859,2026-04-26 22:56:45.012859,16.064495086669922
2026-04-26 22:56:45.212867,2026-04-26 22:56:45.212867,15.588414192199709
2026-04-26 22:56:45.414595,2026-04-26 22:56:45.414595,15.007964134216309
2026-04-26 22:56:45.613467,2026-04-26 22:56:45.613467,14.690363883972168
2026-04-26 22:56:45.814823,2026-04-26 22:56:45.814823,14.596183776855469
2026-04-26 22:56:46.015293,2026-04-26 22:56:46.015293,14.516131401062012
2026-04-26 22:56:46.214499,2026-04-26 22:56:46.214499,14.272305488586426
2026-04-26 22:56:46.414473,2026-04-26 22:56:46.414473,14.06505298614502
2026-04-26 22:56:46.614933,2026-04-26 22:56:46.614933,13.88888931274414
2026-04-26 22:56:46.812792,2026-04-26 22:56:46.812792,13.73914909362793
2026-04-26 22:56:47.014201,2026-04-26 22:56:47.014201,13.611870765686035
2026-04-26 22:56:47.213555,2026-04-26 22:56:47.213555,13.503684043884276
2026-04-26 22:56:47.412804,2026-04-26 22:56:47.412804,13.411725044250488
2026-04-26 22:56:47.612580,2026-04-26 22:56:47.612580,13.3335599899292
2026-04-26 22:56:47.816025,2026-04-26 22:56:47.816025,13.442900657653809
2026-04-26 22:56:48.012950,2026-04-26 22:56:48.012950,13.53584098815918
2026-04-26 22:56:48.213515,2026-04-26 22:56:48.213515,13.614839553833008
2026-04-26 22:56:48.414137,2026-04-26 22:56:48.414137,13.506207466125488
2026-04-26 22:56:48.613320,2026-04-26 22:56:48.613320,13.413869857788086
2026-04-26 22:56:48.813154,2026-04-26 22:56:48.813154,13.511164665222168
2026-04-26 22:56:49.013262,2026-04-26 22:56:49.013262,13.593865394592283
2026-04-26 22:56:49.213006,2026-04-26 22:56:49.213006,13.664159774780272
2026-04-26 22:56:49.413526,2026-04-26 22:56:49.413526,13.72391128540039
2026-04-26 22:56:49.613028,2026-04-26 22:56:49.613028,13.774699211120604
2026-04-26 22:56:49.813567,2026-04-26 22:56:49.813567,13.817869186401367
2026-04-26 22:56:50.013274,2026-04-26 22:56:50.013274,13.85456371307373
2026-04-26 22:56:50.212673,2026-04-26 22:56:50.212673,13.885754585266112
2026-04-26 22:56:50.418086,2026-04-26 22:56:50.418086,13.912266731262209
2026-04-26 22:56:50.613683,2026-04-26 22:56:50.613683,13.93480110168457
2026-04-26 22:56:50.813487,2026-04-26 22:56:50.813487,13.953956604003906
2026-04-26 22:56:51.013216,2026-04-26 22:56:51.013216,13.970237731933594
2026-04-26 22:56:51.218723,2026-04-26 22:56:51.218723,13.80829620361328
2026-04-26 22:56:51.412812,2026-04-26 22:56:51.412812,13.670644760131836
2026-04-26 22:56:51.616108,2026-04-26 22:56:51.616108,13.55364227294922
2026-04-26 22:56:51.814008,2026-04-26 22:56:51.814008,13.45418930053711
2026-04-26 22:56:52.012616,2026-04-26 22:56:52.012616,13.369654655456545
2026-04-26 22:56:52.213213,2026-04-26 22:56:52.213213,13.297800064086914
2026-04-26 22:56:52.413161,2026-04-26 22:56:52.413161,13.236723899841309
2026-04-26 22:56:52.614073,2026-04-26 22:56:52.614073,13.184809684753418
2026-04-26 22:56:52.813073,2026-04-26 22:56:52.813073,13.140681266784668
2026-04-26 22:56:53.013085,2026-04-26 22:56:53.013085,13.10317325592041
2026-04-26 22:56:53.213075,2026-04-26 22:56:53.213075,13.071290969848633
2026-04-26 22:56:53.412931,2026-04-26 22:56:53.412931,12.868410110473633
2026-04-26 22:56:53.613457,2026-04-26 22:56:53.613457,12.695960998535156
2026-04-26 22:56:53.814819,2026-04-26 22:56:53.814819,12.549379348754885
2026-04-26 22:56:54.012942,2026-04-26 22:56:54.012942,12.249003410339355
2026-04-26 22:56:54.215187,2026-04-26 22:56:54.215187,11.99368381500244
2026-04-26 22:56:54.412875,2026-04-26 22:56:54.412875,11.776662826538086
2026-04-26 22:56:54.612633,2026-04-26 22:56:54.612633,11.59219455718994
2026-04-26 22:56:54.813025,2026-04-26 22:56:54.813025,11.435397148132324
2026-04-26 22:56:55.012386,2026-04-26 22:56:55.012386,11.302118301391602
2026-04-26 22:56:55.214020,2026-04-26 22:56:55.214020,11.18883228302002
2026-04-26 22:56:55.412452,2026-04-26 22:56:55.412452,11.092538833618164
2026-04-26 22:56:55.612604,2026-04-26 22:56:55.612604,11.01068878173828
2026-04-26 22:56:55.812727,2026-04-26 22:56:55.812727,10.941117286682127
2026-04-26 22:56:56.012384,2026-04-26 22:56:56.012384,10.881980895996094
2026-04-26 22:56:56.212538,2026-04-26 22:56:56.212538,10.831714630126951
2026-04-26 22:56:56.412580,2026-04-26 22:56:56.412580,10.788989067077637
2026-04-26 22:56:56.613537,2026-04-26 22:56:56.613537,10.752671241760254
2026-04-26 22:56:56.813877,2026-04-26 22:56:56.813877,10.7218017578125
2026-04-26 22:56:57.012864,2026-04-26 22:56:57.012864,10.695563316345217
2026-04-26 22:56:57.212343,2026-04-26 22:56:57.212343,10.673259735107422
2026-04-26 22:56:57.412354,2026-04-26 22:56:57.412354,10.654302597045898
2026-04-26 22:56:57.612876,2026-04-26 22:56:57.612876,10.638188362121582
2026-04-26 22:56:57.813692,2026-04-26 22:56:57.813692,10.62449073791504
2026-04-26 22:56:58.013010,2026-04-26 22:56:58.013010,10.612848281860352
2026-04-26 22:56:58.214313,2026-04-26 22:56:58.214313,10.60295295715332
2026-04-26 22:56:58.412903,2026-04-26 22:56:58.412903,10.5945405960083
2026-04-26 22:56:58.612607,2026-04-26 22:56:58.612607,10.587390899658203
2026-04-26 22:56:58.813869,2026-04-26 22:56:58.813869,10.581314086914062
2026-04-26 22:56:59.012942,2026-04-26 22:56:59.012942,10.57614803314209
2026-04-26 22:56:59.212745,2026-04-26 22:56:59.212745,10.571757316589355
2026-04-26 22:56:59.415908,2026-04-26 22:56:59.415908,10.56802463531494
2026-04-26 22:56:59.612389,2026-04-26 22:56:59.612389,10.564851760864258
2026-04-26 22:56:59.813627,2026-04-26 22:56:59.813627,10.562155723571776
2026-04-26 22:57:00.013784,2026-04-26 22:57:00.013784,10.559863090515137
2026-04-26 22:57:00.212555,2026-04-26 22:57:00.212555,10.733696937561035
2026-04-26 22:57:00.412800,2026-04-26 22:57:00.412800,10.881454467773438
2026-04-26 22:57:00.613451,2026-04-26 22:57:00.613451,11.00704860687256
2026-04-26 22:57:00.812533,2026-04-26 22:57:00.812533,11.11380386352539
2026-04-26 22:57:01.013168,2026-04-26 22:57:01.013168,11.204545974731444
2026-04-26 22:57:01.212688,2026-04-26 22:57:01.212688,11.457457542419434
2026-04-26 22:57:01.413687,2026-04-26 22:57:01.413687,11.672432899475098
2026-04-26 22:57:01.613315,2026-04-26 22:57:01.613315,11.855161666870115
2026-04-26 22:57:01.812555,2026-04-26 22:57:01.812555,11.834699630737305
2026-04-26 22:57:02.015940,2026-04-26 22:57:02.015940,11.993088722229004
2026-04-26 22:57:15.113050,2026-04-26 22:57:15.113050,12.127718925476074
2026-04-26 22:57:15.313055,2026-04-26 22:57:15.313055,12.242155075073242
2026-04-26 22:57:15.512370,2026-04-26 22:57:15.512370,12.339425086975098
2026-04-26 22:57:15.713255,2026-04-26 22:57:15.713255,12.42210578918457
2026-04-26 22:57:15.912289,2026-04-26 22:57:15.912289,12.492383003234863
2026-04-26 22:57:16.113152,2026-04-26 22:57:16.113152,12.552119255065918
2026-04-26 22:57:16.312597,2026-04-26 22:57:16.312597,12.602895736694336
2026-04-26 22:57:16.513122,2026-04-26 22:57:16.513122,12.470273971557615
2026-04-26 22:57:16.713763,2026-04-26 22:57:16.713763,12.357544898986816
2026-04-26 22:57:16.912807,2026-04-26 22:57:16.912807,12.261725425720217
2026-04-26 22:57:17.113372,2026-04-26 22:57:17.113372,12.356060981750488
2026-04-26 22:57:17.312503,2026-04-26 22:57:17.312503,12.43624496459961
2026-04-26 22:57:17.512647,2026-04-26 22:57:17.512647,12.504402160644531
2026-04-26 22:57:17.713630,2026-04-26 22:57:17.713630,12.562335968017578
2026-04-26 22:57:17.912570,2026-04-26 22:57:17.912570,12.611578941345217
2026-04-26 22:57:18.114217,2026-04-26 22:57:18.114217,12.653435707092283
2026-04-26 22:57:18.314182,2026-04-26 22:57:18.314182,12.513233184814451
2026-04-26 22:57:18.512761,2026-04-26 22:57:18.512761,12.394061088562012
2026-04-26 22:57:18.716351,2026-04-26 22:57:18.716351,12.292763710021973
2026-04-26 22:57:18.913146,2026-04-26 22:57:18.913146,12.38244342803955
2026-04-26 22:57:19.112603,2026-04-26 22:57:19.112603,12.458670616149902
2026-04-26 22:57:19.313020,2026-04-26 22:57:19.313020,12.699244499206545
2026-04-26 22:57:19.514175,2026-04-26 22:57:19.514175,12.903733253479004
2026-04-26 22:57:19.712854,2026-04-26 22:57:19.712854,12.901766777038574
2026-04-26 22:57:19.913349,2026-04-26 22:57:19.913349,12.90009593963623
2026-04-26 22:57:20.112632,2026-04-26 22:57:20.112632,12.898674964904783
2026-04-26 22:57:20.314759,2026-04-26 22:57:20.314759,12.897467613220217
2026-04-26 22:57:20.516069,2026-04-26 22:57:20.516069,12.896441459655762
2026-04-26 22:57:20.713488,2026-04-26 22:57:20.713488,12.71978759765625
2026-04-26 22:57:20.912791,2026-04-26 22:57:20.912791,12.569631576538086
2026-04-26 22:57:21.113432,2026-04-26 22:57:21.113432,13.672468185424805
2026-04-26 22:57:21.313103,2026-04-26 22:57:21.313103,14.78566074371338
2026-04-26 22:57:21.516320,2026-04-26 22:57:21.516320,15.731874465942385
2026-04-26 22:57:21.713544,2026-04-26 22:57:21.713544,16.536155700683594
2026-04-26 22:57:21.913046,2026-04-26 22:57:21.913046,17.21979522705078
2026-04-26 22:57:22.113293,2026-04-26 22:57:22.113293,16.218856811523438
2026-04-26 22:57:22.313927,2026-04-26 22:57:22.313927,16.950090408325195
2026-04-26 22:57:22.514608,2026-04-26 22:57:22.514608,17.571640014648438
2026-04-26 22:57:22.716975,2026-04-26 22:57:22.716975,18.09995651245117
2026-04-26 22:57:22.912348,2026-04-26 22:57:22.912348,16.96699333190918
2026-04-26 22:57:23.115148,2026-04-26 22:57:23.115148,17.586008071899414
2026-04-26 22:57:23.316570,2026-04-26 22:57:23.316570,16.53013801574707
2026-04-26 22:57:23.512463,2026-04-26 22:57:23.512463,17.214679718017578
2026-04-26 22:57:23.712508,2026-04-26 22:57:23.712508,17.796539306640625
2026-04-26 22:57:23.914600,2026-04-26 22:57:23.914600,16.709089279174805
2026-04-26 22:57:24.115463,2026-04-26 22:57:24.115463,15.784757614135742
2026-04-26 22:57:24.314158,2026-04-26 22:57:24.314158,14.999075889587402
2026-04-26 22:57:24.513181,2026-04-26 22:57:24.513181,14.33124542236328
2026-04-26 22:57:24.715083,2026-04-26 22:57:24.715083,15.345621109008787
2026-04-26 22:57:24.912478,2026-04-26 22:57:24.912478,16.207839965820312
2026-04-26 22:57:25.114172,2026-04-26 22:57:25.114172,16.76494598388672
2026-04-26 22:57:25.314093,2026-04-26 22:57:25.314093,15.832235336303713
2026-04-26 22:57:25.515536,2026-04-26 22:57:25.515536,16.445680618286133
2026-04-26 22:57:25.712871,2026-04-26 22:57:25.712871,16.96710968017578
2026-04-26 22:57:25.912762,2026-04-26 22:57:25.912762,17.410324096679688
2026-04-26 22:57:26.112571,2026-04-26 22:57:26.112571,16.205026626586914
2026-04-26 22:57:26.315747,2026-04-26 22:57:26.315747,15.180521965026855
2026-04-26 22:57:26.514220,2026-04-26 22:57:26.514220,14.485475540161133
2026-04-26 22:57:26.713370,2026-04-26 22:57:26.713370,13.71890354156494
2026-04-26 22:57:26.916343,2026-04-26 22:57:26.916343,13.067317962646484
2026-04-26 22:57:27.119243,2026-04-26 22:57:27.119243,12.513470649719238
2026-04-26 22:57:27.318532,2026-04-26 22:57:27.318532,11.866918563842772
2026-04-26 22:57:27.512915,2026-04-26 22:57:27.512915,11.317349433898926
2026-04-26 22:57:27.715122,2026-04-26 22:57:27.715122,11.025997161865234
2026-04-26 22:57:27.916247,2026-04-26 22:57:27.916247,10.778347969055176
2026-04-26 22:57:28.114281,2026-04-26 22:57:28.114281,11.622532844543455
2026-04-26 22:57:28.314474,2026-04-26 22:57:28.314474,11.28540325164795
2026-04-26 22:57:28.513175,2026-04-26 22:57:28.513175,12.053529739379885
2026-04-26 22:57:28.713282,2026-04-26 22:57:28.713282,12.530656814575195
2026-04-26 22:57:28.912654,2026-04-26 22:57:28.912654,12.936214447021484
2026-04-26 22:57:29.113830,2026-04-26 22:57:29.113830,13.280938148498535
2026-04-26 22:57:29.318556,2026-04-26 22:57:29.318556,13.57395362854004
2026-04-26 22:57:29.515045,2026-04-26 22:57:29.515045,13.823017120361328
2026-04-26 22:57:29.713466,2026-04-26 22:57:29.713466,14.034720420837402
2026-04-26 22:57:29.915647,2026-04-26 22:57:29.915647,14.038887977600098
2026-04-26 22:57:30.113509,2026-04-26 22:57:30.113509,13.86664867401123
2026-04-26 22:57:30.314788,2026-04-26 22:57:30.314788,13.544463157653809
2026-04-26 22:57:30.513664,2026-04-26 22:57:30.513664,13.446388244628906
2026-04-26 22:57:30.712980,2026-04-26 22:57:30.712980,13.18724250793457
2026-04-26 22:57:30.912861,2026-04-26 22:57:30.912861,12.966968536376951
2026-04-26 22:57:31.113381,2026-04-26 22:57:31.113381,12.779735565185549
2026-04-26 22:57:31.313679,2026-04-26 22:57:31.313679,12.620587348937988
2026-04-26 22:57:31.513828,2026-04-26 22:57:31.513828,12.485312461853027
2026-04-26 22:57:31.714199,2026-04-26 22:57:31.714199,12.370327949523926
2026-04-26 22:57:31.912623,2026-04-26 22:57:31.912623,12.272590637207031
2026-04-26 22:57:32.113282,2026-04-26 22:57:32.113282,12.189515113830566
2026-04-26 22:57:32.314568,2026-04-26 22:57:32.314568,12.118900299072266
2026-04-26 22:57:32.514060,2026-04-26 22:57:32.514060,12.058877944946287
2026-04-26 22:57:32.712915,2026-04-26 22:57:32.712915,12.007858276367188
2026-04-26 22:57:32.912902,2026-04-26 22:57:32.912902,11.964491844177246
2026-04-26 22:57:33.112405,2026-04-26 22:57:33.112405,11.927630424499512
2026-04-26 22:57:33.314188,2026-04-26 22:57:33.314188,11.8962984085083
2026-04-26 22:57:33.513259,2026-04-26 22:57:33.513259,11.86966609954834
2026-04-26 22:57:33.714894,2026-04-26 22:57:33.714894,11.847028732299805
2026-04-26 22:57:33.914392,2026-04-26 22:57:33.914392,11.827787399291992
2026-04-26 22:57:34.113147,2026-04-26 22:57:34.113147,11.811431884765623
2026-04-26 22:57:34.313708,2026-04-26 22:57:34.313708,11.797529220581056
2026-04-26 22:57:34.513615,2026-04-26 22:57:34.513615,11.785712242126465
2026-04-26 22:57:34.713130,2026-04-26 22:57:34.713130,11.775668144226074
2026-04-26 22:57:34.912406,2026-04-26 22:57:34.912406,11.942911148071287
2026-04-26 22:57:35.112522,2026-04-26 22:57:35.112522,11.909287452697754
2026-04-26 22:57:35.313772,2026-04-26 22:57:35.313772,11.880706787109377
2026-04-26 22:57:35.512377,2026-04-26 22:57:35.512377,11.856412887573242
2026-04-26 22:57:35.712498,2026-04-26 22:57:35.712498,11.835763931274414
2026-04-26 22:57:35.912916,2026-04-26 22:57:35.912916,11.818211555480955
2026-04-26 22:57:36.113358,2026-04-26 22:57:36.113358,11.803292274475098
2026-04-26 22:57:36.313036,2026-04-26 22:57:36.313036,11.790611267089844
2026-04-26 22:57:36.512395,2026-04-26 22:57:36.512395,11.779831886291504
2026-04-26 22:57:36.713247,2026-04-26 22:57:36.713247,11.770669937133787
2026-04-26 22:57:36.913561,2026-04-26 22:57:36.913561,11.7628812789917
2026-04-26 22:57:37.113142,2026-04-26 22:57:37.113142,11.756261825561523
2026-04-26 22:57:37.313150,2026-04-26 22:57:37.313150,11.750635147094728
2026-04-26 22:57:37.513067,2026-04-26 22:57:37.513067,11.57007122039795
2026-04-26 22:57:37.712523,2026-04-26 22:57:37.712523,11.41659164428711
2026-04-26 22:57:37.912530,2026-04-26 22:57:37.912530,11.286133766174316
2026-04-26 22:57:38.113719,2026-04-26 22:57:38.113719,11.17524528503418
2026-04-26 22:57:38.313110,2026-04-26 22:57:38.313110,11.080989837646484
2026-04-26 22:57:38.512505,2026-04-26 22:57:38.512505,11.000872611999512
2026-04-26 22:57:38.713207,2026-04-26 22:57:38.713207,10.932772636413574
2026-04-26 22:57:38.913175,2026-04-26 22:57:38.913175,10.87488842010498
2026-04-26 22:57:39.113018,2026-04-26 22:57:39.113018,10.82568645477295
2026-04-26 22:57:39.312494,2026-04-26 22:57:39.312494,10.783864974975586
2026-04-26 22:57:39.512618,2026-04-26 22:57:39.512618,10.748315811157228
2026-04-26 22:57:39.712452,2026-04-26 22:57:39.712452,10.718099594116213
2026-04-26 22:57:39.913006,2026-04-26 22:57:39.913006,10.692416191101074
2026-04-26 22:57:40.112514,2026-04-26 22:57:40.112514,10.670584678649902
2026-04-26 22:57:40.313137,2026-04-26 22:57:40.313137,10.65202808380127
2026-04-26 22:57:53.412895,2026-04-26 22:57:53.412895,10.636255264282228
2026-04-26 22:57:53.619378,2026-04-26 22:57:53.619378,10.622848510742188
2026-04-26 22:57:53.812867,2026-04-26 22:57:53.812867,10.611452102661133
2026-04-26 22:57:54.013578,2026-04-26 22:57:54.013578,10.601765632629396
2026-04-26 22:57:54.213488,2026-04-26 22:57:54.213488,10.59353256225586
2026-04-26 22:57:54.413059,2026-04-26 22:57:54.413059,10.586533546447754
2026-04-26 22:57:54.612711,2026-04-26 22:57:54.612711,10.580584526062012
2026-04-26 22:57:54.813881,2026-04-26 22:57:54.813881,10.575528144836426
2026-04-26 22:57:55.012991,2026-04-26 22:57:55.012991,10.571229934692385
2026-04-26 22:57:55.212377,2026-04-26 22:57:55.212377,10.391796112060549
2026-04-26 22:57:55.413470,2026-04-26 22:57:55.413470,10.239276885986328
2026-04-26 22:57:55.614004,2026-04-26 22:57:55.614004,9.93385410308838
2026-04-26 22:57:55.813495,2026-04-26 22:57:55.813495,12.486743927001951
2026-04-26 22:57:56.012815,2026-04-26 22:57:56.012815,14.65670108795166
2026-04-26 22:57:56.213446,2026-04-26 22:57:56.213446,16.50116539001465
2026-04-26 22:57:56.413258,2026-04-26 22:57:56.413258,18.068958282470703
2026-04-26 22:57:56.612362,2026-04-26 22:57:56.612362,19.40158462524414
2026-04-26 22:57:56.813382,2026-04-26 22:57:56.813382,20.53431510925293
2026-04-26 22:57:57.013318,2026-04-26 22:57:57.013318,21.49713706970215
2026-04-26 22:57:57.213818,2026-04-26 22:57:57.213818,22.315534591674805
2026-04-26 22:57:57.412748,2026-04-26 22:57:57.412748,22.835391998291016
2026-04-26 22:57:57.613644,2026-04-26 22:57:57.613644,23.277271270751957
2026-04-26 22:57:57.814555,2026-04-26 22:57:57.814555,23.652868270874023
2026-04-26 22:57:58.012556,2026-04-26 22:57:58.012556,23.972124099731445
2026-04-26 22:57:58.213282,2026-04-26 22:57:58.213282,23.71615028381348
2026-04-26 22:57:58.412468,2026-04-26 22:57:58.412468,23.850133895874023
2026-04-26 22:57:58.613045,2026-04-26 22:57:58.613045,23.612457275390625
2026-04-26 22:57:58.814137,2026-04-26 22:57:58.814137,23.41043281555176
2026-04-26 22:57:59.013607,2026-04-26 22:57:59.013607,23.238712310791016
2026-04-26 22:57:59.212879,2026-04-26 22:57:59.212879,23.092748641967773
2026-04-26 22:57:59.413371,2026-04-26 22:57:59.413371,22.968679428100582
2026-04-26 22:57:59.613677,2026-04-26 22:57:59.613677,22.863222122192383
2026-04-26 22:57:59.812361,2026-04-26 22:57:59.812361,22.773582458496094
2026-04-26 22:58:00.012769,2026-04-26 22:58:00.012769,22.6973876953125
2026-04-26 22:58:00.212797,2026-04-26 22:58:00.212797,22.45684242248535
2026-04-26 22:58:00.412899,2026-04-26 22:58:00.412899,23.13128471374512
2026-04-26 22:58:00.612732,2026-04-26 22:58:00.612732,22.825654983520508
2026-04-26 22:58:00.814607,2026-04-26 22:58:00.814607,22.390087127685547
2026-04-26 22:58:01.012856,2026-04-26 22:58:01.012856,22.019855499267575
2026-04-26 22:58:01.213539,2026-04-26 22:58:01.213539,21.705158233642575
2026-04-26 22:58:01.412971,2026-04-26 22:58:01.412971,21.43766593933105
2026-04-26 22:58:01.616036,2026-04-26 22:58:01.616036,21.21029663085937
2026-04-26 22:58:01.812426,2026-04-26 22:58:01.812426,20.84125328063965
2026-04-26 22:58:02.013837,2026-04-26 22:58:02.013837,20.527565002441406
2026-04-26 22:58:02.214793,2026-04-26 22:58:02.214793,20.08514976501465
2026-04-26 22:58:02.412642,2026-04-26 22:58:02.412642,19.884876251220703
2026-04-26 22:58:02.613077,2026-04-26 22:58:02.613077,19.714645385742188
2026-04-26 22:58:02.815353,2026-04-26 22:58:02.815353,19.569948196411133
2026-04-26 22:58:03.013431,2026-04-26 22:58:03.013431,19.271175384521484
2026-04-26 22:58:03.213881,2026-04-26 22:58:03.213881,19.0172176361084
2026-04-26 22:58:03.413343,2026-04-26 22:58:03.413343,18.801353454589844
2026-04-26 22:58:03.612952,2026-04-26 22:58:03.612952,18.617868423461918
2026-04-26 22:58:03.813305,2026-04-26 22:58:03.813305,18.4619083404541
2026-04-26 22:58:04.015024,2026-04-26 22:58:04.015024,18.3293399810791
2026-04-26 22:58:04.213896,2026-04-26 22:58:04.213896,18.216657638549805
2026-04-26 22:58:04.416714,2026-04-26 22:58:04.416714,17.945096969604492
2026-04-26 22:58:04.613352,2026-04-26 22:58:04.613352,17.538488388061523
2026-04-26 22:58:04.814456,2026-04-26 22:58:04.814456,17.19287109375
2026-04-26 22:58:05.012869,2026-04-26 22:58:05.012869,16.723316192626953
2026-04-26 22:58:05.214177,2026-04-26 22:58:05.214177,16.324193954467773
2026-04-26 22:58:05.414451,2026-04-26 22:58:05.414451,15.984939575195312
2026-04-26 22:58:05.617887,2026-04-26 22:58:05.617887,15.696573257446287
2026-04-26 22:58:05.814559,2026-04-26 22:58:05.814559,15.451462745666504
2026-04-26 22:58:06.014799,2026-04-26 22:58:06.014799,15.243118286132812
2026-04-26 22:58:06.215759,2026-04-26 22:58:06.215759,15.066025733947754
2026-04-26 22:58:06.414272,2026-04-26 22:58:06.414272,14.915496826171877
2026-04-26 22:58:06.614700,2026-04-26 22:58:06.614700,14.61176586151123
2026-04-26 22:58:06.814320,2026-04-26 22:58:06.814320,14.353594779968262
2026-04-26 22:58:07.015259,2026-04-26 22:58:07.015259,14.309930801391602
2026-04-26 22:58:07.212854,2026-04-26 22:58:07.212854,14.272815704345703
2026-04-26 22:58:07.412847,2026-04-26 22:58:07.412847,14.241268157958984
2026-04-26 22:58:07.615187,2026-04-26 22:58:07.615187,14.03867244720459
2026-04-26 22:58:07.819678,2026-04-26 22:58:07.819678,13.866464614868164
2026-04-26 22:58:08.017356,2026-04-26 22:58:08.017356,13.895870208740234
2026-04-26 22:58:08.213463,2026-04-26 22:58:08.213463,13.920865058898926
2026-04-26 22:58:08.413690,2026-04-26 22:58:08.413690,13.942110061645508
2026-04-26 22:58:08.613807,2026-04-26 22:58:08.613807,13.960168838500977
2026-04-26 22:58:08.817467,2026-04-26 22:58:08.817467,13.975518226623535
2026-04-26 22:58:09.016586,2026-04-26 22:58:09.016586,13.988565444946287
2026-04-26 22:58:09.215471,2026-04-26 22:58:09.215471,13.999655723571776
2026-04-26 22:58:09.414236,2026-04-26 22:58:09.414236,14.009081840515137
2026-04-26 22:58:09.613662,2026-04-26 22:58:09.613662,14.017094612121582
2026-04-26 22:58:09.813206,2026-04-26 22:58:09.813206,14.023905754089355
2026-04-26 22:58:10.013001,2026-04-26 22:58:10.013001,14.02969455718994
2026-04-26 22:58:10.213208,2026-04-26 22:58:10.213208,14.034615516662598
2026-04-26 22:58:10.415159,2026-04-26 22:58:10.415159,14.038798332214355
2026-04-26 22:58:10.616516,2026-04-26 22:58:10.616516,14.042353630065918
2026-04-26 22:58:10.815570,2026-04-26 22:58:10.815570,14.04537582397461
2026-04-26 22:58:11.013092,2026-04-26 22:58:11.013092,14.047944068908691
2026-04-26 22:58:11.214076,2026-04-26 22:58:11.214076,14.050127983093262
2026-04-26 22:58:11.413294,2026-04-26 22:58:11.413294,14.051983833312988
2026-04-26 22:58:11.615363,2026-04-26 22:58:11.615363,13.877779960632324
2026-04-26 22:58:11.812757,2026-04-26 22:58:11.812757,13.905488014221191
2026-04-26 22:58:12.013338,2026-04-26 22:58:12.013338,13.92903995513916
2026-04-26 22:58:12.212530,2026-04-26 22:58:12.212530,13.949058532714844
2026-04-26 22:58:12.412662,2026-04-26 22:58:12.412662,13.96607494354248
2026-04-26 22:58:12.613226,2026-04-26 22:58:12.613226,13.980538368225098
2026-04-26 22:58:12.813915,2026-04-26 22:58:12.813915,13.992833137512209
2026-04-26 22:58:13.012406,2026-04-26 22:58:13.012406,14.00328254699707
2026-04-26 22:58:13.213577,2026-04-26 22:58:13.213577,14.012165069580078
2026-04-26 22:58:13.413931,2026-04-26 22:58:13.413931,14.019715309143066
2026-04-26 22:58:13.613855,2026-04-26 22:58:13.613855,14.02613353729248
2026-04-26 22:58:13.812888,2026-04-26 22:58:13.812888,14.031588554382324
2026-04-26 22:58:14.013433,2026-04-26 22:58:14.013433,14.036225318908691
2026-04-26 22:58:14.212674,2026-04-26 22:58:14.212674,14.040165901184082
2026-04-26 22:58:14.413823,2026-04-26 22:58:14.413823,14.043516159057615
2026-04-26 22:58:14.612475,2026-04-26 22:58:14.612475,14.046363830566406
2026-04-26 22:58:14.814202,2026-04-26 22:58:14.814202,14.048784255981444
2026-04-26 22:58:15.013301,2026-04-26 22:58:15.013301,14.050841331481934
2026-04-26 22:58:15.213570,2026-04-26 22:58:15.213570,14.052590370178224
2026-04-26 22:58:15.413710,2026-04-26 22:58:15.413710,13.8782958984375
2026-04-26 22:58:15.612601,2026-04-26 22:58:15.612601,13.730145454406738
2026-04-26 22:58:15.813349,2026-04-26 22:58:15.813349,13.60421657562256
2026-04-26 22:58:16.012438,2026-04-26 22:58:16.012438,13.497178077697754
2026-04-26 22:58:16.213752,2026-04-26 22:58:16.213752,13.581976890563965
2026-04-26 22:58:16.415229,2026-04-26 22:58:16.415229,13.654054641723633
2026-04-26 22:58:16.613088,2026-04-26 22:58:16.613088,13.71532154083252
2026-04-26 22:58:16.813432,2026-04-26 22:58:16.813432,13.767398834228516
2026-04-26 22:58:17.012436,2026-04-26 22:58:17.012436,13.635882377624512
2026-04-26 22:58:17.212537,2026-04-26 22:58:17.212537,13.524093627929688
2026-04-26 22:58:17.412467,2026-04-26 22:58:17.412467,13.429073333740234
2026-04-26 22:58:17.613878,2026-04-26 22:58:17.613878,13.348306655883787
2026-04-26 22:58:17.814359,2026-04-26 22:58:17.814359,13.279654502868652
2026-04-26 22:58:18.012780,2026-04-26 22:58:18.012780,14.80333137512207
2026-04-26 22:58:18.212641,2026-04-26 22:58:18.212641,16.09845542907715
2026-04-26 22:58:18.413295,2026-04-26 22:58:18.413295,17.199312210083008
2026-04-26 22:58:18.612999,2026-04-26 22:58:18.612999,18.310821533203125
2026-04-26 22:58:31.713470,2026-04-26 22:58:31.713470,19.25560569763184
2026-04-26 22:58:31.913916,2026-04-26 22:58:31.913916,20.058670043945312
2026-04-26 22:58:32.113566,2026-04-26 22:58:32.113566,20.74127578735352
2026-04-26 22:58:32.313043,2026-04-26 22:58:32.313043,21.32149124145508
2026-04-26 22:58:32.515844,2026-04-26 22:58:32.515844,21.814674377441406
2026-04-26 22:58:32.713414,2026-04-26 22:58:32.713414,22.23387908935547
2026-04-26 22:58:32.913043,2026-04-26 22:58:32.913043,22.59020233154297
2026-04-26 22:58:33.123108,2026-04-26 22:58:33.123108,22.89307975769043
2026-04-26 22:58:33.312663,2026-04-26 22:58:33.312663,23.150524139404297
2026-04-26 22:58:33.522320,2026-04-26 22:58:33.522320,23.36935043334961
2026-04-26 22:58:33.715058,2026-04-26 22:58:33.715058,23.555355072021484
2026-04-26 22:58:33.914284,2026-04-26 22:58:33.914284,23.889238357543945
2026-04-26 22:58:34.122373,2026-04-26 22:58:34.122373,24.17304039001465
2026-04-26 22:58:34.323707,2026-04-26 22:58:34.323707,24.41427230834961
2026-04-26 22:58:34.516029,2026-04-26 22:58:34.516029,24.61931800842285
2026-04-26 22:58:34.713103,2026-04-26 22:58:34.713103,24.793607711791992
2026-04-26 22:58:34.922497,2026-04-26 22:58:34.922497,24.941755294799805
2026-04-26 22:58:35.112712,2026-04-26 22:58:35.112712,25.06767845153809
2026-04-26 22:58:35.313020,2026-04-26 22:58:35.313020,25.174715042114254
2026-04-26 22:58:35.513729,2026-04-26 22:58:35.513729,25.26569557189941
2026-04-26 22:58:35.712524,2026-04-26 22:58:35.712524,25.3430290222168
2026-04-26 22:58:35.912414,2026-04-26 22:58:35.912414,25.40876197814941
2026-04-26 22:58:36.115322,2026-04-26 22:58:36.115322,25.46463394165039
2026-04-26 22:58:36.313773,2026-04-26 22:58:36.313773,25.512126922607425
2026-04-26 22:58:36.512951,2026-04-26 22:58:36.512951,25.5524959564209
2026-04-26 22:58:36.712664,2026-04-26 22:58:36.712664,23.125871658325195
2026-04-26 22:58:36.913440,2026-04-26 22:58:36.913440,21.06324005126953
2026-04-26 22:58:37.113219,2026-04-26 22:58:37.113219,19.31000518798828
2026-04-26 22:58:37.313173,2026-04-26 22:58:37.313173,17.819753646850586
2026-04-26 22:58:37.524408,2026-04-26 22:58:37.524408,16.553041458129883
2026-04-26 22:58:37.713617,2026-04-26 22:58:37.713617,15.47633457183838
2026-04-26 22:58:37.912730,2026-04-26 22:58:37.912730,14.561134338378906
2026-04-26 22:58:38.113185,2026-04-26 22:58:38.113185,13.783214569091797
2026-04-26 22:58:38.326924,2026-04-26 22:58:38.326924,15.40713882446289
2026-04-26 22:58:38.524373,2026-04-26 22:58:38.524373,14.502317428588867
2026-04-26 22:58:38.724993,2026-04-26 22:58:38.724993,13.733220100402832
2026-04-26 22:58:38.913158,2026-04-26 22:58:38.913158,13.079486846923828
2026-04-26 22:58:39.112553,2026-04-26 22:58:39.112553,12.52381420135498
2026-04-26 22:58:39.313863,2026-04-26 22:58:39.313863,14.336647987365724
2026-04-26 22:58:39.512941,2026-04-26 22:58:39.512941,15.877556800842283
2026-04-26 22:58:39.713854,2026-04-26 22:58:39.713854,14.90217399597168
2026-04-26 22:58:39.913029,2026-04-26 22:58:39.913029,14.073097229003906
2026-04-26 22:58:40.123883,2026-04-26 22:58:40.123883,13.368382453918455
2026-04-26 22:58:40.314652,2026-04-26 22:58:40.314652,12.769375801086426
2026-04-26 22:58:40.525294,2026-04-26 22:58:40.525294,12.43600082397461
2026-04-26 22:58:40.723424,2026-04-26 22:58:40.723424,12.152631759643556
2026-04-26 22:58:40.924089,2026-04-26 22:58:40.924089,11.911767959594728
2026-04-26 22:58:41.123095,2026-04-26 22:58:41.123095,11.70703411102295
2026-04-26 22:58:41.322649,2026-04-26 22:58:41.322649,11.533010482788086
2026-04-26 22:58:41.513858,2026-04-26 22:58:41.513858,11.385089874267578
2026-04-26 22:58:41.713772,2026-04-26 22:58:41.713772,11.259357452392578
2026-04-26 22:58:41.922676,2026-04-26 22:58:41.922676,11.152484893798828
2026-04-26 22:58:42.123576,2026-04-26 22:58:42.123576,11.061643600463867
2026-04-26 22:58:42.323987,2026-04-26 22:58:42.323987,10.98442840576172
2026-04-26 22:58:42.522424,2026-04-26 22:58:42.522424,10.918795585632324
2026-04-26 22:58:42.722883,2026-04-26 22:58:42.722883,10.863007545471191
2026-04-26 22:58:42.913162,2026-04-26 22:58:42.913162,10.815587043762209
2026-04-26 22:58:43.122263,2026-04-26 22:58:43.122263,10.775280952453612
2026-04-26 22:58:43.314075,2026-04-26 22:58:43.314075,10.74102020263672
2026-04-26 22:58:43.513535,2026-04-26 22:58:43.513535,10.71189785003662
2026-04-26 22:58:43.714226,2026-04-26 22:58:43.714226,10.68714427947998
2026-04-26 22:58:43.913474,2026-04-26 22:58:43.913474,10.666104316711426
2026-04-26 22:58:44.122496,2026-04-26 22:58:44.122496,10.64822006225586
2026-04-26 22:58:44.313613,2026-04-26 22:58:44.313613,10.633018493652344
2026-04-26 22:58:44.524953,2026-04-26 22:58:44.524953,10.79587745666504
2026-04-26 22:58:44.723249,2026-04-26 22:58:44.723249,10.934309005737305
2026-04-26 22:58:44.924761,2026-04-26 22:58:44.924761,11.05197525024414
2026-04-26 22:58:45.117150,2026-04-26 22:58:45.117150,11.32777214050293
2026-04-26 22:58:45.313769,2026-04-26 22:58:45.313769,11.386419296264648
2026-04-26 22:58:45.523616,2026-04-26 22:58:45.523616,11.61205005645752
2026-04-26 22:58:45.713943,2026-04-26 22:58:45.713943,11.80383586883545
2026-04-26 22:58:45.922930,2026-04-26 22:58:45.922930,11.966854095458984
2026-04-26 22:58:46.114465,2026-04-26 22:58:46.114465,12.281201362609863
2026-04-26 22:58:46.323013,2026-04-26 22:58:46.323013,12.372614860534668
2026-04-26 22:58:46.514794,2026-04-26 22:58:46.514794,12.450316429138184
2026-04-26 22:58:46.714288,2026-04-26 22:58:46.714288,12.516363143920898
2026-04-26 22:58:46.914314,2026-04-26 22:58:46.914314,12.572502136230469
2026-04-26 22:58:47.115587,2026-04-26 22:58:47.115587,12.620220184326172
2026-04-26 22:58:47.318215,2026-04-26 22:58:47.318215,12.660780906677246
2026-04-26 22:58:47.515962,2026-04-26 22:58:47.515962,12.695258140563965
2026-04-26 22:58:47.713127,2026-04-26 22:58:47.713127,12.548781394958496
2026-04-26 22:58:47.914600,2026-04-26 22:58:47.914600,12.424277305603027
2026-04-26 22:58:48.113661,2026-04-26 22:58:48.113661,12.494229316711426
2026-04-26 22:58:48.312821,2026-04-26 22:58:48.312821,12.553688049316406
2026-04-26 22:58:48.514632,2026-04-26 22:58:48.514632,12.604228973388672
2026-04-26 22:58:48.713491,2026-04-26 22:58:48.713491,12.647188186645508
2026-04-26 22:58:48.914499,2026-04-26 22:58:48.914499,12.683703422546388
2026-04-26 22:58:49.113339,2026-04-26 22:58:49.113339,12.714741706848145
2026-04-26 22:58:49.322505,2026-04-26 22:58:49.322505,12.741124153137209
2026-04-26 22:58:49.522821,2026-04-26 22:58:49.522821,12.9393310546875
2026-04-26 22:58:49.722942,2026-04-26 22:58:49.722942,12.932024955749512
2026-04-26 22:58:49.912832,2026-04-26 22:58:49.912832,12.925814628601074
2026-04-26 22:58:50.115465,2026-04-26 22:58:50.115465,12.920536041259766
2026-04-26 22:58:50.313678,2026-04-26 22:58:50.313678,12.91604995727539
2026-04-26 22:58:50.514584,2026-04-26 22:58:50.514584,12.912236213684082
2026-04-26 22:58:50.722844,2026-04-26 22:58:50.722844,12.908994674682615
2026-04-26 22:58:50.922685,2026-04-26 22:58:50.922685,12.906238555908203
2026-04-26 22:58:51.112490,2026-04-26 22:58:51.112490,12.903897285461426
2026-04-26 22:58:51.322933,2026-04-26 22:58:51.322933,14.48393726348877
2026-04-26 22:58:51.522787,2026-04-26 22:58:51.522787,15.826972007751465
2026-04-26 22:58:51.712817,2026-04-26 22:58:51.712817,16.968551635742188
2026-04-26 22:58:51.914150,2026-04-26 22:58:51.914150,17.938894271850586
2026-04-26 22:58:52.124222,2026-04-26 22:58:52.124222,18.76368522644043
2026-04-26 22:58:52.324760,2026-04-26 22:58:52.324760,19.64053726196289
2026-04-26 22:58:52.512852,2026-04-26 22:58:52.512852,20.3858642578125
2026-04-26 22:58:52.722662,2026-04-26 22:58:52.722662,21.01939010620117
2026-04-26 22:58:52.913025,2026-04-26 22:58:52.913025,21.55788803100586
2026-04-26 22:58:53.125237,2026-04-26 22:58:53.125237,22.01561164855957
2026-04-26 22:58:53.323544,2026-04-26 22:58:53.323544,22.58045768737793
2026-04-26 22:58:53.513558,2026-04-26 22:58:53.513558,22.88479423522949
2026-04-26 22:58:53.713246,2026-04-26 22:58:53.713246,23.319263458251957
2026-04-26 22:58:53.913588,2026-04-26 22:58:53.913588,23.688560485839844
2026-04-26 22:58:54.112896,2026-04-26 22:58:54.112896,24.002464294433597
2026-04-26 22:58:54.313993,2026-04-26 22:58:54.313993,24.2692813873291
2026-04-26 22:58:54.526212,2026-04-26 22:58:54.526212,24.496076583862305
2026-04-26 22:58:54.724710,2026-04-26 22:58:54.724710,24.688852310180664
2026-04-26 22:58:54.912471,2026-04-26 22:58:54.912471,24.852712631225582
2026-04-26 22:58:55.113112,2026-04-26 22:58:55.113112,24.991992950439453
2026-04-26 22:58:55.313389,2026-04-26 22:58:55.313389,25.110382080078125
2026-04-26 22:58:55.513400,2026-04-26 22:58:55.513400,25.21101188659668
2026-04-26 22:58:55.713389,2026-04-26 22:58:55.713389,25.29654693603516
2026-04-26 22:58:55.922991,2026-04-26 22:58:55.922991,25.369253158569336
2026-04-26 22:58:56.123596,2026-04-26 22:58:56.123596,25.431053161621094
2026-04-26 22:58:56.312450,2026-04-26 22:58:56.312450,25.48358154296875
2026-04-26 22:58:56.513440,2026-04-26 22:58:56.513440,25.70401382446289
2026-04-26 22:58:56.712944,2026-04-26 22:58:56.712944,25.891380310058597
2026-04-26 22:58:56.913704,2026-04-26 22:58:56.913704,26.050642013549805
2026-04-26 22:59:10.015067,2026-04-26 22:59:10.015067,26.18601417541504
2026-04-26 22:59:10.223601,2026-04-26 22:59:10.223601,26.12529945373535
2026-04-26 22:59:10.415114,2026-04-26 22:59:10.415114,26.249473571777344
2026-04-26 22:59:10.612920,2026-04-26 22:59:10.612920,26.35502052307129
2026-04-26 22:59:10.822400,2026-04-26 22:59:10.822400,26.26895523071289
2026-04-26 22:59:11.023503,2026-04-26 22:59:11.023503,26.195798873901367
2026-04-26 22:59:11.222518,2026-04-26 22:59:11.222518,26.133617401123047
2026-04-26 22:59:11.423347,2026-04-26 22:59:11.423347,26.08076286315918
2026-04-26 22:59:11.614386,2026-04-26 22:59:11.614386,23.75067901611328
2026-04-26 22:59:11.814741,2026-04-26 22:59:11.814741,24.055265426635746
2026-04-26 22:59:12.013420,2026-04-26 22:59:12.013420,22.20478820800781
2026-04-26 22:59:12.213563,2026-04-26 22:59:12.213563,20.631881713867188
2026-04-26 22:59:12.413550,2026-04-26 22:59:12.413550,19.47069358825684
2026-04-26 22:59:12.612617,2026-04-26 22:59:12.612617,18.65946388244629
2026-04-26 22:59:12.814347,2026-04-26 22:59:12.814347,19.727731704711918
2026-04-26 22:59:13.014839,2026-04-26 22:59:13.014839,18.87794685363769
2026-04-26 22:59:13.222470,2026-04-26 22:59:13.222470,17.979848861694336
2026-04-26 22:59:13.423171,2026-04-26 22:59:13.423171,17.21646499633789
2026-04-26 22:59:13.622633,2026-04-26 22:59:13.622633,16.567588806152344
2026-04-26 22:59:13.822843,2026-04-26 22:59:13.822843,16.01604461669922
2026-04-26 22:59:14.014774,2026-04-26 22:59:14.014774,15.547231674194336
2026-04-26 22:59:14.222632,2026-04-26 22:59:14.222632,15.148740768432615
2026-04-26 22:59:14.423935,2026-04-26 22:59:14.423935,14.810023307800291
2026-04-26 22:59:14.622647,2026-04-26 22:59:14.622647,14.346332550048828
2026-04-26 22:59:14.822806,2026-04-26 22:59:14.822806,14.127976417541504
2026-04-26 22:59:15.022856,2026-04-26 22:59:15.022856,13.766592025756836
2026-04-26 22:59:15.224174,2026-04-26 22:59:15.224174,13.635197639465332
2026-04-26 22:59:15.423431,2026-04-26 22:59:15.423431,13.347729682922363
2026-04-26 22:59:15.622416,2026-04-26 22:59:15.622416,13.27916431427002
2026-04-26 22:59:15.823753,2026-04-26 22:59:15.823753,13.0451021194458
2026-04-26 22:59:16.023455,2026-04-26 22:59:16.023455,12.846149444580078
2026-04-26 22:59:16.223473,2026-04-26 22:59:16.223473,12.67703914642334
2026-04-26 22:59:16.423465,2026-04-26 22:59:16.423465,12.533295631408691
2026-04-26 22:59:16.623174,2026-04-26 22:59:16.623174,12.411113739013672
2026-04-26 22:59:16.822986,2026-04-26 22:59:16.822986,12.307259559631348
2026-04-26 22:59:17.023250,2026-04-26 22:59:17.023250,12.218982696533203
2026-04-26 22:59:17.223232,2026-04-26 22:59:17.223232,12.143948554992676
2026-04-26 22:59:17.422866,2026-04-26 22:59:17.422866,12.08016872406006
2026-04-26 22:59:17.622905,2026-04-26 22:59:17.622905,12.025955200195312
2026-04-26 22:59:17.823390,2026-04-26 22:59:17.823390,11.97987461090088
2026-04-26 22:59:18.023309,2026-04-26 22:59:18.023309,11.940706253051758
2026-04-26 22:59:18.223869,2026-04-26 22:59:18.223869,11.9074125289917
2026-04-26 22:59:18.425531,2026-04-26 22:59:18.425531,11.87911319732666
2026-04-26 22:59:18.623963,2026-04-26 22:59:18.623963,11.855058670043944
2026-04-26 22:59:18.822356,2026-04-26 22:59:18.822356,11.834612846374512
2026-04-26 22:59:19.024016,2026-04-26 22:59:19.024016,11.817233085632324
2026-04-26 22:59:19.224346,2026-04-26 22:59:19.224346,11.978241920471191
2026-04-26 22:59:19.424076,2026-04-26 22:59:19.424076,12.11509895324707
2026-04-26 22:59:19.624084,2026-04-26 22:59:19.624084,12.055646896362305
2026-04-26 22:59:19.823406,2026-04-26 22:59:19.823406,12.180893898010254
2026-04-26 22:59:20.024916,2026-04-26 22:59:20.024916,12.287353515625
2026-04-26 22:59:20.227564,2026-04-26 22:59:20.227564,12.377843856811523
2026-04-26 22:59:20.423048,2026-04-26 22:59:20.423048,12.454761505126951
2026-04-26 22:59:20.625522,2026-04-26 22:59:20.625522,12.695921897888184
2026-04-26 22:59:20.823488,2026-04-26 22:59:20.823488,12.900908470153809
2026-04-26 22:59:21.026373,2026-04-26 22:59:21.026373,13.25092887878418
2026-04-26 22:59:21.224545,2026-04-26 22:59:21.224545,13.54844570159912
2026-04-26 22:59:21.424456,2026-04-26 22:59:21.424456,13.801335334777832
2026-04-26 22:59:21.624199,2026-04-26 22:59:21.624199,14.016290664672852
2026-04-26 22:59:21.823444,2026-04-26 22:59:21.823444,14.199003219604492
2026-04-26 22:59:22.023106,2026-04-26 22:59:22.023106,14.53009033203125
2026-04-26 22:59:22.222562,2026-04-26 22:59:22.222562,14.811514854431152
2026-04-26 22:59:22.423056,2026-04-26 22:59:22.423056,15.050724983215332
2026-04-26 22:59:22.622991,2026-04-26 22:59:22.622991,15.254054069519045
2026-04-26 22:59:22.814254,2026-04-26 22:59:22.814254,15.42688274383545
2026-04-26 22:59:23.024418,2026-04-26 22:59:23.024418,15.573787689208984
2026-04-26 22:59:23.223142,2026-04-26 22:59:23.223142,15.874438285827637
2026-04-26 22:59:23.423364,2026-04-26 22:59:23.423364,16.12999153137207
2026-04-26 22:59:23.625400,2026-04-26 22:59:23.625400,16.347211837768555
2026-04-26 22:59:23.824366,2026-04-26 22:59:23.824366,16.531848907470703
2026-04-26 22:59:24.023786,2026-04-26 22:59:24.023786,16.68878936767578
2026-04-26 22:59:24.222852,2026-04-26 22:59:24.222852,16.82219123840332
2026-04-26 22:59:24.423312,2026-04-26 22:59:24.423312,17.11136245727539
2026-04-26 22:59:24.624968,2026-04-26 22:59:24.624968,17.35715675354004
2026-04-26 22:59:24.825321,2026-04-26 22:59:24.825321,17.566083908081055
2026-04-26 22:59:25.025328,2026-04-26 22:59:25.025328,17.743671417236328
2026-04-26 22:59:25.224624,2026-04-26 22:59:25.224624,17.894620895385742
2026-04-26 22:59:25.422660,2026-04-26 22:59:25.422660,18.02292823791504
2026-04-26 22:59:25.614926,2026-04-26 22:59:25.614926,18.131988525390625
2026-04-26 22:59:25.823120,2026-04-26 22:59:25.823120,18.224689483642575
2026-04-26 22:59:26.023265,2026-04-26 22:59:26.023265,18.479267120361328
2026-04-26 22:59:26.224683,2026-04-26 22:59:26.224683,18.69565963745117
2026-04-26 22:59:26.422970,2026-04-26 22:59:26.422970,18.87959098815918
2026-04-26 22:59:26.623524,2026-04-26 22:59:26.623524,19.035934448242188
2026-04-26 22:59:26.823233,2026-04-26 22:59:26.823233,19.168825149536133
2026-04-26 22:59:27.023339,2026-04-26 22:59:27.023339,19.281782150268555
2026-04-26 22:59:27.223430,2026-04-26 22:59:27.223430,19.377796173095703
2026-04-26 22:59:27.424207,2026-04-26 22:59:27.424207,19.459407806396484
2026-04-26 22:59:27.623334,2026-04-26 22:59:27.623334,19.528778076171875
2026-04-26 22:59:27.822846,2026-04-26 22:59:27.822846,19.76352310180664
2026-04-26 22:59:28.027536,2026-04-26 22:59:28.027536,19.963058471679688
2026-04-26 22:59:28.225961,2026-04-26 22:59:28.225961,20.132661819458008
2026-04-26 22:59:28.424915,2026-04-26 22:59:28.424915,20.276824951171875
2026-04-26 22:59:28.622490,2026-04-26 22:59:28.622490,20.399364471435547
2026-04-26 22:59:28.816188,2026-04-26 22:59:28.816188,20.67930221557617
2026-04-26 22:59:29.022810,2026-04-26 22:59:29.022810,20.741470336914062
2026-04-26 22:59:29.222964,2026-04-26 22:59:29.222964,20.7943115234375
2026-04-26 22:59:29.422654,2026-04-26 22:59:29.422654,21.0150089263916
2026-04-26 22:59:29.622880,2026-04-26 22:59:29.622880,21.202600479125977
2026-04-26 22:59:29.825367,2026-04-26 22:59:29.825367,21.3620548248291
2026-04-26 22:59:30.023199,2026-04-26 22:59:30.023199,21.49759101867676
2026-04-26 22:59:30.223289,2026-04-26 22:59:30.223289,21.612794876098636
2026-04-26 22:59:30.423389,2026-04-26 22:59:30.423389,21.71072006225586
2026-04-26 22:59:30.622644,2026-04-26 22:59:30.622644,21.793954849243164
2026-04-26 22:59:30.823076,2026-04-26 22:59:30.823076,21.86470603942871
2026-04-26 22:59:31.022496,2026-04-26 22:59:31.022496,21.92484474182129
2026-04-26 22:59:31.222665,2026-04-26 22:59:31.222665,22.151742935180664
2026-04-26 22:59:31.423209,2026-04-26 22:59:31.423209,22.344606399536133
2026-04-26 22:59:31.622713,2026-04-26 22:59:31.622713,22.3327579498291
2026-04-26 22:59:31.824970,2026-04-26 22:59:31.824970,22.498470306396484
2026-04-26 22:59:32.025647,2026-04-26 22:59:32.025647,22.639324188232425
2026-04-26 22:59:32.223149,2026-04-26 22:59:32.223149,22.75905036926269
2026-04-26 22:59:32.422462,2026-04-26 22:59:32.422462,22.86081886291504
2026-04-26 22:59:32.623726,2026-04-26 22:59:32.623726,22.94732093811035
2026-04-26 22:59:32.824331,2026-04-26 22:59:32.824331,23.02084732055664
2026-04-26 22:59:33.025244,2026-04-26 22:59:33.025244,23.083345413208008
2026-04-26 22:59:33.223475,2026-04-26 22:59:33.223475,23.1364688873291
2026-04-26 22:59:33.422746,2026-04-26 22:59:33.422746,23.181623458862305
2026-04-26 22:59:33.623307,2026-04-26 22:59:33.623307,23.39578628540039
2026-04-26 22:59:33.823898,2026-04-26 22:59:33.823898,23.402042388916016
2026-04-26 22:59:34.022863,2026-04-26 22:59:34.022863,23.58314323425293
2026-04-26 22:59:34.222928,2026-04-26 22:59:34.222928,23.73707771301269
2026-04-26 22:59:34.423212,2026-04-26 22:59:34.423212,23.867921829223636
2026-04-26 22:59:34.623974,2026-04-26 22:59:34.623974,23.97913932800293
2026-04-26 22:59:34.823283,2026-04-26 22:59:34.823283,24.07367515563965
2026-04-26 22:59:35.026163,2026-04-26 22:59:35.026163,24.154029846191406
2026-04-26 22:59:35.227761,2026-04-26 22:59:35.227761,24.222332000732425
2026-04-26 22:59:48.322456,2026-04-26 22:59:48.322456,24.28038787841797
2026-04-26 22:59:48.522490,2026-04-26 22:59:48.522490,24.329736709594727
2026-04-26 22:59:48.714790,2026-04-26 22:59:48.714790,24.37168312072754
2026-04-26 22:59:48.923159,2026-04-26 22:59:48.923159,24.40733528137207
2026-04-26 22:59:49.123838,2026-04-26 22:59:49.123838,24.613422393798828
2026-04-26 22:59:49.322536,2026-04-26 22:59:49.322536,24.612815856933597
2026-04-26 22:59:49.522689,2026-04-26 22:59:49.522689,24.6122989654541
2026-04-26 22:59:49.722819,2026-04-26 22:59:49.722819,24.611860275268555
2026-04-26 22:59:49.922667,2026-04-26 22:59:49.922667,24.61148834228516
2026-04-26 22:59:50.123600,2026-04-26 22:59:50.123600,24.61117172241211
2026-04-26 22:59:50.324131,2026-04-26 22:59:50.324131,24.61090087890625
2026-04-26 22:59:50.523764,2026-04-26 22:59:50.523764,24.786453247070312
2026-04-26 22:59:50.722441,2026-04-26 22:59:50.722441,24.93567276000977
2026-04-26 22:59:50.923128,2026-04-26 22:59:50.923128,25.062509536743164
2026-04-26 22:59:51.122713,2026-04-26 22:59:51.122713,25.170320510864254
2026-04-26 22:59:51.323040,2026-04-26 22:59:51.323040,25.261960983276367
2026-04-26 22:59:51.523479,2026-04-26 22:59:51.523479,25.339853286743164
2026-04-26 22:59:51.722857,2026-04-26 22:59:51.722857,25.406063079833984
2026-04-26 22:59:51.922507,2026-04-26 22:59:51.922507,25.63812255859375
2026-04-26 22:59:52.122524,2026-04-26 22:59:52.122524,25.835372924804688
2026-04-26 22:59:52.324230,2026-04-26 22:59:52.324230,26.00303649902344
2026-04-26 22:59:52.522496,2026-04-26 22:59:52.522496,26.14554977416992
2026-04-26 22:59:52.724288,2026-04-26 22:59:52.724288,26.266685485839844
2026-04-26 22:59:52.922598,2026-04-26 22:59:52.922598,26.545433044433597
2026-04-26 22:59:53.122872,2026-04-26 22:59:53.122872,26.782367706298828
2026-04-26 22:59:53.322762,2026-04-26 22:59:53.322762,26.983762741088867
2026-04-26 22:59:53.522414,2026-04-26 22:59:53.522414,27.15494728088379
2026-04-26 22:59:53.724893,2026-04-26 22:59:53.724893,27.30045509338379
2026-04-26 22:59:53.923005,2026-04-26 22:59:53.923005,27.42413711547852
2026-04-26 22:59:54.123075,2026-04-26 22:59:54.123075,27.529266357421875
2026-04-26 22:59:54.322762,2026-04-26 22:59:54.322762,27.618627548217773
2026-04-26 22:59:54.522642,2026-04-26 22:59:54.522642,27.694581985473636
2026-04-26 22:59:54.723700,2026-04-26 22:59:54.723700,27.759145736694336
2026-04-26 22:59:54.924309,2026-04-26 22:59:54.924309,27.989805221557617
2026-04-26 22:59:55.122630,2026-04-26 22:59:55.122630,28.01008415222168
2026-04-26 22:59:55.324440,2026-04-26 22:59:55.324440,28.203102111816406
2026-04-26 22:59:55.523068,2026-04-26 22:59:55.523068,28.367168426513672
2026-04-26 22:59:55.723543,2026-04-26 22:59:55.723543,28.33084297180176
2026-04-26 22:59:55.922785,2026-04-26 22:59:55.922785,28.47574806213379
2026-04-26 22:59:56.122934,2026-04-26 22:59:56.122934,28.59891700744629
2026-04-26 22:59:56.322796,2026-04-26 22:59:56.322796,28.703611373901367
2026-04-26 22:59:56.523228,2026-04-26 22:59:56.523228,28.792600631713867
2026-04-26 22:59:56.722668,2026-04-26 22:59:56.722668,28.868242263793945
2026-04-26 22:59:56.923127,2026-04-26 22:59:56.923127,28.932537078857425
2026-04-26 22:59:57.123388,2026-04-26 22:59:57.123388,28.98718643188477
2026-04-26 22:59:57.323248,2026-04-26 22:59:57.323248,29.033639907836918
2026-04-26 22:59:57.525001,2026-04-26 22:59:57.525001,29.0731258392334
2026-04-26 22:59:57.723009,2026-04-26 22:59:57.723009,29.106687545776367
2026-04-26 22:59:57.924875,2026-04-26 22:59:57.924875,29.135215759277344
2026-04-26 22:59:58.124790,2026-04-26 22:59:58.124790,28.98368453979492
2026-04-26 22:59:58.314266,2026-04-26 22:59:58.314266,28.854881286621094
2026-04-26 22:59:58.525387,2026-04-26 22:59:58.525387,28.745399475097656
2026-04-26 22:59:58.724255,2026-04-26 22:59:58.724255,28.65233993530273
2026-04-26 22:59:58.923612,2026-04-26 22:59:58.923612,28.57323837280273
2026-04-26 22:59:59.122622,2026-04-26 22:59:59.122622,28.50600242614746
2026-04-26 22:59:59.323455,2026-04-26 22:59:59.323455,28.4488525390625
2026-04-26 22:59:59.523294,2026-04-26 22:59:59.523294,26.1151180267334
2026-04-26 22:59:59.723997,2026-04-26 22:59:59.723997,24.131444931030277
2026-04-26 22:59:59.924548,2026-04-26 22:59:59.924548,22.445322036743164
2026-04-26 23:00:00.123192,2026-04-26 23:00:00.123192,21.012117385864254
2026-04-26 23:00:00.323178,2026-04-26 23:00:00.323178,19.793893814086918
2026-04-26 23:00:00.522959,2026-04-26 23:00:00.522959,18.75840377807617
2026-04-26 23:00:00.723605,2026-04-26 23:00:00.723605,17.702455520629883
2026-04-26 23:00:00.923839,2026-04-26 23:00:00.923839,16.980680465698242
2026-04-26 23:00:01.126205,2026-04-26 23:00:01.126205,16.191390991210938
2026-04-26 23:00:01.324896,2026-04-26 23:00:01.324896,15.52049446105957
2026-04-26 23:00:01.523235,2026-04-26 23:00:01.523235,14.950233459472656
2026-04-26 23:00:01.724649,2026-04-26 23:00:01.724649,14.465510368347168
2026-04-26 23:00:01.923271,2026-04-26 23:00:01.923271,14.053496360778809
2026-04-26 23:00:02.123931,2026-04-26 23:00:02.123931,13.70328426361084
2026-04-26 23:00:02.323439,2026-04-26 23:00:02.323439,13.405604362487791
2026-04-26 23:00:02.523751,2026-04-26 23:00:02.523751,13.152576446533203
2026-04-26 23:00:02.722745,2026-04-26 23:00:02.722745,12.761720657348633
2026-04-26 23:00:02.922689,2026-04-26 23:00:02.922689,12.42949390411377
2026-04-26 23:00:03.122989,2026-04-26 23:00:03.122989,12.147101402282717
2026-04-26 23:00:03.324674,2026-04-26 23:00:03.324674,14.01644229888916
2026-04-26 23:00:03.524258,2026-04-26 23:00:03.524258,15.605381965637209
2026-04-26 23:00:03.723347,2026-04-26 23:00:03.723347,16.95598030090332
2026-04-26 23:00:03.924209,2026-04-26 23:00:03.924209,17.92820930480957
2026-04-26 23:00:04.125222,2026-04-26 23:00:04.125222,18.754602432250977
2026-04-26 23:00:04.324784,2026-04-26 23:00:04.324784,19.4570369720459
2026-04-26 23:00:04.522983,2026-04-26 23:00:04.522983,20.054105758666992
2026-04-26 23:00:04.723214,2026-04-26 23:00:04.723214,20.56161499023437
2026-04-26 23:00:04.922644,2026-04-26 23:00:04.922644,20.992998123168945
2026-04-26 23:00:05.125505,2026-04-26 23:00:05.125505,21.35967445373535
2026-04-26 23:00:05.322962,2026-04-26 23:00:05.322962,21.67134666442871
2026-04-26 23:00:05.523635,2026-04-26 23:00:05.523635,21.76048851013184
2026-04-26 23:00:05.723413,2026-04-26 23:00:05.723413,21.836259841918945
2026-04-26 23:00:05.922882,2026-04-26 23:00:05.922882,21.900665283203125
2026-04-26 23:00:06.123028,2026-04-26 23:00:06.123028,21.95540809631348
2026-04-26 23:00:06.315244,2026-04-26 23:00:06.315244,22.001941680908203
2026-04-26 23:00:06.522983,2026-04-26 23:00:06.522983,22.04149436950684
2026-04-26 23:00:06.722632,2026-04-26 23:00:06.722632,22.07511329650879
2026-04-26 23:00:06.922907,2026-04-26 23:00:06.922907,22.103689193725582
2026-04-26 23:00:07.124592,2026-04-26 23:00:07.124592,22.12798118591309
2026-04-26 23:00:07.326166,2026-04-26 23:00:07.326166,22.14862632751465
2026-04-26 23:00:07.529356,2026-04-26 23:00:07.529356,22.16617584228516
2026-04-26 23:00:07.724570,2026-04-26 23:00:07.724570,22.181093215942383
2026-04-26 23:00:07.925637,2026-04-26 23:00:07.925637,22.36955451965332
2026-04-26 23:00:08.124288,2026-04-26 23:00:08.124288,22.353965759277344
2026-04-26 23:00:08.322775,2026-04-26 23:00:08.322775,22.51649475097656
2026-04-26 23:00:08.522871,2026-04-26 23:00:08.522871,22.654645919799805
2026-04-26 23:00:08.722486,2026-04-26 23:00:08.722486,22.77207374572754
2026-04-26 23:00:08.924181,2026-04-26 23:00:08.924181,22.87188720703125
2026-04-26 23:00:09.124386,2026-04-26 23:00:09.124386,22.956729888916016
2026-04-26 23:00:09.323199,2026-04-26 23:00:09.323199,23.204626083374023
2026-04-26 23:00:09.522690,2026-04-26 23:00:09.522690,23.41533851623535
2026-04-26 23:00:09.723897,2026-04-26 23:00:09.723897,23.418663024902344
2026-04-26 23:00:09.926529,2026-04-26 23:00:09.926529,23.59726905822754
2026-04-26 23:00:10.123018,2026-04-26 23:00:10.123018,23.749086380004883
2026-04-26 23:00:10.323020,2026-04-26 23:00:10.323020,23.878129959106445
2026-04-26 23:00:10.523043,2026-04-26 23:00:10.523043,23.987815856933597
2026-04-26 23:00:10.723374,2026-04-26 23:00:10.723374,24.0810489654541
2026-04-26 23:00:10.924715,2026-04-26 23:00:10.924715,24.16029930114746
2026-04-26 23:00:11.123587,2026-04-26 23:00:11.123587,24.227659225463867
2026-04-26 23:00:11.323687,2026-04-26 23:00:11.323687,24.2849178314209
2026-04-26 23:00:11.522487,2026-04-26 23:00:11.522487,24.333585739135746
2026-04-26 23:00:11.723990,2026-04-26 23:00:11.723990,24.37495422363281
2026-04-26 23:00:11.923457,2026-04-26 23:00:11.923457,24.410118103027344
2026-04-26 23:00:12.125036,2026-04-26 23:00:12.125036,24.44000625610352
2026-04-26 23:00:12.325720,2026-04-26 23:00:12.325720,24.465412139892575
2026-04-26 23:00:12.522888,2026-04-26 23:00:12.522888,24.48700523376465
2026-04-26 23:00:12.725347,2026-04-26 23:00:12.725347,24.50536155700684
2026-04-26 23:00:12.922943,2026-04-26 23:00:12.922943,24.34518241882324
2026-04-26 23:00:13.123352,2026-04-26 23:00:13.123352,24.209030151367188
2026-04-26 23:00:13.323353,2026-04-26 23:00:13.323353,24.093299865722656
2026-04-26 23:00:13.523000,2026-04-26 23:00:13.523000,23.994930267333984
2026-04-26 23:00:26.623154,2026-04-26 23:00:26.623154,23.91131591796875
2026-04-26 23:00:26.825134,2026-04-26 23:00:26.825134,23.84024429321289
2026-04-26 23:00:27.022476,2026-04-26 23:00:27.022476,23.779830932617188
2026-04-26 23:00:27.222754,2026-04-26 23:00:27.222754,23.72848129272461
2026-04-26 23:00:27.423300,2026-04-26 23:00:27.423300,23.68483543395996
2026-04-26 23:00:27.623006,2026-04-26 23:00:27.623006,23.64773368835449
2026-04-26 23:00:27.823041,2026-04-26 23:00:27.823041,23.791980743408203
2026-04-26 23:00:28.022699,2026-04-26 23:00:28.022699,23.914588928222656
2026-04-26 23:00:28.222737,2026-04-26 23:00:28.222737,24.018808364868164
2026-04-26 23:00:28.422751,2026-04-26 23:00:28.422751,24.107393264770508
2026-04-26 23:00:28.623457,2026-04-26 23:00:28.623457,24.182689666748047
2026-04-26 23:00:28.822562,2026-04-26 23:00:28.822562,24.246692657470703
2026-04-26 23:00:29.022755,2026-04-26 23:00:29.022755,24.30109596252441
2026-04-26 23:00:29.223287,2026-04-26 23:00:29.223287,24.17155647277832
2026-04-26 23:00:29.423690,2026-04-26 23:00:29.423690,24.237228393554688
2026-04-26 23:00:29.622839,2026-04-26 23:00:29.622839,24.29305076599121
2026-04-26 23:00:29.822918,2026-04-26 23:00:29.822918,24.340499877929688
2026-04-26 23:00:30.023485,2026-04-26 23:00:30.023485,24.380830764770508
2026-04-26 23:00:30.222452,2026-04-26 23:00:30.222452,22.481517791748047
2026-04-26 23:00:30.425531,2026-04-26 23:00:30.425531,20.86710357666016
2026-04-26 23:00:30.623094,2026-04-26 23:00:30.623094,19.494850158691406
2026-04-26 23:00:30.823122,2026-04-26 23:00:30.823122,18.32843589782715
2026-04-26 23:00:31.024210,2026-04-26 23:00:31.024210,17.51276397705078
2026-04-26 23:00:31.222580,2026-04-26 23:00:31.222580,16.819442749023438
2026-04-26 23:00:31.423232,2026-04-26 23:00:31.423232,16.230119705200195
2026-04-26 23:00:31.623082,2026-04-26 23:00:31.623082,15.553414344787598
2026-04-26 23:00:31.823236,2026-04-26 23:00:31.823236,15.153996467590332
2026-04-26 23:00:32.022499,2026-04-26 23:00:32.022499,14.81449031829834
2026-04-26 23:00:32.222996,2026-04-26 23:00:32.222996,14.35012912750244
2026-04-26 23:00:32.422706,2026-04-26 23:00:32.422706,13.955422401428224
2026-04-26 23:00:32.623234,2026-04-26 23:00:32.623234,13.619921684265137
2026-04-26 23:00:32.823537,2026-04-26 23:00:32.823537,13.334746360778809
2026-04-26 23:00:33.023926,2026-04-26 23:00:33.023926,13.09234619140625
2026-04-26 23:00:33.222955,2026-04-26 23:00:33.222955,12.886306762695312
2026-04-26 23:00:33.424592,2026-04-26 23:00:33.424592,12.711173057556152
2026-04-26 23:00:33.622935,2026-04-26 23:00:33.622935,12.562310218811035
2026-04-26 23:00:33.823327,2026-04-26 23:00:33.823327,12.435775756835938
2026-04-26 23:00:34.024203,2026-04-26 23:00:34.024203,12.504003524780272
2026-04-26 23:00:34.222860,2026-04-26 23:00:34.222860,12.561996459960938
2026-04-26 23:00:34.422942,2026-04-26 23:00:34.422942,12.61129093170166
2026-04-26 23:00:34.624300,2026-04-26 23:00:34.624300,12.653190612792969
2026-04-26 23:00:34.824213,2026-04-26 23:00:34.824213,12.864587783813477
2026-04-26 23:00:35.023488,2026-04-26 23:00:35.023488,13.04427433013916
2026-04-26 23:00:35.223907,2026-04-26 23:00:35.223907,13.19700813293457
2026-04-26 23:00:35.422956,2026-04-26 23:00:35.422956,13.326831817626951
2026-04-26 23:00:35.623976,2026-04-26 23:00:35.623976,13.437182426452637
2026-04-26 23:00:35.826255,2026-04-26 23:00:35.826255,13.530980110168455
2026-04-26 23:00:36.025487,2026-04-26 23:00:36.025487,13.610708236694336
2026-04-26 23:00:36.223296,2026-04-26 23:00:36.223296,13.854257583618164
2026-04-26 23:00:36.422534,2026-04-26 23:00:36.422534,14.061275482177734
2026-04-26 23:00:36.622946,2026-04-26 23:00:36.622946,14.2372407913208
2026-04-26 23:00:36.822582,2026-04-26 23:00:36.822582,15.441497802734377
2026-04-26 23:00:37.030209,2026-04-26 23:00:37.030209,16.465116500854492
2026-04-26 23:00:37.222759,2026-04-26 23:00:37.222759,17.159412384033203
2026-04-26 23:00:37.423169,2026-04-26 23:00:37.423169,17.046438217163086
2026-04-26 23:00:37.622344,2026-04-26 23:00:37.622344,17.126190185546875
2026-04-26 23:00:37.822529,2026-04-26 23:00:37.822529,17.193981170654297
2026-04-26 23:00:38.022637,2026-04-26 23:00:38.022637,17.427383422851562
2026-04-26 23:00:38.223786,2026-04-26 23:00:38.223786,17.625776290893555
2026-04-26 23:00:38.424464,2026-04-26 23:00:38.424464,17.794410705566406
2026-04-26 23:00:38.623787,2026-04-26 23:00:38.623787,18.113529205322266
2026-04-26 23:00:38.823262,2026-04-26 23:00:38.823262,18.208999633789062
2026-04-26 23:00:39.025393,2026-04-26 23:00:39.025393,18.290149688720703
2026-04-26 23:00:39.224860,2026-04-26 23:00:39.224860,18.71068954467773
2026-04-26 23:00:39.424424,2026-04-26 23:00:39.424424,19.06814956665039
2026-04-26 23:00:39.625481,2026-04-26 23:00:39.625481,19.37198829650879
2026-04-26 23:00:39.824885,2026-04-26 23:00:39.824885,19.80603408813477
2026-04-26 23:00:40.024185,2026-04-26 23:00:40.024185,20.174972534179688
2026-04-26 23:00:40.222754,2026-04-26 23:00:40.222754,20.488571166992188
2026-04-26 23:00:40.424404,2026-04-26 23:00:40.424404,20.755128860473636
2026-04-26 23:00:40.615430,2026-04-26 23:00:40.615430,20.98170280456543
2026-04-26 23:00:40.823402,2026-04-26 23:00:40.823402,21.174291610717773
2026-04-26 23:00:41.024718,2026-04-26 23:00:41.024718,21.51377296447754
2026-04-26 23:00:41.225548,2026-04-26 23:00:41.225548,21.80233192443848
2026-04-26 23:00:41.425281,2026-04-26 23:00:41.425281,22.047607421875
2026-04-26 23:00:41.624401,2026-04-26 23:00:41.624401,22.25609016418457
2026-04-26 23:00:41.826508,2026-04-26 23:00:41.826508,22.43330192565918
2026-04-26 23:00:42.025013,2026-04-26 23:00:42.025013,22.759714126586918
2026-04-26 23:00:42.224982,2026-04-26 23:00:42.224982,21.10356903076172
2026-04-26 23:00:42.426066,2026-04-26 23:00:42.426066,21.629440307617188
2026-04-26 23:00:42.623938,2026-04-26 23:00:42.623938,20.14283561706543
2026-04-26 23:00:42.824523,2026-04-26 23:00:42.824523,20.812816619873047
2026-04-26 23:00:43.025959,2026-04-26 23:00:43.025959,19.448707580566406
2026-04-26 23:00:43.222784,2026-04-26 23:00:43.222784,18.289213180541992
2026-04-26 23:00:43.422584,2026-04-26 23:00:43.422584,17.30364418029785
2026-04-26 23:00:43.622974,2026-04-26 23:00:43.622974,16.465909957885742
2026-04-26 23:00:43.830255,2026-04-26 23:00:43.830255,15.753835678100586
2026-04-26 23:00:44.023429,2026-04-26 23:00:44.023429,15.14857292175293
2026-04-26 23:00:44.225387,2026-04-26 23:00:44.225387,14.458318710327148
2026-04-26 23:00:44.423093,2026-04-26 23:00:44.423093,13.871602058410645
2026-04-26 23:00:44.623239,2026-04-26 23:00:44.623239,13.372892379760742
2026-04-26 23:00:44.822742,2026-04-26 23:00:44.822742,12.948989868164062
2026-04-26 23:00:45.023829,2026-04-26 23:00:45.023829,12.588672637939451
2026-04-26 23:00:45.223567,2026-04-26 23:00:45.223567,12.282402992248535
2026-04-26 23:00:45.423468,2026-04-26 23:00:45.423468,12.02207374572754
2026-04-26 23:00:45.624194,2026-04-26 23:00:45.624194,11.800793647766112
2026-04-26 23:00:45.823488,2026-04-26 23:00:45.823488,13.897862434387209
2026-04-26 23:00:46.023526,2026-04-26 23:00:46.023526,15.680370330810549
2026-04-26 23:00:46.223025,2026-04-26 23:00:46.223025,17.19550323486328
2026-04-26 23:00:46.424464,2026-04-26 23:00:46.424464,16.19820785522461
2026-04-26 23:00:46.623081,2026-04-26 23:00:46.623081,15.350508689880373
2026-04-26 23:00:46.822707,2026-04-26 23:00:46.822707,14.629962921142578
2026-04-26 23:00:47.023053,2026-04-26 23:00:47.023053,14.017499923706056
2026-04-26 23:00:47.223553,2026-04-26 23:00:47.223553,15.957843780517578
2026-04-26 23:00:47.426388,2026-04-26 23:00:47.426388,17.607135772705078
2026-04-26 23:00:47.623562,2026-04-26 23:00:47.623562,19.009035110473636
2026-04-26 23:00:47.823151,2026-04-26 23:00:47.823151,20.200647354125977
2026-04-26 23:00:48.024194,2026-04-26 23:00:48.024194,21.213520050048828
2026-04-26 23:00:48.225354,2026-04-26 23:00:48.225354,21.898679733276367
2026-04-26 23:00:48.422606,2026-04-26 23:00:48.422606,22.48106384277344
2026-04-26 23:00:48.622996,2026-04-26 23:00:48.622996,22.976093292236328
2026-04-26 23:00:48.823477,2026-04-26 23:00:48.823477,23.39686584472656
2026-04-26 23:00:49.024309,2026-04-26 23:00:49.024309,23.75452423095703
2026-04-26 23:00:49.223955,2026-04-26 23:00:49.223955,23.88275146484375
2026-04-26 23:00:49.424632,2026-04-26 23:00:49.424632,23.991744995117188
2026-04-26 23:00:49.622702,2026-04-26 23:00:49.622702,24.26016998291016
2026-04-26 23:00:49.823124,2026-04-26 23:00:49.823124,24.48833274841309
2026-04-26 23:00:50.023698,2026-04-26 23:00:50.023698,24.682270050048828
2026-04-26 23:00:50.223379,2026-04-26 23:00:50.223379,24.671335220336918
2026-04-26 23:00:50.422565,2026-04-26 23:00:50.422565,24.66204261779785
2026-04-26 23:00:50.623297,2026-04-26 23:00:50.623297,24.654142379760746
2026-04-26 23:00:50.822452,2026-04-26 23:00:50.822452,24.64742660522461
2026-04-26 23:00:51.022820,2026-04-26 23:00:51.022820,24.641719818115234
2026-04-26 23:00:51.222505,2026-04-26 23:00:51.222505,24.63686752319336
2026-04-26 23:00:51.424235,2026-04-26 23:00:51.424235,22.52336883544922
2026-04-26 23:00:51.623498,2026-04-26 23:00:51.623498,22.83626937866211
2026-04-26 23:00:51.823645,2026-04-26 23:00:51.823645,22.926454544067383
2026-04-26 23:01:04.923741,2026-04-26 23:01:04.923741,23.00311088562012
2026-04-26 23:01:05.123305,2026-04-26 23:01:05.123305,23.068269729614254
2026-04-26 23:01:05.323098,2026-04-26 23:01:05.323098,23.123653411865234
2026-04-26 23:01:05.522989,2026-04-26 23:01:05.522989,23.170730590820312
2026-04-26 23:01:05.728703,2026-04-26 23:01:05.728703,23.21074676513672
2026-04-26 23:01:05.923074,2026-04-26 23:01:05.923074,23.24475860595703
2026-04-26 23:01:06.122575,2026-04-26 23:01:06.122575,23.273670196533203
2026-04-26 23:01:06.324495,2026-04-26 23:01:06.324495,21.54043197631836
2026-04-26 23:01:06.522589,2026-04-26 23:01:06.522589,20.06718063354492
2026-04-26 23:01:06.722445,2026-04-26 23:01:06.722445,20.57272720336914
2026-04-26 23:01:06.922608,2026-04-26 23:01:06.922608,21.002443313598636
2026-04-26 23:01:07.115772,2026-04-26 23:01:07.115772,21.36770248413086
2026-04-26 23:01:07.322832,2026-04-26 23:01:07.322832,21.678171157836918
2026-04-26 23:01:07.522471,2026-04-26 23:01:07.522471,21.94207191467285
2026-04-26 23:01:07.722451,2026-04-26 23:01:07.722451,22.16638565063477
2026-04-26 23:01:07.922635,2026-04-26 23:01:07.922635,22.357051849365234
2026-04-26 23:01:08.123003,2026-04-26 23:01:08.123003,22.343338012695312
2026-04-26 23:01:08.324323,2026-04-26 23:01:08.324323,22.331682205200195
2026-04-26 23:01:08.524200,2026-04-26 23:01:08.524200,22.32177352905273
2026-04-26 23:01:08.723002,2026-04-26 23:01:08.723002,22.313350677490234
2026-04-26 23:01:08.922929,2026-04-26 23:01:08.922929,22.13041114807129
2026-04-26 23:01:09.123185,2026-04-26 23:01:09.123185,22.150691986083984
2026-04-26 23:01:09.323240,2026-04-26 23:01:09.323240,21.992151260375977
2026-04-26 23:01:09.522882,2026-04-26 23:01:09.522882,21.857391357421875
2026-04-26 23:01:09.723178,2026-04-26 23:01:09.723178,21.74284553527832
2026-04-26 23:01:09.923005,2026-04-26 23:01:09.923005,21.64548110961914
2026-04-26 23:01:10.123422,2026-04-26 23:01:10.123422,21.386940002441406
2026-04-26 23:01:10.323182,2026-04-26 23:01:10.323182,21.16718101501465
2026-04-26 23:01:10.524155,2026-04-26 23:01:10.524155,20.98038482666016
2026-04-26 23:01:10.722640,2026-04-26 23:01:10.722640,20.99738883972168
2026-04-26 23:01:10.924217,2026-04-26 23:01:10.924217,20.836061477661133
2026-04-26 23:01:11.123021,2026-04-26 23:01:11.123021,20.69893455505371
2026-04-26 23:01:11.323691,2026-04-26 23:01:11.323691,20.582374572753903
2026-04-26 23:01:11.522985,2026-04-26 23:01:11.522985,20.483299255371094
2026-04-26 23:01:11.722548,2026-04-26 23:01:11.722548,20.39908599853516
2026-04-26 23:01:11.923209,2026-04-26 23:01:11.923209,20.327505111694336
2026-04-26 23:01:12.122329,2026-04-26 23:01:12.122329,20.266660690307617
2026-04-26 23:01:12.324204,2026-04-26 23:01:12.324204,20.214942932128903
2026-04-26 23:01:12.524038,2026-04-26 23:01:12.524038,20.170982360839844
2026-04-26 23:01:12.723751,2026-04-26 23:01:12.723751,20.13361549377441
2026-04-26 23:01:12.924071,2026-04-26 23:01:12.924071,20.27763557434082
2026-04-26 23:01:13.123136,2026-04-26 23:01:13.123136,20.400053024291992
2026-04-26 23:01:13.323601,2026-04-26 23:01:13.323601,20.50410842895508
2026-04-26 23:01:13.522950,2026-04-26 23:01:13.522950,20.592554092407227
2026-04-26 23:01:13.723371,2026-04-26 23:01:13.723371,20.843515396118164
2026-04-26 23:01:13.922493,2026-04-26 23:01:13.922493,21.05683135986328
2026-04-26 23:01:14.122456,2026-04-26 23:01:14.122456,21.238149642944336
2026-04-26 23:01:14.323595,2026-04-26 23:01:14.323595,21.39227104187012
2026-04-26 23:01:14.515286,2026-04-26 23:01:14.515286,21.52327537536621
2026-04-26 23:01:14.722409,2026-04-26 23:01:14.722409,21.634626388549805
2026-04-26 23:01:14.922439,2026-04-26 23:01:14.922439,21.72927665710449
2026-04-26 23:01:15.125362,2026-04-26 23:01:15.125362,21.809728622436523
2026-04-26 23:01:15.323385,2026-04-26 23:01:15.323385,21.87811279296875
2026-04-26 23:01:15.522450,2026-04-26 23:01:15.522450,21.93623924255371
2026-04-26 23:01:15.723945,2026-04-26 23:01:15.723945,21.98564720153809
2026-04-26 23:01:15.923834,2026-04-26 23:01:15.923834,22.027645111083984
2026-04-26 23:01:16.129214,2026-04-26 23:01:16.129214,22.06334114074707
2026-04-26 23:01:16.322680,2026-04-26 23:01:16.322680,22.09368324279785
2026-04-26 23:01:16.522660,2026-04-26 23:01:16.522660,22.295255661010746
2026-04-26 23:01:16.724039,2026-04-26 23:01:16.724039,22.46659278869629
2026-04-26 23:01:16.922505,2026-04-26 23:01:16.922505,22.612228393554688
2026-04-26 23:01:17.123600,2026-04-26 23:01:17.123600,22.736019134521484
2026-04-26 23:01:17.323958,2026-04-26 23:01:17.323958,22.84124183654785
2026-04-26 23:01:17.523260,2026-04-26 23:01:17.523260,22.93068122863769
2026-04-26 23:01:17.723949,2026-04-26 23:01:17.723949,23.006704330444336
2026-04-26 23:01:17.924070,2026-04-26 23:01:17.924070,23.07132339477539
2026-04-26 23:01:18.123273,2026-04-26 23:01:18.123273,23.30203056335449
2026-04-26 23:01:18.322944,2026-04-26 23:01:18.322944,23.49813270568848
2026-04-26 23:01:18.524920,2026-04-26 23:01:18.524920,23.664817810058597
2026-04-26 23:01:18.723929,2026-04-26 23:01:18.723929,23.806501388549805
2026-04-26 23:01:18.923344,2026-04-26 23:01:18.923344,23.92693328857422
2026-04-26 23:01:19.123121,2026-04-26 23:01:19.123121,24.029298782348636
2026-04-26 23:01:19.324031,2026-04-26 23:01:19.324031,24.116310119628903
2026-04-26 23:01:19.523943,2026-04-26 23:01:19.523943,24.190269470214844
2026-04-26 23:01:19.723878,2026-04-26 23:01:19.723878,24.253135681152344
2026-04-26 23:01:19.923495,2026-04-26 23:01:19.923495,24.30657196044922
2026-04-26 23:01:20.124662,2026-04-26 23:01:20.124662,24.351991653442383
2026-04-26 23:01:20.324153,2026-04-26 23:01:20.324153,24.390600204467773
2026-04-26 23:01:20.523167,2026-04-26 23:01:20.523167,24.599197387695312
2026-04-26 23:01:20.724031,2026-04-26 23:01:20.724031,24.77650451660156
2026-04-26 23:01:20.923568,2026-04-26 23:01:20.923568,24.927217483520508
2026-04-26 23:01:21.125386,2026-04-26 23:01:21.125386,25.055322647094727
2026-04-26 23:01:21.327957,2026-04-26 23:01:21.327957,25.16421127319336
2026-04-26 23:01:21.526137,2026-04-26 23:01:21.526137,25.25676727294922
2026-04-26 23:01:21.723172,2026-04-26 23:01:21.723172,25.33543968200684
2026-04-26 23:01:21.922518,2026-04-26 23:01:21.922518,25.40231132507324
2026-04-26 23:01:22.126259,2026-04-26 23:01:22.126259,25.459152221679688
2026-04-26 23:01:22.324548,2026-04-26 23:01:22.324548,25.50746726989746
2026-04-26 23:01:22.523774,2026-04-26 23:01:22.523774,25.724315643310547
2026-04-26 23:01:22.723452,2026-04-26 23:01:22.723452,25.90863609313965
2026-04-26 23:01:22.927171,2026-04-26 23:01:22.927171,26.065309524536133
2026-04-26 23:01:23.122686,2026-04-26 23:01:23.122686,26.19848251342773
2026-04-26 23:01:23.325423,2026-04-26 23:01:23.325423,26.311677932739254
2026-04-26 23:01:23.523161,2026-04-26 23:01:23.523161,26.40789604187012
2026-04-26 23:01:23.725273,2026-04-26 23:01:23.725273,26.48967933654785
2026-04-26 23:01:23.923635,2026-04-26 23:01:23.923635,26.55919647216797
2026-04-26 23:01:24.123212,2026-04-26 23:01:24.123212,26.6182861328125
2026-04-26 23:01:24.330208,2026-04-26 23:01:24.330208,26.66851234436035
2026-04-26 23:01:24.523177,2026-04-26 23:01:24.523177,26.886985778808597
2026-04-26 23:01:24.729951,2026-04-26 23:01:24.729951,27.07268714904785
2026-04-26 23:01:24.923274,2026-04-26 23:01:24.923274,27.23053359985352
2026-04-26 23:01:25.123636,2026-04-26 23:01:25.123636,27.18892288208008
2026-04-26 23:01:25.322674,2026-04-26 23:01:25.322674,27.153553009033203
2026-04-26 23:01:25.522334,2026-04-26 23:01:25.522334,27.29927062988281
2026-04-26 23:01:25.726227,2026-04-26 23:01:25.726227,27.42313003540039
2026-04-26 23:01:25.925448,2026-04-26 23:01:25.925448,27.528409957885746
2026-04-26 23:01:26.123216,2026-04-26 23:01:26.123216,27.61789894104004
2026-04-26 23:01:26.322398,2026-04-26 23:01:26.322398,27.6939640045166
2026-04-26 23:01:26.523172,2026-04-26 23:01:26.523172,27.75861930847168
2026-04-26 23:01:26.722693,2026-04-26 23:01:26.722693,27.813575744628903
2026-04-26 23:01:26.923961,2026-04-26 23:01:26.923961,27.86029052734375
2026-04-26 23:01:27.123560,2026-04-26 23:01:27.123560,27.899995803833008
2026-04-26 23:01:27.323280,2026-04-26 23:01:27.323280,27.933746337890625
2026-04-26 23:01:27.522565,2026-04-26 23:01:27.522565,27.96243476867676
2026-04-26 23:01:27.722913,2026-04-26 23:01:27.722913,28.162601470947266
2026-04-26 23:01:27.924209,2026-04-26 23:01:27.924209,28.33274269104004
2026-04-26 23:01:28.123666,2026-04-26 23:01:28.123666,28.47736167907715
2026-04-26 23:01:28.327005,2026-04-26 23:01:28.327005,28.60028839111328
2026-04-26 23:01:28.523297,2026-04-26 23:01:28.523297,28.704776763916016
2026-04-26 23:01:28.726184,2026-04-26 23:01:28.726184,28.79359245300293
2026-04-26 23:01:28.924475,2026-04-26 23:01:28.924475,26.408145904541016
2026-04-26 23:01:29.123490,2026-04-26 23:01:29.123490,26.841455459594727
2026-04-26 23:01:29.322665,2026-04-26 23:01:29.322665,24.92461204528809
2026-04-26 23:01:29.523465,2026-04-26 23:01:29.523465,23.11951446533203
2026-04-26 23:01:29.723534,2026-04-26 23:01:29.723534,21.585180282592773
2026-04-26 23:01:29.922320,2026-04-26 23:01:29.922320,20.28099822998047
2026-04-26 23:01:30.123285,2026-04-26 23:01:30.123285,19.348222732543945
2026-04-26 23:01:43.224159,2026-04-26 23:01:43.224159,18.37958335876465
2026-04-26 23:01:43.423400,2026-04-26 23:01:43.423400,17.73202133178711
2026-04-26 23:01:43.623908,2026-04-26 23:01:43.623908,17.18159294128418
2026-04-26 23:01:43.822860,2026-04-26 23:01:43.822860,16.537946701049805
2026-04-26 23:01:44.023082,2026-04-26 23:01:44.023082,16.166629791259766
2026-04-26 23:01:44.224495,2026-04-26 23:01:44.224495,15.675230026245115
2026-04-26 23:01:44.422626,2026-04-26 23:01:44.422626,15.257538795471191
2026-04-26 23:01:44.623415,2026-04-26 23:01:44.623415,14.902502059936523
2026-04-26 23:01:44.823047,2026-04-26 23:01:44.823047,14.776501655578612
2026-04-26 23:01:45.023459,2026-04-26 23:01:45.023459,14.493619918823242
2026-04-26 23:01:45.222281,2026-04-26 23:01:45.222281,14.42895221710205
2026-04-26 23:01:45.422758,2026-04-26 23:01:45.422758,14.373984336853027
2026-04-26 23:01:45.626313,2026-04-26 23:01:45.626313,14.327261924743652
2026-04-26 23:01:45.822536,2026-04-26 23:01:45.822536,14.46332836151123
2026-04-26 23:01:46.024392,2026-04-26 23:01:46.024392,14.578985214233398
2026-04-26 23:01:46.223107,2026-04-26 23:01:46.223107,14.67729377746582
2026-04-26 23:01:46.424188,2026-04-26 23:01:46.424188,14.936636924743652
2026-04-26 23:01:46.622759,2026-04-26 23:01:46.622759,15.157079696655272
2026-04-26 23:01:46.822780,2026-04-26 23:01:46.822780,15.344454765319824
2026-04-26 23:01:47.023169,2026-04-26 23:01:47.023169,15.503724098205566
2026-04-26 23:01:47.222738,2026-04-26 23:01:47.222738,15.639102935791016
2026-04-26 23:01:47.422492,2026-04-26 23:01:47.422492,15.754175186157228
2026-04-26 23:01:47.622631,2026-04-26 23:01:47.622631,15.851985931396484
2026-04-26 23:01:47.823164,2026-04-26 23:01:47.823164,15.935126304626465
2026-04-26 23:01:48.022875,2026-04-26 23:01:48.022875,16.005794525146484
2026-04-26 23:01:48.222468,2026-04-26 23:01:48.222468,15.890081405639648
2026-04-26 23:01:48.423564,2026-04-26 23:01:48.423564,15.791725158691406
2026-04-26 23:01:48.622438,2026-04-26 23:01:48.622438,15.708123207092283
2026-04-26 23:01:48.822455,2026-04-26 23:01:48.822455,15.63706111907959
2026-04-26 23:01:49.022796,2026-04-26 23:01:49.022796,15.576658248901367
2026-04-26 23:01:49.223225,2026-04-26 23:01:49.223225,15.525315284729004
2026-04-26 23:01:49.423069,2026-04-26 23:01:49.423069,15.481674194335938
2026-04-26 23:01:49.623973,2026-04-26 23:01:49.623973,15.444579124450684
2026-04-26 23:01:49.823889,2026-04-26 23:01:49.823889,15.41304874420166
2026-04-26 23:01:50.022838,2026-04-26 23:01:50.022838,15.210466384887695
2026-04-26 23:01:50.222354,2026-04-26 23:01:50.222354,15.0382719039917
2026-04-26 23:01:50.422459,2026-04-26 23:01:50.422459,14.891905784606934
2026-04-26 23:01:50.622557,2026-04-26 23:01:50.622557,14.767495155334473
2026-04-26 23:01:50.822658,2026-04-26 23:01:50.822658,14.66174602508545
2026-04-26 23:01:51.023277,2026-04-26 23:01:51.023277,14.571858406066896
2026-04-26 23:01:51.222656,2026-04-26 23:01:51.222656,14.495454788208008
2026-04-26 23:01:51.424258,2026-04-26 23:01:51.424258,14.430511474609377
2026-04-26 23:01:51.622919,2026-04-26 23:01:51.622919,14.199528694152832
2026-04-26 23:01:51.822863,2026-04-26 23:01:51.822863,14.178974151611328
2026-04-26 23:01:52.024096,2026-04-26 23:01:52.024096,14.161502838134766
2026-04-26 23:01:52.223519,2026-04-26 23:01:52.223519,13.970871925354004
2026-04-26 23:01:52.423083,2026-04-26 23:01:52.423083,13.808834075927734
2026-04-26 23:01:52.622924,2026-04-26 23:01:52.622924,13.671103477478027
2026-04-26 23:01:52.825130,2026-04-26 23:01:52.825130,13.554031372070312
2026-04-26 23:01:53.027053,2026-04-26 23:01:53.027053,13.454520225524902
2026-04-26 23:01:53.222907,2026-04-26 23:01:53.222907,13.545717239379885
2026-04-26 23:01:53.422671,2026-04-26 23:01:53.422671,13.447453498840332
2026-04-26 23:01:53.622430,2026-04-26 23:01:53.622430,13.36392879486084
2026-04-26 23:01:53.822791,2026-04-26 23:01:53.822791,13.468714714050291
2026-04-26 23:01:54.022290,2026-04-26 23:01:54.022290,13.557782173156738
2026-04-26 23:01:54.223575,2026-04-26 23:01:54.223575,13.633490562438965
2026-04-26 23:01:54.422438,2026-04-26 23:01:54.422438,13.69784164428711
2026-04-26 23:01:54.624103,2026-04-26 23:01:54.624103,13.752540588378906
2026-04-26 23:01:54.822354,2026-04-26 23:01:54.822354,13.799034118652344
2026-04-26 23:01:55.022882,2026-04-26 23:01:55.022882,13.83855438232422
2026-04-26 23:01:55.222535,2026-04-26 23:01:55.222535,14.047926902770996
2026-04-26 23:01:55.422729,2026-04-26 23:01:55.422729,14.050113677978516
2026-04-26 23:01:55.623293,2026-04-26 23:01:55.623293,14.051971435546877
2026-04-26 23:01:55.823002,2026-04-26 23:01:55.823002,14.053550720214844
2026-04-26 23:01:56.023166,2026-04-26 23:01:56.023166,14.054892539978027
2026-04-26 23:01:56.222416,2026-04-26 23:01:56.222416,14.056034088134766
2026-04-26 23:01:56.422428,2026-04-26 23:01:56.422428,14.05700397491455
2026-04-26 23:01:56.623091,2026-04-26 23:01:56.623091,14.057827949523926
2026-04-26 23:01:56.824347,2026-04-26 23:01:56.824347,14.058528900146484
2026-04-26 23:01:57.023553,2026-04-26 23:01:57.023553,14.059124946594238
2026-04-26 23:01:57.226868,2026-04-26 23:01:57.226868,14.05963134765625
2026-04-26 23:01:57.422891,2026-04-26 23:01:57.422891,14.06006145477295
2026-04-26 23:01:57.623710,2026-04-26 23:01:57.623710,14.060426712036133
2026-04-26 23:01:57.822702,2026-04-26 23:01:57.822702,13.88495635986328
2026-04-26 23:01:58.022938,2026-04-26 23:01:58.022938,13.911588668823242
2026-04-26 23:01:58.224320,2026-04-26 23:01:58.224320,13.93422508239746
2026-04-26 23:01:58.423029,2026-04-26 23:01:58.423029,13.777685165405272
2026-04-26 23:01:58.624210,2026-04-26 23:01:58.624210,13.644625663757324
2026-04-26 23:01:58.825185,2026-04-26 23:01:58.825185,13.53152561187744
2026-04-26 23:01:59.027365,2026-04-26 23:01:59.027365,13.61117172241211
2026-04-26 23:01:59.222609,2026-04-26 23:01:59.222609,14.206214904785156
2026-04-26 23:01:59.425008,2026-04-26 23:01:59.425008,14.00887680053711
2026-04-26 23:01:59.625452,2026-04-26 23:01:59.625452,14.54426383972168
2026-04-26 23:01:59.822829,2026-04-26 23:01:59.822829,15.175124168395996
2026-04-26 23:02:00.024215,2026-04-26 23:02:00.024215,15.887136459350586
2026-04-26 23:02:00.223239,2026-04-26 23:02:00.223239,16.316566467285156
2026-04-26 23:02:00.426280,2026-04-26 23:02:00.426280,16.681581497192383
2026-04-26 23:02:00.622662,2026-04-26 23:02:00.622662,17.167625427246094
2026-04-26 23:02:00.824589,2026-04-26 23:02:00.824589,17.58076286315918
2026-04-26 23:02:01.025460,2026-04-26 23:02:01.025460,17.931930541992188
2026-04-26 23:02:01.226100,2026-04-26 23:02:01.226100,18.23042106628418
2026-04-26 23:02:01.424515,2026-04-26 23:02:01.424515,17.077890396118164
2026-04-26 23:02:01.625586,2026-04-26 23:02:01.625586,17.504487991333008
2026-04-26 23:02:01.823232,2026-04-26 23:02:01.823232,17.867095947265625
2026-04-26 23:02:02.026947,2026-04-26 23:02:02.026947,18.175312042236328
2026-04-26 23:02:02.224037,2026-04-26 23:02:02.224037,16.85526466369629
2026-04-26 23:02:02.424842,2026-04-26 23:02:02.424842,18.72150611877441
2026-04-26 23:02:02.625710,2026-04-26 23:02:02.625710,20.307811737060547
2026-04-26 23:02:02.822974,2026-04-26 23:02:02.822974,21.65617179870605
2026-04-26 23:02:03.025464,2026-04-26 23:02:03.025464,22.802276611328125
2026-04-26 23:02:03.225691,2026-04-26 23:02:03.225691,23.776466369628903
2026-04-26 23:02:03.425397,2026-04-26 23:02:03.425397,24.604528427124023
2026-04-26 23:02:03.622896,2026-04-26 23:02:03.622896,25.308380126953125
2026-04-26 23:02:03.822673,2026-04-26 23:02:03.822673,25.90665435791016
2026-04-26 23:02:04.023505,2026-04-26 23:02:04.023505,26.41518783569336
2026-04-26 23:02:04.227209,2026-04-26 23:02:04.227209,26.84744071960449
2026-04-26 23:02:04.424051,2026-04-26 23:02:04.424051,27.2148551940918
2026-04-26 23:02:04.623335,2026-04-26 23:02:04.623335,27.527158737182617
2026-04-26 23:02:04.825809,2026-04-26 23:02:04.825809,27.79261589050293
2026-04-26 23:02:05.022447,2026-04-26 23:02:05.022447,26.43622398376465
2026-04-26 23:02:05.224201,2026-04-26 23:02:05.224201,25.10750961303711
2026-04-26 23:02:05.424400,2026-04-26 23:02:05.424400,23.97810173034668
2026-04-26 23:02:05.623990,2026-04-26 23:02:05.623990,23.018104553222656
2026-04-26 23:02:05.823123,2026-04-26 23:02:05.823123,20.62007713317871
2026-04-26 23:02:06.026614,2026-04-26 23:02:06.026614,20.16378402709961
2026-04-26 23:02:06.222873,2026-04-26 23:02:06.222873,18.19390296936035
2026-04-26 23:02:06.422988,2026-04-26 23:02:06.422988,16.519506454467773
2026-04-26 23:02:06.627181,2026-04-26 23:02:06.627181,15.096267700195312
2026-04-26 23:02:06.824190,2026-04-26 23:02:06.824190,15.292764663696287
2026-04-26 23:02:07.023558,2026-04-26 23:02:07.023558,14.053537368774414
2026-04-26 23:02:07.224151,2026-04-26 23:02:07.224151,14.406444549560549
2026-04-26 23:02:07.423753,2026-04-26 23:02:07.423753,14.706415176391602
2026-04-26 23:02:07.623112,2026-04-26 23:02:07.623112,14.785609245300291
2026-04-26 23:02:07.823251,2026-04-26 23:02:07.823251,14.852924346923828
2026-04-26 23:02:08.024021,2026-04-26 23:02:08.024021,14.910141944885254
2026-04-26 23:02:08.226064,2026-04-26 23:02:08.226064,15.134557723999023
2026-04-26 23:02:08.423846,2026-04-26 23:02:08.423846,14.094842910766602
2026-04-26 23:02:21.522577,2026-04-26 23:02:21.522577,13.386866569519045
2026-04-26 23:02:21.723197,2026-04-26 23:02:21.723197,13.839774131774902
2026-04-26 23:02:21.922693,2026-04-26 23:02:21.922693,14.224745750427246
2026-04-26 23:02:22.122691,2026-04-26 23:02:22.122691,14.551971435546877
2026-04-26 23:02:22.324409,2026-04-26 23:02:22.324409,13.775425910949709
2026-04-26 23:02:22.525562,2026-04-26 23:02:22.525562,14.170048713684082
2026-04-26 23:02:22.724507,2026-04-26 23:02:22.724507,13.450791358947754
2026-04-26 23:02:22.926078,2026-04-26 23:02:22.926078,13.015204429626465
2026-04-26 23:02:23.124764,2026-04-26 23:02:23.124764,12.644954681396484
2026-04-26 23:02:23.328521,2026-04-26 23:02:23.328521,12.506024360656738
2026-04-26 23:02:23.525128,2026-04-26 23:02:23.525128,12.212151527404783
2026-04-26 23:02:23.726147,2026-04-26 23:02:23.726147,12.138141632080078
2026-04-26 23:02:23.922429,2026-04-26 23:02:23.922429,11.89945125579834
2026-04-26 23:02:24.125067,2026-04-26 23:02:24.125067,11.69656467437744
2026-04-26 23:02:24.323050,2026-04-26 23:02:24.323050,11.5241117477417
2026-04-26 23:02:24.525390,2026-04-26 23:02:24.525390,11.55330753326416
2026-04-26 23:02:24.723289,2026-04-26 23:02:24.723289,11.578124046325684
2026-04-26 23:02:24.924829,2026-04-26 23:02:24.924829,11.774998664855955
2026-04-26 23:02:25.122511,2026-04-26 23:02:25.122511,11.942342758178713
2026-04-26 23:02:25.322981,2026-04-26 23:02:25.322981,12.084585189819336
2026-04-26 23:02:25.522377,2026-04-26 23:02:25.522377,12.029709815979004
2026-04-26 23:02:25.723614,2026-04-26 23:02:25.723614,11.983065605163574
2026-04-26 23:02:25.922825,2026-04-26 23:02:25.922825,12.119199752807615
2026-04-26 23:02:26.123702,2026-04-26 23:02:26.123702,12.05913257598877
2026-04-26 23:02:26.322367,2026-04-26 23:02:26.322367,12.183856010437012
2026-04-26 23:02:26.522672,2026-04-26 23:02:26.522672,12.465652465820312
2026-04-26 23:02:26.722509,2026-04-26 23:02:26.722509,12.880961418151855
2026-04-26 23:02:26.924251,2026-04-26 23:02:26.924251,13.058192253112791
2026-04-26 23:02:27.122971,2026-04-26 23:02:27.122971,13.20883846282959
2026-04-26 23:02:27.322430,2026-04-26 23:02:27.322430,13.51266860961914
2026-04-26 23:02:27.523175,2026-04-26 23:02:27.523175,13.77092456817627
2026-04-26 23:02:27.723292,2026-04-26 23:02:27.723292,13.990442276000977
2026-04-26 23:02:27.922454,2026-04-26 23:02:27.922454,14.001251220703123
2026-04-26 23:02:28.122894,2026-04-26 23:02:28.122894,13.658875465393066
2026-04-26 23:02:28.323262,2026-04-26 23:02:28.323262,13.719419479370115
2026-04-26 23:02:28.522580,2026-04-26 23:02:28.522580,14.122444152832031
2026-04-26 23:02:28.722908,2026-04-26 23:02:28.722908,14.289233207702637
2026-04-26 23:02:28.922976,2026-04-26 23:02:28.922976,14.606785774230955
2026-04-26 23:02:29.122658,2026-04-26 23:02:29.122658,15.05248737335205
2026-04-26 23:02:29.322523,2026-04-26 23:02:29.322523,15.4313325881958
2026-04-26 23:02:29.522996,2026-04-26 23:02:29.522996,15.753351211547852
2026-04-26 23:02:29.723269,2026-04-26 23:02:29.723269,16.027067184448242
2026-04-26 23:02:29.925103,2026-04-26 23:02:29.925103,16.43550682067871
2026-04-26 23:02:30.122640,2026-04-26 23:02:30.122640,16.78268051147461
2026-04-26 23:02:30.324095,2026-04-26 23:02:30.324095,17.07777976989746
2026-04-26 23:02:30.522438,2026-04-26 23:02:30.522438,18.910642623901367
2026-04-26 23:02:30.723104,2026-04-26 23:02:30.723104,18.886547088623047
2026-04-26 23:02:30.922483,2026-04-26 23:02:30.922483,18.866064071655277
2026-04-26 23:02:31.123378,2026-04-26 23:02:31.123378,18.848655700683597
2026-04-26 23:02:31.323500,2026-04-26 23:02:31.323500,18.8338565826416
2026-04-26 23:02:31.523180,2026-04-26 23:02:31.523180,20.403308868408203
2026-04-26 23:02:31.722634,2026-04-26 23:02:31.722634,21.73734474182129
2026-04-26 23:02:31.922493,2026-04-26 23:02:31.922493,22.87127494812012
2026-04-26 23:02:32.122357,2026-04-26 23:02:32.122357,23.835113525390625
2026-04-26 23:02:32.322460,2026-04-26 23:02:32.322460,24.65437889099121
2026-04-26 23:02:32.524311,2026-04-26 23:02:32.524311,25.35075187683105
2026-04-26 23:02:32.725262,2026-04-26 23:02:32.725262,25.942670822143555
2026-04-26 23:02:32.922919,2026-04-26 23:02:32.922919,26.44580078125
2026-04-26 23:02:33.123206,2026-04-26 23:02:33.123206,26.873462677001957
2026-04-26 23:02:33.323165,2026-04-26 23:02:33.323165,27.236974716186523
2026-04-26 23:02:33.522542,2026-04-26 23:02:33.522542,27.54595947265625
2026-04-26 23:02:33.722559,2026-04-26 23:02:33.722559,27.808597564697266
2026-04-26 23:02:33.922380,2026-04-26 23:02:33.922380,28.03183937072754
2026-04-26 23:02:34.122363,2026-04-26 23:02:34.122363,28.221593856811523
2026-04-26 23:02:34.324283,2026-04-26 23:02:34.324283,28.38288688659668
2026-04-26 23:02:34.522411,2026-04-26 23:02:34.522411,28.51998519897461
2026-04-26 23:02:34.722760,2026-04-26 23:02:34.722760,28.636518478393555
2026-04-26 23:02:34.923243,2026-04-26 23:02:34.923243,28.735570907592773
2026-04-26 23:02:35.123008,2026-04-26 23:02:35.123008,28.819766998291016
2026-04-26 23:02:35.325524,2026-04-26 23:02:35.325524,28.891332626342773
2026-04-26 23:02:35.522641,2026-04-26 23:02:35.522641,28.952163696289062
2026-04-26 23:02:35.727108,2026-04-26 23:02:35.727108,29.00387191772461
2026-04-26 23:02:35.922916,2026-04-26 23:02:35.922916,29.047821044921875
2026-04-26 23:02:36.123361,2026-04-26 23:02:36.123361,29.085180282592773
2026-04-26 23:02:36.323574,2026-04-26 23:02:36.323574,29.11693382263184
2026-04-26 23:02:36.523048,2026-04-26 23:02:36.523048,29.14392471313477
2026-04-26 23:02:36.723200,2026-04-26 23:02:36.723200,29.166868209838867
2026-04-26 23:02:36.922513,2026-04-26 23:02:36.922513,29.186368942260746
2026-04-26 23:02:37.124222,2026-04-26 23:02:37.124222,29.202943801879883
2026-04-26 23:02:37.322513,2026-04-26 23:02:37.322513,29.21703338623047
2026-04-26 23:02:37.524014,2026-04-26 23:02:37.524014,29.2290096282959
2026-04-26 23:02:37.722716,2026-04-26 23:02:37.722716,29.23918914794922
2026-04-26 23:02:37.924087,2026-04-26 23:02:37.924087,29.24784278869629
2026-04-26 23:02:38.124755,2026-04-26 23:02:38.124755,29.25519752502441
2026-04-26 23:02:38.323853,2026-04-26 23:02:38.323853,29.261449813842773
2026-04-26 23:02:38.523415,2026-04-26 23:02:38.523415,29.26676368713379
2026-04-26 23:02:38.725048,2026-04-26 23:02:38.725048,29.27128028869629
2026-04-26 23:02:38.924299,2026-04-26 23:02:38.924299,29.27511978149414
2026-04-26 23:02:39.124940,2026-04-26 23:02:39.124940,29.278383255004883
2026-04-26 23:02:39.325400,2026-04-26 23:02:39.325400,29.281156539916992
2026-04-26 23:02:39.525960,2026-04-26 23:02:39.525960,29.28351402282715
2026-04-26 23:02:39.723202,2026-04-26 23:02:39.723202,29.285518646240234
2026-04-26 23:02:39.925720,2026-04-26 23:02:39.925720,29.287221908569336
2026-04-26 23:02:40.122440,2026-04-26 23:02:40.122440,29.28866958618164
2026-04-26 23:02:40.324275,2026-04-26 23:02:40.324275,29.289899826049805
2026-04-26 23:02:40.524829,2026-04-26 23:02:40.524829,29.29094696044922
2026-04-26 23:02:40.724257,2026-04-26 23:02:40.724257,29.29183578491211
2026-04-26 23:02:40.922702,2026-04-26 23:02:40.922702,29.292591094970703
2026-04-26 23:02:41.124327,2026-04-26 23:02:41.124327,29.29323387145996
2026-04-26 23:02:41.323354,2026-04-26 23:02:41.323354,29.293781280517575
2026-04-26 23:02:41.525121,2026-04-26 23:02:41.525121,29.29424476623535
2026-04-26 23:02:41.724350,2026-04-26 23:02:41.724350,27.712608337402344
2026-04-26 23:02:41.925021,2026-04-26 23:02:41.925021,26.36821746826172
2026-04-26 23:02:42.124213,2026-04-26 23:02:42.124213,25.22548484802246
2026-04-26 23:02:42.325435,2026-04-26 23:02:42.325435,24.2541618347168
2026-04-26 23:02:42.525079,2026-04-26 23:02:42.525079,23.42853736877441
2026-04-26 23:02:42.726818,2026-04-26 23:02:42.726818,22.726757049560547
2026-04-26 23:02:42.923020,2026-04-26 23:02:42.923020,22.1302433013916
2026-04-26 23:02:43.124319,2026-04-26 23:02:43.124319,21.62320709228516
2026-04-26 23:02:43.324273,2026-04-26 23:02:43.324273,21.19222640991211
2026-04-26 23:02:43.524600,2026-04-26 23:02:43.524600,20.825891494750977
2026-04-26 23:02:43.723079,2026-04-26 23:02:43.723079,20.51450729370117
2026-04-26 23:02:43.922772,2026-04-26 23:02:43.922772,20.249832153320312
2026-04-26 23:02:44.124793,2026-04-26 23:02:44.124793,20.02485656738281
2026-04-26 23:02:44.322631,2026-04-26 23:02:44.322631,19.657846450805664
2026-04-26 23:02:44.526061,2026-04-26 23:02:44.526061,19.345888137817383
2026-04-26 23:02:44.723389,2026-04-26 23:02:44.723389,19.080724716186523
2026-04-26 23:02:44.924936,2026-04-26 23:02:44.924936,18.855335235595703
2026-04-26 23:02:45.122765,2026-04-26 23:02:45.122765,18.663753509521484
2026-04-26 23:02:45.324481,2026-04-26 23:02:45.324481,18.50090789794922
2026-04-26 23:02:45.523041,2026-04-26 23:02:45.523041,18.538272857666016
2026-04-26 23:02:45.723003,2026-04-26 23:02:45.723003,18.570032119750977
2026-04-26 23:02:45.924720,2026-04-26 23:02:45.924720,18.59702682495117
2026-04-26 23:02:46.124864,2026-04-26 23:02:46.124864,19.674659729003903
2026-04-26 23:02:46.323662,2026-04-26 23:02:46.323662,20.590648651123047
2026-04-26 23:02:46.523396,2026-04-26 23:02:46.523396,21.369239807128903
2026-04-26 23:02:46.722875,2026-04-26 23:02:46.722875,21.85525894165039
2026-04-26 23:02:59.823065,2026-04-26 23:02:59.823065,21.91681480407715
2026-04-26 23:03:00.024366,2026-04-26 23:03:00.024366,21.793354034423828
2026-04-26 23:03:00.223103,2026-04-26 23:03:00.223103,21.68841361999512
2026-04-26 23:03:00.424867,2026-04-26 23:03:00.424867,21.599214553833008
2026-04-26 23:03:00.624222,2026-04-26 23:03:00.624222,21.52339553833008
2026-04-26 23:03:00.824314,2026-04-26 23:03:00.824314,21.283166885375977
2026-04-26 23:03:01.023132,2026-04-26 23:03:01.023132,21.2547550201416
2026-04-26 23:03:01.223284,2026-04-26 23:03:01.223284,21.05482292175293
2026-04-26 23:03:01.425482,2026-04-26 23:03:01.425482,20.88488006591797
2026-04-26 23:03:01.624809,2026-04-26 23:03:01.624809,20.740428924560547
2026-04-26 23:03:01.824973,2026-04-26 23:03:01.824973,20.793428421020508
2026-04-26 23:03:02.025288,2026-04-26 23:03:02.025288,20.662694931030277
2026-04-26 23:03:02.225350,2026-04-26 23:03:02.225350,20.551570892333984
2026-04-26 23:03:02.424063,2026-04-26 23:03:02.424063,20.45711708068848
2026-04-26 23:03:02.625426,2026-04-26 23:03:02.625426,20.3768310546875
2026-04-26 23:03:02.823833,2026-04-26 23:03:02.823833,20.1328067779541
2026-04-26 23:03:03.023332,2026-04-26 23:03:03.023332,19.92538452148437
2026-04-26 23:03:03.223652,2026-04-26 23:03:03.223652,19.74907684326172
2026-04-26 23:03:03.423275,2026-04-26 23:03:03.423275,19.59921646118164
2026-04-26 23:03:03.624018,2026-04-26 23:03:03.624018,19.471834182739254
2026-04-26 23:03:03.823248,2026-04-26 23:03:03.823248,19.36355781555176
2026-04-26 23:03:04.023217,2026-04-26 23:03:04.023217,19.27152442932129
2026-04-26 23:03:04.223596,2026-04-26 23:03:04.223596,19.19329643249512
2026-04-26 23:03:04.424332,2026-04-26 23:03:04.424332,18.951021194458008
2026-04-26 23:03:04.624745,2026-04-26 23:03:04.624745,18.745086669921875
2026-04-26 23:03:04.823126,2026-04-26 23:03:04.823126,18.57004165649414
2026-04-26 23:03:05.024652,2026-04-26 23:03:05.024652,18.421255111694336
2026-04-26 23:03:05.223722,2026-04-26 23:03:05.223722,18.29478454589844
2026-04-26 23:03:05.427441,2026-04-26 23:03:05.427441,18.187286376953125
2026-04-26 23:03:05.622515,2026-04-26 23:03:05.622515,18.095911026000977
2026-04-26 23:03:05.823230,2026-04-26 23:03:05.823230,18.01824378967285
2026-04-26 23:03:06.023062,2026-04-26 23:03:06.023062,17.952226638793945
2026-04-26 23:03:06.223388,2026-04-26 23:03:06.223388,17.72032928466797
2026-04-26 23:03:06.423315,2026-04-26 23:03:06.423315,17.523218154907227
2026-04-26 23:03:06.622829,2026-04-26 23:03:06.622829,17.35567283630371
2026-04-26 23:03:06.824631,2026-04-26 23:03:06.824631,17.213258743286133
2026-04-26 23:03:07.023579,2026-04-26 23:03:07.023579,17.092206954956055
2026-04-26 23:03:07.222488,2026-04-26 23:03:07.222488,16.989315032958984
2026-04-26 23:03:07.422564,2026-04-26 23:03:07.422564,16.901853561401367
2026-04-26 23:03:07.622487,2026-04-26 23:03:07.622487,16.8275146484375
2026-04-26 23:03:07.822678,2026-04-26 23:03:07.822678,16.764324188232422
2026-04-26 23:03:08.024294,2026-04-26 23:03:08.024294,16.710613250732422
2026-04-26 23:03:08.222378,2026-04-26 23:03:08.222378,16.664958953857422
2026-04-26 23:03:08.425089,2026-04-26 23:03:08.425089,16.62615203857422
2026-04-26 23:03:08.622777,2026-04-26 23:03:08.622777,16.59316635131836
2026-04-26 23:03:08.822541,2026-04-26 23:03:08.822541,16.56513023376465
2026-04-26 23:03:09.023789,2026-04-26 23:03:09.023789,16.541297912597656
2026-04-26 23:03:09.222692,2026-04-26 23:03:09.222692,16.345258712768555
2026-04-26 23:03:09.425617,2026-04-26 23:03:09.425617,16.354408264160156
2026-04-26 23:03:09.622402,2026-04-26 23:03:09.622402,16.362184524536133
2026-04-26 23:03:09.822860,2026-04-26 23:03:09.822860,16.368793487548828
2026-04-26 23:03:10.023316,2026-04-26 23:03:10.023316,16.374412536621094
2026-04-26 23:03:10.222623,2026-04-26 23:03:10.222623,16.554969787597656
2026-04-26 23:03:10.424253,2026-04-26 23:03:10.424253,16.70844268798828
2026-04-26 23:03:10.623205,2026-04-26 23:03:10.623205,17.014677047729492
2026-04-26 23:03:10.823907,2026-04-26 23:03:10.823907,17.274974822998047
2026-04-26 23:03:11.023198,2026-04-26 23:03:11.023198,17.67201042175293
2026-04-26 23:03:11.222727,2026-04-26 23:03:11.222727,18.009489059448242
2026-04-26 23:03:11.422648,2026-04-26 23:03:11.422648,18.29634666442871
2026-04-26 23:03:11.623180,2026-04-26 23:03:11.623180,18.54017639160156
2026-04-26 23:03:11.822439,2026-04-26 23:03:11.822439,18.7474308013916
2026-04-26 23:03:12.023095,2026-04-26 23:03:12.023095,18.92359733581543
2026-04-26 23:03:12.222569,2026-04-26 23:03:12.222569,19.249120712280277
2026-04-26 23:03:12.423189,2026-04-26 23:03:12.423189,19.52581596374512
2026-04-26 23:03:12.622906,2026-04-26 23:03:12.622906,19.761005401611328
2026-04-26 23:03:12.823269,2026-04-26 23:03:12.823269,19.96091651916504
2026-04-26 23:03:13.022809,2026-04-26 23:03:13.022809,20.130842208862305
2026-04-26 23:03:13.222411,2026-04-26 23:03:13.222411,20.275278091430664
2026-04-26 23:03:13.422533,2026-04-26 23:03:13.422533,20.398048400878903
2026-04-26 23:03:13.622379,2026-04-26 23:03:13.622379,20.678184509277344
2026-04-26 23:03:13.824233,2026-04-26 23:03:13.824233,20.91630172729492
2026-04-26 23:03:14.024984,2026-04-26 23:03:14.024984,21.11870002746582
2026-04-26 23:03:14.223124,2026-04-26 23:03:14.223124,21.29073905944824
2026-04-26 23:03:14.423042,2026-04-26 23:03:14.423042,21.61275291442871
2026-04-26 23:03:14.625988,2026-04-26 23:03:14.625988,21.88646507263184
2026-04-26 23:03:14.823190,2026-04-26 23:03:14.823190,22.11911964416504
2026-04-26 23:03:15.024251,2026-04-26 23:03:15.024251,22.141096115112305
2026-04-26 23:03:15.223388,2026-04-26 23:03:15.223388,22.33555603027344
2026-04-26 23:03:15.422979,2026-04-26 23:03:15.422979,22.5008487701416
2026-04-26 23:03:15.622988,2026-04-26 23:03:15.622988,22.641345977783203
2026-04-26 23:03:15.824290,2026-04-26 23:03:15.824290,22.76076889038086
2026-04-26 23:03:16.023876,2026-04-26 23:03:16.023876,23.03805923461914
2026-04-26 23:03:16.223493,2026-04-26 23:03:16.223493,23.273757934570312
2026-04-26 23:03:16.422405,2026-04-26 23:03:16.422405,23.47410011291504
2026-04-26 23:03:16.623772,2026-04-26 23:03:16.623772,23.644392013549805
2026-04-26 23:03:16.824155,2026-04-26 23:03:16.824155,23.789138793945312
2026-04-26 23:03:17.023066,2026-04-26 23:03:17.023066,24.08795547485352
2026-04-26 23:03:17.222676,2026-04-26 23:03:17.222676,24.341949462890625
2026-04-26 23:03:17.423269,2026-04-26 23:03:17.423269,24.557844161987305
2026-04-26 23:03:17.622684,2026-04-26 23:03:17.622684,24.741355895996094
2026-04-26 23:03:17.824220,2026-04-26 23:03:17.824220,24.8973388671875
2026-04-26 23:03:18.024179,2026-04-26 23:03:18.024179,25.205707550048828
2026-04-26 23:03:18.223846,2026-04-26 23:03:18.223846,25.467819213867188
2026-04-26 23:03:18.424140,2026-04-26 23:03:18.424140,25.690616607666016
2026-04-26 23:03:18.622610,2026-04-26 23:03:18.622610,25.87999153137207
2026-04-26 23:03:18.828892,2026-04-26 23:03:18.828892,26.04096221923828
2026-04-26 23:03:19.024048,2026-04-26 23:03:19.024048,26.17778587341309
2026-04-26 23:03:19.224543,2026-04-26 23:03:19.224543,26.469867706298828
2026-04-26 23:03:19.425515,2026-04-26 23:03:19.425515,26.718137741088867
2026-04-26 23:03:19.623189,2026-04-26 23:03:19.623189,26.92916679382324
2026-04-26 23:03:19.825027,2026-04-26 23:03:19.825027,24.12026023864746
2026-04-26 23:03:20.023127,2026-04-26 23:03:20.023127,21.732690811157227
2026-04-26 23:03:20.223688,2026-04-26 23:03:20.223688,19.703256607055664
2026-04-26 23:03:20.424428,2026-04-26 23:03:20.424428,17.97823715209961
2026-04-26 23:03:20.623961,2026-04-26 23:03:20.623961,16.5119686126709
2026-04-26 23:03:20.824250,2026-04-26 23:03:20.824250,15.265643119812012
2026-04-26 23:03:21.025177,2026-04-26 23:03:21.025177,14.206265449523926
2026-04-26 23:03:21.226010,2026-04-26 23:03:21.226010,13.305793762207031
2026-04-26 23:03:21.424465,2026-04-26 23:03:21.424465,12.540393829345703
2026-04-26 23:03:21.625129,2026-04-26 23:03:21.625129,11.889803886413574
2026-04-26 23:03:21.823205,2026-04-26 23:03:21.823205,11.336801528930664
2026-04-26 23:03:22.024594,2026-04-26 23:03:22.024594,10.86674976348877
2026-04-26 23:03:22.224911,2026-04-26 23:03:22.224911,10.467206001281738
2026-04-26 23:03:22.426511,2026-04-26 23:03:22.426511,10.127593994140623
2026-04-26 23:03:22.623001,2026-04-26 23:03:22.623001,9.838923454284668
2026-04-26 23:03:22.826273,2026-04-26 23:03:22.826273,9.59355354309082
2026-04-26 23:03:23.025172,2026-04-26 23:03:23.025172,9.384989738464355
2026-04-26 23:03:23.229043,2026-04-26 23:03:23.229043,9.20771026611328
2026-04-26 23:03:23.424992,2026-04-26 23:03:23.424992,9.057022094726562
2026-04-26 23:03:23.629169,2026-04-26 23:03:23.629169,8.928937911987305
2026-04-26 23:03:23.824213,2026-04-26 23:03:23.824213,8.82006549835205
2026-04-26 23:03:24.023031,2026-04-26 23:03:24.023031,8.903306007385254
2026-04-26 23:03:24.226329,2026-04-26 23:03:24.226329,8.97406005859375
2026-04-26 23:03:24.424820,2026-04-26 23:03:24.424820,9.20998191833496
2026-04-26 23:03:24.625246,2026-04-26 23:03:24.625246,9.762078285217283
2026-04-26 23:03:24.823735,2026-04-26 23:03:24.823735,10.05557918548584
2026-04-26 23:03:25.023991,2026-04-26 23:03:25.023991,10.480835914611816
2026-04-26 23:03:38.124291,2026-04-26 23:03:38.124291,10.666522979736328
2026-04-26 23:03:38.324276,2026-04-26 23:03:38.324276,10.82435703277588
2026-04-26 23:03:38.522846,2026-04-26 23:03:38.522846,11.134297370910645
2026-04-26 23:03:38.722601,2026-04-26 23:03:38.722601,11.397747039794922
2026-04-26 23:03:38.922843,2026-04-26 23:03:38.922843,11.445897102355955
2026-04-26 23:03:39.122426,2026-04-26 23:03:39.122426,11.311043739318848
2026-04-26 23:03:39.323735,2026-04-26 23:03:39.323735,11.372200012207031
2026-04-26 23:03:39.523030,2026-04-26 23:03:39.523030,11.424181938171388
2026-04-26 23:03:39.724257,2026-04-26 23:03:39.724257,11.29258632659912
2026-04-26 23:03:39.924534,2026-04-26 23:03:39.924534,11.356511116027832
2026-04-26 23:03:40.122520,2026-04-26 23:03:40.122520,11.410846710205078
2026-04-26 23:03:40.324113,2026-04-26 23:03:40.324113,11.457032203674316
2026-04-26 23:03:40.523608,2026-04-26 23:03:40.523608,11.49629020690918
2026-04-26 23:03:40.724216,2026-04-26 23:03:40.724216,11.529659271240234
2026-04-26 23:03:40.925205,2026-04-26 23:03:40.925205,11.558022499084473
2026-04-26 23:03:41.124318,2026-04-26 23:03:41.124318,11.582131385803224
2026-04-26 23:03:41.324064,2026-04-26 23:03:41.324064,11.60262393951416
2026-04-26 23:03:41.525131,2026-04-26 23:03:41.525131,11.62004280090332
2026-04-26 23:03:41.725431,2026-04-26 23:03:41.725431,11.634849548339844
2026-04-26 23:03:41.924049,2026-04-26 23:03:41.924049,11.64743423461914
2026-04-26 23:03:42.124639,2026-04-26 23:03:42.124639,11.65813159942627
2026-04-26 23:03:42.324033,2026-04-26 23:03:42.324033,11.667224884033203
2026-04-26 23:03:42.523496,2026-04-26 23:03:42.523496,11.67495346069336
2026-04-26 23:03:42.724543,2026-04-26 23:03:42.724543,11.505741119384766
2026-04-26 23:03:42.924581,2026-04-26 23:03:42.924581,11.36191177368164
2026-04-26 23:03:43.123132,2026-04-26 23:03:43.123132,11.415437698364258
2026-04-26 23:03:43.323747,2026-04-26 23:03:43.323747,11.46093463897705
2026-04-26 23:03:43.528055,2026-04-26 23:03:43.528055,11.499606132507324
2026-04-26 23:03:43.724646,2026-04-26 23:03:43.724646,11.708259582519531
2026-04-26 23:03:43.924820,2026-04-26 23:03:43.924820,11.885614395141602
2026-04-26 23:03:44.123915,2026-04-26 23:03:44.123915,11.860584259033203
2026-04-26 23:03:44.324527,2026-04-26 23:03:44.324527,11.839309692382812
2026-04-26 23:03:44.523209,2026-04-26 23:03:44.523209,11.8212251663208
2026-04-26 23:03:44.724558,2026-04-26 23:03:44.724558,11.805853843688965
2026-04-26 23:03:44.924613,2026-04-26 23:03:44.924613,11.7927885055542
2026-04-26 23:03:45.123996,2026-04-26 23:03:45.123996,11.781682968139648
2026-04-26 23:03:45.324366,2026-04-26 23:03:45.324366,11.772242546081545
2026-04-26 23:03:45.523459,2026-04-26 23:03:45.523459,11.764219284057615
2026-04-26 23:03:45.723681,2026-04-26 23:03:45.723681,11.75739860534668
2026-04-26 23:03:45.923030,2026-04-26 23:03:45.923030,11.751601219177246
2026-04-26 23:03:46.122870,2026-04-26 23:03:46.122870,11.746673583984377
2026-04-26 23:03:46.322704,2026-04-26 23:03:46.322704,11.74248504638672
2026-04-26 23:03:46.523447,2026-04-26 23:03:46.523447,11.738924980163574
2026-04-26 23:03:46.723989,2026-04-26 23:03:46.723989,11.735898971557615
2026-04-26 23:03:46.922985,2026-04-26 23:03:46.922985,11.733325958251951
2026-04-26 23:03:47.122714,2026-04-26 23:03:47.122714,11.73114013671875
2026-04-26 23:03:47.322915,2026-04-26 23:03:47.322915,11.729281425476074
2026-04-26 23:03:47.522403,2026-04-26 23:03:47.522403,11.551920890808104
2026-04-26 23:03:47.722782,2026-04-26 23:03:47.722782,11.576945304870604
2026-04-26 23:03:47.922472,2026-04-26 23:03:47.922472,11.42243480682373
2026-04-26 23:03:48.122962,2026-04-26 23:03:48.122962,11.29110050201416
2026-04-26 23:03:48.323319,2026-04-26 23:03:48.323319,11.179466247558594
2026-04-26 23:03:48.525012,2026-04-26 23:03:48.525012,11.084577560424805
2026-04-26 23:03:48.722717,2026-04-26 23:03:48.722717,11.00392246246338
2026-04-26 23:03:48.923423,2026-04-26 23:03:48.923423,10.935365676879885
2026-04-26 23:03:49.123250,2026-04-26 23:03:49.123250,10.87709140777588
2026-04-26 23:03:49.325291,2026-04-26 23:03:49.325291,10.827559471130373
2026-04-26 23:03:49.523372,2026-04-26 23:03:49.523372,10.785456657409668
2026-04-26 23:03:49.724223,2026-04-26 23:03:49.724223,10.749669075012209
2026-04-26 23:03:49.923056,2026-04-26 23:03:49.923056,10.719250679016112
2026-04-26 23:03:50.123538,2026-04-26 23:03:50.123538,10.69339370727539
2026-04-26 23:03:50.322578,2026-04-26 23:03:50.322578,10.671416282653809
2026-04-26 23:03:50.523294,2026-04-26 23:03:50.523294,10.652734756469728
2026-04-26 23:03:50.723063,2026-04-26 23:03:50.723063,10.636856079101562
2026-04-26 23:03:50.923131,2026-04-26 23:03:50.923131,10.623358726501465
2026-04-26 23:03:51.123720,2026-04-26 23:03:51.123720,10.611886024475098
2026-04-26 23:03:51.325174,2026-04-26 23:03:51.325174,10.602134704589844
2026-04-26 23:03:51.523460,2026-04-26 23:03:51.523460,10.59384536743164
2026-04-26 23:03:51.724346,2026-04-26 23:03:51.724346,10.411018371582031
2026-04-26 23:03:51.923379,2026-04-26 23:03:51.923379,10.255616188049316
2026-04-26 23:03:52.122642,2026-04-26 23:03:52.122642,10.123523712158203
2026-04-26 23:03:52.323158,2026-04-26 23:03:52.323158,10.011244773864746
2026-04-26 23:03:52.522899,2026-04-26 23:03:52.522899,9.91580867767334
2026-04-26 23:03:52.723358,2026-04-26 23:03:52.723358,9.834687232971191
2026-04-26 23:03:52.923738,2026-04-26 23:03:52.923738,9.76573371887207
2026-04-26 23:03:53.123793,2026-04-26 23:03:53.123793,9.707123756408691
2026-04-26 23:03:53.323648,2026-04-26 23:03:53.323648,9.833086967468262
2026-04-26 23:03:53.523711,2026-04-26 23:03:53.523711,9.764373779296877
2026-04-26 23:03:53.723410,2026-04-26 23:03:53.723410,9.705967903137209
2026-04-26 23:03:53.923420,2026-04-26 23:03:53.923420,9.656322479248049
2026-04-26 23:03:54.122446,2026-04-26 23:03:54.122446,9.614124298095703
2026-04-26 23:03:54.322932,2026-04-26 23:03:54.322932,9.578255653381348
2026-04-26 23:03:54.524287,2026-04-26 23:03:54.524287,11.12979793548584
2026-04-26 23:03:54.723237,2026-04-26 23:03:54.723237,12.448610305786133
2026-04-26 23:03:54.924659,2026-04-26 23:03:54.924659,13.569600105285645
2026-04-26 23:03:55.122861,2026-04-26 23:03:55.122861,12.940409660339355
2026-04-26 23:03:55.322980,2026-04-26 23:03:55.322980,14.163411140441896
2026-04-26 23:03:55.523161,2026-04-26 23:03:55.523161,15.202961921691896
2026-04-26 23:03:55.727150,2026-04-26 23:03:55.727150,16.086580276489258
2026-04-26 23:03:55.923217,2026-04-26 23:03:55.923217,16.837656021118164
2026-04-26 23:03:56.122442,2026-04-26 23:03:56.122442,17.476070404052734
2026-04-26 23:03:56.324678,2026-04-26 23:03:56.324678,18.018722534179688
2026-04-26 23:03:56.523272,2026-04-26 23:03:56.523272,18.47997665405273
2026-04-26 23:03:56.723648,2026-04-26 23:03:56.723648,18.872041702270508
2026-04-26 23:03:56.927510,2026-04-26 23:03:56.927510,19.205297470092773
2026-04-26 23:03:57.123240,2026-04-26 23:03:57.123240,19.48856544494629
2026-04-26 23:03:57.323720,2026-04-26 23:03:57.323720,19.72934341430664
2026-04-26 23:03:57.524609,2026-04-26 23:03:57.524609,19.93400382995605
2026-04-26 23:03:57.722376,2026-04-26 23:03:57.722376,20.10796546936035
2026-04-26 23:03:57.923000,2026-04-26 23:03:57.923000,20.255834579467773
2026-04-26 23:03:58.123914,2026-04-26 23:03:58.123914,20.381521224975582
2026-04-26 23:03:58.323797,2026-04-26 23:03:58.323797,20.48835563659668
2026-04-26 23:03:58.527098,2026-04-26 23:03:58.527098,20.579164505004883
2026-04-26 23:03:58.723362,2026-04-26 23:03:58.723362,20.65635299682617
2026-04-26 23:03:58.923150,2026-04-26 23:03:58.923150,20.721961975097656
2026-04-26 23:03:59.123714,2026-04-26 23:03:59.123714,20.77773094177246
2026-04-26 23:03:59.322722,2026-04-26 23:03:59.322722,20.82513236999512
2026-04-26 23:03:59.524205,2026-04-26 23:03:59.524205,20.68964385986328
2026-04-26 23:03:59.727821,2026-04-26 23:03:59.727821,20.57448005676269
2026-04-26 23:03:59.922628,2026-04-26 23:03:59.922628,20.47658920288086
2026-04-26 23:04:00.125081,2026-04-26 23:04:00.125081,20.39338111877441
2026-04-26 23:04:00.323318,2026-04-26 23:04:00.323318,20.498435974121094
2026-04-26 23:04:00.522460,2026-04-26 23:04:00.522460,20.58773422241211
2026-04-26 23:04:00.724820,2026-04-26 23:04:00.724820,20.66363525390625
2026-04-26 23:04:00.923034,2026-04-26 23:04:00.923034,20.72815322875977
2026-04-26 23:04:01.123154,2026-04-26 23:04:01.123154,20.60721206665039
2026-04-26 23:04:01.324382,2026-04-26 23:04:01.324382,20.50441169738769
2026-04-26 23:04:01.526861,2026-04-26 23:04:01.526861,20.417030334472656
2026-04-26 23:04:01.723601,2026-04-26 23:04:01.723601,20.342758178710938
2026-04-26 23:04:01.923029,2026-04-26 23:04:01.923029,20.103843688964844
2026-04-26 23:04:02.126417,2026-04-26 23:04:02.126417,20.076547622680664
2026-04-26 23:04:02.324980,2026-04-26 23:04:02.324980,19.877565383911133
2026-04-26 23:04:02.523477,2026-04-26 23:04:02.523477,19.708431243896484
2026-04-26 23:04:02.732710,2026-04-26 23:04:02.732710,19.388885498046875
2026-04-26 23:04:02.922446,2026-04-26 23:04:02.922446,19.117271423339844
2026-04-26 23:04:03.123910,2026-04-26 23:04:03.123910,18.88640022277832
2026-04-26 23:04:03.324345,2026-04-26 23:04:03.324345,18.69015884399414
2026-04-26 23:04:16.422504,2026-04-26 23:04:16.422504,18.52335357666016
2026-04-26 23:04:16.623092,2026-04-26 23:04:16.623092,18.381568908691406
2026-04-26 23:04:16.823526,2026-04-26 23:04:16.823526,18.26105308532715
2026-04-26 23:04:17.025162,2026-04-26 23:04:17.025162,18.15861320495605
2026-04-26 23:04:17.222890,2026-04-26 23:04:17.222890,18.07154083251953
2026-04-26 23:04:17.422523,2026-04-26 23:04:17.422523,18.173309326171875
2026-04-26 23:04:17.622467,2026-04-26 23:04:17.622467,18.08403205871582
2026-04-26 23:04:17.824251,2026-04-26 23:04:17.824251,18.008146286010742
2026-04-26 23:04:18.022550,2026-04-26 23:04:18.022550,17.943641662597656
2026-04-26 23:04:18.222747,2026-04-26 23:04:18.222747,17.88881492614746
2026-04-26 23:04:18.424630,2026-04-26 23:04:18.424630,17.84221076965332
2026-04-26 23:04:18.623669,2026-04-26 23:04:18.623669,17.80259895324707
2026-04-26 23:04:18.823112,2026-04-26 23:04:18.823112,17.9447078704834
2026-04-26 23:04:19.023166,2026-04-26 23:04:19.023166,17.889720916748047
2026-04-26 23:04:19.223496,2026-04-26 23:04:19.223496,17.842981338500977
2026-04-26 23:04:19.423976,2026-04-26 23:04:19.423976,17.803253173828125
2026-04-26 23:04:19.623099,2026-04-26 23:04:19.623099,17.94526481628418
2026-04-26 23:04:19.822898,2026-04-26 23:04:19.822898,18.065975189208984
2026-04-26 23:04:20.023389,2026-04-26 23:04:20.023389,18.1685791015625
2026-04-26 23:04:20.223635,2026-04-26 23:04:20.223635,18.25579261779785
2026-04-26 23:04:20.424064,2026-04-26 23:04:20.424064,18.329923629760746
2026-04-26 23:04:20.623269,2026-04-26 23:04:20.623269,18.392934799194336
2026-04-26 23:04:20.825286,2026-04-26 23:04:20.825286,18.446495056152344
2026-04-26 23:04:21.023989,2026-04-26 23:04:21.023989,18.492019653320312
2026-04-26 23:04:21.222814,2026-04-26 23:04:21.222814,18.530717849731445
2026-04-26 23:04:21.424142,2026-04-26 23:04:21.424142,18.563610076904297
2026-04-26 23:04:21.623730,2026-04-26 23:04:21.623730,18.591567993164062
2026-04-26 23:04:21.824144,2026-04-26 23:04:21.824144,18.615333557128903
2026-04-26 23:04:22.024847,2026-04-26 23:04:22.024847,18.63553237915039
2026-04-26 23:04:22.224338,2026-04-26 23:04:22.224338,18.82848358154297
2026-04-26 23:04:22.424424,2026-04-26 23:04:22.424424,18.99249267578125
2026-04-26 23:04:22.625986,2026-04-26 23:04:22.625986,19.13190078735352
2026-04-26 23:04:22.825410,2026-04-26 23:04:22.825410,19.250396728515625
2026-04-26 23:04:23.024756,2026-04-26 23:04:23.024756,19.351118087768555
2026-04-26 23:04:23.223630,2026-04-26 23:04:23.223630,19.436731338500977
2026-04-26 23:04:23.424597,2026-04-26 23:04:23.424597,19.509502410888672
2026-04-26 23:04:23.625302,2026-04-26 23:04:23.625302,19.57135963439941
2026-04-26 23:04:23.826063,2026-04-26 23:04:23.826063,19.62393569946289
2026-04-26 23:04:24.022604,2026-04-26 23:04:24.022604,19.84440803527832
2026-04-26 23:04:24.225169,2026-04-26 23:04:24.225169,20.03180885314941
2026-04-26 23:04:24.424477,2026-04-26 23:04:24.424477,20.19110107421875
2026-04-26 23:04:24.624240,2026-04-26 23:04:24.624240,20.32649803161621
2026-04-26 23:04:24.823680,2026-04-26 23:04:24.823680,20.441585540771484
2026-04-26 23:04:25.027967,2026-04-26 23:04:25.027967,20.53940963745117
2026-04-26 23:04:25.225964,2026-04-26 23:04:25.225964,20.798341751098636
2026-04-26 23:04:25.425279,2026-04-26 23:04:25.425279,20.842653274536133
2026-04-26 23:04:25.623328,2026-04-26 23:04:25.623328,21.05609893798828
2026-04-26 23:04:25.825399,2026-04-26 23:04:25.825399,21.23752784729004
2026-04-26 23:04:26.024304,2026-04-26 23:04:26.024304,21.391742706298828
2026-04-26 23:04:26.222935,2026-04-26 23:04:26.222935,21.522825241088867
2026-04-26 23:04:26.425029,2026-04-26 23:04:26.425029,21.63424491882324
2026-04-26 23:04:26.623188,2026-04-26 23:04:26.623188,21.728952407836918
2026-04-26 23:04:26.822942,2026-04-26 23:04:26.822942,21.8094539642334
2026-04-26 23:04:27.023143,2026-04-26 23:04:27.023143,21.877878189086918
2026-04-26 23:04:27.223368,2026-04-26 23:04:27.223368,21.9360408782959
2026-04-26 23:04:27.424381,2026-04-26 23:04:27.424381,21.98547744750977
2026-04-26 23:04:27.622380,2026-04-26 23:04:27.622380,21.85171890258789
2026-04-26 23:04:27.825184,2026-04-26 23:04:27.825184,21.73802375793457
2026-04-26 23:04:28.023551,2026-04-26 23:04:28.023551,21.641382217407227
2026-04-26 23:04:28.223660,2026-04-26 23:04:28.223660,21.55923843383789
2026-04-26 23:04:28.422926,2026-04-26 23:04:28.422926,21.48941421508789
2026-04-26 23:04:28.627375,2026-04-26 23:04:28.627375,21.605846405029297
2026-04-26 23:04:28.823282,2026-04-26 23:04:28.823282,21.52903175354004
2026-04-26 23:04:29.023453,2026-04-26 23:04:29.023453,21.4637393951416
2026-04-26 23:04:29.222986,2026-04-26 23:04:29.222986,21.232460021972656
2026-04-26 23:04:29.422716,2026-04-26 23:04:29.422716,21.035871505737305
2026-04-26 23:04:29.623098,2026-04-26 23:04:29.623098,20.868772506713867
2026-04-26 23:04:29.823760,2026-04-26 23:04:29.823760,20.55095672607422
2026-04-26 23:04:30.023859,2026-04-26 23:04:30.023859,20.10503196716309
2026-04-26 23:04:30.223526,2026-04-26 23:04:30.223526,19.72599601745605
2026-04-26 23:04:30.423894,2026-04-26 23:04:30.423894,19.4038143157959
2026-04-26 23:04:30.622424,2026-04-26 23:04:30.622424,19.129961013793945
2026-04-26 23:04:30.822988,2026-04-26 23:04:30.822988,18.897186279296875
2026-04-26 23:04:31.023715,2026-04-26 23:04:31.023715,18.69932746887207
2026-04-26 23:04:31.223079,2026-04-26 23:04:31.223079,18.531147003173828
2026-04-26 23:04:31.423082,2026-04-26 23:04:31.423082,18.388193130493164
2026-04-26 23:04:31.624109,2026-04-26 23:04:31.624109,18.26668357849121
2026-04-26 23:04:31.824333,2026-04-26 23:04:31.824333,18.16339874267578
2026-04-26 23:04:32.027260,2026-04-26 23:04:32.027260,17.89982795715332
2026-04-26 23:04:32.224211,2026-04-26 23:04:32.224211,17.851572036743164
2026-04-26 23:04:32.422610,2026-04-26 23:04:32.422610,17.63477325439453
2026-04-26 23:04:32.622927,2026-04-26 23:04:32.622927,17.45049476623535
2026-04-26 23:04:32.823470,2026-04-26 23:04:32.823470,17.29385757446289
2026-04-26 23:04:33.023173,2026-04-26 23:04:33.023173,17.160717010498047
2026-04-26 23:04:33.233005,2026-04-26 23:04:33.233005,17.04754638671875
2026-04-26 23:04:33.424423,2026-04-26 23:04:33.424423,16.951353073120117
2026-04-26 23:04:33.624588,2026-04-26 23:04:33.624588,16.869586944580078
2026-04-26 23:04:33.824747,2026-04-26 23:04:33.824747,16.800086975097656
2026-04-26 23:04:34.024937,2026-04-26 23:04:34.024937,16.741010665893555
2026-04-26 23:04:34.223027,2026-04-26 23:04:34.223027,16.690797805786133
2026-04-26 23:04:34.423086,2026-04-26 23:04:34.423086,16.472333908081055
2026-04-26 23:04:34.623932,2026-04-26 23:04:34.623932,16.286640167236328
2026-04-26 23:04:34.822749,2026-04-26 23:04:34.822749,16.128799438476562
2026-04-26 23:04:35.024184,2026-04-26 23:04:35.024184,15.994636535644531
