log_time,publish_time,data
2026-04-24 22:34:52.718437,2026-04-24 22:34:52.718437,17.211280822753906
2026-04-24 22:34:52.918616,2026-04-24 22:34:52.918616,16.914745330810547
2026-04-24 22:34:53.117992,2026-04-24 22:34:53.117992,16.838470458984375
2026-04-24 22:34:53.318956,2026-04-24 22:34:53.318956,16.773637771606445
2026-04-24 22:34:53.519295,2026-04-24 22:34:53.519295,16.718528747558594
2026-04-24 22:34:53.719081,2026-04-24 22:34:53.719081,16.495906829833984
2026-04-24 22:34:53.919598,2026-04-24 22:34:53.919598,16.482458114624023
2026-04-24 22:34:54.118780,2026-04-24 22:34:54.118780,16.295246124267578
2026-04-24 22:34:54.318705,2026-04-24 22:34:54.318705,16.3118953704834
2026-04-24 22:34:54.518751,2026-04-24 22:34:54.518751,16.1502685546875
2026-04-24 22:34:54.718033,2026-04-24 22:34:54.718033,16.01288414001465
2026-04-24 22:34:54.918522,2026-04-24 22:34:54.918522,15.89610767364502
2026-04-24 22:34:55.118579,2026-04-24 22:34:55.118579,15.796847343444824
2026-04-24 22:34:55.318086,2026-04-24 22:34:55.318086,15.71247673034668
2026-04-24 22:34:55.518713,2026-04-24 22:34:55.518713,15.640761375427246
2026-04-24 22:34:55.719268,2026-04-24 22:34:55.719268,15.579803466796877
2026-04-24 22:34:55.919387,2026-04-24 22:34:55.919387,15.352208137512209
2026-04-24 22:34:56.120426,2026-04-24 22:34:56.120426,15.158751487731934
2026-04-24 22:34:56.318659,2026-04-24 22:34:56.318659,14.994314193725586
2026-04-24 22:34:56.519082,2026-04-24 22:34:56.519082,14.678760528564451
2026-04-24 22:34:56.718514,2026-04-24 22:34:56.718514,14.410540580749512
2026-04-24 22:34:56.919068,2026-04-24 22:34:56.919068,14.1825532913208
2026-04-24 22:34:57.118207,2026-04-24 22:34:57.118207,13.988763809204102
2026-04-24 22:34:57.319755,2026-04-24 22:34:57.319755,13.99982452392578
2026-04-24 22:34:57.519253,2026-04-24 22:34:57.519253,14.009225845336914
2026-04-24 22:34:57.718421,2026-04-24 22:34:57.718421,14.017216682434082
2026-04-24 22:34:57.918810,2026-04-24 22:34:57.918810,14.024009704589844
2026-04-24 22:34:58.119405,2026-04-24 22:34:58.119405,14.029783248901367
2026-04-24 22:34:58.318770,2026-04-24 22:34:58.318770,14.034690856933594
2026-04-24 22:34:58.518887,2026-04-24 22:34:58.518887,14.038862228393556
2026-04-24 22:34:58.719652,2026-04-24 22:34:58.719652,13.866626739501951
2026-04-24 22:34:58.918304,2026-04-24 22:34:58.918304,13.720226287841797
2026-04-24 22:34:59.118102,2026-04-24 22:34:59.118102,13.595786094665527
2026-04-24 22:34:59.319582,2026-04-24 22:34:59.319582,13.490012168884276
2026-04-24 22:34:59.518671,2026-04-24 22:34:59.518671,13.400103569030762
2026-04-24 22:34:59.719761,2026-04-24 22:34:59.719761,13.323681831359863
2026-04-24 22:34:59.920108,2026-04-24 22:34:59.920108,13.258723258972168
2026-04-24 22:35:00.119198,2026-04-24 22:35:00.119198,13.203508377075195
2026-04-24 22:35:00.317986,2026-04-24 22:35:00.317986,12.980794906616213
2026-04-24 22:35:00.519645,2026-04-24 22:35:00.519645,12.79148769378662
2026-04-24 22:35:00.720219,2026-04-24 22:35:00.720219,12.630577087402344
2026-04-24 22:35:00.918360,2026-04-24 22:35:00.918360,12.493803024291992
2026-04-24 22:35:01.118079,2026-04-24 22:35:01.118079,12.377545356750488
2026-04-24 22:35:01.318718,2026-04-24 22:35:01.318718,12.278725624084473
2026-04-24 22:35:01.519534,2026-04-24 22:35:01.519534,12.194729804992676
2026-04-24 22:35:01.720793,2026-04-24 22:35:01.720793,12.123332977294922
2026-04-24 22:35:01.918978,2026-04-24 22:35:01.918978,12.062644958496094
2026-04-24 22:35:02.119550,2026-04-24 22:35:02.119550,12.18684196472168
2026-04-24 22:35:02.321130,2026-04-24 22:35:02.321130,12.292409896850586
2026-04-24 22:35:02.519579,2026-04-24 22:35:02.519579,14.843079566955566
2026-04-24 22:35:02.719188,2026-04-24 22:35:02.719188,17.01114845275879
2026-04-24 22:35:02.921261,2026-04-24 22:35:02.921261,18.854007720947266
2026-04-24 22:35:03.120334,2026-04-24 22:35:03.120334,20.42043685913086
2026-04-24 22:35:03.319391,2026-04-24 22:35:03.319391,21.751903533935547
2026-04-24 22:35:03.519058,2026-04-24 22:35:03.519058,22.883649826049805
2026-04-24 22:35:03.720810,2026-04-24 22:35:03.720810,23.845632553100582
2026-04-24 22:35:03.920657,2026-04-24 22:35:03.920657,24.663318634033203
2026-04-24 22:35:04.121104,2026-04-24 22:35:04.121104,25.35835266113281
2026-04-24 22:35:04.320059,2026-04-24 22:35:04.320059,25.94913101196289
2026-04-24 22:35:04.519440,2026-04-24 22:35:04.519440,26.451292037963867
2026-04-24 22:35:04.719805,2026-04-24 22:35:04.719805,26.878129959106445
2026-04-24 22:35:04.920368,2026-04-24 22:35:04.920368,27.240942001342773
2026-04-24 22:35:05.120537,2026-04-24 22:35:05.120537,27.549331665039062
2026-04-24 22:35:05.320959,2026-04-24 22:35:05.320959,27.81146240234375
2026-04-24 22:35:05.520908,2026-04-24 22:35:05.520908,28.03427505493164
2026-04-24 22:35:05.721332,2026-04-24 22:35:05.721332,28.22366523742676
2026-04-24 22:35:05.921056,2026-04-24 22:35:05.921056,28.38464736938477
2026-04-24 22:35:06.120780,2026-04-24 22:35:06.120780,28.52148056030273
2026-04-24 22:35:06.320422,2026-04-24 22:35:06.320422,28.63779067993164
2026-04-24 22:35:06.519317,2026-04-24 22:35:06.519317,28.736652374267575
2026-04-24 22:35:06.720808,2026-04-24 22:35:06.720808,28.82068634033203
2026-04-24 22:35:06.919355,2026-04-24 22:35:06.919355,28.892114639282227
2026-04-24 22:35:07.121071,2026-04-24 22:35:07.121071,28.952829360961918
2026-04-24 22:35:07.318102,2026-04-24 22:35:07.318102,28.30130958557129
2026-04-24 22:35:07.518755,2026-04-24 22:35:07.518755,27.571739196777344
2026-04-24 22:35:07.718760,2026-04-24 22:35:07.718760,26.775821685791016
2026-04-24 22:35:07.922031,2026-04-24 22:35:07.922031,26.099292755126957
2026-04-24 22:35:08.120735,2026-04-24 22:35:08.120735,25.348461151123047
2026-04-24 22:35:08.318092,2026-04-24 22:35:08.318092,24.710254669189453
2026-04-24 22:35:08.518601,2026-04-24 22:35:08.518601,24.34355926513672
2026-04-24 22:35:08.718732,2026-04-24 22:35:08.718732,24.031869888305664
2026-04-24 22:35:08.918983,2026-04-24 22:35:08.918983,23.59115219116211
2026-04-24 22:35:09.119291,2026-04-24 22:35:09.119291,23.216541290283203
2026-04-24 22:35:09.320339,2026-04-24 22:35:09.320339,22.722341537475582
2026-04-24 22:35:09.518587,2026-04-24 22:35:09.518587,22.302270889282227
2026-04-24 22:35:09.718414,2026-04-24 22:35:09.718414,21.94521141052246
2026-04-24 22:35:09.918758,2026-04-24 22:35:09.918758,21.641712188720703
2026-04-24 22:35:10.119105,2026-04-24 22:35:10.119105,21.38373565673828
2026-04-24 22:35:10.318638,2026-04-24 22:35:10.318638,21.164457321166992
2026-04-24 22:35:10.519057,2026-04-24 22:35:10.519057,20.97806930541992
2026-04-24 22:35:10.719311,2026-04-24 22:35:10.719311,20.81964111328125
2026-04-24 22:35:10.918514,2026-04-24 22:35:10.918514,20.68497467041016
2026-04-24 22:35:11.124687,2026-04-24 22:35:11.124687,20.57051086425781
2026-04-24 22:35:11.330363,2026-04-24 22:35:11.330363,20.47321510314941
2026-04-24 22:35:11.519285,2026-04-24 22:35:11.519285,20.390514373779297
2026-04-24 22:35:11.718121,2026-04-24 22:35:11.718121,20.320219039916992
2026-04-24 22:35:11.919290,2026-04-24 22:35:11.919290,20.084686279296875
2026-04-24 22:35:12.119357,2026-04-24 22:35:12.119357,19.884483337402344
2026-04-24 22:35:12.318488,2026-04-24 22:35:12.318488,19.71430969238281
2026-04-24 22:35:12.518297,2026-04-24 22:35:12.518297,19.569664001464844
2026-04-24 22:35:12.719025,2026-04-24 22:35:12.719025,19.44671440124512
2026-04-24 22:35:12.918727,2026-04-24 22:35:12.918727,19.34220695495605
2026-04-24 22:35:13.119600,2026-04-24 22:35:13.119600,19.25337600708008
2026-04-24 22:35:13.319397,2026-04-24 22:35:13.319397,19.17786979675293
2026-04-24 22:35:13.531296,2026-04-24 22:35:13.531296,19.113689422607425
2026-04-24 22:35:13.718861,2026-04-24 22:35:13.718861,19.05913543701172
2026-04-24 22:35:13.919868,2026-04-24 22:35:13.919868,19.01276588439941
2026-04-24 22:35:14.119410,2026-04-24 22:35:14.119410,18.973350524902344
2026-04-24 22:35:14.318276,2026-04-24 22:35:14.318276,18.939847946166992
2026-04-24 22:35:14.518500,2026-04-24 22:35:14.518500,18.9113712310791
2026-04-24 22:35:14.718427,2026-04-24 22:35:14.718427,18.88716506958008
2026-04-24 22:35:14.918928,2026-04-24 22:35:14.918928,18.86659049987793
2026-04-24 22:35:15.119395,2026-04-24 22:35:15.119395,18.849102020263672
2026-04-24 22:35:15.319757,2026-04-24 22:35:15.319757,18.83423614501953
2026-04-24 22:35:15.529130,2026-04-24 22:35:15.529130,18.82160186767578
2026-04-24 22:35:15.730691,2026-04-24 22:35:15.730691,18.81086158752441
2026-04-24 22:35:15.918780,2026-04-24 22:35:15.918780,18.62594985961914
2026-04-24 22:35:16.119133,2026-04-24 22:35:16.119133,18.46877670288086
2026-04-24 22:35:16.319741,2026-04-24 22:35:16.319741,18.15939712524414
2026-04-24 22:35:16.519181,2026-04-24 22:35:16.519181,18.072206497192383
2026-04-24 22:35:16.719923,2026-04-24 22:35:16.719923,17.82231330871582
2026-04-24 22:35:16.918992,2026-04-24 22:35:16.918992,17.43412208557129
2026-04-24 22:35:17.121940,2026-04-24 22:35:17.121940,17.10416030883789
2026-04-24 22:35:17.318865,2026-04-24 22:35:17.318865,16.823692321777344
2026-04-24 22:35:17.518844,2026-04-24 22:35:17.518844,16.585294723510742
2026-04-24 22:35:17.718920,2026-04-24 22:35:17.718920,16.38265609741211
2026-04-24 22:35:17.919215,2026-04-24 22:35:17.919215,16.03463363647461
2026-04-24 22:35:31.018633,2026-04-24 22:35:31.018633,15.738813400268556
2026-04-24 22:35:31.218138,2026-04-24 22:35:31.218138,15.311585426330566
2026-04-24 22:35:31.429291,2026-04-24 22:35:31.429291,14.948441505432127
2026-04-24 22:35:31.618867,2026-04-24 22:35:31.618867,14.639768600463867
2026-04-24 22:35:31.819139,2026-04-24 22:35:31.819139,14.377397537231444
2026-04-24 22:35:32.017944,2026-04-24 22:35:32.017944,14.33016300201416
2026-04-24 22:35:32.218431,2026-04-24 22:35:32.218431,14.290013313293455
2026-04-24 22:35:32.425009,2026-04-24 22:35:32.425009,14.08010482788086
2026-04-24 22:35:32.618561,2026-04-24 22:35:32.618561,14.07746410369873
2026-04-24 22:35:32.819094,2026-04-24 22:35:32.819094,14.07521915435791
2026-04-24 22:35:33.018405,2026-04-24 22:35:33.018405,14.073311805725098
2026-04-24 22:35:33.220942,2026-04-24 22:35:33.220942,14.07168960571289
2026-04-24 22:35:33.419628,2026-04-24 22:35:33.419628,14.070311546325684
2026-04-24 22:35:33.618502,2026-04-24 22:35:33.618502,14.06913948059082
2026-04-24 22:35:33.819383,2026-04-24 22:35:33.819383,13.892362594604492
2026-04-24 22:35:34.018067,2026-04-24 22:35:34.018067,13.742101669311523
2026-04-24 22:35:34.218789,2026-04-24 22:35:34.218789,13.6143798828125
2026-04-24 22:35:34.418082,2026-04-24 22:35:34.418082,13.681598663330078
2026-04-24 22:35:34.618653,2026-04-24 22:35:34.618653,13.738733291625977
2026-04-24 22:35:34.818530,2026-04-24 22:35:34.818530,13.787298202514648
2026-04-24 22:35:35.019097,2026-04-24 22:35:35.019097,13.65279769897461
2026-04-24 22:35:35.218543,2026-04-24 22:35:35.218543,13.538471221923828
2026-04-24 22:35:35.418110,2026-04-24 22:35:35.418110,13.44129467010498
2026-04-24 22:35:35.618186,2026-04-24 22:35:35.618186,13.182912826538086
2026-04-24 22:35:35.818626,2026-04-24 22:35:35.818626,12.96328830718994
2026-04-24 22:35:36.018319,2026-04-24 22:35:36.018319,12.776607513427734
2026-04-24 22:35:36.219178,2026-04-24 22:35:36.219178,12.617929458618164
2026-04-24 22:35:36.418327,2026-04-24 22:35:36.418327,12.483052253723145
2026-04-24 22:35:36.618687,2026-04-24 22:35:36.618687,12.368407249450684
2026-04-24 22:35:36.819106,2026-04-24 22:35:36.819106,12.270957946777344
2026-04-24 22:35:37.020522,2026-04-24 22:35:37.020522,12.188127517700195
2026-04-24 22:35:37.218974,2026-04-24 22:35:37.218974,12.117720603942873
2026-04-24 22:35:37.419661,2026-04-24 22:35:37.419661,12.05787467956543
2026-04-24 22:35:37.619024,2026-04-24 22:35:37.619024,12.007006645202637
2026-04-24 22:35:37.818689,2026-04-24 22:35:37.818689,11.963768005371094
2026-04-24 22:35:38.031057,2026-04-24 22:35:38.031057,11.92701530456543
2026-04-24 22:35:38.218616,2026-04-24 22:35:38.218616,11.89577579498291
2026-04-24 22:35:38.418468,2026-04-24 22:35:38.418468,11.693440437316896
2026-04-24 22:35:38.618536,2026-04-24 22:35:38.618536,11.697237014770508
2026-04-24 22:35:38.820509,2026-04-24 22:35:38.820509,11.70046329498291
2026-04-24 22:35:39.018619,2026-04-24 22:35:39.018619,11.703207015991213
2026-04-24 22:35:39.231668,2026-04-24 22:35:39.231668,11.705537796020508
2026-04-24 22:35:39.418887,2026-04-24 22:35:39.418887,11.70751953125
2026-04-24 22:35:39.618767,2026-04-24 22:35:39.618767,11.70920467376709
2026-04-24 22:35:39.830019,2026-04-24 22:35:39.830019,11.534854888916016
2026-04-24 22:35:40.019041,2026-04-24 22:35:40.019041,11.38665771484375
2026-04-24 22:35:40.228104,2026-04-24 22:35:40.228104,11.260690689086914
2026-04-24 22:35:40.418118,2026-04-24 22:35:40.418118,11.15361785888672
2026-04-24 22:35:40.618665,2026-04-24 22:35:40.618665,11.062606811523438
2026-04-24 22:35:40.828715,2026-04-24 22:35:40.828715,10.985246658325195
2026-04-24 22:35:41.028609,2026-04-24 22:35:41.028609,11.095272064208984
2026-04-24 22:35:41.228227,2026-04-24 22:35:41.228227,11.188794136047363
2026-04-24 22:35:41.418104,2026-04-24 22:35:41.418104,11.268287658691406
2026-04-24 22:35:41.630842,2026-04-24 22:35:41.630842,11.335856437683104
2026-04-24 22:35:41.818056,2026-04-24 22:35:41.818056,13.502665519714355
2026-04-24 22:35:42.021101,2026-04-24 22:35:42.021101,15.344453811645508
2026-04-24 22:35:42.218981,2026-04-24 22:35:42.218981,16.90997314453125
2026-04-24 22:35:42.418506,2026-04-24 22:35:42.418506,18.240665435791016
2026-04-24 22:35:42.620078,2026-04-24 22:35:42.620078,19.37175178527832
2026-04-24 22:35:42.828188,2026-04-24 22:35:42.828188,20.33317756652832
2026-04-24 22:35:43.030774,2026-04-24 22:35:43.030774,21.150388717651367
2026-04-24 22:35:43.218405,2026-04-24 22:35:43.218405,21.845016479492188
2026-04-24 22:35:43.420361,2026-04-24 22:35:43.420361,22.43545150756836
2026-04-24 22:35:43.628545,2026-04-24 22:35:43.628545,22.93732261657715
2026-04-24 22:35:43.828979,2026-04-24 22:35:43.828979,23.363910675048828
2026-04-24 22:35:44.028525,2026-04-24 22:35:44.028525,23.726511001586918
2026-04-24 22:35:44.222521,2026-04-24 22:35:44.222521,24.03472328186035
2026-04-24 22:35:44.428367,2026-04-24 22:35:44.428367,24.29670143127441
2026-04-24 22:35:44.620932,2026-04-24 22:35:44.620932,24.519384384155277
2026-04-24 22:35:44.821906,2026-04-24 22:35:44.821906,24.708663940429688
2026-04-24 22:35:45.021395,2026-04-24 22:35:45.021395,24.869552612304688
2026-04-24 22:35:45.220824,2026-04-24 22:35:45.220824,25.18208694458008
2026-04-24 22:35:45.418657,2026-04-24 22:35:45.418657,25.447742462158203
2026-04-24 22:35:45.619570,2026-04-24 22:35:45.619570,25.67354965209961
2026-04-24 22:35:45.823299,2026-04-24 22:35:45.823299,25.68970489501953
2026-04-24 22:35:46.028311,2026-04-24 22:35:46.028311,25.70343780517578
2026-04-24 22:35:46.229344,2026-04-24 22:35:46.229344,25.71510887145996
2026-04-24 22:35:46.427898,2026-04-24 22:35:46.427898,25.72503089904785
2026-04-24 22:35:46.628660,2026-04-24 22:35:46.628660,25.73346328735352
2026-04-24 22:35:46.828321,2026-04-24 22:35:46.828321,25.740631103515625
2026-04-24 22:35:47.028585,2026-04-24 22:35:47.028585,25.570941925048828
2026-04-24 22:35:47.228894,2026-04-24 22:35:47.228894,25.602489471435547
2026-04-24 22:35:47.429328,2026-04-24 22:35:47.429328,25.453521728515625
2026-04-24 22:35:47.628129,2026-04-24 22:35:47.628129,25.32690048217773
2026-04-24 22:35:47.829397,2026-04-24 22:35:47.829397,25.21927070617676
2026-04-24 22:35:48.029347,2026-04-24 22:35:48.029347,25.12778663635254
2026-04-24 22:35:48.227982,2026-04-24 22:35:48.227982,25.225805282592773
2026-04-24 22:35:48.427803,2026-04-24 22:35:48.427803,25.13334083557129
2026-04-24 22:35:48.619290,2026-04-24 22:35:48.619290,25.230527877807617
2026-04-24 22:35:48.829504,2026-04-24 22:35:48.829504,25.137353897094727
2026-04-24 22:35:49.029021,2026-04-24 22:35:49.029021,25.05815696716309
2026-04-24 22:35:49.228029,2026-04-24 22:35:49.228029,25.166622161865234
2026-04-24 22:35:49.430381,2026-04-24 22:35:49.430381,25.25881576538086
2026-04-24 22:35:49.628938,2026-04-24 22:35:49.628938,25.337181091308597
2026-04-24 22:35:49.830462,2026-04-24 22:35:49.830462,25.228010177612305
2026-04-24 22:35:50.029946,2026-04-24 22:35:50.029946,25.135215759277344
2026-04-24 22:35:50.229518,2026-04-24 22:35:50.229518,25.056339263916016
2026-04-24 22:35:50.429347,2026-04-24 22:35:50.429347,24.989294052124023
2026-04-24 22:35:50.629760,2026-04-24 22:35:50.629760,24.93230628967285
2026-04-24 22:35:50.828646,2026-04-24 22:35:50.828646,24.883867263793945
2026-04-24 22:35:51.028876,2026-04-24 22:35:51.028876,24.842693328857425
2026-04-24 22:35:51.229286,2026-04-24 22:35:51.229286,24.807695388793945
2026-04-24 22:35:51.428589,2026-04-24 22:35:51.428589,24.77794647216797
2026-04-24 22:35:51.629138,2026-04-24 22:35:51.629138,24.752660751342773
2026-04-24 22:35:51.828845,2026-04-24 22:35:51.828845,24.73116874694824
2026-04-24 22:35:52.029480,2026-04-24 22:35:52.029480,24.712900161743164
2026-04-24 22:35:52.222291,2026-04-24 22:35:52.222291,24.697370529174805
2026-04-24 22:35:52.422470,2026-04-24 22:35:52.422470,24.684171676635746
2026-04-24 22:35:52.619939,2026-04-24 22:35:52.619939,24.67295265197754
2026-04-24 22:35:52.827924,2026-04-24 22:35:52.827924,24.66341590881348
2026-04-24 22:35:53.029170,2026-04-24 22:35:53.029170,24.655309677124023
2026-04-24 22:35:53.231931,2026-04-24 22:35:53.231931,24.472637176513672
2026-04-24 22:35:53.419918,2026-04-24 22:35:53.419918,24.317367553710938
2026-04-24 22:35:53.628900,2026-04-24 22:35:53.628900,24.185386657714844
2026-04-24 22:35:53.830182,2026-04-24 22:35:53.830182,24.073204040527344
2026-04-24 22:35:54.029699,2026-04-24 22:35:54.029699,23.97784805297852
2026-04-24 22:35:54.229055,2026-04-24 22:35:54.229055,23.89679527282715
2026-04-24 22:35:54.430295,2026-04-24 22:35:54.430295,23.82790184020996
2026-04-24 22:35:54.628375,2026-04-24 22:35:54.628375,23.76934242248535
2026-04-24 22:35:54.830176,2026-04-24 22:35:54.830176,23.71956443786621
2026-04-24 22:35:55.028784,2026-04-24 22:35:55.028784,23.501474380493164
2026-04-24 22:35:55.229908,2026-04-24 22:35:55.229908,23.316097259521484
2026-04-24 22:35:55.420003,2026-04-24 22:35:55.420003,23.158525466918945
2026-04-24 22:35:55.629442,2026-04-24 22:35:55.629442,23.02459144592285
2026-04-24 22:35:55.830901,2026-04-24 22:35:55.830901,22.91074562072754
2026-04-24 22:35:56.029298,2026-04-24 22:35:56.029298,22.81397819519043
2026-04-24 22:35:56.231701,2026-04-24 22:35:56.231701,22.555944442749023
2026-04-24 22:36:09.328383,2026-04-24 22:36:09.328383,22.33661460876465
2026-04-24 22:36:09.533296,2026-04-24 22:36:09.533296,22.150184631347656
2026-04-24 22:36:09.727998,2026-04-24 22:36:09.727998,21.99172019958496
2026-04-24 22:36:09.928705,2026-04-24 22:36:09.928705,21.85702514648437
2026-04-24 22:36:10.128484,2026-04-24 22:36:10.128484,21.74253273010254
2026-04-24 22:36:10.328947,2026-04-24 22:36:10.328947,21.64521598815918
2026-04-24 22:36:10.529773,2026-04-24 22:36:10.529773,21.56249618530273
2026-04-24 22:36:10.729173,2026-04-24 22:36:10.729173,21.49218368530273
2026-04-24 22:36:10.929545,2026-04-24 22:36:10.929545,21.432418823242188
2026-04-24 22:36:11.128612,2026-04-24 22:36:11.128612,21.38161849975586
2026-04-24 22:36:11.328966,2026-04-24 22:36:11.328966,21.338438034057617
2026-04-24 22:36:11.528895,2026-04-24 22:36:11.528895,21.301734924316406
2026-04-24 22:36:11.728521,2026-04-24 22:36:11.728521,21.27053642272949
2026-04-24 22:36:11.929235,2026-04-24 22:36:11.929235,21.2440185546875
2026-04-24 22:36:12.127970,2026-04-24 22:36:12.127970,21.221479415893555
2026-04-24 22:36:12.328216,2026-04-24 22:36:12.328216,21.202320098876957
2026-04-24 22:36:12.529348,2026-04-24 22:36:12.529348,21.186033248901367
2026-04-24 22:36:12.729251,2026-04-24 22:36:12.729251,21.172191619873047
2026-04-24 22:36:12.928156,2026-04-24 22:36:12.928156,21.160425186157227
2026-04-24 22:36:13.128505,2026-04-24 22:36:13.128505,21.15042304992676
2026-04-24 22:36:13.329699,2026-04-24 22:36:13.329699,21.141921997070312
2026-04-24 22:36:13.528645,2026-04-24 22:36:13.528645,21.13469696044922
2026-04-24 22:36:13.729399,2026-04-24 22:36:13.729399,21.12855529785156
2026-04-24 22:36:13.930112,2026-04-24 22:36:13.930112,21.123334884643555
2026-04-24 22:36:14.129431,2026-04-24 22:36:14.129431,21.118896484375
2026-04-24 22:36:14.328396,2026-04-24 22:36:14.328396,21.115123748779297
2026-04-24 22:36:14.529313,2026-04-24 22:36:14.529313,21.11191749572754
2026-04-24 22:36:14.731206,2026-04-24 22:36:14.731206,21.109193801879883
2026-04-24 22:36:14.929697,2026-04-24 22:36:14.929697,21.106876373291016
2026-04-24 22:36:15.129059,2026-04-24 22:36:15.129059,21.104907989501957
2026-04-24 22:36:15.328974,2026-04-24 22:36:15.328974,21.103233337402344
2026-04-24 22:36:15.529925,2026-04-24 22:36:15.529925,21.101810455322266
2026-04-24 22:36:15.730562,2026-04-24 22:36:15.730562,21.10060310363769
2026-04-24 22:36:15.928712,2026-04-24 22:36:15.928712,21.09957504272461
2026-04-24 22:36:16.129250,2026-04-24 22:36:16.129250,21.09870147705078
2026-04-24 22:36:16.328423,2026-04-24 22:36:16.328423,21.097957611083984
2026-04-24 22:36:16.528933,2026-04-24 22:36:16.528933,21.097326278686523
2026-04-24 22:36:16.730167,2026-04-24 22:36:16.730167,21.096790313720703
2026-04-24 22:36:16.930284,2026-04-24 22:36:16.930284,21.09633445739746
2026-04-24 22:36:17.130079,2026-04-24 22:36:17.130079,21.095947265625
2026-04-24 22:36:17.329844,2026-04-24 22:36:17.329844,21.095617294311523
2026-04-24 22:36:17.530718,2026-04-24 22:36:17.530718,21.0953369140625
2026-04-24 22:36:17.731194,2026-04-24 22:36:17.731194,21.0950984954834
2026-04-24 22:36:17.931516,2026-04-24 22:36:17.931516,21.09489631652832
2026-04-24 22:36:18.129167,2026-04-24 22:36:18.129167,21.094724655151367
2026-04-24 22:36:18.329951,2026-04-24 22:36:18.329951,21.09457778930664
2026-04-24 22:36:18.532901,2026-04-24 22:36:18.532901,21.094453811645508
2026-04-24 22:36:18.730159,2026-04-24 22:36:18.730159,21.094348907470703
2026-04-24 22:36:18.931645,2026-04-24 22:36:18.931645,21.09425926208496
2026-04-24 22:36:19.129816,2026-04-24 22:36:19.129816,21.09418296813965
2026-04-24 22:36:19.333256,2026-04-24 22:36:19.333256,21.094118118286133
2026-04-24 22:36:19.528961,2026-04-24 22:36:19.528961,21.09406280517578
2026-04-24 22:36:19.728919,2026-04-24 22:36:19.728919,21.26979637145996
2026-04-24 22:36:19.928271,2026-04-24 22:36:19.928271,21.419170379638672
2026-04-24 22:36:20.128890,2026-04-24 22:36:20.128890,21.72192001342773
2026-04-24 22:36:20.330634,2026-04-24 22:36:20.330634,21.979257583618164
2026-04-24 22:36:20.530532,2026-04-24 22:36:20.530532,22.37377548217773
2026-04-24 22:36:20.730632,2026-04-24 22:36:20.730632,22.70911407470703
2026-04-24 22:36:20.928003,2026-04-24 22:36:20.928003,22.99415397644043
2026-04-24 22:36:21.131484,2026-04-24 22:36:21.131484,23.23643684387207
2026-04-24 22:36:21.328525,2026-04-24 22:36:21.328525,23.4423770904541
2026-04-24 22:36:21.528106,2026-04-24 22:36:21.528106,23.61742782592773
2026-04-24 22:36:21.729844,2026-04-24 22:36:21.729844,23.94200134277344
2026-04-24 22:36:21.929144,2026-04-24 22:36:21.929144,24.21788787841797
2026-04-24 22:36:22.128480,2026-04-24 22:36:22.128480,24.452392578125
2026-04-24 22:36:22.330105,2026-04-24 22:36:22.330105,24.651721954345703
2026-04-24 22:36:22.529368,2026-04-24 22:36:22.529368,24.821149826049805
2026-04-24 22:36:22.730922,2026-04-24 22:36:22.730922,24.965166091918945
2026-04-24 22:36:22.928634,2026-04-24 22:36:22.928634,25.26335906982422
2026-04-24 22:36:23.128761,2026-04-24 22:36:23.128761,25.51682472229004
2026-04-24 22:36:23.327859,2026-04-24 22:36:23.327859,25.73226928710937
2026-04-24 22:36:23.528786,2026-04-24 22:36:23.528786,25.91539764404297
2026-04-24 22:36:23.729342,2026-04-24 22:36:23.729342,26.0710563659668
2026-04-24 22:36:23.928828,2026-04-24 22:36:23.928828,26.203367233276367
2026-04-24 22:36:24.128656,2026-04-24 22:36:24.128656,26.31583023071289
2026-04-24 22:36:24.328618,2026-04-24 22:36:24.328618,26.41142463684082
2026-04-24 22:36:24.529008,2026-04-24 22:36:24.529008,26.492679595947266
2026-04-24 22:36:24.727996,2026-04-24 22:36:24.727996,26.56174659729004
2026-04-24 22:36:24.928742,2026-04-24 22:36:24.928742,26.62045288085937
2026-04-24 22:36:25.129180,2026-04-24 22:36:25.129180,24.20941734313965
2026-04-24 22:36:25.329354,2026-04-24 22:36:25.329354,22.160036087036133
2026-04-24 22:36:25.528635,2026-04-24 22:36:25.528635,20.418062210083008
2026-04-24 22:36:25.729393,2026-04-24 22:36:25.729393,21.5741024017334
2026-04-24 22:36:25.930605,2026-04-24 22:36:25.930605,22.55673599243164
2026-04-24 22:36:26.128727,2026-04-24 22:36:26.128727,23.39197540283203
2026-04-24 22:36:26.327986,2026-04-24 22:36:26.327986,24.101930618286133
2026-04-24 22:36:26.528747,2026-04-24 22:36:26.528747,24.70539093017578
2026-04-24 22:36:26.727943,2026-04-24 22:36:26.727943,25.21833229064941
2026-04-24 22:36:26.929054,2026-04-24 22:36:26.929054,25.65433120727539
2026-04-24 22:36:27.129228,2026-04-24 22:36:27.129228,26.024932861328125
2026-04-24 22:36:27.328977,2026-04-24 22:36:27.328977,26.339942932128903
2026-04-24 22:36:27.532242,2026-04-24 22:36:27.532242,26.60770034790039
2026-04-24 22:36:27.728805,2026-04-24 22:36:27.728805,24.02279663085937
2026-04-24 22:36:27.928740,2026-04-24 22:36:27.928740,24.638126373291016
2026-04-24 22:36:28.128011,2026-04-24 22:36:28.128011,25.161157608032227
2026-04-24 22:36:28.328758,2026-04-24 22:36:28.328758,25.60573387145996
2026-04-24 22:36:28.529207,2026-04-24 22:36:28.529207,25.983623504638672
2026-04-24 22:36:28.729514,2026-04-24 22:36:28.729514,26.30483055114746
2026-04-24 22:36:28.928490,2026-04-24 22:36:28.928490,26.577856063842773
2026-04-24 22:36:29.128791,2026-04-24 22:36:29.128791,26.809926986694336
2026-04-24 22:36:29.329865,2026-04-24 22:36:29.329865,26.83140754699707
2026-04-24 22:36:29.528655,2026-04-24 22:36:29.528655,26.84966468811035
2026-04-24 22:36:29.729316,2026-04-24 22:36:29.729316,26.865182876586918
2026-04-24 22:36:29.928112,2026-04-24 22:36:29.928112,26.878374099731445
2026-04-24 22:36:30.128831,2026-04-24 22:36:30.128831,26.88958740234375
2026-04-24 22:36:30.329463,2026-04-24 22:36:30.329463,26.899118423461918
2026-04-24 22:36:30.529328,2026-04-24 22:36:30.529328,26.90721893310547
2026-04-24 22:36:30.729560,2026-04-24 22:36:30.729560,26.91410446166992
2026-04-24 22:36:30.928157,2026-04-24 22:36:30.928157,26.919958114624023
2026-04-24 22:36:31.129081,2026-04-24 22:36:31.129081,26.7491512298584
2026-04-24 22:36:31.331300,2026-04-24 22:36:31.331300,26.603965759277344
2026-04-24 22:36:31.529075,2026-04-24 22:36:31.529075,26.480558395385746
2026-04-24 22:36:31.729272,2026-04-24 22:36:31.729272,26.375661849975582
2026-04-24 22:36:31.929360,2026-04-24 22:36:31.929360,26.286500930786133
2026-04-24 22:36:32.130372,2026-04-24 22:36:32.130372,26.210712432861328
2026-04-24 22:36:32.328865,2026-04-24 22:36:32.328865,26.14629364013672
2026-04-24 22:36:32.529647,2026-04-24 22:36:32.529647,26.091537475585938
2026-04-24 22:36:32.729669,2026-04-24 22:36:32.729669,26.044994354248047
2026-04-24 22:36:32.929024,2026-04-24 22:36:32.929024,26.00543212890625
2026-04-24 22:36:33.128992,2026-04-24 22:36:33.128992,25.97180557250977
2026-04-24 22:36:33.328929,2026-04-24 22:36:33.328929,25.94322204589844
2026-04-24 22:36:33.529513,2026-04-24 22:36:33.529513,25.743144989013672
2026-04-24 22:36:33.730939,2026-04-24 22:36:33.730939,25.57308006286621
2026-04-24 22:36:33.928900,2026-04-24 22:36:33.928900,25.428524017333984
2026-04-24 22:36:34.130566,2026-04-24 22:36:34.130566,25.30565071105957
2026-04-24 22:36:34.329238,2026-04-24 22:36:34.329238,25.025428771972656
2026-04-24 22:36:34.529272,2026-04-24 22:36:34.529272,24.78723907470703
2026-04-24 22:36:47.628715,2026-04-24 22:36:47.628715,24.58477783203125
2026-04-24 22:36:47.828097,2026-04-24 22:36:47.828097,24.412687301635746
2026-04-24 22:36:48.028971,2026-04-24 22:36:48.028971,24.26640892028809
2026-04-24 22:36:48.228673,2026-04-24 22:36:48.228673,24.142072677612305
2026-04-24 22:36:48.429150,2026-04-24 22:36:48.429150,24.036386489868164
2026-04-24 22:36:48.630619,2026-04-24 22:36:48.630619,23.77077293395996
2026-04-24 22:36:48.830064,2026-04-24 22:36:48.830064,23.545000076293945
2026-04-24 22:36:49.028610,2026-04-24 22:36:49.028610,23.35309410095215
2026-04-24 22:36:49.229389,2026-04-24 22:36:49.229389,23.18997383117676
2026-04-24 22:36:49.428653,2026-04-24 22:36:49.428653,23.05132102966309
2026-04-24 22:36:49.628180,2026-04-24 22:36:49.628180,23.1092472076416
2026-04-24 22:36:49.828271,2026-04-24 22:36:49.828271,23.158485412597656
2026-04-24 22:36:50.029108,2026-04-24 22:36:50.029108,23.20033836364746
2026-04-24 22:36:50.227839,2026-04-24 22:36:50.227839,23.235912322998047
2026-04-24 22:36:50.428161,2026-04-24 22:36:50.428161,23.090368270874023
2026-04-24 22:36:50.629030,2026-04-24 22:36:50.629030,22.966657638549805
2026-04-24 22:36:50.830550,2026-04-24 22:36:50.830550,23.03728485107422
2026-04-24 22:36:51.030325,2026-04-24 22:36:51.030325,23.09731674194336
2026-04-24 22:36:51.230077,2026-04-24 22:36:51.230077,23.148344039916992
2026-04-24 22:36:51.428012,2026-04-24 22:36:51.428012,23.19171714782715
2026-04-24 22:36:51.629386,2026-04-24 22:36:51.629386,23.40436553955078
2026-04-24 22:36:51.829371,2026-04-24 22:36:51.829371,23.40933609008789
2026-04-24 22:36:52.030309,2026-04-24 22:36:52.030309,23.41356086730957
2026-04-24 22:36:52.229811,2026-04-24 22:36:52.229811,23.41715240478516
2026-04-24 22:36:52.428062,2026-04-24 22:36:52.428062,23.420204162597656
2026-04-24 22:36:52.628694,2026-04-24 22:36:52.628694,23.42279815673828
2026-04-24 22:36:52.828884,2026-04-24 22:36:52.828884,23.42500305175781
2026-04-24 22:36:53.028829,2026-04-24 22:36:53.028829,23.426877975463867
2026-04-24 22:36:53.230063,2026-04-24 22:36:53.230063,23.428470611572266
2026-04-24 22:36:53.430212,2026-04-24 22:36:53.430212,23.42982482910156
2026-04-24 22:36:53.628978,2026-04-24 22:36:53.628978,23.43097686767578
2026-04-24 22:36:53.829760,2026-04-24 22:36:53.829760,23.43195533752441
2026-04-24 22:36:54.029699,2026-04-24 22:36:54.029699,23.43278694152832
2026-04-24 22:36:54.228955,2026-04-24 22:36:54.228955,23.433494567871094
2026-04-24 22:36:54.431923,2026-04-24 22:36:54.431923,23.43409538269043
2026-04-24 22:36:54.630048,2026-04-24 22:36:54.630048,23.434606552124023
2026-04-24 22:36:54.829396,2026-04-24 22:36:54.829396,23.435039520263672
2026-04-24 22:36:55.029105,2026-04-24 22:36:55.029105,23.43540954589844
2026-04-24 22:36:55.229678,2026-04-24 22:36:55.229678,23.43572235107422
2026-04-24 22:36:55.428228,2026-04-24 22:36:55.428228,23.43598937988281
2026-04-24 22:36:55.628605,2026-04-24 22:36:55.628605,23.43621635437012
2026-04-24 22:36:55.829692,2026-04-24 22:36:55.829692,23.43640899658203
2026-04-24 22:36:56.028780,2026-04-24 22:36:56.028780,23.436573028564453
2026-04-24 22:36:56.231031,2026-04-24 22:36:56.231031,23.436710357666016
2026-04-24 22:36:56.430202,2026-04-24 22:36:56.430202,23.436830520629883
2026-04-24 22:36:56.630617,2026-04-24 22:36:56.630617,23.43692970275879
2026-04-24 22:36:56.829951,2026-04-24 22:36:56.829951,21.503421783447266
2026-04-24 22:36:57.031429,2026-04-24 22:36:57.031429,19.859939575195312
2026-04-24 22:36:57.230042,2026-04-24 22:36:57.230042,18.462980270385746
2026-04-24 22:36:57.431252,2026-04-24 22:36:57.431252,19.209157943725582
2026-04-24 22:36:57.632944,2026-04-24 22:36:57.632944,17.909814834594727
2026-04-24 22:36:57.833057,2026-04-24 22:36:57.833057,16.805374145507812
2026-04-24 22:36:58.030555,2026-04-24 22:36:58.030555,15.690818786621094
2026-04-24 22:36:58.230610,2026-04-24 22:36:58.230610,14.74344539642334
2026-04-24 22:36:58.429914,2026-04-24 22:36:58.429914,13.93817901611328
2026-04-24 22:36:58.629973,2026-04-24 22:36:58.629973,13.429483413696287
2026-04-24 22:36:58.829257,2026-04-24 22:36:58.829257,12.997092247009276
2026-04-24 22:36:59.031920,2026-04-24 22:36:59.031920,12.629559516906738
2026-04-24 22:36:59.231981,2026-04-24 22:36:59.231981,12.492938041687012
2026-04-24 22:36:59.428577,2026-04-24 22:36:59.428577,12.37681007385254
2026-04-24 22:36:59.631267,2026-04-24 22:36:59.631267,12.102319717407228
2026-04-24 22:36:59.831620,2026-04-24 22:36:59.831620,12.044784545898438
2026-04-24 22:37:00.028840,2026-04-24 22:37:00.028840,11.995879173278809
2026-04-24 22:37:00.230559,2026-04-24 22:37:00.230559,11.954309463500977
2026-04-24 22:37:00.428206,2026-04-24 22:37:00.428206,11.918975830078123
2026-04-24 22:37:00.628272,2026-04-24 22:37:00.628272,11.888941764831545
2026-04-24 22:37:00.829806,2026-04-24 22:37:00.829806,12.039194107055664
2026-04-24 22:37:01.029274,2026-04-24 22:37:01.029274,12.166909217834473
2026-04-24 22:37:01.229845,2026-04-24 22:37:01.229845,12.275465965270996
2026-04-24 22:37:01.428499,2026-04-24 22:37:01.428499,12.3677396774292
2026-04-24 22:37:01.628611,2026-04-24 22:37:01.628611,12.446172714233398
2026-04-24 22:37:01.829158,2026-04-24 22:37:01.829158,12.337059020996094
2026-04-24 22:37:02.028624,2026-04-24 22:37:02.028624,12.24431324005127
2026-04-24 22:37:02.228705,2026-04-24 22:37:02.228705,12.165478706359863
2026-04-24 22:37:02.430196,2026-04-24 22:37:02.430196,12.098469734191896
2026-04-24 22:37:02.630586,2026-04-24 22:37:02.630586,12.041511535644531
2026-04-24 22:37:02.829130,2026-04-24 22:37:02.829130,11.993097305297852
2026-04-24 22:37:03.029092,2026-04-24 22:37:03.029092,11.951945304870604
2026-04-24 22:37:03.229257,2026-04-24 22:37:03.229257,11.91696548461914
2026-04-24 22:37:03.428926,2026-04-24 22:37:03.428926,11.88723373413086
2026-04-24 22:37:03.629741,2026-04-24 22:37:03.629741,11.861961364746094
2026-04-24 22:37:03.829215,2026-04-24 22:37:03.829215,11.840478897094728
2026-04-24 22:37:04.028495,2026-04-24 22:37:04.028495,11.822219848632812
2026-04-24 22:37:04.230046,2026-04-24 22:37:04.230046,11.630918502807615
2026-04-24 22:37:04.429593,2026-04-24 22:37:04.429593,11.644092559814451
2026-04-24 22:37:04.630032,2026-04-24 22:37:04.630032,11.655291557312012
2026-04-24 22:37:04.829682,2026-04-24 22:37:04.829682,11.489028930664062
2026-04-24 22:37:05.028565,2026-04-24 22:37:05.028565,11.523487091064451
2026-04-24 22:37:05.228996,2026-04-24 22:37:05.228996,11.552776336669922
2026-04-24 22:37:05.429521,2026-04-24 22:37:05.429521,11.577672958374023
2026-04-24 22:37:05.628893,2026-04-24 22:37:05.628893,11.423052787780762
2026-04-24 22:37:05.828724,2026-04-24 22:37:05.828724,11.2916259765625
2026-04-24 22:37:06.029411,2026-04-24 22:37:06.029411,11.179913520812988
2026-04-24 22:37:06.228786,2026-04-24 22:37:06.228786,11.08495807647705
2026-04-24 22:37:06.428912,2026-04-24 22:37:06.428912,11.00424575805664
2026-04-24 22:37:06.628278,2026-04-24 22:37:06.628278,10.935639381408691
2026-04-24 22:37:06.829006,2026-04-24 22:37:06.829006,10.877325057983398
2026-04-24 22:37:07.028888,2026-04-24 22:37:07.028888,10.827757835388184
2026-04-24 22:37:07.228488,2026-04-24 22:37:07.228488,10.785625457763672
2026-04-24 22:37:07.429207,2026-04-24 22:37:07.429207,10.749813079833984
2026-04-24 22:37:07.628191,2026-04-24 22:37:07.628191,10.719371795654297
2026-04-24 22:37:07.828681,2026-04-24 22:37:07.828681,10.69349765777588
2026-04-24 22:37:08.028286,2026-04-24 22:37:08.028286,10.671504020690918
2026-04-24 22:37:08.228987,2026-04-24 22:37:08.228987,10.477028846740724
2026-04-24 22:37:08.428408,2026-04-24 22:37:08.428408,10.487505912780762
2026-04-24 22:37:08.628253,2026-04-24 22:37:08.628253,10.496411323547363
2026-04-24 22:37:08.829397,2026-04-24 22:37:08.829397,10.32819938659668
2026-04-24 22:37:09.028779,2026-04-24 22:37:09.028779,10.185219764709473
2026-04-24 22:37:09.228432,2026-04-24 22:37:09.228432,10.23946762084961
2026-04-24 22:37:09.429549,2026-04-24 22:37:09.429549,10.285578727722168
2026-04-24 22:37:09.628481,2026-04-24 22:37:09.628481,10.148991584777832
2026-04-24 22:37:09.828401,2026-04-24 22:37:09.828401,10.032893180847168
2026-04-24 22:37:10.028278,2026-04-24 22:37:10.028278,9.934208869934082
2026-04-24 22:37:10.228728,2026-04-24 22:37:10.228728,9.850327491760254
2026-04-24 22:37:10.429457,2026-04-24 22:37:10.429457,9.77902889251709
2026-04-24 22:37:10.628824,2026-04-24 22:37:10.628824,9.718424797058104
2026-04-24 22:37:10.828621,2026-04-24 22:37:10.828621,9.666911125183104
2026-04-24 22:37:11.029952,2026-04-24 22:37:11.029952,9.798905372619627
2026-04-24 22:37:11.228903,2026-04-24 22:37:11.228903,9.911100387573242
2026-04-24 22:37:11.428580,2026-04-24 22:37:11.428580,10.00646686553955
2026-04-24 22:37:11.628813,2026-04-24 22:37:11.628813,10.263309478759766
2026-04-24 22:37:11.828833,2026-04-24 22:37:11.828833,10.3058443069458
2026-04-24 22:37:12.028094,2026-04-24 22:37:12.028094,10.341999053955078
2026-04-24 22:37:12.229253,2026-04-24 22:37:12.229253,10.372730255126951
2026-04-24 22:37:12.428132,2026-04-24 22:37:12.428132,10.398852348327637
2026-04-24 22:37:12.628473,2026-04-24 22:37:12.628473,10.421055793762209
2026-04-24 22:37:12.829330,2026-04-24 22:37:12.829330,10.43992805480957
2026-04-24 22:37:25.929364,2026-04-24 22:37:25.929364,10.455970764160156
2026-04-24 22:37:26.128167,2026-04-24 22:37:26.128167,10.469606399536133
2026-04-24 22:37:26.328340,2026-04-24 22:37:26.328340,10.481196403503418
2026-04-24 22:37:26.528877,2026-04-24 22:37:26.528877,12.600422859191896
2026-04-24 22:37:26.728740,2026-04-24 22:37:26.728740,12.468172073364258
2026-04-24 22:37:26.928933,2026-04-24 22:37:26.928933,12.355758666992188
2026-04-24 22:37:27.128874,2026-04-24 22:37:27.128874,12.260207176208496
2026-04-24 22:37:27.328546,2026-04-24 22:37:27.328546,14.112582206726074
2026-04-24 22:37:27.528997,2026-04-24 22:37:27.528997,15.687101364135742
2026-04-24 22:37:27.728141,2026-04-24 22:37:27.728141,17.025442123413086
2026-04-24 22:37:27.928964,2026-04-24 22:37:27.928964,18.16303253173828
2026-04-24 22:37:28.128195,2026-04-24 22:37:28.128195,19.12998390197754
2026-04-24 22:37:28.331373,2026-04-24 22:37:28.331373,19.951892852783203
2026-04-24 22:37:28.527945,2026-04-24 22:37:28.527945,20.650514602661133
2026-04-24 22:37:28.728411,2026-04-24 22:37:28.728411,21.24434471130371
2026-04-24 22:37:28.928732,2026-04-24 22:37:28.928732,21.74909782409668
2026-04-24 22:37:29.129843,2026-04-24 22:37:29.129843,22.17814064025879
2026-04-24 22:37:29.328863,2026-04-24 22:37:29.328863,22.54282569885254
2026-04-24 22:37:29.530803,2026-04-24 22:37:29.530803,22.852807998657227
2026-04-24 22:37:29.729080,2026-04-24 22:37:29.729080,23.29207420349121
2026-04-24 22:37:29.928662,2026-04-24 22:37:29.928662,23.665451049804688
2026-04-24 22:37:30.129045,2026-04-24 22:37:30.129045,23.982820510864254
2026-04-24 22:37:30.329275,2026-04-24 22:37:30.329275,24.25258445739746
2026-04-24 22:37:30.529325,2026-04-24 22:37:30.529325,24.481884002685547
2026-04-24 22:37:30.728185,2026-04-24 22:37:30.728185,24.67679023742676
2026-04-24 22:37:30.929165,2026-04-24 22:37:30.929165,24.842458724975582
2026-04-24 22:37:31.130881,2026-04-24 22:37:31.130881,24.8074951171875
2026-04-24 22:37:31.329201,2026-04-24 22:37:31.329201,24.77777862548828
2026-04-24 22:37:31.529001,2026-04-24 22:37:31.529001,24.752517700195312
2026-04-24 22:37:31.728017,2026-04-24 22:37:31.728017,24.555265426635746
2026-04-24 22:37:31.928450,2026-04-24 22:37:31.928450,24.03603744506836
2026-04-24 22:37:32.129905,2026-04-24 22:37:32.129905,23.59469413757324
2026-04-24 22:37:32.328882,2026-04-24 22:37:32.328882,23.21955299377441
2026-04-24 22:37:32.528234,2026-04-24 22:37:32.528234,22.90068244934082
2026-04-24 22:37:32.728708,2026-04-24 22:37:32.728708,22.629642486572266
2026-04-24 22:37:32.928511,2026-04-24 22:37:32.928511,22.399259567260746
2026-04-24 22:37:33.128888,2026-04-24 22:37:33.128888,22.203432083129883
2026-04-24 22:37:33.328922,2026-04-24 22:37:33.328922,22.03697967529297
2026-04-24 22:37:33.530128,2026-04-24 22:37:33.530128,21.895496368408203
2026-04-24 22:37:33.729975,2026-04-24 22:37:33.729975,21.77523422241211
2026-04-24 22:37:33.929062,2026-04-24 22:37:33.929062,21.84879302978516
2026-04-24 22:37:34.129503,2026-04-24 22:37:34.129503,21.911317825317383
2026-04-24 22:37:34.328802,2026-04-24 22:37:34.328802,21.78868293762207
2026-04-24 22:37:34.530144,2026-04-24 22:37:34.530144,21.6844425201416
2026-04-24 22:37:34.730078,2026-04-24 22:37:34.730078,21.59583854675293
2026-04-24 22:37:34.930923,2026-04-24 22:37:34.930923,21.52052497863769
2026-04-24 22:37:35.129013,2026-04-24 22:37:35.129013,21.45650863647461
2026-04-24 22:37:35.331272,2026-04-24 22:37:35.331272,21.40209579467773
2026-04-24 22:37:35.529303,2026-04-24 22:37:35.529303,21.35584259033203
2026-04-24 22:37:35.729234,2026-04-24 22:37:35.729234,21.316530227661133
2026-04-24 22:37:35.930221,2026-04-24 22:37:35.930221,21.283111572265625
2026-04-24 22:37:36.129615,2026-04-24 22:37:36.129615,21.25470733642578
2026-04-24 22:37:36.330172,2026-04-24 22:37:36.330172,21.23056411743164
2026-04-24 22:37:36.528422,2026-04-24 22:37:36.528422,21.21004295349121
2026-04-24 22:37:36.732913,2026-04-24 22:37:36.732913,21.192598342895508
2026-04-24 22:37:36.930370,2026-04-24 22:37:36.930370,19.595739364624023
2026-04-24 22:37:37.129286,2026-04-24 22:37:37.129286,19.82044219970703
2026-04-24 22:37:37.329026,2026-04-24 22:37:37.329026,20.011438369750977
2026-04-24 22:37:37.533467,2026-04-24 22:37:37.533467,20.173784255981445
2026-04-24 22:37:37.732180,2026-04-24 22:37:37.732180,20.3117790222168
2026-04-24 22:37:37.929353,2026-04-24 22:37:37.929353,20.429075241088867
2026-04-24 22:37:38.130746,2026-04-24 22:37:38.130746,18.77096366882324
2026-04-24 22:37:38.328418,2026-04-24 22:37:38.328418,17.361568450927734
2026-04-24 22:37:38.530908,2026-04-24 22:37:38.530908,16.163583755493164
2026-04-24 22:37:38.728625,2026-04-24 22:37:38.728625,15.145296096801758
2026-04-24 22:37:38.931110,2026-04-24 22:37:38.931110,14.279751777648926
2026-04-24 22:37:39.129560,2026-04-24 22:37:39.129560,13.544038772583008
2026-04-24 22:37:39.329352,2026-04-24 22:37:39.329352,12.742901802062988
2026-04-24 22:37:39.531964,2026-04-24 22:37:39.531964,12.061935424804688
2026-04-24 22:37:39.730471,2026-04-24 22:37:39.730471,11.483114242553713
2026-04-24 22:37:39.930494,2026-04-24 22:37:39.930494,10.99111557006836
2026-04-24 22:37:40.132329,2026-04-24 22:37:40.132329,10.572916984558104
2026-04-24 22:37:40.329029,2026-04-24 22:37:40.329029,10.217448234558104
2026-04-24 22:37:40.531087,2026-04-24 22:37:40.531087,9.73951816558838
2026-04-24 22:37:40.730920,2026-04-24 22:37:40.730920,11.266871452331545
2026-04-24 22:37:40.929020,2026-04-24 22:37:40.929020,12.565122604370115
2026-04-24 22:37:41.131463,2026-04-24 22:37:41.131463,13.668635368347168
2026-04-24 22:37:41.328075,2026-04-24 22:37:41.328075,14.43083953857422
2026-04-24 22:37:41.528022,2026-04-24 22:37:41.528022,15.07871437072754
2026-04-24 22:37:41.728945,2026-04-24 22:37:41.728945,15.629406929016112
2026-04-24 22:37:41.930659,2026-04-24 22:37:41.930659,16.097496032714844
2026-04-24 22:37:42.129878,2026-04-24 22:37:42.129878,16.495370864868164
2026-04-24 22:37:42.328501,2026-04-24 22:37:42.328501,16.833566665649414
2026-04-24 22:37:42.528078,2026-04-24 22:37:42.528078,17.121030807495117
2026-04-24 22:37:42.728261,2026-04-24 22:37:42.728261,17.365375518798828
2026-04-24 22:37:42.928514,2026-04-24 22:37:42.928514,17.573070526123047
2026-04-24 22:37:43.129792,2026-04-24 22:37:43.129792,17.573827743530273
2026-04-24 22:37:43.329120,2026-04-24 22:37:43.329120,17.574472427368164
2026-04-24 22:37:43.530214,2026-04-24 22:37:43.530214,17.75080108642578
2026-04-24 22:37:43.728176,2026-04-24 22:37:43.728176,17.724899291992188
2026-04-24 22:37:43.930979,2026-04-24 22:37:43.930979,17.702884674072266
2026-04-24 22:37:44.128279,2026-04-24 22:37:44.128279,17.68416976928711
2026-04-24 22:37:44.328120,2026-04-24 22:37:44.328120,17.668262481689453
2026-04-24 22:37:44.529325,2026-04-24 22:37:44.529325,17.654743194580078
2026-04-24 22:37:44.728675,2026-04-24 22:37:44.728675,17.81903076171875
2026-04-24 22:37:44.928867,2026-04-24 22:37:44.928867,18.13445854187012
2026-04-24 22:37:45.128742,2026-04-24 22:37:45.128742,18.226789474487305
2026-04-24 22:37:45.328931,2026-04-24 22:37:45.328931,18.48105239868164
2026-04-24 22:37:45.528965,2026-04-24 22:37:45.528965,18.872957229614254
2026-04-24 22:37:45.728451,2026-04-24 22:37:45.728451,19.20607566833496
2026-04-24 22:37:45.928239,2026-04-24 22:37:45.928239,19.313446044921875
2026-04-24 22:37:46.128786,2026-04-24 22:37:46.128786,19.40471076965332
2026-04-24 22:37:46.329226,2026-04-24 22:37:46.329226,19.48228454589844
2026-04-24 22:37:46.529430,2026-04-24 22:37:46.529430,19.5482234954834
2026-04-24 22:37:46.729326,2026-04-24 22:37:46.729326,19.604270935058597
2026-04-24 22:37:46.929384,2026-04-24 22:37:46.929384,19.65191078186035
2026-04-24 22:37:47.139445,2026-04-24 22:37:47.139445,19.692405700683597
2026-04-24 22:37:47.331455,2026-04-24 22:37:47.331455,19.726825714111328
2026-04-24 22:37:47.528425,2026-04-24 22:37:47.528425,19.756084442138672
2026-04-24 22:37:47.729725,2026-04-24 22:37:47.729725,19.60517120361328
2026-04-24 22:37:47.928498,2026-04-24 22:37:47.928498,19.476896286010746
2026-04-24 22:37:48.128781,2026-04-24 22:37:48.128781,19.543642044067383
2026-04-24 22:37:48.331760,2026-04-24 22:37:48.331760,19.424596786499023
2026-04-24 22:37:48.528165,2026-04-24 22:37:48.528165,19.323406219482425
2026-04-24 22:37:48.729691,2026-04-24 22:37:48.729691,19.23739624023437
2026-04-24 22:37:48.928172,2026-04-24 22:37:48.928172,19.16428565979004
2026-04-24 22:37:49.129028,2026-04-24 22:37:49.129028,19.102144241333008
2026-04-24 22:37:49.328387,2026-04-24 22:37:49.328387,19.0493221282959
2026-04-24 22:37:49.528825,2026-04-24 22:37:49.528825,19.00442314147949
2026-04-24 22:37:49.728352,2026-04-24 22:37:49.728352,18.79047966003418
2026-04-24 22:37:49.931268,2026-04-24 22:37:49.931268,18.257062911987305
2026-04-24 22:37:50.128092,2026-04-24 22:37:50.128092,17.627878189086914
2026-04-24 22:37:50.328522,2026-04-24 22:37:50.328522,17.09307098388672
2026-04-24 22:37:50.528622,2026-04-24 22:37:50.528622,16.638486862182617
2026-04-24 22:37:50.728761,2026-04-24 22:37:50.728761,16.25208854675293
2026-04-24 22:37:50.928277,2026-04-24 22:37:50.928277,15.923649787902832
2026-04-24 22:37:51.128628,2026-04-24 22:37:51.128628,15.46869659423828
2026-04-24 22:38:04.228066,2026-04-24 22:38:04.228066,15.081985473632812
2026-04-24 22:38:04.428205,2026-04-24 22:38:04.428205,14.753281593322754
2026-04-24 22:38:04.629374,2026-04-24 22:38:04.629374,14.298101425170898
2026-04-24 22:38:04.829264,2026-04-24 22:38:04.829264,14.086979866027832
2026-04-24 22:38:05.028753,2026-04-24 22:38:05.028753,13.907526969909668
2026-04-24 22:38:05.228350,2026-04-24 22:38:05.228350,13.75499153137207
2026-04-24 22:38:05.428194,2026-04-24 22:38:05.428194,13.625336647033691
2026-04-24 22:38:05.628545,2026-04-24 22:38:05.628545,13.515130043029783
2026-04-24 22:38:05.829504,2026-04-24 22:38:05.829504,15.179266929626465
2026-04-24 22:38:06.029927,2026-04-24 22:38:06.029927,16.593782424926758
2026-04-24 22:38:06.228785,2026-04-24 22:38:06.228785,17.79612159729004
2026-04-24 22:38:06.428610,2026-04-24 22:38:06.428610,18.8181095123291
2026-04-24 22:38:06.628768,2026-04-24 22:38:06.628768,19.68680000305176
2026-04-24 22:38:06.828555,2026-04-24 22:38:06.828555,18.66737365722656
2026-04-24 22:38:07.029991,2026-04-24 22:38:07.029991,19.558673858642575
2026-04-24 22:38:07.228282,2026-04-24 22:38:07.228282,20.3162784576416
2026-04-24 22:38:07.428844,2026-04-24 22:38:07.428844,20.960243225097656
2026-04-24 22:38:07.628568,2026-04-24 22:38:07.628568,21.507612228393555
2026-04-24 22:38:07.829890,2026-04-24 22:38:07.829890,21.972877502441406
2026-04-24 22:38:08.029223,2026-04-24 22:38:08.029223,22.36835289001465
2026-04-24 22:38:08.229013,2026-04-24 22:38:08.229013,20.77091217041016
2026-04-24 22:38:08.428434,2026-04-24 22:38:08.428434,19.588869094848636
2026-04-24 22:38:08.628554,2026-04-24 22:38:08.628554,18.408349990844727
2026-04-24 22:38:08.828355,2026-04-24 22:38:08.828355,17.404911041259766
2026-04-24 22:38:09.028097,2026-04-24 22:38:09.028097,16.551986694335938
2026-04-24 22:38:09.228760,2026-04-24 22:38:09.228760,15.827001571655272
2026-04-24 22:38:09.428385,2026-04-24 22:38:09.428385,15.210763931274414
2026-04-24 22:38:09.628078,2026-04-24 22:38:09.628078,14.68696117401123
2026-04-24 22:38:09.830717,2026-04-24 22:38:09.830717,14.241729736328123
2026-04-24 22:38:10.029360,2026-04-24 22:38:10.029360,13.863283157348633
2026-04-24 22:38:10.228463,2026-04-24 22:38:10.228463,13.541603088378906
2026-04-24 22:38:10.429202,2026-04-24 22:38:10.429202,13.26817512512207
2026-04-24 22:38:10.629318,2026-04-24 22:38:10.629318,13.035760879516602
2026-04-24 22:38:10.829157,2026-04-24 22:38:10.829157,12.83820915222168
2026-04-24 22:38:11.028541,2026-04-24 22:38:11.028541,12.67029094696045
2026-04-24 22:38:11.228966,2026-04-24 22:38:11.228966,12.527559280395508
2026-04-24 22:38:11.428570,2026-04-24 22:38:11.428570,12.406237602233888
2026-04-24 22:38:11.628453,2026-04-24 22:38:11.628453,12.303114891052246
2026-04-24 22:38:11.828846,2026-04-24 22:38:11.828846,12.215459823608398
2026-04-24 22:38:12.031924,2026-04-24 22:38:12.031924,12.14095401763916
2026-04-24 22:38:12.228583,2026-04-24 22:38:12.228583,12.07762336730957
2026-04-24 22:38:12.429090,2026-04-24 22:38:12.429090,12.023792266845703
2026-04-24 22:38:12.628491,2026-04-24 22:38:12.628491,11.978035926818848
2026-04-24 22:38:12.828554,2026-04-24 22:38:12.828554,11.939143180847168
2026-04-24 22:38:13.029611,2026-04-24 22:38:13.029611,11.730302810668944
2026-04-24 22:38:13.231423,2026-04-24 22:38:13.231423,11.552788734436035
2026-04-24 22:38:13.429445,2026-04-24 22:38:13.429445,11.577682495117188
2026-04-24 22:38:13.628838,2026-04-24 22:38:13.628838,11.59884262084961
2026-04-24 22:38:13.828019,2026-04-24 22:38:13.828019,11.616828918457031
2026-04-24 22:38:14.029038,2026-04-24 22:38:14.029038,11.63211727142334
2026-04-24 22:38:14.229742,2026-04-24 22:38:14.229742,11.820893287658691
2026-04-24 22:38:14.428132,2026-04-24 22:38:14.428132,12.157134056091309
2026-04-24 22:38:14.628579,2026-04-24 22:38:14.628579,12.442938804626465
2026-04-24 22:38:14.829296,2026-04-24 22:38:14.829296,12.861654281616213
2026-04-24 22:38:15.029324,2026-04-24 22:38:15.029324,13.393343925476074
2026-04-24 22:38:15.231643,2026-04-24 22:38:15.231643,13.845279693603516
2026-04-24 22:38:15.430052,2026-04-24 22:38:15.430052,14.229425430297852
2026-04-24 22:38:15.629473,2026-04-24 22:38:15.629473,14.731730461120604
2026-04-24 22:38:15.829390,2026-04-24 22:38:15.829390,15.158689498901367
2026-04-24 22:38:16.030301,2026-04-24 22:38:16.030301,15.521604537963867
2026-04-24 22:38:16.229036,2026-04-24 22:38:16.229036,15.830082893371582
2026-04-24 22:38:16.430996,2026-04-24 22:38:16.430996,16.092288970947266
2026-04-24 22:38:16.629825,2026-04-24 22:38:16.629825,16.31516456604004
2026-04-24 22:38:16.830111,2026-04-24 22:38:16.830111,16.504608154296875
2026-04-24 22:38:17.030721,2026-04-24 22:38:17.030721,16.66563606262207
2026-04-24 22:38:17.232934,2026-04-24 22:38:17.232934,16.802509307861328
2026-04-24 22:38:17.429617,2026-04-24 22:38:17.429617,16.918851852416992
2026-04-24 22:38:17.630572,2026-04-24 22:38:17.630572,17.017742156982422
2026-04-24 22:38:17.831108,2026-04-24 22:38:17.831108,17.1018009185791
2026-04-24 22:38:18.029909,2026-04-24 22:38:18.029909,17.173248291015625
2026-04-24 22:38:18.231900,2026-04-24 22:38:18.231900,17.233980178833008
2026-04-24 22:38:18.430737,2026-04-24 22:38:18.430737,17.285602569580078
2026-04-24 22:38:18.630809,2026-04-24 22:38:18.630809,17.32948112487793
2026-04-24 22:38:18.830402,2026-04-24 22:38:18.830402,17.366777420043945
2026-04-24 22:38:19.029388,2026-04-24 22:38:19.029388,17.398479461669922
2026-04-24 22:38:19.230054,2026-04-24 22:38:19.230054,17.425426483154297
2026-04-24 22:38:19.430650,2026-04-24 22:38:19.430650,17.448331832885742
2026-04-24 22:38:19.629095,2026-04-24 22:38:19.629095,17.46780014038086
2026-04-24 22:38:19.831576,2026-04-24 22:38:19.831576,17.48434829711914
2026-04-24 22:38:20.032705,2026-04-24 22:38:20.032705,17.498414993286133
2026-04-24 22:38:20.229685,2026-04-24 22:38:20.229685,17.510372161865234
2026-04-24 22:38:20.428822,2026-04-24 22:38:20.428822,17.52053451538086
2026-04-24 22:38:20.629712,2026-04-24 22:38:20.629712,17.529172897338867
2026-04-24 22:38:20.828153,2026-04-24 22:38:20.828153,17.536516189575195
2026-04-24 22:38:21.028497,2026-04-24 22:38:21.028497,17.542757034301758
2026-04-24 22:38:21.229433,2026-04-24 22:38:21.229433,17.548063278198242
2026-04-24 22:38:21.429401,2026-04-24 22:38:21.429401,17.55257225036621
2026-04-24 22:38:21.632035,2026-04-24 22:38:21.632035,17.55640411376953
2026-04-24 22:38:21.829037,2026-04-24 22:38:21.829037,17.559663772583008
2026-04-24 22:38:22.029345,2026-04-24 22:38:22.029345,17.38665008544922
2026-04-24 22:38:22.228584,2026-04-24 22:38:22.228584,17.239591598510742
2026-04-24 22:38:22.428799,2026-04-24 22:38:22.428799,17.11458969116211
2026-04-24 22:38:22.628562,2026-04-24 22:38:22.628562,17.008338928222656
2026-04-24 22:38:22.829556,2026-04-24 22:38:22.829556,16.742244720458984
2026-04-24 22:38:23.032960,2026-04-24 22:38:23.032960,16.516063690185547
2026-04-24 22:38:23.228438,2026-04-24 22:38:23.228438,16.323810577392578
2026-04-24 22:38:23.428629,2026-04-24 22:38:23.428629,16.1603946685791
2026-04-24 22:38:23.628142,2026-04-24 22:38:23.628142,16.02149200439453
2026-04-24 22:38:23.828331,2026-04-24 22:38:23.828331,15.903424263000488
2026-04-24 22:38:24.028781,2026-04-24 22:38:24.028781,15.803067207336426
2026-04-24 22:38:24.228595,2026-04-24 22:38:24.228595,15.71776294708252
2026-04-24 22:38:24.435151,2026-04-24 22:38:24.435151,15.645255088806152
2026-04-24 22:38:24.628066,2026-04-24 22:38:24.628066,15.583622932434082
2026-04-24 22:38:24.829524,2026-04-24 22:38:24.829524,15.531235694885254
2026-04-24 22:38:25.031051,2026-04-24 22:38:25.031051,15.662487983703612
2026-04-24 22:38:25.228699,2026-04-24 22:38:25.228699,15.774052619934082
2026-04-24 22:38:25.429204,2026-04-24 22:38:25.429204,15.868882179260254
2026-04-24 22:38:25.628905,2026-04-24 22:38:25.628905,15.94948673248291
2026-04-24 22:38:25.828556,2026-04-24 22:38:25.828556,16.018001556396484
2026-04-24 22:38:26.029624,2026-04-24 22:38:26.029624,15.900457382202148
2026-04-24 22:38:26.228847,2026-04-24 22:38:26.228847,15.800544738769531
2026-04-24 22:38:26.428582,2026-04-24 22:38:26.428582,15.715620040893556
2026-04-24 22:38:26.629618,2026-04-24 22:38:26.629618,15.8192138671875
2026-04-24 22:38:26.830439,2026-04-24 22:38:26.830439,15.907269477844238
2026-04-24 22:38:27.028762,2026-04-24 22:38:27.028762,15.98211669921875
2026-04-24 22:38:27.228971,2026-04-24 22:38:27.228971,16.04573631286621
2026-04-24 22:38:27.429415,2026-04-24 22:38:27.429415,16.09981346130371
2026-04-24 22:38:27.629560,2026-04-24 22:38:27.629560,16.14577865600586
2026-04-24 22:38:27.828475,2026-04-24 22:38:27.828475,16.36063003540039
2026-04-24 22:38:28.028937,2026-04-24 22:38:28.028937,16.543254852294922
2026-04-24 22:38:28.228585,2026-04-24 22:38:28.228585,16.698486328125
2026-04-24 22:38:28.428477,2026-04-24 22:38:28.428477,16.83043098449707
2026-04-24 22:38:28.628808,2026-04-24 22:38:28.628808,16.942584991455078
2026-04-24 22:38:28.828964,2026-04-24 22:38:28.828964,17.03791618347168
2026-04-24 22:38:29.029114,2026-04-24 22:38:29.029114,17.118947982788086
2026-04-24 22:38:29.229474,2026-04-24 22:38:29.229474,17.363605499267578
2026-04-24 22:38:29.429589,2026-04-24 22:38:29.429589,17.571565628051758
2026-04-24 22:38:42.528327,2026-04-24 22:38:42.528327,17.748329162597656
2026-04-24 22:38:42.728517,2026-04-24 22:38:42.728517,17.89858055114746
2026-04-24 22:38:42.930371,2026-04-24 22:38:42.930371,18.02629280090332
2026-04-24 22:38:43.128226,2026-04-24 22:38:43.128226,18.134849548339844
2026-04-24 22:38:43.328667,2026-04-24 22:38:43.328667,18.22712135314941
2026-04-24 22:38:43.529547,2026-04-24 22:38:43.529547,18.305553436279297
2026-04-24 22:38:43.729520,2026-04-24 22:38:43.729520,18.548002243041992
2026-04-24 22:38:43.929732,2026-04-24 22:38:43.929732,18.75408363342285
2026-04-24 22:38:44.128471,2026-04-24 22:38:44.128471,18.92925262451172
2026-04-24 22:38:44.328759,2026-04-24 22:38:44.328759,19.25392723083496
2026-04-24 22:38:44.528739,2026-04-24 22:38:44.528739,19.52989959716797
2026-04-24 22:38:44.728829,2026-04-24 22:38:44.728829,19.764476776123047
2026-04-24 22:38:44.928127,2026-04-24 22:38:44.928127,19.963869094848636
2026-04-24 22:38:45.128779,2026-04-24 22:38:45.128779,20.133350372314453
2026-04-24 22:38:45.328722,2026-04-24 22:38:45.328722,20.27741050720215
2026-04-24 22:38:45.529050,2026-04-24 22:38:45.529050,20.39986228942871
2026-04-24 22:38:45.729045,2026-04-24 22:38:45.729045,20.503944396972656
2026-04-24 22:38:45.929291,2026-04-24 22:38:45.929291,20.59241485595703
2026-04-24 22:38:46.128102,2026-04-24 22:38:46.128102,20.66761589050293
2026-04-24 22:38:46.328675,2026-04-24 22:38:46.328675,20.731534957885746
2026-04-24 22:38:46.528714,2026-04-24 22:38:46.528714,20.78586769104004
2026-04-24 22:38:46.728694,2026-04-24 22:38:46.728694,20.656269073486328
2026-04-24 22:38:46.928197,2026-04-24 22:38:46.928197,20.54611015319824
2026-04-24 22:38:47.128951,2026-04-24 22:38:47.128951,20.45247459411621
2026-04-24 22:38:47.329139,2026-04-24 22:38:47.329139,20.37288475036621
2026-04-24 22:38:47.528647,2026-04-24 22:38:47.528647,20.305233001708984
2026-04-24 22:38:47.728057,2026-04-24 22:38:47.728057,20.247730255126957
2026-04-24 22:38:47.928869,2026-04-24 22:38:47.928869,20.198850631713867
2026-04-24 22:38:48.128715,2026-04-24 22:38:48.128715,20.157304763793945
2026-04-24 22:38:48.328243,2026-04-24 22:38:48.328243,20.121990203857425
2026-04-24 22:38:48.528469,2026-04-24 22:38:48.528469,20.09197235107422
2026-04-24 22:38:48.730189,2026-04-24 22:38:48.730189,20.06645774841309
2026-04-24 22:38:48.928541,2026-04-24 22:38:48.928541,20.044771194458008
2026-04-24 22:38:49.128638,2026-04-24 22:38:49.128638,20.026336669921875
2026-04-24 22:38:49.328262,2026-04-24 22:38:49.328262,20.01066780090332
2026-04-24 22:38:49.529322,2026-04-24 22:38:49.529322,19.99734878540039
2026-04-24 22:38:49.728504,2026-04-24 22:38:49.728504,19.986026763916016
2026-04-24 22:38:49.928462,2026-04-24 22:38:49.928462,19.80062294006348
2026-04-24 22:38:50.129002,2026-04-24 22:38:50.129002,19.643030166625977
2026-04-24 22:38:50.328278,2026-04-24 22:38:50.328278,19.50907516479492
2026-04-24 22:38:50.530272,2026-04-24 22:38:50.530272,19.395214080810547
2026-04-24 22:38:50.728304,2026-04-24 22:38:50.728304,19.29843139648437
2026-04-24 22:38:50.930019,2026-04-24 22:38:50.930019,19.21616744995117
2026-04-24 22:38:51.129437,2026-04-24 22:38:51.129437,19.146242141723636
2026-04-24 22:38:51.328587,2026-04-24 22:38:51.328587,19.08680534362793
2026-04-24 22:38:51.528636,2026-04-24 22:38:51.528636,19.036285400390625
2026-04-24 22:38:51.728520,2026-04-24 22:38:51.728520,18.99334144592285
2026-04-24 22:38:51.928039,2026-04-24 22:38:51.928039,18.95684051513672
2026-04-24 22:38:52.128803,2026-04-24 22:38:52.128803,18.92581558227539
2026-04-24 22:38:52.328613,2026-04-24 22:38:52.328613,18.89944267272949
2026-04-24 22:38:52.528169,2026-04-24 22:38:52.528169,18.877025604248047
2026-04-24 22:38:52.728694,2026-04-24 22:38:52.728694,18.857973098754883
2026-04-24 22:38:52.928997,2026-04-24 22:38:52.928997,18.84177589416504
2026-04-24 22:38:53.128870,2026-04-24 22:38:53.128870,18.82801055908203
2026-04-24 22:38:53.328529,2026-04-24 22:38:53.328529,18.816308975219727
2026-04-24 22:38:53.528112,2026-04-24 22:38:53.528112,18.80636215209961
2026-04-24 22:38:53.729732,2026-04-24 22:38:53.729732,18.797908782958984
2026-04-24 22:38:53.929635,2026-04-24 22:38:53.929635,18.966503143310547
2026-04-24 22:38:54.130467,2026-04-24 22:38:54.130467,19.10980796813965
2026-04-24 22:38:54.329008,2026-04-24 22:38:54.329008,19.231618881225582
2026-04-24 22:38:54.529019,2026-04-24 22:38:54.529019,19.33515739440918
2026-04-24 22:38:54.729111,2026-04-24 22:38:54.729111,19.42316436767578
2026-04-24 22:38:54.928729,2026-04-24 22:38:54.928729,19.497970581054688
2026-04-24 22:38:55.128970,2026-04-24 22:38:55.128970,19.56155776977539
2026-04-24 22:38:55.328803,2026-04-24 22:38:55.328803,19.61560440063477
2026-04-24 22:38:55.528649,2026-04-24 22:38:55.528649,19.485763549804688
2026-04-24 22:38:55.728656,2026-04-24 22:38:55.728656,19.375398635864254
2026-04-24 22:38:55.931005,2026-04-24 22:38:55.931005,19.10580825805664
2026-04-24 22:38:56.129345,2026-04-24 22:38:56.129345,19.05243682861328
2026-04-24 22:38:56.333462,2026-04-24 22:38:56.333462,18.83128929138184
2026-04-24 22:38:56.528386,2026-04-24 22:38:56.528386,18.6433162689209
2026-04-24 22:38:56.730069,2026-04-24 22:38:56.730069,18.483537673950195
2026-04-24 22:38:56.930340,2026-04-24 22:38:56.930340,18.34772491455078
2026-04-24 22:38:57.134618,2026-04-24 22:38:57.134618,18.23228454589844
2026-04-24 22:38:57.330129,2026-04-24 22:38:57.330129,18.1341609954834
2026-04-24 22:38:57.532005,2026-04-24 22:38:57.532005,18.050756454467773
2026-04-24 22:38:57.730546,2026-04-24 22:38:57.730546,17.804079055786133
2026-04-24 22:38:57.929836,2026-04-24 22:38:57.929836,17.418624877929688
2026-04-24 22:38:58.130667,2026-04-24 22:38:58.130667,16.915205001831055
2026-04-24 22:38:58.332103,2026-04-24 22:38:58.332103,16.3115177154541
2026-04-24 22:38:58.530728,2026-04-24 22:38:58.530728,15.798384666442873
2026-04-24 22:38:58.730096,2026-04-24 22:38:58.730096,15.538002014160156
2026-04-24 22:38:58.930326,2026-04-24 22:38:58.930326,15.492457389831545
2026-04-24 22:38:59.129884,2026-04-24 22:38:59.129884,15.277963638305664
2026-04-24 22:38:59.330191,2026-04-24 22:38:59.330191,15.095643997192385
2026-04-24 22:38:59.532933,2026-04-24 22:38:59.532933,14.940672874450684
2026-04-24 22:38:59.731964,2026-04-24 22:38:59.731964,14.80894660949707
2026-04-24 22:38:59.929043,2026-04-24 22:38:59.929043,16.982135772705078
2026-04-24 22:39:00.131092,2026-04-24 22:39:00.131092,16.719972610473633
2026-04-24 22:39:00.329762,2026-04-24 22:39:00.329762,16.497133255004883
2026-04-24 22:39:00.532343,2026-04-24 22:39:00.532343,18.41709327697754
2026-04-24 22:39:00.729090,2026-04-24 22:39:00.729090,20.049060821533203
2026-04-24 22:39:00.930610,2026-04-24 22:39:00.930610,21.43623352050781
2026-04-24 22:39:01.128757,2026-04-24 22:39:01.128757,22.61532974243164
2026-04-24 22:39:01.328372,2026-04-24 22:39:01.328372,23.61756134033203
2026-04-24 22:39:01.528594,2026-04-24 22:39:01.528594,24.469457626342773
2026-04-24 22:39:01.728423,2026-04-24 22:39:01.728423,25.19357109069824
2026-04-24 22:39:01.928823,2026-04-24 22:39:01.928823,25.809066772460938
2026-04-24 22:39:02.128464,2026-04-24 22:39:02.128464,26.332237243652344
2026-04-24 22:39:02.329580,2026-04-24 22:39:02.329580,26.776933670043945
2026-04-24 22:39:02.529186,2026-04-24 22:39:02.529186,27.154924392700195
2026-04-24 22:39:02.740265,2026-04-24 22:39:02.740265,27.47621726989746
2026-04-24 22:39:02.928871,2026-04-24 22:39:02.928871,27.74931526184082
2026-04-24 22:39:03.128247,2026-04-24 22:39:03.128247,27.981449127197266
2026-04-24 22:39:03.329040,2026-04-24 22:39:03.329040,28.17876434326172
2026-04-24 22:39:03.529927,2026-04-24 22:39:03.529927,28.346479415893555
2026-04-24 22:39:03.729338,2026-04-24 22:39:03.729338,28.48904037475586
2026-04-24 22:39:03.928686,2026-04-24 22:39:03.928686,28.61021423339844
2026-04-24 22:39:04.128888,2026-04-24 22:39:04.128888,28.713212966918945
2026-04-24 22:39:04.328341,2026-04-24 22:39:04.328341,28.800762176513672
2026-04-24 22:39:04.539312,2026-04-24 22:39:04.539312,28.875179290771484
2026-04-24 22:39:04.728564,2026-04-24 22:39:04.728564,28.93843460083008
2026-04-24 22:39:04.928932,2026-04-24 22:39:04.928932,28.99220085144043
2026-04-24 22:39:05.127889,2026-04-24 22:39:05.127889,29.037900924682617
2026-04-24 22:39:05.339583,2026-04-24 22:39:05.339583,29.07674789428711
2026-04-24 22:39:05.528785,2026-04-24 22:39:05.528785,29.109766006469727
2026-04-24 22:39:05.728795,2026-04-24 22:39:05.728795,29.13783264160156
2026-04-24 22:39:05.930199,2026-04-24 22:39:05.930199,29.16168975830078
2026-04-24 22:39:06.128441,2026-04-24 22:39:06.128441,29.18196678161621
2026-04-24 22:39:06.328746,2026-04-24 22:39:06.328746,29.199203491210938
2026-04-24 22:39:06.528685,2026-04-24 22:39:06.528685,29.21385383605957
2026-04-24 22:39:06.728464,2026-04-24 22:39:06.728464,29.226306915283203
2026-04-24 22:39:06.928650,2026-04-24 22:39:06.928650,29.236892700195312
2026-04-24 22:39:07.130721,2026-04-24 22:39:07.130721,29.24588966369629
2026-04-24 22:39:07.327995,2026-04-24 22:39:07.327995,29.253538131713867
2026-04-24 22:39:07.528880,2026-04-24 22:39:07.528880,29.26003837585449
2026-04-24 22:39:07.728626,2026-04-24 22:39:07.728626,29.08978271484375
2026-04-24 22:39:20.830664,2026-04-24 22:39:20.830664,28.94506454467773
2026-04-24 22:39:21.029063,2026-04-24 22:39:21.029063,28.82205581665039
2026-04-24 22:39:21.230263,2026-04-24 22:39:21.230263,28.71749687194824
2026-04-24 22:39:21.430920,2026-04-24 22:39:21.430920,28.62862205505371
2026-04-24 22:39:21.630971,2026-04-24 22:39:21.630971,28.55307960510254
2026-04-24 22:39:21.828815,2026-04-24 22:39:21.828815,28.488866806030277
2026-04-24 22:39:22.028161,2026-04-24 22:39:22.028161,28.434288024902344
2026-04-24 22:39:22.228060,2026-04-24 22:39:22.228060,28.38789367675781
2026-04-24 22:39:22.428082,2026-04-24 22:39:22.428082,28.34845924377441
2026-04-24 22:39:22.628268,2026-04-24 22:39:22.628268,28.31494140625
2026-04-24 22:39:22.829545,2026-04-24 22:39:22.829545,28.286449432373047
2026-04-24 22:39:23.030209,2026-04-24 22:39:23.030209,28.262231826782227
2026-04-24 22:39:23.229808,2026-04-24 22:39:23.229808,28.241647720336918
2026-04-24 22:39:23.429331,2026-04-24 22:39:23.429331,28.22414970397949
2026-04-24 22:39:23.628089,2026-04-24 22:39:23.628089,28.209278106689453
2026-04-24 22:39:23.828708,2026-04-24 22:39:23.828708,28.19663619995117
2026-04-24 22:39:24.027972,2026-04-24 22:39:24.027972,28.185890197753903
2026-04-24 22:39:24.228824,2026-04-24 22:39:24.228824,28.1767578125
2026-04-24 22:39:24.428335,2026-04-24 22:39:24.428335,28.16899299621582
2026-04-24 22:39:24.628325,2026-04-24 22:39:24.628325,28.16239356994629
2026-04-24 22:39:24.828150,2026-04-24 22:39:24.828150,28.15678596496582
2026-04-24 22:39:25.028630,2026-04-24 22:39:25.028630,28.15201759338379
2026-04-24 22:39:25.241966,2026-04-24 22:39:25.241966,28.147964477539062
2026-04-24 22:39:25.429348,2026-04-24 22:39:25.429348,28.144519805908203
2026-04-24 22:39:25.628491,2026-04-24 22:39:25.628491,28.14159202575684
2026-04-24 22:39:25.828484,2026-04-24 22:39:25.828484,28.139102935791016
2026-04-24 22:39:26.028129,2026-04-24 22:39:26.028129,28.136987686157227
2026-04-24 22:39:26.228548,2026-04-24 22:39:26.228548,28.135189056396484
2026-04-24 22:39:26.428247,2026-04-24 22:39:26.428247,28.1336612701416
2026-04-24 22:39:26.628221,2026-04-24 22:39:26.628221,28.132362365722656
2026-04-24 22:39:26.828068,2026-04-24 22:39:26.828068,28.131258010864254
2026-04-24 22:39:27.028137,2026-04-24 22:39:27.028137,28.130319595336918
2026-04-24 22:39:27.230960,2026-04-24 22:39:27.230960,28.12952041625977
2026-04-24 22:39:27.430257,2026-04-24 22:39:27.430257,28.12884330749512
2026-04-24 22:39:27.628502,2026-04-24 22:39:27.628502,28.128267288208008
2026-04-24 22:39:27.829491,2026-04-24 22:39:27.829491,28.12777709960937
2026-04-24 22:39:28.028935,2026-04-24 22:39:28.028935,28.12735939025879
2026-04-24 22:39:28.228678,2026-04-24 22:39:28.228678,28.12700653076172
2026-04-24 22:39:28.428925,2026-04-24 22:39:28.428925,28.12670516967773
2026-04-24 22:39:28.629199,2026-04-24 22:39:28.629199,27.950668334960938
2026-04-24 22:39:28.828540,2026-04-24 22:39:28.828540,27.9768180847168
2026-04-24 22:39:29.028641,2026-04-24 22:39:29.028641,27.99904441833496
2026-04-24 22:39:29.228685,2026-04-24 22:39:29.228685,28.0179386138916
2026-04-24 22:39:29.428496,2026-04-24 22:39:29.428496,28.033998489379883
2026-04-24 22:39:29.630387,2026-04-24 22:39:29.630387,28.04764747619629
2026-04-24 22:39:29.827872,2026-04-24 22:39:29.827872,28.059249877929688
2026-04-24 22:39:30.028545,2026-04-24 22:39:30.028545,27.89333152770996
2026-04-24 22:39:30.228584,2026-04-24 22:39:30.228584,27.75230026245117
2026-04-24 22:39:30.427916,2026-04-24 22:39:30.427916,27.45664405822754
2026-04-24 22:39:30.628420,2026-04-24 22:39:30.628420,27.2053337097168
2026-04-24 22:39:30.829690,2026-04-24 22:39:30.829690,26.991722106933597
2026-04-24 22:39:31.028958,2026-04-24 22:39:31.028958,26.81015014648437
2026-04-24 22:39:31.229001,2026-04-24 22:39:31.229001,26.65581512451172
2026-04-24 22:39:31.429106,2026-04-24 22:39:31.429106,26.52463150024414
2026-04-24 22:39:31.634925,2026-04-24 22:39:31.634925,26.413124084472656
2026-04-24 22:39:31.828022,2026-04-24 22:39:31.828022,26.318342208862305
2026-04-24 22:39:32.028605,2026-04-24 22:39:32.028605,26.06199836730957
2026-04-24 22:39:32.231170,2026-04-24 22:39:32.231170,26.019886016845703
2026-04-24 22:39:32.430532,2026-04-24 22:39:32.430532,25.98409080505371
2026-04-24 22:39:32.628690,2026-04-24 22:39:32.628690,25.95366477966309
2026-04-24 22:39:32.828889,2026-04-24 22:39:32.828889,25.75201988220215
2026-04-24 22:39:33.029839,2026-04-24 22:39:33.029839,25.580623626708984
2026-04-24 22:39:33.229336,2026-04-24 22:39:33.229336,25.4349365234375
2026-04-24 22:39:33.431964,2026-04-24 22:39:33.431964,25.31110191345215
2026-04-24 22:39:33.628315,2026-04-24 22:39:33.628315,25.20584297180176
2026-04-24 22:39:33.829085,2026-04-24 22:39:33.829085,25.11637306213379
2026-04-24 22:39:34.028346,2026-04-24 22:39:34.028346,24.86454200744629
2026-04-24 22:39:34.231274,2026-04-24 22:39:34.231274,24.65048599243164
2026-04-24 22:39:34.428671,2026-04-24 22:39:34.428671,24.64431953430176
2026-04-24 22:39:34.629198,2026-04-24 22:39:34.629198,24.46329689025879
2026-04-24 22:39:34.828051,2026-04-24 22:39:34.828051,24.30942726135254
2026-04-24 22:39:35.028962,2026-04-24 22:39:35.028962,24.178638458251957
2026-04-24 22:39:35.231092,2026-04-24 22:39:35.231092,24.067466735839844
2026-04-24 22:39:35.429359,2026-04-24 22:39:35.429359,23.972972869873047
2026-04-24 22:39:35.629546,2026-04-24 22:39:35.629546,23.892650604248047
2026-04-24 22:39:35.828680,2026-04-24 22:39:35.828680,23.82437896728516
2026-04-24 22:39:36.030957,2026-04-24 22:39:36.030957,23.766345977783203
2026-04-24 22:39:36.228986,2026-04-24 22:39:36.228986,23.54123878479004
2026-04-24 22:39:36.430953,2026-04-24 22:39:36.430953,23.525678634643555
2026-04-24 22:39:36.628695,2026-04-24 22:39:36.628695,23.336669921875
2026-04-24 22:39:36.828702,2026-04-24 22:39:36.828702,23.176013946533203
2026-04-24 22:39:37.031087,2026-04-24 22:39:37.031087,23.03945541381836
2026-04-24 22:39:37.230609,2026-04-24 22:39:37.230609,22.92337989807129
2026-04-24 22:39:37.429090,2026-04-24 22:39:37.429090,22.824716567993164
2026-04-24 22:39:37.630667,2026-04-24 22:39:37.630667,22.74085235595703
2026-04-24 22:39:37.830299,2026-04-24 22:39:37.830299,22.66956901550293
2026-04-24 22:39:38.030982,2026-04-24 22:39:38.030982,22.43319702148437
2026-04-24 22:39:38.230574,2026-04-24 22:39:38.230574,22.23227882385254
2026-04-24 22:39:38.429799,2026-04-24 22:39:38.429799,22.061500549316406
2026-04-24 22:39:38.630273,2026-04-24 22:39:38.630273,21.916337966918945
2026-04-24 22:39:38.830132,2026-04-24 22:39:38.830132,21.617168426513672
2026-04-24 22:39:39.029606,2026-04-24 22:39:39.029606,21.36287498474121
2026-04-24 22:39:39.229381,2026-04-24 22:39:39.229381,21.14672470092773
2026-04-24 22:39:39.430523,2026-04-24 22:39:39.430523,20.96299743652344
2026-04-24 22:39:39.629859,2026-04-24 22:39:39.629859,20.80682945251465
2026-04-24 22:39:39.830829,2026-04-24 22:39:39.830829,20.67408561706543
2026-04-24 22:39:40.030839,2026-04-24 22:39:40.030839,20.385473251342773
2026-04-24 22:39:40.231816,2026-04-24 22:39:40.231816,20.140151977539062
2026-04-24 22:39:40.430246,2026-04-24 22:39:40.430246,19.931629180908203
2026-04-24 22:39:40.631494,2026-04-24 22:39:40.631494,19.75438499450684
2026-04-24 22:39:40.829087,2026-04-24 22:39:40.829087,19.42794609069824
2026-04-24 22:39:41.028527,2026-04-24 22:39:41.028527,19.15047264099121
2026-04-24 22:39:41.228591,2026-04-24 22:39:41.228591,18.91462135314941
2026-04-24 22:39:41.428174,2026-04-24 22:39:41.428174,18.71414566040039
2026-04-24 22:39:41.629783,2026-04-24 22:39:41.629783,18.54374313354492
2026-04-24 22:39:41.827965,2026-04-24 22:39:41.827965,18.398900985717773
2026-04-24 22:39:42.029948,2026-04-24 22:39:42.029948,18.27578353881836
2026-04-24 22:39:42.231421,2026-04-24 22:39:42.231421,18.17113494873047
2026-04-24 22:39:42.428827,2026-04-24 22:39:42.428827,18.082183837890625
2026-04-24 22:39:42.628701,2026-04-24 22:39:42.628701,18.006574630737305
2026-04-24 22:39:42.831264,2026-04-24 22:39:42.831264,17.942306518554688
2026-04-24 22:39:43.030874,2026-04-24 22:39:43.030874,17.887680053710938
2026-04-24 22:39:43.229662,2026-04-24 22:39:43.229662,17.84124755859375
2026-04-24 22:39:43.428554,2026-04-24 22:39:43.428554,17.80177879333496
2026-04-24 22:39:43.628708,2026-04-24 22:39:43.628708,17.768230438232422
2026-04-24 22:39:43.829598,2026-04-24 22:39:43.829598,17.739715576171875
2026-04-24 22:39:44.028834,2026-04-24 22:39:44.028834,17.715476989746094
2026-04-24 22:39:44.227973,2026-04-24 22:39:44.227973,17.694873809814453
2026-04-24 22:39:44.429330,2026-04-24 22:39:44.429330,17.67736053466797
2026-04-24 22:39:44.628517,2026-04-24 22:39:44.628517,17.6624755859375
2026-04-24 22:39:44.828307,2026-04-24 22:39:44.828307,17.649822235107422
2026-04-24 22:39:45.029660,2026-04-24 22:39:45.029660,17.639068603515625
2026-04-24 22:39:45.229135,2026-04-24 22:39:45.229135,17.629926681518555
2026-04-24 22:39:45.430152,2026-04-24 22:39:45.430152,17.622156143188477
2026-04-24 22:39:45.629554,2026-04-24 22:39:45.629554,17.615550994873047
2026-04-24 22:39:45.828312,2026-04-24 22:39:45.828312,17.60993766784668
2026-04-24 22:39:46.030111,2026-04-24 22:39:46.030111,17.605165481567383
2026-04-24 22:39:59.128881,2026-04-24 22:39:59.128881,17.776891708374023
2026-04-24 22:39:59.331074,2026-04-24 22:39:59.331074,17.9228572845459
2026-04-24 22:39:59.539150,2026-04-24 22:39:59.539150,18.04692840576172
2026-04-24 22:39:59.731874,2026-04-24 22:39:59.731874,18.152389526367188
2026-04-24 22:39:59.929069,2026-04-24 22:39:59.929069,18.24203109741211
2026-04-24 22:40:00.130450,2026-04-24 22:40:00.130450,18.142444610595703
2026-04-24 22:40:00.328322,2026-04-24 22:40:00.328322,18.057796478271484
2026-04-24 22:40:00.533418,2026-04-24 22:40:00.533418,18.1616268157959
2026-04-24 22:40:00.728275,2026-04-24 22:40:00.728275,18.2498836517334
2026-04-24 22:40:00.931373,2026-04-24 22:40:00.931373,18.324901580810547
2026-04-24 22:40:01.127956,2026-04-24 22:40:01.127956,18.3886661529541
2026-04-24 22:40:01.328507,2026-04-24 22:40:01.328507,18.4428653717041
2026-04-24 22:40:01.527857,2026-04-24 22:40:01.527857,18.48893547058105
2026-04-24 22:40:01.727885,2026-04-24 22:40:01.727885,18.528095245361328
2026-04-24 22:40:01.928110,2026-04-24 22:40:01.928110,18.56138038635254
2026-04-24 22:40:02.127995,2026-04-24 22:40:02.127995,18.58967399597168
2026-04-24 22:40:02.330595,2026-04-24 22:40:02.330595,18.61372375488281
2026-04-24 22:40:02.528231,2026-04-24 22:40:02.528231,18.634164810180664
2026-04-24 22:40:02.732054,2026-04-24 22:40:02.732054,18.651540756225582
2026-04-24 22:40:02.928864,2026-04-24 22:40:02.928864,18.666309356689453
2026-04-24 22:40:03.128321,2026-04-24 22:40:03.128321,18.678861618041992
2026-04-24 22:40:03.338907,2026-04-24 22:40:03.338907,18.689533233642575
2026-04-24 22:40:03.528394,2026-04-24 22:40:03.528394,18.8743839263916
2026-04-24 22:40:03.728858,2026-04-24 22:40:03.728858,19.03150749206543
2026-04-24 22:40:03.928367,2026-04-24 22:40:03.928367,19.165063858032227
2026-04-24 22:40:04.128693,2026-04-24 22:40:04.128693,19.27858543395996
2026-04-24 22:40:04.339959,2026-04-24 22:40:04.339959,19.375078201293945
2026-04-24 22:40:04.529393,2026-04-24 22:40:04.529393,19.45709800720215
2026-04-24 22:40:04.728065,2026-04-24 22:40:04.728065,19.52681350708008
2026-04-24 22:40:04.930046,2026-04-24 22:40:04.930046,19.76185417175293
2026-04-24 22:40:05.128385,2026-04-24 22:40:05.128385,19.961639404296875
2026-04-24 22:40:05.328467,2026-04-24 22:40:05.328467,20.13145637512207
2026-04-24 22:40:05.528923,2026-04-24 22:40:05.528923,20.27580070495605
2026-04-24 22:40:05.729911,2026-04-24 22:40:05.729911,20.39849281311035
2026-04-24 22:40:05.928971,2026-04-24 22:40:05.928971,20.50278091430664
2026-04-24 22:40:06.127890,2026-04-24 22:40:06.127890,20.591426849365234
2026-04-24 22:40:06.328233,2026-04-24 22:40:06.328233,20.66677474975586
2026-04-24 22:40:06.527926,2026-04-24 22:40:06.527926,20.73082160949707
2026-04-24 22:40:06.728780,2026-04-24 22:40:06.728780,20.785261154174805
2026-04-24 22:40:06.928677,2026-04-24 22:40:06.928677,20.83153343200684
2026-04-24 22:40:07.128504,2026-04-24 22:40:07.128504,20.69508552551269
2026-04-24 22:40:07.329061,2026-04-24 22:40:07.329061,20.579103469848636
2026-04-24 22:40:07.541831,2026-04-24 22:40:07.541831,20.656299591064453
2026-04-24 22:40:07.730148,2026-04-24 22:40:07.730148,20.5461368560791
2026-04-24 22:40:07.929678,2026-04-24 22:40:07.929678,20.452497482299805
2026-04-24 22:40:08.128967,2026-04-24 22:40:08.128967,20.54868507385254
2026-04-24 22:40:08.328411,2026-04-24 22:40:08.328411,20.63044548034668
2026-04-24 22:40:08.527865,2026-04-24 22:40:08.527865,20.69994163513184
2026-04-24 22:40:08.728706,2026-04-24 22:40:08.728706,20.75901222229004
2026-04-24 22:40:08.929348,2026-04-24 22:40:08.929348,19.051410675048828
2026-04-24 22:40:09.138703,2026-04-24 22:40:09.138703,19.35776138305664
2026-04-24 22:40:09.329885,2026-04-24 22:40:09.329885,17.860347747802734
2026-04-24 22:40:09.528614,2026-04-24 22:40:09.528614,18.34535789489746
2026-04-24 22:40:09.728433,2026-04-24 22:40:09.728433,16.99980354309082
2026-04-24 22:40:09.928174,2026-04-24 22:40:09.928174,17.613895416259766
2026-04-24 22:40:10.128330,2026-04-24 22:40:10.128330,16.378061294555664
2026-04-24 22:40:10.329905,2026-04-24 22:40:10.329905,17.08541488647461
2026-04-24 22:40:10.528933,2026-04-24 22:40:10.528933,17.862445831298828
2026-04-24 22:40:10.728282,2026-04-24 22:40:10.728282,18.52292251586914
2026-04-24 22:40:10.928595,2026-04-24 22:40:10.928595,17.150733947753906
2026-04-24 22:40:11.129032,2026-04-24 22:40:11.129032,15.984374046325684
2026-04-24 22:40:11.329273,2026-04-24 22:40:11.329273,14.992968559265137
2026-04-24 22:40:11.527936,2026-04-24 22:40:11.527936,14.150273323059082
2026-04-24 22:40:11.728998,2026-04-24 22:40:11.728998,13.258200645446776
2026-04-24 22:40:11.929205,2026-04-24 22:40:11.929205,12.499939918518066
2026-04-24 22:40:12.128360,2026-04-24 22:40:12.128360,11.855417251586914
2026-04-24 22:40:12.328411,2026-04-24 22:40:12.328411,11.307573318481444
2026-04-24 22:40:12.528923,2026-04-24 22:40:12.528923,10.841906547546388
2026-04-24 22:40:12.729511,2026-04-24 22:40:12.729511,10.446088790893556
2026-04-24 22:40:12.929857,2026-04-24 22:40:12.929857,10.109643936157228
2026-04-24 22:40:13.128566,2026-04-24 22:40:13.128566,9.8236665725708
2026-04-24 22:40:13.328281,2026-04-24 22:40:13.328281,9.580585479736328
2026-04-24 22:40:13.528285,2026-04-24 22:40:13.528285,9.373966217041016
2026-04-24 22:40:13.729034,2026-04-24 22:40:13.729034,9.19834041595459
2026-04-24 22:40:13.928245,2026-04-24 22:40:13.928245,9.049057960510254
2026-04-24 22:40:14.130982,2026-04-24 22:40:14.130982,11.734667778015137
2026-04-24 22:40:14.329453,2026-04-24 22:40:14.329453,14.017436027526855
2026-04-24 22:40:14.529536,2026-04-24 22:40:14.529536,15.957789421081545
2026-04-24 22:40:14.729344,2026-04-24 22:40:14.729344,14.97037124633789
2026-04-24 22:40:14.929084,2026-04-24 22:40:14.929084,16.767784118652344
2026-04-24 22:40:15.128048,2026-04-24 22:40:15.128048,15.65886688232422
2026-04-24 22:40:15.328084,2026-04-24 22:40:15.328084,14.716286659240724
2026-04-24 22:40:15.530397,2026-04-24 22:40:15.530397,13.915093421936035
2026-04-24 22:40:15.729815,2026-04-24 22:40:15.729815,13.234079360961914
2026-04-24 22:40:15.930346,2026-04-24 22:40:15.930346,12.655218124389648
2026-04-24 22:40:16.138240,2026-04-24 22:40:16.138240,12.163185119628906
2026-04-24 22:40:16.328104,2026-04-24 22:40:16.328104,11.744956970214844
2026-04-24 22:40:16.538003,2026-04-24 22:40:16.538003,11.389463424682615
2026-04-24 22:40:16.732130,2026-04-24 22:40:16.732130,11.087294578552246
2026-04-24 22:40:16.932022,2026-04-24 22:40:16.932022,10.830450057983398
2026-04-24 22:40:17.140594,2026-04-24 22:40:17.140594,10.61213207244873
2026-04-24 22:40:17.328784,2026-04-24 22:40:17.328784,10.602343559265137
2026-04-24 22:40:17.538524,2026-04-24 22:40:17.538524,10.594023704528809
2026-04-24 22:40:17.738647,2026-04-24 22:40:17.738647,10.58695125579834
2026-04-24 22:40:17.928149,2026-04-24 22:40:17.928149,10.580940246582031
2026-04-24 22:40:18.130040,2026-04-24 22:40:18.130040,10.575830459594728
2026-04-24 22:40:18.328522,2026-04-24 22:40:18.328522,10.571486473083496
2026-04-24 22:40:18.529908,2026-04-24 22:40:18.529908,10.567794799804688
2026-04-24 22:40:18.730710,2026-04-24 22:40:18.730710,10.564657211303713
2026-04-24 22:40:18.929480,2026-04-24 22:40:18.929480,10.561989784240724
2026-04-24 22:40:19.130365,2026-04-24 22:40:19.130365,10.559722900390623
2026-04-24 22:40:19.330003,2026-04-24 22:40:19.330003,10.557795524597168
2026-04-24 22:40:19.529816,2026-04-24 22:40:19.529816,10.556157112121582
2026-04-24 22:40:19.733045,2026-04-24 22:40:19.733045,10.730545997619627
2026-04-24 22:40:19.939494,2026-04-24 22:40:19.939494,10.878776550292969
2026-04-24 22:40:20.129930,2026-04-24 22:40:20.129930,11.004773139953612
2026-04-24 22:40:20.337968,2026-04-24 22:40:20.337968,11.11186981201172
2026-04-24 22:40:20.538440,2026-04-24 22:40:20.538440,11.20290184020996
2026-04-24 22:40:20.730389,2026-04-24 22:40:20.730389,11.280279159545898
2026-04-24 22:40:20.929969,2026-04-24 22:40:20.929969,11.346049308776855
2026-04-24 22:40:21.132246,2026-04-24 22:40:21.132246,11.401954650878906
2026-04-24 22:40:21.328579,2026-04-24 22:40:21.328579,11.44947338104248
2026-04-24 22:40:21.528722,2026-04-24 22:40:21.528722,11.48986530303955
2026-04-24 22:40:21.734070,2026-04-24 22:40:21.734070,11.524197578430176
2026-04-24 22:40:21.938706,2026-04-24 22:40:21.938706,11.553380966186523
2026-04-24 22:40:22.130917,2026-04-24 22:40:22.130917,11.57818603515625
2026-04-24 22:40:22.329046,2026-04-24 22:40:22.329046,11.775052070617676
2026-04-24 22:40:22.528480,2026-04-24 22:40:22.528480,11.942387580871582
2026-04-24 22:40:22.729488,2026-04-24 22:40:22.729488,12.084623336791992
2026-04-24 22:40:22.939261,2026-04-24 22:40:22.939261,12.205523490905762
2026-04-24 22:40:23.139210,2026-04-24 22:40:23.139210,12.48406982421875
2026-04-24 22:40:23.329067,2026-04-24 22:40:23.329067,12.720834732055664
2026-04-24 22:40:23.529139,2026-04-24 22:40:23.529139,12.92208480834961
2026-04-24 22:40:23.728419,2026-04-24 22:40:23.728419,13.268927574157717
2026-04-24 22:40:23.928322,2026-04-24 22:40:23.928322,13.387964248657228
2026-04-24 22:40:24.128361,2026-04-24 22:40:24.128361,13.489144325256348
2026-04-24 22:40:24.338288,2026-04-24 22:40:24.338288,13.57514762878418
2026-04-24 22:40:37.438057,2026-04-24 22:40:37.438057,13.648250579833984
2026-04-24 22:40:37.639874,2026-04-24 22:40:37.639874,13.71038818359375
2026-04-24 22:40:37.831053,2026-04-24 22:40:37.831053,13.76320457458496
2026-04-24 22:40:38.039898,2026-04-24 22:40:38.039898,13.808098793029783
2026-04-24 22:40:38.231681,2026-04-24 22:40:38.231681,13.846259117126465
2026-04-24 22:40:38.430583,2026-04-24 22:40:38.430583,13.878695487976074
2026-04-24 22:40:38.638222,2026-04-24 22:40:38.638222,13.73048496246338
2026-04-24 22:40:38.829819,2026-04-24 22:40:38.829819,13.78028678894043
2026-04-24 22:40:39.030935,2026-04-24 22:40:39.030935,13.822619438171388
2026-04-24 22:40:39.240181,2026-04-24 22:40:39.240181,13.682820320129396
2026-04-24 22:40:39.438182,2026-04-24 22:40:39.438182,13.563990592956545
2026-04-24 22:40:39.641394,2026-04-24 22:40:39.641394,13.46298599243164
2026-04-24 22:40:39.828790,2026-04-24 22:40:39.828790,13.552912712097168
2026-04-24 22:40:40.039413,2026-04-24 22:40:40.039413,13.453569412231444
2026-04-24 22:40:40.230486,2026-04-24 22:40:40.230486,13.369128227233888
2026-04-24 22:40:40.438945,2026-04-24 22:40:40.438945,13.47313404083252
2026-04-24 22:40:40.640714,2026-04-24 22:40:40.640714,13.385757446289062
2026-04-24 22:40:40.838399,2026-04-24 22:40:40.838399,13.487268447875977
2026-04-24 22:40:41.038684,2026-04-24 22:40:41.038684,13.573553085327148
2026-04-24 22:40:41.231087,2026-04-24 22:40:41.231087,13.646895408630373
2026-04-24 22:40:41.439114,2026-04-24 22:40:41.439114,13.709236145019531
2026-04-24 22:40:41.638891,2026-04-24 22:40:41.638891,13.762226104736328
2026-04-24 22:40:41.838277,2026-04-24 22:40:41.838277,13.80726718902588
2026-04-24 22:40:42.039210,2026-04-24 22:40:42.039210,13.845551490783691
2026-04-24 22:40:42.241019,2026-04-24 22:40:42.241019,13.878093719482422
2026-04-24 22:40:42.440097,2026-04-24 22:40:42.440097,13.905755043029783
2026-04-24 22:40:42.640895,2026-04-24 22:40:42.640895,13.929266929626465
2026-04-24 22:40:42.839349,2026-04-24 22:40:42.839349,13.949252128601074
2026-04-24 22:40:43.029171,2026-04-24 22:40:43.029171,13.790457725524902
2026-04-24 22:40:43.239309,2026-04-24 22:40:43.239309,13.65548324584961
2026-04-24 22:40:43.438656,2026-04-24 22:40:43.438656,13.540754318237305
2026-04-24 22:40:43.639065,2026-04-24 22:40:43.639065,13.44323444366455
2026-04-24 22:40:43.838486,2026-04-24 22:40:43.838486,13.360342979431152
2026-04-24 22:40:44.038981,2026-04-24 22:40:44.038981,13.11410427093506
2026-04-24 22:40:44.238621,2026-04-24 22:40:44.238621,13.08058261871338
2026-04-24 22:40:44.438504,2026-04-24 22:40:44.438504,13.052088737487791
2026-04-24 22:40:44.639087,2026-04-24 22:40:44.639087,13.02786922454834
2026-04-24 22:40:44.840537,2026-04-24 22:40:44.840537,13.007282257080078
2026-04-24 22:40:45.030903,2026-04-24 22:40:45.030903,13.165565490722656
2026-04-24 22:40:45.240227,2026-04-24 22:40:45.240227,13.124323844909668
2026-04-24 22:40:45.438208,2026-04-24 22:40:45.438208,13.089269638061523
2026-04-24 22:40:45.639644,2026-04-24 22:40:45.639644,13.059473037719728
2026-04-24 22:40:45.838097,2026-04-24 22:40:45.838097,12.85836410522461
2026-04-24 22:40:46.038897,2026-04-24 22:40:46.038897,12.687421798706056
2026-04-24 22:40:46.238970,2026-04-24 22:40:46.238970,12.542120933532717
2026-04-24 22:40:46.438439,2026-04-24 22:40:46.438439,14.000646591186523
2026-04-24 22:40:46.639139,2026-04-24 22:40:46.639139,15.41617488861084
2026-04-24 22:40:46.839516,2026-04-24 22:40:46.839516,16.619373321533203
2026-04-24 22:40:47.039262,2026-04-24 22:40:47.039262,17.642091751098633
2026-04-24 22:40:47.238996,2026-04-24 22:40:47.238996,18.511404037475582
2026-04-24 22:40:47.439414,2026-04-24 22:40:47.439414,19.07453727722168
2026-04-24 22:40:47.638464,2026-04-24 22:40:47.638464,19.728981018066406
2026-04-24 22:40:47.840338,2026-04-24 22:40:47.840338,20.28525924682617
2026-04-24 22:40:48.040622,2026-04-24 22:40:48.040622,20.758094787597656
2026-04-24 22:40:48.238905,2026-04-24 22:40:48.238905,21.160005569458008
2026-04-24 22:40:48.441277,2026-04-24 22:40:48.441277,21.50163078308105
2026-04-24 22:40:48.641370,2026-04-24 22:40:48.641370,21.792011260986328
2026-04-24 22:40:48.840401,2026-04-24 22:40:48.840401,22.038833618164062
2026-04-24 22:40:49.043057,2026-04-24 22:40:49.043057,22.248634338378903
2026-04-24 22:40:49.240371,2026-04-24 22:40:49.240371,22.426963806152344
2026-04-24 22:40:49.439941,2026-04-24 22:40:49.439941,22.57854461669922
2026-04-24 22:40:49.640110,2026-04-24 22:40:49.640110,22.707387924194336
2026-04-24 22:40:49.838583,2026-04-24 22:40:49.838583,22.816904067993164
2026-04-24 22:40:50.041020,2026-04-24 22:40:50.041020,22.90999412536621
2026-04-24 22:40:50.243238,2026-04-24 22:40:50.243238,22.98912048339844
2026-04-24 22:40:50.439594,2026-04-24 22:40:50.439594,23.056377410888672
2026-04-24 22:40:50.641523,2026-04-24 22:40:50.641523,23.113544464111328
2026-04-24 22:40:50.840473,2026-04-24 22:40:50.840473,23.16213798522949
2026-04-24 22:40:51.041884,2026-04-24 22:40:51.041884,23.20344352722168
2026-04-24 22:40:51.241263,2026-04-24 22:40:51.241263,23.23855209350586
2026-04-24 22:40:51.440711,2026-04-24 22:40:51.440711,23.268394470214844
2026-04-24 22:40:51.642318,2026-04-24 22:40:51.642318,23.293760299682617
2026-04-24 22:40:51.840151,2026-04-24 22:40:51.840151,23.31532096862793
2026-04-24 22:40:52.041059,2026-04-24 22:40:52.041059,23.333646774291992
2026-04-24 22:40:52.230052,2026-04-24 22:40:52.230052,23.349225997924805
2026-04-24 22:40:52.441338,2026-04-24 22:40:52.441338,23.36246681213379
2026-04-24 22:40:52.638863,2026-04-24 22:40:52.638863,23.373722076416016
2026-04-24 22:40:52.840267,2026-04-24 22:40:52.840267,23.38328742980957
2026-04-24 22:40:53.040420,2026-04-24 22:40:53.040420,23.391420364379883
2026-04-24 22:40:53.240103,2026-04-24 22:40:53.240103,23.398332595825195
2026-04-24 22:40:53.439499,2026-04-24 22:40:53.439499,23.404207229614254
2026-04-24 22:40:53.637998,2026-04-24 22:40:53.637998,23.40920066833496
2026-04-24 22:40:53.841115,2026-04-24 22:40:53.841115,23.4134464263916
2026-04-24 22:40:54.041094,2026-04-24 22:40:54.041094,23.41705322265625
2026-04-24 22:40:54.238420,2026-04-24 22:40:54.238420,23.42012023925781
2026-04-24 22:40:54.441064,2026-04-24 22:40:54.441064,23.422727584838867
2026-04-24 22:40:54.639233,2026-04-24 22:40:54.639233,23.424943923950195
2026-04-24 22:40:54.840701,2026-04-24 22:40:54.840701,23.42682647705078
2026-04-24 22:40:55.038626,2026-04-24 22:40:55.038626,23.252647399902344
2026-04-24 22:40:55.239085,2026-04-24 22:40:55.239085,23.10459327697754
2026-04-24 22:40:55.439783,2026-04-24 22:40:55.439783,22.978748321533203
2026-04-24 22:40:55.641065,2026-04-24 22:40:55.641065,22.87178039550781
2026-04-24 22:40:55.839294,2026-04-24 22:40:55.839294,22.78085708618164
2026-04-24 22:40:56.039623,2026-04-24 22:40:56.039623,22.70357131958008
2026-04-24 22:40:56.238356,2026-04-24 22:40:56.238356,22.637880325317383
2026-04-24 22:40:56.439020,2026-04-24 22:40:56.439020,22.582040786743164
2026-04-24 22:40:56.638264,2026-04-24 22:40:56.638264,22.534578323364254
2026-04-24 22:40:56.829812,2026-04-24 22:40:56.829812,22.31845474243164
2026-04-24 22:40:57.038787,2026-04-24 22:40:57.038787,22.134748458862305
2026-04-24 22:40:57.239121,2026-04-24 22:40:57.239121,21.978599548339844
2026-04-24 22:40:57.439948,2026-04-24 22:40:57.439948,21.670089721679688
2026-04-24 22:40:57.639948,2026-04-24 22:40:57.639948,21.40785789489746
2026-04-24 22:40:57.838970,2026-04-24 22:40:57.838970,21.009180068969727
2026-04-24 22:40:58.030957,2026-04-24 22:40:58.030957,20.67030334472656
2026-04-24 22:40:58.229501,2026-04-24 22:40:58.229501,20.38225746154785
2026-04-24 22:40:58.440425,2026-04-24 22:40:58.440425,20.13741874694824
2026-04-24 22:40:58.639306,2026-04-24 22:40:58.639306,19.75352478027344
2026-04-24 22:40:58.841825,2026-04-24 22:40:58.841825,19.427215576171875
2026-04-24 22:40:59.030139,2026-04-24 22:40:59.030139,19.149850845336918
2026-04-24 22:40:59.238751,2026-04-24 22:40:59.238751,18.738311767578125
2026-04-24 22:40:59.431680,2026-04-24 22:40:59.431680,18.38850212097168
2026-04-24 22:40:59.640946,2026-04-24 22:40:59.640946,18.091163635253903
2026-04-24 22:40:59.838288,2026-04-24 22:40:59.838288,17.83842658996582
2026-04-24 22:41:00.038785,2026-04-24 22:41:00.038785,19.20563125610352
2026-04-24 22:41:00.239047,2026-04-24 22:41:00.239047,18.785724639892575
2026-04-24 22:41:00.439034,2026-04-24 22:41:00.439034,20.18661499023437
2026-04-24 22:41:00.638997,2026-04-24 22:41:00.638997,21.37737274169922
2026-04-24 22:41:00.832057,2026-04-24 22:41:00.832057,22.389516830444336
2026-04-24 22:41:01.039392,2026-04-24 22:41:01.039392,23.249839782714844
2026-04-24 22:41:01.238629,2026-04-24 22:41:01.238629,23.98111343383789
2026-04-24 22:41:01.439144,2026-04-24 22:41:01.439144,24.778478622436523
2026-04-24 22:41:01.638721,2026-04-24 22:41:01.638721,25.45623779296875
2026-04-24 22:41:01.838823,2026-04-24 22:41:01.838823,26.03233337402344
2026-04-24 22:41:02.038854,2026-04-24 22:41:02.038854,26.52201461791992
2026-04-24 22:41:02.238784,2026-04-24 22:41:02.238784,26.9382438659668
2026-04-24 22:41:02.439396,2026-04-24 22:41:02.439396,27.292037963867188
2026-04-24 22:41:02.638945,2026-04-24 22:41:02.638945,27.59276390075684
2026-04-24 22:41:15.739838,2026-04-24 22:41:15.739838,27.84838104248047
2026-04-24 22:41:15.938131,2026-04-24 22:41:15.938131,28.065654754638672
2026-04-24 22:41:16.140971,2026-04-24 22:41:16.140971,28.250337600708008
2026-04-24 22:41:16.340574,2026-04-24 22:41:16.340574,28.40731811523437
2026-04-24 22:41:16.538875,2026-04-24 22:41:16.538875,26.255596160888672
2026-04-24 22:41:16.738236,2026-04-24 22:41:16.738236,26.711788177490234
2026-04-24 22:41:16.940031,2026-04-24 22:41:16.940031,27.099550247192383
2026-04-24 22:41:17.139749,2026-04-24 22:41:17.139749,27.429149627685547
2026-04-24 22:41:17.338747,2026-04-24 22:41:17.338747,27.709308624267575
2026-04-24 22:41:17.539471,2026-04-24 22:41:17.539471,27.94744300842285
2026-04-24 22:41:17.741069,2026-04-24 22:41:17.741069,25.688920974731445
2026-04-24 22:41:17.938663,2026-04-24 22:41:17.938663,23.593395233154297
2026-04-24 22:41:18.139478,2026-04-24 22:41:18.139478,21.812198638916016
2026-04-24 22:41:18.340196,2026-04-24 22:41:18.340196,20.29818153381348
2026-04-24 22:41:18.538616,2026-04-24 22:41:18.538616,19.011266708374023
2026-04-24 22:41:18.740284,2026-04-24 22:41:18.740284,17.917388916015625
2026-04-24 22:41:18.938029,2026-04-24 22:41:18.938029,16.987592697143555
2026-04-24 22:41:19.139097,2026-04-24 22:41:19.139097,16.197265625
2026-04-24 22:41:19.339077,2026-04-24 22:41:19.339077,15.52548885345459
2026-04-24 22:41:19.542013,2026-04-24 22:41:19.542013,14.95447826385498
2026-04-24 22:41:19.738547,2026-04-24 22:41:19.738547,14.46911907196045
2026-04-24 22:41:19.939419,2026-04-24 22:41:19.939419,14.056563377380373
2026-04-24 22:41:20.140069,2026-04-24 22:41:20.140069,13.705891609191896
2026-04-24 22:41:20.339377,2026-04-24 22:41:20.339377,13.40782070159912
2026-04-24 22:41:20.538717,2026-04-24 22:41:20.538717,13.154459953308104
2026-04-24 22:41:20.738838,2026-04-24 22:41:20.738838,12.93910312652588
2026-04-24 22:41:20.938614,2026-04-24 22:41:20.938614,12.75605010986328
2026-04-24 22:41:21.139209,2026-04-24 22:41:21.139209,12.600455284118652
2026-04-24 22:41:21.338638,2026-04-24 22:41:21.338638,12.468199729919434
2026-04-24 22:41:21.538591,2026-04-24 22:41:21.538591,12.180001258850098
2026-04-24 22:41:21.739344,2026-04-24 22:41:21.739344,12.11081314086914
2026-04-24 22:41:21.938687,2026-04-24 22:41:21.938687,12.052003860473633
2026-04-24 22:41:22.138599,2026-04-24 22:41:22.138599,12.177797317504885
2026-04-24 22:41:22.340067,2026-04-24 22:41:22.340067,12.10894012451172
2026-04-24 22:41:22.540559,2026-04-24 22:41:22.540559,12.226192474365234
2026-04-24 22:41:22.739928,2026-04-24 22:41:22.739928,12.325857162475586
2026-04-24 22:41:22.939626,2026-04-24 22:41:22.939626,12.41057300567627
2026-04-24 22:41:23.138966,2026-04-24 22:41:23.138966,12.482580184936523
2026-04-24 22:41:23.338085,2026-04-24 22:41:23.338085,12.543787002563477
2026-04-24 22:41:23.541012,2026-04-24 22:41:23.541012,12.771594047546388
2026-04-24 22:41:23.739378,2026-04-24 22:41:23.739378,12.965229988098145
2026-04-24 22:41:23.938181,2026-04-24 22:41:23.938181,13.129820823669434
2026-04-24 22:41:24.138312,2026-04-24 22:41:24.138312,13.26972198486328
2026-04-24 22:41:24.338374,2026-04-24 22:41:24.338374,13.564420700073242
2026-04-24 22:41:24.539156,2026-04-24 22:41:24.539156,13.639132499694824
2026-04-24 22:41:24.738397,2026-04-24 22:41:24.738397,13.702637672424316
2026-04-24 22:41:24.938524,2026-04-24 22:41:24.938524,13.756616592407228
2026-04-24 22:41:25.139176,2026-04-24 22:41:25.139176,13.802498817443848
2026-04-24 22:41:25.338856,2026-04-24 22:41:25.338856,13.84149932861328
2026-04-24 22:41:25.539448,2026-04-24 22:41:25.539448,13.874649047851562
2026-04-24 22:41:25.740528,2026-04-24 22:41:25.740528,13.902827262878418
2026-04-24 22:41:25.941019,2026-04-24 22:41:25.941019,14.102559089660645
2026-04-24 22:41:26.139031,2026-04-24 22:41:26.139031,14.272331237792969
2026-04-24 22:41:26.338776,2026-04-24 22:41:26.338776,14.416638374328612
2026-04-24 22:41:26.538083,2026-04-24 22:41:26.538083,14.539299011230469
2026-04-24 22:41:26.739137,2026-04-24 22:41:26.739137,14.819341659545898
2026-04-24 22:41:26.938590,2026-04-24 22:41:26.938590,15.057377815246582
2026-04-24 22:41:27.138294,2026-04-24 22:41:27.138294,15.435489654541016
2026-04-24 22:41:27.339298,2026-04-24 22:41:27.339298,15.756884574890137
2026-04-24 22:41:27.539589,2026-04-24 22:41:27.539589,16.030071258544922
2026-04-24 22:41:27.741932,2026-04-24 22:41:27.741932,16.438060760498047
2026-04-24 22:41:27.941010,2026-04-24 22:41:27.941010,16.78485107421875
2026-04-24 22:41:28.138680,2026-04-24 22:41:28.138680,17.07962417602539
2026-04-24 22:41:28.338373,2026-04-24 22:41:28.338373,17.33017921447754
2026-04-24 22:41:28.538563,2026-04-24 22:41:28.538563,17.718935012817383
2026-04-24 22:41:28.738220,2026-04-24 22:41:28.738220,18.049375534057617
2026-04-24 22:41:28.939355,2026-04-24 22:41:28.939355,18.330249786376957
2026-04-24 22:41:29.140548,2026-04-24 22:41:29.140548,18.568994522094727
2026-04-24 22:41:29.340799,2026-04-24 22:41:29.340799,18.77192687988281
2026-04-24 22:41:29.539867,2026-04-24 22:41:29.539867,18.94441795349121
2026-04-24 22:41:29.738761,2026-04-24 22:41:29.738761,19.09103775024414
2026-04-24 22:41:29.940671,2026-04-24 22:41:29.940671,19.39144325256348
2026-04-24 22:41:30.139859,2026-04-24 22:41:30.139859,19.64678955078125
2026-04-24 22:41:30.341745,2026-04-24 22:41:30.341745,19.86383438110352
2026-04-24 22:41:30.540165,2026-04-24 22:41:30.540165,20.048320770263672
2026-04-24 22:41:30.741089,2026-04-24 22:41:30.741089,20.205135345458984
2026-04-24 22:41:30.941037,2026-04-24 22:41:30.941037,20.338428497314453
2026-04-24 22:41:31.140057,2026-04-24 22:41:31.140057,20.45172691345215
2026-04-24 22:41:31.343033,2026-04-24 22:41:31.343033,20.54802894592285
2026-04-24 22:41:31.540277,2026-04-24 22:41:31.540277,20.6298885345459
2026-04-24 22:41:31.740428,2026-04-24 22:41:31.740428,20.699466705322266
2026-04-24 22:41:31.940839,2026-04-24 22:41:31.940839,20.75860977172852
2026-04-24 22:41:32.140032,2026-04-24 22:41:32.140032,20.80887985229492
2026-04-24 22:41:32.339984,2026-04-24 22:41:32.339984,20.85161018371582
2026-04-24 22:41:32.542938,2026-04-24 22:41:32.542938,21.06371307373047
2026-04-24 22:41:32.738778,2026-04-24 22:41:32.738778,21.24399948120117
2026-04-24 22:41:32.941685,2026-04-24 22:41:32.941685,21.22146224975586
2026-04-24 22:41:33.142769,2026-04-24 22:41:33.142769,21.37808609008789
2026-04-24 22:41:33.340717,2026-04-24 22:41:33.340717,21.68699836730957
2026-04-24 22:41:33.541080,2026-04-24 22:41:33.541080,22.125354766845703
2026-04-24 22:41:33.739775,2026-04-24 22:41:33.739775,22.497957229614254
2026-04-24 22:41:33.938623,2026-04-24 22:41:33.938623,22.81467056274414
2026-04-24 22:41:34.140679,2026-04-24 22:41:34.140679,23.25965690612793
2026-04-24 22:41:34.338874,2026-04-24 22:41:34.338874,23.637895584106445
2026-04-24 22:41:34.538604,2026-04-24 22:41:34.538604,23.959400177001957
2026-04-24 22:41:34.742130,2026-04-24 22:41:34.742130,24.2326774597168
2026-04-24 22:41:34.939841,2026-04-24 22:41:34.939841,24.464963912963867
2026-04-24 22:41:35.141172,2026-04-24 22:41:35.141172,24.83818817138672
2026-04-24 22:41:35.341943,2026-04-24 22:41:35.341943,25.155427932739254
2026-04-24 22:41:35.539439,2026-04-24 22:41:35.539439,25.42508316040039
2026-04-24 22:41:35.739766,2026-04-24 22:41:35.739766,25.65428924560547
2026-04-24 22:41:35.938195,2026-04-24 22:41:35.938195,25.84911346435547
2026-04-24 22:41:36.138221,2026-04-24 22:41:36.138221,26.01471519470215
2026-04-24 22:41:36.339079,2026-04-24 22:41:36.339079,26.15547752380371
2026-04-24 22:41:36.538836,2026-04-24 22:41:36.538836,26.275123596191406
2026-04-24 22:41:36.739131,2026-04-24 22:41:36.739131,26.3768253326416
2026-04-24 22:41:36.940348,2026-04-24 22:41:36.940348,26.46327018737793
2026-04-24 22:41:37.142959,2026-04-24 22:41:37.142959,26.53674697875977
2026-04-24 22:41:37.339025,2026-04-24 22:41:37.339025,26.599205017089844
2026-04-24 22:41:37.538999,2026-04-24 22:41:37.538999,26.652292251586918
2026-04-24 22:41:37.740299,2026-04-24 22:41:37.740299,26.697418212890625
2026-04-24 22:41:37.938079,2026-04-24 22:41:37.938079,25.15374183654785
2026-04-24 22:41:38.139760,2026-04-24 22:41:38.139760,23.84161758422852
2026-04-24 22:41:38.338141,2026-04-24 22:41:38.338141,22.5505313873291
2026-04-24 22:41:38.538401,2026-04-24 22:41:38.538401,21.453107833862305
2026-04-24 22:41:38.740184,2026-04-24 22:41:38.740184,20.52029800415039
2026-04-24 22:41:38.941350,2026-04-24 22:41:38.941350,19.72740936279297
2026-04-24 22:41:39.138815,2026-04-24 22:41:39.138815,19.053455352783203
2026-04-24 22:41:39.338920,2026-04-24 22:41:39.338920,18.480592727661133
2026-04-24 22:41:39.539123,2026-04-24 22:41:39.539123,17.99365997314453
2026-04-24 22:41:39.738591,2026-04-24 22:41:39.738591,17.57976722717285
2026-04-24 22:41:39.938886,2026-04-24 22:41:39.938886,17.22795867919922
2026-04-24 22:41:40.138483,2026-04-24 22:41:40.138483,16.92892074584961
2026-04-24 22:41:40.339730,2026-04-24 22:41:40.339730,16.674739837646484
2026-04-24 22:41:40.538679,2026-04-24 22:41:40.538679,16.45868492126465
2026-04-24 22:41:40.739476,2026-04-24 22:41:40.739476,16.27503776550293
2026-04-24 22:41:40.942995,2026-04-24 22:41:40.942995,16.118938446044922
2026-04-24 22:41:54.038122,2026-04-24 22:41:54.038122,15.98625373840332
2026-04-24 22:41:54.241258,2026-04-24 22:41:54.241258,15.873472213745115
2026-04-24 22:41:54.438505,2026-04-24 22:41:54.438505,15.777607917785645
2026-04-24 22:41:54.638913,2026-04-24 22:41:54.638913,15.696123123168944
2026-04-24 22:41:54.838746,2026-04-24 22:41:54.838746,15.802641868591309
2026-04-24 22:41:55.039013,2026-04-24 22:41:55.039013,15.717401504516602
2026-04-24 22:41:55.238044,2026-04-24 22:41:55.238044,15.64494800567627
2026-04-24 22:41:55.440434,2026-04-24 22:41:55.440434,15.759142875671388
2026-04-24 22:41:55.638886,2026-04-24 22:41:55.638886,15.856208801269531
2026-04-24 22:41:55.838943,2026-04-24 22:41:55.838943,15.938714981079102
2026-04-24 22:41:56.038604,2026-04-24 22:41:56.038604,16.184627532958984
2026-04-24 22:41:56.238657,2026-04-24 22:41:56.238657,16.393651962280273
2026-04-24 22:41:56.438676,2026-04-24 22:41:56.438676,16.74710464477539
2026-04-24 22:41:56.643975,2026-04-24 22:41:56.643975,17.04753875732422
2026-04-24 22:41:56.838405,2026-04-24 22:41:56.838405,17.127126693725586
2026-04-24 22:41:57.037996,2026-04-24 22:41:57.037996,17.19477653503418
2026-04-24 22:41:57.238709,2026-04-24 22:41:57.238709,15.846028327941896
2026-04-24 22:41:57.441379,2026-04-24 22:41:57.441379,14.699592590332031
2026-04-24 22:41:57.638081,2026-04-24 22:41:57.638081,13.725122451782228
2026-04-24 22:41:57.838630,2026-04-24 22:41:57.838630,12.896822929382324
2026-04-24 22:41:58.038519,2026-04-24 22:41:58.038519,12.192768096923828
2026-04-24 22:41:58.238983,2026-04-24 22:41:58.238983,11.594322204589844
2026-04-24 22:41:58.438089,2026-04-24 22:41:58.438089,11.085641860961914
2026-04-24 22:41:58.638144,2026-04-24 22:41:58.638144,10.653264999389648
2026-04-24 22:41:58.838686,2026-04-24 22:41:58.838686,10.461524963378906
2026-04-24 22:41:59.038631,2026-04-24 22:41:59.038631,10.298545837402344
2026-04-24 22:41:59.239556,2026-04-24 22:41:59.239556,10.160014152526855
2026-04-24 22:41:59.439341,2026-04-24 22:41:59.439341,10.042262077331545
2026-04-24 22:41:59.638599,2026-04-24 22:41:59.638599,9.94217300415039
2026-04-24 22:41:59.838661,2026-04-24 22:41:59.838661,9.857096672058104
2026-04-24 22:42:00.038811,2026-04-24 22:42:00.038811,9.960563659667969
2026-04-24 22:42:00.238875,2026-04-24 22:42:00.238875,9.872729301452637
2026-04-24 22:42:00.438316,2026-04-24 22:42:00.438316,9.798069953918455
2026-04-24 22:42:00.638060,2026-04-24 22:42:00.638060,9.734609603881836
2026-04-24 22:42:00.838680,2026-04-24 22:42:00.838680,9.680667877197266
2026-04-24 22:42:01.038430,2026-04-24 22:42:01.038430,9.634818077087402
2026-04-24 22:42:01.239716,2026-04-24 22:42:01.239716,9.595845222473145
2026-04-24 22:42:01.439643,2026-04-24 22:42:01.439643,9.562718391418455
2026-04-24 22:42:01.638978,2026-04-24 22:42:01.638978,9.534560203552246
2026-04-24 22:42:01.838794,2026-04-24 22:42:01.838794,9.510626792907717
2026-04-24 22:42:02.038323,2026-04-24 22:42:02.038323,9.49028205871582
2026-04-24 22:42:02.238604,2026-04-24 22:42:02.238604,9.472990036010742
2026-04-24 22:42:02.437998,2026-04-24 22:42:02.437998,9.458292007446287
2026-04-24 22:42:02.638245,2026-04-24 22:42:02.638245,9.44579792022705
2026-04-24 22:42:02.838084,2026-04-24 22:42:02.838084,9.43517780303955
2026-04-24 22:42:03.038084,2026-04-24 22:42:03.038084,9.426151275634766
2026-04-24 22:42:03.239188,2026-04-24 22:42:03.239188,9.418478965759276
2026-04-24 22:42:03.438469,2026-04-24 22:42:03.438469,9.411956787109377
2026-04-24 22:42:03.638706,2026-04-24 22:42:03.638706,9.406413078308104
2026-04-24 22:42:03.838091,2026-04-24 22:42:03.838091,9.401700973510742
2026-04-24 22:42:04.039190,2026-04-24 22:42:04.039190,9.397696495056152
2026-04-24 22:42:04.238733,2026-04-24 22:42:04.238733,9.394291877746582
2026-04-24 22:42:04.439376,2026-04-24 22:42:04.439376,9.391398429870604
2026-04-24 22:42:04.638461,2026-04-24 22:42:04.638461,9.388937950134276
2026-04-24 22:42:04.839268,2026-04-24 22:42:04.839268,9.386847496032717
2026-04-24 22:42:05.038137,2026-04-24 22:42:05.038137,9.38507080078125
2026-04-24 22:42:05.238493,2026-04-24 22:42:05.238493,9.383560180664062
2026-04-24 22:42:05.438602,2026-04-24 22:42:05.438602,9.382275581359863
2026-04-24 22:42:05.638078,2026-04-24 22:42:05.638078,9.381184577941896
2026-04-24 22:42:05.838981,2026-04-24 22:42:05.838981,9.204475402832031
2026-04-24 22:42:06.038461,2026-04-24 22:42:06.038461,9.054272651672363
2026-04-24 22:42:06.239278,2026-04-24 22:42:06.239278,9.102381706237791
2026-04-24 22:42:06.439465,2026-04-24 22:42:06.439465,9.143274307250977
2026-04-24 22:42:06.640183,2026-04-24 22:42:06.640183,9.178033828735352
2026-04-24 22:42:06.838449,2026-04-24 22:42:06.838449,9.207578659057615
2026-04-24 22:42:07.038222,2026-04-24 22:42:07.038222,9.232691764831545
2026-04-24 22:42:07.238685,2026-04-24 22:42:07.238685,9.254037857055664
2026-04-24 22:42:07.439321,2026-04-24 22:42:07.439321,9.09640121459961
2026-04-24 22:42:07.638923,2026-04-24 22:42:07.638923,9.138191223144531
2026-04-24 22:42:07.838820,2026-04-24 22:42:07.838820,9.173711776733398
2026-04-24 22:42:08.040578,2026-04-24 22:42:08.040578,9.37968635559082
2026-04-24 22:42:08.238599,2026-04-24 22:42:08.238599,9.554764747619627
2026-04-24 22:42:08.438218,2026-04-24 22:42:08.438218,9.70358180999756
2026-04-24 22:42:08.639130,2026-04-24 22:42:08.639130,9.83007526397705
2026-04-24 22:42:08.840673,2026-04-24 22:42:08.840673,9.93759536743164
2026-04-24 22:42:09.038727,2026-04-24 22:42:09.038727,10.028986930847168
2026-04-24 22:42:09.240794,2026-04-24 22:42:09.240794,10.106670379638672
2026-04-24 22:42:09.440518,2026-04-24 22:42:09.440518,10.172700881958008
2026-04-24 22:42:09.641336,2026-04-24 22:42:09.641336,10.228827476501465
2026-04-24 22:42:09.841031,2026-04-24 22:42:09.841031,10.276534080505373
2026-04-24 22:42:10.039753,2026-04-24 22:42:10.039753,10.31708526611328
2026-04-24 22:42:10.239199,2026-04-24 22:42:10.239199,10.527335166931152
2026-04-24 22:42:10.441181,2026-04-24 22:42:10.441181,10.706047058105469
2026-04-24 22:42:10.639437,2026-04-24 22:42:10.639437,11.033734321594238
2026-04-24 22:42:10.841628,2026-04-24 22:42:10.841628,11.136486053466797
2026-04-24 22:42:11.040816,2026-04-24 22:42:11.040816,11.39960765838623
2026-04-24 22:42:11.241001,2026-04-24 22:42:11.241001,11.62325954437256
2026-04-24 22:42:11.441206,2026-04-24 22:42:11.441206,11.98914623260498
2026-04-24 22:42:11.640285,2026-04-24 22:42:11.640285,12.300148963928224
2026-04-24 22:42:11.839203,2026-04-24 22:42:11.839203,12.564501762390137
2026-04-24 22:42:12.039808,2026-04-24 22:42:12.039808,12.789201736450195
2026-04-24 22:42:12.239813,2026-04-24 22:42:12.239813,12.804414749145508
2026-04-24 22:42:12.441914,2026-04-24 22:42:12.441914,12.993127822875977
2026-04-24 22:42:12.639175,2026-04-24 22:42:12.639175,13.153533935546877
2026-04-24 22:42:12.839051,2026-04-24 22:42:12.839051,13.289878845214844
2026-04-24 22:42:13.038465,2026-04-24 22:42:13.038465,13.40577220916748
2026-04-24 22:42:13.239074,2026-04-24 22:42:13.239074,13.504281044006348
2026-04-24 22:42:13.439287,2026-04-24 22:42:13.439287,13.763794898986816
2026-04-24 22:42:13.641764,2026-04-24 22:42:13.641764,13.984381675720217
2026-04-24 22:42:13.840224,2026-04-24 22:42:13.840224,14.171880722045898
2026-04-24 22:42:14.039947,2026-04-24 22:42:14.039947,14.331254959106444
2026-04-24 22:42:14.238301,2026-04-24 22:42:14.238301,14.642504692077637
2026-04-24 22:42:14.440813,2026-04-24 22:42:14.440813,14.731285095214844
2026-04-24 22:42:14.640342,2026-04-24 22:42:14.640342,14.806748390197754
2026-04-24 22:42:14.838410,2026-04-24 22:42:14.838410,14.870892524719238
2026-04-24 22:42:15.041641,2026-04-24 22:42:15.041641,14.9254150390625
2026-04-24 22:42:15.240215,2026-04-24 22:42:15.240215,14.971758842468262
2026-04-24 22:42:15.439981,2026-04-24 22:42:15.439981,15.011151313781738
2026-04-24 22:42:15.641456,2026-04-24 22:42:15.641456,15.044634819030762
2026-04-24 22:42:15.839838,2026-04-24 22:42:15.839838,15.07309627532959
2026-04-24 22:42:16.039085,2026-04-24 22:42:16.039085,14.921506881713867
2026-04-24 22:42:16.238155,2026-04-24 22:42:16.238155,14.79265594482422
2026-04-24 22:42:16.439497,2026-04-24 22:42:16.439497,14.85891342163086
2026-04-24 22:42:16.641817,2026-04-24 22:42:16.641817,14.73945140838623
2026-04-24 22:42:16.839076,2026-04-24 22:42:16.839076,14.637908935546877
2026-04-24 22:42:17.040919,2026-04-24 22:42:17.040919,14.375816345214844
2026-04-24 22:42:17.238209,2026-04-24 22:42:17.238209,14.153037071228027
2026-04-24 22:42:17.438892,2026-04-24 22:42:17.438892,13.963675498962402
2026-04-24 22:42:17.638787,2026-04-24 22:42:17.638787,13.80271816253662
2026-04-24 22:42:17.839623,2026-04-24 22:42:17.839623,13.66590404510498
2026-04-24 22:42:18.038480,2026-04-24 22:42:18.038480,13.549612045288086
2026-04-24 22:42:18.239808,2026-04-24 22:42:18.239808,13.450763702392578
2026-04-24 22:42:18.438921,2026-04-24 22:42:18.438921,13.366743087768556
2026-04-24 22:42:18.640112,2026-04-24 22:42:18.640112,13.29532527923584
2026-04-24 22:42:18.838815,2026-04-24 22:42:18.838815,13.234620094299316
2026-04-24 22:42:19.039947,2026-04-24 22:42:19.039947,13.183021545410156
2026-04-24 22:42:19.238729,2026-04-24 22:42:19.238729,12.963380813598633
2026-04-24 22:42:32.340048,2026-04-24 22:42:32.340048,12.95246696472168
2026-04-24 22:42:32.541231,2026-04-24 22:42:32.541231,12.767409324645996
2026-04-24 22:42:32.739872,2026-04-24 22:42:32.739872,12.61011028289795
2026-04-24 22:42:32.939984,2026-04-24 22:42:32.939984,12.47640609741211
2026-04-24 22:42:33.142307,2026-04-24 22:42:33.142307,12.362757682800291
2026-04-24 22:42:33.340693,2026-04-24 22:42:33.340693,12.266157150268556
2026-04-24 22:42:33.541071,2026-04-24 22:42:33.541071,12.184045791625977
2026-04-24 22:42:33.739190,2026-04-24 22:42:33.739190,12.114251136779783
2026-04-24 22:42:33.942824,2026-04-24 22:42:33.942824,12.054925918579102
2026-04-24 22:42:34.140221,2026-04-24 22:42:34.140221,12.004499435424805
2026-04-24 22:42:34.339429,2026-04-24 22:42:34.339429,11.961637496948242
2026-04-24 22:42:34.539913,2026-04-24 22:42:34.539913,11.925204277038574
2026-04-24 22:42:34.739885,2026-04-24 22:42:34.739885,11.89423656463623
2026-04-24 22:42:34.940076,2026-04-24 22:42:34.940076,11.867913246154783
2026-04-24 22:42:35.139088,2026-04-24 22:42:35.139088,11.845539093017578
2026-04-24 22:42:35.339770,2026-04-24 22:42:35.339770,11.826519966125488
2026-04-24 22:42:35.541281,2026-04-24 22:42:35.541281,11.810355186462402
2026-04-24 22:42:35.740618,2026-04-24 22:42:35.740618,11.620832443237305
2026-04-24 22:42:35.938973,2026-04-24 22:42:35.938973,11.635519981384276
2026-04-24 22:42:36.138643,2026-04-24 22:42:36.138643,11.648004531860352
2026-04-24 22:42:36.338176,2026-04-24 22:42:36.338176,11.65861701965332
2026-04-24 22:42:36.538817,2026-04-24 22:42:36.538817,11.49185562133789
2026-04-24 22:42:36.738617,2026-04-24 22:42:36.738617,11.52588939666748
2026-04-24 22:42:36.941389,2026-04-24 22:42:36.941389,11.554819107055664
2026-04-24 22:42:37.142375,2026-04-24 22:42:37.142375,13.688783645629885
2026-04-24 22:42:37.349864,2026-04-24 22:42:37.349864,15.502653121948242
2026-04-24 22:42:37.539364,2026-04-24 22:42:37.539364,17.044443130493164
2026-04-24 22:42:37.739092,2026-04-24 22:42:37.739092,18.354963302612305
2026-04-24 22:42:37.939307,2026-04-24 22:42:37.939307,19.46890640258789
2026-04-24 22:42:38.138788,2026-04-24 22:42:38.138788,20.41575813293457
2026-04-24 22:42:38.339000,2026-04-24 22:42:38.339000,21.220582962036133
2026-04-24 22:42:38.537990,2026-04-24 22:42:38.537990,21.904682159423828
2026-04-24 22:42:38.738125,2026-04-24 22:42:38.738125,22.486167907714844
2026-04-24 22:42:38.938570,2026-04-24 22:42:38.938570,23.156211853027344
2026-04-24 22:42:39.140844,2026-04-24 22:42:39.140844,23.72574806213379
2026-04-24 22:42:39.340030,2026-04-24 22:42:39.340030,24.20985412597656
2026-04-24 22:42:39.538916,2026-04-24 22:42:39.538916,24.62134552001953
2026-04-24 22:42:39.738504,2026-04-24 22:42:39.738504,24.971111297607425
2026-04-24 22:42:39.938720,2026-04-24 22:42:39.938720,25.26841354370117
2026-04-24 22:42:40.138523,2026-04-24 22:42:40.138523,25.521120071411133
2026-04-24 22:42:40.339474,2026-04-24 22:42:40.339474,25.73592185974121
2026-04-24 22:42:40.537903,2026-04-24 22:42:40.537903,25.918502807617188
2026-04-24 22:42:40.738429,2026-04-24 22:42:40.738429,26.07369613647461
2026-04-24 22:42:40.937911,2026-04-24 22:42:40.937911,26.205610275268555
2026-04-24 22:42:41.138315,2026-04-24 22:42:41.138315,26.317737579345703
2026-04-24 22:42:41.338984,2026-04-24 22:42:41.338984,26.41304588317871
2026-04-24 22:42:41.539351,2026-04-24 22:42:41.539351,26.49405670166016
2026-04-24 22:42:41.739131,2026-04-24 22:42:41.739131,26.562917709350582
2026-04-24 22:42:41.939016,2026-04-24 22:42:41.939016,26.621448516845703
2026-04-24 22:42:42.138088,2026-04-24 22:42:42.138088,26.671199798583984
2026-04-24 22:42:42.339099,2026-04-24 22:42:42.339099,26.713489532470703
2026-04-24 22:42:42.539216,2026-04-24 22:42:42.539216,26.74943351745605
2026-04-24 22:42:42.739677,2026-04-24 22:42:42.739677,26.77998733520508
2026-04-24 22:42:42.938840,2026-04-24 22:42:42.938840,26.805957794189453
2026-04-24 22:42:43.138537,2026-04-24 22:42:43.138537,26.828033447265625
2026-04-24 22:42:43.339680,2026-04-24 22:42:43.339680,26.846797943115234
2026-04-24 22:42:43.538800,2026-04-24 22:42:43.538800,26.86274719238281
2026-04-24 22:42:43.738344,2026-04-24 22:42:43.738344,26.87630271911621
2026-04-24 22:42:43.938185,2026-04-24 22:42:43.938185,26.887826919555664
2026-04-24 22:42:44.138947,2026-04-24 22:42:44.138947,26.72183990478516
2026-04-24 22:42:44.338494,2026-04-24 22:42:44.338494,26.756532669067383
2026-04-24 22:42:44.538057,2026-04-24 22:42:44.538057,26.610240936279297
2026-04-24 22:42:44.738954,2026-04-24 22:42:44.738954,26.48589134216309
2026-04-24 22:42:44.938766,2026-04-24 22:42:44.938766,26.38019561767578
2026-04-24 22:42:45.139070,2026-04-24 22:42:45.139070,26.29035377502441
2026-04-24 22:42:45.338301,2026-04-24 22:42:45.338301,26.213987350463867
2026-04-24 22:42:45.538913,2026-04-24 22:42:45.538913,26.149076461791992
2026-04-24 22:42:45.739954,2026-04-24 22:42:45.739954,26.093902587890625
2026-04-24 22:42:45.939175,2026-04-24 22:42:45.939175,26.04700469970703
2026-04-24 22:42:46.140400,2026-04-24 22:42:46.140400,26.00714111328125
2026-04-24 22:42:46.340256,2026-04-24 22:42:46.340256,25.97325897216797
2026-04-24 22:42:46.538681,2026-04-24 22:42:46.538681,25.944456100463867
2026-04-24 22:42:46.739028,2026-04-24 22:42:46.739028,25.91997528076172
2026-04-24 22:42:46.939014,2026-04-24 22:42:46.939014,25.89916610717773
2026-04-24 22:42:47.139714,2026-04-24 22:42:47.139714,25.881479263305664
2026-04-24 22:42:47.341286,2026-04-24 22:42:47.341286,25.86644554138184
2026-04-24 22:42:47.540829,2026-04-24 22:42:47.540829,25.853666305541992
2026-04-24 22:42:47.738899,2026-04-24 22:42:47.738899,25.842803955078125
2026-04-24 22:42:47.938683,2026-04-24 22:42:47.938683,25.83357048034668
2026-04-24 22:42:48.142087,2026-04-24 22:42:48.142087,25.825721740722656
2026-04-24 22:42:48.339488,2026-04-24 22:42:48.339488,25.81905174255371
2026-04-24 22:42:48.540046,2026-04-24 22:42:48.540046,25.63759994506836
2026-04-24 22:42:48.739543,2026-04-24 22:42:48.739543,25.48336601257324
2026-04-24 22:42:48.939302,2026-04-24 22:42:48.939302,25.35226821899414
2026-04-24 22:42:49.142770,2026-04-24 22:42:49.142770,25.240833282470703
2026-04-24 22:42:49.339519,2026-04-24 22:42:49.339519,25.146114349365234
2026-04-24 22:42:49.539690,2026-04-24 22:42:49.539690,25.065603256225582
2026-04-24 22:42:49.755703,2026-04-24 22:42:49.755703,24.997169494628903
2026-04-24 22:42:49.939483,2026-04-24 22:42:49.939483,24.763219833374023
2026-04-24 22:42:50.138720,2026-04-24 22:42:50.138720,24.564361572265625
2026-04-24 22:42:50.340055,2026-04-24 22:42:50.340055,24.39533233642578
2026-04-24 22:42:50.540739,2026-04-24 22:42:50.540739,24.251657485961918
2026-04-24 22:42:50.739957,2026-04-24 22:42:50.739957,24.129533767700195
2026-04-24 22:42:50.941408,2026-04-24 22:42:50.941408,24.025728225708008
2026-04-24 22:42:51.139902,2026-04-24 22:42:51.139902,23.9374942779541
2026-04-24 22:42:51.341793,2026-04-24 22:42:51.341793,23.86249542236328
2026-04-24 22:42:51.540344,2026-04-24 22:42:51.540344,23.79874610900879
2026-04-24 22:42:51.738834,2026-04-24 22:42:51.738834,23.568777084350582
2026-04-24 22:42:51.942837,2026-04-24 22:42:51.942837,23.37330436706543
2026-04-24 22:42:52.140346,2026-04-24 22:42:52.140346,23.2071533203125
2026-04-24 22:42:52.338671,2026-04-24 22:42:52.338671,23.0659236907959
2026-04-24 22:42:52.540444,2026-04-24 22:42:52.540444,22.945878982543945
2026-04-24 22:42:52.740204,2026-04-24 22:42:52.740204,22.84384155273437
2026-04-24 22:42:52.941708,2026-04-24 22:42:52.941708,22.75710868835449
2026-04-24 22:42:53.141025,2026-04-24 22:42:53.141025,22.683385848999023
2026-04-24 22:42:53.342571,2026-04-24 22:42:53.342571,22.6207218170166
2026-04-24 22:42:53.542188,2026-04-24 22:42:53.542188,22.56745719909668
2026-04-24 22:42:53.738418,2026-04-24 22:42:53.738418,22.34640121459961
2026-04-24 22:42:53.938665,2026-04-24 22:42:53.938665,22.15850257873535
2026-04-24 22:42:54.139166,2026-04-24 22:42:54.139166,21.9987907409668
2026-04-24 22:42:54.341276,2026-04-24 22:42:54.341276,21.863035202026367
2026-04-24 22:42:54.540855,2026-04-24 22:42:54.540855,21.747642517089844
2026-04-24 22:42:54.738993,2026-04-24 22:42:54.738993,21.64955711364746
2026-04-24 22:42:54.939595,2026-04-24 22:42:54.939595,21.566186904907227
2026-04-24 22:42:55.141345,2026-04-24 22:42:55.141345,21.49532127380371
2026-04-24 22:42:55.339468,2026-04-24 22:42:55.339468,21.43508529663086
2026-04-24 22:42:55.538023,2026-04-24 22:42:55.538023,21.38388442993164
2026-04-24 22:42:55.737839,2026-04-24 22:42:55.737839,21.34036445617676
2026-04-24 22:42:55.937935,2026-04-24 22:42:55.937935,21.303373336791992
2026-04-24 22:42:56.139307,2026-04-24 22:42:56.139307,21.271928787231445
2026-04-24 22:42:56.338033,2026-04-24 22:42:56.338033,21.24520301818848
2026-04-24 22:42:56.537910,2026-04-24 22:42:56.537910,21.222484588623047
2026-04-24 22:42:56.740955,2026-04-24 22:42:56.740955,21.027393341064453
2026-04-24 22:42:56.937956,2026-04-24 22:42:56.937956,20.86156463623047
2026-04-24 22:42:57.137989,2026-04-24 22:42:57.137989,20.720611572265625
2026-04-24 22:42:57.338896,2026-04-24 22:42:57.338896,20.600801467895508
2026-04-24 22:42:57.538934,2026-04-24 22:42:57.538934,20.49896240234375
2026-04-24 22:43:10.639747,2026-04-24 22:43:10.639747,20.412399291992188
2026-04-24 22:43:10.840275,2026-04-24 22:43:10.840275,20.33882141113281
2026-04-24 22:43:11.040186,2026-04-24 22:43:11.040186,20.45206069946289
2026-04-24 22:43:11.240071,2026-04-24 22:43:11.240071,20.54831314086914
2026-04-24 22:43:11.439528,2026-04-24 22:43:11.439528,20.630128860473636
2026-04-24 22:43:11.638600,2026-04-24 22:43:11.638600,20.69967269897461
2026-04-24 22:43:11.840260,2026-04-24 22:43:11.840260,20.7587833404541
2026-04-24 22:43:12.041549,2026-04-24 22:43:12.041549,20.80902862548828
2026-04-24 22:43:12.244380,2026-04-24 22:43:12.244380,20.851736068725582
2026-04-24 22:43:12.438316,2026-04-24 22:43:12.438316,20.888038635253903
2026-04-24 22:43:12.638295,2026-04-24 22:43:12.638295,20.918895721435547
2026-04-24 22:43:12.839805,2026-04-24 22:43:12.839805,20.94512367248535
2026-04-24 22:43:13.042666,2026-04-24 22:43:13.042666,20.967416763305664
2026-04-24 22:43:13.241642,2026-04-24 22:43:13.241642,20.98636817932129
2026-04-24 22:43:13.439888,2026-04-24 22:43:13.439888,21.00247573852539
2026-04-24 22:43:13.641282,2026-04-24 22:43:13.641282,21.01616668701172
2026-04-24 22:43:13.839955,2026-04-24 22:43:13.839955,21.027803421020508
2026-04-24 22:43:14.042672,2026-04-24 22:43:14.042672,21.037694931030277
2026-04-24 22:43:14.237969,2026-04-24 22:43:14.237969,21.046104431152344
2026-04-24 22:43:14.438004,2026-04-24 22:43:14.438004,21.05325126647949
2026-04-24 22:43:14.640258,2026-04-24 22:43:14.640258,21.059326171875
2026-04-24 22:43:14.839012,2026-04-24 22:43:14.839012,20.888708114624023
2026-04-24 22:43:15.039145,2026-04-24 22:43:15.039145,20.743682861328125
2026-04-24 22:43:15.240104,2026-04-24 22:43:15.240104,20.620410919189453
2026-04-24 22:43:15.439714,2026-04-24 22:43:15.439714,20.5156307220459
2026-04-24 22:43:15.638861,2026-04-24 22:43:15.638861,20.42656707763672
2026-04-24 22:43:15.838401,2026-04-24 22:43:15.838401,20.35086441040039
2026-04-24 22:43:16.039591,2026-04-24 22:43:16.039591,20.286516189575195
2026-04-24 22:43:16.239021,2026-04-24 22:43:16.239021,20.23181915283203
2026-04-24 22:43:16.439882,2026-04-24 22:43:16.439882,20.009546279907227
2026-04-24 22:43:16.639694,2026-04-24 22:43:16.639694,19.820613861083984
2026-04-24 22:43:16.838002,2026-04-24 22:43:16.838002,19.660022735595703
2026-04-24 22:43:17.038478,2026-04-24 22:43:17.038478,19.52351951599121
2026-04-24 22:43:17.238430,2026-04-24 22:43:17.238430,19.23171043395996
2026-04-24 22:43:17.438543,2026-04-24 22:43:17.438543,18.983673095703125
2026-04-24 22:43:17.638772,2026-04-24 22:43:17.638772,18.77284049987793
2026-04-24 22:43:17.839111,2026-04-24 22:43:17.839111,18.5936336517334
2026-04-24 22:43:18.038914,2026-04-24 22:43:18.038914,18.265525817871094
2026-04-24 22:43:18.238172,2026-04-24 22:43:18.238172,17.98663330078125
2026-04-24 22:43:18.438395,2026-04-24 22:43:18.438395,17.749576568603516
2026-04-24 22:43:18.647978,2026-04-24 22:43:18.647978,17.548076629638672
2026-04-24 22:43:18.838620,2026-04-24 22:43:18.838620,17.376802444458008
2026-04-24 22:43:19.038898,2026-04-24 22:43:19.038898,17.231220245361328
2026-04-24 22:43:19.238314,2026-04-24 22:43:19.238314,17.10747528076172
2026-04-24 22:43:19.438515,2026-04-24 22:43:19.438515,17.002290725708008
2026-04-24 22:43:19.637997,2026-04-24 22:43:19.637997,16.912885665893555
2026-04-24 22:43:19.838038,2026-04-24 22:43:19.838038,16.836889266967773
2026-04-24 22:43:20.038265,2026-04-24 22:43:20.038265,16.772293090820312
2026-04-24 22:43:20.238724,2026-04-24 22:43:20.238724,16.71738624572754
2026-04-24 22:43:20.438107,2026-04-24 22:43:20.438107,16.494935989379883
2026-04-24 22:43:20.638338,2026-04-24 22:43:20.638338,16.305850982666016
2026-04-24 22:43:20.838831,2026-04-24 22:43:20.838831,16.145130157470703
2026-04-24 22:43:21.038075,2026-04-24 22:43:21.038075,16.008516311645508
2026-04-24 22:43:21.238019,2026-04-24 22:43:21.238019,15.89239501953125
2026-04-24 22:43:21.439000,2026-04-24 22:43:21.439000,15.969473838806152
2026-04-24 22:43:21.637923,2026-04-24 22:43:21.637923,16.034990310668945
2026-04-24 22:43:21.837955,2026-04-24 22:43:21.837955,16.090679168701172
2026-04-24 22:43:22.043002,2026-04-24 22:43:22.043002,16.13801383972168
2026-04-24 22:43:22.237924,2026-04-24 22:43:22.237924,16.17824935913086
2026-04-24 22:43:22.438576,2026-04-24 22:43:22.438576,16.21245002746582
2026-04-24 22:43:22.638134,2026-04-24 22:43:22.638134,16.241519927978516
2026-04-24 22:43:22.837989,2026-04-24 22:43:22.837989,16.0904483795166
2026-04-24 22:43:23.038806,2026-04-24 22:43:23.038806,15.962037086486816
2026-04-24 22:43:23.238971,2026-04-24 22:43:23.238971,15.852888107299805
2026-04-24 22:43:23.440506,2026-04-24 22:43:23.440506,15.58432960510254
2026-04-24 22:43:23.638630,2026-04-24 22:43:23.638630,15.35605525970459
2026-04-24 22:43:23.839185,2026-04-24 22:43:23.839185,15.16202163696289
2026-04-24 22:43:24.038561,2026-04-24 22:43:24.038561,15.17287540435791
2026-04-24 22:43:24.238519,2026-04-24 22:43:24.238519,14.830537796020508
2026-04-24 22:43:24.438145,2026-04-24 22:43:24.438145,14.53955078125
2026-04-24 22:43:24.638246,2026-04-24 22:43:24.638246,14.467992782592772
2026-04-24 22:43:24.838582,2026-04-24 22:43:24.838582,15.286075592041016
2026-04-24 22:43:25.037985,2026-04-24 22:43:25.037985,15.1025390625
2026-04-24 22:43:25.239505,2026-04-24 22:43:25.239505,14.770751953125
2026-04-24 22:43:25.438607,2026-04-24 22:43:25.438607,14.488733291625977
2026-04-24 22:43:25.641150,2026-04-24 22:43:25.641150,15.479485511779783
2026-04-24 22:43:25.839762,2026-04-24 22:43:25.839762,15.091156005859377
2026-04-24 22:43:26.038355,2026-04-24 22:43:26.038355,14.76107692718506
2026-04-24 22:43:26.238896,2026-04-24 22:43:26.238896,14.480508804321287
2026-04-24 22:43:26.439636,2026-04-24 22:43:26.439636,15.472495079040527
2026-04-24 22:43:26.638916,2026-04-24 22:43:26.638916,15.085214614868164
2026-04-24 22:43:26.839405,2026-04-24 22:43:26.839405,14.756026268005373
2026-04-24 22:43:27.041014,2026-04-24 22:43:27.041014,15.882466316223145
2026-04-24 22:43:27.239609,2026-04-24 22:43:27.239609,16.83993911743164
2026-04-24 22:43:27.438321,2026-04-24 22:43:27.438321,16.071762084960938
2026-04-24 22:43:27.640744,2026-04-24 22:43:27.640744,17.17662239074707
2026-04-24 22:43:27.838021,2026-04-24 22:43:27.838021,18.115753173828125
2026-04-24 22:43:28.039110,2026-04-24 22:43:28.039110,18.91401481628418
2026-04-24 22:43:28.239948,2026-04-24 22:43:28.239948,19.592538833618164
2026-04-24 22:43:28.439296,2026-04-24 22:43:28.439296,20.169282913208008
2026-04-24 22:43:28.639014,2026-04-24 22:43:28.639014,20.65951538085937
2026-04-24 22:43:28.838898,2026-04-24 22:43:28.838898,21.07621383666992
2026-04-24 22:43:29.039382,2026-04-24 22:43:29.039382,21.43040657043457
2026-04-24 22:43:29.240034,2026-04-24 22:43:29.240034,21.907251358032227
2026-04-24 22:43:29.438149,2026-04-24 22:43:29.438149,22.31257057189941
2026-04-24 22:43:29.639243,2026-04-24 22:43:29.639243,22.83287239074707
2026-04-24 22:43:29.838482,2026-04-24 22:43:29.838482,23.099348068237305
2026-04-24 22:43:30.039739,2026-04-24 22:43:30.039739,23.325851440429688
2026-04-24 22:43:30.240472,2026-04-24 22:43:30.240472,23.69416046142578
2026-04-24 22:43:30.440594,2026-04-24 22:43:30.440594,24.007225036621094
2026-04-24 22:43:30.640828,2026-04-24 22:43:30.640828,24.44911003112793
2026-04-24 22:43:30.838625,2026-04-24 22:43:30.838625,25.0004940032959
2026-04-24 22:43:31.040965,2026-04-24 22:43:31.040965,25.46916961669922
2026-04-24 22:43:31.239913,2026-04-24 22:43:31.239913,25.691762924194336
2026-04-24 22:43:31.439646,2026-04-24 22:43:31.439646,25.88096618652344
2026-04-24 22:43:31.642375,2026-04-24 22:43:31.642375,26.04179000854492
2026-04-24 22:43:31.841923,2026-04-24 22:43:31.841923,26.178491592407227
2026-04-24 22:43:32.040433,2026-04-24 22:43:32.040433,26.29468536376953
2026-04-24 22:43:32.240484,2026-04-24 22:43:32.240484,26.393451690673828
2026-04-24 22:43:32.439837,2026-04-24 22:43:32.439837,26.47740364074707
2026-04-24 22:43:32.641217,2026-04-24 22:43:32.641217,26.54876136779785
2026-04-24 22:43:32.840167,2026-04-24 22:43:32.840167,26.43363380432129
2026-04-24 22:43:33.039879,2026-04-24 22:43:33.039879,26.335777282714844
2026-04-24 22:43:33.242013,2026-04-24 22:43:33.242013,26.25259780883789
2026-04-24 22:43:33.440413,2026-04-24 22:43:33.440413,26.1818962097168
2026-04-24 22:43:33.643494,2026-04-24 22:43:33.643494,26.12179946899414
2026-04-24 22:43:33.840973,2026-04-24 22:43:33.840973,26.07071685791016
2026-04-24 22:43:34.039748,2026-04-24 22:43:34.039748,26.02729606628418
2026-04-24 22:43:34.240063,2026-04-24 22:43:34.240063,25.814607620239254
2026-04-24 22:43:34.443997,2026-04-24 22:43:34.443997,25.63382339477539
2026-04-24 22:43:34.637897,2026-04-24 22:43:34.637897,25.48015594482422
2026-04-24 22:43:34.841436,2026-04-24 22:43:34.841436,25.349538803100582
2026-04-24 22:43:35.039567,2026-04-24 22:43:35.039567,25.238513946533203
2026-04-24 22:43:35.242420,2026-04-24 22:43:35.242420,25.14414405822754
2026-04-24 22:43:35.439239,2026-04-24 22:43:35.439239,25.063928604125977
2026-04-24 22:43:35.638900,2026-04-24 22:43:35.638900,24.995744705200195
2026-04-24 22:43:35.839949,2026-04-24 22:43:35.839949,24.937789916992188
2026-04-24 22:43:48.940584,2026-04-24 22:43:48.940584,24.888526916503903
2026-04-24 22:43:49.139762,2026-04-24 22:43:49.139762,24.846654891967773
2026-04-24 22:43:49.339869,2026-04-24 22:43:49.339869,24.81106185913086
2026-04-24 22:43:49.540833,2026-04-24 22:43:49.540833,24.78080940246582
2026-04-24 22:43:49.739778,2026-04-24 22:43:49.739778,24.57931327819824
2026-04-24 22:43:49.940583,2026-04-24 22:43:49.940583,24.58382225036621
2026-04-24 22:43:50.140941,2026-04-24 22:43:50.140941,24.411874771118164
2026-04-24 22:43:50.341164,2026-04-24 22:43:50.341164,24.265718460083008
2026-04-24 22:43:50.542045,2026-04-24 22:43:50.542045,24.1414852142334
2026-04-24 22:43:50.738259,2026-04-24 22:43:50.738259,24.035886764526367
2026-04-24 22:43:50.941769,2026-04-24 22:43:50.941769,23.946128845214844
2026-04-24 22:43:51.139745,2026-04-24 22:43:51.139745,23.869834899902344
2026-04-24 22:43:51.339992,2026-04-24 22:43:51.339992,23.80498504638672
2026-04-24 22:43:51.542183,2026-04-24 22:43:51.542183,23.74986267089844
2026-04-24 22:43:51.741547,2026-04-24 22:43:51.741547,23.70300674438477
2026-04-24 22:43:51.940116,2026-04-24 22:43:51.940116,23.66318130493164
2026-04-24 22:43:52.141696,2026-04-24 22:43:52.141696,23.629329681396484
2026-04-24 22:43:52.340201,2026-04-24 22:43:52.340201,23.600555419921875
2026-04-24 22:43:52.543300,2026-04-24 22:43:52.543300,23.57609748840332
2026-04-24 22:43:52.743264,2026-04-24 22:43:52.743264,23.555307388305664
2026-04-24 22:43:52.942738,2026-04-24 22:43:52.942738,23.537635803222656
2026-04-24 22:43:53.139116,2026-04-24 22:43:53.139116,23.522615432739254
2026-04-24 22:43:53.340005,2026-04-24 22:43:53.340005,23.50984764099121
2026-04-24 22:43:53.541003,2026-04-24 22:43:53.541003,23.49899673461914
2026-04-24 22:43:53.740119,2026-04-24 22:43:53.740119,23.489770889282227
2026-04-24 22:43:53.939191,2026-04-24 22:43:53.939191,23.481931686401367
2026-04-24 22:43:54.140725,2026-04-24 22:43:54.140725,23.475265502929688
2026-04-24 22:43:54.340834,2026-04-24 22:43:54.340834,23.469600677490234
2026-04-24 22:43:54.541456,2026-04-24 22:43:54.541456,23.464786529541016
2026-04-24 22:43:54.739588,2026-04-24 22:43:54.739588,23.636474609375
2026-04-24 22:43:54.943333,2026-04-24 22:43:54.943333,23.78240966796875
2026-04-24 22:43:55.140817,2026-04-24 22:43:55.140817,23.90645408630371
2026-04-24 22:43:55.339025,2026-04-24 22:43:55.339025,24.011892318725582
2026-04-24 22:43:55.538836,2026-04-24 22:43:55.538836,24.10151481628418
2026-04-24 22:43:55.740190,2026-04-24 22:43:55.740190,24.17769432067871
2026-04-24 22:43:55.939007,2026-04-24 22:43:55.939007,24.242446899414062
2026-04-24 22:43:56.138152,2026-04-24 22:43:56.138152,24.2974853515625
2026-04-24 22:43:56.339970,2026-04-24 22:43:56.339970,24.344268798828125
2026-04-24 22:43:56.538090,2026-04-24 22:43:56.538090,24.384035110473636
2026-04-24 22:43:56.740541,2026-04-24 22:43:56.740541,24.417835235595703
2026-04-24 22:43:56.937780,2026-04-24 22:43:56.937780,24.44656753540039
2026-04-24 22:43:57.139275,2026-04-24 22:43:57.139275,24.47098731994629
2026-04-24 22:43:57.339914,2026-04-24 22:43:57.339914,24.49174690246582
2026-04-24 22:43:57.539786,2026-04-24 22:43:57.539786,24.509389877319336
2026-04-24 22:43:57.739209,2026-04-24 22:43:57.739209,24.52438735961914
2026-04-24 22:43:57.938748,2026-04-24 22:43:57.938748,24.53713607788086
2026-04-24 22:43:58.139236,2026-04-24 22:43:58.139236,24.723752975463867
2026-04-24 22:43:58.338371,2026-04-24 22:43:58.338371,24.88237762451172
2026-04-24 22:43:58.539872,2026-04-24 22:43:58.539872,25.017208099365234
2026-04-24 22:43:58.738817,2026-04-24 22:43:58.738817,25.13181495666504
2026-04-24 22:43:58.938562,2026-04-24 22:43:58.938562,25.229230880737305
2026-04-24 22:43:59.139258,2026-04-24 22:43:59.139258,25.31203269958496
2026-04-24 22:43:59.348198,2026-04-24 22:43:59.348198,25.38241577148437
2026-04-24 22:43:59.539627,2026-04-24 22:43:59.539627,25.44224166870117
2026-04-24 22:43:59.738088,2026-04-24 22:43:59.738088,25.493091583251957
2026-04-24 22:43:59.938445,2026-04-24 22:43:59.938445,25.53631591796875
2026-04-24 22:44:00.141723,2026-04-24 22:44:00.141723,25.573055267333984
2026-04-24 22:44:00.338234,2026-04-24 22:44:00.338234,25.604284286499023
2026-04-24 22:44:00.537990,2026-04-24 22:44:00.537990,25.630828857421875
2026-04-24 22:44:00.738741,2026-04-24 22:44:00.738741,25.653392791748047
2026-04-24 22:44:00.937924,2026-04-24 22:44:00.937924,25.672571182250977
2026-04-24 22:44:01.138400,2026-04-24 22:44:01.138400,25.688873291015625
2026-04-24 22:44:01.338884,2026-04-24 22:44:01.338884,25.702730178833008
2026-04-24 22:44:01.538687,2026-04-24 22:44:01.538687,25.538726806640625
2026-04-24 22:44:01.738803,2026-04-24 22:44:01.738803,25.399324417114254
2026-04-24 22:44:01.939119,2026-04-24 22:44:01.939119,25.45661354064941
2026-04-24 22:44:02.138716,2026-04-24 22:44:02.138716,25.32952690124512
2026-04-24 22:44:02.338467,2026-04-24 22:44:02.338467,25.22150421142578
2026-04-24 22:44:02.539203,2026-04-24 22:44:02.539203,23.020309448242188
2026-04-24 22:44:02.740048,2026-04-24 22:44:02.740048,21.149293899536133
2026-04-24 22:44:02.939598,2026-04-24 22:44:02.939598,19.558931350708008
2026-04-24 22:44:03.140071,2026-04-24 22:44:03.140071,18.20712280273437
2026-04-24 22:44:03.338116,2026-04-24 22:44:03.338116,17.058086395263672
2026-04-24 22:44:03.539864,2026-04-24 22:44:03.539864,16.081403732299805
2026-04-24 22:44:03.738012,2026-04-24 22:44:03.738012,15.251224517822266
2026-04-24 22:44:03.938132,2026-04-24 22:44:03.938132,14.545572280883787
2026-04-24 22:44:04.139114,2026-04-24 22:44:04.139114,13.945767402648926
2026-04-24 22:44:04.338002,2026-04-24 22:44:04.338002,13.43593406677246
2026-04-24 22:44:04.540430,2026-04-24 22:44:04.540430,13.002574920654297
2026-04-24 22:44:04.740002,2026-04-24 22:44:04.740002,12.634220123291016
2026-04-24 22:44:04.937992,2026-04-24 22:44:04.937992,12.321118354797363
2026-04-24 22:44:05.140582,2026-04-24 22:44:05.140582,12.05498218536377
2026-04-24 22:44:05.342099,2026-04-24 22:44:05.342099,12.004547119140623
2026-04-24 22:44:05.537890,2026-04-24 22:44:05.537890,12.137458801269531
2026-04-24 22:44:05.740013,2026-04-24 22:44:05.740013,12.250433921813965
2026-04-24 22:44:05.939632,2026-04-24 22:44:05.939632,12.69802474975586
2026-04-24 22:44:06.138091,2026-04-24 22:44:06.138091,12.72691535949707
2026-04-24 22:44:06.339488,2026-04-24 22:44:06.339488,12.927252769470217
2026-04-24 22:44:06.538508,2026-04-24 22:44:06.538508,13.449102401733398
2026-04-24 22:44:06.738940,2026-04-24 22:44:06.738940,14.068455696105955
2026-04-24 22:44:06.938753,2026-04-24 22:44:06.938753,14.594905853271484
2026-04-24 22:44:07.139516,2026-04-24 22:44:07.139516,15.042388916015623
2026-04-24 22:44:07.341477,2026-04-24 22:44:07.341477,15.422749519348145
2026-04-24 22:44:07.538913,2026-04-24 22:44:07.538913,15.746055603027344
2026-04-24 22:44:07.739276,2026-04-24 22:44:07.739276,15.845085144042969
2026-04-24 22:44:07.940789,2026-04-24 22:44:07.940789,15.929259300231934
2026-04-24 22:44:08.144035,2026-04-24 22:44:08.144035,15.825026512145996
2026-04-24 22:44:08.337990,2026-04-24 22:44:08.337990,15.73642921447754
2026-04-24 22:44:08.538163,2026-04-24 22:44:08.538163,15.661121368408203
2026-04-24 22:44:08.741037,2026-04-24 22:44:08.741037,15.597108840942385
2026-04-24 22:44:08.940043,2026-04-24 22:44:08.940043,15.542698860168455
2026-04-24 22:44:09.140372,2026-04-24 22:44:09.140372,15.320669174194336
2026-04-24 22:44:09.341488,2026-04-24 22:44:09.341488,15.131943702697754
2026-04-24 22:44:09.548248,2026-04-24 22:44:09.548248,14.795745849609377
2026-04-24 22:44:09.739633,2026-04-24 22:44:09.739633,14.509977340698242
2026-04-24 22:44:09.940003,2026-04-24 22:44:09.940003,14.442855834960938
2026-04-24 22:44:10.140512,2026-04-24 22:44:10.140512,14.737364768981934
2026-04-24 22:44:10.338884,2026-04-24 22:44:10.338884,15.33926010131836
2026-04-24 22:44:10.541783,2026-04-24 22:44:10.541783,15.323527336120604
2026-04-24 22:44:10.739065,2026-04-24 22:44:10.739065,15.837498664855955
2026-04-24 22:44:10.938505,2026-04-24 22:44:10.938505,16.27437400817871
2026-04-24 22:44:11.142103,2026-04-24 22:44:11.142103,15.59103012084961
2026-04-24 22:44:11.341612,2026-04-24 22:44:11.341612,15.010188102722168
2026-04-24 22:44:11.540920,2026-04-24 22:44:11.540920,14.516472816467283
2026-04-24 22:44:11.740210,2026-04-24 22:44:11.740210,14.096814155578612
2026-04-24 22:44:11.939734,2026-04-24 22:44:11.939734,13.740104675292969
2026-04-24 22:44:12.139176,2026-04-24 22:44:12.139176,13.436901092529297
2026-04-24 22:44:12.340889,2026-04-24 22:44:12.340889,13.17917823791504
2026-04-24 22:44:12.541917,2026-04-24 22:44:12.541917,14.19058322906494
2026-04-24 22:44:12.742364,2026-04-24 22:44:12.742364,16.456527709960938
2026-04-24 22:44:12.941825,2026-04-24 22:44:12.941825,18.3825798034668
2026-04-24 22:44:13.141098,2026-04-24 22:44:13.141098,20.019723892211918
2026-04-24 22:44:13.340112,2026-04-24 22:44:13.340112,21.411296844482425
2026-04-24 22:44:13.540057,2026-04-24 22:44:13.540057,22.594133377075195
2026-04-24 22:44:13.739969,2026-04-24 22:44:13.739969,23.599544525146484
2026-04-24 22:44:13.941138,2026-04-24 22:44:13.941138,24.45414352416992
2026-04-24 22:44:14.140113,2026-04-24 22:44:14.140113,25.180553436279297
2026-04-24 22:44:27.237933,2026-04-24 22:44:27.237933,25.798002243041992
2026-04-24 22:44:27.438921,2026-04-24 22:44:27.438921,26.322832107543945
2026-04-24 22:44:27.640396,2026-04-24 22:44:27.640396,26.768939971923828
2026-04-24 22:44:27.848900,2026-04-24 22:44:27.848900,27.14813041687012
2026-04-24 22:44:28.039127,2026-04-24 22:44:28.039127,27.470441818237305
2026-04-24 22:44:28.238417,2026-04-24 22:44:28.238417,27.74440574645996
2026-04-24 22:44:28.438663,2026-04-24 22:44:28.438663,27.977275848388672
2026-04-24 22:44:28.649628,2026-04-24 22:44:28.649628,28.175216674804688
2026-04-24 22:44:28.842395,2026-04-24 22:44:28.842395,28.34346580505371
2026-04-24 22:44:29.039057,2026-04-24 22:44:29.039057,28.48647689819336
2026-04-24 22:44:29.239084,2026-04-24 22:44:29.239084,28.60803604125977
2026-04-24 22:44:29.438647,2026-04-24 22:44:29.438647,28.71136283874512
2026-04-24 22:44:29.638002,2026-04-24 22:44:29.638002,28.7991886138916
2026-04-24 22:44:29.840482,2026-04-24 22:44:29.840482,28.873842239379883
2026-04-24 22:44:30.039555,2026-04-24 22:44:30.039555,28.93729782104492
2026-04-24 22:44:30.239710,2026-04-24 22:44:30.239710,28.991233825683597
2026-04-24 22:44:30.438460,2026-04-24 22:44:30.438460,29.037080764770508
2026-04-24 22:44:30.639522,2026-04-24 22:44:30.639522,29.0760498046875
2026-04-24 22:44:30.838099,2026-04-24 22:44:30.838099,29.10917282104492
2026-04-24 22:44:31.041899,2026-04-24 22:44:31.041899,29.1373291015625
2026-04-24 22:44:31.239881,2026-04-24 22:44:31.239881,29.1612606048584
2026-04-24 22:44:31.438660,2026-04-24 22:44:31.438660,29.181602478027344
2026-04-24 22:44:31.640104,2026-04-24 22:44:31.640104,29.19889259338379
2026-04-24 22:44:31.838668,2026-04-24 22:44:31.838668,29.21359062194824
2026-04-24 22:44:32.040502,2026-04-24 22:44:32.040502,29.226083755493164
2026-04-24 22:44:32.241398,2026-04-24 22:44:32.241398,29.23670196533203
2026-04-24 22:44:32.441500,2026-04-24 22:44:32.441500,29.2457275390625
2026-04-24 22:44:32.638677,2026-04-24 22:44:32.638677,29.253400802612305
2026-04-24 22:44:32.839857,2026-04-24 22:44:32.839857,29.25992202758789
2026-04-24 22:44:33.039245,2026-04-24 22:44:33.039245,29.265464782714844
2026-04-24 22:44:33.240767,2026-04-24 22:44:33.240767,29.27017593383789
2026-04-24 22:44:33.440315,2026-04-24 22:44:33.440315,29.2741813659668
2026-04-24 22:44:33.640714,2026-04-24 22:44:33.640714,29.27758407592773
2026-04-24 22:44:33.839151,2026-04-24 22:44:33.839151,29.28047752380371
2026-04-24 22:44:34.039972,2026-04-24 22:44:34.039972,29.10715675354004
2026-04-24 22:44:34.241125,2026-04-24 22:44:34.241125,28.9598331451416
2026-04-24 22:44:34.439053,2026-04-24 22:44:34.439053,28.83460807800293
2026-04-24 22:44:34.639774,2026-04-24 22:44:34.639774,28.728166580200195
2026-04-24 22:44:34.848855,2026-04-24 22:44:34.848855,28.63769149780273
2026-04-24 22:44:35.040198,2026-04-24 22:44:35.040198,28.38500595092773
2026-04-24 22:44:35.238157,2026-04-24 22:44:35.238157,28.170225143432617
2026-04-24 22:44:35.443166,2026-04-24 22:44:35.443166,27.987659454345703
2026-04-24 22:44:35.640563,2026-04-24 22:44:35.640563,27.65669822692871
2026-04-24 22:44:35.838783,2026-04-24 22:44:35.838783,27.37538146972656
2026-04-24 22:44:36.039023,2026-04-24 22:44:36.039023,27.136260986328125
2026-04-24 22:44:36.243954,2026-04-24 22:44:36.243954,26.93301010131836
2026-04-24 22:44:36.437954,2026-04-24 22:44:36.437954,26.58446502685547
2026-04-24 22:44:36.639411,2026-04-24 22:44:36.639411,26.28820037841797
2026-04-24 22:44:36.838155,2026-04-24 22:44:36.838155,25.860595703125
2026-04-24 22:44:37.038078,2026-04-24 22:44:37.038078,25.49713134765625
2026-04-24 22:44:37.239221,2026-04-24 22:44:37.239221,25.18818664550781
2026-04-24 22:44:37.438074,2026-04-24 22:44:37.438074,24.925582885742188
2026-04-24 22:44:37.639727,2026-04-24 22:44:37.639727,24.70237159729004
2026-04-24 22:44:37.837901,2026-04-24 22:44:37.837901,24.51263999938965
2026-04-24 22:44:38.038282,2026-04-24 22:44:38.038282,24.35136985778809
2026-04-24 22:44:38.242881,2026-04-24 22:44:38.242881,24.03850746154785
2026-04-24 22:44:38.438731,2026-04-24 22:44:38.438731,23.77257537841797
2026-04-24 22:44:38.641012,2026-04-24 22:44:38.641012,23.546533584594727
2026-04-24 22:44:38.837836,2026-04-24 22:44:38.837836,23.35439682006836
2026-04-24 22:44:39.038964,2026-04-24 22:44:39.038964,23.19108009338379
2026-04-24 22:44:39.238295,2026-04-24 22:44:39.238295,23.05226325988769
2026-04-24 22:44:39.438542,2026-04-24 22:44:39.438542,22.758485794067383
2026-04-24 22:44:39.639148,2026-04-24 22:44:39.639148,22.50877571105957
2026-04-24 22:44:39.839811,2026-04-24 22:44:39.839811,22.29652214050293
2026-04-24 22:44:40.039034,2026-04-24 22:44:40.039034,22.116106033325195
2026-04-24 22:44:40.239103,2026-04-24 22:44:40.239103,21.78697204589844
2026-04-24 22:44:40.438272,2026-04-24 22:44:40.438272,21.50720596313477
2026-04-24 22:44:40.637903,2026-04-24 22:44:40.637903,21.269407272338867
2026-04-24 22:44:40.838305,2026-04-24 22:44:40.838305,20.891496658325195
2026-04-24 22:44:41.037934,2026-04-24 22:44:41.037934,20.57027244567871
2026-04-24 22:44:41.237965,2026-04-24 22:44:41.237965,20.297231674194336
2026-04-24 22:44:41.437935,2026-04-24 22:44:41.437935,20.06514549255371
2026-04-24 22:44:41.637895,2026-04-24 22:44:41.637895,19.69209289550781
2026-04-24 22:44:41.838104,2026-04-24 22:44:41.838104,19.374998092651367
2026-04-24 22:44:42.038370,2026-04-24 22:44:42.038370,19.105466842651367
2026-04-24 22:44:42.238632,2026-04-24 22:44:42.238632,18.876365661621094
2026-04-24 22:44:42.438604,2026-04-24 22:44:42.438604,18.681629180908203
2026-04-24 22:44:42.638693,2026-04-24 22:44:42.638693,18.51610374450684
2026-04-24 22:44:42.838629,2026-04-24 22:44:42.838629,18.37540626525879
2026-04-24 22:44:43.038846,2026-04-24 22:44:43.038846,18.255815505981445
2026-04-24 22:44:43.238467,2026-04-24 22:44:43.238467,18.15416145324707
2026-04-24 22:44:43.438520,2026-04-24 22:44:43.438520,17.89197540283203
2026-04-24 22:44:43.638238,2026-04-24 22:44:43.638238,17.66911506652832
2026-04-24 22:44:43.838987,2026-04-24 22:44:43.838987,17.479686737060547
2026-04-24 22:44:44.038540,2026-04-24 22:44:44.038540,17.31867027282715
2026-04-24 22:44:44.238106,2026-04-24 22:44:44.238106,17.181806564331055
2026-04-24 22:44:44.438633,2026-04-24 22:44:44.438633,17.065473556518555
2026-04-24 22:44:44.639769,2026-04-24 22:44:44.639769,16.966590881347656
2026-04-24 22:44:44.838003,2026-04-24 22:44:44.838003,16.882539749145508
2026-04-24 22:44:45.039147,2026-04-24 22:44:45.039147,16.81109619140625
2026-04-24 22:44:45.237953,2026-04-24 22:44:45.237953,16.750368118286133
2026-04-24 22:44:45.438734,2026-04-24 22:44:45.438734,16.69875144958496
2026-04-24 22:44:45.638440,2026-04-24 22:44:45.638440,16.654876708984375
2026-04-24 22:44:45.839550,2026-04-24 22:44:45.839550,16.617582321166992
2026-04-24 22:44:46.038125,2026-04-24 22:44:46.038125,16.58588218688965
2026-04-24 22:44:46.238202,2026-04-24 22:44:46.238202,16.558937072753906
2026-04-24 22:44:46.439433,2026-04-24 22:44:46.439433,16.536033630371094
2026-04-24 22:44:46.639503,2026-04-24 22:44:46.639503,16.34078598022461
2026-04-24 22:44:46.838639,2026-04-24 22:44:46.838639,16.174823760986328
2026-04-24 22:44:47.038182,2026-04-24 22:44:47.038182,16.209537506103516
2026-04-24 22:44:47.253660,2026-04-24 22:44:47.253660,16.063262939453125
2026-04-24 22:44:47.438451,2026-04-24 22:44:47.438451,15.93893051147461
2026-04-24 22:44:47.638133,2026-04-24 22:44:47.638133,15.833247184753418
2026-04-24 22:44:47.838527,2026-04-24 22:44:47.838527,15.743415832519531
2026-04-24 22:44:48.039763,2026-04-24 22:44:48.039763,15.667059898376465
2026-04-24 22:44:48.238271,2026-04-24 22:44:48.238271,15.602157592773438
2026-04-24 22:44:48.438713,2026-04-24 22:44:48.438713,15.546989440917969
2026-04-24 22:44:48.639248,2026-04-24 22:44:48.639248,15.675878524780272
2026-04-24 22:44:48.843530,2026-04-24 22:44:48.843530,15.60965347290039
2026-04-24 22:44:49.039710,2026-04-24 22:44:49.039710,15.553361892700195
2026-04-24 22:44:49.239019,2026-04-24 22:44:49.239019,15.505513191223145
2026-04-24 22:44:49.442065,2026-04-24 22:44:49.442065,15.464842796325684
2026-04-24 22:44:49.639258,2026-04-24 22:44:49.639258,15.430273056030272
2026-04-24 22:44:49.838739,2026-04-24 22:44:49.838739,15.400888442993164
2026-04-24 22:44:50.040792,2026-04-24 22:44:50.040792,15.200129508972168
2026-04-24 22:44:50.238858,2026-04-24 22:44:50.238858,15.029485702514648
2026-04-24 22:44:50.439729,2026-04-24 22:44:50.439729,14.708656311035156
2026-04-24 22:44:50.643738,2026-04-24 22:44:50.643738,14.611732482910156
2026-04-24 22:44:50.843714,2026-04-24 22:44:50.843714,14.529348373413086
2026-04-24 22:44:51.039827,2026-04-24 22:44:51.039827,14.459321022033691
2026-04-24 22:44:51.240271,2026-04-24 22:44:51.240271,14.224016189575195
2026-04-24 22:44:51.449715,2026-04-24 22:44:51.449715,14.199789047241213
2026-04-24 22:44:51.648558,2026-04-24 22:44:51.648558,15.761226654052734
2026-04-24 22:44:51.839839,2026-04-24 22:44:51.839839,15.506418228149414
2026-04-24 22:44:52.041511,2026-04-24 22:44:52.041511,16.87186050415039
2026-04-24 22:44:52.241586,2026-04-24 22:44:52.241586,18.20826911926269
2026-04-24 22:44:52.448224,2026-04-24 22:44:52.448224,19.34421730041504
2026-04-24 22:45:05.553002,2026-04-24 22:45:05.553002,20.30977249145508
2026-04-24 22:45:05.751221,2026-04-24 22:45:05.751221,21.1304931640625
2026-04-24 22:45:05.949461,2026-04-24 22:45:05.949461,21.828107833862305
2026-04-24 22:45:06.148427,2026-04-24 22:45:06.148427,22.421077728271484
2026-04-24 22:45:06.340432,2026-04-24 22:45:06.340432,22.92510414123535
2026-04-24 22:45:06.550925,2026-04-24 22:45:06.550925,23.353525161743164
2026-04-24 22:45:06.751588,2026-04-24 22:45:06.751588,23.717683792114254
2026-04-24 22:45:06.951620,2026-04-24 22:45:06.951620,24.027219772338867
2026-04-24 22:45:07.150651,2026-04-24 22:45:07.150651,24.29032325744629
2026-04-24 22:45:07.349321,2026-04-24 22:45:07.349321,24.51396369934082
2026-04-24 22:45:07.549457,2026-04-24 22:45:07.549457,24.70405578613281
2026-04-24 22:45:07.748387,2026-04-24 22:45:07.748387,24.86563491821289
2026-04-24 22:45:07.949975,2026-04-24 22:45:07.949975,25.00297737121582
2026-04-24 22:45:08.149722,2026-04-24 22:45:08.149722,25.119718551635746
2026-04-24 22:45:08.350025,2026-04-24 22:45:08.350025,25.21894836425781
2026-04-24 22:45:08.548944,2026-04-24 22:45:08.548944,25.47907447814941
2026-04-24 22:45:08.749341,2026-04-24 22:45:08.749341,25.52440071105957
2026-04-24 22:45:08.948618,2026-04-24 22:45:08.948618,25.562929153442383
2026-04-24 22:45:09.152319,2026-04-24 22:45:09.152319,25.59567642211914
2026-04-24 22:45:09.348711,2026-04-24 22:45:09.348711,25.623512268066406
2026-04-24 22:45:09.549336,2026-04-24 22:45:09.549336,25.647172927856445
2026-04-24 22:45:09.748087,2026-04-24 22:45:09.748087,25.66728401184082
2026-04-24 22:45:09.948540,2026-04-24 22:45:09.948540,25.68437957763672
2026-04-24 22:45:10.139675,2026-04-24 22:45:10.139675,25.698909759521484
2026-04-24 22:45:10.339800,2026-04-24 22:45:10.339800,25.711261749267575
2026-04-24 22:45:10.540125,2026-04-24 22:45:10.540125,25.721759796142575
2026-04-24 22:45:10.748177,2026-04-24 22:45:10.748177,25.730682373046875
2026-04-24 22:45:10.949876,2026-04-24 22:45:10.949876,25.56248664855957
2026-04-24 22:45:11.148301,2026-04-24 22:45:11.148301,25.59530067443848
2026-04-24 22:45:11.348838,2026-04-24 22:45:11.348838,25.623193740844727
2026-04-24 22:45:11.549127,2026-04-24 22:45:11.549127,25.646902084350582
2026-04-24 22:45:11.740820,2026-04-24 22:45:11.740820,25.667055130004883
2026-04-24 22:45:11.940792,2026-04-24 22:45:11.940792,25.68418312072754
2026-04-24 22:45:12.148186,2026-04-24 22:45:12.148186,25.69874382019043
2026-04-24 22:45:12.348935,2026-04-24 22:45:12.348935,25.71111869812012
2026-04-24 22:45:12.551716,2026-04-24 22:45:12.551716,25.72163963317871
2026-04-24 22:45:12.748612,2026-04-24 22:45:12.748612,25.730581283569336
2026-04-24 22:45:12.950059,2026-04-24 22:45:12.950059,25.738182067871094
2026-04-24 22:45:13.149467,2026-04-24 22:45:13.149467,25.74464225769043
2026-04-24 22:45:13.348797,2026-04-24 22:45:13.348797,25.750133514404297
2026-04-24 22:45:13.548372,2026-04-24 22:45:13.548372,25.57901954650879
2026-04-24 22:45:13.748613,2026-04-24 22:45:13.748613,25.60935401916504
2026-04-24 22:45:13.940865,2026-04-24 22:45:13.940865,25.8109188079834
2026-04-24 22:45:14.149668,2026-04-24 22:45:14.149668,25.982250213623047
2026-04-24 22:45:14.341602,2026-04-24 22:45:14.341602,26.12788200378418
2026-04-24 22:45:14.548538,2026-04-24 22:45:14.548538,26.25166893005371
2026-04-24 22:45:14.749154,2026-04-24 22:45:14.749154,26.35688591003418
2026-04-24 22:45:14.948206,2026-04-24 22:45:14.948206,26.62210273742676
2026-04-24 22:45:15.148149,2026-04-24 22:45:15.148149,26.84753799438477
2026-04-24 22:45:15.349071,2026-04-24 22:45:15.349071,27.03915786743164
2026-04-24 22:45:15.541431,2026-04-24 22:45:15.541431,27.20203399658203
2026-04-24 22:45:15.740446,2026-04-24 22:45:15.740446,27.340478897094727
2026-04-24 22:45:15.949362,2026-04-24 22:45:15.949362,27.45815658569336
2026-04-24 22:45:16.148199,2026-04-24 22:45:16.148199,27.558183670043945
2026-04-24 22:45:16.348044,2026-04-24 22:45:16.348044,27.818986892700195
2026-04-24 22:45:16.549399,2026-04-24 22:45:16.549399,27.86488914489746
2026-04-24 22:45:16.749296,2026-04-24 22:45:16.749296,28.079687118530277
2026-04-24 22:45:16.948146,2026-04-24 22:45:16.948146,28.262264251708984
2026-04-24 22:45:17.149930,2026-04-24 22:45:17.149930,28.417455673217773
2026-04-24 22:45:17.348909,2026-04-24 22:45:17.348909,28.54936981201172
2026-04-24 22:45:17.549064,2026-04-24 22:45:17.549064,28.661495208740234
2026-04-24 22:45:17.748147,2026-04-24 22:45:17.748147,28.75680160522461
2026-04-24 22:45:17.949750,2026-04-24 22:45:17.949750,28.83781242370605
2026-04-24 22:45:18.149395,2026-04-24 22:45:18.149395,28.90667152404785
2026-04-24 22:45:18.348671,2026-04-24 22:45:18.348671,28.96520233154297
2026-04-24 22:45:18.548393,2026-04-24 22:45:18.548393,29.01495361328125
2026-04-24 22:45:18.748311,2026-04-24 22:45:18.748311,29.057241439819336
2026-04-24 22:45:18.948884,2026-04-24 22:45:18.948884,29.09318733215332
2026-04-24 22:45:19.140688,2026-04-24 22:45:19.140688,29.12373924255371
2026-04-24 22:45:19.349505,2026-04-24 22:45:19.349505,29.14970970153809
2026-04-24 22:45:19.548255,2026-04-24 22:45:19.548255,29.171785354614254
2026-04-24 22:45:19.748659,2026-04-24 22:45:19.748659,29.190547943115234
2026-04-24 22:45:19.940672,2026-04-24 22:45:19.940672,29.20649719238281
2026-04-24 22:45:20.148888,2026-04-24 22:45:20.148888,29.220054626464844
2026-04-24 22:45:20.349399,2026-04-24 22:45:20.349399,29.231576919555664
2026-04-24 22:45:20.551304,2026-04-24 22:45:20.551304,29.24137115478516
2026-04-24 22:45:20.749983,2026-04-24 22:45:20.749983,29.249696731567383
2026-04-24 22:45:20.952502,2026-04-24 22:45:20.952502,29.25677490234375
2026-04-24 22:45:21.148911,2026-04-24 22:45:21.148911,29.262788772583008
2026-04-24 22:45:21.349172,2026-04-24 22:45:21.349172,29.267902374267575
2026-04-24 22:45:21.549181,2026-04-24 22:45:21.549181,29.272247314453125
2026-04-24 22:45:21.748377,2026-04-24 22:45:21.748377,29.275941848754883
2026-04-24 22:45:21.948531,2026-04-24 22:45:21.948531,29.27908134460449
2026-04-24 22:45:22.149691,2026-04-24 22:45:22.149691,29.28175163269043
2026-04-24 22:45:22.348254,2026-04-24 22:45:22.348254,29.284019470214844
2026-04-24 22:45:22.548784,2026-04-24 22:45:22.548784,26.297666549682617
2026-04-24 22:45:22.749888,2026-04-24 22:45:22.749888,26.747547149658203
2026-04-24 22:45:22.951956,2026-04-24 22:45:22.951956,27.12994766235352
2026-04-24 22:45:23.152132,2026-04-24 22:45:23.152132,27.454986572265625
2026-04-24 22:45:23.349776,2026-04-24 22:45:23.349776,27.73126983642578
2026-04-24 22:45:23.549769,2026-04-24 22:45:23.549769,27.966110229492188
2026-04-24 22:45:23.740186,2026-04-24 22:45:23.740186,28.16572570800781
2026-04-24 22:45:23.939926,2026-04-24 22:45:23.939926,28.159616470336918
2026-04-24 22:45:24.149907,2026-04-24 22:45:24.149907,28.1544246673584
2026-04-24 22:45:24.348598,2026-04-24 22:45:24.348598,28.15001106262207
2026-04-24 22:45:24.551693,2026-04-24 22:45:24.551693,28.146259307861328
2026-04-24 22:45:24.749165,2026-04-24 22:45:24.749165,28.143070220947266
2026-04-24 22:45:24.950880,2026-04-24 22:45:24.950880,28.14035987854004
2026-04-24 22:45:25.138943,2026-04-24 22:45:25.138943,28.1380558013916
2026-04-24 22:45:25.351437,2026-04-24 22:45:25.351437,27.960315704345703
2026-04-24 22:45:25.550300,2026-04-24 22:45:25.550300,27.985017776489254
2026-04-24 22:45:25.749886,2026-04-24 22:45:25.749886,28.00601577758789
2026-04-24 22:45:25.939717,2026-04-24 22:45:25.939717,28.02386283874512
2026-04-24 22:45:26.149070,2026-04-24 22:45:26.149070,28.039033889770508
2026-04-24 22:45:26.349037,2026-04-24 22:45:26.349037,28.051929473876957
2026-04-24 22:45:26.549858,2026-04-24 22:45:26.549858,28.062889099121094
2026-04-24 22:45:26.755394,2026-04-24 22:45:26.755394,28.072206497192383
2026-04-24 22:45:26.949268,2026-04-24 22:45:26.949268,28.08012580871582
2026-04-24 22:45:27.148202,2026-04-24 22:45:27.148202,28.086856842041016
2026-04-24 22:45:27.351059,2026-04-24 22:45:27.351059,28.09257698059082
2026-04-24 22:45:27.540700,2026-04-24 22:45:27.540700,28.09744071960449
2026-04-24 22:45:27.750643,2026-04-24 22:45:27.750643,28.10157585144043
2026-04-24 22:45:27.948394,2026-04-24 22:45:27.948394,28.10508918762207
2026-04-24 22:45:28.149156,2026-04-24 22:45:28.149156,28.28385734558105
2026-04-24 22:45:28.349302,2026-04-24 22:45:28.349302,28.435810089111328
2026-04-24 22:45:28.548620,2026-04-24 22:45:28.548620,28.56497001647949
2026-04-24 22:45:28.748679,2026-04-24 22:45:28.748679,28.674755096435547
2026-04-24 22:45:28.950030,2026-04-24 22:45:28.950030,28.76807403564453
2026-04-24 22:45:29.148674,2026-04-24 22:45:29.148674,28.847393035888672
2026-04-24 22:45:29.349545,2026-04-24 22:45:29.349545,28.91481590270996
2026-04-24 22:45:29.548588,2026-04-24 22:45:29.548588,28.972124099731445
2026-04-24 22:45:29.748339,2026-04-24 22:45:29.748339,29.02083778381348
2026-04-24 22:45:29.950759,2026-04-24 22:45:29.950759,29.06224250793457
2026-04-24 22:45:30.149177,2026-04-24 22:45:30.149177,29.097436904907227
2026-04-24 22:45:30.349404,2026-04-24 22:45:30.349404,29.12735366821289
2026-04-24 22:45:30.548537,2026-04-24 22:45:30.548537,29.152782440185547
2026-04-24 22:45:30.748656,2026-04-24 22:45:30.748656,29.174394607543945
2026-04-24 22:45:43.850256,2026-04-24 22:45:43.850256,29.192768096923828
2026-04-24 22:45:44.050312,2026-04-24 22:45:44.050312,29.208383560180664
2026-04-24 22:45:44.251676,2026-04-24 22:45:44.251676,29.221656799316406
2026-04-24 22:45:44.449400,2026-04-24 22:45:44.449400,29.232940673828125
2026-04-24 22:45:44.650063,2026-04-24 22:45:44.650063,29.242530822753903
2026-04-24 22:45:44.850698,2026-04-24 22:45:44.850698,29.250682830810547
2026-04-24 22:45:45.050750,2026-04-24 22:45:45.050750,29.25761032104492
2026-04-24 22:45:45.251831,2026-04-24 22:45:45.251831,26.978343963623047
2026-04-24 22:45:45.451965,2026-04-24 22:45:45.451965,25.04096794128418
2026-04-24 22:45:45.649532,2026-04-24 22:45:45.649532,23.394197463989254
2026-04-24 22:45:45.844586,2026-04-24 22:45:45.844586,21.818660736083984
2026-04-24 22:45:46.050241,2026-04-24 22:45:46.050241,20.479455947875977
2026-04-24 22:45:46.248071,2026-04-24 22:45:46.248071,19.34113121032715
2026-04-24 22:45:46.450642,2026-04-24 22:45:46.450642,18.37355613708496
2026-04-24 22:45:46.651490,2026-04-24 22:45:46.651490,17.375333786010742
2026-04-24 22:45:46.848722,2026-04-24 22:45:46.848722,16.52684783935547
2026-04-24 22:45:47.050254,2026-04-24 22:45:47.050254,15.62985134124756
2026-04-24 22:45:47.248553,2026-04-24 22:45:47.248553,14.86740493774414
2026-04-24 22:45:47.448079,2026-04-24 22:45:47.448079,14.219325065612791
2026-04-24 22:45:47.653929,2026-04-24 22:45:47.653929,13.668457984924316
2026-04-24 22:45:47.849191,2026-04-24 22:45:47.849191,13.200220108032228
2026-04-24 22:45:48.051814,2026-04-24 22:45:48.051814,12.802218437194824
2026-04-24 22:45:48.247841,2026-04-24 22:45:48.247841,12.463916778564451
2026-04-24 22:45:48.448055,2026-04-24 22:45:48.448055,12.176361083984377
2026-04-24 22:45:48.650393,2026-04-24 22:45:48.650393,11.75615692138672
2026-04-24 22:45:48.848404,2026-04-24 22:45:48.848404,11.223201751708984
2026-04-24 22:45:49.048546,2026-04-24 22:45:49.048546,10.945971488952637
2026-04-24 22:45:49.248486,2026-04-24 22:45:49.248486,10.710326194763184
2026-04-24 22:45:49.448048,2026-04-24 22:45:49.448048,10.685808181762695
2026-04-24 22:45:49.648861,2026-04-24 22:45:49.648861,10.840749740600586
2026-04-24 22:45:49.848090,2026-04-24 22:45:49.848090,10.79666805267334
2026-04-24 22:45:50.048043,2026-04-24 22:45:50.048043,10.583417892456056
2026-04-24 22:45:50.249537,2026-04-24 22:45:50.249537,10.402154922485352
2026-04-24 22:45:50.448670,2026-04-24 22:45:50.448670,10.248082160949709
2026-04-24 22:45:50.648454,2026-04-24 22:45:50.648454,10.117119789123535
2026-04-24 22:45:50.850013,2026-04-24 22:45:50.850013,10.005802154541016
2026-04-24 22:45:51.052314,2026-04-24 22:45:51.052314,9.911181449890137
2026-04-24 22:45:51.248339,2026-04-24 22:45:51.248339,10.006535530090332
2026-04-24 22:45:51.451603,2026-04-24 22:45:51.451603,10.087586402893066
2026-04-24 22:45:51.649255,2026-04-24 22:45:51.649255,10.332261085510254
2026-04-24 22:45:51.851676,2026-04-24 22:45:51.851676,10.540234565734863
2026-04-24 22:45:52.048881,2026-04-24 22:45:52.048881,10.541230201721191
2026-04-24 22:45:52.248488,2026-04-24 22:45:52.248488,10.71785831451416
2026-04-24 22:45:52.448662,2026-04-24 22:45:52.448662,10.867992401123049
2026-04-24 22:45:52.648744,2026-04-24 22:45:52.648744,11.34716796875
2026-04-24 22:45:52.848878,2026-04-24 22:45:52.848878,11.402905464172363
2026-04-24 22:45:53.049178,2026-04-24 22:45:53.049178,11.274500846862791
2026-04-24 22:45:53.247932,2026-04-24 22:45:53.247932,11.341137886047363
2026-04-24 22:45:53.447997,2026-04-24 22:45:53.447997,11.221999168395996
2026-04-24 22:45:53.649704,2026-04-24 22:45:53.649704,11.12073040008545
2026-04-24 22:45:53.848642,2026-04-24 22:45:53.848642,11.03465175628662
2026-04-24 22:45:54.048248,2026-04-24 22:45:54.048248,10.961485862731934
2026-04-24 22:45:54.248024,2026-04-24 22:45:54.248024,12.657106399536133
2026-04-24 22:45:54.448577,2026-04-24 22:45:54.448577,12.340571403503418
2026-04-24 22:45:54.647910,2026-04-24 22:45:54.647910,14.00511074066162
2026-04-24 22:45:54.848087,2026-04-24 22:45:54.848087,15.24418830871582
2026-04-24 22:45:55.048830,2026-04-24 22:45:55.048830,16.29740333557129
2026-04-24 22:45:55.248256,2026-04-24 22:45:55.248256,17.368417739868164
2026-04-24 22:45:55.449089,2026-04-24 22:45:55.449089,18.102998733520508
2026-04-24 22:45:55.648971,2026-04-24 22:45:55.648971,18.727392196655277
2026-04-24 22:45:55.848130,2026-04-24 22:45:55.848130,19.08234596252441
2026-04-24 22:45:56.049139,2026-04-24 22:45:56.049139,19.384056091308597
2026-04-24 22:45:56.248570,2026-04-24 22:45:56.248570,19.64051055908203
2026-04-24 22:45:56.448790,2026-04-24 22:45:56.448790,20.210060119628903
2026-04-24 22:45:56.648184,2026-04-24 22:45:56.648184,20.694175720214844
2026-04-24 22:45:56.848692,2026-04-24 22:45:56.848692,20.929893493652344
2026-04-24 22:45:57.049615,2026-04-24 22:45:57.049615,21.30603408813477
2026-04-24 22:45:57.248601,2026-04-24 22:45:57.248601,21.62575340270996
2026-04-24 22:45:57.448715,2026-04-24 22:45:57.448715,22.07329750061035
2026-04-24 22:45:57.649069,2026-04-24 22:45:57.649069,22.80527114868164
2026-04-24 22:45:57.850474,2026-04-24 22:45:57.850474,23.42745018005371
2026-04-24 22:45:58.043524,2026-04-24 22:45:58.043524,23.780519485473636
2026-04-24 22:45:58.248186,2026-04-24 22:45:58.248186,23.904848098754883
2026-04-24 22:45:58.449637,2026-04-24 22:45:58.449637,24.01052665710449
2026-04-24 22:45:58.649024,2026-04-24 22:45:58.649024,24.1003532409668
2026-04-24 22:45:58.849626,2026-04-24 22:45:58.849626,24.176706314086918
2026-04-24 22:45:59.048887,2026-04-24 22:45:59.048887,24.241607666015625
2026-04-24 22:45:59.249211,2026-04-24 22:45:59.249211,24.296772003173828
2026-04-24 22:45:59.450839,2026-04-24 22:45:59.450839,24.34366226196289
2026-04-24 22:45:59.648626,2026-04-24 22:45:59.648626,24.383520126342773
2026-04-24 22:45:59.849087,2026-04-24 22:45:59.849087,24.41739845275879
2026-04-24 22:46:00.049670,2026-04-24 22:46:00.049670,24.44619369506836
2026-04-24 22:46:00.248962,2026-04-24 22:46:00.248962,24.47067070007324
2026-04-24 22:46:00.449808,2026-04-24 22:46:00.449808,24.491477966308597
2026-04-24 22:46:00.648625,2026-04-24 22:46:00.648625,24.5091609954834
2026-04-24 22:46:00.848241,2026-04-24 22:46:00.848241,24.524194717407227
2026-04-24 22:46:01.048241,2026-04-24 22:46:01.048241,24.361188888549805
2026-04-24 22:46:01.248597,2026-04-24 22:46:01.248597,24.222637176513672
2026-04-24 22:46:01.448079,2026-04-24 22:46:01.448079,24.10486602783203
2026-04-24 22:46:01.648243,2026-04-24 22:46:01.648243,24.0047607421875
2026-04-24 22:46:01.848175,2026-04-24 22:46:01.848175,23.9196720123291
2026-04-24 22:46:02.050081,2026-04-24 22:46:02.050081,23.84734535217285
2026-04-24 22:46:02.249847,2026-04-24 22:46:02.249847,23.785869598388672
2026-04-24 22:46:02.450535,2026-04-24 22:46:02.450535,23.733613967895508
2026-04-24 22:46:02.649859,2026-04-24 22:46:02.649859,23.689197540283203
2026-04-24 22:46:02.849187,2026-04-24 22:46:02.849187,23.82722282409668
2026-04-24 22:46:03.050029,2026-04-24 22:46:03.050029,23.76876449584961
2026-04-24 22:46:03.249418,2026-04-24 22:46:03.249418,23.719074249267575
2026-04-24 22:46:03.452047,2026-04-24 22:46:03.452047,23.67683982849121
2026-04-24 22:46:03.651735,2026-04-24 22:46:03.651735,23.64093780517578
2026-04-24 22:46:03.849791,2026-04-24 22:46:03.849791,23.61042213439941
2026-04-24 22:46:04.049274,2026-04-24 22:46:04.049274,23.4087028503418
2026-04-24 22:46:04.248763,2026-04-24 22:46:04.248763,23.23724174499512
2026-04-24 22:46:04.450124,2026-04-24 22:46:04.450124,23.09149932861328
2026-04-24 22:46:04.651997,2026-04-24 22:46:04.651997,22.96761703491211
2026-04-24 22:46:04.850642,2026-04-24 22:46:04.850642,22.86231803894043
2026-04-24 22:46:05.049518,2026-04-24 22:46:05.049518,22.77281379699707
2026-04-24 22:46:05.249556,2026-04-24 22:46:05.249556,22.69673538208008
2026-04-24 22:46:05.452846,2026-04-24 22:46:05.452846,22.632068634033203
2026-04-24 22:46:05.651882,2026-04-24 22:46:05.651882,22.57710266113281
2026-04-24 22:46:05.851110,2026-04-24 22:46:05.851110,22.53038024902344
2026-04-24 22:46:06.049892,2026-04-24 22:46:06.049892,22.49066734313965
2026-04-24 22:46:06.249571,2026-04-24 22:46:06.249571,22.456911087036133
2026-04-24 22:46:06.448200,2026-04-24 22:46:06.448200,22.42821884155273
2026-04-24 22:46:06.652614,2026-04-24 22:46:06.652614,22.40382957458496
2026-04-24 22:46:06.851158,2026-04-24 22:46:06.851158,22.38309860229492
2026-04-24 22:46:07.051942,2026-04-24 22:46:07.051942,22.365478515625
2026-04-24 22:46:07.249111,2026-04-24 22:46:07.249111,22.350500106811523
2026-04-24 22:46:07.453405,2026-04-24 22:46:07.453405,22.3377685546875
2026-04-24 22:46:07.647949,2026-04-24 22:46:07.647949,22.32694625854492
2026-04-24 22:46:07.848600,2026-04-24 22:46:07.848600,22.3177490234375
2026-04-24 22:46:08.049420,2026-04-24 22:46:08.049420,22.3099308013916
2026-04-24 22:46:08.250914,2026-04-24 22:46:08.250914,22.30328369140625
2026-04-24 22:46:08.440878,2026-04-24 22:46:08.440878,22.29763603210449
2026-04-24 22:46:08.649287,2026-04-24 22:46:08.649287,22.29283332824707
2026-04-24 22:46:08.848034,2026-04-24 22:46:08.848034,22.288753509521484
2026-04-24 22:46:09.047902,2026-04-24 22:46:09.047902,22.1095027923584
2026-04-24 22:46:22.151035,2026-04-24 22:46:22.151035,21.95713996887207
2026-04-24 22:46:22.353697,2026-04-24 22:46:22.353697,21.8276309967041
2026-04-24 22:46:22.550847,2026-04-24 22:46:22.550847,21.717548370361328
2026-04-24 22:46:22.749249,2026-04-24 22:46:22.749249,21.623979568481445
2026-04-24 22:46:22.948670,2026-04-24 22:46:22.948670,21.5444450378418
2026-04-24 22:46:23.148669,2026-04-24 22:46:23.148669,21.47684097290039
2026-04-24 22:46:23.348942,2026-04-24 22:46:23.348942,21.419376373291016
2026-04-24 22:46:23.550203,2026-04-24 22:46:23.550203,21.370532989501957
2026-04-24 22:46:23.750185,2026-04-24 22:46:23.750185,21.329015731811523
2026-04-24 22:46:23.949092,2026-04-24 22:46:23.949092,21.469507217407227
2026-04-24 22:46:24.151043,2026-04-24 22:46:24.151043,21.588924407958984
2026-04-24 22:46:24.350550,2026-04-24 22:46:24.350550,21.6904296875
2026-04-24 22:46:24.549632,2026-04-24 22:46:24.549632,21.776708602905277
2026-04-24 22:46:24.751737,2026-04-24 22:46:24.751737,21.850046157836918
2026-04-24 22:46:24.949382,2026-04-24 22:46:24.949382,21.912384033203125
2026-04-24 22:46:25.151509,2026-04-24 22:46:25.151509,21.965370178222656
2026-04-24 22:46:25.350771,2026-04-24 22:46:25.350771,22.010408401489254
2026-04-24 22:46:25.549407,2026-04-24 22:46:25.549407,22.04869079589844
2026-04-24 22:46:25.749779,2026-04-24 22:46:25.749779,22.08123016357422
2026-04-24 22:46:25.951151,2026-04-24 22:46:25.951151,22.108890533447266
2026-04-24 22:46:26.151772,2026-04-24 22:46:26.151772,22.132400512695312
2026-04-24 22:46:26.350887,2026-04-24 22:46:26.350887,22.15238380432129
2026-04-24 22:46:26.550641,2026-04-24 22:46:26.550641,22.16937065124512
2026-04-24 22:46:26.748163,2026-04-24 22:46:26.748163,22.183807373046875
2026-04-24 22:46:26.949287,2026-04-24 22:46:26.949287,22.196081161499023
2026-04-24 22:46:27.153122,2026-04-24 22:46:27.153122,22.206512451171875
2026-04-24 22:46:27.350404,2026-04-24 22:46:27.350404,22.21537971496582
2026-04-24 22:46:27.549868,2026-04-24 22:46:27.549868,22.222915649414062
2026-04-24 22:46:27.749635,2026-04-24 22:46:27.749635,22.22932243347168
2026-04-24 22:46:27.948830,2026-04-24 22:46:27.948830,22.23476791381836
2026-04-24 22:46:28.153318,2026-04-24 22:46:28.153318,22.239397048950195
2026-04-24 22:46:28.348983,2026-04-24 22:46:28.348983,22.24333000183105
2026-04-24 22:46:28.548132,2026-04-24 22:46:28.548132,22.246675491333008
2026-04-24 22:46:28.749162,2026-04-24 22:46:28.749162,22.2495174407959
2026-04-24 22:46:28.949930,2026-04-24 22:46:28.949930,22.251934051513672
2026-04-24 22:46:29.148546,2026-04-24 22:46:29.148546,22.253986358642575
2026-04-24 22:46:29.348721,2026-04-24 22:46:29.348721,22.255733489990234
2026-04-24 22:46:29.549827,2026-04-24 22:46:29.549827,22.25721740722656
2026-04-24 22:46:29.753696,2026-04-24 22:46:29.753696,22.08269691467285
2026-04-24 22:46:29.954432,2026-04-24 22:46:29.954432,21.93435478210449
2026-04-24 22:46:30.150065,2026-04-24 22:46:30.150065,21.808263778686523
2026-04-24 22:46:30.351186,2026-04-24 22:46:30.351186,21.701086044311523
2026-04-24 22:46:30.549119,2026-04-24 22:46:30.549119,21.609987258911133
2026-04-24 22:46:30.752556,2026-04-24 22:46:30.752556,21.708332061767575
2026-04-24 22:46:30.949277,2026-04-24 22:46:30.949277,21.79192543029785
2026-04-24 22:46:31.150012,2026-04-24 22:46:31.150012,21.86298179626465
2026-04-24 22:46:31.347835,2026-04-24 22:46:31.347835,21.923377990722656
2026-04-24 22:46:31.550015,2026-04-24 22:46:31.550015,21.974714279174805
2026-04-24 22:46:31.748179,2026-04-24 22:46:31.748179,22.01835060119629
2026-04-24 22:46:31.948022,2026-04-24 22:46:31.948022,21.879661560058597
2026-04-24 22:46:32.148253,2026-04-24 22:46:32.148253,21.76177406311035
2026-04-24 22:46:32.349256,2026-04-24 22:46:32.349256,21.837352752685547
2026-04-24 22:46:32.549605,2026-04-24 22:46:32.549605,21.725811004638672
2026-04-24 22:46:32.748889,2026-04-24 22:46:32.748889,21.63100242614746
2026-04-24 22:46:32.948565,2026-04-24 22:46:32.948565,21.5504150390625
2026-04-24 22:46:33.148782,2026-04-24 22:46:33.148782,21.481914520263672
2026-04-24 22:46:33.348626,2026-04-24 22:46:33.348626,21.42369079589844
2026-04-24 22:46:33.548865,2026-04-24 22:46:33.548865,21.37419891357422
2026-04-24 22:46:33.748501,2026-04-24 22:46:33.748501,21.33213233947754
2026-04-24 22:46:33.948520,2026-04-24 22:46:33.948520,21.296375274658203
2026-04-24 22:46:34.149624,2026-04-24 22:46:34.149624,21.265981674194336
2026-04-24 22:46:34.348630,2026-04-24 22:46:34.348630,21.24014663696289
2026-04-24 22:46:34.548311,2026-04-24 22:46:34.548311,21.21818733215332
2026-04-24 22:46:34.748758,2026-04-24 22:46:34.748758,21.375303268432617
2026-04-24 22:46:34.948458,2026-04-24 22:46:34.948458,21.50885009765625
2026-04-24 22:46:35.148665,2026-04-24 22:46:35.148665,21.44658660888672
2026-04-24 22:46:35.347897,2026-04-24 22:46:35.347897,21.569440841674805
2026-04-24 22:46:35.548655,2026-04-24 22:46:35.548655,21.49808883666992
2026-04-24 22:46:35.749959,2026-04-24 22:46:35.749959,21.43743705749512
2026-04-24 22:46:35.948527,2026-04-24 22:46:35.948527,21.561664581298828
2026-04-24 22:46:36.147969,2026-04-24 22:46:36.147969,21.667259216308597
2026-04-24 22:46:36.349315,2026-04-24 22:46:36.349315,21.75701332092285
2026-04-24 22:46:36.549910,2026-04-24 22:46:36.549910,21.83330535888672
2026-04-24 22:46:36.749685,2026-04-24 22:46:36.749685,21.89815330505371
2026-04-24 22:46:36.948724,2026-04-24 22:46:36.948724,22.12905502319336
2026-04-24 22:46:37.149255,2026-04-24 22:46:37.149255,22.3253231048584
2026-04-24 22:46:37.348680,2026-04-24 22:46:37.348680,22.492149353027344
2026-04-24 22:46:37.548569,2026-04-24 22:46:37.548569,22.63395118713379
2026-04-24 22:46:37.750881,2026-04-24 22:46:37.750881,22.754484176635746
2026-04-24 22:46:37.948867,2026-04-24 22:46:37.948867,22.856935501098636
2026-04-24 22:46:38.148538,2026-04-24 22:46:38.148538,22.944021224975582
2026-04-24 22:46:38.348839,2026-04-24 22:46:38.348839,23.018043518066406
2026-04-24 22:46:38.548640,2026-04-24 22:46:38.548640,23.256742477416992
2026-04-24 22:46:38.749003,2026-04-24 22:46:38.749003,23.283855438232425
2026-04-24 22:46:38.948131,2026-04-24 22:46:38.948131,20.84596443176269
2026-04-24 22:46:39.148135,2026-04-24 22:46:39.148135,18.773757934570312
2026-04-24 22:46:39.351928,2026-04-24 22:46:39.351928,17.01238250732422
2026-04-24 22:46:39.553938,2026-04-24 22:46:39.553938,15.515212059020996
2026-04-24 22:46:39.748433,2026-04-24 22:46:39.748433,16.879337310791016
2026-04-24 22:46:39.948754,2026-04-24 22:46:39.948754,18.038843154907227
2026-04-24 22:46:40.148678,2026-04-24 22:46:40.148678,19.02442169189453
2026-04-24 22:46:40.348451,2026-04-24 22:46:40.348451,19.862165451049805
2026-04-24 22:46:40.549104,2026-04-24 22:46:40.549104,20.57424736022949
2026-04-24 22:46:40.749658,2026-04-24 22:46:40.749658,21.179515838623047
2026-04-24 22:46:40.948010,2026-04-24 22:46:40.948010,21.693994522094727
2026-04-24 22:46:41.148602,2026-04-24 22:46:41.148602,22.13130187988281
2026-04-24 22:46:41.350087,2026-04-24 22:46:41.350087,22.678794860839844
2026-04-24 22:46:41.550631,2026-04-24 22:46:41.550631,23.319944381713867
2026-04-24 22:46:41.749909,2026-04-24 22:46:41.749909,23.68914031982422
2026-04-24 22:46:41.948649,2026-04-24 22:46:41.948649,24.17873764038086
2026-04-24 22:46:42.150433,2026-04-24 22:46:42.150433,24.59489631652832
2026-04-24 22:46:42.349816,2026-04-24 22:46:42.349816,25.12441062927246
2026-04-24 22:46:42.549216,2026-04-24 22:46:42.549216,25.574499130249023
2026-04-24 22:46:42.750003,2026-04-24 22:46:42.750003,25.781293869018555
2026-04-24 22:46:42.949380,2026-04-24 22:46:42.949380,26.132848739624023
2026-04-24 22:46:43.150097,2026-04-24 22:46:43.150097,26.431671142578125
2026-04-24 22:46:43.350007,2026-04-24 22:46:43.350007,26.685670852661133
2026-04-24 22:46:43.550007,2026-04-24 22:46:43.550007,24.26485252380371
2026-04-24 22:46:43.749865,2026-04-24 22:46:43.749865,22.207155227661133
2026-04-24 22:46:43.950694,2026-04-24 22:46:43.950694,20.633893966674805
2026-04-24 22:46:44.148837,2026-04-24 22:46:44.148837,19.29662322998047
2026-04-24 22:46:44.349659,2026-04-24 22:46:44.349659,17.984161376953125
2026-04-24 22:46:44.550318,2026-04-24 22:46:44.550318,17.044349670410156
2026-04-24 22:46:44.749761,2026-04-24 22:46:44.749761,16.06972885131836
2026-04-24 22:46:44.949546,2026-04-24 22:46:44.949546,15.241299629211426
2026-04-24 22:46:45.149409,2026-04-24 22:46:45.149409,14.71291732788086
2026-04-24 22:46:45.350524,2026-04-24 22:46:45.350524,14.263792037963867
2026-04-24 22:46:45.551686,2026-04-24 22:46:45.551686,13.882036209106444
2026-04-24 22:46:45.751483,2026-04-24 22:46:45.751483,13.38176155090332
2026-04-24 22:46:45.951174,2026-04-24 22:46:45.951174,12.956528663635254
2026-04-24 22:46:46.151246,2026-04-24 22:46:46.151246,12.770861625671388
2026-04-24 22:46:46.349984,2026-04-24 22:46:46.349984,12.613044738769531
2026-04-24 22:46:46.550003,2026-04-24 22:46:46.550003,12.478900909423828
2026-04-24 22:46:46.749661,2026-04-24 22:46:46.749661,12.54065990447998
2026-04-24 22:46:46.949168,2026-04-24 22:46:46.949168,12.593153953552246
2026-04-24 22:46:47.150094,2026-04-24 22:46:47.150094,12.637775421142578
2026-04-24 22:46:47.351334,2026-04-24 22:46:47.351334,12.675702095031738
2026-04-24 22:47:00.449950,2026-04-24 22:47:00.449950,12.532159805297852
2026-04-24 22:47:00.648892,2026-04-24 22:47:00.648892,12.585929870605469
2026-04-24 22:47:00.849327,2026-04-24 22:47:00.849327,12.631633758544922
2026-04-24 22:47:01.049042,2026-04-24 22:47:01.049042,12.670482635498049
2026-04-24 22:47:01.250764,2026-04-24 22:47:01.250764,12.703503608703612
2026-04-24 22:47:01.448938,2026-04-24 22:47:01.448938,12.555790901184082
2026-04-24 22:47:01.650923,2026-04-24 22:47:01.650923,12.430234909057615
2026-04-24 22:47:01.850433,2026-04-24 22:47:01.850433,12.499293327331545
2026-04-24 22:47:02.049163,2026-04-24 22:47:02.049163,12.557992935180664
2026-04-24 22:47:02.250738,2026-04-24 22:47:02.250738,12.607888221740724
2026-04-24 22:47:02.451580,2026-04-24 22:47:02.451580,12.650298118591309
2026-04-24 22:47:02.652112,2026-04-24 22:47:02.652112,12.686347007751465
2026-04-24 22:47:02.851249,2026-04-24 22:47:02.851249,12.716988563537598
2026-04-24 22:47:03.048922,2026-04-24 22:47:03.048922,12.743034362792969
2026-04-24 22:47:03.249520,2026-04-24 22:47:03.249520,12.765172958374023
2026-04-24 22:47:03.448677,2026-04-24 22:47:03.448677,12.783990859985352
2026-04-24 22:47:03.650425,2026-04-24 22:47:03.650425,12.799985885620115
2026-04-24 22:47:03.848595,2026-04-24 22:47:03.848595,12.813581466674805
2026-04-24 22:47:04.049542,2026-04-24 22:47:04.049542,12.825138092041016
2026-04-24 22:47:04.249604,2026-04-24 22:47:04.249604,12.8349609375
2026-04-24 22:47:04.449388,2026-04-24 22:47:04.449388,12.843311309814451
2026-04-24 22:47:04.651394,2026-04-24 22:47:04.651394,12.850407600402832
2026-04-24 22:47:04.852013,2026-04-24 22:47:04.852013,12.856440544128418
2026-04-24 22:47:05.051123,2026-04-24 22:47:05.051123,13.037349700927734
2026-04-24 22:47:05.250093,2026-04-24 22:47:05.250093,13.015340805053713
2026-04-24 22:47:05.450207,2026-04-24 22:47:05.450207,12.996633529663086
2026-04-24 22:47:05.650905,2026-04-24 22:47:05.650905,12.980731964111328
2026-04-24 22:47:05.850670,2026-04-24 22:47:05.850670,13.14299774169922
2026-04-24 22:47:06.051329,2026-04-24 22:47:06.051329,13.280922889709473
2026-04-24 22:47:06.252418,2026-04-24 22:47:06.252418,13.22237777709961
2026-04-24 22:47:06.451255,2026-04-24 22:47:06.451255,13.172615051269531
2026-04-24 22:47:06.648560,2026-04-24 22:47:06.648560,13.130316734313965
2026-04-24 22:47:06.849921,2026-04-24 22:47:06.849921,13.27014446258545
2026-04-24 22:47:07.050571,2026-04-24 22:47:07.050571,13.388997077941896
2026-04-24 22:47:07.248606,2026-04-24 22:47:07.248606,13.490022659301758
2026-04-24 22:47:07.450042,2026-04-24 22:47:07.450042,13.575894355773926
2026-04-24 22:47:07.651005,2026-04-24 22:47:07.651005,13.648885726928713
2026-04-24 22:47:07.849119,2026-04-24 22:47:07.849119,13.71092700958252
2026-04-24 22:47:08.050168,2026-04-24 22:47:08.050168,13.763663291931152
2026-04-24 22:47:08.248656,2026-04-24 22:47:08.248656,13.808488845825195
2026-04-24 22:47:08.452245,2026-04-24 22:47:08.452245,13.846590995788574
2026-04-24 22:47:08.651780,2026-04-24 22:47:08.651780,14.054758071899414
2026-04-24 22:47:08.848719,2026-04-24 22:47:08.848719,14.055919647216797
2026-04-24 22:47:09.048465,2026-04-24 22:47:09.048465,14.232687950134276
2026-04-24 22:47:09.250466,2026-04-24 22:47:09.250466,14.207159996032717
2026-04-24 22:47:09.450304,2026-04-24 22:47:09.450304,14.537023544311523
2026-04-24 22:47:09.649272,2026-04-24 22:47:09.649272,14.993188858032228
2026-04-24 22:47:09.848688,2026-04-24 22:47:09.848688,15.380928993225098
2026-04-24 22:47:10.051296,2026-04-24 22:47:10.051296,15.710508346557615
2026-04-24 22:47:10.248280,2026-04-24 22:47:10.248280,16.166431427001953
2026-04-24 22:47:10.449282,2026-04-24 22:47:10.449282,16.553966522216797
2026-04-24 22:47:10.649000,2026-04-24 22:47:10.649000,16.883371353149414
2026-04-24 22:47:10.848013,2026-04-24 22:47:10.848013,17.163366317749023
2026-04-24 22:47:11.050576,2026-04-24 22:47:11.050576,17.4013614654541
2026-04-24 22:47:11.248668,2026-04-24 22:47:11.248668,17.603656768798828
2026-04-24 22:47:11.448783,2026-04-24 22:47:11.448783,17.77560806274414
2026-04-24 22:47:11.649596,2026-04-24 22:47:11.649596,17.745986938476562
2026-04-24 22:47:11.848268,2026-04-24 22:47:11.848268,17.896587371826172
2026-04-24 22:47:12.049578,2026-04-24 22:47:12.049578,18.200380325317383
2026-04-24 22:47:12.250775,2026-04-24 22:47:12.250775,18.45860481262207
2026-04-24 22:47:12.448942,2026-04-24 22:47:12.448942,18.8538761138916
2026-04-24 22:47:12.647824,2026-04-24 22:47:12.647824,19.18985748291016
2026-04-24 22:47:12.848448,2026-04-24 22:47:12.848448,19.475440979003903
2026-04-24 22:47:13.048587,2026-04-24 22:47:13.048587,19.71818733215332
2026-04-24 22:47:13.248591,2026-04-24 22:47:13.248591,20.100303649902344
2026-04-24 22:47:13.448500,2026-04-24 22:47:13.448500,20.42510223388672
2026-04-24 22:47:13.648771,2026-04-24 22:47:13.648771,20.70117950439453
2026-04-24 22:47:13.849622,2026-04-24 22:47:13.849622,20.93584632873535
2026-04-24 22:47:14.048310,2026-04-24 22:47:14.048310,21.135313034057617
2026-04-24 22:47:14.250757,2026-04-24 22:47:14.250757,21.304861068725582
2026-04-24 22:47:14.448130,2026-04-24 22:47:14.448130,21.448974609375
2026-04-24 22:47:14.649513,2026-04-24 22:47:14.649513,21.57147216796875
2026-04-24 22:47:14.848732,2026-04-24 22:47:14.848732,21.675596237182617
2026-04-24 22:47:15.049947,2026-04-24 22:47:15.049947,21.76409912109375
2026-04-24 22:47:15.250357,2026-04-24 22:47:15.250357,21.83932876586914
2026-04-24 22:47:15.449544,2026-04-24 22:47:15.449544,21.90327262878418
2026-04-24 22:47:15.649141,2026-04-24 22:47:15.649141,21.95762634277344
2026-04-24 22:47:15.849737,2026-04-24 22:47:15.849737,22.003826141357425
2026-04-24 22:47:16.048555,2026-04-24 22:47:16.048555,22.0430965423584
2026-04-24 22:47:16.248188,2026-04-24 22:47:16.248188,22.252256393432617
2026-04-24 22:47:16.448657,2026-04-24 22:47:16.448657,22.430042266845703
2026-04-24 22:47:16.648687,2026-04-24 22:47:16.648687,22.58116149902344
2026-04-24 22:47:16.848676,2026-04-24 22:47:16.848676,22.709611892700195
2026-04-24 22:47:17.048057,2026-04-24 22:47:17.048057,22.818796157836918
2026-04-24 22:47:17.249527,2026-04-24 22:47:17.249527,22.91160011291504
2026-04-24 22:47:17.449430,2026-04-24 22:47:17.449430,22.99048614501953
2026-04-24 22:47:17.650281,2026-04-24 22:47:17.650281,23.057537078857425
2026-04-24 22:47:17.851054,2026-04-24 22:47:17.851054,23.114532470703125
2026-04-24 22:47:18.048058,2026-04-24 22:47:18.048058,23.16297721862793
2026-04-24 22:47:18.248300,2026-04-24 22:47:18.248300,23.20415496826172
2026-04-24 22:47:18.448425,2026-04-24 22:47:18.448425,23.23915672302246
2026-04-24 22:47:18.648239,2026-04-24 22:47:18.648239,23.268909454345703
2026-04-24 22:47:18.848876,2026-04-24 22:47:18.848876,23.29419708251953
2026-04-24 22:47:19.049166,2026-04-24 22:47:19.049166,23.315692901611328
2026-04-24 22:47:19.250247,2026-04-24 22:47:19.250247,23.33396339416504
2026-04-24 22:47:19.448716,2026-04-24 22:47:19.448716,23.34949493408203
2026-04-24 22:47:19.648601,2026-04-24 22:47:19.648601,23.362695693969727
2026-04-24 22:47:19.849708,2026-04-24 22:47:19.849708,23.37391662597656
2026-04-24 22:47:20.048603,2026-04-24 22:47:20.048603,23.383453369140625
2026-04-24 22:47:20.248758,2026-04-24 22:47:20.248758,23.39155960083008
2026-04-24 22:47:20.448156,2026-04-24 22:47:20.448156,23.39845085144043
2026-04-24 22:47:20.648136,2026-04-24 22:47:20.648136,23.2285270690918
2026-04-24 22:47:20.849914,2026-04-24 22:47:20.849914,23.25987243652344
2026-04-24 22:47:21.049521,2026-04-24 22:47:21.049521,23.286518096923828
2026-04-24 22:47:21.248996,2026-04-24 22:47:21.248996,23.13338279724121
2026-04-24 22:47:21.449609,2026-04-24 22:47:21.449609,23.003219604492188
2026-04-24 22:47:21.649811,2026-04-24 22:47:21.649811,22.892580032348636
2026-04-24 22:47:21.849471,2026-04-24 22:47:21.849471,22.97431755065918
2026-04-24 22:47:22.050247,2026-04-24 22:47:22.050247,23.04379653930664
2026-04-24 22:47:22.252320,2026-04-24 22:47:22.252320,23.10285186767578
2026-04-24 22:47:22.451274,2026-04-24 22:47:22.451274,23.15304946899414
2026-04-24 22:47:22.649334,2026-04-24 22:47:22.649334,23.19571685791016
2026-04-24 22:47:22.848767,2026-04-24 22:47:22.848767,23.231983184814453
2026-04-24 22:47:23.048763,2026-04-24 22:47:23.048763,23.0870304107666
2026-04-24 22:47:23.249781,2026-04-24 22:47:23.249781,23.13960075378418
2026-04-24 22:47:23.449758,2026-04-24 22:47:23.449758,23.18428611755371
2026-04-24 22:47:23.649346,2026-04-24 22:47:23.649346,23.222267150878903
2026-04-24 22:47:23.848781,2026-04-24 22:47:23.848781,23.078771591186523
2026-04-24 22:47:24.050626,2026-04-24 22:47:24.050626,22.9567985534668
2026-04-24 22:47:24.252233,2026-04-24 22:47:24.252233,22.85312271118164
2026-04-24 22:47:24.450755,2026-04-24 22:47:24.450755,22.76499938964844
2026-04-24 22:47:24.650509,2026-04-24 22:47:24.650509,22.690092086791992
2026-04-24 22:47:24.850979,2026-04-24 22:47:24.850979,22.62642288208008
2026-04-24 22:47:25.050718,2026-04-24 22:47:25.050718,22.572301864624023
2026-04-24 22:47:25.250085,2026-04-24 22:47:25.250085,22.52630043029785
2026-04-24 22:47:25.451092,2026-04-24 22:47:25.451092,22.487199783325195
2026-04-24 22:47:25.649676,2026-04-24 22:47:25.649676,22.45396423339844
2026-04-24 22:47:38.749176,2026-04-24 22:47:38.749176,22.42571258544922
2026-04-24 22:47:38.950151,2026-04-24 22:47:38.950151,22.40169906616211
2026-04-24 22:47:39.149929,2026-04-24 22:47:39.149929,22.381288528442383
2026-04-24 22:47:39.349096,2026-04-24 22:47:39.349096,22.36393928527832
2026-04-24 22:47:39.548592,2026-04-24 22:47:39.548592,22.34919166564941
2026-04-24 22:47:39.749364,2026-04-24 22:47:39.749364,22.51243782043457
2026-04-24 22:47:39.951482,2026-04-24 22:47:39.951482,22.65119743347168
2026-04-24 22:47:40.149721,2026-04-24 22:47:40.149721,22.769142150878903
2026-04-24 22:47:40.348584,2026-04-24 22:47:40.348584,23.0451774597168
2026-04-24 22:47:40.550823,2026-04-24 22:47:40.550823,23.279808044433597
2026-04-24 22:47:40.751693,2026-04-24 22:47:40.751693,23.6550235748291
2026-04-24 22:47:40.949627,2026-04-24 22:47:40.949627,23.973957061767575
2026-04-24 22:47:41.148515,2026-04-24 22:47:41.148515,24.420833587646484
2026-04-24 22:47:41.349528,2026-04-24 22:47:41.349528,24.624895095825195
2026-04-24 22:47:41.550841,2026-04-24 22:47:41.550841,24.798349380493164
2026-04-24 22:47:41.750904,2026-04-24 22:47:41.750904,25.121564865112305
2026-04-24 22:47:41.949586,2026-04-24 22:47:41.949586,25.396299362182617
2026-04-24 22:47:42.147976,2026-04-24 22:47:42.147976,25.629823684692383
2026-04-24 22:47:42.347978,2026-04-24 22:47:42.347978,25.828317642211918
2026-04-24 22:47:42.549117,2026-04-24 22:47:42.549117,25.821258544921875
2026-04-24 22:47:42.748076,2026-04-24 22:47:42.748076,25.99103736877441
2026-04-24 22:47:42.950872,2026-04-24 22:47:42.950872,26.135351181030277
2026-04-24 22:47:43.150870,2026-04-24 22:47:43.150870,26.25801658630371
2026-04-24 22:47:43.349101,2026-04-24 22:47:43.349101,26.36228370666504
2026-04-24 22:47:43.548743,2026-04-24 22:47:43.548743,26.450908660888672
2026-04-24 22:47:43.749542,2026-04-24 22:47:43.749542,26.526241302490234
2026-04-24 22:47:43.950239,2026-04-24 22:47:43.950239,26.590274810791016
2026-04-24 22:47:44.150287,2026-04-24 22:47:44.150287,26.64470100402832
2026-04-24 22:47:44.350031,2026-04-24 22:47:44.350031,26.69096565246582
2026-04-24 22:47:44.550968,2026-04-24 22:47:44.550968,26.73028945922852
2026-04-24 22:47:44.748269,2026-04-24 22:47:44.748269,26.76371383666992
2026-04-24 22:47:44.951294,2026-04-24 22:47:44.951294,26.792125701904297
2026-04-24 22:47:45.148909,2026-04-24 22:47:45.148909,26.81627655029297
2026-04-24 22:47:45.349834,2026-04-24 22:47:45.349834,26.836803436279297
2026-04-24 22:47:45.549432,2026-04-24 22:47:45.549432,26.854251861572266
2026-04-24 22:47:45.749891,2026-04-24 22:47:45.749891,26.869083404541016
2026-04-24 22:47:45.951432,2026-04-24 22:47:45.951432,26.881689071655277
2026-04-24 22:47:46.148499,2026-04-24 22:47:46.148499,26.89240455627441
2026-04-24 22:47:46.351763,2026-04-24 22:47:46.351763,26.901512145996094
2026-04-24 22:47:46.549148,2026-04-24 22:47:46.549148,26.90925407409668
2026-04-24 22:47:46.749871,2026-04-24 22:47:46.749871,26.915834426879883
2026-04-24 22:47:46.951740,2026-04-24 22:47:46.951740,26.92142868041992
2026-04-24 22:47:47.151010,2026-04-24 22:47:47.151010,26.926183700561523
2026-04-24 22:47:47.352388,2026-04-24 22:47:47.352388,26.93022346496582
2026-04-24 22:47:47.552737,2026-04-24 22:47:47.552737,26.93365859985352
2026-04-24 22:47:47.751575,2026-04-24 22:47:47.751575,26.93657875061035
2026-04-24 22:47:47.950574,2026-04-24 22:47:47.950574,26.76327896118164
2026-04-24 22:47:48.150576,2026-04-24 22:47:48.150576,26.61597442626953
2026-04-24 22:47:48.350667,2026-04-24 22:47:48.350667,26.490766525268555
2026-04-24 22:47:48.549496,2026-04-24 22:47:48.549496,26.38433837890625
2026-04-24 22:47:48.748284,2026-04-24 22:47:48.748284,26.29387664794922
2026-04-24 22:47:48.948693,2026-04-24 22:47:48.948693,26.216981887817383
2026-04-24 22:47:49.149565,2026-04-24 22:47:49.149565,25.9758415222168
2026-04-24 22:47:49.348972,2026-04-24 22:47:49.348972,25.595088958740234
2026-04-24 22:47:49.548727,2026-04-24 22:47:49.548727,25.27145195007324
2026-04-24 22:47:49.748366,2026-04-24 22:47:49.748366,25.17214012145996
2026-04-24 22:47:49.949208,2026-04-24 22:47:49.949208,24.911943435668945
2026-04-24 22:47:50.154847,2026-04-24 22:47:50.154847,24.51499557495117
2026-04-24 22:47:50.348147,2026-04-24 22:47:50.348147,23.474464416503903
2026-04-24 22:47:50.549893,2026-04-24 22:47:50.549893,23.29313850402832
2026-04-24 22:47:50.748872,2026-04-24 22:47:50.748872,22.61166763305664
2026-04-24 22:47:50.949498,2026-04-24 22:47:50.949498,22.03241729736328
2026-04-24 22:47:51.148048,2026-04-24 22:47:51.148048,21.54005622863769
2026-04-24 22:47:51.348236,2026-04-24 22:47:51.348236,21.12154769897461
2026-04-24 22:47:51.548182,2026-04-24 22:47:51.548182,20.76581573486328
2026-04-24 22:47:51.749244,2026-04-24 22:47:51.749244,20.463441848754883
2026-04-24 22:47:51.949808,2026-04-24 22:47:51.949808,20.2064266204834
2026-04-24 22:47:52.148821,2026-04-24 22:47:52.148821,19.98796272277832
2026-04-24 22:47:52.350110,2026-04-24 22:47:52.350110,19.802268981933597
2026-04-24 22:47:52.548046,2026-04-24 22:47:52.548046,19.468647003173828
2026-04-24 22:47:52.748202,2026-04-24 22:47:52.748202,19.360849380493164
2026-04-24 22:47:52.948984,2026-04-24 22:47:52.948984,19.269222259521484
2026-04-24 22:47:53.148929,2026-04-24 22:47:53.148929,19.19133949279785
2026-04-24 22:47:53.348501,2026-04-24 22:47:53.348501,19.12513732910156
2026-04-24 22:47:53.548518,2026-04-24 22:47:53.548518,18.893085479736328
2026-04-24 22:47:53.747964,2026-04-24 22:47:53.747964,18.69584274291992
2026-04-24 22:47:53.948075,2026-04-24 22:47:53.948075,18.52818489074707
2026-04-24 22:47:54.148077,2026-04-24 22:47:54.148077,18.38567543029785
2026-04-24 22:47:54.347886,2026-04-24 22:47:54.347886,18.264543533325195
2026-04-24 22:47:54.548800,2026-04-24 22:47:54.548800,18.16158103942871
2026-04-24 22:47:54.749273,2026-04-24 22:47:54.749273,18.07406234741211
2026-04-24 22:47:54.949087,2026-04-24 22:47:54.949087,17.999671936035156
2026-04-24 22:47:55.148973,2026-04-24 22:47:55.148973,17.936439514160156
2026-04-24 22:47:55.348972,2026-04-24 22:47:55.348972,17.882692337036133
2026-04-24 22:47:55.550083,2026-04-24 22:47:55.550083,17.837007522583008
2026-04-24 22:47:55.749520,2026-04-24 22:47:55.749520,17.798173904418945
2026-04-24 22:47:55.949345,2026-04-24 22:47:55.949345,17.765167236328125
2026-04-24 22:47:56.149916,2026-04-24 22:47:56.149916,17.737110137939453
2026-04-24 22:47:56.348073,2026-04-24 22:47:56.348073,17.7132625579834
2026-04-24 22:47:56.548788,2026-04-24 22:47:56.548788,17.6929931640625
2026-04-24 22:47:56.748647,2026-04-24 22:47:56.748647,17.675762176513672
2026-04-24 22:47:56.947963,2026-04-24 22:47:56.947963,17.836898803710938
2026-04-24 22:47:57.148250,2026-04-24 22:47:57.148250,17.97386360168457
2026-04-24 22:47:57.348826,2026-04-24 22:47:57.348826,18.09028434753418
2026-04-24 22:47:57.548537,2026-04-24 22:47:57.548537,18.18924140930176
2026-04-24 22:47:57.750064,2026-04-24 22:47:57.750064,18.09757423400879
2026-04-24 22:47:57.950063,2026-04-24 22:47:57.950063,18.01965713500977
2026-04-24 22:47:58.148963,2026-04-24 22:47:58.148963,17.953426361083984
2026-04-24 22:47:58.348520,2026-04-24 22:47:58.348520,17.721349716186523
2026-04-24 22:47:58.547909,2026-04-24 22:47:58.547909,17.699867248535156
2026-04-24 22:47:58.748938,2026-04-24 22:47:58.748938,17.681604385375977
2026-04-24 22:47:58.948238,2026-04-24 22:47:58.948238,17.66608238220215
2026-04-24 22:47:59.148518,2026-04-24 22:47:59.148518,17.828670501708984
2026-04-24 22:47:59.348278,2026-04-24 22:47:59.348278,17.966869354248047
2026-04-24 22:47:59.548592,2026-04-24 22:47:59.548592,18.084339141845703
2026-04-24 22:47:59.748882,2026-04-24 22:47:59.748882,18.18418884277344
2026-04-24 22:47:59.948464,2026-04-24 22:47:59.948464,18.44484138488769
2026-04-24 22:48:00.149840,2026-04-24 22:48:00.149840,18.66639709472656
2026-04-24 22:48:00.348245,2026-04-24 22:48:00.348245,18.854719161987305
2026-04-24 22:48:00.549202,2026-04-24 22:48:00.549202,19.01479148864746
2026-04-24 22:48:00.751823,2026-04-24 22:48:00.751823,19.150854110717773
2026-04-24 22:48:00.949931,2026-04-24 22:48:00.949931,19.266508102416992
2026-04-24 22:48:01.148203,2026-04-24 22:48:01.148203,19.36481285095215
2026-04-24 22:48:01.348788,2026-04-24 22:48:01.348788,19.44837188720703
2026-04-24 22:48:01.549244,2026-04-24 22:48:01.549244,19.695178985595703
2026-04-24 22:48:01.749408,2026-04-24 22:48:01.749408,19.904964447021484
2026-04-24 22:48:01.948593,2026-04-24 22:48:01.948593,20.083282470703125
2026-04-24 22:48:02.150281,2026-04-24 22:48:02.150281,20.234851837158203
2026-04-24 22:48:02.349856,2026-04-24 22:48:02.349856,20.36368751525879
2026-04-24 22:48:02.549596,2026-04-24 22:48:02.549596,20.47319602966309
2026-04-24 22:48:02.750407,2026-04-24 22:48:02.750407,20.566280364990234
2026-04-24 22:48:02.950828,2026-04-24 22:48:02.950828,20.64540100097656
2026-04-24 22:48:03.149704,2026-04-24 22:48:03.149704,20.7126522064209
2026-04-24 22:48:03.349878,2026-04-24 22:48:03.349878,20.76981735229492
2026-04-24 22:48:03.549901,2026-04-24 22:48:03.549901,20.81840705871582
2026-04-24 22:48:03.750202,2026-04-24 22:48:03.750202,20.859708786010746
2026-04-24 22:48:03.950236,2026-04-24 22:48:03.950236,20.89481544494629
2026-04-24 22:48:17.050653,2026-04-24 22:48:17.050653,20.92465591430664
2026-04-24 22:48:17.248476,2026-04-24 22:48:17.248476,20.95001983642578
2026-04-24 22:48:17.449196,2026-04-24 22:48:17.449196,20.97157859802246
2026-04-24 22:48:17.648510,2026-04-24 22:48:17.648510,20.989904403686523
2026-04-24 22:48:17.849782,2026-04-24 22:48:17.849782,21.005481719970703
2026-04-24 22:48:18.049643,2026-04-24 22:48:18.049643,21.018722534179688
2026-04-24 22:48:18.249438,2026-04-24 22:48:18.249438,21.02997589111328
2026-04-24 22:48:18.448411,2026-04-24 22:48:18.448411,21.03954124450684
2026-04-24 22:48:18.648093,2026-04-24 22:48:18.648093,21.04767417907715
2026-04-24 22:48:18.849695,2026-04-24 22:48:18.849695,21.054584503173828
2026-04-24 22:48:19.049449,2026-04-24 22:48:19.049449,21.06045913696289
2026-04-24 22:48:19.249533,2026-04-24 22:48:19.249533,21.065452575683597
2026-04-24 22:48:19.449107,2026-04-24 22:48:19.449107,21.069698333740234
2026-04-24 22:48:19.666653,2026-04-24 22:48:19.666653,21.073305130004883
2026-04-24 22:48:19.848622,2026-04-24 22:48:19.848622,21.076372146606445
2026-04-24 22:48:20.048725,2026-04-24 22:48:20.048725,21.0789794921875
2026-04-24 22:48:20.249231,2026-04-24 22:48:20.249231,21.081193923950195
2026-04-24 22:48:20.449356,2026-04-24 22:48:20.449356,21.08307838439941
2026-04-24 22:48:20.651331,2026-04-24 22:48:20.651331,21.084678649902344
2026-04-24 22:48:20.848902,2026-04-24 22:48:20.848902,20.91025733947754
2026-04-24 22:48:21.048624,2026-04-24 22:48:21.048624,20.937782287597656
2026-04-24 22:48:21.249008,2026-04-24 22:48:21.249008,20.78539657592773
2026-04-24 22:48:21.449718,2026-04-24 22:48:21.449718,20.65586853027344
2026-04-24 22:48:21.648702,2026-04-24 22:48:21.648702,20.54576873779297
2026-04-24 22:48:21.849185,2026-04-24 22:48:21.849185,20.276403427124023
2026-04-24 22:48:22.048780,2026-04-24 22:48:22.048780,20.047443389892575
2026-04-24 22:48:22.249043,2026-04-24 22:48:22.249043,19.852827072143555
2026-04-24 22:48:22.448267,2026-04-24 22:48:22.448267,19.687402725219727
2026-04-24 22:48:22.648038,2026-04-24 22:48:22.648038,19.54679298400879
2026-04-24 22:48:22.850997,2026-04-24 22:48:22.850997,19.42727279663086
2026-04-24 22:48:23.049736,2026-04-24 22:48:23.049736,19.325681686401367
2026-04-24 22:48:23.249280,2026-04-24 22:48:23.249280,19.239330291748047
2026-04-24 22:48:23.452590,2026-04-24 22:48:23.452590,19.165929794311523
2026-04-24 22:48:23.648659,2026-04-24 22:48:23.648659,19.103540420532227
2026-04-24 22:48:23.849892,2026-04-24 22:48:23.849892,19.05051040649414
2026-04-24 22:48:24.051743,2026-04-24 22:48:24.051743,19.181215286254883
2026-04-24 22:48:24.252701,2026-04-24 22:48:24.252701,19.116533279418945
2026-04-24 22:48:24.450380,2026-04-24 22:48:24.450380,19.06155204772949
2026-04-24 22:48:24.648661,2026-04-24 22:48:24.648661,19.014820098876957
2026-04-24 22:48:24.850393,2026-04-24 22:48:24.850393,18.975095748901367
2026-04-24 22:48:25.049351,2026-04-24 22:48:25.049351,19.11711311340332
2026-04-24 22:48:25.251429,2026-04-24 22:48:25.251429,19.23782730102539
2026-04-24 22:48:25.450691,2026-04-24 22:48:25.450691,19.34043502807617
2026-04-24 22:48:25.651401,2026-04-24 22:48:25.651401,19.42765045166016
2026-04-24 22:48:25.852062,2026-04-24 22:48:25.852062,19.501785278320312
2026-04-24 22:48:26.051199,2026-04-24 22:48:26.051199,19.56479835510254
2026-04-24 22:48:26.255020,2026-04-24 22:48:26.255020,20.67304801940918
2026-04-24 22:48:26.452232,2026-04-24 22:48:26.452232,20.56037139892578
2026-04-24 22:48:26.650785,2026-04-24 22:48:26.650785,21.519285202026367
2026-04-24 22:48:26.853631,2026-04-24 22:48:26.853631,22.334360122680664
2026-04-24 22:48:27.052194,2026-04-24 22:48:27.052194,23.027175903320312
2026-04-24 22:48:27.251064,2026-04-24 22:48:27.251064,23.61606788635254
2026-04-24 22:48:27.451038,2026-04-24 22:48:27.451038,24.116626739501957
2026-04-24 22:48:27.649900,2026-04-24 22:48:27.649900,24.54210090637207
2026-04-24 22:48:27.850930,2026-04-24 22:48:27.850930,24.90375518798828
2026-04-24 22:48:28.049713,2026-04-24 22:48:28.049713,25.21116065979004
2026-04-24 22:48:28.249244,2026-04-24 22:48:28.249244,25.47245407104492
2026-04-24 22:48:28.449270,2026-04-24 22:48:28.449270,24.288305282592773
2026-04-24 22:48:28.648934,2026-04-24 22:48:28.648934,23.28177833557129
2026-04-24 22:48:28.848685,2026-04-24 22:48:28.848685,22.42622947692871
2026-04-24 22:48:29.052701,2026-04-24 22:48:29.052701,21.69901466369629
2026-04-24 22:48:29.251163,2026-04-24 22:48:29.251163,21.08088111877441
2026-04-24 22:48:29.452586,2026-04-24 22:48:29.452586,20.55546760559082
2026-04-24 22:48:29.649506,2026-04-24 22:48:29.649506,19.93308448791504
2026-04-24 22:48:29.848173,2026-04-24 22:48:29.848173,19.40406036376953
2026-04-24 22:48:30.048595,2026-04-24 22:48:30.048595,18.95438766479492
2026-04-24 22:48:30.248959,2026-04-24 22:48:30.248959,18.572168350219727
2026-04-24 22:48:30.448592,2026-04-24 22:48:30.448592,18.24728012084961
2026-04-24 22:48:30.648016,2026-04-24 22:48:30.648016,17.97112464904785
2026-04-24 22:48:30.848335,2026-04-24 22:48:30.848335,17.73639488220215
2026-04-24 22:48:31.048091,2026-04-24 22:48:31.048091,17.53687286376953
2026-04-24 22:48:31.247927,2026-04-24 22:48:31.247927,17.367279052734375
2026-04-24 22:48:31.448037,2026-04-24 22:48:31.448037,17.223125457763672
2026-04-24 22:48:31.648349,2026-04-24 22:48:31.648349,17.10059356689453
2026-04-24 22:48:31.847839,2026-04-24 22:48:31.847839,16.996442794799805
2026-04-24 22:48:32.050041,2026-04-24 22:48:32.050041,16.907913208007812
2026-04-24 22:48:32.248068,2026-04-24 22:48:32.248068,16.832664489746094
2026-04-24 22:48:32.448391,2026-04-24 22:48:32.448391,16.592920303344727
2026-04-24 22:48:32.648876,2026-04-24 22:48:32.648876,16.56492042541504
2026-04-24 22:48:32.848400,2026-04-24 22:48:32.848400,16.541118621826172
2026-04-24 22:48:33.048384,2026-04-24 22:48:33.048384,16.520889282226562
2026-04-24 22:48:33.251497,2026-04-24 22:48:33.251497,16.503692626953125
2026-04-24 22:48:33.448206,2026-04-24 22:48:33.448206,16.313295364379883
2026-04-24 22:48:33.649458,2026-04-24 22:48:33.649458,16.151456832885742
2026-04-24 22:48:33.849729,2026-04-24 22:48:33.849729,16.18967628479004
2026-04-24 22:48:34.049095,2026-04-24 22:48:34.049095,16.2221622467041
2026-04-24 22:48:34.250047,2026-04-24 22:48:34.250047,16.249774932861328
2026-04-24 22:48:34.449689,2026-04-24 22:48:34.449689,16.27324676513672
2026-04-24 22:48:34.649483,2026-04-24 22:48:34.649483,16.468978881835938
2026-04-24 22:48:34.848971,2026-04-24 22:48:34.848971,16.635351181030273
2026-04-24 22:48:35.048165,2026-04-24 22:48:35.048165,17.128328323364258
2026-04-24 22:48:35.248599,2026-04-24 22:48:35.248599,17.723142623901367
2026-04-24 22:48:35.449894,2026-04-24 22:48:35.449894,18.22873306274414
2026-04-24 22:48:35.647846,2026-04-24 22:48:35.647846,18.482704162597656
2026-04-24 22:48:35.847960,2026-04-24 22:48:35.847960,18.698579788208008
2026-04-24 22:48:36.048062,2026-04-24 22:48:36.048062,19.0578556060791
2026-04-24 22:48:36.247984,2026-04-24 22:48:36.247984,19.18745803833008
2026-04-24 22:48:36.448135,2026-04-24 22:48:36.448135,19.29762077331543
2026-04-24 22:48:36.649107,2026-04-24 22:48:36.649107,19.391258239746094
2026-04-24 22:48:36.848769,2026-04-24 22:48:36.848769,19.47085189819336
2026-04-24 22:48:37.049608,2026-04-24 22:48:37.049608,19.53850555419922
2026-04-24 22:48:37.248000,2026-04-24 22:48:37.248000,19.420228958129883
2026-04-24 22:48:37.448014,2026-04-24 22:48:37.448014,19.31969451904297
2026-04-24 22:48:37.649579,2026-04-24 22:48:37.649579,19.410022735595703
2026-04-24 22:48:37.848909,2026-04-24 22:48:37.848909,19.311017990112305
2026-04-24 22:48:38.050097,2026-04-24 22:48:38.050097,19.051084518432617
2026-04-24 22:48:38.249617,2026-04-24 22:48:38.249617,18.830141067504883
2026-04-24 22:48:38.448124,2026-04-24 22:48:38.448124,18.642337799072266
2026-04-24 22:48:38.650344,2026-04-24 22:48:38.650344,18.65848731994629
2026-04-24 22:48:38.848845,2026-04-24 22:48:38.848845,18.67221450805664
2026-04-24 22:48:39.050171,2026-04-24 22:48:39.050171,19.738569259643555
2026-04-24 22:48:39.249609,2026-04-24 22:48:39.249609,19.59028434753418
2026-04-24 22:48:39.448238,2026-04-24 22:48:39.448238,19.28845977783203
2026-04-24 22:48:39.648616,2026-04-24 22:48:39.648616,19.031909942626957
2026-04-24 22:48:39.848838,2026-04-24 22:48:39.848838,18.8138427734375
2026-04-24 22:48:40.048082,2026-04-24 22:48:40.048082,18.62848472595215
2026-04-24 22:48:40.249350,2026-04-24 22:48:40.249350,18.646711349487305
2026-04-24 22:48:40.449723,2026-04-24 22:48:40.449723,18.66220474243164
2026-04-24 22:48:40.649309,2026-04-24 22:48:40.649309,18.49959373474121
2026-04-24 22:48:40.849309,2026-04-24 22:48:40.849309,18.361373901367188
2026-04-24 22:48:41.049341,2026-04-24 22:48:41.049341,18.243885040283203
2026-04-24 22:48:41.248573,2026-04-24 22:48:41.248573,19.55027198791504
2026-04-24 22:48:41.449418,2026-04-24 22:48:41.449418,19.25444984436035
2026-04-24 22:48:41.649771,2026-04-24 22:48:41.649771,19.00300025939941
2026-04-24 22:48:41.849339,2026-04-24 22:48:41.849339,18.789270401000977
2026-04-24 22:48:42.049759,2026-04-24 22:48:42.049759,20.18962860107422
2026-04-24 22:48:42.248434,2026-04-24 22:48:42.248434,19.79790306091309
2026-04-24 22:48:55.348681,2026-04-24 22:48:55.348681,19.464937210083008
2026-04-24 22:48:55.551159,2026-04-24 22:48:55.551159,20.763946533203125
2026-04-24 22:48:55.748739,2026-04-24 22:48:55.748739,21.868104934692383
2026-04-24 22:48:55.949030,2026-04-24 22:48:55.949030,22.806638717651367
2026-04-24 22:48:56.149036,2026-04-24 22:48:56.149036,23.604393005371094
2026-04-24 22:48:56.349114,2026-04-24 22:48:56.349114,24.28248405456543
2026-04-24 22:48:56.550238,2026-04-24 22:48:56.550238,25.034643173217773
2026-04-24 22:48:56.748637,2026-04-24 22:48:56.748637,25.67397689819336
2026-04-24 22:48:56.949384,2026-04-24 22:48:56.949384,26.2174129486084
2026-04-24 22:48:57.149163,2026-04-24 22:48:57.149163,26.679330825805664
2026-04-24 22:48:57.347924,2026-04-24 22:48:57.347924,27.071962356567383
2026-04-24 22:48:57.549731,2026-04-24 22:48:57.549731,27.40570068359375
2026-04-24 22:48:57.748697,2026-04-24 22:48:57.748697,27.689376831054688
2026-04-24 22:48:57.951908,2026-04-24 22:48:57.951908,27.930500030517575
2026-04-24 22:48:58.149123,2026-04-24 22:48:58.149123,28.13545799255371
2026-04-24 22:48:58.351157,2026-04-24 22:48:58.351157,28.309669494628903
2026-04-24 22:48:58.548865,2026-04-24 22:48:58.548865,28.45775032043457
2026-04-24 22:48:58.747862,2026-04-24 22:48:58.747862,28.583620071411133
2026-04-24 22:48:58.947894,2026-04-24 22:48:58.947894,28.69060707092285
2026-04-24 22:48:59.149035,2026-04-24 22:48:59.149035,28.78154754638672
2026-04-24 22:48:59.360363,2026-04-24 22:48:59.360363,28.85884666442871
2026-04-24 22:48:59.548393,2026-04-24 22:48:59.548393,28.92455101013184
2026-04-24 22:48:59.749776,2026-04-24 22:48:59.749776,28.98040008544922
2026-04-24 22:48:59.949805,2026-04-24 22:48:59.949805,29.027870178222656
2026-04-24 22:49:00.148736,2026-04-24 22:49:00.148736,29.06822204589844
2026-04-24 22:49:00.349015,2026-04-24 22:49:00.349015,26.465801239013672
2026-04-24 22:49:00.550532,2026-04-24 22:49:00.550532,26.89046287536621
2026-04-24 22:49:00.748992,2026-04-24 22:49:00.748992,27.25142478942871
2026-04-24 22:49:00.953649,2026-04-24 22:49:00.953649,27.55824089050293
2026-04-24 22:49:01.149431,2026-04-24 22:49:01.149431,27.81903648376465
2026-04-24 22:49:01.350555,2026-04-24 22:49:01.350555,28.040712356567383
2026-04-24 22:49:01.548710,2026-04-24 22:49:01.548710,28.229137420654297
2026-04-24 22:49:01.748760,2026-04-24 22:49:01.748760,28.38929748535156
2026-04-24 22:49:01.949188,2026-04-24 22:49:01.949188,28.525434494018555
2026-04-24 22:49:02.162025,2026-04-24 22:49:02.162025,28.641149520874023
2026-04-24 22:49:02.349264,2026-04-24 22:49:02.349264,28.73950958251953
2026-04-24 22:49:02.551502,2026-04-24 22:49:02.551502,26.0106143951416
2026-04-24 22:49:02.750397,2026-04-24 22:49:02.750397,23.86683464050293
2026-04-24 22:49:02.950554,2026-04-24 22:49:02.950554,22.04462242126465
2026-04-24 22:49:03.150223,2026-04-24 22:49:03.150223,20.31995964050293
2026-04-24 22:49:03.350045,2026-04-24 22:49:03.350045,18.85399627685547
2026-04-24 22:49:03.549865,2026-04-24 22:49:03.549865,17.607929229736328
2026-04-24 22:49:03.748384,2026-04-24 22:49:03.748384,16.548770904541016
2026-04-24 22:49:03.958943,2026-04-24 22:49:03.958943,18.109424591064453
2026-04-24 22:49:04.151379,2026-04-24 22:49:04.151379,16.97504234313965
2026-04-24 22:49:04.349638,2026-04-24 22:49:04.349638,16.01081657409668
2026-04-24 22:49:04.551678,2026-04-24 22:49:04.551678,15.191225051879885
2026-04-24 22:49:04.750963,2026-04-24 22:49:04.750963,14.494572639465332
2026-04-24 22:49:04.948579,2026-04-24 22:49:04.948579,16.36335563659668
2026-04-24 22:49:05.149447,2026-04-24 22:49:05.149447,17.951820373535156
2026-04-24 22:49:05.349736,2026-04-24 22:49:05.349736,19.302017211914062
2026-04-24 22:49:05.552060,2026-04-24 22:49:05.552060,20.449682235717773
2026-04-24 22:49:05.750168,2026-04-24 22:49:05.750168,19.140043258666992
2026-04-24 22:49:05.950004,2026-04-24 22:49:05.950004,18.0268497467041
2026-04-24 22:49:06.149357,2026-04-24 22:49:06.149357,17.08063507080078
2026-04-24 22:49:06.350765,2026-04-24 22:49:06.350765,16.276351928710938
2026-04-24 22:49:06.549519,2026-04-24 22:49:06.549519,15.592711448669434
2026-04-24 22:49:06.751316,2026-04-24 22:49:06.751316,15.011616706848145
2026-04-24 22:49:06.949676,2026-04-24 22:49:06.949676,14.51768684387207
2026-04-24 22:49:07.149056,2026-04-24 22:49:07.149056,14.097846031188965
2026-04-24 22:49:07.359324,2026-04-24 22:49:07.359324,13.565200805664062
2026-04-24 22:49:07.551714,2026-04-24 22:49:07.551714,13.288232803344728
2026-04-24 22:49:07.749305,2026-04-24 22:49:07.749305,13.052810668945312
2026-04-24 22:49:07.948229,2026-04-24 22:49:07.948229,12.676919937133787
2026-04-24 22:49:08.148630,2026-04-24 22:49:08.148630,12.533194541931152
2026-04-24 22:49:08.348750,2026-04-24 22:49:08.348750,12.411027908325195
2026-04-24 22:49:08.548964,2026-04-24 22:49:08.548964,12.307186126708984
2026-04-24 22:49:08.748755,2026-04-24 22:49:08.748755,12.394701957702637
2026-04-24 22:49:08.951659,2026-04-24 22:49:08.951659,12.293309211730955
2026-04-24 22:49:09.149066,2026-04-24 22:49:09.149066,12.382906913757324
2026-04-24 22:49:09.351493,2026-04-24 22:49:09.351493,12.459064483642578
2026-04-24 22:49:09.548796,2026-04-24 22:49:09.548796,12.699580192565918
2026-04-24 22:49:09.748062,2026-04-24 22:49:09.748062,13.079798698425291
2026-04-24 22:49:09.952597,2026-04-24 22:49:09.952597,13.57876682281494
2026-04-24 22:49:10.149513,2026-04-24 22:49:10.149513,14.002889633178713
2026-04-24 22:49:10.348516,2026-04-24 22:49:10.348516,14.539175033569336
2026-04-24 22:49:10.550405,2026-04-24 22:49:10.550405,14.819235801696776
2026-04-24 22:49:10.748619,2026-04-24 22:49:10.748619,15.05728816986084
2026-04-24 22:49:10.947895,2026-04-24 22:49:10.947895,15.259632110595703
2026-04-24 22:49:11.148891,2026-04-24 22:49:11.148891,15.431625366210938
2026-04-24 22:49:11.348219,2026-04-24 22:49:11.348219,15.577818870544434
2026-04-24 22:49:11.558835,2026-04-24 22:49:11.558835,15.702083587646484
2026-04-24 22:49:11.748098,2026-04-24 22:49:11.748098,15.807708740234377
2026-04-24 22:49:11.948673,2026-04-24 22:49:11.948673,15.897489547729492
2026-04-24 22:49:12.160245,2026-04-24 22:49:12.160245,15.973803520202637
2026-04-24 22:49:12.349274,2026-04-24 22:49:12.349274,16.038671493530273
2026-04-24 22:49:12.547989,2026-04-24 22:49:12.547989,16.093807220458984
2026-04-24 22:49:12.748134,2026-04-24 22:49:12.748134,16.140674591064453
2026-04-24 22:49:12.948728,2026-04-24 22:49:12.948728,16.180509567260742
2026-04-24 22:49:13.151678,2026-04-24 22:49:13.151678,16.214370727539062
2026-04-24 22:49:13.349013,2026-04-24 22:49:13.349013,16.243152618408203
2026-04-24 22:49:13.550622,2026-04-24 22:49:13.550622,16.26761817932129
2026-04-24 22:49:13.755520,2026-04-24 22:49:13.755520,16.46419334411621
2026-04-24 22:49:13.950291,2026-04-24 22:49:13.950291,16.631282806396484
2026-04-24 22:49:14.148248,2026-04-24 22:49:14.148248,16.7733097076416
2026-04-24 22:49:14.348497,2026-04-24 22:49:14.348497,16.894031524658203
2026-04-24 22:49:14.548097,2026-04-24 22:49:14.548097,16.996644973754883
2026-04-24 22:49:14.751148,2026-04-24 22:49:14.751148,17.0838680267334
2026-04-24 22:49:14.948816,2026-04-24 22:49:14.948816,17.15800666809082
2026-04-24 22:49:15.149046,2026-04-24 22:49:15.149046,17.221023559570312
2026-04-24 22:49:15.348698,2026-04-24 22:49:15.348698,17.27458953857422
2026-04-24 22:49:15.549051,2026-04-24 22:49:15.549051,17.320119857788086
2026-04-24 22:49:15.748749,2026-04-24 22:49:15.748749,17.53460121154785
2026-04-24 22:49:15.948033,2026-04-24 22:49:15.948033,17.71691131591797
2026-04-24 22:49:16.148896,2026-04-24 22:49:16.148896,17.87187385559082
2026-04-24 22:49:16.348515,2026-04-24 22:49:16.348515,18.00359344482422
2026-04-24 22:49:16.550106,2026-04-24 22:49:16.550106,18.115554809570312
2026-04-24 22:49:16.748149,2026-04-24 22:49:16.748149,18.21072196960449
2026-04-24 22:49:16.948462,2026-04-24 22:49:16.948462,18.29161262512207
2026-04-24 22:49:17.150159,2026-04-24 22:49:17.150159,18.360370635986328
2026-04-24 22:49:17.348622,2026-04-24 22:49:17.348622,18.41881561279297
2026-04-24 22:49:17.548753,2026-04-24 22:49:17.548753,18.46849250793457
2026-04-24 22:49:17.749923,2026-04-24 22:49:17.749923,18.510719299316406
2026-04-24 22:49:17.948974,2026-04-24 22:49:17.948974,18.546611785888672
2026-04-24 22:49:18.148597,2026-04-24 22:49:18.148597,18.577119827270508
2026-04-24 22:49:18.349072,2026-04-24 22:49:18.349072,18.603052139282227
2026-04-24 22:49:18.549031,2026-04-24 22:49:18.549031,18.625093460083008
2026-04-24 22:49:18.748272,2026-04-24 22:49:18.748272,18.643829345703125
2026-04-24 22:49:18.951576,2026-04-24 22:49:18.951576,18.65975570678711
2026-04-24 22:49:19.161822,2026-04-24 22:49:19.161822,18.84907341003418
2026-04-24 22:49:19.348223,2026-04-24 22:49:19.348223,19.009994506835938
2026-04-24 22:49:19.549664,2026-04-24 22:49:19.549664,19.14677619934082
2026-04-24 22:49:19.758982,2026-04-24 22:49:19.758982,19.26304054260254
2026-04-24 22:49:19.949299,2026-04-24 22:49:19.949299,19.361865997314453
2026-04-24 22:49:20.148887,2026-04-24 22:49:20.148887,19.44586753845215
2026-04-24 22:49:20.348685,2026-04-24 22:49:20.348685,19.517269134521484
2026-04-24 22:49:20.549100,2026-04-24 22:49:20.549100,19.577959060668945
2026-04-24 22:49:33.659464,2026-04-24 22:49:33.659464,19.629547119140625
2026-04-24 22:49:33.860313,2026-04-24 22:49:33.860313,19.67339515686035
2026-04-24 22:49:34.059293,2026-04-24 22:49:34.059293,19.710668563842773
2026-04-24 22:49:34.261299,2026-04-24 22:49:34.261299,19.74234962463379
2026-04-24 22:49:34.449616,2026-04-24 22:49:34.449616,19.59349632263184
2026-04-24 22:49:34.659186,2026-04-24 22:49:34.659186,19.46697235107422
2026-04-24 22:49:34.851321,2026-04-24 22:49:34.851321,19.35942649841309
2026-04-24 22:49:35.060743,2026-04-24 22:49:35.060743,19.26801300048828
2026-04-24 22:49:35.261386,2026-04-24 22:49:35.261386,19.190309524536133
2026-04-24 22:49:35.460814,2026-04-24 22:49:35.460814,19.12426376342773
2026-04-24 22:49:35.658923,2026-04-24 22:49:35.658923,19.068124771118164
2026-04-24 22:49:35.861641,2026-04-24 22:49:35.861641,19.020404815673828
2026-04-24 22:49:36.062770,2026-04-24 22:49:36.062770,18.97984504699707
2026-04-24 22:49:36.262003,2026-04-24 22:49:36.262003,18.94536781311035
2026-04-24 22:49:36.458800,2026-04-24 22:49:36.458800,18.91606330871582
2026-04-24 22:49:36.659968,2026-04-24 22:49:36.659968,18.89115333557129
2026-04-24 22:49:36.860159,2026-04-24 22:49:36.860159,18.86997985839844
2026-04-24 22:49:37.061613,2026-04-24 22:49:37.061613,18.67620277404785
2026-04-24 22:49:37.260022,2026-04-24 22:49:37.260022,18.511489868164062
2026-04-24 22:49:37.460425,2026-04-24 22:49:37.460425,18.37148666381836
2026-04-24 22:49:37.660633,2026-04-24 22:49:37.660633,18.25248146057129
2026-04-24 22:49:37.862602,2026-04-24 22:49:37.862602,18.151329040527344
2026-04-24 22:49:38.062482,2026-04-24 22:49:38.062482,18.06534767150879
2026-04-24 22:49:38.262586,2026-04-24 22:49:38.262586,17.992263793945312
2026-04-24 22:49:38.461904,2026-04-24 22:49:38.461904,17.930143356323242
2026-04-24 22:49:38.661223,2026-04-24 22:49:38.661223,17.87734031677246
2026-04-24 22:49:38.859977,2026-04-24 22:49:38.859977,17.65667724609375
2026-04-24 22:49:39.060797,2026-04-24 22:49:39.060797,17.469112396240234
2026-04-24 22:49:39.264014,2026-04-24 22:49:39.264014,17.309682846069336
2026-04-24 22:49:39.460196,2026-04-24 22:49:39.460196,17.17416763305664
2026-04-24 22:49:39.661942,2026-04-24 22:49:39.661942,17.05898094177246
2026-04-24 22:49:39.861680,2026-04-24 22:49:39.861680,16.961071014404297
2026-04-24 22:49:40.050348,2026-04-24 22:49:40.050348,16.70206642150879
2026-04-24 22:49:40.259958,2026-04-24 22:49:40.259958,16.48191261291504
2026-04-24 22:49:40.458874,2026-04-24 22:49:40.458874,16.294782638549805
2026-04-24 22:49:40.663021,2026-04-24 22:49:40.663021,16.13572120666504
2026-04-24 22:49:40.860469,2026-04-24 22:49:40.860469,16.000518798828125
2026-04-24 22:49:41.063090,2026-04-24 22:49:41.063090,15.885597229003906
2026-04-24 22:49:41.260711,2026-04-24 22:49:41.260711,15.787914276123049
2026-04-24 22:49:41.449514,2026-04-24 22:49:41.449514,15.704883575439451
2026-04-24 22:49:41.661692,2026-04-24 22:49:41.661692,15.634306907653809
2026-04-24 22:49:41.859664,2026-04-24 22:49:41.859664,15.57431697845459
2026-04-24 22:49:42.050002,2026-04-24 22:49:42.050002,15.34754467010498
2026-04-24 22:49:42.249075,2026-04-24 22:49:42.249075,15.15478801727295
2026-04-24 22:49:42.462133,2026-04-24 22:49:42.462133,14.990944862365724
2026-04-24 22:49:42.662362,2026-04-24 22:49:42.662362,14.851677894592283
2026-04-24 22:49:42.860576,2026-04-24 22:49:42.860576,14.733301162719728
2026-04-24 22:49:43.058151,2026-04-24 22:49:43.058151,14.632680892944336
2026-04-24 22:49:43.260378,2026-04-24 22:49:43.260378,14.547154426574709
2026-04-24 22:49:43.458385,2026-04-24 22:49:43.458385,14.47445583343506
2026-04-24 22:49:43.658497,2026-04-24 22:49:43.658497,14.236881256103516
2026-04-24 22:49:43.858449,2026-04-24 22:49:43.858449,14.034942626953123
2026-04-24 22:49:44.051492,2026-04-24 22:49:44.051492,14.039076805114746
2026-04-24 22:49:44.261869,2026-04-24 22:49:44.261869,14.042590141296388
2026-04-24 22:49:44.450800,2026-04-24 22:49:44.450800,14.045576095581056
2026-04-24 22:49:44.662773,2026-04-24 22:49:44.662773,14.048114776611328
2026-04-24 22:49:44.849986,2026-04-24 22:49:44.849986,14.050272941589355
2026-04-24 22:49:45.065222,2026-04-24 22:49:45.065222,14.052106857299805
2026-04-24 22:49:45.258545,2026-04-24 22:49:45.258545,14.053666114807127
2026-04-24 22:49:45.450114,2026-04-24 22:49:45.450114,14.054990768432615
2026-04-24 22:49:45.650807,2026-04-24 22:49:45.650807,14.056117057800291
2026-04-24 22:49:45.849939,2026-04-24 22:49:45.849939,14.057074546813965
2026-04-24 22:49:46.050210,2026-04-24 22:49:46.050210,14.05788803100586
2026-04-24 22:49:46.253309,2026-04-24 22:49:46.253309,14.05858039855957
2026-04-24 22:49:46.459434,2026-04-24 22:49:46.459434,14.059167861938477
2026-04-24 22:49:46.658671,2026-04-24 22:49:46.658671,14.235448837280272
2026-04-24 22:49:46.858029,2026-04-24 22:49:46.858029,14.38528823852539
2026-04-24 22:49:47.057961,2026-04-24 22:49:47.057961,14.512651443481444
2026-04-24 22:49:47.258723,2026-04-24 22:49:47.258723,14.796690940856934
2026-04-24 22:49:47.450571,2026-04-24 22:49:47.450571,15.038125038146973
2026-04-24 22:49:47.659499,2026-04-24 22:49:47.659499,15.243343353271484
2026-04-24 22:49:47.853067,2026-04-24 22:49:47.853067,15.593561172485352
2026-04-24 22:49:48.058877,2026-04-24 22:49:48.058877,15.89124584197998
2026-04-24 22:49:48.258496,2026-04-24 22:49:48.258496,16.144277572631836
2026-04-24 22:49:48.458778,2026-04-24 22:49:48.458778,16.53513526916504
2026-04-24 22:49:48.658318,2026-04-24 22:49:48.658318,16.86736488342285
2026-04-24 22:49:48.858857,2026-04-24 22:49:48.858857,17.325542449951172
2026-04-24 22:49:49.058704,2026-04-24 22:49:49.058704,17.71499252319336
2026-04-24 22:49:49.259742,2026-04-24 22:49:49.259742,18.22180557250977
2026-04-24 22:49:49.457921,2026-04-24 22:49:49.457921,18.652597427368164
2026-04-24 22:49:49.659079,2026-04-24 22:49:49.659079,19.018770217895508
2026-04-24 22:49:49.860639,2026-04-24 22:49:49.860639,19.33001708984375
2026-04-24 22:49:50.057995,2026-04-24 22:49:50.057995,19.59457778930664
2026-04-24 22:49:50.259307,2026-04-24 22:49:50.259307,19.9952335357666
2026-04-24 22:49:50.458083,2026-04-24 22:49:50.458083,20.160011291503903
2026-04-24 22:49:50.659410,2026-04-24 22:49:50.659410,20.475852966308597
2026-04-24 22:49:50.858321,2026-04-24 22:49:50.858321,20.744319915771484
2026-04-24 22:49:51.062312,2026-04-24 22:49:51.062312,21.14829635620117
2026-04-24 22:49:51.259056,2026-04-24 22:49:51.259056,21.491676330566406
2026-04-24 22:49:51.459326,2026-04-24 22:49:51.459326,21.60776901245117
2026-04-24 22:49:51.659998,2026-04-24 22:49:51.659998,21.70644760131836
2026-04-24 22:49:51.858983,2026-04-24 22:49:51.858983,21.96610450744629
2026-04-24 22:49:52.061433,2026-04-24 22:49:52.061433,22.01103401184082
2026-04-24 22:49:52.259167,2026-04-24 22:49:52.259167,22.049222946166992
2026-04-24 22:49:52.458947,2026-04-24 22:49:52.458947,22.257463455200195
2026-04-24 22:49:52.659691,2026-04-24 22:49:52.659691,22.43446922302246
2026-04-24 22:49:52.849673,2026-04-24 22:49:52.849673,22.760705947875977
2026-04-24 22:49:53.058991,2026-04-24 22:49:53.058991,23.213787078857425
2026-04-24 22:49:53.258569,2026-04-24 22:49:53.258569,23.59890556335449
2026-04-24 22:49:53.458045,2026-04-24 22:49:53.458045,23.926258087158203
2026-04-24 22:49:53.659258,2026-04-24 22:49:53.659258,24.38028717041016
2026-04-24 22:49:53.858518,2026-04-24 22:49:53.858518,24.76621437072754
2026-04-24 22:49:54.053028,2026-04-24 22:49:54.053028,25.0942497253418
2026-04-24 22:49:54.258868,2026-04-24 22:49:54.258868,25.37308120727539
2026-04-24 22:49:54.458218,2026-04-24 22:49:54.458218,25.610088348388672
2026-04-24 22:49:54.659075,2026-04-24 22:49:54.659075,25.81154441833496
2026-04-24 22:49:54.858119,2026-04-24 22:49:54.858119,25.98278045654297
2026-04-24 22:49:55.059164,2026-04-24 22:49:55.059164,26.128332138061523
2026-04-24 22:49:55.252329,2026-04-24 22:49:55.252329,26.252050399780277
2026-04-24 22:49:55.458800,2026-04-24 22:49:55.458800,26.18143081665039
2026-04-24 22:49:55.658367,2026-04-24 22:49:55.658367,24.71515464782715
2026-04-24 22:49:55.860493,2026-04-24 22:49:55.860493,23.46881866455078
2026-04-24 22:49:56.058077,2026-04-24 22:49:56.058077,22.409433364868164
2026-04-24 22:49:56.260540,2026-04-24 22:49:56.260540,21.50895500183105
2026-04-24 22:49:56.459670,2026-04-24 22:49:56.459670,20.743549346923828
2026-04-24 22:49:56.660028,2026-04-24 22:49:56.660028,20.09295463562012
2026-04-24 22:49:56.859624,2026-04-24 22:49:56.859624,19.364168167114254
2026-04-24 22:49:57.058475,2026-04-24 22:49:57.058475,18.74469947814941
2026-04-24 22:49:57.259404,2026-04-24 22:49:57.259404,18.042369842529297
2026-04-24 22:49:57.462225,2026-04-24 22:49:57.462225,17.445388793945312
2026-04-24 22:49:57.660991,2026-04-24 22:49:57.660991,16.937955856323242
2026-04-24 22:49:57.859325,2026-04-24 22:49:57.859325,16.506637573242188
2026-04-24 22:49:58.060728,2026-04-24 22:49:58.060728,16.140016555786133
2026-04-24 22:49:58.249493,2026-04-24 22:49:58.249493,15.828389167785645
2026-04-24 22:49:58.450508,2026-04-24 22:49:58.450508,15.563506126403809
2026-04-24 22:49:58.658326,2026-04-24 22:49:58.658326,15.33835506439209
2026-04-24 22:49:58.857995,2026-04-24 22:49:58.857995,15.146976470947266
2026-04-24 22:50:11.959349,2026-04-24 22:50:11.959349,14.984305381774902
2026-04-24 22:50:12.158094,2026-04-24 22:50:12.158094,14.846034049987791
2026-04-24 22:50:12.361471,2026-04-24 22:50:12.361471,14.728504180908203
2026-04-24 22:50:12.548768,2026-04-24 22:50:12.548768,14.6286039352417
2026-04-24 22:50:12.759295,2026-04-24 22:50:12.759295,14.54368782043457
2026-04-24 22:50:12.958471,2026-04-24 22:50:12.958471,14.47150993347168
2026-04-24 22:50:13.159199,2026-04-24 22:50:13.159199,14.410158157348633
2026-04-24 22:50:13.359276,2026-04-24 22:50:13.359276,14.358009338378906
2026-04-24 22:50:13.560916,2026-04-24 22:50:13.560916,14.31368350982666
2026-04-24 22:50:13.758990,2026-04-24 22:50:13.758990,14.276005744934082
2026-04-24 22:50:13.959731,2026-04-24 22:50:13.959731,14.419760704040527
2026-04-24 22:50:14.159405,2026-04-24 22:50:14.159405,14.541953086853027
2026-04-24 22:50:14.359604,2026-04-24 22:50:14.359604,14.821598052978516
2026-04-24 22:50:14.559578,2026-04-24 22:50:14.559578,15.235076904296877
2026-04-24 22:50:14.749759,2026-04-24 22:50:14.749759,15.586533546447754
2026-04-24 22:50:14.948831,2026-04-24 22:50:14.948831,15.709491729736328
2026-04-24 22:50:15.160550,2026-04-24 22:50:15.160550,15.989786148071287
2026-04-24 22:50:15.360936,2026-04-24 22:50:15.360936,16.228036880493164
2026-04-24 22:50:15.558245,2026-04-24 22:50:15.558245,16.60633087158203
2026-04-24 22:50:15.758841,2026-04-24 22:50:15.758841,16.927881240844727
2026-04-24 22:50:15.960295,2026-04-24 22:50:15.960295,17.201200485229492
2026-04-24 22:50:16.159053,2026-04-24 22:50:16.159053,17.43351936340332
2026-04-24 22:50:16.359180,2026-04-24 22:50:16.359180,17.630990982055664
2026-04-24 22:50:16.559211,2026-04-24 22:50:16.559211,17.798843383789062
2026-04-24 22:50:16.764948,2026-04-24 22:50:16.764948,17.941516876220703
2026-04-24 22:50:16.960413,2026-04-24 22:50:16.960413,18.062789916992188
2026-04-24 22:50:17.149266,2026-04-24 22:50:17.149266,18.165870666503903
2026-04-24 22:50:17.359480,2026-04-24 22:50:17.359480,18.253490447998047
2026-04-24 22:50:17.561821,2026-04-24 22:50:17.561821,18.32796669006348
2026-04-24 22:50:17.760179,2026-04-24 22:50:17.760179,18.391271591186523
2026-04-24 22:50:17.961354,2026-04-24 22:50:17.961354,18.44508171081543
2026-04-24 22:50:18.161655,2026-04-24 22:50:18.161655,18.66659927368164
2026-04-24 22:50:18.360552,2026-04-24 22:50:18.360552,18.854890823364254
2026-04-24 22:50:18.561791,2026-04-24 22:50:18.561791,18.839157104492188
2026-04-24 22:50:18.760750,2026-04-24 22:50:18.760750,19.00156593322754
2026-04-24 22:50:18.960426,2026-04-24 22:50:18.960426,19.139612197875977
2026-04-24 22:50:19.162161,2026-04-24 22:50:19.162161,19.25695037841797
2026-04-24 22:50:19.360531,2026-04-24 22:50:19.360531,19.356689453125
2026-04-24 22:50:19.564039,2026-04-24 22:50:19.564039,19.44146728515625
2026-04-24 22:50:19.763264,2026-04-24 22:50:19.763264,19.51352882385254
2026-04-24 22:50:19.949196,2026-04-24 22:50:19.949196,19.57478141784668
2026-04-24 22:50:20.162427,2026-04-24 22:50:20.162427,19.62684440612793
2026-04-24 22:50:20.360175,2026-04-24 22:50:20.360175,19.671098709106445
2026-04-24 22:50:20.548949,2026-04-24 22:50:20.548949,19.708715438842773
2026-04-24 22:50:20.748443,2026-04-24 22:50:20.748443,19.74069023132324
2026-04-24 22:50:20.948719,2026-04-24 22:50:20.948719,19.767868041992188
2026-04-24 22:50:21.151006,2026-04-24 22:50:21.151006,19.79096794128418
2026-04-24 22:50:21.361916,2026-04-24 22:50:21.361916,19.810604095458984
2026-04-24 22:50:21.558885,2026-04-24 22:50:21.558885,19.827295303344727
2026-04-24 22:50:21.761374,2026-04-24 22:50:21.761374,20.017263412475582
2026-04-24 22:50:21.963829,2026-04-24 22:50:21.963829,20.002954483032227
2026-04-24 22:50:22.161335,2026-04-24 22:50:22.161335,19.99079322814941
2026-04-24 22:50:22.358991,2026-04-24 22:50:22.358991,19.98045539855957
2026-04-24 22:50:22.558844,2026-04-24 22:50:22.558844,19.971668243408203
2026-04-24 22:50:22.764229,2026-04-24 22:50:22.764229,20.13998031616211
2026-04-24 22:50:22.949190,2026-04-24 22:50:22.949190,20.28304672241211
2026-04-24 22:50:23.149201,2026-04-24 22:50:23.149201,20.404651641845703
2026-04-24 22:50:23.350616,2026-04-24 22:50:23.350616,20.50801658630371
2026-04-24 22:50:23.548826,2026-04-24 22:50:23.548826,20.595876693725582
2026-04-24 22:50:23.750581,2026-04-24 22:50:23.750581,20.670557022094727
2026-04-24 22:50:23.950399,2026-04-24 22:50:23.950399,20.73403549194336
2026-04-24 22:50:24.158536,2026-04-24 22:50:24.158536,20.787992477416992
2026-04-24 22:50:24.359399,2026-04-24 22:50:24.359399,20.8338565826416
2026-04-24 22:50:24.559547,2026-04-24 22:50:24.559547,20.872840881347656
2026-04-24 22:50:24.758969,2026-04-24 22:50:24.758969,20.905977249145508
2026-04-24 22:50:24.959101,2026-04-24 22:50:24.959101,20.93414306640625
2026-04-24 22:50:25.151481,2026-04-24 22:50:25.151481,20.958084106445312
2026-04-24 22:50:25.350402,2026-04-24 22:50:25.350402,20.97843360900879
2026-04-24 22:50:25.551185,2026-04-24 22:50:25.551185,20.99573135375977
2026-04-24 22:50:25.750159,2026-04-24 22:50:25.750159,21.01043510437012
2026-04-24 22:50:25.958802,2026-04-24 22:50:25.958802,21.022932052612305
2026-04-24 22:50:26.158597,2026-04-24 22:50:26.158597,21.03355407714844
2026-04-24 22:50:26.349892,2026-04-24 22:50:26.349892,21.04258346557617
2026-04-24 22:50:26.558537,2026-04-24 22:50:26.558537,21.05025863647461
2026-04-24 22:50:26.749661,2026-04-24 22:50:26.749661,21.056781768798828
2026-04-24 22:50:26.960551,2026-04-24 22:50:26.960551,21.062328338623047
2026-04-24 22:50:27.150075,2026-04-24 22:50:27.150075,21.067041397094727
2026-04-24 22:50:27.358559,2026-04-24 22:50:27.358559,21.071046829223636
2026-04-24 22:50:27.548838,2026-04-24 22:50:27.548838,21.07445335388184
2026-04-24 22:50:27.750448,2026-04-24 22:50:27.750448,21.07734680175781
2026-04-24 22:50:27.958037,2026-04-24 22:50:27.958037,21.07980728149414
2026-04-24 22:50:28.157984,2026-04-24 22:50:28.157984,21.081899642944336
2026-04-24 22:50:28.350309,2026-04-24 22:50:28.350309,21.08367729187012
2026-04-24 22:50:28.560148,2026-04-24 22:50:28.560148,21.260969161987305
2026-04-24 22:50:28.759154,2026-04-24 22:50:28.759154,21.235885620117188
2026-04-24 22:50:28.958119,2026-04-24 22:50:28.958119,21.21456527709961
2026-04-24 22:50:29.158914,2026-04-24 22:50:29.158914,21.196443557739254
2026-04-24 22:50:29.359711,2026-04-24 22:50:29.359711,21.356821060180664
2026-04-24 22:50:29.559241,2026-04-24 22:50:29.559241,21.493141174316406
2026-04-24 22:50:29.750624,2026-04-24 22:50:29.750624,21.6090145111084
2026-04-24 22:50:29.959520,2026-04-24 22:50:29.959520,21.88328742980957
2026-04-24 22:50:30.158809,2026-04-24 22:50:30.158809,22.116418838500977
2026-04-24 22:50:30.358881,2026-04-24 22:50:30.358881,22.3145809173584
2026-04-24 22:50:30.558968,2026-04-24 22:50:30.558968,22.48301887512207
2026-04-24 22:50:30.758981,2026-04-24 22:50:30.758981,22.450408935546875
2026-04-24 22:50:30.961287,2026-04-24 22:50:30.961287,22.598472595214844
2026-04-24 22:50:31.149736,2026-04-24 22:50:31.149736,22.724327087402344
2026-04-24 22:50:31.358013,2026-04-24 22:50:31.358013,22.831302642822266
2026-04-24 22:50:31.558149,2026-04-24 22:50:31.558149,22.92223358154297
2026-04-24 22:50:31.748688,2026-04-24 22:50:31.748688,22.9995231628418
2026-04-24 22:50:31.959522,2026-04-24 22:50:31.959522,23.06521987915039
2026-04-24 22:50:32.150735,2026-04-24 22:50:32.150735,23.12106132507324
2026-04-24 22:50:32.359001,2026-04-24 22:50:32.359001,23.16852760314941
2026-04-24 22:50:32.560509,2026-04-24 22:50:32.560509,23.208873748779297
2026-04-24 22:50:32.760073,2026-04-24 22:50:32.760073,23.243167877197266
2026-04-24 22:50:32.959393,2026-04-24 22:50:32.959393,23.27231788635254
2026-04-24 22:50:33.158319,2026-04-24 22:50:33.158319,23.297094345092773
2026-04-24 22:50:33.358778,2026-04-24 22:50:33.358778,23.31815528869629
2026-04-24 22:50:33.558457,2026-04-24 22:50:33.558457,23.336057662963867
2026-04-24 22:50:33.759093,2026-04-24 22:50:33.759093,23.35127258300781
2026-04-24 22:50:33.959407,2026-04-24 22:50:33.959407,23.364208221435547
2026-04-24 22:50:34.158198,2026-04-24 22:50:34.158198,23.37520217895508
2026-04-24 22:50:34.358777,2026-04-24 22:50:34.358777,23.208765029907227
2026-04-24 22:50:34.558566,2026-04-24 22:50:34.558566,23.243074417114254
2026-04-24 22:50:34.758872,2026-04-24 22:50:34.758872,23.096458435058597
2026-04-24 22:50:34.960635,2026-04-24 22:50:34.960635,21.389801025390625
2026-04-24 22:50:35.158861,2026-04-24 22:50:35.158861,19.939144134521484
2026-04-24 22:50:35.359128,2026-04-24 22:50:35.359128,18.706085205078125
2026-04-24 22:50:35.559609,2026-04-24 22:50:35.559609,17.657983779907227
2026-04-24 22:50:35.763381,2026-04-24 22:50:35.763381,16.767099380493164
2026-04-24 22:50:35.959668,2026-04-24 22:50:35.959668,15.834065437316896
2026-04-24 22:50:36.159754,2026-04-24 22:50:36.159754,15.040987014770508
2026-04-24 22:50:36.358735,2026-04-24 22:50:36.358735,14.366869926452637
2026-04-24 22:50:36.549012,2026-04-24 22:50:36.549012,13.79387092590332
2026-04-24 22:50:36.758858,2026-04-24 22:50:36.758858,13.306821823120115
2026-04-24 22:50:36.949697,2026-04-24 22:50:36.949697,12.892829895019531
2026-04-24 22:50:37.159645,2026-04-24 22:50:37.159645,12.540936470031738
2026-04-24 22:50:50.260013,2026-04-24 22:50:50.260013,12.241827011108398
2026-04-24 22:50:50.459139,2026-04-24 22:50:50.459139,11.987584114074709
2026-04-24 22:50:50.660477,2026-04-24 22:50:50.660477,11.771477699279783
2026-04-24 22:50:50.858976,2026-04-24 22:50:50.858976,11.412006378173828
2026-04-24 22:50:51.058538,2026-04-24 22:50:51.058538,11.106454849243164
2026-04-24 22:50:51.258846,2026-04-24 22:50:51.258846,10.846736907958984
2026-04-24 22:50:51.453440,2026-04-24 22:50:51.453440,10.6259765625
2026-04-24 22:50:51.649401,2026-04-24 22:50:51.649401,10.262548446655272
2026-04-24 22:50:51.859399,2026-04-24 22:50:51.859399,9.953635215759276
2026-04-24 22:50:52.059323,2026-04-24 22:50:52.059323,9.691059112548828
2026-04-24 22:50:52.259598,2026-04-24 22:50:52.259598,9.46786880493164
2026-04-24 22:50:52.460131,2026-04-24 22:50:52.460131,9.278157234191896
2026-04-24 22:50:52.659274,2026-04-24 22:50:52.659274,9.116902351379396
2026-04-24 22:50:52.860032,2026-04-24 22:50:52.860032,8.979835510253906
2026-04-24 22:50:53.058471,2026-04-24 22:50:53.058471,9.03911018371582
2026-04-24 22:50:53.259092,2026-04-24 22:50:53.259092,9.08949375152588
2026-04-24 22:50:53.457990,2026-04-24 22:50:53.457990,9.132319450378418
2026-04-24 22:50:53.658759,2026-04-24 22:50:53.658759,9.16872215270996
2026-04-24 22:50:53.853974,2026-04-24 22:50:53.853974,9.199663162231444
2026-04-24 22:50:54.059415,2026-04-24 22:50:54.059415,9.225963592529297
2026-04-24 22:50:54.258227,2026-04-24 22:50:54.258227,9.248319625854492
2026-04-24 22:50:54.459139,2026-04-24 22:50:54.459139,9.267321586608888
2026-04-24 22:50:54.659194,2026-04-24 22:50:54.659194,9.107691764831545
2026-04-24 22:50:54.858943,2026-04-24 22:50:54.858943,8.972006797790527
2026-04-24 22:50:55.059118,2026-04-24 22:50:55.059118,9.032455444335938
2026-04-24 22:50:55.259026,2026-04-24 22:50:55.259026,11.017431259155272
2026-04-24 22:50:55.459957,2026-04-24 22:50:55.459957,12.704660415649414
2026-04-24 22:50:55.659502,2026-04-24 22:50:55.659502,14.138805389404297
2026-04-24 22:50:55.849443,2026-04-24 22:50:55.849443,15.357828140258787
2026-04-24 22:50:56.061132,2026-04-24 22:50:56.061132,16.393997192382812
2026-04-24 22:50:56.260347,2026-04-24 22:50:56.260347,17.274742126464844
2026-04-24 22:50:56.459443,2026-04-24 22:50:56.459443,18.02337455749512
2026-04-24 22:50:56.661047,2026-04-24 22:50:56.661047,18.659711837768555
2026-04-24 22:50:56.858741,2026-04-24 22:50:56.858741,19.20059967041016
2026-04-24 22:50:57.060613,2026-04-24 22:50:57.060613,19.83613395690918
2026-04-24 22:50:57.248365,2026-04-24 22:50:57.248365,20.200557708740234
2026-04-24 22:50:57.459258,2026-04-24 22:50:57.459258,20.510316848754883
2026-04-24 22:50:57.661613,2026-04-24 22:50:57.661613,20.77361297607422
2026-04-24 22:50:57.861130,2026-04-24 22:50:57.861130,20.99741554260254
2026-04-24 22:50:58.050417,2026-04-24 22:50:58.050417,21.187646865844727
2026-04-24 22:50:58.248776,2026-04-24 22:50:58.248776,21.52512550354004
2026-04-24 22:50:58.459421,2026-04-24 22:50:58.459421,21.811981201171875
2026-04-24 22:50:58.660277,2026-04-24 22:50:58.660277,22.055809020996094
2026-04-24 22:50:58.861055,2026-04-24 22:50:58.861055,22.263063430786133
2026-04-24 22:50:59.058667,2026-04-24 22:50:59.058667,22.439228057861328
2026-04-24 22:50:59.249876,2026-04-24 22:50:59.249876,22.58896827697754
2026-04-24 22:50:59.450512,2026-04-24 22:50:59.450512,22.716249465942383
2026-04-24 22:50:59.663255,2026-04-24 22:50:59.663255,23.00021743774414
2026-04-24 22:50:59.850922,2026-04-24 22:50:59.850922,23.24159049987793
2026-04-24 22:51:00.062086,2026-04-24 22:51:00.062086,23.446758270263672
2026-04-24 22:51:00.259581,2026-04-24 22:51:00.259581,23.445369720458984
2026-04-24 22:51:00.459868,2026-04-24 22:51:00.459868,23.619970321655277
2026-04-24 22:51:00.660056,2026-04-24 22:51:00.660056,23.76838111877441
2026-04-24 22:51:00.858907,2026-04-24 22:51:00.858907,23.89453125
2026-04-24 22:51:01.063175,2026-04-24 22:51:01.063175,24.17753791809082
2026-04-24 22:51:01.261584,2026-04-24 22:51:01.261584,24.41809463500977
2026-04-24 22:51:01.461092,2026-04-24 22:51:01.461092,24.622568130493164
2026-04-24 22:51:01.662237,2026-04-24 22:51:01.662237,24.796371459960938
2026-04-24 22:51:01.848998,2026-04-24 22:51:01.848998,24.7683219909668
2026-04-24 22:51:02.059466,2026-04-24 22:51:02.059466,24.74448013305664
2026-04-24 22:51:02.262713,2026-04-24 22:51:02.262713,24.724214553833008
2026-04-24 22:51:02.450513,2026-04-24 22:51:02.450513,24.531206130981445
2026-04-24 22:51:02.658833,2026-04-24 22:51:02.658833,24.367151260375977
2026-04-24 22:51:02.859134,2026-04-24 22:51:02.859134,24.227703094482425
2026-04-24 22:51:03.059674,2026-04-24 22:51:03.059674,24.10917282104492
2026-04-24 22:51:03.258126,2026-04-24 22:51:03.258126,23.832639694213867
2026-04-24 22:51:03.458439,2026-04-24 22:51:03.458439,23.59758758544922
2026-04-24 22:51:03.658206,2026-04-24 22:51:03.658206,23.39779281616211
2026-04-24 22:51:03.858983,2026-04-24 22:51:03.858983,23.227968215942383
2026-04-24 22:51:04.049177,2026-04-24 22:51:04.049177,23.083616256713867
2026-04-24 22:51:04.259875,2026-04-24 22:51:04.259875,22.960918426513672
2026-04-24 22:51:04.449297,2026-04-24 22:51:04.449297,22.856624603271484
2026-04-24 22:51:04.660178,2026-04-24 22:51:04.660178,22.767974853515625
2026-04-24 22:51:04.860137,2026-04-24 22:51:04.860137,22.5168399810791
2026-04-24 22:51:05.060381,2026-04-24 22:51:05.060381,22.303377151489254
2026-04-24 22:51:05.258738,2026-04-24 22:51:05.258738,22.12193298339844
2026-04-24 22:51:05.458239,2026-04-24 22:51:05.458239,21.96770477294922
2026-04-24 22:51:05.652083,2026-04-24 22:51:05.652083,21.836612701416016
2026-04-24 22:51:05.859897,2026-04-24 22:51:05.859897,21.72518348693848
2026-04-24 22:51:06.058695,2026-04-24 22:51:06.058695,21.630468368530277
2026-04-24 22:51:06.261808,2026-04-24 22:51:06.261808,21.54996109008789
2026-04-24 22:51:06.450057,2026-04-24 22:51:06.450057,21.481529235839844
2026-04-24 22:51:06.652114,2026-04-24 22:51:06.652114,21.247581481933597
2026-04-24 22:51:06.859333,2026-04-24 22:51:06.859333,21.048725128173828
2026-04-24 22:51:07.049631,2026-04-24 22:51:07.049631,20.879697799682617
2026-04-24 22:51:07.250514,2026-04-24 22:51:07.250514,20.560243606567383
2026-04-24 22:51:07.448935,2026-04-24 22:51:07.448935,20.288705825805664
2026-04-24 22:51:07.660141,2026-04-24 22:51:07.660141,20.057899475097656
2026-04-24 22:51:07.849994,2026-04-24 22:51:07.849994,19.86171531677246
2026-04-24 22:51:08.050589,2026-04-24 22:51:08.050589,19.694957733154297
2026-04-24 22:51:08.249942,2026-04-24 22:51:08.249942,19.55321502685547
2026-04-24 22:51:08.451229,2026-04-24 22:51:08.451229,19.43273162841797
2026-04-24 22:51:08.658783,2026-04-24 22:51:08.658783,19.330322265625
2026-04-24 22:51:08.858871,2026-04-24 22:51:08.858871,19.067493438720703
2026-04-24 22:51:09.058797,2026-04-24 22:51:09.058797,18.844087600708008
2026-04-24 22:51:09.258097,2026-04-24 22:51:09.258097,18.654193878173828
2026-04-24 22:51:09.458670,2026-04-24 22:51:09.458670,18.49278259277344
2026-04-24 22:51:09.658742,2026-04-24 22:51:09.658742,18.3555850982666
2026-04-24 22:51:09.858732,2026-04-24 22:51:09.858732,18.23896598815918
2026-04-24 22:51:10.058738,2026-04-24 22:51:10.058738,17.96405792236328
2026-04-24 22:51:10.258070,2026-04-24 22:51:10.258070,17.73038673400879
2026-04-24 22:51:10.458988,2026-04-24 22:51:10.458988,17.531766891479492
2026-04-24 22:51:10.658932,2026-04-24 22:51:10.658932,17.362939834594727
2026-04-24 22:51:10.849312,2026-04-24 22:51:10.849312,17.21943473815918
2026-04-24 22:51:11.058568,2026-04-24 22:51:11.058568,17.097457885742188
2026-04-24 22:51:11.258039,2026-04-24 22:51:11.258039,16.993776321411133
2026-04-24 22:51:11.459131,2026-04-24 22:51:11.459131,16.90564727783203
2026-04-24 22:51:11.650295,2026-04-24 22:51:11.650295,16.830738067626953
2026-04-24 22:51:11.859128,2026-04-24 22:51:11.859128,16.767065048217773
2026-04-24 22:51:12.059201,2026-04-24 22:51:12.059201,16.712942123413086
2026-04-24 22:51:12.259527,2026-04-24 22:51:12.259527,16.49115753173828
2026-04-24 22:51:12.458671,2026-04-24 22:51:12.458671,16.478422164916992
2026-04-24 22:51:12.658678,2026-04-24 22:51:12.658678,16.46759605407715
2026-04-24 22:51:12.850873,2026-04-24 22:51:12.850873,16.458393096923828
2026-04-24 22:51:13.061398,2026-04-24 22:51:13.061398,16.450572967529297
2026-04-24 22:51:13.258286,2026-04-24 22:51:13.258286,16.268142700195312
2026-04-24 22:51:13.458048,2026-04-24 22:51:13.458048,16.11307716369629
2026-04-24 22:51:13.655648,2026-04-24 22:51:13.655648,15.981271743774414
2026-04-24 22:51:13.858163,2026-04-24 22:51:13.858163,15.869237899780272
2026-04-24 22:51:14.058465,2026-04-24 22:51:14.058465,15.774007797241213
2026-04-24 22:51:14.258303,2026-04-24 22:51:14.258303,15.693062782287598
2026-04-24 22:51:14.458918,2026-04-24 22:51:14.458918,15.448478698730469
2026-04-24 22:51:14.659843,2026-04-24 22:51:14.659843,15.240581512451172
2026-04-24 22:51:14.858745,2026-04-24 22:51:14.858745,14.88808822631836
2026-04-24 22:51:15.050611,2026-04-24 22:51:15.050611,14.588468551635742
2026-04-24 22:51:15.258954,2026-04-24 22:51:15.258954,14.158011436462402
2026-04-24 22:51:15.459732,2026-04-24 22:51:15.459732,13.792121887207031
2026-04-24 22:51:28.560465,2026-04-24 22:51:28.560465,13.48111629486084
2026-04-24 22:51:28.753554,2026-04-24 22:51:28.753554,13.216761589050291
2026-04-24 22:51:28.958555,2026-04-24 22:51:28.958555,13.167840957641602
2026-04-24 22:51:29.159005,2026-04-24 22:51:29.159005,13.126258850097656
2026-04-24 22:51:29.351419,2026-04-24 22:51:29.351419,13.090913772583008
2026-04-24 22:51:29.550831,2026-04-24 22:51:29.550831,13.060870170593262
2026-04-24 22:51:29.758873,2026-04-24 22:51:29.758873,13.035333633422852
2026-04-24 22:51:29.958657,2026-04-24 22:51:29.958657,13.013627052307127
2026-04-24 22:51:30.158516,2026-04-24 22:51:30.158516,12.995176315307615
2026-04-24 22:51:30.352865,2026-04-24 22:51:30.352865,12.803712844848633
2026-04-24 22:51:30.558744,2026-04-24 22:51:30.558744,12.816749572753906
2026-04-24 22:51:30.752365,2026-04-24 22:51:30.752365,12.652050018310549
2026-04-24 22:51:30.957969,2026-04-24 22:51:30.957969,12.512054443359377
2026-04-24 22:51:31.161403,2026-04-24 22:51:31.161403,12.393058776855469
2026-04-24 22:51:31.360636,2026-04-24 22:51:31.360636,12.291913032531738
2026-04-24 22:51:31.559245,2026-04-24 22:51:31.559245,12.381719589233398
2026-04-24 22:51:31.761345,2026-04-24 22:51:31.761345,12.28227424621582
2026-04-24 22:51:31.958717,2026-04-24 22:51:31.958717,12.197745323181152
2026-04-24 22:51:32.158020,2026-04-24 22:51:32.158020,12.125896453857422
2026-04-24 22:51:32.360437,2026-04-24 22:51:32.360437,12.064824104309082
2026-04-24 22:51:32.558058,2026-04-24 22:51:32.558058,12.01291275024414
2026-04-24 22:51:32.751326,2026-04-24 22:51:32.751326,11.968789100646973
2026-04-24 22:51:32.952749,2026-04-24 22:51:32.952749,11.931282997131348
2026-04-24 22:51:33.158623,2026-04-24 22:51:33.158623,11.899402618408203
2026-04-24 22:51:33.358187,2026-04-24 22:51:33.358187,12.048086166381836
2026-04-24 22:51:33.561691,2026-04-24 22:51:33.561691,12.174467086791992
2026-04-24 22:51:33.759917,2026-04-24 22:51:33.759917,12.281890869140623
2026-04-24 22:51:33.959297,2026-04-24 22:51:33.959297,12.54898166656494
2026-04-24 22:51:34.161974,2026-04-24 22:51:34.161974,12.776009559631348
2026-04-24 22:51:34.359592,2026-04-24 22:51:34.359592,13.14476490020752
2026-04-24 22:51:34.559626,2026-04-24 22:51:34.559626,13.458206176757812
2026-04-24 22:51:34.758729,2026-04-24 22:51:34.758729,13.724631309509276
2026-04-24 22:51:34.959539,2026-04-24 22:51:34.959539,13.951092720031738
2026-04-24 22:51:35.159354,2026-04-24 22:51:35.159354,14.319366455078123
2026-04-24 22:51:35.358761,2026-04-24 22:51:35.358761,14.45661735534668
2026-04-24 22:51:35.558537,2026-04-24 22:51:35.558537,14.573281288146973
2026-04-24 22:51:35.750358,2026-04-24 22:51:35.750358,14.672445297241213
2026-04-24 22:51:35.959005,2026-04-24 22:51:35.959005,14.75673484802246
2026-04-24 22:51:36.158316,2026-04-24 22:51:36.158316,14.828380584716797
2026-04-24 22:51:36.358561,2026-04-24 22:51:36.358561,14.889280319213867
2026-04-24 22:51:36.561008,2026-04-24 22:51:36.561008,14.765262603759766
2026-04-24 22:51:36.760023,2026-04-24 22:51:36.760023,14.4840669631958
2026-04-24 22:51:36.962011,2026-04-24 22:51:36.962011,14.245051383972168
2026-04-24 22:51:37.160041,2026-04-24 22:51:37.160041,14.217668533325195
2026-04-24 22:51:37.360592,2026-04-24 22:51:37.360592,14.018611907958984
2026-04-24 22:51:37.559643,2026-04-24 22:51:37.559643,13.849413871765137
2026-04-24 22:51:37.759250,2026-04-24 22:51:37.759250,14.057157516479492
2026-04-24 22:51:37.959444,2026-04-24 22:51:37.959444,14.05795955657959
2026-04-24 22:51:38.162873,2026-04-24 22:51:38.162873,14.234421730041504
2026-04-24 22:51:38.360103,2026-04-24 22:51:38.360103,14.208633422851562
2026-04-24 22:51:38.559949,2026-04-24 22:51:38.559949,14.186713218688965
2026-04-24 22:51:38.759163,2026-04-24 22:51:38.759163,14.168081283569336
2026-04-24 22:51:38.960538,2026-04-24 22:51:38.960538,14.152244567871094
2026-04-24 22:51:39.162005,2026-04-24 22:51:39.162005,14.138782501220703
2026-04-24 22:51:39.358880,2026-04-24 22:51:39.358880,14.12734031677246
2026-04-24 22:51:39.560873,2026-04-24 22:51:39.560873,14.117613792419434
2026-04-24 22:51:39.760075,2026-04-24 22:51:39.760075,14.109347343444824
2026-04-24 22:51:39.959945,2026-04-24 22:51:39.959945,14.102319717407228
2026-04-24 22:51:40.163969,2026-04-24 22:51:40.163969,14.096346855163574
2026-04-24 22:51:40.359637,2026-04-24 22:51:40.359637,14.091269493103027
2026-04-24 22:51:40.550936,2026-04-24 22:51:40.550936,14.086954116821287
2026-04-24 22:51:40.761300,2026-04-24 22:51:40.761300,14.08328628540039
2026-04-24 22:51:40.960276,2026-04-24 22:51:40.960276,14.08016872406006
2026-04-24 22:51:41.160786,2026-04-24 22:51:41.160786,14.077518463134766
2026-04-24 22:51:41.358943,2026-04-24 22:51:41.358943,14.075264930725098
2026-04-24 22:51:41.560110,2026-04-24 22:51:41.560110,14.07335090637207
2026-04-24 22:51:41.765930,2026-04-24 22:51:41.765930,14.071722984313965
2026-04-24 22:51:41.959952,2026-04-24 22:51:41.959952,13.89455795288086
2026-04-24 22:51:42.161660,2026-04-24 22:51:42.161660,13.91974925994873
2026-04-24 22:51:42.359340,2026-04-24 22:51:42.359340,13.941162109375
2026-04-24 22:51:42.561574,2026-04-24 22:51:42.561574,14.135144233703612
2026-04-24 22:51:42.760476,2026-04-24 22:51:42.760476,14.300028800964355
2026-04-24 22:51:42.959841,2026-04-24 22:51:42.959841,14.264399528503418
2026-04-24 22:51:43.158638,2026-04-24 22:51:43.158638,14.23411464691162
2026-04-24 22:51:43.360088,2026-04-24 22:51:43.360088,14.208372116088867
2026-04-24 22:51:43.559650,2026-04-24 22:51:43.559650,14.186491012573242
2026-04-24 22:51:43.749103,2026-04-24 22:51:43.749103,14.167892456054688
2026-04-24 22:51:43.960066,2026-04-24 22:51:43.960066,14.15208339691162
2026-04-24 22:51:44.159071,2026-04-24 22:51:44.159071,13.962864875793455
2026-04-24 22:51:44.358752,2026-04-24 22:51:44.358752,13.80202865600586
2026-04-24 22:51:44.558760,2026-04-24 22:51:44.558760,13.665318489074709
2026-04-24 22:51:44.749893,2026-04-24 22:51:44.749893,13.549114227294922
2026-04-24 22:51:44.958215,2026-04-24 22:51:44.958215,13.45034122467041
2026-04-24 22:51:45.158089,2026-04-24 22:51:45.158089,13.19060230255127
2026-04-24 22:51:45.359925,2026-04-24 22:51:45.359925,12.96982479095459
2026-04-24 22:51:45.558601,2026-04-24 22:51:45.558601,12.782163619995115
2026-04-24 22:51:45.758863,2026-04-24 22:51:45.758863,12.622651100158691
2026-04-24 22:51:45.958232,2026-04-24 22:51:45.958232,12.311285018920898
2026-04-24 22:51:46.158779,2026-04-24 22:51:46.158779,12.046623229980469
2026-04-24 22:51:46.360310,2026-04-24 22:51:46.360310,11.821660995483398
2026-04-24 22:51:46.558076,2026-04-24 22:51:46.558076,11.630443572998049
2026-04-24 22:51:46.760684,2026-04-24 22:51:46.760684,11.467907905578612
2026-04-24 22:51:46.958533,2026-04-24 22:51:46.958533,11.329752922058104
2026-04-24 22:51:47.149221,2026-04-24 22:51:47.149221,11.212321281433104
2026-04-24 22:51:47.358034,2026-04-24 22:51:47.358034,11.112504005432127
2026-04-24 22:51:47.549274,2026-04-24 22:51:47.549274,11.027660369873049
2026-04-24 22:51:47.758135,2026-04-24 22:51:47.758135,10.95554256439209
2026-04-24 22:51:47.949705,2026-04-24 22:51:47.949705,10.894242286682127
2026-04-24 22:51:48.158665,2026-04-24 22:51:48.158665,10.666356086730955
2026-04-24 22:51:48.358670,2026-04-24 22:51:48.358670,10.472652435302734
2026-04-24 22:51:48.559344,2026-04-24 22:51:48.559344,10.30800437927246
2026-04-24 22:51:48.749999,2026-04-24 22:51:48.749999,10.16805362701416
2026-04-24 22:51:48.958402,2026-04-24 22:51:48.958402,10.04909610748291
2026-04-24 22:51:49.158685,2026-04-24 22:51:49.158685,9.94798183441162
2026-04-24 22:51:49.350070,2026-04-24 22:51:49.350070,9.86203384399414
2026-04-24 22:51:49.558746,2026-04-24 22:51:49.558746,9.788979530334473
2026-04-24 22:51:49.759360,2026-04-24 22:51:49.759360,9.726881980895996
2026-04-24 22:51:49.958781,2026-04-24 22:51:49.958781,9.674099922180176
2026-04-24 22:51:50.149720,2026-04-24 22:51:50.149720,9.62923526763916
2026-04-24 22:51:50.350524,2026-04-24 22:51:50.350524,9.591099739074709
2026-04-24 22:51:50.558585,2026-04-24 22:51:50.558585,9.55868434906006
2026-04-24 22:51:50.758975,2026-04-24 22:51:50.758975,9.531131744384766
2026-04-24 22:51:50.957920,2026-04-24 22:51:50.957920,9.507712364196776
2026-04-24 22:51:51.160232,2026-04-24 22:51:51.160232,9.487805366516112
2026-04-24 22:51:51.349719,2026-04-24 22:51:51.349719,9.470884323120115
2026-04-24 22:51:51.560545,2026-04-24 22:51:51.560545,9.456501960754396
2026-04-24 22:51:51.758882,2026-04-24 22:51:51.758882,9.444276809692385
2026-04-24 22:51:51.960067,2026-04-24 22:51:51.960067,9.43388557434082
2026-04-24 22:51:52.160539,2026-04-24 22:51:52.160539,9.425052642822266
2026-04-24 22:51:52.358866,2026-04-24 22:51:52.358866,9.4175443649292
2026-04-24 22:51:52.558175,2026-04-24 22:51:52.558175,9.411162376403809
2026-04-24 22:51:52.758549,2026-04-24 22:51:52.758549,9.405738830566406
2026-04-24 22:51:52.957947,2026-04-24 22:51:52.957947,9.401127815246582
2026-04-24 22:51:53.158623,2026-04-24 22:51:53.158623,9.397208213806152
2026-04-24 22:51:53.359370,2026-04-24 22:51:53.359370,9.393877029418944
2026-04-24 22:51:53.559014,2026-04-24 22:51:53.559014,9.391045570373535
2026-04-24 22:51:53.761728,2026-04-24 22:51:53.761728,9.388638496398926
2026-04-24 22:52:06.858144,2026-04-24 22:52:06.858144,9.386592864990234
2026-04-24 22:52:07.062232,2026-04-24 22:52:07.062232,9.384854316711426
2026-04-24 22:52:07.258384,2026-04-24 22:52:07.258384,9.383376121520996
2026-04-24 22:52:07.458422,2026-04-24 22:52:07.458422,9.382119178771973
2026-04-24 22:52:07.658925,2026-04-24 22:52:07.658925,9.381052017211914
2026-04-24 22:52:07.859614,2026-04-24 22:52:07.859614,9.380144119262695
2026-04-24 22:52:08.058681,2026-04-24 22:52:08.058681,9.379372596740724
2026-04-24 22:52:08.258281,2026-04-24 22:52:08.258281,9.378716468811035
2026-04-24 22:52:08.458020,2026-04-24 22:52:08.458020,9.553939819335938
2026-04-24 22:52:08.662052,2026-04-24 22:52:08.662052,9.702880859375
2026-04-24 22:52:08.861043,2026-04-24 22:52:08.861043,9.829479217529297
2026-04-24 22:52:09.061174,2026-04-24 22:52:09.061174,9.937088966369627
2026-04-24 22:52:09.259739,2026-04-24 22:52:09.259739,10.028556823730469
2026-04-24 22:52:09.458783,2026-04-24 22:52:09.458783,10.282085418701172
2026-04-24 22:52:09.658874,2026-04-24 22:52:09.658874,10.49758529663086
2026-04-24 22:52:09.858945,2026-04-24 22:52:09.858945,10.504979133605955
2026-04-24 22:52:10.058694,2026-04-24 22:52:10.058694,10.687044143676758
2026-04-24 22:52:10.261204,2026-04-24 22:52:10.261204,10.841800689697266
2026-04-24 22:52:10.458723,2026-04-24 22:52:10.458723,11.149124145507812
2026-04-24 22:52:10.660053,2026-04-24 22:52:10.660053,11.410348892211914
2026-04-24 22:52:10.858912,2026-04-24 22:52:10.858912,11.808172225952148
2026-04-24 22:52:11.058738,2026-04-24 22:52:11.058738,12.146321296691896
2026-04-24 22:52:11.260374,2026-04-24 22:52:11.260374,12.433748245239258
2026-04-24 22:52:11.459953,2026-04-24 22:52:11.459953,12.853841781616213
2026-04-24 22:52:11.658078,2026-04-24 22:52:11.658078,13.035140991210938
2026-04-24 22:52:11.858689,2026-04-24 22:52:11.858689,13.189244270324709
2026-04-24 22:52:12.058615,2026-04-24 22:52:12.058615,13.496014595031738
2026-04-24 22:52:12.260370,2026-04-24 22:52:12.260370,13.756768226623535
2026-04-24 22:52:12.459071,2026-04-24 22:52:12.459071,13.978408813476562
2026-04-24 22:52:12.658273,2026-04-24 22:52:12.658273,14.342585563659668
2026-04-24 22:52:12.858639,2026-04-24 22:52:12.858639,14.652134895324709
2026-04-24 22:52:13.060212,2026-04-24 22:52:13.060212,14.915252685546877
2026-04-24 22:52:13.260290,2026-04-24 22:52:13.260290,15.138901710510254
2026-04-24 22:52:13.459992,2026-04-24 22:52:13.459992,15.329004287719728
2026-04-24 22:52:13.658351,2026-04-24 22:52:13.658351,15.490591049194336
2026-04-24 22:52:13.862491,2026-04-24 22:52:13.862491,15.62794017791748
2026-04-24 22:52:14.059692,2026-04-24 22:52:14.059692,15.744686126708984
2026-04-24 22:52:14.259890,2026-04-24 22:52:14.259890,15.843920707702637
2026-04-24 22:52:14.458336,2026-04-24 22:52:14.458336,15.92827033996582
2026-04-24 22:52:14.659621,2026-04-24 22:52:14.659621,15.999967575073242
2026-04-24 22:52:14.859353,2026-04-24 22:52:14.859353,16.060909271240234
2026-04-24 22:52:15.058508,2026-04-24 22:52:15.058508,16.11271095275879
2026-04-24 22:52:15.262023,2026-04-24 22:52:15.262023,16.156742095947266
2026-04-24 22:52:15.458712,2026-04-24 22:52:15.458712,16.194168090820312
2026-04-24 22:52:15.659518,2026-04-24 22:52:15.659518,16.225980758666992
2026-04-24 22:52:15.858011,2026-04-24 22:52:15.858011,16.077239990234375
2026-04-24 22:52:16.059706,2026-04-24 22:52:16.059706,15.950809478759766
2026-04-24 22:52:16.258671,2026-04-24 22:52:16.258671,15.843344688415527
2026-04-24 22:52:16.460671,2026-04-24 22:52:16.460671,15.751998901367188
2026-04-24 22:52:16.659451,2026-04-24 22:52:16.659451,15.674355506896973
2026-04-24 22:52:16.858654,2026-04-24 22:52:16.858654,15.608358383178713
2026-04-24 22:52:17.060020,2026-04-24 22:52:17.060020,15.552261352539062
2026-04-24 22:52:17.259773,2026-04-24 22:52:17.259773,15.50457763671875
2026-04-24 22:52:17.458498,2026-04-24 22:52:17.458498,15.4640474319458
2026-04-24 22:52:17.658310,2026-04-24 22:52:17.658310,15.42959690093994
2026-04-24 22:52:17.859954,2026-04-24 22:52:17.859954,15.400313377380373
2026-04-24 22:52:18.058254,2026-04-24 22:52:18.058254,15.375422477722168
2026-04-24 22:52:18.258331,2026-04-24 22:52:18.258331,15.178483963012695
2026-04-24 22:52:18.461042,2026-04-24 22:52:18.461042,15.186867713928224
2026-04-24 22:52:18.659159,2026-04-24 22:52:18.659159,15.19399356842041
2026-04-24 22:52:18.859154,2026-04-24 22:52:18.859154,15.200051307678224
2026-04-24 22:52:19.060979,2026-04-24 22:52:19.060979,15.029417991638184
2026-04-24 22:52:19.259456,2026-04-24 22:52:19.259456,15.060161590576172
2026-04-24 22:52:19.459362,2026-04-24 22:52:19.459362,15.086294174194336
2026-04-24 22:52:19.658550,2026-04-24 22:52:19.658550,15.108506202697754
2026-04-24 22:52:19.859962,2026-04-24 22:52:19.859962,14.951604843139648
2026-04-24 22:52:20.059974,2026-04-24 22:52:20.059974,14.818239212036133
2026-04-24 22:52:20.259329,2026-04-24 22:52:20.259329,14.704878807067873
2026-04-24 22:52:20.462142,2026-04-24 22:52:20.462142,14.608521461486816
2026-04-24 22:52:20.658409,2026-04-24 22:52:20.658409,14.350836753845217
2026-04-24 22:52:20.859421,2026-04-24 22:52:20.859421,14.131805419921877
2026-04-24 22:52:21.060836,2026-04-24 22:52:21.060836,13.94562816619873
2026-04-24 22:52:21.264905,2026-04-24 22:52:21.264905,13.78737735748291
2026-04-24 22:52:21.461259,2026-04-24 22:52:21.461259,13.652864456176758
2026-04-24 22:52:21.660969,2026-04-24 22:52:21.660969,13.538528442382812
2026-04-24 22:52:21.859533,2026-04-24 22:52:21.859533,13.441343307495115
2026-04-24 22:52:22.062231,2026-04-24 22:52:22.062231,13.182954788208008
2026-04-24 22:52:22.261142,2026-04-24 22:52:22.261142,12.963323593139648
2026-04-24 22:52:22.459481,2026-04-24 22:52:22.459481,12.77663803100586
2026-04-24 22:52:22.661038,2026-04-24 22:52:22.661038,12.79373550415039
2026-04-24 22:52:22.860112,2026-04-24 22:52:22.860112,12.632488250732422
2026-04-24 22:52:23.060999,2026-04-24 22:52:23.060999,12.671208381652832
2026-04-24 22:52:23.261984,2026-04-24 22:52:23.261984,12.528339385986328
2026-04-24 22:52:23.459659,2026-04-24 22:52:23.459659,12.406901359558104
2026-04-24 22:52:23.662931,2026-04-24 22:52:23.662931,12.479459762573242
2026-04-24 22:52:23.861029,2026-04-24 22:52:23.861029,12.36535358428955
2026-04-24 22:52:24.065077,2026-04-24 22:52:24.065077,12.268362998962402
2026-04-24 22:52:24.258265,2026-04-24 22:52:24.258265,12.185920715332031
2026-04-24 22:52:24.459394,2026-04-24 22:52:24.459394,11.940064430236816
2026-04-24 22:52:24.660188,2026-04-24 22:52:24.660188,11.731085777282717
2026-04-24 22:52:24.862718,2026-04-24 22:52:24.862718,11.553454399108888
2026-04-24 22:52:25.061981,2026-04-24 22:52:25.061981,11.402466773986816
2026-04-24 22:52:25.258416,2026-04-24 22:52:25.258416,13.031940460205078
2026-04-24 22:52:25.460029,2026-04-24 22:52:25.460029,14.416993141174316
2026-04-24 22:52:25.664211,2026-04-24 22:52:25.664211,15.594287872314451
2026-04-24 22:52:25.862720,2026-04-24 22:52:25.862720,16.594987869262695
2026-04-24 22:52:26.059075,2026-04-24 22:52:26.059075,17.62136459350586
2026-04-24 22:52:26.258917,2026-04-24 22:52:26.258917,18.493785858154297
2026-04-24 22:52:26.461638,2026-04-24 22:52:26.461638,19.05956077575684
2026-04-24 22:52:26.659070,2026-04-24 22:52:26.659070,19.540470123291016
2026-04-24 22:52:26.858449,2026-04-24 22:52:26.858449,20.125024795532227
2026-04-24 22:52:27.058125,2026-04-24 22:52:27.058125,20.44611549377441
2026-04-24 22:52:27.257996,2026-04-24 22:52:27.257996,20.89482307434082
2026-04-24 22:52:27.458578,2026-04-24 22:52:27.458578,21.10044288635254
2026-04-24 22:52:27.659755,2026-04-24 22:52:27.659755,21.45100212097168
2026-04-24 22:52:27.858385,2026-04-24 22:52:27.858385,21.74897575378418
2026-04-24 22:52:28.059165,2026-04-24 22:52:28.059165,22.002254486083984
2026-04-24 22:52:28.258452,2026-04-24 22:52:28.258452,22.21754264831543
2026-04-24 22:52:28.462774,2026-04-24 22:52:28.462774,22.400535583496094
2026-04-24 22:52:28.658272,2026-04-24 22:52:28.658272,22.556079864501957
2026-04-24 22:52:28.858488,2026-04-24 22:52:28.858488,22.68829345703125
2026-04-24 22:52:29.059884,2026-04-24 22:52:29.059884,22.80067443847656
2026-04-24 22:52:29.258524,2026-04-24 22:52:29.258524,22.72041702270508
2026-04-24 22:52:29.458734,2026-04-24 22:52:29.458734,22.827980041503903
2026-04-24 22:52:29.659899,2026-04-24 22:52:29.659899,22.74362564086914
2026-04-24 22:52:29.859779,2026-04-24 22:52:29.859779,22.84770774841309
2026-04-24 22:52:30.059038,2026-04-24 22:52:30.059038,22.936176300048828
2026-04-24 22:52:30.258883,2026-04-24 22:52:30.258883,23.011375427246094
2026-04-24 22:52:30.458940,2026-04-24 22:52:30.458940,23.075292587280277
2026-04-24 22:52:30.659188,2026-04-24 22:52:30.659188,23.12962532043457
2026-04-24 22:52:30.858455,2026-04-24 22:52:30.858455,23.175806045532227
2026-04-24 22:52:31.058049,2026-04-24 22:52:31.058049,23.215059280395508
2026-04-24 22:52:31.257903,2026-04-24 22:52:31.257903,23.24842643737793
2026-04-24 22:52:31.458102,2026-04-24 22:52:31.458102,23.27678680419922
2026-04-24 22:52:31.658439,2026-04-24 22:52:31.658439,23.125112533569336
2026-04-24 22:52:31.858053,2026-04-24 22:52:31.858053,23.17197036743164
2026-04-24 22:52:32.058778,2026-04-24 22:52:32.058778,23.21179962158203
2026-04-24 22:52:45.161383,2026-04-24 22:52:45.161383,23.245655059814453
2026-04-24 22:52:45.358606,2026-04-24 22:52:45.358606,23.27443122863769
2026-04-24 22:52:45.559212,2026-04-24 22:52:45.559212,23.29889297485352
2026-04-24 22:52:45.758018,2026-04-24 22:52:45.758018,23.14390182495117
2026-04-24 22:52:45.960553,2026-04-24 22:52:45.960553,23.18794250488281
2026-04-24 22:52:46.163737,2026-04-24 22:52:46.163737,23.22537612915039
2026-04-24 22:52:46.359353,2026-04-24 22:52:46.359353,22.20250701904297
2026-04-24 22:52:46.559520,2026-04-24 22:52:46.559520,21.50885009765625
2026-04-24 22:52:46.758486,2026-04-24 22:52:46.758486,20.74345970153809
2026-04-24 22:52:46.963657,2026-04-24 22:52:46.963657,20.092878341674805
2026-04-24 22:52:47.159120,2026-04-24 22:52:47.159120,19.539884567260746
2026-04-24 22:52:47.358541,2026-04-24 22:52:47.358541,19.069839477539062
2026-04-24 22:52:47.559284,2026-04-24 22:52:47.559284,18.670299530029297
2026-04-24 22:52:47.758597,2026-04-24 22:52:47.758597,18.33069229125977
2026-04-24 22:52:47.959318,2026-04-24 22:52:47.959318,18.04202651977539
2026-04-24 22:52:48.161161,2026-04-24 22:52:48.161161,17.796659469604492
2026-04-24 22:52:48.361667,2026-04-24 22:52:48.361667,17.588098526000977
2026-04-24 22:52:48.559978,2026-04-24 22:52:48.559978,17.41082191467285
2026-04-24 22:52:48.758810,2026-04-24 22:52:48.758810,17.260135650634766
2026-04-24 22:52:48.958747,2026-04-24 22:52:48.958747,17.13205337524414
2026-04-24 22:52:49.158774,2026-04-24 22:52:49.158774,17.023181915283203
2026-04-24 22:52:49.358475,2026-04-24 22:52:49.358475,16.93064308166504
2026-04-24 22:52:49.563119,2026-04-24 22:52:49.563119,16.85198402404785
2026-04-24 22:52:49.758557,2026-04-24 22:52:49.758557,16.609342575073242
2026-04-24 22:52:49.958263,2026-04-24 22:52:49.958263,16.40309715270996
2026-04-24 22:52:50.160736,2026-04-24 22:52:50.160736,16.2277889251709
2026-04-24 22:52:50.358991,2026-04-24 22:52:50.358991,16.078777313232422
2026-04-24 22:52:50.558662,2026-04-24 22:52:50.558662,15.95211696624756
2026-04-24 22:52:50.759652,2026-04-24 22:52:50.759652,15.84445571899414
2026-04-24 22:52:50.958052,2026-04-24 22:52:50.958052,15.75294303894043
2026-04-24 22:52:51.158542,2026-04-24 22:52:51.158542,15.67515754699707
2026-04-24 22:52:51.358169,2026-04-24 22:52:51.358169,15.43325901031494
2026-04-24 22:52:51.558407,2026-04-24 22:52:51.558407,15.227645874023438
2026-04-24 22:52:51.760089,2026-04-24 22:52:51.760089,15.052873611450195
2026-04-24 22:52:51.959071,2026-04-24 22:52:51.959071,14.90431785583496
2026-04-24 22:52:52.159150,2026-04-24 22:52:52.159150,14.60226345062256
2026-04-24 22:52:52.359984,2026-04-24 22:52:52.359984,14.345518112182615
2026-04-24 22:52:52.559602,2026-04-24 22:52:52.559602,14.127284049987791
2026-04-24 22:52:52.759002,2026-04-24 22:52:52.759002,14.117566108703612
2026-04-24 22:52:52.962909,2026-04-24 22:52:52.962909,13.93352508544922
2026-04-24 22:52:53.158936,2026-04-24 22:52:53.158936,13.952871322631836
2026-04-24 22:52:53.358794,2026-04-24 22:52:53.358794,13.969315528869627
2026-04-24 22:52:53.559415,2026-04-24 22:52:53.559415,13.983293533325195
2026-04-24 22:52:53.758447,2026-04-24 22:52:53.758447,13.995174407958984
2026-04-24 22:52:53.958824,2026-04-24 22:52:53.958824,14.00527286529541
2026-04-24 22:52:54.160237,2026-04-24 22:52:54.160237,14.013856887817385
2026-04-24 22:52:54.358198,2026-04-24 22:52:54.358198,14.021153450012209
2026-04-24 22:52:54.560428,2026-04-24 22:52:54.560428,14.027355194091797
2026-04-24 22:52:54.760265,2026-04-24 22:52:54.760265,13.85684585571289
2026-04-24 22:52:54.958447,2026-04-24 22:52:54.958447,13.887694358825684
2026-04-24 22:52:55.159084,2026-04-24 22:52:55.159084,13.913914680480955
2026-04-24 22:52:55.358088,2026-04-24 22:52:55.358088,14.111984252929688
2026-04-24 22:52:55.558109,2026-04-24 22:52:55.558109,14.280343055725098
2026-04-24 22:52:55.761092,2026-04-24 22:52:55.761092,14.423447608947754
2026-04-24 22:52:55.959638,2026-04-24 22:52:55.959638,14.369305610656738
2026-04-24 22:52:56.159613,2026-04-24 22:52:56.159613,14.499065399169922
2026-04-24 22:52:56.363075,2026-04-24 22:52:56.363075,14.609362602233888
2026-04-24 22:52:56.558652,2026-04-24 22:52:56.558652,14.70311450958252
2026-04-24 22:52:56.758159,2026-04-24 22:52:56.758159,14.958584785461426
2026-04-24 22:52:56.959881,2026-04-24 22:52:56.959881,15.175734519958496
2026-04-24 22:52:57.159444,2026-04-24 22:52:57.159444,15.360311508178713
2026-04-24 22:52:57.359026,2026-04-24 22:52:57.359026,15.517202377319336
2026-04-24 22:52:57.558671,2026-04-24 22:52:57.558671,15.650559425354004
2026-04-24 22:52:57.759437,2026-04-24 22:52:57.759437,15.76391315460205
2026-04-24 22:52:57.958870,2026-04-24 22:52:57.958870,15.86026382446289
2026-04-24 22:52:58.158365,2026-04-24 22:52:58.158365,16.117942810058594
2026-04-24 22:52:58.359598,2026-04-24 22:52:58.359598,16.33696937561035
2026-04-24 22:52:58.559018,2026-04-24 22:52:58.559018,16.523143768310547
2026-04-24 22:52:58.759268,2026-04-24 22:52:58.759268,16.6813907623291
2026-04-24 22:52:58.959192,2026-04-24 22:52:58.959192,16.815900802612305
2026-04-24 22:52:59.158912,2026-04-24 22:52:59.158912,16.930234909057617
2026-04-24 22:52:59.359286,2026-04-24 22:52:59.359286,17.02741813659668
2026-04-24 22:52:59.559302,2026-04-24 22:52:59.559302,17.110023498535156
2026-04-24 22:52:59.758443,2026-04-24 22:52:59.758443,17.004457473754883
2026-04-24 22:52:59.959711,2026-04-24 22:52:59.959711,17.09050750732422
2026-04-24 22:53:00.158548,2026-04-24 22:53:00.158548,17.339431762695312
2026-04-24 22:53:00.361342,2026-04-24 22:53:00.361342,17.19945526123047
2026-04-24 22:53:00.560349,2026-04-24 22:53:00.560349,17.607816696166992
2026-04-24 22:53:00.759754,2026-04-24 22:53:00.759754,17.427581787109375
2026-04-24 22:53:00.959973,2026-04-24 22:53:00.959973,17.274383544921875
2026-04-24 22:53:01.160286,2026-04-24 22:53:01.160286,18.023069381713867
2026-04-24 22:53:01.360376,2026-04-24 22:53:01.360376,18.65945243835449
2026-04-24 22:53:01.560034,2026-04-24 22:53:01.560034,19.37615966796875
2026-04-24 22:53:01.759936,2026-04-24 22:53:01.759936,19.985361099243164
2026-04-24 22:53:01.958920,2026-04-24 22:53:01.958920,20.50318145751953
2026-04-24 22:53:02.158827,2026-04-24 22:53:02.158827,21.119110107421875
2026-04-24 22:53:02.359040,2026-04-24 22:53:02.359040,21.642650604248047
2026-04-24 22:53:02.559929,2026-04-24 22:53:02.559929,22.08765983581543
2026-04-24 22:53:02.760177,2026-04-24 22:53:02.760177,22.46591567993164
2026-04-24 22:53:02.960027,2026-04-24 22:53:02.960027,22.96321678161621
2026-04-24 22:53:03.160965,2026-04-24 22:53:03.160965,23.385921478271484
2026-04-24 22:53:03.360704,2026-04-24 22:53:03.360704,23.74522018432617
2026-04-24 22:53:03.559292,2026-04-24 22:53:03.559292,24.22640609741211
2026-04-24 22:53:03.760424,2026-04-24 22:53:03.760424,24.45963287353516
2026-04-24 22:53:03.960801,2026-04-24 22:53:03.960801,24.65787506103516
2026-04-24 22:53:04.159573,2026-04-24 22:53:04.159573,25.00216293334961
2026-04-24 22:53:04.358383,2026-04-24 22:53:04.358383,25.29480743408203
2026-04-24 22:53:04.562509,2026-04-24 22:53:04.562509,25.543554306030277
2026-04-24 22:53:04.759069,2026-04-24 22:53:04.759069,25.75498962402344
2026-04-24 22:53:04.959743,2026-04-24 22:53:04.959743,25.934711456298828
2026-04-24 22:53:05.160119,2026-04-24 22:53:05.160119,26.08747291564941
2026-04-24 22:53:05.360261,2026-04-24 22:53:05.360261,26.217321395874023
2026-04-24 22:53:05.558440,2026-04-24 22:53:05.558440,26.32769203186035
2026-04-24 22:53:05.762543,2026-04-24 22:53:05.762543,26.421506881713867
2026-04-24 22:53:05.959070,2026-04-24 22:53:05.959070,26.50124931335449
2026-04-24 22:53:06.158328,2026-04-24 22:53:06.158328,26.56903076171875
2026-04-24 22:53:06.358069,2026-04-24 22:53:06.358069,26.626644134521484
2026-04-24 22:53:06.559733,2026-04-24 22:53:06.559733,26.675617218017575
2026-04-24 22:53:06.758795,2026-04-24 22:53:06.758795,24.43208694458008
2026-04-24 22:53:06.960980,2026-04-24 22:53:06.960980,22.52508544921875
2026-04-24 22:53:07.160160,2026-04-24 22:53:07.160160,20.904136657714844
2026-04-24 22:53:07.359135,2026-04-24 22:53:07.359135,19.70210838317871
2026-04-24 22:53:07.558086,2026-04-24 22:53:07.558086,18.68038558959961
2026-04-24 22:53:07.758697,2026-04-24 22:53:07.758697,17.636140823364258
2026-04-24 22:53:07.961554,2026-04-24 22:53:07.961554,16.748533248901367
2026-04-24 22:53:08.158846,2026-04-24 22:53:08.158846,15.994065284729004
2026-04-24 22:53:08.359199,2026-04-24 22:53:08.359199,15.352767944335938
2026-04-24 22:53:08.558496,2026-04-24 22:53:08.558496,14.80766487121582
2026-04-24 22:53:08.758768,2026-04-24 22:53:08.758768,14.344327926635742
2026-04-24 22:53:08.961538,2026-04-24 22:53:08.961538,13.950490951538086
2026-04-24 22:53:09.159362,2026-04-24 22:53:09.159362,13.791511535644531
2026-04-24 22:53:09.358172,2026-04-24 22:53:09.358172,13.656378746032717
2026-04-24 22:53:09.560374,2026-04-24 22:53:09.560374,13.541515350341797
2026-04-24 22:53:09.758118,2026-04-24 22:53:09.758118,13.44388198852539
2026-04-24 22:53:09.958446,2026-04-24 22:53:09.958446,13.53667449951172
2026-04-24 22:53:10.158414,2026-04-24 22:53:10.158414,13.615548133850098
2026-04-24 22:53:10.359944,2026-04-24 22:53:10.359944,13.682591438293455
2026-04-24 22:53:23.458586,2026-04-24 22:53:23.458586,13.739577293395996
2026-04-24 22:53:23.658520,2026-04-24 22:53:23.658520,13.788015365600586
2026-04-24 22:53:23.861306,2026-04-24 22:53:23.861306,13.653407096862791
2026-04-24 22:53:24.060868,2026-04-24 22:53:24.060868,13.714771270751951
2026-04-24 22:53:24.261600,2026-04-24 22:53:24.261600,13.59114933013916
2026-04-24 22:53:24.459296,2026-04-24 22:53:24.459296,13.66185188293457
2026-04-24 22:53:24.661114,2026-04-24 22:53:24.661114,13.546167373657228
2026-04-24 22:53:24.860724,2026-04-24 22:53:24.860724,13.623617172241213
2026-04-24 22:53:25.058700,2026-04-24 22:53:25.058700,13.68945026397705
2026-04-24 22:53:25.259636,2026-04-24 22:53:25.259636,13.745407104492188
2026-04-24 22:53:25.460402,2026-04-24 22:53:25.460402,13.79297161102295
2026-04-24 22:53:25.660609,2026-04-24 22:53:25.660609,13.65761947631836
2026-04-24 22:53:25.858493,2026-04-24 22:53:25.858493,13.542570114135742
2026-04-24 22:53:26.063504,2026-04-24 22:53:26.063504,13.444778442382812
2026-04-24 22:53:26.262349,2026-04-24 22:53:26.262349,13.361655235290527
2026-04-24 22:53:26.463439,2026-04-24 22:53:26.463439,13.115220069885254
2026-04-24 22:53:26.661748,2026-04-24 22:53:26.661748,12.905749320983888
2026-04-24 22:53:26.864408,2026-04-24 22:53:26.864408,12.727699279785156
2026-04-24 22:53:27.060442,2026-04-24 22:53:27.060442,12.752138137817385
2026-04-24 22:53:27.258772,2026-04-24 22:53:27.258772,12.772911071777344
2026-04-24 22:53:27.460416,2026-04-24 22:53:27.460416,12.790568351745604
2026-04-24 22:53:27.661126,2026-04-24 22:53:27.661126,12.62979507446289
2026-04-24 22:53:27.865155,2026-04-24 22:53:27.865155,12.493138313293455
2026-04-24 22:53:28.058744,2026-04-24 22:53:28.058744,12.376980781555176
2026-04-24 22:53:28.258474,2026-04-24 22:53:28.258474,12.27824592590332
2026-04-24 22:53:28.458122,2026-04-24 22:53:28.458122,12.194321632385254
2026-04-24 22:53:28.660762,2026-04-24 22:53:28.660762,12.12298583984375
2026-04-24 22:53:28.859199,2026-04-24 22:53:28.859199,12.062350273132324
2026-04-24 22:53:29.058667,2026-04-24 22:53:29.058667,12.010809898376465
2026-04-24 22:53:29.259386,2026-04-24 22:53:29.259386,11.967000961303713
2026-04-24 22:53:29.460809,2026-04-24 22:53:29.460809,11.929763793945312
2026-04-24 22:53:29.660010,2026-04-24 22:53:29.660010,11.722330093383787
2026-04-24 22:53:29.860367,2026-04-24 22:53:29.860367,11.721793174743652
2026-04-24 22:53:30.058222,2026-04-24 22:53:30.058222,11.721336364746094
2026-04-24 22:53:30.258542,2026-04-24 22:53:30.258542,11.720949172973633
2026-04-24 22:53:30.458728,2026-04-24 22:53:30.458728,11.720619201660156
2026-04-24 22:53:30.659032,2026-04-24 22:53:30.659032,11.720338821411133
2026-04-24 22:53:30.859042,2026-04-24 22:53:30.859042,11.720100402832031
2026-04-24 22:53:31.060467,2026-04-24 22:53:31.060467,11.719898223876951
2026-04-24 22:53:31.259691,2026-04-24 22:53:31.259691,11.719725608825684
2026-04-24 22:53:31.460639,2026-04-24 22:53:31.460639,11.719579696655272
2026-04-24 22:53:31.660096,2026-04-24 22:53:31.660096,11.719454765319824
2026-04-24 22:53:31.858607,2026-04-24 22:53:31.858607,11.719348907470703
2026-04-24 22:53:32.058923,2026-04-24 22:53:32.058923,11.71925926208496
2026-04-24 22:53:32.258885,2026-04-24 22:53:32.258885,11.719182968139648
2026-04-24 22:53:32.459807,2026-04-24 22:53:32.459807,11.719118118286133
2026-04-24 22:53:32.658911,2026-04-24 22:53:32.658911,11.71906280517578
2026-04-24 22:53:32.858858,2026-04-24 22:53:32.858858,11.719016075134276
2026-04-24 22:53:33.058339,2026-04-24 22:53:33.058339,11.718976020812988
2026-04-24 22:53:33.258773,2026-04-24 22:53:33.258773,11.718941688537598
2026-04-24 22:53:33.458684,2026-04-24 22:53:33.458684,11.718913078308104
2026-04-24 22:53:33.658889,2026-04-24 22:53:33.658889,11.543107986450195
2026-04-24 22:53:33.859210,2026-04-24 22:53:33.859210,11.569454193115234
2026-04-24 22:53:34.058077,2026-04-24 22:53:34.058077,11.591848373413086
2026-04-24 22:53:34.259243,2026-04-24 22:53:34.259243,11.610883712768556
2026-04-24 22:53:34.460998,2026-04-24 22:53:34.460998,11.627063751220703
2026-04-24 22:53:34.658297,2026-04-24 22:53:34.658297,11.465035438537598
2026-04-24 22:53:34.860100,2026-04-24 22:53:34.860100,11.327311515808104
2026-04-24 22:53:35.059379,2026-04-24 22:53:35.059379,11.386027336120604
2026-04-24 22:53:35.258633,2026-04-24 22:53:35.258633,11.435935020446776
2026-04-24 22:53:35.459631,2026-04-24 22:53:35.459631,11.478357315063477
2026-04-24 22:53:35.658858,2026-04-24 22:53:35.658858,11.514416694641112
2026-04-24 22:53:35.857901,2026-04-24 22:53:35.857901,11.545066833496094
2026-04-24 22:53:36.059498,2026-04-24 22:53:36.059498,11.57111930847168
2026-04-24 22:53:36.263003,2026-04-24 22:53:36.263003,11.593263626098633
2026-04-24 22:53:36.461344,2026-04-24 22:53:36.461344,11.612086296081545
2026-04-24 22:53:36.658083,2026-04-24 22:53:36.658083,11.62808609008789
2026-04-24 22:53:36.859140,2026-04-24 22:53:36.859140,11.641685485839844
2026-04-24 22:53:37.058985,2026-04-24 22:53:37.058985,11.653244972229004
2026-04-24 22:53:37.258731,2026-04-24 22:53:37.258731,11.663070678710938
2026-04-24 22:53:37.458713,2026-04-24 22:53:37.458713,11.671422958374023
2026-04-24 22:53:37.658277,2026-04-24 22:53:37.658277,11.678522109985352
2026-04-24 22:53:37.858194,2026-04-24 22:53:37.858194,11.684556007385254
2026-04-24 22:53:38.058064,2026-04-24 22:53:38.058064,11.689684867858888
2026-04-24 22:53:38.258915,2026-04-24 22:53:38.258915,11.694045066833496
2026-04-24 22:53:38.459031,2026-04-24 22:53:38.459031,11.69775104522705
2026-04-24 22:53:38.658566,2026-04-24 22:53:38.658566,11.70090103149414
2026-04-24 22:53:38.859903,2026-04-24 22:53:38.859903,11.703577995300291
2026-04-24 22:53:39.059644,2026-04-24 22:53:39.059644,11.705853462219238
2026-04-24 22:53:39.261120,2026-04-24 22:53:39.261120,11.707788467407228
2026-04-24 22:53:39.460968,2026-04-24 22:53:39.460968,11.709432601928713
2026-04-24 22:53:39.659430,2026-04-24 22:53:39.659430,11.535048484802246
2026-04-24 22:53:39.859415,2026-04-24 22:53:39.859415,11.386822700500488
2026-04-24 22:53:40.059783,2026-04-24 22:53:40.059783,11.260830879211426
2026-04-24 22:53:40.260373,2026-04-24 22:53:40.260373,11.15373706817627
2026-04-24 22:53:40.458872,2026-04-24 22:53:40.458872,11.238489151000977
2026-04-24 22:53:40.658961,2026-04-24 22:53:40.658961,11.134747505187988
2026-04-24 22:53:40.858938,2026-04-24 22:53:40.858938,11.046566009521484
2026-04-24 22:53:41.060398,2026-04-24 22:53:41.060398,10.971612930297852
2026-04-24 22:53:41.259238,2026-04-24 22:53:41.259238,10.907901763916016
2026-04-24 22:53:41.459293,2026-04-24 22:53:41.459293,10.853748321533203
2026-04-24 22:53:41.658659,2026-04-24 22:53:41.658659,10.807717323303224
2026-04-24 22:53:41.860877,2026-04-24 22:53:41.860877,10.768590927124023
2026-04-24 22:53:42.059638,2026-04-24 22:53:42.059638,10.735333442687988
2026-04-24 22:53:42.259882,2026-04-24 22:53:42.259882,13.168002128601074
2026-04-24 22:53:42.459444,2026-04-24 22:53:42.459444,12.774832725524902
2026-04-24 22:53:42.660371,2026-04-24 22:53:42.660371,14.90157699584961
2026-04-24 22:53:42.861930,2026-04-24 22:53:42.861930,14.248371124267578
2026-04-24 22:53:43.059469,2026-04-24 22:53:43.059469,16.154085159301758
2026-04-24 22:53:43.260661,2026-04-24 22:53:43.260661,17.773941040039062
2026-04-24 22:53:43.460120,2026-04-24 22:53:43.460120,19.15081787109375
2026-04-24 22:53:43.658901,2026-04-24 22:53:43.658901,20.321165084838867
2026-04-24 22:53:43.860279,2026-04-24 22:53:43.860279,21.31595802307129
2026-04-24 22:53:44.061141,2026-04-24 22:53:44.061141,22.16153335571289
2026-04-24 22:53:44.261677,2026-04-24 22:53:44.261677,22.880271911621094
2026-04-24 22:53:44.461728,2026-04-24 22:53:44.461728,23.491199493408203
2026-04-24 22:53:44.658978,2026-04-24 22:53:44.658978,24.01048851013184
2026-04-24 22:53:44.859294,2026-04-24 22:53:44.859294,21.63938331604004
2026-04-24 22:53:45.059955,2026-04-24 22:53:45.059955,19.62394523620605
2026-04-24 22:53:45.260320,2026-04-24 22:53:45.260320,17.91082191467285
2026-04-24 22:53:45.464511,2026-04-24 22:53:45.464511,16.454668045043945
2026-04-24 22:53:45.660419,2026-04-24 22:53:45.660419,15.216936111450195
2026-04-24 22:53:45.861824,2026-04-24 22:53:45.861824,14.164864540100098
2026-04-24 22:53:46.059982,2026-04-24 22:53:46.059982,15.907322883605955
2026-04-24 22:53:46.259686,2026-04-24 22:53:46.259686,17.212631225585938
2026-04-24 22:53:46.458428,2026-04-24 22:53:46.458428,18.322141647338867
2026-04-24 22:53:46.658315,2026-04-24 22:53:46.658315,19.265226364135746
2026-04-24 22:53:46.860550,2026-04-24 22:53:46.860550,19.89106750488281
2026-04-24 22:53:47.060276,2026-04-24 22:53:47.060276,20.42303276062012
2026-04-24 22:53:47.258992,2026-04-24 22:53:47.258992,20.87520217895508
2026-04-24 22:53:47.460970,2026-04-24 22:53:47.460970,21.25954818725586
2026-04-24 22:53:47.658768,2026-04-24 22:53:47.658768,21.762022018432617
2026-04-24 22:53:47.859986,2026-04-24 22:53:47.859986,22.01334381103516
2026-04-24 22:53:48.063277,2026-04-24 22:53:48.063277,22.40274810791016
2026-04-24 22:53:48.262110,2026-04-24 22:53:48.262110,22.733741760253903
2026-04-24 22:53:48.459180,2026-04-24 22:53:48.459180,23.190868377685547
2026-04-24 22:53:48.661168,2026-04-24 22:53:48.661168,23.755207061767575
2026-04-24 22:54:01.760145,2026-04-24 22:54:01.760145,24.234893798828125
2026-04-24 22:54:01.960272,2026-04-24 22:54:01.960272,24.64262962341309
2026-04-24 22:54:02.159277,2026-04-24 22:54:02.159277,24.98920440673828
2026-04-24 22:54:02.360046,2026-04-24 22:54:02.360046,25.28379249572754
2026-04-24 22:54:02.559050,2026-04-24 22:54:02.559050,25.7099723815918
2026-04-24 22:54:02.759498,2026-04-24 22:54:02.759498,26.072227478027344
2026-04-24 22:54:02.962011,2026-04-24 22:54:02.962011,26.380142211914062
2026-04-24 22:54:03.161880,2026-04-24 22:54:03.161880,26.64187240600586
2026-04-24 22:54:03.360647,2026-04-24 22:54:03.360647,27.040122985839844
2026-04-24 22:54:03.559898,2026-04-24 22:54:03.559898,27.37863540649414
2026-04-24 22:54:03.763933,2026-04-24 22:54:03.763933,27.666370391845703
2026-04-24 22:54:03.960708,2026-04-24 22:54:03.960708,27.910945892333984
2026-04-24 22:54:04.160161,2026-04-24 22:54:04.160161,28.11883544921875
2026-04-24 22:54:04.361074,2026-04-24 22:54:04.361074,28.295541763305664
2026-04-24 22:54:04.559914,2026-04-24 22:54:04.559914,28.445741653442383
2026-04-24 22:54:04.759681,2026-04-24 22:54:04.759681,28.57341194152832
2026-04-24 22:54:04.958680,2026-04-24 22:54:04.958680,28.681930541992188
2026-04-24 22:54:05.160746,2026-04-24 22:54:05.160746,28.774171829223636
2026-04-24 22:54:05.363236,2026-04-24 22:54:05.363236,28.852577209472656
2026-04-24 22:54:05.560681,2026-04-24 22:54:05.560681,28.91922187805176
2026-04-24 22:54:05.761307,2026-04-24 22:54:05.761307,28.97587013244629
2026-04-24 22:54:05.959144,2026-04-24 22:54:05.959144,29.02402114868164
2026-04-24 22:54:06.159121,2026-04-24 22:54:06.159121,27.30713653564453
2026-04-24 22:54:06.360271,2026-04-24 22:54:06.360271,27.6055965423584
2026-04-24 22:54:06.559650,2026-04-24 22:54:06.559650,27.859289169311523
2026-04-24 22:54:06.762003,2026-04-24 22:54:06.762003,28.074926376342773
2026-04-24 22:54:06.961017,2026-04-24 22:54:06.961017,28.25821876525879
2026-04-24 22:54:07.158826,2026-04-24 22:54:07.158826,28.41401672363281
2026-04-24 22:54:07.361355,2026-04-24 22:54:07.361355,28.546445846557617
2026-04-24 22:54:07.558491,2026-04-24 22:54:07.558491,28.65900993347168
2026-04-24 22:54:07.763528,2026-04-24 22:54:07.763528,28.75469017028809
2026-04-24 22:54:07.958413,2026-04-24 22:54:07.958413,28.836017608642575
2026-04-24 22:54:08.166208,2026-04-24 22:54:08.166208,28.9051456451416
2026-04-24 22:54:08.360347,2026-04-24 22:54:08.360347,28.963905334472656
2026-04-24 22:54:08.562069,2026-04-24 22:54:08.562069,29.013851165771484
2026-04-24 22:54:08.758952,2026-04-24 22:54:08.758952,28.880523681640625
2026-04-24 22:54:08.958908,2026-04-24 22:54:08.958908,28.767194747924805
2026-04-24 22:54:09.162570,2026-04-24 22:54:09.162570,28.67086601257324
2026-04-24 22:54:09.358727,2026-04-24 22:54:09.358727,28.588985443115234
2026-04-24 22:54:09.562333,2026-04-24 22:54:09.562333,28.51938819885254
2026-04-24 22:54:09.758560,2026-04-24 22:54:09.758560,27.581323623657227
2026-04-24 22:54:09.958651,2026-04-24 22:54:09.958651,26.60818672180176
2026-04-24 22:54:10.159923,2026-04-24 22:54:10.159923,25.781021118164062
2026-04-24 22:54:10.362130,2026-04-24 22:54:10.362130,25.253711700439453
2026-04-24 22:54:10.558447,2026-04-24 22:54:10.558447,24.981281280517575
2026-04-24 22:54:10.759687,2026-04-24 22:54:10.759687,24.92549514770508
2026-04-24 22:54:10.963504,2026-04-24 22:54:10.963504,24.878076553344727
2026-04-24 22:54:11.161426,2026-04-24 22:54:11.161426,24.66199111938477
2026-04-24 22:54:11.360973,2026-04-24 22:54:11.360973,24.654098510742188
2026-04-24 22:54:11.559255,2026-04-24 22:54:11.559255,24.647390365600582
2026-04-24 22:54:11.761391,2026-04-24 22:54:11.761391,24.46590614318848
2026-04-24 22:54:11.959341,2026-04-24 22:54:11.959341,24.3116455078125
2026-04-24 22:54:12.160106,2026-04-24 22:54:12.160106,24.18052291870117
2026-04-24 22:54:12.358815,2026-04-24 22:54:12.358815,24.06907081604004
2026-04-24 22:54:12.560584,2026-04-24 22:54:12.560584,23.974334716796875
2026-04-24 22:54:12.758882,2026-04-24 22:54:12.758882,23.893808364868164
2026-04-24 22:54:12.959541,2026-04-24 22:54:12.959541,23.649581909179688
2026-04-24 22:54:13.157984,2026-04-24 22:54:13.157984,23.617769241333008
2026-04-24 22:54:13.358109,2026-04-24 22:54:13.358109,23.590728759765625
2026-04-24 22:54:13.559682,2026-04-24 22:54:13.559682,23.567745208740234
2026-04-24 22:54:13.760161,2026-04-24 22:54:13.760161,23.548208236694336
2026-04-24 22:54:13.960066,2026-04-24 22:54:13.960066,23.35581970214844
2026-04-24 22:54:14.158454,2026-04-24 22:54:14.158454,23.192291259765625
2026-04-24 22:54:14.358990,2026-04-24 22:54:14.358990,23.05329132080078
2026-04-24 22:54:14.559243,2026-04-24 22:54:14.559243,22.93514060974121
2026-04-24 22:54:14.758890,2026-04-24 22:54:14.758890,22.83471298217773
2026-04-24 22:54:14.958991,2026-04-24 22:54:14.958991,22.74934959411621
2026-04-24 22:54:15.158296,2026-04-24 22:54:15.158296,22.67679214477539
2026-04-24 22:54:15.358225,2026-04-24 22:54:15.358225,22.61511611938477
2026-04-24 22:54:15.558599,2026-04-24 22:54:15.558599,22.562692642211918
2026-04-24 22:54:15.758214,2026-04-24 22:54:15.758214,22.51813316345215
2026-04-24 22:54:15.958297,2026-04-24 22:54:15.958297,22.48025703430176
2026-04-24 22:54:16.159091,2026-04-24 22:54:16.159091,22.448060989379883
2026-04-24 22:54:16.358339,2026-04-24 22:54:16.358339,22.42069625854492
2026-04-24 22:54:16.558641,2026-04-24 22:54:16.558641,22.397436141967773
2026-04-24 22:54:16.758066,2026-04-24 22:54:16.758066,22.20188331604004
2026-04-24 22:54:16.958889,2026-04-24 22:54:16.958889,22.035663604736328
2026-04-24 22:54:17.160641,2026-04-24 22:54:17.160641,21.894376754760746
2026-04-24 22:54:17.361028,2026-04-24 22:54:17.361028,21.774282455444336
2026-04-24 22:54:17.558749,2026-04-24 22:54:17.558749,21.672203063964844
2026-04-24 22:54:17.760361,2026-04-24 22:54:17.760361,21.585433959960938
2026-04-24 22:54:17.959186,2026-04-24 22:54:17.959186,21.511682510375977
2026-04-24 22:54:18.158268,2026-04-24 22:54:18.158268,21.44899177551269
2026-04-24 22:54:18.358335,2026-04-24 22:54:18.358335,21.39570617675781
2026-04-24 22:54:18.560529,2026-04-24 22:54:18.560529,21.35041236877441
2026-04-24 22:54:18.759218,2026-04-24 22:54:18.759218,21.136131286621094
2026-04-24 22:54:18.959276,2026-04-24 22:54:18.959276,20.95399284362793
2026-04-24 22:54:19.159778,2026-04-24 22:54:19.159778,20.79917526245117
2026-04-24 22:54:19.358146,2026-04-24 22:54:19.358146,20.667579650878903
2026-04-24 22:54:19.558780,2026-04-24 22:54:19.558780,20.55572509765625
2026-04-24 22:54:19.759322,2026-04-24 22:54:19.759322,20.46064758300781
2026-04-24 22:54:19.959225,2026-04-24 22:54:19.959225,20.379831314086918
2026-04-24 22:54:20.159488,2026-04-24 22:54:20.159488,20.31113815307617
2026-04-24 22:54:20.361467,2026-04-24 22:54:20.361467,20.428529739379883
2026-04-24 22:54:20.558047,2026-04-24 22:54:20.558047,20.52831268310547
2026-04-24 22:54:20.760070,2026-04-24 22:54:20.760070,20.43734741210937
2026-04-24 22:54:20.960181,2026-04-24 22:54:20.960181,20.36002540588379
2026-04-24 22:54:21.160818,2026-04-24 22:54:21.160818,20.29430389404297
2026-04-24 22:54:21.359451,2026-04-24 22:54:21.359451,20.238439559936523
2026-04-24 22:54:21.558987,2026-04-24 22:54:21.558987,20.190954208374023
2026-04-24 22:54:21.758902,2026-04-24 22:54:21.758902,20.15059280395508
2026-04-24 22:54:21.958743,2026-04-24 22:54:21.958743,20.11628532409668
2026-04-24 22:54:22.160570,2026-04-24 22:54:22.160570,20.08712387084961
2026-04-24 22:54:22.358667,2026-04-24 22:54:22.358667,20.062335968017575
2026-04-24 22:54:22.559700,2026-04-24 22:54:22.559700,20.04126739501953
2026-04-24 22:54:22.759577,2026-04-24 22:54:22.759577,20.023357391357425
2026-04-24 22:54:22.958803,2026-04-24 22:54:22.958803,20.008134841918945
2026-04-24 22:54:23.159966,2026-04-24 22:54:23.159966,19.995197296142575
2026-04-24 22:54:23.359248,2026-04-24 22:54:23.359248,19.98419761657715
2026-04-24 22:54:23.562059,2026-04-24 22:54:23.562059,19.97484970092773
2026-04-24 22:54:23.762527,2026-04-24 22:54:23.762527,19.96690368652344
2026-04-24 22:54:23.960549,2026-04-24 22:54:23.960549,19.96014976501465
2026-04-24 22:54:24.160907,2026-04-24 22:54:24.160907,19.954408645629883
2026-04-24 22:54:24.360311,2026-04-24 22:54:24.360311,19.94952774047852
2026-04-24 22:54:24.559964,2026-04-24 22:54:24.559964,19.94538116455078
2026-04-24 22:54:24.760168,2026-04-24 22:54:24.760168,19.94185447692871
2026-04-24 22:54:24.960184,2026-04-24 22:54:24.960184,19.93885803222656
2026-04-24 22:54:25.159717,2026-04-24 22:54:25.159717,19.936309814453125
2026-04-24 22:54:25.360575,2026-04-24 22:54:25.360575,19.934144973754883
2026-04-24 22:54:25.559146,2026-04-24 22:54:25.559146,19.93230438232422
2026-04-24 22:54:25.760482,2026-04-24 22:54:25.760482,19.930740356445312
2026-04-24 22:54:25.964070,2026-04-24 22:54:25.964070,19.92941093444824
2026-04-24 22:54:26.159950,2026-04-24 22:54:26.159950,19.928279876708984
2026-04-24 22:54:26.359959,2026-04-24 22:54:26.359959,19.927318572998047
2026-04-24 22:54:26.561031,2026-04-24 22:54:26.561031,19.926502227783203
2026-04-24 22:54:26.759959,2026-04-24 22:54:26.759959,19.92580795288086
2026-04-24 22:54:26.960998,2026-04-24 22:54:26.960998,20.10099983215332
2026-04-24 22:54:40.059397,2026-04-24 22:54:40.059397,20.24991226196289
2026-04-24 22:54:40.258733,2026-04-24 22:54:40.258733,20.552268981933597
2026-04-24 22:54:40.459969,2026-04-24 22:54:40.459969,20.80927276611328
2026-04-24 22:54:40.658856,2026-04-24 22:54:40.658856,21.02772521972656
2026-04-24 22:54:40.858163,2026-04-24 22:54:40.858163,21.389190673828125
2026-04-24 22:54:41.062426,2026-04-24 22:54:41.062426,21.52065658569336
2026-04-24 22:54:41.259456,2026-04-24 22:54:41.259456,21.632402420043945
2026-04-24 22:54:41.458661,2026-04-24 22:54:41.458661,21.727384567260746
2026-04-24 22:54:41.658296,2026-04-24 22:54:41.658296,20.226089477539062
2026-04-24 22:54:41.858967,2026-04-24 22:54:41.858967,20.707801818847656
2026-04-24 22:54:42.059685,2026-04-24 22:54:42.059685,19.35944366455078
2026-04-24 22:54:42.261889,2026-04-24 22:54:42.261889,19.97115135192871
2026-04-24 22:54:42.459055,2026-04-24 22:54:42.459055,20.49110412597656
2026-04-24 22:54:42.660963,2026-04-24 22:54:42.660963,19.17525100708008
2026-04-24 22:54:42.858194,2026-04-24 22:54:42.858194,18.05677604675293
2026-04-24 22:54:43.059678,2026-04-24 22:54:43.059678,17.10607147216797
2026-04-24 22:54:43.261821,2026-04-24 22:54:43.261821,16.2979736328125
2026-04-24 22:54:43.461219,2026-04-24 22:54:43.461219,15.611090660095217
2026-04-24 22:54:43.661918,2026-04-24 22:54:43.661918,15.027238845825195
2026-04-24 22:54:43.859604,2026-04-24 22:54:43.859604,14.530965805053713
2026-04-24 22:54:44.059503,2026-04-24 22:54:44.059503,14.10913372039795
2026-04-24 22:54:44.260007,2026-04-24 22:54:44.260007,13.57479476928711
2026-04-24 22:54:44.459548,2026-04-24 22:54:44.459548,13.120606422424316
2026-04-24 22:54:44.660834,2026-04-24 22:54:44.660834,12.734546661376951
2026-04-24 22:54:44.862697,2026-04-24 22:54:44.862697,12.40639591217041
2026-04-24 22:54:45.060190,2026-04-24 22:54:45.060190,12.12746810913086
2026-04-24 22:54:45.260110,2026-04-24 22:54:45.260110,11.890378952026367
2026-04-24 22:54:45.460904,2026-04-24 22:54:45.460904,11.68885326385498
2026-04-24 22:54:45.660018,2026-04-24 22:54:45.660018,11.51755714416504
2026-04-24 22:54:45.861502,2026-04-24 22:54:45.861502,11.371953964233398
2026-04-24 22:54:46.061981,2026-04-24 22:54:46.061981,11.24819278717041
2026-04-24 22:54:46.259830,2026-04-24 22:54:46.259830,11.14299488067627
2026-04-24 22:54:46.458788,2026-04-24 22:54:46.458788,11.053576469421388
2026-04-24 22:54:46.660845,2026-04-24 22:54:46.660845,10.977571487426758
2026-04-24 22:54:46.859774,2026-04-24 22:54:46.859774,10.91296672821045
2026-04-24 22:54:47.060547,2026-04-24 22:54:47.060547,12.79164695739746
2026-04-24 22:54:47.260407,2026-04-24 22:54:47.260407,14.388525009155272
2026-04-24 22:54:47.462948,2026-04-24 22:54:47.462948,15.745871543884276
2026-04-24 22:54:47.658540,2026-04-24 22:54:47.658540,16.899616241455078
2026-04-24 22:54:47.860025,2026-04-24 22:54:47.860025,17.880298614501953
2026-04-24 22:54:48.059639,2026-04-24 22:54:48.059639,18.7138786315918
2026-04-24 22:54:48.260968,2026-04-24 22:54:48.260968,19.246641159057617
2026-04-24 22:54:48.461354,2026-04-24 22:54:48.461354,19.699487686157227
2026-04-24 22:54:48.661744,2026-04-24 22:54:48.661744,19.908626556396484
2026-04-24 22:54:48.861688,2026-04-24 22:54:48.861688,20.262176513671875
2026-04-24 22:54:49.063896,2026-04-24 22:54:49.063896,20.562694549560547
2026-04-24 22:54:49.258744,2026-04-24 22:54:49.258744,20.818134307861328
2026-04-24 22:54:49.462234,2026-04-24 22:54:49.462234,20.85947608947754
2026-04-24 22:54:49.658783,2026-04-24 22:54:49.658783,20.89461708068848
2026-04-24 22:54:49.858626,2026-04-24 22:54:49.858626,20.748706817626957
2026-04-24 22:54:50.059084,2026-04-24 22:54:50.059084,20.62468147277832
2026-04-24 22:54:50.259619,2026-04-24 22:54:50.259619,20.34347915649414
2026-04-24 22:54:50.465494,2026-04-24 22:54:50.465494,20.10445785522461
2026-04-24 22:54:50.665344,2026-04-24 22:54:50.665344,20.07707023620605
2026-04-24 22:54:50.859027,2026-04-24 22:54:50.859027,20.053791046142575
2026-04-24 22:54:51.058312,2026-04-24 22:54:51.058312,20.03400421142578
2026-04-24 22:54:51.259608,2026-04-24 22:54:51.259608,20.017183303833008
2026-04-24 22:54:51.461637,2026-04-24 22:54:51.461637,20.00288772583008
2026-04-24 22:54:51.659000,2026-04-24 22:54:51.659000,19.99073600769043
2026-04-24 22:54:51.857990,2026-04-24 22:54:51.857990,19.98040580749512
2026-04-24 22:54:52.058575,2026-04-24 22:54:52.058575,19.97162628173828
2026-04-24 22:54:52.264967,2026-04-24 22:54:52.264967,19.96416473388672
2026-04-24 22:54:52.458536,2026-04-24 22:54:52.458536,19.957820892333984
2026-04-24 22:54:52.658936,2026-04-24 22:54:52.658936,19.952428817749023
2026-04-24 22:54:52.858675,2026-04-24 22:54:52.858675,20.12362670898437
2026-04-24 22:54:53.058809,2026-04-24 22:54:53.058809,20.26914596557617
2026-04-24 22:54:53.259066,2026-04-24 22:54:53.259066,20.21705436706543
2026-04-24 22:54:53.457958,2026-04-24 22:54:53.457958,20.17277717590332
2026-04-24 22:54:53.659358,2026-04-24 22:54:53.659358,20.135143280029297
2026-04-24 22:54:53.858950,2026-04-24 22:54:53.858950,20.10315322875977
2026-04-24 22:54:54.058018,2026-04-24 22:54:54.058018,20.07596015930176
2026-04-24 22:54:54.258832,2026-04-24 22:54:54.258832,20.05284881591797
2026-04-24 22:54:54.458772,2026-04-24 22:54:54.458772,20.033201217651367
2026-04-24 22:54:54.657993,2026-04-24 22:54:54.657993,19.840721130371094
2026-04-24 22:54:54.859826,2026-04-24 22:54:54.859826,19.677112579345703
2026-04-24 22:54:55.060059,2026-04-24 22:54:55.060059,19.53804588317871
2026-04-24 22:54:55.258152,2026-04-24 22:54:55.258152,19.41983985900879
2026-04-24 22:54:55.459966,2026-04-24 22:54:55.459966,19.14358139038086
2026-04-24 22:54:55.658812,2026-04-24 22:54:55.658812,18.908763885498047
2026-04-24 22:54:55.858464,2026-04-24 22:54:55.858464,18.70916748046875
2026-04-24 22:54:56.058211,2026-04-24 22:54:56.058211,18.53951072692871
2026-04-24 22:54:56.260721,2026-04-24 22:54:56.260721,18.39530372619629
2026-04-24 22:54:56.465580,2026-04-24 22:54:56.465580,18.27272605895996
2026-04-24 22:54:56.658719,2026-04-24 22:54:56.658719,18.168537139892575
2026-04-24 22:54:56.858416,2026-04-24 22:54:56.858416,18.079975128173828
2026-04-24 22:54:57.060097,2026-04-24 22:54:57.060097,17.828916549682617
2026-04-24 22:54:57.258861,2026-04-24 22:54:57.258861,17.615516662597656
