log_time,publish_time,data
2026-04-22 21:34:44.901994,2026-04-22 21:34:44.901994,12.953614234924316
2026-04-22 21:34:45.103136,2026-04-22 21:34:45.103136,13.47150993347168
2026-04-22 21:34:45.301386,2026-04-22 21:34:45.301386,13.735939979553224
2026-04-22 21:34:45.501986,2026-04-22 21:34:45.501986,13.960704803466797
2026-04-22 21:34:45.703871,2026-04-22 21:34:45.703871,14.151755332946776
2026-04-22 21:34:45.904725,2026-04-22 21:34:45.904725,14.13836669921875
2026-04-22 21:34:46.102588,2026-04-22 21:34:46.102588,14.30276870727539
2026-04-22 21:34:46.302910,2026-04-22 21:34:46.302910,14.442509651184082
2026-04-22 21:34:46.504798,2026-04-22 21:34:46.504798,14.737070083618164
2026-04-22 21:34:46.707305,2026-04-22 21:34:46.707305,14.81166648864746
2026-04-22 21:34:46.903268,2026-04-22 21:34:46.903268,14.875072479248049
2026-04-22 21:34:47.103585,2026-04-22 21:34:47.103585,14.928967475891112
2026-04-22 21:34:47.305940,2026-04-22 21:34:47.305940,14.97477912902832
2026-04-22 21:34:47.501864,2026-04-22 21:34:47.501864,15.013718605041504
2026-04-22 21:34:47.706084,2026-04-22 21:34:47.706084,14.8710355758667
2026-04-22 21:34:47.901705,2026-04-22 21:34:47.901705,14.749754905700684
2026-04-22 21:34:48.101787,2026-04-22 21:34:48.101787,14.646666526794434
2026-04-22 21:34:48.301895,2026-04-22 21:34:48.301895,14.559041976928713
2026-04-22 21:34:48.501878,2026-04-22 21:34:48.501878,14.4845609664917
2026-04-22 21:34:48.701548,2026-04-22 21:34:48.701548,14.42125129699707
2026-04-22 21:34:48.902483,2026-04-22 21:34:48.902483,14.191658020019531
2026-04-22 21:34:49.101831,2026-04-22 21:34:49.101831,13.996502876281738
2026-04-22 21:34:49.301560,2026-04-22 21:34:49.301560,14.006402015686035
2026-04-22 21:34:49.502395,2026-04-22 21:34:49.502395,13.839035987854004
2026-04-22 21:34:49.702376,2026-04-22 21:34:49.702376,13.69677448272705
2026-04-22 21:34:49.902295,2026-04-22 21:34:49.902295,13.575851440429688
2026-04-22 21:34:50.101430,2026-04-22 21:34:50.101430,13.297286033630373
2026-04-22 21:34:50.303019,2026-04-22 21:34:50.303019,13.236287117004396
2026-04-22 21:34:50.501309,2026-04-22 21:34:50.501309,13.18443775177002
2026-04-22 21:34:50.701373,2026-04-22 21:34:50.701373,13.140365600585938
2026-04-22 21:34:50.908414,2026-04-22 21:34:50.908414,13.1029052734375
2026-04-22 21:34:51.102230,2026-04-22 21:34:51.102230,13.071063041687012
2026-04-22 21:34:51.301310,2026-04-22 21:34:51.301310,15.153371810913086
2026-04-22 21:34:51.501364,2026-04-22 21:34:51.501364,14.813960075378418
2026-04-22 21:34:51.703268,2026-04-22 21:34:51.703268,14.525460243225098
2026-04-22 21:34:51.904392,2026-04-22 21:34:51.904392,14.280234336853027
2026-04-22 21:34:52.104303,2026-04-22 21:34:52.104303,14.07179355621338
2026-04-22 21:34:52.301867,2026-04-22 21:34:52.301867,13.718836784362791
2026-04-22 21:34:52.503336,2026-04-22 21:34:52.503336,13.2430419921875
2026-04-22 21:34:52.701962,2026-04-22 21:34:52.701962,13.014398574829102
2026-04-22 21:34:52.903701,2026-04-22 21:34:52.903701,12.820051193237305
2026-04-22 21:34:53.102952,2026-04-22 21:34:53.102952,12.830636978149414
2026-04-22 21:34:53.304882,2026-04-22 21:34:53.304882,12.839635848999023
2026-04-22 21:34:53.501796,2026-04-22 21:34:53.501796,13.023065567016602
2026-04-22 21:34:53.702075,2026-04-22 21:34:53.702075,13.003199577331545
2026-04-22 21:34:53.905361,2026-04-22 21:34:53.905361,12.986312866210938
2026-04-22 21:34:54.101437,2026-04-22 21:34:54.101437,12.796178817749023
2026-04-22 21:34:54.301917,2026-04-22 21:34:54.301917,12.810345649719238
2026-04-22 21:34:54.501994,2026-04-22 21:34:54.501994,12.6466064453125
2026-04-22 21:34:54.702944,2026-04-22 21:34:54.702944,12.683209419250488
2026-04-22 21:34:54.901314,2026-04-22 21:34:54.901314,12.53853988647461
2026-04-22 21:34:55.101431,2026-04-22 21:34:55.101431,12.415571212768556
2026-04-22 21:34:55.302863,2026-04-22 21:34:55.302863,12.31104850769043
2026-04-22 21:34:55.503235,2026-04-22 21:34:55.503235,12.222203254699709
2026-04-22 21:34:55.702325,2026-04-22 21:34:55.702325,12.146685600280762
2026-04-22 21:34:55.901414,2026-04-22 21:34:55.901414,12.08249568939209
2026-04-22 21:34:56.101445,2026-04-22 21:34:56.101445,12.02793312072754
2026-04-22 21:34:56.301944,2026-04-22 21:34:56.301944,11.805774688720703
2026-04-22 21:34:56.501350,2026-04-22 21:34:56.501350,11.616939544677734
2026-04-22 21:34:56.701304,2026-04-22 21:34:56.701304,11.632211685180664
2026-04-22 21:34:56.901971,2026-04-22 21:34:56.901971,11.82097339630127
2026-04-22 21:34:57.102637,2026-04-22 21:34:57.102637,11.98142147064209
2026-04-22 21:34:57.302238,2026-04-22 21:34:57.302238,12.645145416259766
2026-04-22 21:34:57.502143,2026-04-22 21:34:57.502143,13.209311485290527
2026-04-22 21:34:57.702263,2026-04-22 21:34:57.702263,13.864633560180664
2026-04-22 21:34:57.902938,2026-04-22 21:34:57.902938,14.421656608581545
2026-04-22 21:34:58.101348,2026-04-22 21:34:58.101348,14.895127296447754
2026-04-22 21:34:58.304229,2026-04-22 21:34:58.304229,15.297576904296877
2026-04-22 21:34:58.502051,2026-04-22 21:34:58.502051,15.63965892791748
2026-04-22 21:34:58.701406,2026-04-22 21:34:58.701406,15.930428504943848
2026-04-22 21:34:58.901373,2026-04-22 21:34:58.901373,16.353364944458008
2026-04-22 21:34:59.103065,2026-04-22 21:34:59.103065,16.712860107421875
2026-04-22 21:34:59.304302,2026-04-22 21:34:59.304302,17.018430709838867
2026-04-22 21:34:59.501340,2026-04-22 21:34:59.501340,17.278165817260742
2026-04-22 21:34:59.701484,2026-04-22 21:34:59.701484,17.49894142150879
2026-04-22 21:34:59.903386,2026-04-22 21:34:59.903386,17.686599731445312
2026-04-22 21:35:00.103011,2026-04-22 21:35:00.103011,17.84610939025879
2026-04-22 21:35:00.301934,2026-04-22 21:35:00.301934,17.981693267822266
2026-04-22 21:35:00.503025,2026-04-22 21:35:00.503025,18.272720336914062
2026-04-22 21:35:00.701638,2026-04-22 21:35:00.701638,18.52009391784668
2026-04-22 21:35:00.903277,2026-04-22 21:35:00.903277,18.90614318847656
2026-04-22 21:35:01.102705,2026-04-22 21:35:01.102705,19.058502197265625
2026-04-22 21:35:01.304954,2026-04-22 21:35:01.304954,19.188007354736328
2026-04-22 21:35:01.501677,2026-04-22 21:35:01.501677,19.29808807373047
2026-04-22 21:35:01.702485,2026-04-22 21:35:01.702485,19.39165687561035
2026-04-22 21:35:01.905262,2026-04-22 21:35:01.905262,19.471189498901367
2026-04-22 21:35:02.102667,2026-04-22 21:35:02.102667,19.53879165649414
2026-04-22 21:35:02.304999,2026-04-22 21:35:02.304999,19.596254348754883
2026-04-22 21:35:02.502389,2026-04-22 21:35:02.502389,19.645097732543945
2026-04-22 21:35:02.706585,2026-04-22 21:35:02.706585,19.51083374023437
2026-04-22 21:35:02.902155,2026-04-22 21:35:02.902155,19.39670753479004
2026-04-22 21:35:03.101475,2026-04-22 21:35:03.101475,19.475482940673828
2026-04-22 21:35:03.303161,2026-04-22 21:35:03.303161,19.718223571777344
2026-04-22 21:35:03.502184,2026-04-22 21:35:03.502184,19.92455291748047
2026-04-22 21:35:03.704282,2026-04-22 21:35:03.704282,20.099931716918945
2026-04-22 21:35:03.904629,2026-04-22 21:35:03.904629,21.479473114013672
2026-04-22 21:35:04.103695,2026-04-22 21:35:04.103695,21.597396850585938
2026-04-22 21:35:04.303043,2026-04-22 21:35:04.303043,22.752317428588867
2026-04-22 21:35:04.504268,2026-04-22 21:35:04.504268,23.73400115966797
2026-04-22 21:35:04.702874,2026-04-22 21:35:04.702874,24.568431854248047
2026-04-22 21:35:04.902351,2026-04-22 21:35:04.902351,25.277698516845703
2026-04-22 21:35:05.102684,2026-04-22 21:35:05.102684,25.88057518005371
2026-04-22 21:35:05.303748,2026-04-22 21:35:05.303748,25.33833312988281
2026-04-22 21:35:05.502920,2026-04-22 21:35:05.502920,24.877426147460938
2026-04-22 21:35:05.702041,2026-04-22 21:35:05.702041,24.48565673828125
2026-04-22 21:35:05.904024,2026-04-22 21:35:05.904024,24.152650833129883
2026-04-22 21:35:06.103341,2026-04-22 21:35:06.103341,23.869598388671875
2026-04-22 21:35:06.303357,2026-04-22 21:35:06.303357,23.62900161743164
2026-04-22 21:35:06.504863,2026-04-22 21:35:06.504863,23.424495697021484
2026-04-22 21:35:06.703277,2026-04-22 21:35:06.703277,23.07488250732422
2026-04-22 21:35:06.902419,2026-04-22 21:35:06.902419,22.95349502563477
2026-04-22 21:35:07.104841,2026-04-22 21:35:07.104841,22.85031509399414
2026-04-22 21:35:07.305175,2026-04-22 21:35:07.305175,22.76261138916016
2026-04-22 21:35:07.501683,2026-04-22 21:35:07.501683,22.68806266784668
2026-04-22 21:35:20.606299,2026-04-22 21:35:20.606299,22.624696731567383
2026-04-22 21:35:20.801549,2026-04-22 21:35:20.801549,22.570837020874023
2026-04-22 21:35:21.002400,2026-04-22 21:35:21.002400,22.525054931640625
2026-04-22 21:35:21.204103,2026-04-22 21:35:21.204103,22.310359954833984
2026-04-22 21:35:21.402189,2026-04-22 21:35:21.402189,22.12786674499512
2026-04-22 21:35:21.602490,2026-04-22 21:35:21.602490,21.972749710083008
2026-04-22 21:35:21.804756,2026-04-22 21:35:21.804756,21.840900421142575
2026-04-22 21:35:22.002289,2026-04-22 21:35:22.002289,21.90460968017578
2026-04-22 21:35:22.201361,2026-04-22 21:35:22.201361,21.78297996520996
2026-04-22 21:35:22.402351,2026-04-22 21:35:22.402351,21.679595947265625
2026-04-22 21:35:22.603473,2026-04-22 21:35:22.603473,21.59171867370605
2026-04-22 21:35:22.803940,2026-04-22 21:35:22.803940,21.51702308654785
2026-04-22 21:35:23.002949,2026-04-22 21:35:23.002949,21.453533172607425
2026-04-22 21:35:23.201390,2026-04-22 21:35:23.201390,21.575345993041992
2026-04-22 21:35:23.405196,2026-04-22 21:35:23.405196,20.97576332092285
2026-04-22 21:35:23.602327,2026-04-22 21:35:23.602327,21.16924285888672
2026-04-22 21:35:23.803777,2026-04-22 21:35:23.803777,20.80635643005371
2026-04-22 21:35:24.003903,2026-04-22 21:35:24.003903,21.025245666503903
2026-04-22 21:35:24.204046,2026-04-22 21:35:24.204046,21.0355224609375
2026-04-22 21:35:24.403671,2026-04-22 21:35:24.403671,21.22003746032715
2026-04-22 21:35:24.603902,2026-04-22 21:35:24.603902,21.02531242370605
2026-04-22 21:35:24.802796,2026-04-22 21:35:24.802796,20.85979652404785
2026-04-22 21:35:25.002689,2026-04-22 21:35:25.002689,20.71910858154297
2026-04-22 21:35:25.204379,2026-04-22 21:35:25.204379,20.423742294311523
2026-04-22 21:35:25.402282,2026-04-22 21:35:25.402282,20.17268180847168
2026-04-22 21:35:25.604728,2026-04-22 21:35:25.604728,20.135059356689453
2026-04-22 21:35:25.804419,2026-04-22 21:35:25.804419,20.10308265686035
2026-04-22 21:35:26.003125,2026-04-22 21:35:26.003125,20.07590103149414
2026-04-22 21:35:26.203350,2026-04-22 21:35:26.203350,20.052797317504883
2026-04-22 21:35:26.401321,2026-04-22 21:35:26.401321,19.857378005981445
2026-04-22 21:35:26.603436,2026-04-22 21:35:26.603436,19.69127082824707
2026-04-22 21:35:26.803803,2026-04-22 21:35:26.803803,19.72586250305176
2026-04-22 21:35:27.002332,2026-04-22 21:35:27.002332,19.75526428222656
2026-04-22 21:35:27.204908,2026-04-22 21:35:27.204908,19.780256271362305
2026-04-22 21:35:27.404029,2026-04-22 21:35:27.404029,19.801498413085938
2026-04-22 21:35:27.604083,2026-04-22 21:35:27.604083,19.819555282592773
2026-04-22 21:35:27.801706,2026-04-22 21:35:27.801706,19.834903717041016
2026-04-22 21:35:28.002919,2026-04-22 21:35:28.002919,19.84794807434082
2026-04-22 21:35:28.202678,2026-04-22 21:35:28.202678,20.034818649291992
2026-04-22 21:35:28.405589,2026-04-22 21:35:28.405589,20.01787757873535
2026-04-22 21:35:28.601521,2026-04-22 21:35:28.601521,20.003477096557617
2026-04-22 21:35:28.803606,2026-04-22 21:35:28.803606,19.991235733032227
2026-04-22 21:35:29.002118,2026-04-22 21:35:29.002118,19.980833053588867
2026-04-22 21:35:29.201793,2026-04-22 21:35:29.201793,19.97198867797852
2026-04-22 21:35:29.405258,2026-04-22 21:35:29.405258,19.9644718170166
2026-04-22 21:35:29.601513,2026-04-22 21:35:29.601513,19.95808219909668
2026-04-22 21:35:29.803039,2026-04-22 21:35:29.803039,19.952651977539062
2026-04-22 21:35:30.002087,2026-04-22 21:35:30.002087,19.948034286499023
2026-04-22 21:35:30.202420,2026-04-22 21:35:30.202420,19.768329620361328
2026-04-22 21:35:30.403111,2026-04-22 21:35:30.403111,19.79136085510254
2026-04-22 21:35:30.602785,2026-04-22 21:35:30.602785,19.635156631469727
2026-04-22 21:35:30.803922,2026-04-22 21:35:30.803922,19.678165435791016
2026-04-22 21:35:31.002669,2026-04-22 21:35:31.002669,19.7147216796875
2026-04-22 21:35:31.201905,2026-04-22 21:35:31.201905,19.74579429626465
2026-04-22 21:35:31.401414,2026-04-22 21:35:31.401414,19.77220726013184
2026-04-22 21:35:31.602536,2026-04-22 21:35:31.602536,19.79465675354004
2026-04-22 21:35:31.802390,2026-04-22 21:35:31.802390,19.813739776611328
2026-04-22 21:35:32.001931,2026-04-22 21:35:32.001931,19.82995986938477
2026-04-22 21:35:32.202792,2026-04-22 21:35:32.202792,19.84374618530273
2026-04-22 21:35:32.401672,2026-04-22 21:35:32.401672,19.855466842651367
2026-04-22 21:35:32.601827,2026-04-22 21:35:32.601827,19.865427017211918
2026-04-22 21:35:32.801580,2026-04-22 21:35:32.801580,19.8738956451416
2026-04-22 21:35:33.004570,2026-04-22 21:35:33.004570,19.881092071533203
2026-04-22 21:35:33.203428,2026-04-22 21:35:33.203428,19.887208938598636
2026-04-22 21:35:33.401737,2026-04-22 21:35:33.401737,19.89240837097168
2026-04-22 21:35:33.602717,2026-04-22 21:35:33.602717,19.89682960510254
2026-04-22 21:35:33.803974,2026-04-22 21:35:33.803974,19.900585174560547
2026-04-22 21:35:34.001968,2026-04-22 21:35:34.001968,19.903779983520508
2026-04-22 21:35:34.201601,2026-04-22 21:35:34.201601,19.906494140625
2026-04-22 21:35:34.406277,2026-04-22 21:35:34.406277,19.90880012512207
2026-04-22 21:35:34.601838,2026-04-22 21:35:34.601838,19.910762786865234
2026-04-22 21:35:34.803579,2026-04-22 21:35:34.803579,19.912429809570312
2026-04-22 21:35:35.001418,2026-04-22 21:35:35.001418,19.91384506225586
2026-04-22 21:35:35.201687,2026-04-22 21:35:35.201687,19.9150505065918
2026-04-22 21:35:35.401885,2026-04-22 21:35:35.401885,19.916074752807617
2026-04-22 21:35:35.601449,2026-04-22 21:35:35.601449,19.91694450378418
2026-04-22 21:35:35.801859,2026-04-22 21:35:35.801859,19.91768455505371
2026-04-22 21:35:36.001930,2026-04-22 21:35:36.001930,19.918312072753903
2026-04-22 21:35:36.201664,2026-04-22 21:35:36.201664,19.918846130371094
2026-04-22 21:35:36.401957,2026-04-22 21:35:36.401957,19.919300079345703
2026-04-22 21:35:36.601819,2026-04-22 21:35:36.601819,19.919687271118164
2026-04-22 21:35:36.801344,2026-04-22 21:35:36.801344,20.095796585083008
2026-04-22 21:35:37.003588,2026-04-22 21:35:37.003588,20.2454891204834
2026-04-22 21:35:37.202545,2026-04-22 21:35:37.202545,20.37272834777832
2026-04-22 21:35:37.402802,2026-04-22 21:35:37.402802,20.48088264465332
2026-04-22 21:35:37.602107,2026-04-22 21:35:37.602107,20.572811126708984
2026-04-22 21:35:37.804910,2026-04-22 21:35:37.804910,20.82673454284668
2026-04-22 21:35:38.002956,2026-04-22 21:35:38.002956,21.04256820678711
2026-04-22 21:35:38.202553,2026-04-22 21:35:38.202553,20.34712028503418
2026-04-22 21:35:38.403400,2026-04-22 21:35:38.403400,19.75598907470703
2026-04-22 21:35:38.602643,2026-04-22 21:35:38.602643,19.253528594970703
2026-04-22 21:35:38.802555,2026-04-22 21:35:38.802555,18.65065574645996
2026-04-22 21:35:39.002858,2026-04-22 21:35:39.002858,18.138214111328125
2026-04-22 21:35:39.203933,2026-04-22 21:35:39.203933,17.702638626098633
2026-04-22 21:35:39.401700,2026-04-22 21:35:39.401700,17.3323974609375
2026-04-22 21:35:39.603346,2026-04-22 21:35:39.603346,17.0176944732666
2026-04-22 21:35:39.803368,2026-04-22 21:35:39.803368,16.57441520690918
2026-04-22 21:35:40.002222,2026-04-22 21:35:40.002222,16.197628021240234
2026-04-22 21:35:40.204320,2026-04-22 21:35:40.204320,15.877359390258787
2026-04-22 21:35:40.403165,2026-04-22 21:35:40.403165,15.605130195617676
2026-04-22 21:35:40.601781,2026-04-22 21:35:40.601781,15.373735427856444
2026-04-22 21:35:40.801815,2026-04-22 21:35:40.801815,15.001269340515137
2026-04-22 21:35:41.003131,2026-04-22 21:35:41.003131,14.684672355651855
2026-04-22 21:35:41.201540,2026-04-22 21:35:41.201540,14.415565490722656
2026-04-22 21:35:41.403063,2026-04-22 21:35:41.403063,14.186823844909668
2026-04-22 21:35:41.602178,2026-04-22 21:35:41.602178,13.99239444732666
2026-04-22 21:35:41.803098,2026-04-22 21:35:41.803098,13.827129364013672
2026-04-22 21:35:42.001525,2026-04-22 21:35:42.001525,13.686653137207031
2026-04-22 21:35:42.202709,2026-04-22 21:35:42.202709,13.567249298095703
2026-04-22 21:35:42.402601,2026-04-22 21:35:42.402601,15.926692962646484
2026-04-22 21:35:42.603355,2026-04-22 21:35:42.603355,17.932220458984375
2026-04-22 21:35:42.804708,2026-04-22 21:35:42.804708,19.636919021606445
2026-04-22 21:35:43.001563,2026-04-22 21:35:43.001563,21.085912704467773
2026-04-22 21:35:43.202100,2026-04-22 21:35:43.202100,22.317556381225582
2026-04-22 21:35:43.404177,2026-04-22 21:35:43.404177,23.36445426940918
2026-04-22 21:35:43.605357,2026-04-22 21:35:43.605357,24.254318237304688
2026-04-22 21:35:43.802880,2026-04-22 21:35:43.802880,25.01070022583008
2026-04-22 21:35:44.003764,2026-04-22 21:35:44.003764,25.653627395629883
2026-04-22 21:35:44.202190,2026-04-22 21:35:44.202190,26.200115203857425
2026-04-22 21:35:44.407027,2026-04-22 21:35:44.407027,26.664628982543945
2026-04-22 21:35:44.603910,2026-04-22 21:35:44.603910,27.059465408325195
2026-04-22 21:35:44.802412,2026-04-22 21:35:44.802412,27.395076751708984
2026-04-22 21:35:45.003356,2026-04-22 21:35:45.003356,27.680347442626957
2026-04-22 21:35:45.205308,2026-04-22 21:35:45.205308,27.922826766967773
2026-04-22 21:35:45.403038,2026-04-22 21:35:45.403038,28.12893295288086
2026-04-22 21:35:45.603578,2026-04-22 21:35:45.603578,28.30412483215332
2026-04-22 21:35:45.802668,2026-04-22 21:35:45.802668,28.45303726196289
2026-04-22 21:35:58.902893,2026-04-22 21:35:58.902893,28.579612731933597
2026-04-22 21:35:59.101725,2026-04-22 21:35:59.101725,28.68720245361328
2026-04-22 21:35:59.302546,2026-04-22 21:35:59.302546,28.77865219116211
2026-04-22 21:35:59.501975,2026-04-22 21:35:59.501975,28.856386184692383
2026-04-22 21:35:59.701713,2026-04-22 21:35:59.701713,28.922460556030277
2026-04-22 21:35:59.902217,2026-04-22 21:35:59.902217,28.97862243652344
2026-04-22 21:36:00.102278,2026-04-22 21:36:00.102278,29.02635955810547
2026-04-22 21:36:00.302673,2026-04-22 21:36:00.302673,29.06693649291992
2026-04-22 21:36:00.501940,2026-04-22 21:36:00.501940,29.10142707824707
2026-04-22 21:36:00.701397,2026-04-22 21:36:00.701397,29.13074493408203
2026-04-22 21:36:00.903708,2026-04-22 21:36:00.903708,29.155664443969727
2026-04-22 21:36:01.101748,2026-04-22 21:36:01.101748,26.89168930053711
2026-04-22 21:36:01.302709,2026-04-22 21:36:01.302709,24.96731185913086
2026-04-22 21:36:01.503864,2026-04-22 21:36:01.503864,23.331588745117188
2026-04-22 21:36:01.702120,2026-04-22 21:36:01.702120,21.76544570922852
2026-04-22 21:36:01.904419,2026-04-22 21:36:01.904419,20.434221267700195
2026-04-22 21:36:02.109271,2026-04-22 21:36:02.109271,19.478464126586918
2026-04-22 21:36:02.302567,2026-04-22 21:36:02.302567,18.66606903076172
2026-04-22 21:36:02.501770,2026-04-22 21:36:02.501770,17.975534439086914
2026-04-22 21:36:02.704181,2026-04-22 21:36:02.704181,17.388578414916992
2026-04-22 21:36:02.902647,2026-04-22 21:36:02.902647,16.889667510986328
2026-04-22 21:36:03.101605,2026-04-22 21:36:03.101605,16.465591430664062
2026-04-22 21:36:03.303063,2026-04-22 21:36:03.303063,16.105127334594727
2026-04-22 21:36:03.502716,2026-04-22 21:36:03.502716,15.974514961242676
2026-04-22 21:36:03.704617,2026-04-22 21:36:03.704617,15.86349391937256
2026-04-22 21:36:03.903292,2026-04-22 21:36:03.903292,15.593344688415527
2026-04-22 21:36:04.103260,2026-04-22 21:36:04.103260,15.363718032836914
2026-04-22 21:36:04.303041,2026-04-22 21:36:04.303041,15.168535232543944
2026-04-22 21:36:04.502510,2026-04-22 21:36:04.502510,15.002630233764648
2026-04-22 21:36:04.702415,2026-04-22 21:36:04.702415,14.861610412597656
2026-04-22 21:36:04.905175,2026-04-22 21:36:04.905175,14.741744041442873
2026-04-22 21:36:05.103266,2026-04-22 21:36:05.103266,14.639857292175291
2026-04-22 21:36:05.305364,2026-04-22 21:36:05.305364,14.55325412750244
2026-04-22 21:36:05.503525,2026-04-22 21:36:05.503525,14.47964096069336
2026-04-22 21:36:05.702838,2026-04-22 21:36:05.702838,14.417069435119627
2026-04-22 21:36:05.902163,2026-04-22 21:36:05.902163,14.363883972167969
2026-04-22 21:36:06.102920,2026-04-22 21:36:06.102920,14.142895698547363
2026-04-22 21:36:06.303558,2026-04-22 21:36:06.303558,13.955055236816406
2026-04-22 21:36:06.503661,2026-04-22 21:36:06.503661,13.795390129089355
2026-04-22 21:36:06.703870,2026-04-22 21:36:06.703870,13.835456848144531
2026-04-22 21:36:06.901519,2026-04-22 21:36:06.901519,13.869513511657717
2026-04-22 21:36:07.102926,2026-04-22 21:36:07.102926,13.89846134185791
2026-04-22 21:36:07.302788,2026-04-22 21:36:07.302788,13.923067092895508
2026-04-22 21:36:07.502159,2026-04-22 21:36:07.502159,13.943982124328612
2026-04-22 21:36:07.701703,2026-04-22 21:36:07.701703,13.961759567260742
2026-04-22 21:36:07.903383,2026-04-22 21:36:07.903383,13.9768705368042
2026-04-22 21:36:08.101414,2026-04-22 21:36:08.101414,13.989715576171877
2026-04-22 21:36:08.303355,2026-04-22 21:36:08.303355,14.176414489746094
2026-04-22 21:36:08.501646,2026-04-22 21:36:08.501646,14.335107803344728
2026-04-22 21:36:08.701478,2026-04-22 21:36:08.701478,14.469998359680176
2026-04-22 21:36:08.901545,2026-04-22 21:36:08.901545,14.584654808044434
2026-04-22 21:36:09.101596,2026-04-22 21:36:09.101596,14.68211269378662
2026-04-22 21:36:09.301872,2026-04-22 21:36:09.301872,14.764951705932615
2026-04-22 21:36:09.502757,2026-04-22 21:36:09.502757,14.835365295410156
2026-04-22 21:36:09.701587,2026-04-22 21:36:09.701587,14.895216941833496
2026-04-22 21:36:09.902202,2026-04-22 21:36:09.902202,14.946090698242188
2026-04-22 21:36:10.103397,2026-04-22 21:36:10.103397,14.989333152770996
2026-04-22 21:36:10.301482,2026-04-22 21:36:10.301482,15.026089668273926
2026-04-22 21:36:10.502731,2026-04-22 21:36:10.502731,14.881550788879396
2026-04-22 21:36:10.703339,2026-04-22 21:36:10.703339,14.75869369506836
2026-04-22 21:36:10.901917,2026-04-22 21:36:10.901917,14.654264450073242
2026-04-22 21:36:11.102658,2026-04-22 21:36:11.102658,14.565500259399414
2026-04-22 21:36:11.301671,2026-04-22 21:36:11.301671,14.314268112182615
2026-04-22 21:36:11.501616,2026-04-22 21:36:11.501616,14.276503562927246
2026-04-22 21:36:11.702642,2026-04-22 21:36:11.702642,14.244402885437012
2026-04-22 21:36:11.902153,2026-04-22 21:36:11.902153,14.217117309570312
2026-04-22 21:36:12.104342,2026-04-22 21:36:12.104342,14.193924903869627
2026-04-22 21:36:12.302831,2026-04-22 21:36:12.302831,14.174211502075195
2026-04-22 21:36:12.502457,2026-04-22 21:36:12.502457,14.15745449066162
2026-04-22 21:36:12.704776,2026-04-22 21:36:12.704776,13.967430114746094
2026-04-22 21:36:12.901661,2026-04-22 21:36:12.901661,13.805909156799316
2026-04-22 21:36:13.106404,2026-04-22 21:36:13.106404,13.66861629486084
2026-04-22 21:36:13.301516,2026-04-22 21:36:13.301516,13.551918029785156
2026-04-22 21:36:13.501932,2026-04-22 21:36:13.501932,13.452723503112791
2026-04-22 21:36:13.702168,2026-04-22 21:36:13.702168,13.368409156799316
2026-04-22 21:36:13.901998,2026-04-22 21:36:13.901998,13.296741485595703
2026-04-22 21:36:14.104369,2026-04-22 21:36:14.104369,13.23582363128662
2026-04-22 21:36:14.302152,2026-04-22 21:36:14.302152,13.184043884277344
2026-04-22 21:36:14.502603,2026-04-22 21:36:14.502603,13.14003086090088
2026-04-22 21:36:14.704225,2026-04-22 21:36:14.704225,13.102620124816896
2026-04-22 21:36:14.901498,2026-04-22 21:36:14.901498,13.070820808410645
2026-04-22 21:36:15.103934,2026-04-22 21:36:15.103934,12.86801052093506
2026-04-22 21:36:15.302306,2026-04-22 21:36:15.302306,12.871402740478516
2026-04-22 21:36:15.501716,2026-04-22 21:36:15.501716,13.050066947937012
2026-04-22 21:36:15.702369,2026-04-22 21:36:15.702369,13.201931953430176
2026-04-22 21:36:15.903377,2026-04-22 21:36:15.903377,13.33101749420166
2026-04-22 21:36:16.102085,2026-04-22 21:36:16.102085,13.616520881652832
2026-04-22 21:36:16.303301,2026-04-22 21:36:16.303301,13.85919952392578
2026-04-22 21:36:16.501556,2026-04-22 21:36:16.501556,14.065475463867188
2026-04-22 21:36:16.701816,2026-04-22 21:36:16.701816,14.24081039428711
2026-04-22 21:36:16.902231,2026-04-22 21:36:16.902231,14.56562614440918
2026-04-22 21:36:17.102420,2026-04-22 21:36:17.102420,14.841719627380373
2026-04-22 21:36:17.305572,2026-04-22 21:36:17.305572,15.07639980316162
2026-04-22 21:36:17.503391,2026-04-22 21:36:17.503391,15.275876998901367
2026-04-22 21:36:17.702522,2026-04-22 21:36:17.702522,15.445432662963867
2026-04-22 21:36:17.902166,2026-04-22 21:36:17.902166,15.589555740356444
2026-04-22 21:36:18.101686,2026-04-22 21:36:18.101686,15.71205997467041
2026-04-22 21:36:18.301805,2026-04-22 21:36:18.301805,15.991969108581545
2026-04-22 21:36:18.501830,2026-04-22 21:36:18.501830,16.22989273071289
2026-04-22 21:36:18.702161,2026-04-22 21:36:18.702161,16.432126998901367
2026-04-22 21:36:18.903102,2026-04-22 21:36:18.903102,16.604026794433594
2026-04-22 21:36:19.101959,2026-04-22 21:36:19.101959,16.925922393798828
2026-04-22 21:36:19.302297,2026-04-22 21:36:19.302297,17.199535369873047
2026-04-22 21:36:19.501657,2026-04-22 21:36:19.501657,17.432104110717773
2026-04-22 21:36:19.701345,2026-04-22 21:36:19.701345,17.629789352416992
2026-04-22 21:36:19.902318,2026-04-22 21:36:19.902318,17.797821044921875
2026-04-22 21:36:20.102176,2026-04-22 21:36:20.102176,17.94064712524414
2026-04-22 21:36:20.302160,2026-04-22 21:36:20.302160,18.062049865722656
2026-04-22 21:36:20.502747,2026-04-22 21:36:20.502747,18.34102439880371
2026-04-22 21:36:20.703032,2026-04-22 21:36:20.703032,18.40237045288086
2026-04-22 21:36:20.904448,2026-04-22 21:36:20.904448,18.63029670715332
2026-04-22 21:36:21.102192,2026-04-22 21:36:21.102192,18.824033737182617
2026-04-22 21:36:21.304027,2026-04-22 21:36:21.304027,18.98870849609375
2026-04-22 21:36:21.503554,2026-04-22 21:36:21.503554,19.128684997558597
2026-04-22 21:36:21.704086,2026-04-22 21:36:21.704086,19.423444747924805
2026-04-22 21:36:21.904232,2026-04-22 21:36:21.904232,19.67399024963379
2026-04-22 21:36:22.103343,2026-04-22 21:36:22.103343,19.88695335388184
2026-04-22 21:36:22.308905,2026-04-22 21:36:22.308905,20.06797409057617
2026-04-22 21:36:22.501712,2026-04-22 21:36:22.501712,20.22183990478516
2026-04-22 21:36:22.703078,2026-04-22 21:36:22.703078,20.35262680053711
2026-04-22 21:36:22.903445,2026-04-22 21:36:22.903445,20.463794708251957
2026-04-22 21:36:23.103308,2026-04-22 21:36:23.103308,20.55828857421875
2026-04-22 21:36:23.303721,2026-04-22 21:36:23.303721,20.638607025146484
2026-04-22 21:36:23.502262,2026-04-22 21:36:23.502262,20.70687866210937
2026-04-22 21:36:23.703676,2026-04-22 21:36:23.703676,20.76490974426269
2026-04-22 21:36:23.906575,2026-04-22 21:36:23.906575,20.99001693725586
2026-04-22 21:36:24.104380,2026-04-22 21:36:24.104380,21.181358337402344
2026-04-22 21:36:37.202885,2026-04-22 21:36:37.202885,21.343997955322266
2026-04-22 21:36:37.402479,2026-04-22 21:36:37.402479,21.48224258422852
2026-04-22 21:36:37.602294,2026-04-22 21:36:37.602294,21.599748611450195
2026-04-22 21:36:37.801646,2026-04-22 21:36:37.801646,21.699630737304688
2026-04-22 21:36:38.004366,2026-04-22 21:36:38.004366,21.78453063964844
2026-04-22 21:36:38.202279,2026-04-22 21:36:38.202279,22.0324764251709
2026-04-22 21:36:38.401883,2026-04-22 21:36:38.401883,22.24322891235352
2026-04-22 21:36:38.601474,2026-04-22 21:36:38.601474,22.4223690032959
2026-04-22 21:36:38.801578,2026-04-22 21:36:38.801578,22.57464027404785
2026-04-22 21:36:39.001444,2026-04-22 21:36:39.001444,22.70406913757324
2026-04-22 21:36:39.202354,2026-04-22 21:36:39.202354,22.814083099365234
2026-04-22 21:36:39.404255,2026-04-22 21:36:39.404255,22.90759658813477
2026-04-22 21:36:39.601503,2026-04-22 21:36:39.601503,22.98708152770996
2026-04-22 21:36:39.801799,2026-04-22 21:36:39.801799,23.054643630981445
2026-04-22 21:36:40.003982,2026-04-22 21:36:40.003982,23.1120719909668
2026-04-22 21:36:40.202688,2026-04-22 21:36:40.202688,23.160886764526367
2026-04-22 21:36:40.404327,2026-04-22 21:36:40.404327,23.20237922668457
2026-04-22 21:36:40.601343,2026-04-22 21:36:40.601343,23.061864852905277
2026-04-22 21:36:40.801443,2026-04-22 21:36:40.801443,23.118209838867188
2026-04-22 21:36:41.002329,2026-04-22 21:36:41.002329,23.16610336303711
2026-04-22 21:36:41.202692,2026-04-22 21:36:41.202692,23.20681381225586
2026-04-22 21:36:41.402689,2026-04-22 21:36:41.402689,23.241416931152344
2026-04-22 21:36:41.602371,2026-04-22 21:36:41.602371,23.270828247070312
2026-04-22 21:36:41.801788,2026-04-22 21:36:41.801788,23.12004852294922
2026-04-22 21:36:42.003527,2026-04-22 21:36:42.003527,22.991884231567383
2026-04-22 21:36:42.202469,2026-04-22 21:36:42.202469,22.882946014404297
2026-04-22 21:36:42.402774,2026-04-22 21:36:42.402774,22.79034805297852
2026-04-22 21:36:42.602888,2026-04-22 21:36:42.602888,22.711639404296875
2026-04-22 21:36:42.801755,2026-04-22 21:36:42.801755,22.644737243652344
2026-04-22 21:36:43.003564,2026-04-22 21:36:43.003564,22.58786964416504
2026-04-22 21:36:43.202539,2026-04-22 21:36:43.202539,22.539533615112305
2026-04-22 21:36:43.402203,2026-04-22 21:36:43.402203,22.49844741821289
2026-04-22 21:36:43.602345,2026-04-22 21:36:43.602345,22.463523864746094
2026-04-22 21:36:43.803158,2026-04-22 21:36:43.803158,22.433839797973636
2026-04-22 21:36:44.004761,2026-04-22 21:36:44.004761,22.40860748291016
2026-04-22 21:36:44.203740,2026-04-22 21:36:44.203740,22.38715934753418
2026-04-22 21:36:44.403920,2026-04-22 21:36:44.403920,22.54471015930176
2026-04-22 21:36:44.602069,2026-04-22 21:36:44.602069,22.50284767150879
2026-04-22 21:36:44.802006,2026-04-22 21:36:44.802006,22.46726417541504
2026-04-22 21:36:45.002952,2026-04-22 21:36:45.002952,22.43701934814453
2026-04-22 21:36:45.203225,2026-04-22 21:36:45.203225,22.41131019592285
2026-04-22 21:36:45.403568,2026-04-22 21:36:45.403568,22.38945770263672
2026-04-22 21:36:45.604793,2026-04-22 21:36:45.604793,22.37088203430176
2026-04-22 21:36:45.803804,2026-04-22 21:36:45.803804,22.355093002319336
2026-04-22 21:36:46.002128,2026-04-22 21:36:46.002128,22.341672897338867
2026-04-22 21:36:46.201935,2026-04-22 21:36:46.201935,22.330265045166016
2026-04-22 21:36:46.404098,2026-04-22 21:36:46.404098,22.32056999206543
2026-04-22 21:36:46.603161,2026-04-22 21:36:46.603161,22.312328338623047
2026-04-22 21:36:46.803923,2026-04-22 21:36:46.803923,22.305322647094727
2026-04-22 21:36:47.004124,2026-04-22 21:36:47.004124,22.29936790466309
2026-04-22 21:36:47.205030,2026-04-22 21:36:47.205030,22.2943058013916
2026-04-22 21:36:47.401509,2026-04-22 21:36:47.401509,22.29000473022461
2026-04-22 21:36:47.601873,2026-04-22 21:36:47.601873,22.286348342895508
2026-04-22 21:36:47.806072,2026-04-22 21:36:47.806072,22.283239364624023
2026-04-22 21:36:48.003210,2026-04-22 21:36:48.003210,22.280597686767575
2026-04-22 21:36:48.202715,2026-04-22 21:36:48.202715,22.278350830078125
2026-04-22 21:36:48.402936,2026-04-22 21:36:48.402936,22.27644157409668
2026-04-22 21:36:48.602084,2026-04-22 21:36:48.602084,22.27482032775879
2026-04-22 21:36:48.805325,2026-04-22 21:36:48.805325,22.273441314697266
2026-04-22 21:36:49.005919,2026-04-22 21:36:49.005919,22.27226829528809
2026-04-22 21:36:49.201578,2026-04-22 21:36:49.201578,22.095489501953125
2026-04-22 21:36:49.401715,2026-04-22 21:36:49.401715,21.94522857666016
2026-04-22 21:36:49.602324,2026-04-22 21:36:49.602324,21.817506790161133
2026-04-22 21:36:49.801969,2026-04-22 21:36:49.801969,21.70894432067871
2026-04-22 21:36:50.003936,2026-04-22 21:36:50.003936,21.61666488647461
2026-04-22 21:36:50.203733,2026-04-22 21:36:50.203733,21.538227081298828
2026-04-22 21:36:50.402452,2026-04-22 21:36:50.402452,21.471555709838867
2026-04-22 21:36:50.601503,2026-04-22 21:36:50.601503,21.414884567260746
2026-04-22 21:36:50.802108,2026-04-22 21:36:50.802108,21.366714477539062
2026-04-22 21:36:51.002102,2026-04-22 21:36:51.002102,21.32576942443848
2026-04-22 21:36:51.209627,2026-04-22 21:36:51.209627,21.29096794128418
2026-04-22 21:36:51.402766,2026-04-22 21:36:51.402766,21.261384963989254
2026-04-22 21:36:51.605799,2026-04-22 21:36:51.605799,21.236238479614254
2026-04-22 21:36:51.801930,2026-04-22 21:36:51.801930,21.214866638183597
2026-04-22 21:36:52.004640,2026-04-22 21:36:52.004640,21.19669914245605
2026-04-22 21:36:52.201557,2026-04-22 21:36:52.201557,21.18125534057617
2026-04-22 21:36:52.403810,2026-04-22 21:36:52.403810,21.16813087463379
2026-04-22 21:36:52.602133,2026-04-22 21:36:52.602133,21.15697288513184
2026-04-22 21:36:52.802515,2026-04-22 21:36:52.802515,21.14748954772949
2026-04-22 21:36:53.002095,2026-04-22 21:36:53.002095,20.963647842407227
2026-04-22 21:36:53.204642,2026-04-22 21:36:53.204642,20.631601333618164
2026-04-22 21:36:53.401899,2026-04-22 21:36:53.401899,20.3493595123291
2026-04-22 21:36:53.601781,2026-04-22 21:36:53.601781,20.10945701599121
2026-04-22 21:36:53.802607,2026-04-22 21:36:53.802607,19.90553855895996
2026-04-22 21:36:54.001724,2026-04-22 21:36:54.001724,19.73220634460449
2026-04-22 21:36:54.202787,2026-04-22 21:36:54.202787,19.76065826416016
2026-04-22 21:36:54.402489,2026-04-22 21:36:54.402489,19.609058380126957
2026-04-22 21:36:54.601539,2026-04-22 21:36:54.601539,19.480199813842773
2026-04-22 21:36:54.804868,2026-04-22 21:36:54.804868,19.37067031860352
2026-04-22 21:36:55.001772,2026-04-22 21:36:55.001772,19.453350067138672
2026-04-22 21:36:55.205331,2026-04-22 21:36:55.205331,19.523630142211918
2026-04-22 21:36:55.402800,2026-04-22 21:36:55.402800,19.58336639404297
2026-04-22 21:36:55.601954,2026-04-22 21:36:55.601954,19.63414192199707
2026-04-22 21:36:55.803990,2026-04-22 21:36:55.803990,19.677303314208984
2026-04-22 21:36:56.005183,2026-04-22 21:36:56.005183,19.713987350463867
2026-04-22 21:36:56.201342,2026-04-22 21:36:56.201342,19.74517059326172
2026-04-22 21:36:56.402861,2026-04-22 21:36:56.402861,19.771677017211918
2026-04-22 21:36:56.604067,2026-04-22 21:36:56.604067,19.79420661926269
2026-04-22 21:36:56.802951,2026-04-22 21:36:56.802951,19.989137649536133
2026-04-22 21:36:57.005176,2026-04-22 21:36:57.005176,20.154829025268555
2026-04-22 21:36:57.202635,2026-04-22 21:36:57.202635,20.29566764831543
2026-04-22 21:36:57.403990,2026-04-22 21:36:57.403990,18.481786727905277
2026-04-22 21:36:57.601892,2026-04-22 21:36:57.601892,16.939987182617188
2026-04-22 21:36:57.801599,2026-04-22 21:36:57.801599,15.629457473754885
2026-04-22 21:36:58.002101,2026-04-22 21:36:58.002101,14.515507698059082
2026-04-22 21:36:58.202123,2026-04-22 21:36:58.202123,13.568650245666504
2026-04-22 21:36:58.402031,2026-04-22 21:36:58.402031,12.763821601867676
2026-04-22 21:36:58.601897,2026-04-22 21:36:58.601897,12.079717636108398
2026-04-22 21:36:58.806867,2026-04-22 21:36:58.806867,11.498228073120115
2026-04-22 21:36:59.001751,2026-04-22 21:36:59.001751,11.179743766784668
2026-04-22 21:36:59.202273,2026-04-22 21:36:59.202273,10.909032821655272
2026-04-22 21:36:59.401940,2026-04-22 21:36:59.401940,10.678927421569824
2026-04-22 21:36:59.601482,2026-04-22 21:36:59.601482,10.483338356018066
2026-04-22 21:36:59.804490,2026-04-22 21:36:59.804490,10.31708812713623
2026-04-22 21:37:00.001912,2026-04-22 21:37:00.001912,10.175774574279783
2026-04-22 21:37:00.202129,2026-04-22 21:37:00.202129,10.055658340454102
2026-04-22 21:37:00.401626,2026-04-22 21:37:00.401626,9.95355987548828
2026-04-22 21:37:00.601954,2026-04-22 21:37:00.601954,9.866775512695312
2026-04-22 21:37:00.802964,2026-04-22 21:37:00.802964,9.793009757995604
2026-04-22 21:37:01.002189,2026-04-22 21:37:01.002189,9.730307579040527
2026-04-22 21:37:01.205034,2026-04-22 21:37:01.205034,9.677011489868164
2026-04-22 21:37:01.403276,2026-04-22 21:37:01.403276,9.631710052490234
2026-04-22 21:37:01.602275,2026-04-22 21:37:01.602275,9.4174222946167
2026-04-22 21:37:01.802368,2026-04-22 21:37:01.802368,9.23527717590332
2026-04-22 21:37:02.004312,2026-04-22 21:37:02.004312,9.25623607635498
2026-04-22 21:37:02.202054,2026-04-22 21:37:02.202054,9.27405071258545
2026-04-22 21:37:02.403726,2026-04-22 21:37:02.403726,9.289193153381348
2026-04-22 21:37:15.503450,2026-04-22 21:37:15.503450,9.302063941955566
2026-04-22 21:37:15.702987,2026-04-22 21:37:15.702987,9.31300449371338
2026-04-22 21:37:15.901414,2026-04-22 21:37:15.901414,9.322303771972656
2026-04-22 21:37:16.101479,2026-04-22 21:37:16.101479,9.330207824707031
2026-04-22 21:37:16.301993,2026-04-22 21:37:16.301993,9.33692741394043
2026-04-22 21:37:16.501819,2026-04-22 21:37:16.501819,9.34263801574707
2026-04-22 21:37:16.701541,2026-04-22 21:37:16.701541,9.347492218017578
2026-04-22 21:37:16.901636,2026-04-22 21:37:16.901636,9.351618766784668
2026-04-22 21:37:17.101869,2026-04-22 21:37:17.101869,9.530906677246094
2026-04-22 21:37:17.302427,2026-04-22 21:37:17.302427,9.50752067565918
2026-04-22 21:37:17.501631,2026-04-22 21:37:17.501631,9.487642288208008
2026-04-22 21:37:17.701353,2026-04-22 21:37:17.701353,9.646527290344238
2026-04-22 21:37:17.901453,2026-04-22 21:37:17.901453,9.781579971313477
2026-04-22 21:37:18.102068,2026-04-22 21:37:18.102068,9.896373748779297
2026-04-22 21:37:18.302803,2026-04-22 21:37:18.302803,9.993948936462402
2026-04-22 21:37:18.501962,2026-04-22 21:37:18.501962,10.07688808441162
2026-04-22 21:37:18.701608,2026-04-22 21:37:18.701608,9.971604347229004
2026-04-22 21:37:18.901407,2026-04-22 21:37:18.901407,9.88211441040039
2026-04-22 21:37:19.102438,2026-04-22 21:37:19.102438,9.981828689575195
2026-04-22 21:37:19.301566,2026-04-22 21:37:19.301566,9.890804290771484
2026-04-22 21:37:19.502130,2026-04-22 21:37:19.502130,9.989214897155762
2026-04-22 21:37:19.703025,2026-04-22 21:37:19.703025,10.072863578796388
2026-04-22 21:37:19.903290,2026-04-22 21:37:19.903290,10.143965721130373
2026-04-22 21:37:20.102624,2026-04-22 21:37:20.102624,10.204401969909668
2026-04-22 21:37:20.302716,2026-04-22 21:37:20.302716,10.431553840637209
2026-04-22 21:37:20.503486,2026-04-22 21:37:20.503486,10.6246337890625
2026-04-22 21:37:20.702267,2026-04-22 21:37:20.702267,10.964531898498535
2026-04-22 21:37:20.901896,2026-04-22 21:37:20.901896,11.077665328979492
2026-04-22 21:37:21.102729,2026-04-22 21:37:21.102729,11.173827171325684
2026-04-22 21:37:21.301771,2026-04-22 21:37:21.301771,11.431346893310549
2026-04-22 21:37:21.502508,2026-04-22 21:37:21.502508,11.474457740783691
2026-04-22 21:37:21.702499,2026-04-22 21:37:21.702499,11.511101722717283
2026-04-22 21:37:21.902910,2026-04-22 21:37:21.902910,11.542248725891112
2026-04-22 21:37:22.101847,2026-04-22 21:37:22.101847,11.568723678588867
2026-04-22 21:37:22.303501,2026-04-22 21:37:22.303501,11.591227531433104
2026-04-22 21:37:22.501448,2026-04-22 21:37:22.501448,11.610356330871582
2026-04-22 21:37:22.702279,2026-04-22 21:37:22.702279,11.450834274291992
2026-04-22 21:37:22.901600,2026-04-22 21:37:22.901600,11.491021156311035
2026-04-22 21:37:23.102442,2026-04-22 21:37:23.102442,11.34939956665039
2026-04-22 21:37:23.302590,2026-04-22 21:37:23.302590,11.229021072387695
2026-04-22 21:37:23.503482,2026-04-22 21:37:23.503482,11.12669849395752
2026-04-22 21:37:23.701791,2026-04-22 21:37:23.701791,11.039725303649902
2026-04-22 21:37:23.902683,2026-04-22 21:37:23.902683,10.965797424316406
2026-04-22 21:37:24.103254,2026-04-22 21:37:24.103254,10.902959823608398
2026-04-22 21:37:24.302116,2026-04-22 21:37:24.302116,10.849546432495115
2026-04-22 21:37:24.503386,2026-04-22 21:37:24.503386,10.80414581298828
2026-04-22 21:37:24.702512,2026-04-22 21:37:24.702512,12.347586631774902
2026-04-22 21:37:24.902918,2026-04-22 21:37:24.902918,12.077479362487791
2026-04-22 21:37:25.103541,2026-04-22 21:37:25.103541,13.605701446533203
2026-04-22 21:37:25.304595,2026-04-22 21:37:25.304595,14.90468978881836
2026-04-22 21:37:25.503641,2026-04-22 21:37:25.503641,16.184612274169922
2026-04-22 21:37:25.703112,2026-04-22 21:37:25.703112,17.272544860839844
2026-04-22 21:37:25.904842,2026-04-22 21:37:25.904842,18.197288513183597
2026-04-22 21:37:26.102203,2026-04-22 21:37:26.102203,18.98332023620605
2026-04-22 21:37:26.302983,2026-04-22 21:37:26.302983,19.651447296142575
2026-04-22 21:37:26.503980,2026-04-22 21:37:26.503980,20.2193546295166
2026-04-22 21:37:26.701610,2026-04-22 21:37:26.701610,20.877857208251957
2026-04-22 21:37:26.902753,2026-04-22 21:37:26.902753,21.26180458068848
2026-04-22 21:37:27.101478,2026-04-22 21:37:27.101478,21.588157653808597
2026-04-22 21:37:27.302186,2026-04-22 21:37:27.302186,21.86556053161621
2026-04-22 21:37:27.504710,2026-04-22 21:37:27.504710,22.10135078430176
2026-04-22 21:37:27.706130,2026-04-22 21:37:27.706130,22.301773071289062
2026-04-22 21:37:27.902780,2026-04-22 21:37:27.902780,22.472131729125977
2026-04-22 21:37:28.104869,2026-04-22 21:37:28.104869,22.6169376373291
2026-04-22 21:37:28.301394,2026-04-22 21:37:28.301394,22.74002265930176
2026-04-22 21:37:28.503516,2026-04-22 21:37:28.503516,22.84464263916016
2026-04-22 21:37:28.702314,2026-04-22 21:37:28.702314,22.93357276916504
2026-04-22 21:37:28.901980,2026-04-22 21:37:28.901980,23.0091609954834
2026-04-22 21:37:29.102461,2026-04-22 21:37:29.102461,23.07341194152832
2026-04-22 21:37:29.301621,2026-04-22 21:37:29.301621,23.12802505493164
2026-04-22 21:37:29.504196,2026-04-22 21:37:29.504196,23.17444610595703
2026-04-22 21:37:29.701828,2026-04-22 21:37:29.701828,23.213905334472656
2026-04-22 21:37:29.902932,2026-04-22 21:37:29.902932,23.24744415283203
2026-04-22 21:37:30.106474,2026-04-22 21:37:30.106474,23.275951385498047
2026-04-22 21:37:30.303502,2026-04-22 21:37:30.303502,23.30018424987793
2026-04-22 21:37:30.502148,2026-04-22 21:37:30.502148,23.320781707763672
2026-04-22 21:37:30.701928,2026-04-22 21:37:30.701928,23.514070510864254
2026-04-22 21:37:30.902620,2026-04-22 21:37:30.902620,23.50258445739746
2026-04-22 21:37:31.101858,2026-04-22 21:37:31.101858,23.492822647094727
2026-04-22 21:37:31.302267,2026-04-22 21:37:31.302267,23.48452377319336
2026-04-22 21:37:31.502860,2026-04-22 21:37:31.502860,23.47747039794922
2026-04-22 21:37:31.702088,2026-04-22 21:37:31.702088,23.64725685119629
2026-04-22 21:37:31.902392,2026-04-22 21:37:31.902392,23.79157447814941
2026-04-22 21:37:32.102197,2026-04-22 21:37:32.102197,23.91424369812012
2026-04-22 21:37:32.301507,2026-04-22 21:37:32.301507,24.01851463317871
2026-04-22 21:37:32.502156,2026-04-22 21:37:32.502156,24.10714340209961
2026-04-22 21:37:32.702122,2026-04-22 21:37:32.702122,24.182477951049805
2026-04-22 21:37:32.901544,2026-04-22 21:37:32.901544,24.246511459350582
2026-04-22 21:37:33.101374,2026-04-22 21:37:33.101374,24.30094146728516
2026-04-22 21:37:33.301867,2026-04-22 21:37:33.301867,24.347206115722656
2026-04-22 21:37:33.502123,2026-04-22 21:37:33.502123,24.210750579833984
2026-04-22 21:37:33.701842,2026-04-22 21:37:33.701842,24.094762802124023
2026-04-22 21:37:33.903100,2026-04-22 21:37:33.903100,24.171955108642575
2026-04-22 21:37:34.101922,2026-04-22 21:37:34.101922,24.237567901611328
2026-04-22 21:37:34.302033,2026-04-22 21:37:34.302033,24.29333877563477
2026-04-22 21:37:34.501971,2026-04-22 21:37:34.501971,24.340744018554688
2026-04-22 21:37:34.702351,2026-04-22 21:37:34.702351,24.381038665771484
2026-04-22 21:37:34.901332,2026-04-22 21:37:34.901332,24.4152889251709
2026-04-22 21:37:35.104502,2026-04-22 21:37:35.104502,24.44440269470215
2026-04-22 21:37:35.303526,2026-04-22 21:37:35.303526,24.469148635864254
2026-04-22 21:37:35.504356,2026-04-22 21:37:35.504356,24.490182876586918
2026-04-22 21:37:35.702130,2026-04-22 21:37:35.702130,24.508060455322266
2026-04-22 21:37:35.901505,2026-04-22 21:37:35.901505,24.52325820922852
2026-04-22 21:37:36.102003,2026-04-22 21:37:36.102003,24.53617477416992
2026-04-22 21:37:36.302385,2026-04-22 21:37:36.302385,24.547155380249023
2026-04-22 21:37:36.502043,2026-04-22 21:37:36.502043,24.55648803710937
2026-04-22 21:37:36.701993,2026-04-22 21:37:36.701993,24.56442070007324
2026-04-22 21:37:36.901351,2026-04-22 21:37:36.901351,24.746946334838867
2026-04-22 21:37:37.102824,2026-04-22 21:37:37.102824,24.72631072998047
2026-04-22 21:37:37.301497,2026-04-22 21:37:37.301497,24.884552001953125
2026-04-22 21:37:37.502177,2026-04-22 21:37:37.502177,25.01905632019043
2026-04-22 21:37:37.701510,2026-04-22 21:37:37.701510,25.133384704589844
2026-04-22 21:37:37.901361,2026-04-22 21:37:37.901361,25.23056411743164
2026-04-22 21:37:38.101739,2026-04-22 21:37:38.101739,25.313167572021484
2026-04-22 21:37:38.302404,2026-04-22 21:37:38.302404,25.383380889892575
2026-04-22 21:37:38.501617,2026-04-22 21:37:38.501617,25.44305992126465
2026-04-22 21:37:38.701448,2026-04-22 21:37:38.701448,25.49378967285156
2026-04-22 21:37:38.902365,2026-04-22 21:37:38.902365,25.36112594604492
2026-04-22 21:37:39.102082,2026-04-22 21:37:39.102082,25.248363494873047
2026-04-22 21:37:39.302707,2026-04-22 21:37:39.302707,25.152515411376957
2026-04-22 21:37:39.501475,2026-04-22 21:37:39.501475,25.071044921875
2026-04-22 21:37:39.701388,2026-04-22 21:37:39.701388,25.17757606506348
2026-04-22 21:37:39.902202,2026-04-22 21:37:39.902202,25.09234619140625
2026-04-22 21:37:40.101911,2026-04-22 21:37:40.101911,25.019899368286133
2026-04-22 21:37:40.301727,2026-04-22 21:37:40.301727,24.95832061767578
2026-04-22 21:37:40.502874,2026-04-22 21:37:40.502874,24.90597915649414
2026-04-22 21:37:40.702132,2026-04-22 21:37:40.702132,24.86148834228516
2026-04-22 21:37:53.801898,2026-04-22 21:37:53.801898,24.823671340942383
2026-04-22 21:37:54.002440,2026-04-22 21:37:54.002440,24.791526794433597
2026-04-22 21:37:54.201925,2026-04-22 21:37:54.201925,24.764204025268555
2026-04-22 21:37:54.404844,2026-04-22 21:37:54.404844,24.74098014831543
2026-04-22 21:37:54.602399,2026-04-22 21:37:54.602399,24.72123908996582
2026-04-22 21:37:54.802751,2026-04-22 21:37:54.802751,24.70446014404297
2026-04-22 21:37:55.001560,2026-04-22 21:37:55.001560,24.6901969909668
2026-04-22 21:37:55.201297,2026-04-22 21:37:55.201297,24.67807388305664
2026-04-22 21:37:55.403146,2026-04-22 21:37:55.403146,24.667768478393555
2026-04-22 21:37:55.601819,2026-04-22 21:37:55.601819,24.65900993347168
2026-04-22 21:37:55.802654,2026-04-22 21:37:55.802654,24.65156364440918
2026-04-22 21:37:56.002273,2026-04-22 21:37:56.002273,24.64523696899414
2026-04-22 21:37:56.201274,2026-04-22 21:37:56.201274,24.639856338500977
2026-04-22 21:37:56.401563,2026-04-22 21:37:56.401563,24.635284423828125
2026-04-22 21:37:56.601290,2026-04-22 21:37:56.601290,24.631397247314453
2026-04-22 21:37:56.801358,2026-04-22 21:37:56.801358,24.62809562683105
2026-04-22 21:37:57.001326,2026-04-22 21:37:57.001326,24.62528610229492
2026-04-22 21:37:57.202183,2026-04-22 21:37:57.202183,24.622900009155277
2026-04-22 21:37:57.412769,2026-04-22 21:37:57.412769,24.62087059020996
2026-04-22 21:37:57.601810,2026-04-22 21:37:57.601810,24.6191463470459
2026-04-22 21:37:57.801454,2026-04-22 21:37:57.801454,24.6176815032959
2026-04-22 21:37:58.001301,2026-04-22 21:37:58.001301,24.616436004638672
2026-04-22 21:37:58.201318,2026-04-22 21:37:58.201318,24.615375518798828
2026-04-22 21:37:58.401289,2026-04-22 21:37:58.401289,24.43869400024414
2026-04-22 21:37:58.602181,2026-04-22 21:37:58.602181,24.288515090942383
2026-04-22 21:37:58.802643,2026-04-22 21:37:58.802643,24.160863876342773
2026-04-22 21:37:59.011714,2026-04-22 21:37:59.011714,23.876577377319336
2026-04-22 21:37:59.202029,2026-04-22 21:37:59.202029,23.63493537902832
2026-04-22 21:37:59.402547,2026-04-22 21:37:59.402547,23.60531997680664
2026-04-22 21:37:59.601985,2026-04-22 21:37:59.601985,23.58014678955078
2026-04-22 21:37:59.801472,2026-04-22 21:37:59.801472,23.55875015258789
2026-04-22 21:38:00.001375,2026-04-22 21:38:00.001375,23.54056167602539
2026-04-22 21:38:00.201344,2026-04-22 21:38:00.201344,23.349321365356445
2026-04-22 21:38:00.401305,2026-04-22 21:38:00.401305,23.362548828125
2026-04-22 21:38:00.601348,2026-04-22 21:38:00.601348,23.1980094909668
2026-04-22 21:38:00.801310,2026-04-22 21:38:00.801310,23.233932495117188
2026-04-22 21:38:01.001332,2026-04-22 21:38:01.001332,23.26446914672852
2026-04-22 21:38:01.201319,2026-04-22 21:38:01.201319,23.290422439575195
2026-04-22 21:38:01.401245,2026-04-22 21:38:01.401245,23.312484741210938
2026-04-22 21:38:01.601529,2026-04-22 21:38:01.601529,23.33123779296875
2026-04-22 21:38:01.801454,2026-04-22 21:38:01.801454,23.34717559814453
2026-04-22 21:38:02.002332,2026-04-22 21:38:02.002332,23.36072540283203
2026-04-22 21:38:02.204732,2026-04-22 21:38:02.204732,23.372241973876957
2026-04-22 21:38:02.402219,2026-04-22 21:38:02.402219,23.557811737060547
2026-04-22 21:38:02.601680,2026-04-22 21:38:02.601680,23.715545654296875
2026-04-22 21:38:02.801656,2026-04-22 21:38:02.801656,23.8496208190918
2026-04-22 21:38:03.003339,2026-04-22 21:38:03.003339,23.96358299255371
2026-04-22 21:38:03.201362,2026-04-22 21:38:03.201362,24.06045150756836
2026-04-22 21:38:03.403269,2026-04-22 21:38:03.403269,24.14278984069824
2026-04-22 21:38:03.603133,2026-04-22 21:38:03.603133,24.212778091430664
2026-04-22 21:38:03.805033,2026-04-22 21:38:03.805033,24.27226829528809
2026-04-22 21:38:04.001869,2026-04-22 21:38:04.001869,24.322834014892575
2026-04-22 21:38:04.211882,2026-04-22 21:38:04.211882,24.36581420898437
2026-04-22 21:38:04.402877,2026-04-22 21:38:04.402877,24.5781307220459
2026-04-22 21:38:04.602400,2026-04-22 21:38:04.602400,24.75859832763672
2026-04-22 21:38:04.803519,2026-04-22 21:38:04.803519,24.911996841430664
2026-04-22 21:38:05.002785,2026-04-22 21:38:05.002785,25.042383193969727
2026-04-22 21:38:05.201456,2026-04-22 21:38:05.201456,25.15321350097656
2026-04-22 21:38:05.402018,2026-04-22 21:38:05.402018,25.247419357299805
2026-04-22 21:38:05.603690,2026-04-22 21:38:05.603690,25.32749366760254
2026-04-22 21:38:05.802761,2026-04-22 21:38:05.802761,25.395557403564453
2026-04-22 21:38:06.001359,2026-04-22 21:38:06.001359,25.45341110229492
2026-04-22 21:38:06.201665,2026-04-22 21:38:06.201665,25.502586364746094
2026-04-22 21:38:06.404408,2026-04-22 21:38:06.404408,25.54438591003418
2026-04-22 21:38:06.601751,2026-04-22 21:38:06.601751,25.57991600036621
2026-04-22 21:38:06.804667,2026-04-22 21:38:06.804667,25.610116958618164
2026-04-22 21:38:07.013319,2026-04-22 21:38:07.013319,25.635786056518555
2026-04-22 21:38:07.203487,2026-04-22 21:38:07.203487,25.65760612487793
2026-04-22 21:38:07.403797,2026-04-22 21:38:07.403797,25.6761531829834
2026-04-22 21:38:07.611949,2026-04-22 21:38:07.611949,25.691917419433597
2026-04-22 21:38:07.803313,2026-04-22 21:38:07.803313,25.7053165435791
2026-04-22 21:38:08.003710,2026-04-22 21:38:08.003710,25.716707229614254
2026-04-22 21:38:08.211825,2026-04-22 21:38:08.211825,25.72638893127441
2026-04-22 21:38:08.404039,2026-04-22 21:38:08.404039,25.734617233276367
2026-04-22 21:38:08.613178,2026-04-22 21:38:08.613178,25.741613388061523
2026-04-22 21:38:08.811957,2026-04-22 21:38:08.811957,25.92333984375
2026-04-22 21:38:09.011691,2026-04-22 21:38:09.011691,25.90202522277832
2026-04-22 21:38:09.212050,2026-04-22 21:38:09.212050,26.059690475463867
2026-04-22 21:38:09.412423,2026-04-22 21:38:09.412423,26.01792526245117
2026-04-22 21:38:09.612122,2026-04-22 21:38:09.612122,25.982423782348636
2026-04-22 21:38:09.807038,2026-04-22 21:38:09.807038,25.952247619628903
2026-04-22 21:38:10.011367,2026-04-22 21:38:10.011367,26.102378845214844
2026-04-22 21:38:10.212261,2026-04-22 21:38:10.212261,26.2299919128418
2026-04-22 21:38:10.411434,2026-04-22 21:38:10.411434,26.33846092224121
2026-04-22 21:38:10.611338,2026-04-22 21:38:10.611338,26.43066024780273
2026-04-22 21:38:10.808412,2026-04-22 21:38:10.808412,26.33324813842773
2026-04-22 21:38:11.012742,2026-04-22 21:38:11.012742,26.074668884277344
2026-04-22 21:38:11.213130,2026-04-22 21:38:11.213130,25.67909240722656
2026-04-22 21:38:11.412291,2026-04-22 21:38:11.412291,25.518634796142575
2026-04-22 21:38:11.601339,2026-04-22 21:38:11.601339,25.38224601745605
2026-04-22 21:38:11.801813,2026-04-22 21:38:11.801813,25.09053421020508
2026-04-22 21:38:12.001925,2026-04-22 21:38:12.001925,24.666797637939453
2026-04-22 21:38:12.201856,2026-04-22 21:38:12.201856,23.076152801513672
2026-04-22 21:38:12.404073,2026-04-22 21:38:12.404073,22.603012084960938
2026-04-22 21:38:12.604854,2026-04-22 21:38:12.604854,22.02505874633789
2026-04-22 21:38:12.812018,2026-04-22 21:38:12.812018,21.53380012512207
2026-04-22 21:38:13.002598,2026-04-22 21:38:13.002598,21.292011260986328
2026-04-22 21:38:13.212589,2026-04-22 21:38:13.212589,20.73492813110352
2026-04-22 21:38:13.411541,2026-04-22 21:38:13.411541,19.90984535217285
2026-04-22 21:38:13.602287,2026-04-22 21:38:13.602287,19.38430595397949
2026-04-22 21:38:13.812469,2026-04-22 21:38:13.812469,18.586034774780277
2026-04-22 21:38:14.011775,2026-04-22 21:38:14.011775,17.55594253540039
2026-04-22 21:38:14.212023,2026-04-22 21:38:14.212023,17.03192710876465
2026-04-22 21:38:14.402542,2026-04-22 21:38:14.402542,16.059167861938477
2026-04-22 21:38:14.614896,2026-04-22 21:38:14.614896,15.056543350219728
2026-04-22 21:38:14.812506,2026-04-22 21:38:14.812506,14.20431137084961
2026-04-22 21:38:15.009542,2026-04-22 21:38:15.009542,13.479914665222168
2026-04-22 21:38:15.202564,2026-04-22 21:38:15.202564,12.864177703857422
2026-04-22 21:38:15.412351,2026-04-22 21:38:15.412351,12.340801239013672
2026-04-22 21:38:15.601995,2026-04-22 21:38:15.601995,11.895931243896484
2026-04-22 21:38:15.801529,2026-04-22 21:38:15.801529,11.517791748046877
2026-04-22 21:38:16.003376,2026-04-22 21:38:16.003376,11.196372985839844
2026-04-22 21:38:16.213591,2026-04-22 21:38:16.213591,10.923166275024414
2026-04-22 21:38:16.415349,2026-04-22 21:38:16.415349,10.69094181060791
2026-04-22 21:38:16.613240,2026-04-22 21:38:16.613240,10.493550300598145
2026-04-22 21:38:16.811974,2026-04-22 21:38:16.811974,10.325767517089844
2026-04-22 21:38:17.013226,2026-04-22 21:38:17.013226,10.18315315246582
2026-04-22 21:38:17.213646,2026-04-22 21:38:17.213646,10.061929702758787
2026-04-22 21:38:17.411474,2026-04-22 21:38:17.411474,9.958889961242676
2026-04-22 21:38:17.601403,2026-04-22 21:38:17.601403,9.87130641937256
2026-04-22 21:38:17.801417,2026-04-22 21:38:17.801417,9.796860694885254
2026-04-22 21:38:18.014719,2026-04-22 21:38:18.014719,9.73358154296875
2026-04-22 21:38:18.212844,2026-04-22 21:38:18.212844,9.679794311523438
2026-04-22 21:38:18.412998,2026-04-22 21:38:18.412998,9.634075164794922
2026-04-22 21:38:18.602412,2026-04-22 21:38:18.602412,9.595213890075684
2026-04-22 21:38:18.811555,2026-04-22 21:38:18.811555,9.56218147277832
2026-04-22 21:38:19.002168,2026-04-22 21:38:19.002168,9.534104347229004
2026-04-22 21:38:32.112678,2026-04-22 21:38:32.112678,9.510238647460938
2026-04-22 21:38:32.312817,2026-04-22 21:38:32.312817,9.48995304107666
2026-04-22 21:38:32.511570,2026-04-22 21:38:32.511570,9.47270965576172
2026-04-22 21:38:32.712374,2026-04-22 21:38:32.712374,9.458053588867188
2026-04-22 21:38:32.901971,2026-04-22 21:38:32.901971,9.445595741271973
2026-04-22 21:38:33.112173,2026-04-22 21:38:33.112173,9.435006141662598
2026-04-22 21:38:33.311543,2026-04-22 21:38:33.311543,9.426005363464355
2026-04-22 21:38:33.512510,2026-04-22 21:38:33.512510,9.418354034423828
2026-04-22 21:38:33.711488,2026-04-22 21:38:33.711488,9.411850929260254
2026-04-22 21:38:33.911934,2026-04-22 21:38:33.911934,9.406323432922363
2026-04-22 21:38:34.111796,2026-04-22 21:38:34.111796,9.57740592956543
2026-04-22 21:38:34.312883,2026-04-22 21:38:34.312883,9.722826957702637
2026-04-22 21:38:34.512145,2026-04-22 21:38:34.512145,9.846433639526367
2026-04-22 21:38:34.713116,2026-04-22 21:38:34.713116,9.951499938964844
2026-04-22 21:38:34.912580,2026-04-22 21:38:34.912580,10.04080581665039
2026-04-22 21:38:35.111744,2026-04-22 21:38:35.111744,10.116716384887695
2026-04-22 21:38:35.312347,2026-04-22 21:38:35.312347,10.18124008178711
2026-04-22 21:38:35.512691,2026-04-22 21:38:35.512691,10.236085891723633
2026-04-22 21:38:35.714376,2026-04-22 21:38:35.714376,10.45848560333252
2026-04-22 21:38:35.914183,2026-04-22 21:38:35.914183,10.6475248336792
2026-04-22 21:38:36.111647,2026-04-22 21:38:36.111647,10.808208465576172
2026-04-22 21:38:36.312750,2026-04-22 21:38:36.312750,10.94478988647461
2026-04-22 21:38:36.513004,2026-04-22 21:38:36.513004,11.060883522033691
2026-04-22 21:38:36.701499,2026-04-22 21:38:36.701499,11.159564018249512
2026-04-22 21:38:36.913895,2026-04-22 21:38:36.913895,11.243441581726074
2026-04-22 21:38:37.101601,2026-04-22 21:38:37.101601,11.314738273620604
2026-04-22 21:38:37.314159,2026-04-22 21:38:37.314159,11.37533950805664
2026-04-22 21:38:37.501873,2026-04-22 21:38:37.501873,11.426851272583008
2026-04-22 21:38:37.714190,2026-04-22 21:38:37.714190,11.470636367797852
2026-04-22 21:38:37.902534,2026-04-22 21:38:37.902534,11.507853507995604
2026-04-22 21:38:38.113895,2026-04-22 21:38:38.113895,11.539487838745115
2026-04-22 21:38:38.313687,2026-04-22 21:38:38.313687,11.566376686096191
2026-04-22 21:38:38.512504,2026-04-22 21:38:38.512504,11.5892333984375
2026-04-22 21:38:38.712074,2026-04-22 21:38:38.712074,11.784441947937012
2026-04-22 21:38:38.913347,2026-04-22 21:38:38.913347,11.774587631225586
2026-04-22 21:38:39.112507,2026-04-22 21:38:39.112507,11.941993713378906
2026-04-22 21:38:39.311929,2026-04-22 21:38:39.311929,12.084288597106934
2026-04-22 21:38:39.513632,2026-04-22 21:38:39.513632,12.205238342285156
2026-04-22 21:38:39.713249,2026-04-22 21:38:39.713249,12.308046340942385
2026-04-22 21:38:39.912804,2026-04-22 21:38:39.912804,12.39543342590332
2026-04-22 21:38:40.113245,2026-04-22 21:38:40.113245,12.469712257385254
2026-04-22 21:38:40.301830,2026-04-22 21:38:40.301830,12.532849311828612
2026-04-22 21:38:40.512530,2026-04-22 21:38:40.512530,12.586515426635742
2026-04-22 21:38:40.711540,2026-04-22 21:38:40.711540,12.632131576538086
2026-04-22 21:38:40.915139,2026-04-22 21:38:40.915139,12.846687316894531
2026-04-22 21:38:41.112074,2026-04-22 21:38:41.112074,13.029059410095217
2026-04-22 21:38:41.312224,2026-04-22 21:38:41.312224,13.184075355529783
2026-04-22 21:38:41.511595,2026-04-22 21:38:41.511595,13.315838813781738
2026-04-22 21:38:41.713189,2026-04-22 21:38:41.713189,13.427838325500488
2026-04-22 21:38:41.911496,2026-04-22 21:38:41.911496,13.34725570678711
2026-04-22 21:38:42.114957,2026-04-22 21:38:42.114957,13.278761863708496
2026-04-22 21:38:42.312216,2026-04-22 21:38:42.312216,13.220541000366213
2026-04-22 21:38:42.511713,2026-04-22 21:38:42.511713,13.171053886413574
2026-04-22 21:38:42.713667,2026-04-22 21:38:42.713667,13.128989219665527
2026-04-22 21:38:42.912170,2026-04-22 21:38:42.912170,13.09323501586914
2026-04-22 21:38:43.114183,2026-04-22 21:38:43.114183,13.062843322753906
2026-04-22 21:38:43.311511,2026-04-22 21:38:43.311511,13.037010192871094
2026-04-22 21:38:43.512324,2026-04-22 21:38:43.512324,13.015052795410156
2026-04-22 21:38:43.711763,2026-04-22 21:38:43.711763,12.99638843536377
2026-04-22 21:38:43.912165,2026-04-22 21:38:43.912165,12.980524063110352
2026-04-22 21:38:44.111415,2026-04-22 21:38:44.111415,12.791257858276367
2026-04-22 21:38:44.312202,2026-04-22 21:38:44.312202,12.80616283416748
2026-04-22 21:38:44.512066,2026-04-22 21:38:44.512066,12.643051147460938
2026-04-22 21:38:44.711831,2026-04-22 21:38:44.711831,12.680187225341797
2026-04-22 21:38:44.912708,2026-04-22 21:38:44.912708,12.711752891540527
2026-04-22 21:38:45.111852,2026-04-22 21:38:45.111852,12.9143648147583
2026-04-22 21:38:45.315073,2026-04-22 21:38:45.315073,13.08658504486084
2026-04-22 21:38:45.511429,2026-04-22 21:38:45.511429,13.232972145080566
2026-04-22 21:38:45.713297,2026-04-22 21:38:45.713297,13.357401847839355
2026-04-22 21:38:45.912101,2026-04-22 21:38:45.912101,13.46316623687744
2026-04-22 21:38:46.113387,2026-04-22 21:38:46.113387,13.55306625366211
2026-04-22 21:38:46.312110,2026-04-22 21:38:46.312110,13.805262565612791
2026-04-22 21:38:46.511708,2026-04-22 21:38:46.511708,14.01962947845459
2026-04-22 21:38:46.713053,2026-04-22 21:38:46.713053,14.201841354370115
2026-04-22 21:38:46.904541,2026-04-22 21:38:46.904541,14.35672092437744
2026-04-22 21:38:47.111892,2026-04-22 21:38:47.111892,14.48836898803711
2026-04-22 21:38:47.311523,2026-04-22 21:38:47.311523,14.60027027130127
2026-04-22 21:38:47.512771,2026-04-22 21:38:47.512771,14.695385932922363
2026-04-22 21:38:47.711912,2026-04-22 21:38:47.711912,14.77623462677002
2026-04-22 21:38:47.911775,2026-04-22 21:38:47.911775,14.844955444335938
2026-04-22 21:38:48.112905,2026-04-22 21:38:48.112905,14.90336799621582
2026-04-22 21:38:48.314406,2026-04-22 21:38:48.314406,14.95301914215088
2026-04-22 21:38:48.514480,2026-04-22 21:38:48.514480,14.99522304534912
2026-04-22 21:38:48.712444,2026-04-22 21:38:48.712444,15.031095504760742
2026-04-22 21:38:48.911387,2026-04-22 21:38:48.911387,15.0615873336792
2026-04-22 21:38:49.105963,2026-04-22 21:38:49.105963,15.263286590576172
2026-04-22 21:38:49.308173,2026-04-22 21:38:49.308173,15.434731483459473
2026-04-22 21:38:49.511707,2026-04-22 21:38:49.511707,15.580459594726562
2026-04-22 21:38:49.713295,2026-04-22 21:38:49.713295,15.704327583312988
2026-04-22 21:38:49.912190,2026-04-22 21:38:49.912190,15.809616088867188
2026-04-22 21:38:50.112110,2026-04-22 21:38:50.112110,15.899110794067385
2026-04-22 21:38:50.311447,2026-04-22 21:38:50.311447,15.975181579589844
2026-04-22 21:38:50.514224,2026-04-22 21:38:50.514224,16.03984260559082
2026-04-22 21:38:50.711576,2026-04-22 21:38:50.711576,16.094802856445312
2026-04-22 21:38:50.912663,2026-04-22 21:38:50.912663,16.14151954650879
2026-04-22 21:38:51.111876,2026-04-22 21:38:51.111876,16.181230545043945
2026-04-22 21:38:51.311577,2026-04-22 21:38:51.311577,16.214982986450195
2026-04-22 21:38:51.512136,2026-04-22 21:38:51.512136,16.06789207458496
2026-04-22 21:38:51.712101,2026-04-22 21:38:51.712101,16.11864471435547
2026-04-22 21:38:51.912032,2026-04-22 21:38:51.912032,15.986004829406738
2026-04-22 21:38:52.111447,2026-04-22 21:38:52.111447,15.697479248046877
2026-04-22 21:38:52.312024,2026-04-22 21:38:52.312024,15.628013610839844
2026-04-22 21:38:52.512002,2026-04-22 21:38:52.512002,15.393186569213867
2026-04-22 21:38:52.711529,2026-04-22 21:38:52.711529,15.193583488464355
2026-04-22 21:38:52.911965,2026-04-22 21:38:52.911965,14.848139762878418
2026-04-22 21:38:53.112083,2026-04-22 21:38:53.112083,14.730294227600098
2026-04-22 21:38:53.312242,2026-04-22 21:38:53.312242,14.630125045776367
2026-04-22 21:38:53.513615,2026-04-22 21:38:53.513615,14.720762252807615
2026-04-22 21:38:53.711619,2026-04-22 21:38:53.711619,14.62202262878418
2026-04-22 21:38:53.912244,2026-04-22 21:38:53.912244,14.538094520568848
2026-04-22 21:38:54.113459,2026-04-22 21:38:54.113459,14.466754913330078
2026-04-22 21:38:54.311385,2026-04-22 21:38:54.311385,14.05455493927002
2026-04-22 21:38:54.511461,2026-04-22 21:38:54.511461,13.704183578491213
2026-04-22 21:38:54.712820,2026-04-22 21:38:54.712820,13.58215045928955
2026-04-22 21:38:54.911839,2026-04-22 21:38:54.911839,13.654202461242676
2026-04-22 21:38:55.112068,2026-04-22 21:38:55.112068,13.539666175842283
2026-04-22 21:38:55.312145,2026-04-22 21:38:55.312145,13.618090629577637
2026-04-22 21:38:55.511994,2026-04-22 21:38:55.511994,13.684752464294434
2026-04-22 21:38:55.711593,2026-04-22 21:38:55.711593,13.741414070129396
2026-04-22 21:38:55.912075,2026-04-22 21:38:55.912075,13.61379623413086
2026-04-22 21:38:56.112135,2026-04-22 21:38:56.112135,13.32953929901123
2026-04-22 21:38:56.311922,2026-04-22 21:38:56.311922,13.087921142578123
2026-04-22 21:38:56.512416,2026-04-22 21:38:56.512416,12.882545471191406
2026-04-22 21:38:56.712155,2026-04-22 21:38:56.712155,12.70797634124756
2026-04-22 21:38:56.914181,2026-04-22 21:38:56.914181,12.559592247009276
2026-04-22 21:38:57.114744,2026-04-22 21:38:57.114744,12.433465957641602
2026-04-22 21:38:57.311517,2026-04-22 21:38:57.311517,12.326258659362791
2026-04-22 21:39:10.411501,2026-04-22 21:39:10.411501,12.235132217407228
2026-04-22 21:39:10.611562,2026-04-22 21:39:10.611562,12.157674789428713
2026-04-22 21:39:10.811332,2026-04-22 21:39:10.811332,12.091835975646973
2026-04-22 21:39:11.011993,2026-04-22 21:39:11.011993,12.035873413085938
2026-04-22 21:39:11.212883,2026-04-22 21:39:11.212883,11.98830509185791
2026-04-22 21:39:11.412012,2026-04-22 21:39:11.412012,11.947871208190918
2026-04-22 21:39:11.611740,2026-04-22 21:39:11.611740,11.913503646850586
2026-04-22 21:39:11.811430,2026-04-22 21:39:11.811430,11.70850944519043
2026-04-22 21:39:12.011991,2026-04-22 21:39:12.011991,11.534263610839844
2026-04-22 21:39:12.212842,2026-04-22 21:39:12.212842,11.386155128479004
2026-04-22 21:39:12.411882,2026-04-22 21:39:12.411882,11.260263442993164
2026-04-22 21:39:12.611355,2026-04-22 21:39:12.611355,11.153255462646484
2026-04-22 21:39:12.812147,2026-04-22 21:39:12.812147,11.062297821044922
2026-04-22 21:39:13.012103,2026-04-22 21:39:13.012103,10.984984397888184
2026-04-22 21:39:13.211316,2026-04-22 21:39:13.211316,10.919268608093262
2026-04-22 21:39:13.413114,2026-04-22 21:39:13.413114,10.863409042358398
2026-04-22 21:39:13.611616,2026-04-22 21:39:13.611616,10.815929412841797
2026-04-22 21:39:13.812281,2026-04-22 21:39:13.812281,10.7755708694458
2026-04-22 21:39:14.011551,2026-04-22 21:39:14.011551,10.741266250610352
2026-04-22 21:39:14.212895,2026-04-22 21:39:14.212895,10.71210765838623
2026-04-22 21:39:14.412004,2026-04-22 21:39:14.412004,10.687322616577148
2026-04-22 21:39:14.611405,2026-04-22 21:39:14.611405,10.666255950927734
2026-04-22 21:39:14.814598,2026-04-22 21:39:14.814598,10.648348808288574
2026-04-22 21:39:15.011508,2026-04-22 21:39:15.011508,10.633127212524414
2026-04-22 21:39:15.211583,2026-04-22 21:39:15.211583,10.620189666748049
2026-04-22 21:39:15.412123,2026-04-22 21:39:15.412123,10.609192848205566
2026-04-22 21:39:15.611646,2026-04-22 21:39:15.611646,10.599844932556152
2026-04-22 21:39:15.812779,2026-04-22 21:39:15.812779,10.591898918151855
2026-04-22 21:39:16.011725,2026-04-22 21:39:16.011725,10.585145950317385
2026-04-22 21:39:16.212436,2026-04-22 21:39:16.212436,10.579404830932615
2026-04-22 21:39:16.412265,2026-04-22 21:39:16.412265,10.574525833129885
2026-04-22 21:39:16.612092,2026-04-22 21:39:16.612092,10.746159553527832
2026-04-22 21:39:16.811957,2026-04-22 21:39:16.811957,10.892047882080078
2026-04-22 21:39:17.012296,2026-04-22 21:39:17.012296,10.840271949768066
2026-04-22 21:39:17.213722,2026-04-22 21:39:17.213722,10.796262741088867
2026-04-22 21:39:17.413275,2026-04-22 21:39:17.413275,10.934635162353516
2026-04-22 21:39:17.612389,2026-04-22 21:39:17.612389,10.876471519470217
2026-04-22 21:39:17.813046,2026-04-22 21:39:17.813046,10.827032089233398
2026-04-22 21:39:18.012689,2026-04-22 21:39:18.012689,10.960789680480955
2026-04-22 21:39:18.212598,2026-04-22 21:39:18.212598,11.07448387145996
2026-04-22 21:39:18.412849,2026-04-22 21:39:18.412849,11.171123504638672
2026-04-22 21:39:18.611345,2026-04-22 21:39:18.611345,11.253267288208008
2026-04-22 21:39:18.811944,2026-04-22 21:39:18.811944,11.498870849609377
2026-04-22 21:39:19.015896,2026-04-22 21:39:19.015896,11.531852722167969
2026-04-22 21:39:19.211414,2026-04-22 21:39:19.211414,11.735669136047363
2026-04-22 21:39:19.412999,2026-04-22 21:39:19.412999,11.908912658691406
2026-04-22 21:39:19.611511,2026-04-22 21:39:19.611511,12.056169509887695
2026-04-22 21:39:19.811428,2026-04-22 21:39:19.811428,12.357118606567385
2026-04-22 21:39:20.012756,2026-04-22 21:39:20.012756,12.43714427947998
2026-04-22 21:39:20.213561,2026-04-22 21:39:20.213561,12.505167007446287
2026-04-22 21:39:20.411444,2026-04-22 21:39:20.411444,12.73876667022705
2026-04-22 21:39:20.614722,2026-04-22 21:39:20.614722,12.937326431274414
2026-04-22 21:39:20.812923,2026-04-22 21:39:20.812923,13.10610294342041
2026-04-22 21:39:21.012149,2026-04-22 21:39:21.012149,13.24956226348877
2026-04-22 21:39:21.213582,2026-04-22 21:39:21.213582,13.547284126281738
2026-04-22 21:39:21.411466,2026-04-22 21:39:21.411466,13.800348281860352
2026-04-22 21:39:21.613611,2026-04-22 21:39:21.613611,14.19123363494873
2026-04-22 21:39:21.813716,2026-04-22 21:39:21.813716,14.347704887390137
2026-04-22 21:39:22.011848,2026-04-22 21:39:22.011848,14.480705261230469
2026-04-22 21:39:22.212281,2026-04-22 21:39:22.212281,14.593755722045898
2026-04-22 21:39:22.413836,2026-04-22 21:39:22.413836,14.689848899841309
2026-04-22 21:39:22.611442,2026-04-22 21:39:22.611442,14.947308540344238
2026-04-22 21:39:22.813017,2026-04-22 21:39:22.813017,15.166150093078612
2026-04-22 21:39:23.012031,2026-04-22 21:39:23.012031,15.352165222167969
2026-04-22 21:39:23.212029,2026-04-22 21:39:23.212029,15.51027774810791
2026-04-22 21:39:23.411631,2026-04-22 21:39:23.411631,15.644673347473145
2026-04-22 21:39:23.611565,2026-04-22 21:39:23.611565,15.758910179138184
2026-04-22 21:39:23.812340,2026-04-22 21:39:23.812340,15.856011390686035
2026-04-22 21:39:24.012372,2026-04-22 21:39:24.012372,15.938547134399414
2026-04-22 21:39:24.211392,2026-04-22 21:39:24.211392,16.184484481811523
2026-04-22 21:39:24.411818,2026-04-22 21:39:24.411818,16.393529891967773
2026-04-22 21:39:24.613564,2026-04-22 21:39:24.613564,16.571218490600586
2026-04-22 21:39:24.814139,2026-04-22 21:39:24.814139,16.72225570678711
2026-04-22 21:39:25.011498,2026-04-22 21:39:25.011498,17.026416778564453
2026-04-22 21:39:25.211830,2026-04-22 21:39:25.211830,17.109172821044922
2026-04-22 21:39:25.412533,2026-04-22 21:39:25.412533,17.355297088623047
2026-04-22 21:39:25.613537,2026-04-22 21:39:25.613537,17.564502716064453
2026-04-22 21:39:25.811672,2026-04-22 21:39:25.811672,17.742326736450195
2026-04-22 21:39:26.012290,2026-04-22 21:39:26.012290,17.893478393554688
2026-04-22 21:39:26.211462,2026-04-22 21:39:26.211462,18.021955490112305
2026-04-22 21:39:26.403961,2026-04-22 21:39:26.403961,18.131162643432617
2026-04-22 21:39:26.612033,2026-04-22 21:39:26.612033,18.223987579345703
2026-04-22 21:39:26.806590,2026-04-22 21:39:26.806590,18.12710952758789
2026-04-22 21:39:27.011873,2026-04-22 21:39:27.011873,18.044761657714844
2026-04-22 21:39:27.211871,2026-04-22 21:39:27.211871,17.97476577758789
2026-04-22 21:39:27.412122,2026-04-22 21:39:27.412122,17.91526985168457
2026-04-22 21:39:27.611316,2026-04-22 21:39:27.611316,17.86469841003418
2026-04-22 21:39:27.811871,2026-04-22 21:39:27.811871,17.821712493896484
2026-04-22 21:39:28.003976,2026-04-22 21:39:28.003976,17.785173416137695
2026-04-22 21:39:28.211494,2026-04-22 21:39:28.211494,17.57833480834961
2026-04-22 21:39:28.411929,2026-04-22 21:39:28.411929,17.402523040771484
2026-04-22 21:39:28.611463,2026-04-22 21:39:28.611463,17.253082275390625
2026-04-22 21:39:28.811974,2026-04-22 21:39:28.811974,17.126056671142578
2026-04-22 21:39:29.012084,2026-04-22 21:39:29.012084,17.018085479736328
2026-04-22 21:39:29.213216,2026-04-22 21:39:29.213216,16.92630958557129
2026-04-22 21:39:29.412102,2026-04-22 21:39:29.412102,16.84830093383789
2026-04-22 21:39:29.613307,2026-04-22 21:39:29.613307,16.781993865966797
2026-04-22 21:39:29.811637,2026-04-22 21:39:29.811637,16.725631713867188
2026-04-22 21:39:30.011404,2026-04-22 21:39:30.011404,16.677724838256836
2026-04-22 21:39:30.211578,2026-04-22 21:39:30.211578,16.63700294494629
2026-04-22 21:39:30.412021,2026-04-22 21:39:30.412021,16.60239028930664
2026-04-22 21:39:30.611951,2026-04-22 21:39:30.611951,16.572969436645508
2026-04-22 21:39:30.812352,2026-04-22 21:39:30.812352,16.547962188720703
2026-04-22 21:39:31.011474,2026-04-22 21:39:31.011474,16.526704788208008
2026-04-22 21:39:31.211408,2026-04-22 21:39:31.211408,16.508636474609375
2026-04-22 21:39:31.412873,2026-04-22 21:39:31.412873,16.49327850341797
2026-04-22 21:39:31.612107,2026-04-22 21:39:31.612107,16.480224609375
2026-04-22 21:39:31.812236,2026-04-22 21:39:31.812236,16.469127655029297
2026-04-22 21:39:32.012092,2026-04-22 21:39:32.012092,16.28391456604004
2026-04-22 21:39:32.211835,2026-04-22 21:39:32.211835,16.302265167236328
2026-04-22 21:39:32.411312,2026-04-22 21:39:32.411312,16.31786346435547
2026-04-22 21:39:32.611346,2026-04-22 21:39:32.611346,16.15534019470215
2026-04-22 21:39:32.805686,2026-04-22 21:39:32.805686,16.017194747924805
2026-04-22 21:39:33.012949,2026-04-22 21:39:33.012949,15.899771690368652
2026-04-22 21:39:33.211392,2026-04-22 21:39:33.211392,15.799962997436523
2026-04-22 21:39:33.412322,2026-04-22 21:39:33.412322,15.715124130249023
2026-04-22 21:39:33.612059,2026-04-22 21:39:33.612059,15.643012046813965
2026-04-22 21:39:33.812498,2026-04-22 21:39:33.812498,15.581716537475586
2026-04-22 21:39:34.012195,2026-04-22 21:39:34.012195,15.70539665222168
2026-04-22 21:39:34.212348,2026-04-22 21:39:34.212348,15.634743690490724
2026-04-22 21:39:34.411538,2026-04-22 21:39:34.411538,15.574687957763672
2026-04-22 21:39:34.612128,2026-04-22 21:39:34.612128,15.523640632629396
2026-04-22 21:39:34.811344,2026-04-22 21:39:34.811344,15.48025131225586
2026-04-22 21:39:35.011342,2026-04-22 21:39:35.011342,15.26758861541748
2026-04-22 21:39:35.212291,2026-04-22 21:39:35.212291,15.262606620788574
2026-04-22 21:39:35.412640,2026-04-22 21:39:35.412640,15.258371353149414
2026-04-22 21:39:35.611458,2026-04-22 21:39:35.611458,15.254772186279297
2026-04-22 21:39:48.711631,2026-04-22 21:39:48.711631,15.251712799072266
2026-04-22 21:39:48.912747,2026-04-22 21:39:48.912747,15.249112129211426
2026-04-22 21:39:49.112608,2026-04-22 21:39:49.112608,15.246901512145996
2026-04-22 21:39:49.313945,2026-04-22 21:39:49.313945,15.245022773742676
2026-04-22 21:39:49.504247,2026-04-22 21:39:49.504247,15.243425369262695
2026-04-22 21:39:49.712432,2026-04-22 21:39:49.712432,15.242067337036133
2026-04-22 21:39:49.911476,2026-04-22 21:39:49.911476,15.240914344787598
2026-04-22 21:39:50.111408,2026-04-22 21:39:50.111408,15.239933013916016
2026-04-22 21:39:50.311507,2026-04-22 21:39:50.311507,15.063318252563477
2026-04-22 21:39:50.504001,2026-04-22 21:39:50.504001,14.913195610046388
2026-04-22 21:39:50.702342,2026-04-22 21:39:50.702342,14.78559112548828
2026-04-22 21:39:50.912321,2026-04-22 21:39:50.912321,14.677127838134766
2026-04-22 21:39:51.112238,2026-04-22 21:39:51.112238,14.409152030944824
2026-04-22 21:39:51.313765,2026-04-22 21:39:51.313765,14.00559139251709
2026-04-22 21:39:51.511584,2026-04-22 21:39:51.511584,13.662565231323242
2026-04-22 21:39:51.711612,2026-04-22 21:39:51.711612,13.370993614196776
2026-04-22 21:39:51.913267,2026-04-22 21:39:51.913267,13.123156547546388
2026-04-22 21:39:52.111908,2026-04-22 21:39:52.111908,12.912495613098145
2026-04-22 21:39:52.312377,2026-04-22 21:39:52.312377,12.909214973449709
2026-04-22 21:39:52.514050,2026-04-22 21:39:52.514050,12.730645179748535
2026-04-22 21:39:52.711310,2026-04-22 21:39:52.711310,12.578861236572266
2026-04-22 21:39:52.911986,2026-04-22 21:39:52.911986,12.449844360351562
2026-04-22 21:39:53.111517,2026-04-22 21:39:53.111517,12.340180397033691
2026-04-22 21:39:53.311983,2026-04-22 21:39:53.311983,12.246965408325195
2026-04-22 21:39:53.513067,2026-04-22 21:39:53.513067,12.167733192443848
2026-04-22 21:39:53.711623,2026-04-22 21:39:53.711623,12.100385665893556
2026-04-22 21:39:53.911339,2026-04-22 21:39:53.911339,12.043140411376951
2026-04-22 21:39:54.112652,2026-04-22 21:39:54.112652,11.994482040405272
2026-04-22 21:39:54.311610,2026-04-22 21:39:54.311610,11.77734088897705
2026-04-22 21:39:54.512845,2026-04-22 21:39:54.512845,11.76855182647705
2026-04-22 21:39:54.713346,2026-04-22 21:39:54.713346,11.76108169555664
2026-04-22 21:39:54.912050,2026-04-22 21:39:54.912050,11.754732131958008
2026-04-22 21:39:55.112333,2026-04-22 21:39:55.112333,11.749334335327148
2026-04-22 21:39:55.313222,2026-04-22 21:39:55.313222,11.744747161865234
2026-04-22 21:39:55.506430,2026-04-22 21:39:55.506430,11.74084758758545
2026-04-22 21:39:55.711868,2026-04-22 21:39:55.711868,11.73753261566162
2026-04-22 21:39:55.903718,2026-04-22 21:39:55.903718,11.734715461730955
2026-04-22 21:39:56.112264,2026-04-22 21:39:56.112264,11.73232078552246
2026-04-22 21:39:56.311385,2026-04-22 21:39:56.311385,11.730284690856934
2026-04-22 21:39:56.503392,2026-04-22 21:39:56.503392,11.728554725646973
2026-04-22 21:39:56.703263,2026-04-22 21:39:56.703263,11.727084159851074
2026-04-22 21:39:56.911853,2026-04-22 21:39:56.911853,11.725833892822266
2026-04-22 21:39:57.111367,2026-04-22 21:39:57.111367,11.724771499633787
2026-04-22 21:39:57.311404,2026-04-22 21:39:57.311404,11.723868370056152
2026-04-22 21:39:57.511452,2026-04-22 21:39:57.511452,11.723100662231444
2026-04-22 21:39:57.712453,2026-04-22 21:39:57.712453,11.722447395324709
2026-04-22 21:39:57.913278,2026-04-22 21:39:57.913278,11.721893310546877
2026-04-22 21:39:58.112051,2026-04-22 21:39:58.112051,11.897202491760254
2026-04-22 21:39:58.313154,2026-04-22 21:39:58.313154,12.046216011047363
2026-04-22 21:39:58.512367,2026-04-22 21:39:58.512367,12.172877311706545
2026-04-22 21:39:58.713327,2026-04-22 21:39:58.713327,12.280539512634276
2026-04-22 21:39:58.911762,2026-04-22 21:39:58.911762,12.372052192687988
2026-04-22 21:39:59.112682,2026-04-22 21:39:59.112682,12.449838638305664
2026-04-22 21:39:59.312000,2026-04-22 21:39:59.312000,12.515955924987791
2026-04-22 21:39:59.513906,2026-04-22 21:39:59.513906,12.57215690612793
2026-04-22 21:39:59.713465,2026-04-22 21:39:59.713465,12.61992645263672
2026-04-22 21:39:59.912032,2026-04-22 21:39:59.912032,12.484750747680664
2026-04-22 21:40:00.113582,2026-04-22 21:40:00.113582,12.369850158691406
2026-04-22 21:40:00.312632,2026-04-22 21:40:00.312632,12.27218532562256
2026-04-22 21:40:00.504184,2026-04-22 21:40:00.504184,12.364951133728027
2026-04-22 21:40:00.712157,2026-04-22 21:40:00.712157,12.443801879882812
2026-04-22 21:40:00.915333,2026-04-22 21:40:00.915333,12.686607360839844
2026-04-22 21:40:01.112247,2026-04-22 21:40:01.112247,12.892991065979004
2026-04-22 21:40:01.313887,2026-04-22 21:40:01.313887,13.0684175491333
2026-04-22 21:40:01.515423,2026-04-22 21:40:01.515423,13.393310546875
2026-04-22 21:40:01.712960,2026-04-22 21:40:01.712960,13.66947078704834
2026-04-22 21:40:01.917018,2026-04-22 21:40:01.917018,13.90420627593994
2026-04-22 21:40:02.115668,2026-04-22 21:40:02.115668,14.103731155395508
2026-04-22 21:40:02.312943,2026-04-22 21:40:02.312943,14.273327827453612
2026-04-22 21:40:02.512918,2026-04-22 21:40:02.512918,14.417485237121582
2026-04-22 21:40:02.711414,2026-04-22 21:40:02.711414,14.364237785339355
2026-04-22 21:40:02.903004,2026-04-22 21:40:02.903004,14.494757652282717
2026-04-22 21:40:03.114240,2026-04-22 21:40:03.114240,14.605700492858888
2026-04-22 21:40:03.315749,2026-04-22 21:40:03.315749,14.70000171661377
2026-04-22 21:40:03.515016,2026-04-22 21:40:03.515016,14.780158042907717
2026-04-22 21:40:03.715655,2026-04-22 21:40:03.715655,14.84829044342041
2026-04-22 21:40:03.913287,2026-04-22 21:40:03.913287,14.906203269958496
2026-04-22 21:40:04.103367,2026-04-22 21:40:04.103367,14.955429077148438
2026-04-22 21:40:04.312120,2026-04-22 21:40:04.312120,14.997270584106444
2026-04-22 21:40:04.514015,2026-04-22 21:40:04.514015,15.032835960388184
2026-04-22 21:40:04.714577,2026-04-22 21:40:04.714577,15.063067436218262
2026-04-22 21:40:04.912129,2026-04-22 21:40:04.912129,14.912981986999512
2026-04-22 21:40:05.113578,2026-04-22 21:40:05.113578,14.961191177368164
2026-04-22 21:40:05.311981,2026-04-22 21:40:05.311981,14.826387405395508
2026-04-22 21:40:05.512002,2026-04-22 21:40:05.512002,14.711804389953612
2026-04-22 21:40:05.712286,2026-04-22 21:40:05.712286,14.790189743041992
2026-04-22 21:40:05.911526,2026-04-22 21:40:05.911526,14.856817245483398
2026-04-22 21:40:06.114396,2026-04-22 21:40:06.114396,14.913451194763184
2026-04-22 21:40:06.317201,2026-04-22 21:40:06.317201,14.961589813232422
2026-04-22 21:40:06.512485,2026-04-22 21:40:06.512485,15.002507209777832
2026-04-22 21:40:06.701492,2026-04-22 21:40:06.701492,15.037287712097168
2026-04-22 21:40:06.912089,2026-04-22 21:40:06.912089,15.242631912231444
2026-04-22 21:40:07.102977,2026-04-22 21:40:07.102977,15.241393089294434
2026-04-22 21:40:07.302103,2026-04-22 21:40:07.302103,15.240341186523438
2026-04-22 21:40:07.504110,2026-04-22 21:40:07.504110,15.239445686340332
2026-04-22 21:40:07.713434,2026-04-22 21:40:07.713434,15.238685607910156
2026-04-22 21:40:07.902071,2026-04-22 21:40:07.902071,15.238039016723633
2026-04-22 21:40:08.102335,2026-04-22 21:40:08.102335,15.237488746643066
2026-04-22 21:40:08.312762,2026-04-22 21:40:08.312762,15.237022399902344
2026-04-22 21:40:08.503272,2026-04-22 21:40:08.503272,15.236624717712402
2026-04-22 21:40:08.712702,2026-04-22 21:40:08.712702,15.236287117004396
2026-04-22 21:40:08.903074,2026-04-22 21:40:08.903074,15.411782264709473
2026-04-22 21:40:09.102382,2026-04-22 21:40:09.102382,15.385170936584473
2026-04-22 21:40:09.305215,2026-04-22 21:40:09.305215,15.36255168914795
2026-04-22 21:40:09.502853,2026-04-22 21:40:09.502853,15.519105911254885
2026-04-22 21:40:09.702268,2026-04-22 21:40:09.702268,15.652177810668944
2026-04-22 21:40:09.902646,2026-04-22 21:40:09.902646,15.765288352966309
2026-04-22 21:40:10.104937,2026-04-22 21:40:10.104937,15.861433029174805
2026-04-22 21:40:10.303699,2026-04-22 21:40:10.303699,15.943155288696287
2026-04-22 21:40:10.506142,2026-04-22 21:40:10.506142,16.012619018554688
2026-04-22 21:40:10.702808,2026-04-22 21:40:10.702808,16.071664810180664
2026-04-22 21:40:10.905352,2026-04-22 21:40:10.905352,15.946070671081545
2026-04-22 21:40:11.104707,2026-04-22 21:40:11.104707,15.839316368103027
2026-04-22 21:40:11.306005,2026-04-22 21:40:11.306005,15.748575210571287
2026-04-22 21:40:11.503838,2026-04-22 21:40:11.503838,15.8472261428833
2026-04-22 21:40:11.702754,2026-04-22 21:40:11.702754,15.931079864501951
2026-04-22 21:40:11.901940,2026-04-22 21:40:11.901940,16.178136825561523
2026-04-22 21:40:12.104439,2026-04-22 21:40:12.104439,16.38813591003418
2026-04-22 21:40:12.303360,2026-04-22 21:40:12.303360,16.742414474487305
2026-04-22 21:40:12.512023,2026-04-22 21:40:12.512023,17.04355239868164
2026-04-22 21:40:12.703839,2026-04-22 21:40:12.703839,17.29952049255371
2026-04-22 21:40:12.904042,2026-04-22 21:40:12.904042,17.517091751098633
2026-04-22 21:40:13.111361,2026-04-22 21:40:13.111361,17.702028274536133
2026-04-22 21:40:13.304111,2026-04-22 21:40:13.304111,17.859224319458008
2026-04-22 21:40:13.503985,2026-04-22 21:40:13.503985,17.992839813232422
2026-04-22 21:40:13.704401,2026-04-22 21:40:13.704401,18.106414794921875
2026-04-22 21:40:13.903404,2026-04-22 21:40:13.903404,16.972482681274414
2026-04-22 21:40:27.001398,2026-04-22 21:40:27.001398,15.832860946655272
2026-04-22 21:40:27.201436,2026-04-22 21:40:27.201436,14.864181518554688
2026-04-22 21:40:27.403099,2026-04-22 21:40:27.403099,14.040804862976074
2026-04-22 21:40:27.601881,2026-04-22 21:40:27.601881,13.340933799743652
2026-04-22 21:40:27.802264,2026-04-22 21:40:27.802264,12.746044158935549
2026-04-22 21:40:28.012160,2026-04-22 21:40:28.012160,12.240386962890623
2026-04-22 21:40:28.203117,2026-04-22 21:40:28.203117,11.810579299926758
2026-04-22 21:40:28.401369,2026-04-22 21:40:28.401369,11.445241928100586
2026-04-22 21:40:28.602757,2026-04-22 21:40:28.602757,11.134705543518066
2026-04-22 21:40:28.802259,2026-04-22 21:40:28.802259,10.870750427246094
2026-04-22 21:40:29.001479,2026-04-22 21:40:29.001479,10.646387100219728
2026-04-22 21:40:29.202793,2026-04-22 21:40:29.202793,10.279897689819336
2026-04-22 21:40:29.402595,2026-04-22 21:40:29.402595,10.144163131713867
2026-04-22 21:40:29.603704,2026-04-22 21:40:29.603704,10.028788566589355
2026-04-22 21:40:29.803301,2026-04-22 21:40:29.803301,9.754939079284668
2026-04-22 21:40:30.002869,2026-04-22 21:40:30.002869,9.522167205810549
2026-04-22 21:40:30.201501,2026-04-22 21:40:30.201501,9.324311256408691
2026-04-22 21:40:30.402146,2026-04-22 21:40:30.402146,9.156132698059082
2026-04-22 21:40:30.601475,2026-04-22 21:40:30.601475,9.013181686401367
2026-04-22 21:40:30.802256,2026-04-22 21:40:30.802256,8.89167308807373
2026-04-22 21:40:31.004951,2026-04-22 21:40:31.004951,8.78839111328125
2026-04-22 21:40:31.202607,2026-04-22 21:40:31.202607,8.700601577758789
2026-04-22 21:40:31.402377,2026-04-22 21:40:31.402377,8.80176067352295
2026-04-22 21:40:31.604044,2026-04-22 21:40:31.604044,8.887746810913086
2026-04-22 21:40:31.801727,2026-04-22 21:40:31.801727,8.960834503173828
2026-04-22 21:40:32.004424,2026-04-22 21:40:32.004424,9.19874095916748
2026-04-22 21:40:32.206886,2026-04-22 21:40:32.206886,9.400960922241213
2026-04-22 21:40:32.402122,2026-04-22 21:40:32.402122,9.572848320007324
2026-04-22 21:40:32.606252,2026-04-22 21:40:32.606252,9.718952178955078
2026-04-22 21:40:32.801745,2026-04-22 21:40:32.801745,9.667359352111816
2026-04-22 21:40:33.003892,2026-04-22 21:40:33.003892,9.799286842346191
2026-04-22 21:40:33.203246,2026-04-22 21:40:33.203246,9.91142463684082
2026-04-22 21:40:33.403967,2026-04-22 21:40:33.403967,10.182523727416992
2026-04-22 21:40:33.604821,2026-04-22 21:40:33.604821,10.764519691467283
2026-04-22 21:40:33.803464,2026-04-22 21:40:33.803464,11.259217262268066
2026-04-22 21:40:34.003387,2026-04-22 21:40:34.003387,11.855490684509276
2026-04-22 21:40:34.202836,2026-04-22 21:40:34.202836,12.362323760986328
2026-04-22 21:40:34.404499,2026-04-22 21:40:34.404499,12.793130874633787
2026-04-22 21:40:34.603655,2026-04-22 21:40:34.603655,12.98353672027588
2026-04-22 21:40:34.805413,2026-04-22 21:40:34.805413,13.145380973815918
2026-04-22 21:40:35.011396,2026-04-22 21:40:35.011396,13.10716724395752
2026-04-22 21:40:35.203590,2026-04-22 21:40:35.203590,13.25046730041504
2026-04-22 21:40:35.404049,2026-04-22 21:40:35.404049,13.372272491455078
2026-04-22 21:40:35.603338,2026-04-22 21:40:35.603338,13.47580623626709
2026-04-22 21:40:35.802110,2026-04-22 21:40:35.802110,13.388029098510742
2026-04-22 21:40:36.001377,2026-04-22 21:40:36.001377,13.3134183883667
2026-04-22 21:40:36.204346,2026-04-22 21:40:36.204346,13.25
2026-04-22 21:40:36.403730,2026-04-22 21:40:36.403730,13.196093559265137
2026-04-22 21:40:36.602888,2026-04-22 21:40:36.602888,13.150273323059082
2026-04-22 21:40:36.803504,2026-04-22 21:40:36.803504,13.111326217651367
2026-04-22 21:40:37.001648,2026-04-22 21:40:37.001648,13.07822036743164
2026-04-22 21:40:37.202582,2026-04-22 21:40:37.202582,13.050081253051758
2026-04-22 21:40:37.401526,2026-04-22 21:40:37.401526,13.026163101196287
2026-04-22 21:40:37.602482,2026-04-22 21:40:37.602482,13.00583267211914
2026-04-22 21:40:37.802036,2026-04-22 21:40:37.802036,13.164332389831545
2026-04-22 21:40:38.001683,2026-04-22 21:40:38.001683,13.299057960510254
2026-04-22 21:40:38.201992,2026-04-22 21:40:38.201992,13.41357421875
2026-04-22 21:40:38.402944,2026-04-22 21:40:38.402944,13.510912895202637
2026-04-22 21:40:38.601775,2026-04-22 21:40:38.601775,13.593650817871094
2026-04-22 21:40:38.801590,2026-04-22 21:40:38.801590,13.663978576660156
2026-04-22 21:40:39.003506,2026-04-22 21:40:39.003506,13.723756790161133
2026-04-22 21:40:39.201981,2026-04-22 21:40:39.201981,13.77456760406494
2026-04-22 21:40:39.405387,2026-04-22 21:40:39.405387,13.641976356506348
2026-04-22 21:40:39.601485,2026-04-22 21:40:39.601485,13.705055236816406
2026-04-22 21:40:39.802082,2026-04-22 21:40:39.802082,13.758671760559082
2026-04-22 21:40:40.001691,2026-04-22 21:40:40.001691,13.804245948791504
2026-04-22 21:40:40.205280,2026-04-22 21:40:40.205280,13.842984199523926
2026-04-22 21:40:40.403258,2026-04-22 21:40:40.403258,13.875911712646484
2026-04-22 21:40:40.602494,2026-04-22 21:40:40.602494,13.903900146484377
2026-04-22 21:40:40.801597,2026-04-22 21:40:40.801597,13.927689552307127
2026-04-22 21:40:41.003003,2026-04-22 21:40:41.003003,13.947911262512209
2026-04-22 21:40:41.202532,2026-04-22 21:40:41.202532,13.965099334716797
2026-04-22 21:40:41.401590,2026-04-22 21:40:41.401590,13.97970962524414
2026-04-22 21:40:41.601572,2026-04-22 21:40:41.601572,13.992128372192385
2026-04-22 21:40:41.802019,2026-04-22 21:40:41.802019,14.002683639526367
2026-04-22 21:40:42.001492,2026-04-22 21:40:42.001492,14.011656761169434
2026-04-22 21:40:42.201711,2026-04-22 21:40:42.201711,14.019283294677734
2026-04-22 21:40:42.402108,2026-04-22 21:40:42.402108,14.025765419006348
2026-04-22 21:40:42.601571,2026-04-22 21:40:42.601571,13.855494499206545
2026-04-22 21:40:42.801958,2026-04-22 21:40:42.801958,13.710763931274414
2026-04-22 21:40:43.001752,2026-04-22 21:40:43.001752,13.411961555480955
2026-04-22 21:40:43.201508,2026-04-22 21:40:43.201508,13.33376121520996
2026-04-22 21:40:43.404307,2026-04-22 21:40:43.404307,13.267291069030762
2026-04-22 21:40:43.601513,2026-04-22 21:40:43.601513,13.210790634155272
2026-04-22 21:40:43.802097,2026-04-22 21:40:43.802097,13.162766456604004
2026-04-22 21:40:44.001407,2026-04-22 21:40:44.001407,13.12194538116455
2026-04-22 21:40:44.201541,2026-04-22 21:40:44.201541,13.087246894836426
2026-04-22 21:40:44.401505,2026-04-22 21:40:44.401505,13.057753562927246
2026-04-22 21:40:44.602418,2026-04-22 21:40:44.602418,13.032684326171877
2026-04-22 21:40:44.801825,2026-04-22 21:40:44.801825,13.011375427246094
2026-04-22 21:40:45.002870,2026-04-22 21:40:45.002870,12.993263244628906
2026-04-22 21:40:45.202682,2026-04-22 21:40:45.202682,12.977867126464844
2026-04-22 21:40:45.401310,2026-04-22 21:40:45.401310,12.964780807495115
2026-04-22 21:40:45.602361,2026-04-22 21:40:45.602361,12.953657150268556
2026-04-22 21:40:45.801840,2026-04-22 21:40:45.801840,14.350452423095703
2026-04-22 21:40:46.001398,2026-04-22 21:40:46.001398,15.537728309631348
2026-04-22 21:40:46.201763,2026-04-22 21:40:46.201763,16.546913146972656
2026-04-22 21:40:46.402167,2026-04-22 21:40:46.402167,17.404720306396484
2026-04-22 21:40:46.602414,2026-04-22 21:40:46.602414,18.13385581970215
2026-04-22 21:40:46.802306,2026-04-22 21:40:46.802306,18.75362014770508
2026-04-22 21:40:47.002023,2026-04-22 21:40:47.002023,17.69839096069336
2026-04-22 21:40:47.201511,2026-04-22 21:40:47.201511,16.62566375732422
2026-04-22 21:40:47.406362,2026-04-22 21:40:47.406362,15.889626502990724
2026-04-22 21:40:47.603304,2026-04-22 21:40:47.603304,15.088212966918944
2026-04-22 21:40:47.801892,2026-04-22 21:40:47.801892,14.407012939453123
2026-04-22 21:40:48.002093,2026-04-22 21:40:48.002093,13.82799243927002
2026-04-22 21:40:48.202364,2026-04-22 21:40:48.202364,13.335824012756348
2026-04-22 21:40:48.403323,2026-04-22 21:40:48.403323,12.917482376098633
2026-04-22 21:40:48.602173,2026-04-22 21:40:48.602173,12.561890602111816
2026-04-22 21:40:48.802333,2026-04-22 21:40:48.802333,14.193232536315918
2026-04-22 21:40:49.001529,2026-04-22 21:40:49.001529,15.579872131347656
2026-04-22 21:40:49.202386,2026-04-22 21:40:49.202386,16.758516311645508
2026-04-22 21:40:49.403366,2026-04-22 21:40:49.403366,17.760364532470703
2026-04-22 21:40:49.602809,2026-04-22 21:40:49.602809,18.611934661865234
2026-04-22 21:40:49.803674,2026-04-22 21:40:49.803674,19.335769653320312
2026-04-22 21:40:50.002875,2026-04-22 21:40:50.002875,19.95102882385254
2026-04-22 21:40:50.203120,2026-04-22 21:40:50.203120,20.4739990234375
2026-04-22 21:40:50.401402,2026-04-22 21:40:50.401402,20.91852378845215
2026-04-22 21:40:50.601911,2026-04-22 21:40:50.601911,21.296371459960938
2026-04-22 21:40:50.802956,2026-04-22 21:40:50.802956,21.61754035949707
2026-04-22 21:40:51.001676,2026-04-22 21:40:51.001676,21.890533447265625
2026-04-22 21:40:51.202447,2026-04-22 21:40:51.202447,20.18898582458496
2026-04-22 21:40:51.403508,2026-04-22 21:40:51.403508,20.67626190185547
2026-04-22 21:40:51.602982,2026-04-22 21:40:51.602982,19.1568546295166
2026-04-22 21:40:51.801956,2026-04-22 21:40:51.801956,19.798952102661133
2026-04-22 21:40:52.003642,2026-04-22 21:40:52.003642,20.34473419189453
2026-04-22 21:40:52.201791,2026-04-22 21:40:52.201791,20.80864906311035
2026-04-22 21:41:05.301409,2026-04-22 21:41:05.301409,21.20297622680664
2026-04-22 21:41:05.502659,2026-04-22 21:41:05.502659,21.53815460205078
2026-04-22 21:41:05.702023,2026-04-22 21:41:05.702023,20.065244674682617
2026-04-22 21:41:05.901878,2026-04-22 21:41:05.901878,18.813270568847656
2026-04-22 21:41:06.102422,2026-04-22 21:41:06.102422,17.74909210205078
2026-04-22 21:41:06.302297,2026-04-22 21:41:06.302297,17.020322799682617
2026-04-22 21:41:06.502136,2026-04-22 21:41:06.502136,16.576648712158203
2026-04-22 21:41:06.701538,2026-04-22 21:41:06.701538,16.726869583129883
2026-04-22 21:41:06.902869,2026-04-22 21:41:06.902869,16.67877769470215
2026-04-22 21:41:07.101933,2026-04-22 21:41:07.101933,16.286334991455078
2026-04-22 21:41:07.301403,2026-04-22 21:41:07.301403,15.952759742736816
2026-04-22 21:41:07.501917,2026-04-22 21:41:07.501917,15.84500217437744
2026-04-22 21:41:07.701620,2026-04-22 21:41:07.701620,15.929189682006836
2026-04-22 21:41:07.901348,2026-04-22 21:41:07.901348,15.82496738433838
2026-04-22 21:41:08.102384,2026-04-22 21:41:08.102384,15.91215991973877
2026-04-22 21:41:08.301452,2026-04-22 21:41:08.301452,15.810492515563965
2026-04-22 21:41:08.502845,2026-04-22 21:41:08.502845,15.899855613708496
2026-04-22 21:41:08.702511,2026-04-22 21:41:08.702511,15.800033569335938
2026-04-22 21:41:08.902080,2026-04-22 21:41:08.902080,15.715185165405272
2026-04-22 21:41:09.102361,2026-04-22 21:41:09.102361,15.64306354522705
2026-04-22 21:41:09.301292,2026-04-22 21:41:09.301292,15.58176040649414
2026-04-22 21:41:09.503389,2026-04-22 21:41:09.503389,15.52965259552002
2026-04-22 21:41:09.701516,2026-04-22 21:41:09.701516,15.485361099243164
2026-04-22 21:41:09.902778,2026-04-22 21:41:09.902778,15.447712898254396
2026-04-22 21:41:10.102188,2026-04-22 21:41:10.102188,15.415712356567385
2026-04-22 21:41:10.313477,2026-04-22 21:41:10.313477,15.388511657714844
2026-04-22 21:41:10.502970,2026-04-22 21:41:10.502970,15.36539077758789
2026-04-22 21:41:10.701532,2026-04-22 21:41:10.701532,15.345738410949709
2026-04-22 21:41:10.901890,2026-04-22 21:41:10.901890,15.504815101623535
2026-04-22 21:41:11.103267,2026-04-22 21:41:11.103267,15.64003086090088
2026-04-22 21:41:11.302837,2026-04-22 21:41:11.302837,15.754963874816896
2026-04-22 21:41:11.502463,2026-04-22 21:41:11.502463,15.852656364440918
2026-04-22 21:41:11.708458,2026-04-22 21:41:11.708458,15.93569564819336
2026-04-22 21:41:11.901855,2026-04-22 21:41:11.901855,16.00627899169922
2026-04-22 21:41:12.103528,2026-04-22 21:41:12.103528,16.066274642944336
2026-04-22 21:41:12.303360,2026-04-22 21:41:12.303360,16.117271423339844
2026-04-22 21:41:12.503114,2026-04-22 21:41:12.503114,16.16061782836914
2026-04-22 21:41:12.702390,2026-04-22 21:41:12.702390,16.19746208190918
2026-04-22 21:41:12.905787,2026-04-22 21:41:12.905787,16.22878074645996
2026-04-22 21:41:13.101418,2026-04-22 21:41:13.101418,16.255401611328125
2026-04-22 21:41:13.301313,2026-04-22 21:41:13.301313,16.27802848815918
2026-04-22 21:41:13.503230,2026-04-22 21:41:13.503230,16.29726219177246
2026-04-22 21:41:13.703322,2026-04-22 21:41:13.703322,16.313610076904297
2026-04-22 21:41:13.903065,2026-04-22 21:41:13.903065,16.327505111694336
2026-04-22 21:41:14.102547,2026-04-22 21:41:14.102547,16.339317321777344
2026-04-22 21:41:14.301826,2026-04-22 21:41:14.301826,16.17357635498047
2026-04-22 21:41:14.505058,2026-04-22 21:41:14.505058,16.032695770263672
2026-04-22 21:41:14.703017,2026-04-22 21:41:14.703017,15.91294765472412
2026-04-22 21:41:14.902074,2026-04-22 21:41:14.902074,15.811161994934082
2026-04-22 21:41:15.103593,2026-04-22 21:41:15.103593,15.72464370727539
2026-04-22 21:41:15.303107,2026-04-22 21:41:15.303107,15.651103973388672
2026-04-22 21:41:15.502373,2026-04-22 21:41:15.502373,15.588594436645508
2026-04-22 21:41:15.703910,2026-04-22 21:41:15.703910,15.53546142578125
2026-04-22 21:41:15.902014,2026-04-22 21:41:15.902014,15.4902982711792
2026-04-22 21:41:16.102755,2026-04-22 21:41:16.102755,15.451910018920898
2026-04-22 21:41:16.303352,2026-04-22 21:41:16.303352,15.41928005218506
2026-04-22 21:41:16.501694,2026-04-22 21:41:16.501694,15.391544342041016
2026-04-22 21:41:16.703435,2026-04-22 21:41:16.703435,15.367968559265137
2026-04-22 21:41:16.903952,2026-04-22 21:41:16.903952,15.347929954528809
2026-04-22 21:41:17.102024,2026-04-22 21:41:17.102024,15.330896377563477
2026-04-22 21:41:17.302443,2026-04-22 21:41:17.302443,15.316418647766112
2026-04-22 21:41:17.501399,2026-04-22 21:41:17.501399,15.30411148071289
2026-04-22 21:41:17.701443,2026-04-22 21:41:17.701443,15.117870330810549
2026-04-22 21:41:17.902539,2026-04-22 21:41:17.902539,15.135345458984377
2026-04-22 21:41:18.103498,2026-04-22 21:41:18.103498,15.15019989013672
2026-04-22 21:41:18.301479,2026-04-22 21:41:18.301479,15.162826538085938
2026-04-22 21:41:18.513813,2026-04-22 21:41:18.513813,15.173558235168455
2026-04-22 21:41:18.702815,2026-04-22 21:41:18.702815,15.3584623336792
2026-04-22 21:41:18.902024,2026-04-22 21:41:18.902024,15.339849472045898
2026-04-22 21:41:19.106816,2026-04-22 21:41:19.106816,15.32402801513672
2026-04-22 21:41:19.302082,2026-04-22 21:41:19.302082,15.310580253601074
2026-04-22 21:41:19.502549,2026-04-22 21:41:19.502549,15.299149513244627
2026-04-22 21:41:19.701823,2026-04-22 21:41:19.701823,15.289433479309082
2026-04-22 21:41:19.901906,2026-04-22 21:41:19.901906,15.281174659729004
2026-04-22 21:41:20.101973,2026-04-22 21:41:20.101973,15.274154663085938
2026-04-22 21:41:20.302516,2026-04-22 21:41:20.302516,15.268187522888184
2026-04-22 21:41:20.501846,2026-04-22 21:41:20.501846,15.087334632873535
2026-04-22 21:41:20.702238,2026-04-22 21:41:20.702238,14.933609008789062
2026-04-22 21:41:20.901484,2026-04-22 21:41:20.901484,14.802943229675291
2026-04-22 21:41:21.102192,2026-04-22 21:41:21.102192,14.691876411437988
2026-04-22 21:41:21.302506,2026-04-22 21:41:21.302506,14.5974702835083
2026-04-22 21:41:21.502416,2026-04-22 21:41:21.502416,14.517224311828612
2026-04-22 21:41:21.702052,2026-04-22 21:41:21.702052,14.449015617370604
2026-04-22 21:41:21.903316,2026-04-22 21:41:21.903316,14.39103889465332
2026-04-22 21:41:22.101490,2026-04-22 21:41:22.101490,14.517539024353027
2026-04-22 21:41:22.302121,2026-04-22 21:41:22.302121,14.4492826461792
2026-04-22 21:41:22.501786,2026-04-22 21:41:22.501786,14.567047119140623
2026-04-22 21:41:22.703869,2026-04-22 21:41:22.703869,14.66714572906494
2026-04-22 21:41:22.901522,2026-04-22 21:41:22.901522,14.752230644226074
2026-04-22 21:41:23.101655,2026-04-22 21:41:23.101655,14.824552536010742
2026-04-22 21:41:23.301746,2026-04-22 21:41:23.301746,14.886025428771973
2026-04-22 21:41:23.501545,2026-04-22 21:41:23.501545,14.938278198242188
2026-04-22 21:41:23.702284,2026-04-22 21:41:23.702284,14.98269271850586
2026-04-22 21:41:23.902178,2026-04-22 21:41:23.902178,15.020444869995115
2026-04-22 21:41:24.102478,2026-04-22 21:41:24.102478,15.052534103393556
2026-04-22 21:41:24.302276,2026-04-22 21:41:24.302276,15.07981014251709
2026-04-22 21:41:24.501415,2026-04-22 21:41:24.501415,15.102994918823242
2026-04-22 21:41:24.701464,2026-04-22 21:41:24.701464,15.122702598571776
2026-04-22 21:41:24.902647,2026-04-22 21:41:24.902647,15.139452934265137
2026-04-22 21:41:25.102340,2026-04-22 21:41:25.102340,14.977910041809082
2026-04-22 21:41:25.302464,2026-04-22 21:41:25.302464,14.840599060058594
2026-04-22 21:41:25.501631,2026-04-22 21:41:25.501631,14.723883628845217
2026-04-22 21:41:25.701925,2026-04-22 21:41:25.701925,14.800457954406738
2026-04-22 21:41:25.901624,2026-04-22 21:41:25.901624,14.865545272827148
2026-04-22 21:41:26.103129,2026-04-22 21:41:26.103129,14.920869827270508
2026-04-22 21:41:26.301597,2026-04-22 21:41:26.301597,14.9678955078125
2026-04-22 21:41:26.502631,2026-04-22 21:41:26.502631,15.007867813110352
2026-04-22 21:41:26.702094,2026-04-22 21:41:26.702094,15.04184341430664
2026-04-22 21:41:26.903883,2026-04-22 21:41:26.903883,15.070723533630373
2026-04-22 21:41:27.103004,2026-04-22 21:41:27.103004,15.095271110534668
2026-04-22 21:41:27.302909,2026-04-22 21:41:27.302909,15.11613655090332
2026-04-22 21:41:27.501335,2026-04-22 21:41:27.501335,15.309653282165527
2026-04-22 21:41:27.703097,2026-04-22 21:41:27.703097,15.649924278259276
2026-04-22 21:41:27.901866,2026-04-22 21:41:27.901866,16.11493492126465
2026-04-22 21:41:28.102649,2026-04-22 21:41:28.102649,16.334413528442383
2026-04-22 21:41:28.301488,2026-04-22 21:41:28.301488,16.696752548217773
2026-04-22 21:41:28.502749,2026-04-22 21:41:28.502749,16.82895851135254
2026-04-22 21:41:28.703098,2026-04-22 21:41:28.703098,16.941333770751953
2026-04-22 21:41:28.903308,2026-04-22 21:41:28.903308,17.03685188293457
2026-04-22 21:41:29.101573,2026-04-22 21:41:29.101573,17.1180419921875
2026-04-22 21:41:29.302272,2026-04-22 21:41:29.302272,17.187055587768555
2026-04-22 21:41:29.502356,2026-04-22 21:41:29.502356,17.421497344970703
2026-04-22 21:41:29.701997,2026-04-22 21:41:29.701997,17.972333908081055
2026-04-22 21:41:29.901700,2026-04-22 21:41:29.901700,18.088985443115234
2026-04-22 21:41:30.102202,2026-04-22 21:41:30.102202,18.71548080444336
2026-04-22 21:41:30.302708,2026-04-22 21:41:30.302708,18.720659255981445
2026-04-22 21:41:30.503336,2026-04-22 21:41:30.503336,18.900840759277344
2026-04-22 21:41:43.602740,2026-04-22 21:41:43.602740,19.05399703979492
2026-04-22 21:41:43.801543,2026-04-22 21:41:43.801543,19.18417739868164
2026-04-22 21:41:44.002527,2026-04-22 21:41:44.002527,19.294832229614254
2026-04-22 21:41:44.202129,2026-04-22 21:41:44.202129,19.21310806274414
2026-04-22 21:41:44.401474,2026-04-22 21:41:44.401474,18.96786117553711
2026-04-22 21:41:44.601429,2026-04-22 21:41:44.601429,18.5836181640625
2026-04-22 21:41:44.801279,2026-04-22 21:41:44.801279,18.25701332092285
2026-04-22 21:41:45.004986,2026-04-22 21:41:45.004986,18.858304977416992
2026-04-22 21:41:45.201953,2026-04-22 21:41:45.201953,18.490497589111328
2026-04-22 21:41:45.402734,2026-04-22 21:41:45.402734,18.002079010009766
2026-04-22 21:41:45.601618,2026-04-22 21:41:45.601618,17.586923599243164
2026-04-22 21:41:45.801390,2026-04-22 21:41:45.801390,17.058259963989258
2026-04-22 21:41:46.001998,2026-04-22 21:41:46.001998,16.433115005493164
2026-04-22 21:41:46.204458,2026-04-22 21:41:46.204458,16.07752227783203
2026-04-22 21:41:46.402016,2026-04-22 21:41:46.402016,17.1815185546875
2026-04-22 21:41:46.601550,2026-04-22 21:41:46.601550,16.537885665893555
2026-04-22 21:41:46.803768,2026-04-22 21:41:46.803768,17.572826385498047
2026-04-22 21:41:47.001299,2026-04-22 21:41:47.001299,16.87049674987793
2026-04-22 21:41:47.201832,2026-04-22 21:41:47.201832,16.273515701293945
2026-04-22 21:41:47.402289,2026-04-22 21:41:47.402289,15.590301513671877
2026-04-22 21:41:47.601761,2026-04-22 21:41:47.601761,15.009568214416504
2026-04-22 21:41:47.801392,2026-04-22 21:41:47.801392,14.515945434570312
2026-04-22 21:41:48.001962,2026-04-22 21:41:48.001962,14.096365928649902
2026-04-22 21:41:48.201695,2026-04-22 21:41:48.201695,13.739724159240724
2026-04-22 21:41:48.402154,2026-04-22 21:41:48.402154,13.436577796936035
2026-04-22 21:41:48.602825,2026-04-22 21:41:48.602825,13.003122329711914
2026-04-22 21:41:48.801386,2026-04-22 21:41:48.801386,12.458904266357422
2026-04-22 21:41:49.004086,2026-04-22 21:41:49.004086,12.172100067138672
2026-04-22 21:41:49.201392,2026-04-22 21:41:49.201392,11.928316116333008
2026-04-22 21:41:49.401478,2026-04-22 21:41:49.401478,11.721099853515623
2026-04-22 21:41:49.601427,2026-04-22 21:41:49.601427,11.720746994018556
2026-04-22 21:41:49.802930,2026-04-22 21:41:49.802930,11.544666290283203
2026-04-22 21:41:50.002458,2026-04-22 21:41:50.002458,11.394997596740724
2026-04-22 21:41:50.202419,2026-04-22 21:41:50.202419,11.267779350280762
2026-04-22 21:41:50.411373,2026-04-22 21:41:50.411373,11.15964412689209
2026-04-22 21:41:50.601758,2026-04-22 21:41:50.601758,10.89194679260254
2026-04-22 21:41:50.803555,2026-04-22 21:41:50.803555,10.66440486907959
2026-04-22 21:41:51.001443,2026-04-22 21:41:51.001443,10.470993995666504
2026-04-22 21:41:51.202701,2026-04-22 21:41:51.202701,10.306594848632812
2026-04-22 21:41:51.401772,2026-04-22 21:41:51.401772,10.166855812072754
2026-04-22 21:41:51.601428,2026-04-22 21:41:51.601428,10.048077583312988
2026-04-22 21:41:51.801588,2026-04-22 21:41:51.801588,9.947115898132324
2026-04-22 21:41:52.002660,2026-04-22 21:41:52.002660,9.861298561096191
2026-04-22 21:41:52.202399,2026-04-22 21:41:52.202399,9.78835391998291
2026-04-22 21:41:52.402483,2026-04-22 21:41:52.402483,9.726350784301758
2026-04-22 21:41:52.601427,2026-04-22 21:41:52.601427,9.6736478805542
2026-04-22 21:41:52.802217,2026-04-22 21:41:52.802217,9.628850936889648
2026-04-22 21:41:53.001425,2026-04-22 21:41:53.001425,9.590773582458496
2026-04-22 21:41:53.203969,2026-04-22 21:41:53.203969,9.558406829833984
2026-04-22 21:41:53.401435,2026-04-22 21:41:53.401435,9.530896186828612
2026-04-22 21:41:53.603699,2026-04-22 21:41:53.603699,9.507512092590332
2026-04-22 21:41:53.812017,2026-04-22 21:41:53.812017,9.487634658813477
2026-04-22 21:41:54.001778,2026-04-22 21:41:54.001778,9.470739364624023
2026-04-22 21:41:54.201483,2026-04-22 21:41:54.201483,9.456378936767578
2026-04-22 21:41:54.403240,2026-04-22 21:41:54.403240,9.444171905517578
2026-04-22 21:41:54.601880,2026-04-22 21:41:54.601880,9.433795928955078
2026-04-22 21:41:54.802083,2026-04-22 21:41:54.802083,9.600757598876951
2026-04-22 21:41:55.004022,2026-04-22 21:41:55.004022,9.74267578125
2026-04-22 21:41:55.202050,2026-04-22 21:41:55.202050,9.86330509185791
2026-04-22 21:41:55.403256,2026-04-22 21:41:55.403256,9.96584129333496
2026-04-22 21:41:55.601780,2026-04-22 21:41:55.601780,10.228776931762695
2026-04-22 21:41:55.803065,2026-04-22 21:41:55.803065,10.62805461883545
2026-04-22 21:41:56.001616,2026-04-22 21:41:56.001616,10.967439651489258
2026-04-22 21:41:56.204124,2026-04-22 21:41:56.204124,11.0801362991333
2026-04-22 21:41:56.403515,2026-04-22 21:41:56.403515,11.175928115844728
2026-04-22 21:41:56.602069,2026-04-22 21:41:56.602069,11.433133125305176
2026-04-22 21:41:56.802392,2026-04-22 21:41:56.802392,11.65175724029541
2026-04-22 21:41:57.004099,2026-04-22 21:41:57.004099,11.837587356567385
2026-04-22 21:41:57.204304,2026-04-22 21:41:57.204304,12.171323776245115
2026-04-22 21:41:57.403132,2026-04-22 21:41:57.403132,12.806562423706056
2026-04-22 21:41:57.604461,2026-04-22 21:41:57.604461,13.346515655517578
2026-04-22 21:41:57.802262,2026-04-22 21:41:57.802262,13.981257438659668
2026-04-22 21:41:58.002800,2026-04-22 21:41:58.002800,14.520787239074709
2026-04-22 21:41:58.204270,2026-04-22 21:41:58.204270,15.155169486999512
2026-04-22 21:41:58.402464,2026-04-22 21:41:58.402464,15.6943941116333
2026-04-22 21:41:58.601322,2026-04-22 21:41:58.601322,16.152734756469727
2026-04-22 21:41:58.801436,2026-04-22 21:41:58.801436,16.54232406616211
2026-04-22 21:41:59.003510,2026-04-22 21:41:59.003510,16.697694778442383
2026-04-22 21:41:59.203013,2026-04-22 21:41:59.203013,16.82975959777832
2026-04-22 21:41:59.401739,2026-04-22 21:41:59.401739,17.117795944213867
2026-04-22 21:41:59.602565,2026-04-22 21:41:59.602565,17.186843872070312
2026-04-22 21:41:59.802269,2026-04-22 21:41:59.802269,18.47600555419922
2026-04-22 21:42:00.001724,2026-04-22 21:42:00.001724,19.571792602539062
2026-04-22 21:42:00.203364,2026-04-22 21:42:00.203364,20.503210067749023
2026-04-22 21:42:00.406931,2026-04-22 21:42:00.406931,21.2949161529541
2026-04-22 21:42:00.602824,2026-04-22 21:42:00.602824,22.143648147583008
2026-04-22 21:42:00.802809,2026-04-22 21:42:00.802809,22.865070343017575
2026-04-22 21:42:01.003497,2026-04-22 21:42:01.003497,23.4782772064209
2026-04-22 21:42:01.201972,2026-04-22 21:42:01.201972,23.82372283935547
2026-04-22 21:42:01.402081,2026-04-22 21:42:01.402081,24.11735343933105
2026-04-22 21:42:01.602908,2026-04-22 21:42:01.602908,24.3669376373291
2026-04-22 21:42:01.802521,2026-04-22 21:42:01.802521,24.754865646362305
2026-04-22 21:42:02.004148,2026-04-22 21:42:02.004148,25.084604263305664
2026-04-22 21:42:02.202278,2026-04-22 21:42:02.202278,25.36488151550293
2026-04-22 21:42:02.401941,2026-04-22 21:42:02.401941,25.60311889648437
2026-04-22 21:42:02.601692,2026-04-22 21:42:02.601692,25.805620193481445
2026-04-22 21:42:02.801836,2026-04-22 21:42:02.801836,25.977745056152344
2026-04-22 21:42:03.002107,2026-04-22 21:42:03.002107,26.12405204772949
2026-04-22 21:42:03.201490,2026-04-22 21:42:03.201490,26.2484130859375
2026-04-22 21:42:03.402049,2026-04-22 21:42:03.402049,26.3541202545166
2026-04-22 21:42:03.601630,2026-04-22 21:42:03.601630,26.443971633911133
2026-04-22 21:42:03.801560,2026-04-22 21:42:03.801560,26.520343780517575
2026-04-22 21:42:04.001608,2026-04-22 21:42:04.001608,26.58526039123535
2026-04-22 21:42:04.202956,2026-04-22 21:42:04.202956,26.640439987182617
2026-04-22 21:42:04.402408,2026-04-22 21:42:04.402408,26.68734359741211
2026-04-22 21:42:04.601511,2026-04-22 21:42:04.601511,26.90299224853516
2026-04-22 21:42:04.807956,2026-04-22 21:42:04.807956,24.801136016845703
2026-04-22 21:42:05.004440,2026-04-22 21:42:05.004440,22.83877944946289
2026-04-22 21:42:05.202451,2026-04-22 21:42:05.202451,21.170774459838867
2026-04-22 21:42:05.401849,2026-04-22 21:42:05.401849,19.75297164916992
2026-04-22 21:42:05.602695,2026-04-22 21:42:05.602695,18.54783821105957
2026-04-22 21:42:05.802069,2026-04-22 21:42:05.802069,17.523473739624023
2026-04-22 21:42:06.002589,2026-04-22 21:42:06.002589,16.65276527404785
2026-04-22 21:42:06.201476,2026-04-22 21:42:06.201476,15.912663459777832
2026-04-22 21:42:06.401872,2026-04-22 21:42:06.401872,15.283576011657717
2026-04-22 21:42:06.603949,2026-04-22 21:42:06.603949,14.748852729797363
2026-04-22 21:42:06.801386,2026-04-22 21:42:06.801386,14.294337272644045
2026-04-22 21:42:07.001675,2026-04-22 21:42:07.001675,13.907999038696287
2026-04-22 21:42:07.201537,2026-04-22 21:42:07.201537,13.579611778259276
2026-04-22 21:42:07.401729,2026-04-22 21:42:07.401729,13.300482749938965
2026-04-22 21:42:07.601671,2026-04-22 21:42:07.601671,13.063222885131836
2026-04-22 21:42:07.802027,2026-04-22 21:42:07.802027,12.86155128479004
2026-04-22 21:42:08.001503,2026-04-22 21:42:08.001503,12.865912437438965
2026-04-22 21:42:08.202490,2026-04-22 21:42:08.202490,12.869619369506836
2026-04-22 21:42:08.401586,2026-04-22 21:42:08.401586,12.872770309448242
2026-04-22 21:42:08.603636,2026-04-22 21:42:08.603636,13.051229476928713
2026-04-22 21:42:08.802201,2026-04-22 21:42:08.802201,13.027138710021973
2026-04-22 21:42:21.901463,2026-04-22 21:42:21.901463,13.182443618774414
2026-04-22 21:42:22.101871,2026-04-22 21:42:22.101871,13.490233421325684
2026-04-22 21:42:22.301888,2026-04-22 21:42:22.301888,13.751853942871094
2026-04-22 21:42:22.502151,2026-04-22 21:42:22.502151,13.97423267364502
2026-04-22 21:42:22.702831,2026-04-22 21:42:22.702831,14.339035034179688
2026-04-22 21:42:22.903125,2026-04-22 21:42:22.903125,14.473336219787598
2026-04-22 21:42:23.101807,2026-04-22 21:42:23.101807,14.587491989135742
2026-04-22 21:42:23.302481,2026-04-22 21:42:23.302481,14.684524536132812
2026-04-22 21:42:23.501846,2026-04-22 21:42:23.501846,14.94278335571289
2026-04-22 21:42:23.702260,2026-04-22 21:42:23.702260,14.98652172088623
2026-04-22 21:42:23.902140,2026-04-22 21:42:23.902140,15.199481010437012
2026-04-22 21:42:24.101526,2026-04-22 21:42:24.101526,15.38049602508545
2026-04-22 21:42:24.302585,2026-04-22 21:42:24.302585,15.5343599319458
2026-04-22 21:42:24.502270,2026-04-22 21:42:24.502270,15.840924263000488
2026-04-22 21:42:24.702560,2026-04-22 21:42:24.702560,16.101505279541016
2026-04-22 21:42:24.902775,2026-04-22 21:42:24.902775,16.322998046875
2026-04-22 21:42:25.103495,2026-04-22 21:42:25.103495,16.511266708374023
2026-04-22 21:42:25.301909,2026-04-22 21:42:25.301909,16.495513916015625
2026-04-22 21:42:25.501728,2026-04-22 21:42:25.501728,16.48212432861328
2026-04-22 21:42:25.701475,2026-04-22 21:42:25.701475,16.47074317932129
2026-04-22 21:42:25.902303,2026-04-22 21:42:25.902303,16.461069107055664
2026-04-22 21:42:26.102149,2026-04-22 21:42:26.102149,16.45284652709961
2026-04-22 21:42:26.301562,2026-04-22 21:42:26.301562,16.44585609436035
2026-04-22 21:42:26.502147,2026-04-22 21:42:26.502147,16.439916610717773
2026-04-22 21:42:26.701325,2026-04-22 21:42:26.701325,16.259084701538086
2026-04-22 21:42:26.902233,2026-04-22 21:42:26.902233,15.92959690093994
2026-04-22 21:42:27.102010,2026-04-22 21:42:27.102010,15.825313568115234
2026-04-22 21:42:27.302146,2026-04-22 21:42:27.302146,15.91245460510254
2026-04-22 21:42:27.503293,2026-04-22 21:42:27.503293,15.810742378234863
2026-04-22 21:42:27.702203,2026-04-22 21:42:27.702203,15.900068283081056
2026-04-22 21:42:27.903713,2026-04-22 21:42:27.903713,15.800214767456056
2026-04-22 21:42:28.101987,2026-04-22 21:42:28.101987,15.715338706970217
2026-04-22 21:42:28.301557,2026-04-22 21:42:28.301557,15.643194198608398
2026-04-22 21:42:28.502442,2026-04-22 21:42:28.502442,15.581871032714844
2026-04-22 21:42:28.701591,2026-04-22 21:42:28.701591,15.529747009277344
2026-04-22 21:42:28.902029,2026-04-22 21:42:28.902029,15.485441207885742
2026-04-22 21:42:29.102516,2026-04-22 21:42:29.102516,15.62356185913086
2026-04-22 21:42:29.304489,2026-04-22 21:42:29.304489,15.740965843200684
2026-04-22 21:42:29.501341,2026-04-22 21:42:29.501341,15.840758323669434
2026-04-22 21:42:29.701515,2026-04-22 21:42:29.701515,16.101362228393555
2026-04-22 21:42:29.901343,2026-04-22 21:42:29.901343,16.147096633911133
2026-04-22 21:42:30.101572,2026-04-22 21:42:30.101572,16.18596839904785
2026-04-22 21:42:30.301402,2026-04-22 21:42:30.301402,16.394792556762695
2026-04-22 21:42:30.501451,2026-04-22 21:42:30.501451,16.74807357788086
2026-04-22 21:42:30.703984,2026-04-22 21:42:30.703984,17.048362731933594
2026-04-22 21:42:30.903042,2026-04-22 21:42:30.903042,17.303607940673828
2026-04-22 21:42:31.103286,2026-04-22 21:42:31.103286,17.696348190307617
2026-04-22 21:42:31.301745,2026-04-22 21:42:31.301745,18.03017807006836
2026-04-22 21:42:31.501264,2026-04-22 21:42:31.501264,18.13815116882324
2026-04-22 21:42:31.701426,2026-04-22 21:42:31.701426,18.405710220336918
2026-04-22 21:42:31.902172,2026-04-22 21:42:31.902172,18.633134841918945
2026-04-22 21:42:32.102655,2026-04-22 21:42:32.102655,18.65066337585449
2026-04-22 21:42:32.302694,2026-04-22 21:42:32.302694,18.841344833374023
2026-04-22 21:42:32.502051,2026-04-22 21:42:32.502051,19.00342559814453
2026-04-22 21:42:32.701380,2026-04-22 21:42:32.701380,19.141193389892575
2026-04-22 21:42:32.901497,2026-04-22 21:42:32.901497,19.4340763092041
2026-04-22 21:42:33.102388,2026-04-22 21:42:33.102388,19.68302726745605
2026-04-22 21:42:33.301497,2026-04-22 21:42:33.301497,19.894636154174805
2026-04-22 21:42:33.501370,2026-04-22 21:42:33.501370,20.07450294494629
2026-04-22 21:42:33.704411,2026-04-22 21:42:33.704411,20.22739028930664
2026-04-22 21:42:33.904269,2026-04-22 21:42:33.904269,20.35734367370605
2026-04-22 21:42:34.102094,2026-04-22 21:42:34.102094,20.467803955078125
2026-04-22 21:42:34.301396,2026-04-22 21:42:34.301396,20.561697006225582
2026-04-22 21:42:34.502314,2026-04-22 21:42:34.502314,20.641504287719727
2026-04-22 21:42:34.701464,2026-04-22 21:42:34.701464,20.709341049194336
2026-04-22 21:42:34.901962,2026-04-22 21:42:34.901962,20.94278335571289
2026-04-22 21:42:35.101334,2026-04-22 21:42:35.101334,20.965429306030277
2026-04-22 21:42:35.303096,2026-04-22 21:42:35.303096,20.984676361083984
2026-04-22 21:42:35.501701,2026-04-22 21:42:35.501701,21.17681884765625
2026-04-22 21:42:35.705934,2026-04-22 21:42:35.705934,21.16435813903809
2026-04-22 21:42:35.902218,2026-04-22 21:42:35.902218,21.32954788208008
2026-04-22 21:42:36.104031,2026-04-22 21:42:36.104031,21.469959259033203
2026-04-22 21:42:36.301614,2026-04-22 21:42:36.301614,21.58930969238281
2026-04-22 21:42:36.503603,2026-04-22 21:42:36.503603,21.690757751464844
2026-04-22 21:42:36.702128,2026-04-22 21:42:36.702128,21.776987075805664
2026-04-22 21:42:36.903761,2026-04-22 21:42:36.903761,21.850282669067383
2026-04-22 21:42:37.102265,2026-04-22 21:42:37.102265,21.91258430480957
2026-04-22 21:42:37.302118,2026-04-22 21:42:37.302118,21.965539932250977
2026-04-22 21:42:37.506230,2026-04-22 21:42:37.506230,22.01055335998535
2026-04-22 21:42:37.703534,2026-04-22 21:42:37.703534,22.04881477355957
2026-04-22 21:42:37.904740,2026-04-22 21:42:37.904740,22.081335067749023
2026-04-22 21:42:38.103253,2026-04-22 21:42:38.103253,22.10897827148437
2026-04-22 21:42:38.306809,2026-04-22 21:42:38.306809,22.132476806640625
2026-04-22 21:42:38.503822,2026-04-22 21:42:38.503822,22.152448654174805
2026-04-22 21:42:38.703116,2026-04-22 21:42:38.703116,22.16942405700684
2026-04-22 21:42:38.902786,2026-04-22 21:42:38.902786,22.18385505676269
2026-04-22 21:42:39.103091,2026-04-22 21:42:39.103091,22.371902465820312
2026-04-22 21:42:39.306802,2026-04-22 21:42:39.306802,22.355960845947266
2026-04-22 21:42:39.501756,2026-04-22 21:42:39.501756,22.342409133911133
2026-04-22 21:42:39.702705,2026-04-22 21:42:39.702705,22.50667381286621
2026-04-22 21:42:39.903053,2026-04-22 21:42:39.903053,22.646297454833984
2026-04-22 21:42:40.101841,2026-04-22 21:42:40.101841,22.76497840881348
2026-04-22 21:42:40.302471,2026-04-22 21:42:40.302471,23.041637420654297
2026-04-22 21:42:40.503723,2026-04-22 21:42:40.503723,23.628360748291016
2026-04-22 21:42:40.702171,2026-04-22 21:42:40.702171,23.7755126953125
2026-04-22 21:42:40.903750,2026-04-22 21:42:40.903750,24.07637405395508
2026-04-22 21:42:41.102035,2026-04-22 21:42:41.102035,24.33210563659668
2026-04-22 21:42:41.301538,2026-04-22 21:42:41.301538,24.37369537353516
2026-04-22 21:42:41.503360,2026-04-22 21:42:41.503360,24.584829330444336
2026-04-22 21:42:41.705291,2026-04-22 21:42:41.705291,24.764291763305664
2026-04-22 21:42:41.903902,2026-04-22 21:42:41.903902,24.74105453491211
2026-04-22 21:42:42.101445,2026-04-22 21:42:42.101445,24.897083282470703
2026-04-22 21:42:42.302593,2026-04-22 21:42:42.302593,25.029708862304688
2026-04-22 21:42:42.505795,2026-04-22 21:42:42.505795,25.142438888549805
2026-04-22 21:42:42.706792,2026-04-22 21:42:42.706792,25.238262176513672
2026-04-22 21:42:42.901461,2026-04-22 21:42:42.901461,25.49549102783203
2026-04-22 21:42:43.102035,2026-04-22 21:42:43.102035,25.714136123657227
2026-04-22 21:42:43.301529,2026-04-22 21:42:43.301529,25.89998435974121
2026-04-22 21:42:43.501750,2026-04-22 21:42:43.501750,26.057954788208008
2026-04-22 21:42:43.702481,2026-04-22 21:42:43.702481,26.19223022460937
2026-04-22 21:42:43.902954,2026-04-22 21:42:43.902954,26.30636405944824
2026-04-22 21:42:44.102444,2026-04-22 21:42:44.102444,26.403379440307617
2026-04-22 21:42:44.301281,2026-04-22 21:42:44.301281,26.485841751098636
2026-04-22 21:42:44.502520,2026-04-22 21:42:44.502520,26.380151748657227
2026-04-22 21:42:44.703083,2026-04-22 21:42:44.703083,26.29031753540039
2026-04-22 21:42:44.901715,2026-04-22 21:42:44.901715,26.213956832885746
2026-04-22 21:42:45.101568,2026-04-22 21:42:45.101568,26.14905166625977
2026-04-22 21:42:45.304313,2026-04-22 21:42:45.304313,26.093881607055664
2026-04-22 21:42:45.501381,2026-04-22 21:42:45.501381,26.046985626220703
2026-04-22 21:42:45.701692,2026-04-22 21:42:45.701692,26.007125854492188
2026-04-22 21:42:45.901532,2026-04-22 21:42:45.901532,25.973243713378903
2026-04-22 21:42:46.105822,2026-04-22 21:42:46.105822,25.94444465637207
2026-04-22 21:42:46.301941,2026-04-22 21:42:46.301941,25.919965744018555
2026-04-22 21:42:46.501580,2026-04-22 21:42:46.501580,25.899158477783203
2026-04-22 21:42:46.702379,2026-04-22 21:42:46.702379,25.881471633911133
2026-04-22 21:42:46.902251,2026-04-22 21:42:46.902251,25.866439819335938
2026-04-22 21:42:47.101371,2026-04-22 21:42:47.101371,25.853660583496094
2026-04-22 21:43:00.205210,2026-04-22 21:43:00.205210,25.842798233032227
2026-04-22 21:43:00.402035,2026-04-22 21:43:00.402035,25.83356666564941
2026-04-22 21:43:00.603604,2026-04-22 21:43:00.603604,25.825719833374023
2026-04-22 21:43:00.803344,2026-04-22 21:43:00.803344,25.819047927856445
2026-04-22 21:43:01.002909,2026-04-22 21:43:01.002909,25.813379287719727
2026-04-22 21:43:01.202296,2026-04-22 21:43:01.202296,25.80855941772461
2026-04-22 21:43:01.403145,2026-04-22 21:43:01.403145,25.804462432861328
2026-04-22 21:43:01.602978,2026-04-22 21:43:01.602978,25.800981521606445
2026-04-22 21:43:01.806328,2026-04-22 21:43:01.806328,25.62224006652832
2026-04-22 21:43:02.001361,2026-04-22 21:43:02.001361,25.47031021118164
2026-04-22 21:43:02.201902,2026-04-22 21:43:02.201902,25.341169357299805
2026-04-22 21:43:02.404143,2026-04-22 21:43:02.404143,25.231401443481445
2026-04-22 21:43:02.603429,2026-04-22 21:43:02.603429,25.138097763061523
2026-04-22 21:43:02.803077,2026-04-22 21:43:02.803077,25.058788299560547
2026-04-22 21:43:03.001817,2026-04-22 21:43:03.001817,24.99137687683105
2026-04-22 21:43:03.203388,2026-04-22 21:43:03.203388,24.9340763092041
2026-04-22 21:43:03.402115,2026-04-22 21:43:03.402115,24.8853702545166
2026-04-22 21:43:03.602259,2026-04-22 21:43:03.602259,24.668190002441406
2026-04-22 21:43:03.801851,2026-04-22 21:43:03.801851,24.48358726501465
2026-04-22 21:43:04.002374,2026-04-22 21:43:04.002374,24.32667350769043
2026-04-22 21:43:04.201885,2026-04-22 21:43:04.201885,24.19329833984375
2026-04-22 21:43:04.402128,2026-04-22 21:43:04.402128,24.079927444458008
2026-04-22 21:43:04.602114,2026-04-22 21:43:04.602114,22.22575187683105
2026-04-22 21:43:04.801536,2026-04-22 21:43:04.801536,22.231733322143555
2026-04-22 21:43:05.001666,2026-04-22 21:43:05.001666,22.41259765625
2026-04-22 21:43:05.202441,2026-04-22 21:43:05.202441,22.390552520751957
2026-04-22 21:43:05.403267,2026-04-22 21:43:05.403267,22.37181282043457
2026-04-22 21:43:05.601985,2026-04-22 21:43:05.601985,22.355884552001957
2026-04-22 21:43:05.801842,2026-04-22 21:43:05.801842,22.34234619140625
2026-04-22 21:43:06.001909,2026-04-22 21:43:06.001909,22.15505599975586
2026-04-22 21:43:06.201911,2026-04-22 21:43:06.201911,21.9958610534668
2026-04-22 21:43:06.401492,2026-04-22 21:43:06.401492,21.860544204711918
2026-04-22 21:43:06.601893,2026-04-22 21:43:06.601893,21.745525360107425
2026-04-22 21:43:06.802448,2026-04-22 21:43:06.802448,21.64775848388672
2026-04-22 21:43:07.003213,2026-04-22 21:43:07.003213,21.56465721130371
2026-04-22 21:43:07.205240,2026-04-22 21:43:07.205240,21.494020462036133
2026-04-22 21:43:07.401945,2026-04-22 21:43:07.401945,21.43398094177246
2026-04-22 21:43:07.602375,2026-04-22 21:43:07.602375,21.382946014404297
2026-04-22 21:43:07.801716,2026-04-22 21:43:07.801716,21.33956718444824
2026-04-22 21:43:08.004179,2026-04-22 21:43:08.004179,21.30269432067871
2026-04-22 21:43:08.204863,2026-04-22 21:43:08.204863,21.271352767944336
2026-04-22 21:43:08.402929,2026-04-22 21:43:08.402929,21.244712829589844
2026-04-22 21:43:08.601442,2026-04-22 21:43:08.601442,21.22206687927246
2026-04-22 21:43:08.801467,2026-04-22 21:43:08.801467,21.02703857421875
2026-04-22 21:43:09.003063,2026-04-22 21:43:09.003063,20.86126518249512
2026-04-22 21:43:09.201449,2026-04-22 21:43:09.201449,20.720355987548828
2026-04-22 21:43:09.401508,2026-04-22 21:43:09.401508,20.600584030151367
2026-04-22 21:43:09.601333,2026-04-22 21:43:09.601333,20.498777389526367
2026-04-22 21:43:09.801295,2026-04-22 21:43:09.801295,20.412242889404297
2026-04-22 21:43:10.001557,2026-04-22 21:43:10.001557,20.33868789672852
2026-04-22 21:43:10.201456,2026-04-22 21:43:10.201456,20.27616500854492
2026-04-22 21:43:10.402909,2026-04-22 21:43:10.402909,20.3988037109375
2026-04-22 21:43:10.601455,2026-04-22 21:43:10.601455,20.50304412841797
2026-04-22 21:43:10.801453,2026-04-22 21:43:10.801453,20.591650009155277
2026-04-22 21:43:11.001764,2026-04-22 21:43:11.001764,20.84274673461914
2026-04-22 21:43:11.201842,2026-04-22 21:43:11.201842,20.88039779663086
2026-04-22 21:43:11.402918,2026-04-22 21:43:11.402918,20.912399291992188
2026-04-22 21:43:11.602308,2026-04-22 21:43:11.602308,20.93960189819336
2026-04-22 21:43:11.802263,2026-04-22 21:43:11.802263,21.138505935668945
2026-04-22 21:43:12.002115,2026-04-22 21:43:12.002115,21.131792068481445
2026-04-22 21:43:12.201594,2026-04-22 21:43:12.201594,21.301868438720703
2026-04-22 21:43:12.401352,2026-04-22 21:43:12.401352,21.446430206298828
2026-04-22 21:43:12.601868,2026-04-22 21:43:12.601868,21.569311141967773
2026-04-22 21:43:12.802520,2026-04-22 21:43:12.802520,21.673757553100582
2026-04-22 21:43:13.003606,2026-04-22 21:43:13.003606,21.76253700256348
2026-04-22 21:43:13.202334,2026-04-22 21:43:13.202334,21.838001251220703
2026-04-22 21:43:13.401459,2026-04-22 21:43:13.401459,21.902143478393555
2026-04-22 21:43:13.603298,2026-04-22 21:43:13.603298,21.956666946411133
2026-04-22 21:43:13.804121,2026-04-22 21:43:13.804121,21.827228546142575
2026-04-22 21:43:14.002240,2026-04-22 21:43:14.002240,21.71720695495605
2026-04-22 21:43:14.204080,2026-04-22 21:43:14.204080,21.799468994140625
2026-04-22 21:43:14.402431,2026-04-22 21:43:14.402431,22.74829864501953
2026-04-22 21:43:14.603131,2026-04-22 21:43:14.603131,23.5548038482666
2026-04-22 21:43:14.801649,2026-04-22 21:43:14.801649,24.416114807128903
2026-04-22 21:43:15.003403,2026-04-22 21:43:15.003403,25.148229598999023
2026-04-22 21:43:15.201994,2026-04-22 21:43:15.201994,25.77052497863769
2026-04-22 21:43:15.402304,2026-04-22 21:43:15.402304,26.29947853088379
2026-04-22 21:43:15.601640,2026-04-22 21:43:15.601640,26.74908828735352
2026-04-22 21:43:15.803202,2026-04-22 21:43:15.803202,27.131256103515625
2026-04-22 21:43:16.001876,2026-04-22 21:43:16.001876,27.456098556518555
2026-04-22 21:43:16.202370,2026-04-22 21:43:16.202370,27.732215881347656
2026-04-22 21:43:16.401856,2026-04-22 21:43:16.401856,27.9669132232666
2026-04-22 21:43:16.602023,2026-04-22 21:43:16.602023,28.16640853881836
2026-04-22 21:43:16.801893,2026-04-22 21:43:16.801893,28.33597755432129
2026-04-22 21:43:17.003090,2026-04-22 21:43:17.003090,28.480112075805664
2026-04-22 21:43:17.201616,2026-04-22 21:43:17.201616,28.60262680053711
2026-04-22 21:43:17.402021,2026-04-22 21:43:17.402021,28.706764221191406
2026-04-22 21:43:17.601814,2026-04-22 21:43:17.601814,28.79528045654297
2026-04-22 21:43:17.802366,2026-04-22 21:43:17.802366,28.870519638061523
2026-04-22 21:43:18.003013,2026-04-22 21:43:18.003013,28.934473037719727
2026-04-22 21:43:18.202260,2026-04-22 21:43:18.202260,28.98883438110352
2026-04-22 21:43:18.404652,2026-04-22 21:43:18.404652,29.0350399017334
2026-04-22 21:43:18.602398,2026-04-22 21:43:18.602398,29.07431411743164
2026-04-22 21:43:18.802429,2026-04-22 21:43:18.802429,29.10769844055176
2026-04-22 21:43:19.002237,2026-04-22 21:43:19.002237,29.136075973510746
2026-04-22 21:43:19.202664,2026-04-22 21:43:19.202664,29.16019630432129
2026-04-22 21:43:19.404744,2026-04-22 21:43:19.404744,29.18069648742676
2026-04-22 21:43:19.603663,2026-04-22 21:43:19.603663,29.19812393188477
2026-04-22 21:43:19.804111,2026-04-22 21:43:19.804111,29.212936401367188
2026-04-22 21:43:20.004554,2026-04-22 21:43:20.004554,29.225526809692383
2026-04-22 21:43:20.203348,2026-04-22 21:43:20.203348,29.236228942871094
2026-04-22 21:43:20.401822,2026-04-22 21:43:20.401822,29.24532699584961
2026-04-22 21:43:20.602727,2026-04-22 21:43:20.602727,29.25305938720703
2026-04-22 21:43:20.803020,2026-04-22 21:43:20.803020,29.25963020324707
2026-04-22 21:43:21.004342,2026-04-22 21:43:21.004342,29.265216827392575
2026-04-22 21:43:21.203298,2026-04-22 21:43:21.203298,29.26996612548828
2026-04-22 21:43:21.405314,2026-04-22 21:43:21.405314,29.274002075195312
2026-04-22 21:43:21.605217,2026-04-22 21:43:21.605217,29.277433395385746
2026-04-22 21:43:21.802985,2026-04-22 21:43:21.802985,29.280349731445312
2026-04-22 21:43:22.003887,2026-04-22 21:43:22.003887,29.28282928466797
2026-04-22 21:43:22.203197,2026-04-22 21:43:22.203197,29.284934997558597
2026-04-22 21:43:22.402854,2026-04-22 21:43:22.402854,29.286725997924805
2026-04-22 21:43:22.605684,2026-04-22 21:43:22.605684,29.28824806213379
2026-04-22 21:43:22.803677,2026-04-22 21:43:22.803677,27.70751190185547
2026-04-22 21:43:23.003027,2026-04-22 21:43:23.003027,26.36388397216797
2026-04-22 21:43:23.202174,2026-04-22 21:43:23.202174,25.2218017578125
2026-04-22 21:43:23.407182,2026-04-22 21:43:23.407182,24.07525062561035
2026-04-22 21:43:23.601441,2026-04-22 21:43:23.601441,23.10068130493164
2026-04-22 21:43:23.801583,2026-04-22 21:43:23.801583,24.03011131286621
2026-04-22 21:43:24.002598,2026-04-22 21:43:24.002598,23.062313079833984
2026-04-22 21:43:24.203300,2026-04-22 21:43:24.203300,22.23968505859375
2026-04-22 21:43:24.407225,2026-04-22 21:43:24.407225,21.364669799804688
2026-04-22 21:43:24.603142,2026-04-22 21:43:24.603142,20.445125579833984
2026-04-22 21:43:24.802249,2026-04-22 21:43:24.802249,19.66351318359375
2026-04-22 21:43:25.002303,2026-04-22 21:43:25.002303,18.999141693115234
2026-04-22 21:43:25.202816,2026-04-22 21:43:25.202816,18.43442726135254
2026-04-22 21:43:25.403701,2026-04-22 21:43:25.403701,17.77863883972168
2026-04-22 21:43:38.503073,2026-04-22 21:43:38.503073,16.86965560913086
2026-04-22 21:43:38.702255,2026-04-22 21:43:38.702255,16.44858169555664
2026-04-22 21:43:38.903486,2026-04-22 21:43:38.903486,15.914888381958008
2026-04-22 21:43:39.102216,2026-04-22 21:43:39.102216,15.461248397827148
2026-04-22 21:43:39.301614,2026-04-22 21:43:39.301614,14.899873733520508
2026-04-22 21:43:39.501578,2026-04-22 21:43:39.501578,14.59848690032959
2026-04-22 21:43:39.703682,2026-04-22 21:43:39.703682,14.342307090759276
2026-04-22 21:43:39.902987,2026-04-22 21:43:39.902987,14.124554634094238
2026-04-22 21:43:40.102365,2026-04-22 21:43:40.102365,13.939465522766112
2026-04-22 21:43:40.304597,2026-04-22 21:43:40.304597,13.957921028137209
2026-04-22 21:43:40.506019,2026-04-22 21:43:40.506019,14.149388313293455
2026-04-22 21:43:40.702521,2026-04-22 21:43:40.702521,14.13635540008545
2026-04-22 21:43:40.902277,2026-04-22 21:43:40.902277,14.125277519226074
2026-04-22 21:43:41.102626,2026-04-22 21:43:41.102626,14.11586093902588
2026-04-22 21:43:41.304736,2026-04-22 21:43:41.304736,14.10785675048828
2026-04-22 21:43:41.502019,2026-04-22 21:43:41.502019,14.10105323791504
2026-04-22 21:43:41.702080,2026-04-22 21:43:41.702080,14.095270156860352
2026-04-22 21:43:41.904494,2026-04-22 21:43:41.904494,14.266136169433594
2026-04-22 21:43:42.101735,2026-04-22 21:43:42.101735,14.411371231079102
2026-04-22 21:43:42.303614,2026-04-22 21:43:42.303614,14.534822463989258
2026-04-22 21:43:42.503567,2026-04-22 21:43:42.503567,14.639755249023438
2026-04-22 21:43:42.703353,2026-04-22 21:43:42.703353,14.553166389465332
2026-04-22 21:43:42.904855,2026-04-22 21:43:42.904855,14.47956657409668
2026-04-22 21:43:43.103119,2026-04-22 21:43:43.103119,14.592787742614746
2026-04-22 21:43:43.303671,2026-04-22 21:43:43.303671,14.68902587890625
2026-04-22 21:43:43.502073,2026-04-22 21:43:43.502073,14.770828247070312
2026-04-22 21:43:43.704051,2026-04-22 21:43:43.704051,14.840360641479492
2026-04-22 21:43:43.902872,2026-04-22 21:43:43.902872,14.899462699890137
2026-04-22 21:43:44.103138,2026-04-22 21:43:44.103138,14.949699401855469
2026-04-22 21:43:44.302783,2026-04-22 21:43:44.302783,14.992401123046877
2026-04-22 21:43:44.501493,2026-04-22 21:43:44.501493,15.02869701385498
2026-04-22 21:43:44.701949,2026-04-22 21:43:44.701949,15.059548377990724
2026-04-22 21:43:44.904832,2026-04-22 21:43:44.904832,15.085772514343262
2026-04-22 21:43:45.103057,2026-04-22 21:43:45.103057,15.108062744140623
2026-04-22 21:43:45.304022,2026-04-22 21:43:45.304022,15.302790641784668
2026-04-22 21:43:45.502341,2026-04-22 21:43:45.502341,15.46830940246582
2026-04-22 21:43:45.712003,2026-04-22 21:43:45.712003,15.609001159667969
2026-04-22 21:43:45.902387,2026-04-22 21:43:45.902387,15.728588104248049
2026-04-22 21:43:46.102116,2026-04-22 21:43:46.102116,15.83023738861084
2026-04-22 21:43:46.301592,2026-04-22 21:43:46.301592,15.91663932800293
2026-04-22 21:43:46.502810,2026-04-22 21:43:46.502810,15.99008083343506
2026-04-22 21:43:46.703140,2026-04-22 21:43:46.703140,16.052505493164062
2026-04-22 21:43:46.902825,2026-04-22 21:43:46.902825,16.105567932128906
2026-04-22 21:43:47.102221,2026-04-22 21:43:47.102221,16.326452255249023
2026-04-22 21:43:47.302551,2026-04-22 21:43:47.302551,16.514202117919922
2026-04-22 21:43:47.511390,2026-04-22 21:43:47.511390,16.673789978027344
2026-04-22 21:43:47.701559,2026-04-22 21:43:47.701559,16.80944061279297
2026-04-22 21:43:47.902588,2026-04-22 21:43:47.902588,16.92474365234375
2026-04-22 21:43:48.102315,2026-04-22 21:43:48.102315,17.022750854492188
2026-04-22 21:43:48.302246,2026-04-22 21:43:48.302246,17.106056213378906
2026-04-22 21:43:48.502430,2026-04-22 21:43:48.502430,17.17686653137207
2026-04-22 21:43:48.702160,2026-04-22 21:43:48.702160,17.237056732177734
2026-04-22 21:43:48.902633,2026-04-22 21:43:48.902633,17.46399688720703
2026-04-22 21:43:49.102561,2026-04-22 21:43:49.102561,17.481117248535156
2026-04-22 21:43:49.302697,2026-04-22 21:43:49.302697,17.671449661254883
2026-04-22 21:43:49.511295,2026-04-22 21:43:49.511295,17.83323097229004
2026-04-22 21:43:49.701803,2026-04-22 21:43:49.701803,17.970746994018555
2026-04-22 21:43:49.902569,2026-04-22 21:43:49.902569,18.087635040283203
2026-04-22 21:43:50.102003,2026-04-22 21:43:50.102003,18.186988830566406
2026-04-22 21:43:50.301493,2026-04-22 21:43:50.301493,18.271440505981445
2026-04-22 21:43:50.502449,2026-04-22 21:43:50.502449,18.343225479125977
2026-04-22 21:43:50.701422,2026-04-22 21:43:50.701422,18.40424156188965
2026-04-22 21:43:50.903164,2026-04-22 21:43:50.903164,18.456104278564453
2026-04-22 21:43:51.102284,2026-04-22 21:43:51.102284,18.50018882751465
2026-04-22 21:43:51.301401,2026-04-22 21:43:51.301401,18.537660598754883
2026-04-22 21:43:51.501450,2026-04-22 21:43:51.501450,18.74529266357422
2026-04-22 21:43:51.701480,2026-04-22 21:43:51.701480,18.74599838256836
2026-04-22 21:43:51.901918,2026-04-22 21:43:51.901918,18.74659919738769
2026-04-22 21:43:52.102378,2026-04-22 21:43:52.102378,18.922889709472656
2026-04-22 21:43:52.301599,2026-04-22 21:43:52.301599,18.896957397460938
2026-04-22 21:43:52.501554,2026-04-22 21:43:52.501554,19.050695419311523
2026-04-22 21:43:52.712436,2026-04-22 21:43:52.712436,19.181371688842773
2026-04-22 21:43:52.904722,2026-04-22 21:43:52.904722,19.29244804382324
2026-04-22 21:43:53.102528,2026-04-22 21:43:53.102528,19.38686180114746
2026-04-22 21:43:53.302101,2026-04-22 21:43:53.302101,19.467113494873047
2026-04-22 21:43:53.501513,2026-04-22 21:43:53.501513,19.535327911376957
2026-04-22 21:43:53.702189,2026-04-22 21:43:53.702189,19.76909065246582
2026-04-22 21:43:53.904323,2026-04-22 21:43:53.904323,19.79200935363769
2026-04-22 21:43:54.114977,2026-04-22 21:43:54.114977,19.98727035522461
2026-04-22 21:43:54.303839,2026-04-22 21:43:54.303839,20.15324211120605
2026-04-22 21:43:54.512979,2026-04-22 21:43:54.512979,20.2943172454834
2026-04-22 21:43:54.701476,2026-04-22 21:43:54.701476,20.41423225402832
2026-04-22 21:43:54.912561,2026-04-22 21:43:54.912561,20.51616096496582
2026-04-22 21:43:55.101763,2026-04-22 21:43:55.101763,20.602798461914062
2026-04-22 21:43:55.302425,2026-04-22 21:43:55.302425,20.676441192626957
2026-04-22 21:43:55.503595,2026-04-22 21:43:55.503595,20.739038467407227
2026-04-22 21:43:55.702166,2026-04-22 21:43:55.702166,20.79224395751953
2026-04-22 21:43:55.901936,2026-04-22 21:43:55.901936,20.83747100830078
2026-04-22 21:43:56.103181,2026-04-22 21:43:56.103181,20.875911712646484
2026-04-22 21:43:56.312836,2026-04-22 21:43:56.312836,20.908588409423828
2026-04-22 21:43:56.502033,2026-04-22 21:43:56.502033,20.936363220214844
2026-04-22 21:43:56.712426,2026-04-22 21:43:56.712426,20.959970474243164
2026-04-22 21:43:56.912595,2026-04-22 21:43:56.912595,20.980037689208984
2026-04-22 21:43:57.113319,2026-04-22 21:43:57.113319,20.997095108032227
2026-04-22 21:43:57.305176,2026-04-22 21:43:57.305176,21.011592864990234
2026-04-22 21:43:57.502589,2026-04-22 21:43:57.502589,21.19969749450684
2026-04-22 21:43:57.703286,2026-04-22 21:43:57.703286,21.35958671569824
2026-04-22 21:43:57.905603,2026-04-22 21:43:57.905603,21.495492935180664
2026-04-22 21:43:58.101591,2026-04-22 21:43:58.101591,21.611011505126957
2026-04-22 21:43:58.303317,2026-04-22 21:43:58.303317,21.709203720092773
2026-04-22 21:43:58.502783,2026-04-22 21:43:58.502783,21.792667388916016
2026-04-22 21:43:58.702027,2026-04-22 21:43:58.702027,21.86361122131348
2026-04-22 21:43:58.902451,2026-04-22 21:43:58.902451,21.92391395568848
2026-04-22 21:43:59.102581,2026-04-22 21:43:59.102581,21.975170135498047
2026-04-22 21:43:59.301503,2026-04-22 21:43:59.301503,22.01873779296875
2026-04-22 21:43:59.501322,2026-04-22 21:43:59.501322,22.05577087402344
2026-04-22 21:43:59.703472,2026-04-22 21:43:59.703472,22.08724975585937
2026-04-22 21:43:59.902438,2026-04-22 21:43:59.902438,22.11400604248047
2026-04-22 21:44:00.101361,2026-04-22 21:44:00.101361,22.136749267578125
2026-04-22 21:44:00.302290,2026-04-22 21:44:00.302290,22.15608024597168
2026-04-22 21:44:00.502199,2026-04-22 21:44:00.502199,22.17251205444336
2026-04-22 21:44:00.703461,2026-04-22 21:44:00.703461,22.186479568481445
2026-04-22 21:44:00.904306,2026-04-22 21:44:00.904306,22.19835090637207
2026-04-22 21:44:01.112257,2026-04-22 21:44:01.112257,22.03266143798828
2026-04-22 21:44:01.311622,2026-04-22 21:44:01.311622,21.89182472229004
2026-04-22 21:44:01.504228,2026-04-22 21:44:01.504228,21.772113800048828
2026-04-22 21:44:01.712289,2026-04-22 21:44:01.712289,21.670358657836918
2026-04-22 21:44:01.902369,2026-04-22 21:44:01.902369,21.5838680267334
2026-04-22 21:44:02.111873,2026-04-22 21:44:02.111873,21.33456802368164
2026-04-22 21:44:02.313159,2026-04-22 21:44:02.313159,21.298444747924805
2026-04-22 21:44:02.503504,2026-04-22 21:44:02.503504,21.795085906982425
2026-04-22 21:44:02.711764,2026-04-22 21:44:02.711764,22.393009185791016
2026-04-22 21:44:02.912122,2026-04-22 21:44:02.912122,23.0770263671875
2026-04-22 21:44:03.103744,2026-04-22 21:44:03.103744,23.6584415435791
2026-04-22 21:44:03.314304,2026-04-22 21:44:03.314304,24.152645111083984
2026-04-22 21:44:03.503627,2026-04-22 21:44:03.503627,24.572715759277344
2026-04-22 21:44:03.711980,2026-04-22 21:44:03.711980,24.929777145385746
2026-04-22 21:44:16.815451,2026-04-22 21:44:16.815451,25.23328018188477
2026-04-22 21:44:17.012586,2026-04-22 21:44:17.012586,25.491256713867188
2026-04-22 21:44:17.203185,2026-04-22 21:44:17.203185,24.30428695678711
2026-04-22 21:44:17.413463,2026-04-22 21:44:17.413463,24.70161247253418
2026-04-22 21:44:17.602629,2026-04-22 21:44:17.602629,25.03933906555176
2026-04-22 21:44:17.811616,2026-04-22 21:44:17.811616,25.32640647888184
2026-04-22 21:44:18.012298,2026-04-22 21:44:18.012298,24.16416549682617
2026-04-22 21:44:18.213862,2026-04-22 21:44:18.213862,23.176258087158203
2026-04-22 21:44:18.403750,2026-04-22 21:44:18.403750,22.160757064819336
2026-04-22 21:44:18.611628,2026-04-22 21:44:18.611628,21.29758071899414
2026-04-22 21:44:18.813881,2026-04-22 21:44:18.813881,20.56388092041016
2026-04-22 21:44:19.012396,2026-04-22 21:44:19.012396,19.94023704528809
2026-04-22 21:44:19.211569,2026-04-22 21:44:19.211569,19.410139083862305
2026-04-22 21:44:19.403425,2026-04-22 21:44:19.403425,18.95955467224121
2026-04-22 21:44:19.601473,2026-04-22 21:44:19.601473,18.57655906677246
2026-04-22 21:44:19.813594,2026-04-22 21:44:19.813594,18.251012802124023
2026-04-22 21:44:20.003106,2026-04-22 21:44:20.003106,17.79851722717285
2026-04-22 21:44:20.213043,2026-04-22 21:44:20.213043,17.413896560668945
2026-04-22 21:44:20.406645,2026-04-22 21:44:20.406645,17.08696746826172
2026-04-22 21:44:20.612980,2026-04-22 21:44:20.612980,16.809078216552734
2026-04-22 21:44:20.801466,2026-04-22 21:44:20.801466,16.572874069213867
2026-04-22 21:44:21.003149,2026-04-22 21:44:21.003149,16.372098922729492
2026-04-22 21:44:21.203816,2026-04-22 21:44:21.203816,16.201440811157227
2026-04-22 21:44:21.413199,2026-04-22 21:44:21.413199,16.056381225585938
2026-04-22 21:44:21.612155,2026-04-22 21:44:21.612155,15.933079719543455
2026-04-22 21:44:21.805518,2026-04-22 21:44:21.805518,15.47671127319336
2026-04-22 21:44:22.005100,2026-04-22 21:44:22.005100,15.26457977294922
2026-04-22 21:44:22.203744,2026-04-22 21:44:22.203744,15.260048866271973
2026-04-22 21:44:22.403961,2026-04-22 21:44:22.403961,15.080416679382324
2026-04-22 21:44:22.611889,2026-04-22 21:44:22.611889,14.927728652954102
2026-04-22 21:44:22.811678,2026-04-22 21:44:22.811678,14.797945022583008
2026-04-22 21:44:23.012440,2026-04-22 21:44:23.012440,14.336065292358398
2026-04-22 21:44:23.212436,2026-04-22 21:44:23.212436,14.47081184387207
2026-04-22 21:44:23.403850,2026-04-22 21:44:23.403850,13.882221221923828
2026-04-22 21:44:23.612067,2026-04-22 21:44:23.612067,14.260826110839844
2026-04-22 21:44:23.802827,2026-04-22 21:44:23.802827,14.758420944213867
2026-04-22 21:44:24.012387,2026-04-22 21:44:24.012387,15.357157707214355
2026-04-22 21:44:24.202579,2026-04-22 21:44:24.202579,15.866084098815918
2026-04-22 21:44:24.403071,2026-04-22 21:44:24.403071,16.47445297241211
2026-04-22 21:44:24.605079,2026-04-22 21:44:24.605079,16.815784454345703
2026-04-22 21:44:24.811538,2026-04-22 21:44:24.811538,17.10591697692871
2026-04-22 21:44:25.013028,2026-04-22 21:44:25.013028,17.352529525756836
2026-04-22 21:44:25.201510,2026-04-22 21:44:25.201510,17.562150955200195
2026-04-22 21:44:25.411670,2026-04-22 21:44:25.411670,17.740327835083008
2026-04-22 21:44:25.613721,2026-04-22 21:44:25.613721,17.89177894592285
2026-04-22 21:44:25.813057,2026-04-22 21:44:25.813057,18.020511627197266
2026-04-22 21:44:26.011507,2026-04-22 21:44:26.011507,18.12993431091309
2026-04-22 21:44:26.205636,2026-04-22 21:44:26.205636,18.222944259643555
2026-04-22 21:44:26.411560,2026-04-22 21:44:26.411560,18.302003860473636
2026-04-22 21:44:26.611614,2026-04-22 21:44:26.611614,18.36920166015625
2026-04-22 21:44:26.801834,2026-04-22 21:44:26.801834,18.60210418701172
2026-04-22 21:44:27.011876,2026-04-22 21:44:27.011876,18.62428855895996
2026-04-22 21:44:27.214565,2026-04-22 21:44:27.214565,18.643144607543945
2026-04-22 21:44:27.411366,2026-04-22 21:44:27.411366,18.83495330810547
2026-04-22 21:44:27.602176,2026-04-22 21:44:27.602176,18.82221031188965
2026-04-22 21:44:27.811604,2026-04-22 21:44:27.811604,18.81138038635254
2026-04-22 21:44:28.011552,2026-04-22 21:44:28.011552,18.97795295715332
2026-04-22 21:44:28.212057,2026-04-22 21:44:28.212057,19.11954116821289
2026-04-22 21:44:28.402559,2026-04-22 21:44:28.402559,19.239891052246094
2026-04-22 21:44:28.612123,2026-04-22 21:44:28.612123,19.34218978881836
2026-04-22 21:44:28.811482,2026-04-22 21:44:28.811482,19.429141998291016
2026-04-22 21:44:29.012695,2026-04-22 21:44:29.012695,19.5030517578125
2026-04-22 21:44:29.203445,2026-04-22 21:44:29.203445,19.39009475708008
2026-04-22 21:44:29.411695,2026-04-22 21:44:29.411695,19.29408073425293
2026-04-22 21:44:29.611632,2026-04-22 21:44:29.611632,19.21246719360352
2026-04-22 21:44:29.812246,2026-04-22 21:44:29.812246,19.14309883117676
2026-04-22 21:44:30.001259,2026-04-22 21:44:30.001259,19.08413314819336
2026-04-22 21:44:30.211875,2026-04-22 21:44:30.211875,19.034013748168945
2026-04-22 21:44:30.401733,2026-04-22 21:44:30.401733,18.991411209106445
2026-04-22 21:44:30.612080,2026-04-22 21:44:30.612080,18.9552001953125
2026-04-22 21:44:30.811629,2026-04-22 21:44:30.811629,18.92441940307617
2026-04-22 21:44:31.012377,2026-04-22 21:44:31.012377,18.898256301879883
2026-04-22 21:44:31.211923,2026-04-22 21:44:31.211923,18.87601852416992
2026-04-22 21:44:31.412066,2026-04-22 21:44:31.412066,18.85711479187012
2026-04-22 21:44:31.612478,2026-04-22 21:44:31.612478,18.841047286987305
2026-04-22 21:44:31.812186,2026-04-22 21:44:31.812186,18.827390670776367
2026-04-22 21:44:32.012654,2026-04-22 21:44:32.012654,18.81578254699707
2026-04-22 21:44:32.203778,2026-04-22 21:44:32.203778,18.63013458251953
2026-04-22 21:44:32.412385,2026-04-22 21:44:32.412385,18.472332000732425
2026-04-22 21:44:32.611733,2026-04-22 21:44:32.611733,18.16242027282715
2026-04-22 21:44:32.812414,2026-04-22 21:44:32.812414,17.54743194580078
2026-04-22 21:44:33.013845,2026-04-22 21:44:33.013845,17.37625503540039
2026-04-22 21:44:33.202233,2026-04-22 21:44:33.202233,17.054973602294922
2026-04-22 21:44:33.411876,2026-04-22 21:44:33.411876,16.781883239746094
2026-04-22 21:44:33.615735,2026-04-22 21:44:33.615735,16.54975700378418
2026-04-22 21:44:33.811718,2026-04-22 21:44:33.811718,16.352449417114258
2026-04-22 21:44:34.011889,2026-04-22 21:44:34.011889,16.184738159179688
2026-04-22 21:44:34.215852,2026-04-22 21:44:34.215852,16.042184829711914
2026-04-22 21:44:34.401746,2026-04-22 21:44:34.401746,15.921012878417969
2026-04-22 21:44:34.611770,2026-04-22 21:44:34.611770,15.81801700592041
2026-04-22 21:44:34.813087,2026-04-22 21:44:34.813087,15.730470657348633
2026-04-22 21:44:35.011626,2026-04-22 21:44:35.011626,15.65605640411377
2026-04-22 21:44:35.213332,2026-04-22 21:44:35.213332,15.592803955078123
2026-04-22 21:44:35.414636,2026-04-22 21:44:35.414636,15.539039611816406
2026-04-22 21:44:35.613142,2026-04-22 21:44:35.613142,15.669121742248535
2026-04-22 21:44:35.812611,2026-04-22 21:44:35.812611,15.779690742492676
2026-04-22 21:44:36.014112,2026-04-22 21:44:36.014112,15.873674392700195
2026-04-22 21:44:36.211604,2026-04-22 21:44:36.211604,15.953560829162598
2026-04-22 21:44:36.401379,2026-04-22 21:44:36.401379,16.02146339416504
2026-04-22 21:44:36.614315,2026-04-22 21:44:36.614315,16.079181671142578
2026-04-22 21:44:36.802741,2026-04-22 21:44:36.802741,16.12824249267578
2026-04-22 21:44:37.001700,2026-04-22 21:44:37.001700,16.16994285583496
2026-04-22 21:44:37.202279,2026-04-22 21:44:37.202279,16.20538902282715
2026-04-22 21:44:37.412624,2026-04-22 21:44:37.412624,16.235519409179688
2026-04-22 21:44:37.602279,2026-04-22 21:44:37.602279,16.261127471923828
2026-04-22 21:44:37.802330,2026-04-22 21:44:37.802330,16.282896041870117
2026-04-22 21:44:38.001594,2026-04-22 21:44:38.001594,16.30139923095703
2026-04-22 21:44:38.214044,2026-04-22 21:44:38.214044,16.492908477783203
2026-04-22 21:44:38.412192,2026-04-22 21:44:38.412192,16.655691146850586
2026-04-22 21:44:38.613237,2026-04-22 21:44:38.613237,16.794055938720703
2026-04-22 21:44:38.802554,2026-04-22 21:44:38.802554,16.911666870117188
2026-04-22 21:44:39.013653,2026-04-22 21:44:39.013653,17.011634826660156
2026-04-22 21:44:39.203364,2026-04-22 21:44:39.203364,16.920827865600586
2026-04-22 21:44:39.412624,2026-04-22 21:44:39.412624,17.01942253112793
2026-04-22 21:44:39.601531,2026-04-22 21:44:39.601531,16.927446365356445
2026-04-22 21:44:39.814477,2026-04-22 21:44:39.814477,16.849266052246094
2026-04-22 21:44:40.004418,2026-04-22 21:44:40.004418,16.782814025878906
2026-04-22 21:44:40.212027,2026-04-22 21:44:40.212027,16.726329803466797
2026-04-22 21:44:40.402535,2026-04-22 21:44:40.402535,16.67831802368164
2026-04-22 21:44:40.604181,2026-04-22 21:44:40.604181,16.637508392333984
2026-04-22 21:44:40.802110,2026-04-22 21:44:40.802110,16.602819442749023
2026-04-22 21:44:41.013865,2026-04-22 21:44:41.013865,16.573333740234375
2026-04-22 21:44:41.212671,2026-04-22 21:44:41.212671,16.72405242919922
2026-04-22 21:44:41.411558,2026-04-22 21:44:41.411558,16.852163314819336
2026-04-22 21:44:41.613119,2026-04-22 21:44:41.613119,16.961057662963867
2026-04-22 21:44:41.811617,2026-04-22 21:44:41.811617,17.053617477416992
2026-04-22 21:44:42.001773,2026-04-22 21:44:42.001773,17.308074951171875
2026-04-22 21:44:55.102705,2026-04-22 21:44:55.102705,17.524364471435547
2026-04-22 21:44:55.302040,2026-04-22 21:44:55.302040,17.883991241455078
2026-04-22 21:44:55.501499,2026-04-22 21:44:55.501499,18.189672470092773
2026-04-22 21:44:55.701748,2026-04-22 21:44:55.701748,17.39481544494629
2026-04-22 21:44:55.903370,2026-04-22 21:44:55.903370,16.543405532836914
2026-04-22 21:44:56.101575,2026-04-22 21:44:56.101575,15.643926620483398
2026-04-22 21:44:56.302470,2026-04-22 21:44:56.302470,14.879368782043455
2026-04-22 21:44:56.501673,2026-04-22 21:44:56.501673,14.22949504852295
2026-04-22 21:44:56.701452,2026-04-22 21:44:56.701452,13.677102088928224
2026-04-22 21:44:56.901365,2026-04-22 21:44:56.901365,13.20756721496582
2026-04-22 21:44:57.102428,2026-04-22 21:44:57.102428,12.808464050292969
2026-04-22 21:44:57.302101,2026-04-22 21:44:57.302101,12.469225883483888
2026-04-22 21:44:57.502492,2026-04-22 21:44:57.502492,12.180872917175291
2026-04-22 21:44:57.704737,2026-04-22 21:44:57.704737,11.935772895812988
2026-04-22 21:44:57.901659,2026-04-22 21:44:57.901659,11.727438926696776
2026-04-22 21:44:58.101946,2026-04-22 21:44:58.101946,11.55035400390625
2026-04-22 21:44:58.306645,2026-04-22 21:44:58.306645,11.399831771850586
2026-04-22 21:44:58.503362,2026-04-22 21:44:58.503362,11.096107482910156
2026-04-22 21:44:58.702063,2026-04-22 21:44:58.702063,10.83794116973877
2026-04-22 21:44:58.902304,2026-04-22 21:44:58.902304,10.794281005859377
2026-04-22 21:44:59.101388,2026-04-22 21:44:59.101388,10.58138942718506
2026-04-22 21:44:59.301810,2026-04-22 21:44:59.301810,10.400430679321287
2026-04-22 21:44:59.504168,2026-04-22 21:44:59.504168,10.24661636352539
2026-04-22 21:44:59.704412,2026-04-22 21:44:59.704412,10.291654586791992
2026-04-22 21:44:59.901866,2026-04-22 21:44:59.901866,10.329937934875488
2026-04-22 21:45:00.101557,2026-04-22 21:45:00.101557,10.362478256225586
2026-04-22 21:45:00.301949,2026-04-22 21:45:00.301949,12.323731422424316
2026-04-22 21:45:00.501781,2026-04-22 21:45:00.501781,12.05720329284668
2026-04-22 21:45:00.712062,2026-04-22 21:45:00.712062,13.94002914428711
2026-04-22 21:45:00.901881,2026-04-22 21:45:00.901881,13.431056022644045
2026-04-22 21:45:01.102575,2026-04-22 21:45:01.102575,15.107803344726562
2026-04-22 21:45:01.301951,2026-04-22 21:45:01.301951,16.533039093017578
2026-04-22 21:45:01.502637,2026-04-22 21:45:01.502637,17.568708419799805
2026-04-22 21:45:01.702528,2026-04-22 21:45:01.702528,16.51543426513672
2026-04-22 21:45:01.902727,2026-04-22 21:45:01.902727,17.553743362426758
2026-04-22 21:45:02.101789,2026-04-22 21:45:02.101789,18.43630599975586
2026-04-22 21:45:02.301615,2026-04-22 21:45:02.301615,19.186485290527344
2026-04-22 21:45:02.501724,2026-04-22 21:45:02.501724,19.824138641357425
2026-04-22 21:45:02.703965,2026-04-22 21:45:02.703965,20.36614227294922
2026-04-22 21:45:02.902806,2026-04-22 21:45:02.902806,20.826845169067383
2026-04-22 21:45:03.103868,2026-04-22 21:45:03.103868,21.04266357421875
2026-04-22 21:45:03.303441,2026-04-22 21:45:03.303441,21.22610664367676
2026-04-22 21:45:03.511408,2026-04-22 21:45:03.511408,21.38203430175781
2026-04-22 21:45:03.702925,2026-04-22 21:45:03.702925,21.33879280090332
2026-04-22 21:45:03.904868,2026-04-22 21:45:03.904868,21.30203628540039
2026-04-22 21:45:04.104439,2026-04-22 21:45:04.104439,21.27079200744629
2026-04-22 21:45:04.303076,2026-04-22 21:45:04.303076,21.24423599243164
2026-04-22 21:45:04.503445,2026-04-22 21:45:04.503445,21.221664428710938
2026-04-22 21:45:04.703760,2026-04-22 21:45:04.703760,21.202476501464844
2026-04-22 21:45:04.902894,2026-04-22 21:45:04.902894,21.186166763305664
2026-04-22 21:45:05.103902,2026-04-22 21:45:05.103902,21.172304153442383
2026-04-22 21:45:05.302569,2026-04-22 21:45:05.302569,21.1605224609375
2026-04-22 21:45:05.502200,2026-04-22 21:45:05.502200,21.15050506591797
2026-04-22 21:45:05.703344,2026-04-22 21:45:05.703344,21.141992568969727
2026-04-22 21:45:05.903896,2026-04-22 21:45:05.903896,21.13475608825684
2026-04-22 21:45:06.103591,2026-04-22 21:45:06.103591,20.952823638916016
2026-04-22 21:45:06.302998,2026-04-22 21:45:06.302998,20.79818153381348
2026-04-22 21:45:06.503386,2026-04-22 21:45:06.503386,20.66673469543457
2026-04-22 21:45:06.702006,2026-04-22 21:45:06.702006,20.55500602722168
2026-04-22 21:45:06.902507,2026-04-22 21:45:06.902507,20.460037231445312
2026-04-22 21:45:07.104019,2026-04-22 21:45:07.104019,20.37931251525879
2026-04-22 21:45:07.302972,2026-04-22 21:45:07.302972,20.310697555541992
2026-04-22 21:45:07.505656,2026-04-22 21:45:07.505656,20.25237274169922
2026-04-22 21:45:07.701494,2026-04-22 21:45:07.701494,20.20279884338379
2026-04-22 21:45:07.902970,2026-04-22 21:45:07.902970,20.160659790039062
2026-04-22 21:45:08.106814,2026-04-22 21:45:08.106814,20.12484169006348
2026-04-22 21:45:08.301413,2026-04-22 21:45:08.301413,20.094396591186523
2026-04-22 21:45:08.504387,2026-04-22 21:45:08.504387,20.06851959228516
2026-04-22 21:45:08.701521,2026-04-22 21:45:08.701521,20.04652214050293
2026-04-22 21:45:08.903181,2026-04-22 21:45:08.903181,20.02782440185547
2026-04-22 21:45:09.103735,2026-04-22 21:45:09.103735,20.011932373046875
2026-04-22 21:45:09.301583,2026-04-22 21:45:09.301583,19.998424530029297
2026-04-22 21:45:09.501557,2026-04-22 21:45:09.501557,19.98694229125977
2026-04-22 21:45:09.706789,2026-04-22 21:45:09.706789,19.977182388305664
2026-04-22 21:45:09.902394,2026-04-22 21:45:09.902394,19.96888542175293
2026-04-22 21:45:10.102283,2026-04-22 21:45:10.102283,19.961833953857425
2026-04-22 21:45:10.301882,2026-04-22 21:45:10.301882,19.955841064453125
2026-04-22 21:45:10.502061,2026-04-22 21:45:10.502061,19.95074462890625
2026-04-22 21:45:10.702161,2026-04-22 21:45:10.702161,19.94641494750977
2026-04-22 21:45:10.901820,2026-04-22 21:45:10.901820,19.94273376464844
2026-04-22 21:45:11.102345,2026-04-22 21:45:11.102345,19.763824462890625
2026-04-22 21:45:11.301558,2026-04-22 21:45:11.301558,19.78753089904785
2026-04-22 21:45:11.501659,2026-04-22 21:45:11.501659,19.80768394470215
2026-04-22 21:45:11.702954,2026-04-22 21:45:11.702954,19.824811935424805
2026-04-22 21:45:11.902202,2026-04-22 21:45:11.902202,19.839370727539062
2026-04-22 21:45:12.103259,2026-04-22 21:45:12.103259,19.851747512817383
2026-04-22 21:45:12.302143,2026-04-22 21:45:12.302143,19.862266540527344
2026-04-22 21:45:12.502351,2026-04-22 21:45:12.502351,19.87120819091797
2026-04-22 21:45:12.701743,2026-04-22 21:45:12.701743,19.878807067871094
2026-04-22 21:45:12.903795,2026-04-22 21:45:12.903795,19.88526725769043
2026-04-22 21:45:13.102627,2026-04-22 21:45:13.102627,19.714977264404297
2026-04-22 21:45:13.302607,2026-04-22 21:45:13.302607,19.39444923400879
2026-04-22 21:45:13.501937,2026-04-22 21:45:13.501937,18.94622039794922
2026-04-22 21:45:13.701709,2026-04-22 21:45:13.701709,18.741004943847656
2026-04-22 21:45:13.901778,2026-04-22 21:45:13.901778,18.742355346679688
2026-04-22 21:45:14.101788,2026-04-22 21:45:14.101788,18.743501663208008
2026-04-22 21:45:14.305145,2026-04-22 21:45:14.305145,18.56869506835937
2026-04-22 21:45:14.502942,2026-04-22 21:45:14.502942,18.595890045166016
2026-04-22 21:45:14.702213,2026-04-22 21:45:14.702213,18.619007110595703
2026-04-22 21:45:14.902423,2026-04-22 21:45:14.902423,18.462875366210938
2026-04-22 21:45:15.101723,2026-04-22 21:45:15.101723,18.330162048339844
2026-04-22 21:45:15.302030,2026-04-22 21:45:15.302030,18.217357635498047
2026-04-22 21:45:15.502290,2026-04-22 21:45:15.502290,18.121471405029297
2026-04-22 21:45:15.704468,2026-04-22 21:45:15.704468,18.03997039794922
2026-04-22 21:45:15.905005,2026-04-22 21:45:15.905005,18.14647483825684
2026-04-22 21:45:16.102246,2026-04-22 21:45:16.102246,18.061222076416016
2026-04-22 21:45:16.302537,2026-04-22 21:45:16.302537,17.988758087158203
2026-04-22 21:45:16.501770,2026-04-22 21:45:16.501770,17.927162170410156
2026-04-22 21:45:16.701949,2026-04-22 21:45:16.701949,17.699026107788086
2026-04-22 21:45:16.902073,2026-04-22 21:45:16.902073,17.505109786987305
2026-04-22 21:45:17.105571,2026-04-22 21:45:17.105571,17.340280532836914
2026-04-22 21:45:17.301947,2026-04-22 21:45:17.301947,17.200176239013672
2026-04-22 21:45:17.501702,2026-04-22 21:45:17.501702,17.081087112426758
2026-04-22 21:45:17.701678,2026-04-22 21:45:17.701678,16.979862213134766
2026-04-22 21:45:17.901575,2026-04-22 21:45:17.901575,16.89381980895996
2026-04-22 21:45:18.102085,2026-04-22 21:45:18.102085,16.8206844329834
2026-04-22 21:45:18.302821,2026-04-22 21:45:18.302821,16.58273696899414
2026-04-22 21:45:18.506435,2026-04-22 21:45:18.506435,16.380483627319336
2026-04-22 21:45:18.702333,2026-04-22 21:45:18.702333,16.208566665649414
2026-04-22 21:45:18.903102,2026-04-22 21:45:18.903102,16.06243896484375
2026-04-22 21:45:19.104058,2026-04-22 21:45:19.104058,15.762447357177734
2026-04-22 21:45:19.303344,2026-04-22 21:45:19.303344,15.507455825805664
2026-04-22 21:45:19.501841,2026-04-22 21:45:19.501841,15.818056106567385
2026-04-22 21:45:19.701650,2026-04-22 21:45:19.701650,16.25784683227539
2026-04-22 21:45:19.901950,2026-04-22 21:45:19.901950,15.928544998168944
2026-04-22 21:45:20.104073,2026-04-22 21:45:20.104073,15.472857475280762
2026-04-22 21:45:20.302333,2026-04-22 21:45:20.302333,15.085522651672363
2026-04-22 21:45:33.402095,2026-04-22 21:45:33.402095,14.932068824768066
2026-04-22 21:45:33.601980,2026-04-22 21:45:33.601980,15.856321334838867
2026-04-22 21:45:33.802014,2026-04-22 21:45:33.802014,16.641935348510742
2026-04-22 21:45:34.002557,2026-04-22 21:45:34.002557,17.309707641601562
2026-04-22 21:45:34.201550,2026-04-22 21:45:34.201550,18.0530948638916
2026-04-22 21:45:34.402094,2026-04-22 21:45:34.402094,18.68497467041016
2026-04-22 21:45:34.601436,2026-04-22 21:45:34.601436,19.39785385131836
2026-04-22 21:45:34.802599,2026-04-22 21:45:34.802599,20.003801345825195
2026-04-22 21:45:35.002382,2026-04-22 21:45:35.002382,20.518856048583984
2026-04-22 21:45:35.202227,2026-04-22 21:45:35.202227,20.95665168762207
2026-04-22 21:45:35.401438,2026-04-22 21:45:35.401438,21.32877922058105
2026-04-22 21:45:35.603427,2026-04-22 21:45:35.603427,21.82086944580078
2026-04-22 21:45:35.802064,2026-04-22 21:45:35.802064,22.239145278930664
2026-04-22 21:45:36.001657,2026-04-22 21:45:36.001657,22.59467887878418
2026-04-22 21:45:36.201767,2026-04-22 21:45:36.201767,22.896883010864254
2026-04-22 21:45:36.402140,2026-04-22 21:45:36.402140,23.153757095336918
2026-04-22 21:45:36.602179,2026-04-22 21:45:36.602179,23.372100830078125
2026-04-22 21:45:36.803072,2026-04-22 21:45:36.803072,23.55769157409668
2026-04-22 21:45:37.002234,2026-04-22 21:45:37.002234,23.891225814819336
2026-04-22 21:45:37.201604,2026-04-22 21:45:37.201604,24.174728393554688
2026-04-22 21:45:37.402020,2026-04-22 21:45:37.402020,24.415706634521484
2026-04-22 21:45:37.601665,2026-04-22 21:45:37.601665,24.79631996154785
2026-04-22 21:45:37.802263,2026-04-22 21:45:37.802263,25.11984062194824
2026-04-22 21:45:38.001390,2026-04-22 21:45:38.001390,25.394832611083984
2026-04-22 21:45:38.203657,2026-04-22 21:45:38.203657,25.452795028686523
2026-04-22 21:45:38.403427,2026-04-22 21:45:38.403427,25.502063751220703
2026-04-22 21:45:38.601519,2026-04-22 21:45:38.601519,25.71972274780273
2026-04-22 21:45:38.801576,2026-04-22 21:45:38.801576,25.904733657836918
2026-04-22 21:45:39.001658,2026-04-22 21:45:39.001658,26.061992645263672
2026-04-22 21:45:39.202200,2026-04-22 21:45:39.202200,26.195661544799805
2026-04-22 21:45:39.402797,2026-04-22 21:45:39.402797,26.309282302856445
2026-04-22 21:45:39.602610,2026-04-22 21:45:39.602610,26.40585708618164
2026-04-22 21:45:39.801906,2026-04-22 21:45:39.801906,26.487947463989254
2026-04-22 21:45:40.001573,2026-04-22 21:45:40.001573,26.55772399902344
2026-04-22 21:45:40.203711,2026-04-22 21:45:40.203711,26.61703491210937
2026-04-22 21:45:40.401432,2026-04-22 21:45:40.401432,26.66744804382324
2026-04-22 21:45:40.602242,2026-04-22 21:45:40.602242,26.71030044555664
2026-04-22 21:45:40.803386,2026-04-22 21:45:40.803386,26.746723175048828
2026-04-22 21:45:41.001926,2026-04-22 21:45:41.001926,26.77768325805664
2026-04-22 21:45:41.203357,2026-04-22 21:45:41.203357,26.804000854492188
2026-04-22 21:45:41.401481,2026-04-22 21:45:41.401481,26.82636833190918
2026-04-22 21:45:41.603213,2026-04-22 21:45:41.603213,26.845382690429688
2026-04-22 21:45:41.812894,2026-04-22 21:45:41.812894,27.037324905395508
2026-04-22 21:45:42.002943,2026-04-22 21:45:42.002943,27.200475692749023
2026-04-22 21:45:42.202965,2026-04-22 21:45:42.202965,27.339155197143555
2026-04-22 21:45:42.401425,2026-04-22 21:45:42.401425,27.28125
2026-04-22 21:45:42.602518,2026-04-22 21:45:42.602518,27.407812118530277
2026-04-22 21:45:42.802386,2026-04-22 21:45:42.802386,27.515390396118164
2026-04-22 21:45:43.003077,2026-04-22 21:45:43.003077,27.60683250427246
2026-04-22 21:45:43.205204,2026-04-22 21:45:43.205204,27.68455696105957
2026-04-22 21:45:43.403119,2026-04-22 21:45:43.403119,27.75062370300293
2026-04-22 21:45:43.602940,2026-04-22 21:45:43.602940,27.806779861450195
2026-04-22 21:45:43.801700,2026-04-22 21:45:43.801700,28.03029441833496
2026-04-22 21:45:44.003899,2026-04-22 21:45:44.003899,28.22028160095215
2026-04-22 21:45:44.203170,2026-04-22 21:45:44.203170,28.381771087646484
2026-04-22 21:45:44.402675,2026-04-22 21:45:44.402675,28.51903533935547
2026-04-22 21:45:44.601441,2026-04-22 21:45:44.601441,28.635711669921875
2026-04-22 21:45:44.802951,2026-04-22 21:45:44.802951,28.734886169433597
2026-04-22 21:45:45.002540,2026-04-22 21:45:45.002540,28.819185256958008
2026-04-22 21:45:45.202553,2026-04-22 21:45:45.202553,28.890838623046875
2026-04-22 21:45:45.402678,2026-04-22 21:45:45.402678,28.951744079589844
2026-04-22 21:45:45.602979,2026-04-22 21:45:45.602979,29.00351333618164
2026-04-22 21:45:45.802939,2026-04-22 21:45:45.802939,29.047517776489254
2026-04-22 21:45:46.003162,2026-04-22 21:45:46.003162,29.08492088317871
2026-04-22 21:45:46.203804,2026-04-22 21:45:46.203804,26.128433227539062
2026-04-22 21:45:46.404592,2026-04-22 21:45:46.404592,26.60369873046875
2026-04-22 21:45:46.603253,2026-04-22 21:45:46.603253,27.00767517089844
2026-04-22 21:45:46.806898,2026-04-22 21:45:46.806898,27.351055145263672
2026-04-22 21:45:47.005918,2026-04-22 21:45:47.005918,27.64292907714844
2026-04-22 21:45:47.202192,2026-04-22 21:45:47.202192,27.891019821166992
2026-04-22 21:45:47.401908,2026-04-22 21:45:47.401908,28.10189819335937
2026-04-22 21:45:47.604783,2026-04-22 21:45:47.604783,28.281145095825195
2026-04-22 21:45:47.803527,2026-04-22 21:45:47.803527,28.433504104614254
2026-04-22 21:45:48.002351,2026-04-22 21:45:48.002351,28.56300926208496
2026-04-22 21:45:48.204562,2026-04-22 21:45:48.204562,28.6730899810791
2026-04-22 21:45:48.404354,2026-04-22 21:45:48.404354,28.76665687561035
2026-04-22 21:45:48.603762,2026-04-22 21:45:48.603762,28.846189498901367
2026-04-22 21:45:48.806040,2026-04-22 21:45:48.806040,28.913793563842773
2026-04-22 21:45:49.008095,2026-04-22 21:45:49.008095,28.971254348754883
2026-04-22 21:45:49.208706,2026-04-22 21:45:49.208706,29.020097732543945
2026-04-22 21:45:49.404917,2026-04-22 21:45:49.404917,29.06161499023437
2026-04-22 21:45:49.605178,2026-04-22 21:45:49.605178,29.09690284729004
2026-04-22 21:45:49.805362,2026-04-22 21:45:49.805362,28.95111846923828
2026-04-22 21:45:50.003818,2026-04-22 21:45:50.003818,28.82719993591309
2026-04-22 21:45:50.203535,2026-04-22 21:45:50.203535,28.72187042236328
2026-04-22 21:45:50.405084,2026-04-22 21:45:50.405084,28.632339477539062
2026-04-22 21:45:50.601945,2026-04-22 21:45:50.601945,28.55623817443848
2026-04-22 21:45:50.802253,2026-04-22 21:45:50.802253,28.491552352905277
2026-04-22 21:45:51.002168,2026-04-22 21:45:51.002168,28.436569213867188
2026-04-22 21:45:51.205939,2026-04-22 21:45:51.205939,28.214054107666016
2026-04-22 21:45:51.404651,2026-04-22 21:45:51.404651,28.0249137878418
2026-04-22 21:45:51.602652,2026-04-22 21:45:51.602652,27.864145278930664
2026-04-22 21:45:51.802996,2026-04-22 21:45:51.802996,27.72749328613281
2026-04-22 21:45:52.007230,2026-04-22 21:45:52.007230,27.611337661743164
2026-04-22 21:45:52.204480,2026-04-22 21:45:52.204480,27.512605667114254
2026-04-22 21:45:52.403181,2026-04-22 21:45:52.403181,27.25290298461914
2026-04-22 21:45:52.603380,2026-04-22 21:45:52.603380,27.032154083251957
2026-04-22 21:45:52.804068,2026-04-22 21:45:52.804068,26.844518661499023
2026-04-22 21:45:53.001466,2026-04-22 21:45:53.001466,26.685028076171875
2026-04-22 21:45:53.202169,2026-04-22 21:45:53.202169,26.373680114746094
2026-04-22 21:45:53.402461,2026-04-22 21:45:53.402461,26.10903549194336
2026-04-22 21:45:53.602255,2026-04-22 21:45:53.602255,25.88408660888672
2026-04-22 21:45:53.806111,2026-04-22 21:45:53.806111,25.69287872314453
2026-04-22 21:45:54.002076,2026-04-22 21:45:54.002076,25.530353546142575
2026-04-22 21:45:54.202302,2026-04-22 21:45:54.202302,25.3922061920166
2026-04-22 21:45:54.401491,2026-04-22 21:45:54.401491,25.099000930786133
2026-04-22 21:45:54.601427,2026-04-22 21:45:54.601427,24.84977531433105
2026-04-22 21:45:54.802162,2026-04-22 21:45:54.802162,24.6379337310791
2026-04-22 21:45:55.002148,2026-04-22 21:45:55.002148,24.457868576049805
2026-04-22 21:45:55.203371,2026-04-22 21:45:55.203371,24.30481338500977
2026-04-22 21:45:55.411838,2026-04-22 21:45:55.411838,24.17471694946289
2026-04-22 21:45:55.603506,2026-04-22 21:45:55.603506,24.06413459777832
2026-04-22 21:45:55.801592,2026-04-22 21:45:55.801592,23.970138549804688
2026-04-22 21:45:56.001929,2026-04-22 21:45:56.001929,23.89024353027344
2026-04-22 21:45:56.206452,2026-04-22 21:45:56.206452,23.82233238220215
2026-04-22 21:45:56.402411,2026-04-22 21:45:56.402411,23.76460647583008
2026-04-22 21:45:56.601576,2026-04-22 21:45:56.601576,23.53976058959961
2026-04-22 21:45:56.801545,2026-04-22 21:45:56.801545,23.3486385345459
2026-04-22 21:45:57.001513,2026-04-22 21:45:57.001513,23.186187744140625
2026-04-22 21:45:57.202131,2026-04-22 21:45:57.202131,23.04810333251953
2026-04-22 21:45:57.405463,2026-04-22 21:45:57.405463,22.93073081970215
2026-04-22 21:45:57.601405,2026-04-22 21:45:57.601405,22.830965042114254
2026-04-22 21:45:57.812901,2026-04-22 21:45:57.812901,22.57038307189941
2026-04-22 21:45:58.002063,2026-04-22 21:45:58.002063,22.3488883972168
2026-04-22 21:45:58.202193,2026-04-22 21:45:58.202193,22.16061782836914
2026-04-22 21:45:58.401546,2026-04-22 21:45:58.401546,22.000587463378903
2026-04-22 21:45:58.602820,2026-04-22 21:45:58.602820,21.864561080932617
2026-04-22 21:46:11.702885,2026-04-22 21:46:11.702885,21.74893951416016
2026-04-22 21:46:11.902002,2026-04-22 21:46:11.902002,21.65066146850586
2026-04-22 21:46:12.101396,2026-04-22 21:46:12.101396,21.39134407043457
2026-04-22 21:46:12.302292,2026-04-22 21:46:12.302292,21.170923233032227
2026-04-22 21:46:12.502037,2026-04-22 21:46:12.502037,20.983566284179688
2026-04-22 21:46:12.703840,2026-04-22 21:46:12.703840,20.824312210083008
2026-04-22 21:46:12.901432,2026-04-22 21:46:12.901432,20.688945770263672
2026-04-22 21:46:13.101444,2026-04-22 21:46:13.101444,20.57388687133789
2026-04-22 21:46:13.301902,2026-04-22 21:46:13.301902,20.300302505493164
2026-04-22 21:46:13.504266,2026-04-22 21:46:13.504266,20.243539810180664
2026-04-22 21:46:13.701921,2026-04-22 21:46:13.701921,20.019508361816406
2026-04-22 21:46:13.901980,2026-04-22 21:46:13.901980,19.829082489013672
2026-04-22 21:46:14.102309,2026-04-22 21:46:14.102309,19.667219161987305
2026-04-22 21:46:14.305026,2026-04-22 21:46:14.305026,19.52963638305664
2026-04-22 21:46:14.501516,2026-04-22 21:46:14.501516,19.412691116333008
2026-04-22 21:46:14.701848,2026-04-22 21:46:14.701848,19.31328773498535
2026-04-22 21:46:14.901384,2026-04-22 21:46:14.901384,19.05301284790039
2026-04-22 21:46:15.102520,2026-04-22 21:46:15.102520,18.83177947998047
2026-04-22 21:46:15.302011,2026-04-22 21:46:15.302011,18.64373207092285
2026-04-22 21:46:15.503334,2026-04-22 21:46:15.503334,18.483890533447266
2026-04-22 21:46:15.703580,2026-04-22 21:46:15.703580,18.17224502563477
2026-04-22 21:46:15.902228,2026-04-22 21:46:15.902228,17.907344818115234
2026-04-22 21:46:16.101383,2026-04-22 21:46:16.101383,17.682180404663086
2026-04-22 21:46:16.302300,2026-04-22 21:46:16.302300,17.31501007080078
2026-04-22 21:46:16.501323,2026-04-22 21:46:16.501323,17.002914428710938
2026-04-22 21:46:16.703357,2026-04-22 21:46:16.703357,16.737634658813477
2026-04-22 21:46:16.902155,2026-04-22 21:46:16.902155,16.51214599609375
2026-04-22 21:46:17.103929,2026-04-22 21:46:17.103929,16.320480346679688
2026-04-22 21:46:17.301679,2026-04-22 21:46:17.301679,16.157564163208008
2026-04-22 21:46:17.501439,2026-04-22 21:46:17.501439,15.843304634094238
2026-04-22 21:46:17.702396,2026-04-22 21:46:17.702396,15.751964569091797
2026-04-22 21:46:17.901983,2026-04-22 21:46:17.901983,15.498544692993164
2026-04-22 21:46:18.102032,2026-04-22 21:46:18.102032,15.283138275146484
2026-04-22 21:46:18.303857,2026-04-22 21:46:18.303857,15.100042343139648
2026-04-22 21:46:18.501634,2026-04-22 21:46:18.501634,14.944411277770996
2026-04-22 21:46:18.701331,2026-04-22 21:46:18.701331,14.636343002319336
2026-04-22 21:46:18.902737,2026-04-22 21:46:18.902737,14.374485969543455
2026-04-22 21:46:19.103441,2026-04-22 21:46:19.103441,14.15190601348877
2026-04-22 21:46:19.302130,2026-04-22 21:46:19.302130,14.138495445251465
2026-04-22 21:46:19.503327,2026-04-22 21:46:19.503327,13.95131492614746
2026-04-22 21:46:19.702416,2026-04-22 21:46:19.702416,13.792211532592772
2026-04-22 21:46:19.903297,2026-04-22 21:46:19.903297,13.832755088806152
2026-04-22 21:46:20.102516,2026-04-22 21:46:20.102516,13.691434860229492
2026-04-22 21:46:20.301741,2026-04-22 21:46:20.301741,13.747095108032228
2026-04-22 21:46:20.502531,2026-04-22 21:46:20.502531,13.794405937194824
2026-04-22 21:46:20.702934,2026-04-22 21:46:20.702934,13.834619522094728
2026-04-22 21:46:20.901376,2026-04-22 21:46:20.901376,16.15395736694336
2026-04-22 21:46:21.101516,2026-04-22 21:46:21.101516,18.125394821166992
2026-04-22 21:46:21.301672,2026-04-22 21:46:21.301672,19.80111694335937
2026-04-22 21:46:21.502601,2026-04-22 21:46:21.502601,21.225481033325195
2026-04-22 21:46:21.702479,2026-04-22 21:46:21.702479,22.436189651489254
2026-04-22 21:46:21.904948,2026-04-22 21:46:21.904948,23.465293884277344
2026-04-22 21:46:22.101393,2026-04-22 21:46:22.101393,24.340030670166016
2026-04-22 21:46:22.302966,2026-04-22 21:46:22.302966,25.08355712890625
2026-04-22 21:46:22.501867,2026-04-22 21:46:22.501867,25.71555519104004
2026-04-22 21:46:22.701931,2026-04-22 21:46:22.701931,26.25275230407715
2026-04-22 21:46:22.901937,2026-04-22 21:46:22.901937,26.70937156677246
2026-04-22 21:46:23.101283,2026-04-22 21:46:23.101283,27.097496032714844
2026-04-22 21:46:23.301882,2026-04-22 21:46:23.301882,27.42740249633789
2026-04-22 21:46:23.501720,2026-04-22 21:46:23.501720,27.70782470703125
2026-04-22 21:46:23.701720,2026-04-22 21:46:23.701720,27.94618225097656
2026-04-22 21:46:23.903049,2026-04-22 21:46:23.903049,28.148786544799805
2026-04-22 21:46:24.102666,2026-04-22 21:46:24.102666,28.32099914550781
2026-04-22 21:46:24.301487,2026-04-22 21:46:24.301487,28.46738052368164
2026-04-22 21:46:24.501460,2026-04-22 21:46:24.501460,28.59180450439453
2026-04-22 21:46:24.702554,2026-04-22 21:46:24.702554,28.69756507873535
2026-04-22 21:46:24.901333,2026-04-22 21:46:24.901333,28.78746223449707
2026-04-22 21:46:25.103014,2026-04-22 21:46:25.103014,28.863874435424805
2026-04-22 21:46:25.303717,2026-04-22 21:46:25.303717,28.928823471069336
2026-04-22 21:46:25.503235,2026-04-22 21:46:25.503235,28.984031677246094
2026-04-22 21:46:25.702885,2026-04-22 21:46:25.702885,28.85517692565918
2026-04-22 21:46:25.902168,2026-04-22 21:46:25.902168,28.745651245117188
2026-04-22 21:46:26.103570,2026-04-22 21:46:26.103570,28.65255355834961
2026-04-22 21:46:26.302226,2026-04-22 21:46:26.302226,28.57341957092285
2026-04-22 21:46:26.501879,2026-04-22 21:46:26.501879,28.50615692138672
2026-04-22 21:46:26.705356,2026-04-22 21:46:26.705356,28.273202896118164
2026-04-22 21:46:26.903790,2026-04-22 21:46:26.903790,28.0751895904541
2026-04-22 21:46:27.103859,2026-04-22 21:46:27.103859,27.90688133239746
2026-04-22 21:46:27.305941,2026-04-22 21:46:27.305941,27.763816833496094
2026-04-22 21:46:27.502088,2026-04-22 21:46:27.502088,27.466432571411133
2026-04-22 21:46:27.702629,2026-04-22 21:46:27.702629,27.21365547180176
2026-04-22 21:46:27.904345,2026-04-22 21:46:27.904345,26.998794555664062
2026-04-22 21:46:28.103773,2026-04-22 21:46:28.103773,26.816162109375
2026-04-22 21:46:28.303010,2026-04-22 21:46:28.303010,26.485143661499023
2026-04-22 21:46:28.502975,2026-04-22 21:46:28.502975,26.20377922058105
2026-04-22 21:46:28.705256,2026-04-22 21:46:28.705256,25.964618682861328
2026-04-22 21:46:28.902189,2026-04-22 21:46:28.902189,25.76133155822754
2026-04-22 21:46:29.103092,2026-04-22 21:46:29.103092,25.58853912353516
2026-04-22 21:46:29.303469,2026-04-22 21:46:29.303469,25.44166374206543
2026-04-22 21:46:29.503735,2026-04-22 21:46:29.503735,25.31682014465332
2026-04-22 21:46:29.702879,2026-04-22 21:46:29.702879,25.210702896118164
2026-04-22 21:46:29.907922,2026-04-22 21:46:29.907922,24.94472312927246
2026-04-22 21:46:30.101500,2026-04-22 21:46:30.101500,24.718639373779297
2026-04-22 21:46:30.301940,2026-04-22 21:46:30.301940,24.52646827697754
2026-04-22 21:46:30.502382,2026-04-22 21:46:30.502382,24.36312294006348
2026-04-22 21:46:30.706413,2026-04-22 21:46:30.706413,24.224279403686523
2026-04-22 21:46:30.903702,2026-04-22 21:46:30.903702,24.10626220703125
2026-04-22 21:46:31.101473,2026-04-22 21:46:31.101473,24.005949020385746
2026-04-22 21:46:31.304723,2026-04-22 21:46:31.304723,23.92068099975586
2026-04-22 21:46:31.501412,2026-04-22 21:46:31.501412,23.848203659057617
2026-04-22 21:46:31.702434,2026-04-22 21:46:31.702434,23.786598205566406
2026-04-22 21:46:31.904039,2026-04-22 21:46:31.904039,23.91001510620117
2026-04-22 21:46:32.101889,2026-04-22 21:46:32.101889,24.01491928100586
2026-04-22 21:46:32.302194,2026-04-22 21:46:32.302194,24.104087829589844
2026-04-22 21:46:32.503306,2026-04-22 21:46:32.503306,24.179880142211918
2026-04-22 21:46:32.701325,2026-04-22 21:46:32.701325,24.244304656982425
2026-04-22 21:46:32.901422,2026-04-22 21:46:32.901422,24.29906463623047
2026-04-22 21:46:33.102400,2026-04-22 21:46:33.102400,24.345611572265625
2026-04-22 21:46:33.301510,2026-04-22 21:46:33.301510,22.10001945495605
2026-04-22 21:46:33.501384,2026-04-22 21:46:33.501384,20.191267013549805
2026-04-22 21:46:33.701500,2026-04-22 21:46:33.701500,18.56882667541504
2026-04-22 21:46:33.903389,2026-04-22 21:46:33.903389,17.54131507873535
2026-04-22 21:46:34.112637,2026-04-22 21:46:34.112637,16.843711853027344
2026-04-22 21:46:34.301454,2026-04-22 21:46:34.301454,16.426530838012695
2026-04-22 21:46:34.501584,2026-04-22 21:46:34.501584,16.07192611694336
2026-04-22 21:46:34.702870,2026-04-22 21:46:34.702870,15.594730377197266
2026-04-22 21:46:34.901591,2026-04-22 21:46:34.901591,15.364895820617676
2026-04-22 21:46:35.102015,2026-04-22 21:46:35.102015,15.169536590576172
2026-04-22 21:46:35.302550,2026-04-22 21:46:35.302550,14.827699661254885
2026-04-22 21:46:35.507624,2026-04-22 21:46:35.507624,14.537138938903809
2026-04-22 21:46:35.701751,2026-04-22 21:46:35.701751,14.2901611328125
2026-04-22 21:46:35.902229,2026-04-22 21:46:35.902229,14.080230712890623
2026-04-22 21:46:36.101997,2026-04-22 21:46:36.101997,13.726008415222168
2026-04-22 21:46:36.301887,2026-04-22 21:46:36.301887,13.424920082092283
2026-04-22 21:46:36.502222,2026-04-22 21:46:36.502222,13.168994903564451
2026-04-22 21:46:36.702260,2026-04-22 21:46:36.702260,12.951457977294922
2026-04-22 21:46:36.902845,2026-04-22 21:46:36.902845,12.766551971435549
2026-04-22 21:46:50.001929,2026-04-22 21:46:50.001929,12.609381675720217
2026-04-22 21:46:50.201821,2026-04-22 21:46:50.201821,12.475787162780762
2026-04-22 21:46:50.403333,2026-04-22 21:46:50.403333,12.362231254577637
2026-04-22 21:46:50.601936,2026-04-22 21:46:50.601936,12.265708923339844
2026-04-22 21:46:50.801758,2026-04-22 21:46:50.801758,12.35944652557373
2026-04-22 21:46:51.003280,2026-04-22 21:46:51.003280,12.263341903686523
2026-04-22 21:46:51.202980,2026-04-22 21:46:51.202980,12.181653022766112
2026-04-22 21:46:51.403939,2026-04-22 21:46:51.403939,12.112217903137209
2026-04-22 21:46:51.603838,2026-04-22 21:46:51.603838,12.228979110717772
2026-04-22 21:46:51.804427,2026-04-22 21:46:51.804427,12.32822608947754
2026-04-22 21:46:52.003830,2026-04-22 21:46:52.003830,12.412585258483888
2026-04-22 21:46:52.201504,2026-04-22 21:46:52.201504,12.660072326660156
2026-04-22 21:46:52.402631,2026-04-22 21:46:52.402631,12.694655418395996
2026-04-22 21:46:52.601442,2026-04-22 21:46:52.601442,12.724051475524902
2026-04-22 21:46:52.802328,2026-04-22 21:46:52.802328,12.92481803894043
2026-04-22 21:46:53.007093,2026-04-22 21:46:53.007093,13.095470428466797
2026-04-22 21:46:53.203454,2026-04-22 21:46:53.203454,13.240525245666504
2026-04-22 21:46:53.402945,2026-04-22 21:46:53.402945,13.363821029663086
2026-04-22 21:46:53.603935,2026-04-22 21:46:53.603935,13.468623161315918
2026-04-22 21:46:53.801633,2026-04-22 21:46:53.801633,13.73348617553711
2026-04-22 21:46:54.003831,2026-04-22 21:46:54.003831,13.958619117736816
2026-04-22 21:46:54.204132,2026-04-22 21:46:54.204132,14.149982452392578
2026-04-22 21:46:54.401937,2026-04-22 21:46:54.401937,14.312641143798828
2026-04-22 21:46:54.602497,2026-04-22 21:46:54.602497,14.62668228149414
2026-04-22 21:46:54.802382,2026-04-22 21:46:54.802382,14.893617630004885
2026-04-22 21:46:55.001701,2026-04-22 21:46:55.001701,15.120512962341309
2026-04-22 21:46:55.201376,2026-04-22 21:46:55.201376,15.489154815673828
2026-04-22 21:46:55.402443,2026-04-22 21:46:55.402443,15.802499771118164
2026-04-22 21:46:55.602051,2026-04-22 21:46:55.602051,16.068843841552734
2026-04-22 21:46:55.801499,2026-04-22 21:46:55.801499,16.295236587524414
2026-04-22 21:46:56.002404,2026-04-22 21:46:56.002404,16.487668991088867
2026-04-22 21:46:56.202854,2026-04-22 21:46:56.202854,16.65123748779297
2026-04-22 21:46:56.402132,2026-04-22 21:46:56.402132,16.79026985168457
2026-04-22 21:46:56.602191,2026-04-22 21:46:56.602191,16.908449172973633
2026-04-22 21:46:56.802301,2026-04-22 21:46:56.802301,17.008899688720703
2026-04-22 21:46:57.003328,2026-04-22 21:46:57.003328,17.270065307617188
2026-04-22 21:46:57.202978,2026-04-22 21:46:57.202978,17.492055892944336
2026-04-22 21:46:57.401651,2026-04-22 21:46:57.401651,17.680747985839844
2026-04-22 21:46:57.602006,2026-04-22 21:46:57.602006,17.841135025024414
2026-04-22 21:46:57.801626,2026-04-22 21:46:57.801626,17.97746467590332
2026-04-22 21:46:58.001767,2026-04-22 21:46:58.001767,18.093345642089844
2026-04-22 21:46:58.201536,2026-04-22 21:46:58.201536,18.191843032836918
2026-04-22 21:46:58.403015,2026-04-22 21:46:58.403015,18.27556610107422
2026-04-22 21:46:58.602312,2026-04-22 21:46:58.602312,18.34673118591309
2026-04-22 21:46:58.801832,2026-04-22 21:46:58.801832,18.40722274780273
2026-04-22 21:46:59.002136,2026-04-22 21:46:59.002136,18.63442039489746
2026-04-22 21:46:59.201570,2026-04-22 21:46:59.201570,18.827537536621094
2026-04-22 21:46:59.402547,2026-04-22 21:46:59.402547,18.99168968200684
2026-04-22 21:46:59.601514,2026-04-22 21:46:59.601514,19.131216049194336
2026-04-22 21:46:59.802989,2026-04-22 21:46:59.802989,19.249814987182617
2026-04-22 21:47:00.002625,2026-04-22 21:47:00.002625,19.350624084472656
2026-04-22 21:47:00.201646,2026-04-22 21:47:00.201646,19.43631172180176
2026-04-22 21:47:00.401502,2026-04-22 21:47:00.401502,19.509145736694336
2026-04-22 21:47:00.602304,2026-04-22 21:47:00.602304,19.5710563659668
2026-04-22 21:47:00.801589,2026-04-22 21:47:00.801589,19.62367820739746
2026-04-22 21:47:01.001686,2026-04-22 21:47:01.001686,19.668407440185547
2026-04-22 21:47:01.201664,2026-04-22 21:47:01.201664,19.70642852783203
2026-04-22 21:47:01.402936,2026-04-22 21:47:01.402936,19.738744735717773
2026-04-22 21:47:01.603005,2026-04-22 21:47:01.603005,19.76621437072754
2026-04-22 21:47:01.802266,2026-04-22 21:47:01.802266,19.96534538269043
2026-04-22 21:47:02.001495,2026-04-22 21:47:02.001495,20.134605407714844
2026-04-22 21:47:02.204471,2026-04-22 21:47:02.204471,20.27847671508789
2026-04-22 21:47:02.401514,2026-04-22 21:47:02.401514,20.400768280029297
2026-04-22 21:47:02.602310,2026-04-22 21:47:02.602310,20.504714965820312
2026-04-22 21:47:02.801616,2026-04-22 21:47:02.801616,20.59307098388672
2026-04-22 21:47:03.002799,2026-04-22 21:47:03.002799,20.66817283630371
2026-04-22 21:47:03.201567,2026-04-22 21:47:03.201567,20.732009887695312
2026-04-22 21:47:03.402674,2026-04-22 21:47:03.402674,20.78627014160156
2026-04-22 21:47:03.601821,2026-04-22 21:47:03.601821,20.8323917388916
2026-04-22 21:47:03.801571,2026-04-22 21:47:03.801571,20.87159538269043
2026-04-22 21:47:04.002760,2026-04-22 21:47:04.002760,21.080699920654297
2026-04-22 21:47:04.202076,2026-04-22 21:47:04.202076,21.25843811035156
2026-04-22 21:47:04.402495,2026-04-22 21:47:04.402495,21.409517288208008
2026-04-22 21:47:04.602091,2026-04-22 21:47:04.602091,21.53793334960937
2026-04-22 21:47:04.804645,2026-04-22 21:47:04.804645,21.64708709716797
2026-04-22 21:47:05.001622,2026-04-22 21:47:05.001622,21.7398681640625
2026-04-22 21:47:05.202089,2026-04-22 21:47:05.202089,21.8187313079834
2026-04-22 21:47:05.401379,2026-04-22 21:47:05.401379,21.885765075683597
2026-04-22 21:47:05.602570,2026-04-22 21:47:05.602570,21.9427433013916
2026-04-22 21:47:05.804329,2026-04-22 21:47:05.804329,21.99117660522461
2026-04-22 21:47:06.002316,2026-04-22 21:47:06.002316,22.0323429107666
2026-04-22 21:47:06.202506,2026-04-22 21:47:06.202506,22.06733512878418
2026-04-22 21:47:06.405725,2026-04-22 21:47:06.405725,22.097078323364254
2026-04-22 21:47:06.602431,2026-04-22 21:47:06.602431,22.122360229492188
2026-04-22 21:47:06.802175,2026-04-22 21:47:06.802175,22.14385032653809
2026-04-22 21:47:07.002794,2026-04-22 21:47:07.002794,22.16211700439453
2026-04-22 21:47:07.203494,2026-04-22 21:47:07.203494,22.177642822265625
2026-04-22 21:47:07.404694,2026-04-22 21:47:07.404694,22.19083976745605
2026-04-22 21:47:07.602748,2026-04-22 21:47:07.602748,22.377840042114254
2026-04-22 21:47:07.803586,2026-04-22 21:47:07.803586,22.536788940429688
2026-04-22 21:47:08.001465,2026-04-22 21:47:08.001465,22.67189598083496
2026-04-22 21:47:08.201609,2026-04-22 21:47:08.201609,22.78673553466797
2026-04-22 21:47:08.401624,2026-04-22 21:47:08.401624,22.884349822998047
2026-04-22 21:47:08.602749,2026-04-22 21:47:08.602749,22.967323303222656
2026-04-22 21:47:08.801660,2026-04-22 21:47:08.801660,23.03784942626953
2026-04-22 21:47:09.001886,2026-04-22 21:47:09.001886,23.097797393798828
2026-04-22 21:47:09.204549,2026-04-22 21:47:09.204549,23.14875221252441
2026-04-22 21:47:09.401550,2026-04-22 21:47:09.401550,23.19206428527832
2026-04-22 21:47:09.603644,2026-04-22 21:47:09.603644,23.228879928588867
2026-04-22 21:47:09.802177,2026-04-22 21:47:09.802177,23.435955047607425
2026-04-22 21:47:10.007187,2026-04-22 21:47:10.007187,23.611967086791992
2026-04-22 21:47:10.201896,2026-04-22 21:47:10.201896,23.76157760620117
2026-04-22 21:47:10.405027,2026-04-22 21:47:10.405027,23.888748168945312
2026-04-22 21:47:10.603147,2026-04-22 21:47:10.603147,21.887466430664062
2026-04-22 21:47:10.803486,2026-04-22 21:47:10.803486,20.186378479003903
2026-04-22 21:47:11.003668,2026-04-22 21:47:11.003668,18.74045181274414
2026-04-22 21:47:11.207891,2026-04-22 21:47:11.207891,17.511415481567383
2026-04-22 21:47:11.408594,2026-04-22 21:47:11.408594,16.29095458984375
2026-04-22 21:47:11.605596,2026-04-22 21:47:11.605596,15.25356101989746
2026-04-22 21:47:11.803867,2026-04-22 21:47:11.803867,14.371776580810549
2026-04-22 21:47:12.004685,2026-04-22 21:47:12.004685,13.622260093688965
2026-04-22 21:47:12.208537,2026-04-22 21:47:12.208537,12.9851713180542
2026-04-22 21:47:12.404050,2026-04-22 21:47:12.404050,12.443645477294922
2026-04-22 21:47:12.604904,2026-04-22 21:47:12.604904,11.983348846435549
2026-04-22 21:47:12.804731,2026-04-22 21:47:12.804731,11.592096328735352
2026-04-22 21:47:13.001895,2026-04-22 21:47:13.001895,11.25953197479248
2026-04-22 21:47:13.202591,2026-04-22 21:47:13.202591,10.801071166992188
2026-04-22 21:47:13.401464,2026-04-22 21:47:13.401464,10.411378860473633
2026-04-22 21:47:13.601586,2026-04-22 21:47:13.601586,10.080141067504885
2026-04-22 21:47:13.803858,2026-04-22 21:47:13.803858,9.798588752746582
2026-04-22 21:47:14.003010,2026-04-22 21:47:14.003010,9.559268951416016
2026-04-22 21:47:14.205491,2026-04-22 21:47:14.205491,9.355847358703612
2026-04-22 21:47:14.402916,2026-04-22 21:47:14.402916,9.182938575744627
2026-04-22 21:47:14.605696,2026-04-22 21:47:14.605696,9.035966873168944
2026-04-22 21:47:14.801636,2026-04-22 21:47:14.801636,8.911040306091309
2026-04-22 21:47:15.002611,2026-04-22 21:47:15.002611,8.629072189331055
2026-04-22 21:47:15.201894,2026-04-22 21:47:15.201894,8.389398574829102
2026-04-22 21:47:28.301882,2026-04-22 21:47:28.301882,8.361457824707031
2026-04-22 21:47:28.501985,2026-04-22 21:47:28.501985,8.33770751953125
2026-04-22 21:47:28.701415,2026-04-22 21:47:28.701415,8.317520141601562
2026-04-22 21:47:28.903823,2026-04-22 21:47:28.903823,8.300360679626465
2026-04-22 21:47:29.101946,2026-04-22 21:47:29.101946,8.285775184631348
2026-04-22 21:47:29.304096,2026-04-22 21:47:29.304096,8.273378372192383
2026-04-22 21:47:29.502260,2026-04-22 21:47:29.502260,8.262840270996094
2026-04-22 21:47:29.704800,2026-04-22 21:47:29.704800,8.25388240814209
2026-04-22 21:47:29.903231,2026-04-22 21:47:29.903231,8.246269226074219
2026-04-22 21:47:30.102958,2026-04-22 21:47:30.102958,8.415578842163086
2026-04-22 21:47:30.303422,2026-04-22 21:47:30.303422,8.559492111206055
2026-04-22 21:47:30.504240,2026-04-22 21:47:30.504240,8.681818008422852
2026-04-22 21:47:30.703848,2026-04-22 21:47:30.703848,8.785795211791992
2026-04-22 21:47:30.904825,2026-04-22 21:47:30.904825,8.874176025390625
2026-04-22 21:47:31.101887,2026-04-22 21:47:31.101887,8.949299812316895
2026-04-22 21:47:31.303371,2026-04-22 21:47:31.303371,9.013154983520508
2026-04-22 21:47:31.502395,2026-04-22 21:47:31.502395,9.067431449890137
2026-04-22 21:47:31.706131,2026-04-22 21:47:31.706131,9.113566398620604
2026-04-22 21:47:31.905044,2026-04-22 21:47:31.905044,9.15278148651123
2026-04-22 21:47:32.104764,2026-04-22 21:47:32.104764,9.186114311218262
2026-04-22 21:47:32.302174,2026-04-22 21:47:32.302174,9.214447021484377
2026-04-22 21:47:32.503086,2026-04-22 21:47:32.503086,9.238530158996582
2026-04-22 21:47:32.704035,2026-04-22 21:47:32.704035,9.259000778198242
2026-04-22 21:47:32.905857,2026-04-22 21:47:32.905857,9.276400566101074
2026-04-22 21:47:33.104816,2026-04-22 21:47:33.104816,9.291190147399902
2026-04-22 21:47:33.302933,2026-04-22 21:47:33.302933,9.30376148223877
2026-04-22 21:47:33.503445,2026-04-22 21:47:33.503445,9.314447402954102
2026-04-22 21:47:33.713018,2026-04-22 21:47:33.713018,9.323530197143556
2026-04-22 21:47:33.904742,2026-04-22 21:47:33.904742,9.33125114440918
2026-04-22 21:47:34.104993,2026-04-22 21:47:34.104993,9.337813377380373
2026-04-22 21:47:34.302687,2026-04-22 21:47:34.302687,9.343391418457031
2026-04-22 21:47:34.502387,2026-04-22 21:47:34.502387,9.172350883483888
2026-04-22 21:47:34.703308,2026-04-22 21:47:34.703308,9.20274829864502
2026-04-22 21:47:34.903601,2026-04-22 21:47:34.903601,9.228586196899414
2026-04-22 21:47:35.102048,2026-04-22 21:47:35.102048,9.250548362731934
2026-04-22 21:47:35.303402,2026-04-22 21:47:35.303402,9.269216537475586
2026-04-22 21:47:35.504797,2026-04-22 21:47:35.504797,9.460865020751951
2026-04-22 21:47:35.702409,2026-04-22 21:47:35.702409,9.623766899108888
2026-04-22 21:47:35.902389,2026-04-22 21:47:35.902389,9.762232780456545
2026-04-22 21:47:36.102396,2026-04-22 21:47:36.102396,9.879929542541504
2026-04-22 21:47:36.302143,2026-04-22 21:47:36.302143,9.979970932006836
2026-04-22 21:47:36.501545,2026-04-22 21:47:36.501545,10.065006256103516
2026-04-22 21:47:36.704342,2026-04-22 21:47:36.704342,10.137287139892578
2026-04-22 21:47:36.903288,2026-04-22 21:47:36.903288,10.198724746704102
2026-04-22 21:47:37.102592,2026-04-22 21:47:37.102592,10.250947952270508
2026-04-22 21:47:37.302181,2026-04-22 21:47:37.302181,10.295336723327637
2026-04-22 21:47:37.502936,2026-04-22 21:47:37.502936,10.333067893981934
2026-04-22 21:47:37.702318,2026-04-22 21:47:37.702318,10.36513900756836
2026-04-22 21:47:37.903378,2026-04-22 21:47:37.903378,10.392398834228516
2026-04-22 21:47:38.103637,2026-04-22 21:47:38.103637,10.591351509094238
2026-04-22 21:47:38.302893,2026-04-22 21:47:38.302893,10.760461807250977
2026-04-22 21:47:38.501447,2026-04-22 21:47:38.501447,10.904204368591309
2026-04-22 21:47:38.701355,2026-04-22 21:47:38.701355,11.026386260986328
2026-04-22 21:47:38.902080,2026-04-22 21:47:38.902080,10.954460144042969
2026-04-22 21:47:39.101449,2026-04-22 21:47:39.101449,11.069103240966797
2026-04-22 21:47:39.301827,2026-04-22 21:47:39.301827,11.166550636291504
2026-04-22 21:47:39.503908,2026-04-22 21:47:39.503908,11.249380111694336
2026-04-22 21:47:39.701378,2026-04-22 21:47:39.701378,11.319786071777344
2026-04-22 21:47:39.902358,2026-04-22 21:47:39.902358,11.379630088806152
2026-04-22 21:47:40.101342,2026-04-22 21:47:40.101342,11.430498123168944
2026-04-22 21:47:40.303131,2026-04-22 21:47:40.303131,11.473735809326172
2026-04-22 21:47:40.503430,2026-04-22 21:47:40.503430,11.510488510131836
2026-04-22 21:47:40.704249,2026-04-22 21:47:40.704249,11.54172706604004
2026-04-22 21:47:40.902888,2026-04-22 21:47:40.902888,11.568281173706056
2026-04-22 21:47:41.101460,2026-04-22 21:47:41.101460,11.590850830078123
2026-04-22 21:47:41.302081,2026-04-22 21:47:41.302081,11.61003589630127
2026-04-22 21:47:41.503230,2026-04-22 21:47:41.503230,11.6263427734375
2026-04-22 21:47:41.702402,2026-04-22 21:47:41.702402,11.640204429626465
2026-04-22 21:47:41.901455,2026-04-22 21:47:41.901455,11.651986122131348
2026-04-22 21:47:42.101331,2026-04-22 21:47:42.101331,11.66200065612793
2026-04-22 21:47:42.302185,2026-04-22 21:47:42.302185,11.670513153076172
2026-04-22 21:47:42.501336,2026-04-22 21:47:42.501336,11.677748680114746
2026-04-22 21:47:42.701467,2026-04-22 21:47:42.701467,11.50811767578125
2026-04-22 21:47:42.901489,2026-04-22 21:47:42.901489,11.363930702209473
2026-04-22 21:47:43.108146,2026-04-22 21:47:43.108146,11.241373062133787
2026-04-22 21:47:43.301911,2026-04-22 21:47:43.301911,11.137198448181152
2026-04-22 21:47:43.502861,2026-04-22 21:47:43.502861,11.224431037902832
2026-04-22 21:47:43.701763,2026-04-22 21:47:43.701763,11.298578262329102
2026-04-22 21:47:43.903162,2026-04-22 21:47:43.903162,11.361604690551758
2026-04-22 21:47:44.103074,2026-04-22 21:47:44.103074,11.415176391601562
2026-04-22 21:47:44.301457,2026-04-22 21:47:44.301457,11.460712432861328
2026-04-22 21:47:44.504351,2026-04-22 21:47:44.504351,11.499418258666992
2026-04-22 21:47:44.701953,2026-04-22 21:47:44.701953,11.708099365234377
2026-04-22 21:47:44.901933,2026-04-22 21:47:44.901933,11.885478019714355
2026-04-22 21:47:45.101475,2026-04-22 21:47:45.101475,12.212031364440918
2026-04-22 21:47:45.301658,2026-04-22 21:47:45.301658,12.489601135253906
2026-04-22 21:47:45.502299,2026-04-22 21:47:45.502299,12.901317596435549
2026-04-22 21:47:45.702456,2026-04-22 21:47:45.702456,13.251276016235352
2026-04-22 21:47:45.901716,2026-04-22 21:47:45.901716,13.548741340637209
2026-04-22 21:47:46.101961,2026-04-22 21:47:46.101961,13.625804901123049
2026-04-22 21:47:46.303739,2026-04-22 21:47:46.303739,13.691308975219728
2026-04-22 21:47:46.501523,2026-04-22 21:47:46.501523,13.746987342834473
2026-04-22 21:47:46.701729,2026-04-22 21:47:46.701729,13.79431438446045
2026-04-22 21:47:46.901653,2026-04-22 21:47:46.901653,13.834542274475098
2026-04-22 21:47:47.101348,2026-04-22 21:47:47.101348,13.868736267089844
2026-04-22 21:47:47.302135,2026-04-22 21:47:47.302135,13.89780044555664
2026-04-22 21:47:47.501326,2026-04-22 21:47:47.501326,13.922505378723145
2026-04-22 21:47:47.703100,2026-04-22 21:47:47.703100,13.943504333496094
2026-04-22 21:47:47.904580,2026-04-22 21:47:47.904580,13.96135425567627
2026-04-22 21:47:48.101654,2026-04-22 21:47:48.101654,13.976526260375977
2026-04-22 21:47:48.302687,2026-04-22 21:47:48.302687,14.165203094482422
2026-04-22 21:47:48.507094,2026-04-22 21:47:48.507094,14.149797439575195
2026-04-22 21:47:48.701714,2026-04-22 21:47:48.701714,14.312484741210938
2026-04-22 21:47:48.902408,2026-04-22 21:47:48.902408,14.274986267089844
2026-04-22 21:47:49.104345,2026-04-22 21:47:49.104345,14.24311351776123
2026-04-22 21:47:49.304940,2026-04-22 21:47:49.304940,14.216021537780762
2026-04-22 21:47:49.501642,2026-04-22 21:47:49.501642,14.1929931640625
2026-04-22 21:47:49.702685,2026-04-22 21:47:49.702685,14.349200248718262
2026-04-22 21:47:49.903766,2026-04-22 21:47:49.903766,14.481976509094238
2026-04-22 21:47:50.101815,2026-04-22 21:47:50.101815,14.594836235046388
2026-04-22 21:47:50.302957,2026-04-22 21:47:50.302957,14.866548538208008
2026-04-22 21:47:50.502228,2026-04-22 21:47:50.502228,15.097503662109377
2026-04-22 21:47:50.704471,2026-04-22 21:47:50.704471,15.293815612792969
2026-04-22 21:47:50.903118,2026-04-22 21:47:50.903118,15.460680961608888
2026-04-22 21:47:51.103231,2026-04-22 21:47:51.103231,15.602516174316406
2026-04-22 21:47:51.301698,2026-04-22 21:47:51.301698,15.89885711669922
2026-04-22 21:47:51.505855,2026-04-22 21:47:51.505855,15.974966049194336
2026-04-22 21:47:51.703762,2026-04-22 21:47:51.703762,16.03965950012207
2026-04-22 21:47:51.905214,2026-04-22 21:47:51.905214,16.094648361206055
2026-04-22 21:47:52.103627,2026-04-22 21:47:52.103627,16.141387939453125
2026-04-22 21:47:52.301940,2026-04-22 21:47:52.301940,16.18111801147461
2026-04-22 21:47:52.503496,2026-04-22 21:47:52.503496,16.214887619018555
2026-04-22 21:47:52.704618,2026-04-22 21:47:52.704618,16.24359130859375
2026-04-22 21:47:52.901829,2026-04-22 21:47:52.901829,16.267990112304688
2026-04-22 21:47:53.102829,2026-04-22 21:47:53.102829,16.112947463989258
2026-04-22 21:47:53.302365,2026-04-22 21:47:53.302365,16.156944274902344
2026-04-22 21:47:53.501947,2026-04-22 21:47:53.501947,16.194339752197266
2026-04-22 21:48:06.602466,2026-04-22 21:48:06.602466,16.226125717163086
2026-04-22 21:48:06.801350,2026-04-22 21:48:06.801350,16.077363967895508
2026-04-22 21:48:07.001395,2026-04-22 21:48:07.001395,16.12669563293457
2026-04-22 21:48:07.202032,2026-04-22 21:48:07.202032,16.168628692626953
2026-04-22 21:48:07.402004,2026-04-22 21:48:07.402004,16.380054473876953
2026-04-22 21:48:07.601732,2026-04-22 21:48:07.601732,16.383983612060547
2026-04-22 21:48:07.801961,2026-04-22 21:48:07.801961,16.3873233795166
2026-04-22 21:48:08.002151,2026-04-22 21:48:08.002151,16.214380264282227
2026-04-22 21:48:08.204058,2026-04-22 21:48:08.204058,16.067380905151367
2026-04-22 21:48:08.404519,2026-04-22 21:48:08.404519,15.942429542541504
2026-04-22 21:48:08.601691,2026-04-22 21:48:08.601691,15.660439491271973
2026-04-22 21:48:08.803468,2026-04-22 21:48:08.803468,15.420748710632324
2026-04-22 21:48:09.003855,2026-04-22 21:48:09.003855,15.217011451721191
2026-04-22 21:48:09.201746,2026-04-22 21:48:09.201746,14.868053436279297
2026-04-22 21:48:09.401460,2026-04-22 21:48:09.401460,14.571439743041992
2026-04-22 21:48:09.602471,2026-04-22 21:48:09.602471,14.319316864013672
2026-04-22 21:48:09.801922,2026-04-22 21:48:09.801922,14.105012893676758
2026-04-22 21:48:10.002518,2026-04-22 21:48:10.002518,13.747074127197266
2026-04-22 21:48:10.202956,2026-04-22 21:48:10.202956,13.442825317382812
2026-04-22 21:48:10.402684,2026-04-22 21:48:10.402684,13.184213638305664
2026-04-22 21:48:10.603904,2026-04-22 21:48:10.603904,12.964394569396973
2026-04-22 21:48:10.801791,2026-04-22 21:48:10.801791,12.777547836303713
2026-04-22 21:48:11.001624,2026-04-22 21:48:11.001624,12.618727684020996
2026-04-22 21:48:11.201510,2026-04-22 21:48:11.201510,12.483731269836426
2026-04-22 21:48:11.402158,2026-04-22 21:48:11.402158,12.36898422241211
2026-04-22 21:48:11.603738,2026-04-22 21:48:11.603738,12.271449089050291
2026-04-22 21:48:11.802808,2026-04-22 21:48:11.802808,12.188544273376465
2026-04-22 21:48:12.002373,2026-04-22 21:48:12.002373,12.118075370788574
2026-04-22 21:48:12.203218,2026-04-22 21:48:12.203218,12.058176040649414
2026-04-22 21:48:12.405563,2026-04-22 21:48:12.405563,12.007262229919434
2026-04-22 21:48:12.601631,2026-04-22 21:48:12.601631,11.788204193115234
2026-04-22 21:48:12.801934,2026-04-22 21:48:12.801934,11.602005004882812
2026-04-22 21:48:13.005168,2026-04-22 21:48:13.005168,11.443735122680664
2026-04-22 21:48:13.201703,2026-04-22 21:48:13.201703,11.309206008911133
2026-04-22 21:48:13.402574,2026-04-22 21:48:13.402574,11.370637893676758
2026-04-22 21:48:13.602733,2026-04-22 21:48:13.602733,11.42285442352295
2026-04-22 21:48:13.801807,2026-04-22 21:48:13.801807,11.467239379882812
2026-04-22 21:48:14.001920,2026-04-22 21:48:14.001920,11.504965782165527
2026-04-22 21:48:14.203273,2026-04-22 21:48:14.203273,11.537033081054688
2026-04-22 21:48:14.404178,2026-04-22 21:48:14.404178,11.388509750366213
2026-04-22 21:48:14.605428,2026-04-22 21:48:14.605428,11.262264251708984
2026-04-22 21:48:14.803324,2026-04-22 21:48:14.803324,11.330737113952637
2026-04-22 21:48:15.004356,2026-04-22 21:48:15.004356,11.388938903808594
2026-04-22 21:48:15.206049,2026-04-22 21:48:15.206049,11.438410758972168
2026-04-22 21:48:15.403965,2026-04-22 21:48:15.403965,11.480462074279783
2026-04-22 21:48:15.603369,2026-04-22 21:48:15.603369,11.516204833984377
2026-04-22 21:48:15.802821,2026-04-22 21:48:15.802821,11.546586990356444
2026-04-22 21:48:16.003683,2026-04-22 21:48:16.003683,11.57241153717041
2026-04-22 21:48:16.202523,2026-04-22 21:48:16.202523,11.594362258911133
2026-04-22 21:48:16.401862,2026-04-22 21:48:16.401862,11.613019943237305
2026-04-22 21:48:16.601644,2026-04-22 21:48:16.601644,11.62887954711914
2026-04-22 21:48:16.802208,2026-04-22 21:48:16.802208,11.64236068725586
2026-04-22 21:48:17.003014,2026-04-22 21:48:17.003014,11.65381908416748
2026-04-22 21:48:17.202313,2026-04-22 21:48:17.202313,11.66355800628662
2026-04-22 21:48:17.401457,2026-04-22 21:48:17.401457,11.671836853027344
2026-04-22 21:48:17.608900,2026-04-22 21:48:17.608900,11.678874015808104
2026-04-22 21:48:17.802063,2026-04-22 21:48:17.802063,11.684855461120604
2026-04-22 21:48:18.002427,2026-04-22 21:48:18.002427,11.514158248901367
2026-04-22 21:48:18.201848,2026-04-22 21:48:18.201848,11.54484748840332
2026-04-22 21:48:18.401913,2026-04-22 21:48:18.401913,11.570932388305664
2026-04-22 21:48:18.601877,2026-04-22 21:48:18.601877,11.59310531616211
2026-04-22 21:48:18.805356,2026-04-22 21:48:18.805356,11.61195182800293
2026-04-22 21:48:19.002677,2026-04-22 21:48:19.002677,11.803752899169922
2026-04-22 21:48:19.202921,2026-04-22 21:48:19.202921,11.96678352355957
2026-04-22 21:48:19.401487,2026-04-22 21:48:19.401487,12.10536003112793
2026-04-22 21:48:19.601597,2026-04-22 21:48:19.601597,12.223149299621582
2026-04-22 21:48:19.801480,2026-04-22 21:48:19.801480,12.323270797729492
2026-04-22 21:48:20.001695,2026-04-22 21:48:20.001695,12.584155082702637
2026-04-22 21:48:20.202549,2026-04-22 21:48:20.202549,12.630125999450684
2026-04-22 21:48:20.403337,2026-04-22 21:48:20.403337,12.669200897216797
2026-04-22 21:48:20.602522,2026-04-22 21:48:20.602522,12.702414512634276
2026-04-22 21:48:20.802053,2026-04-22 21:48:20.802053,12.906427383422852
2026-04-22 21:48:21.002019,2026-04-22 21:48:21.002019,12.904056549072266
2026-04-22 21:48:21.202195,2026-04-22 21:48:21.202195,12.902042388916016
2026-04-22 21:48:21.402417,2026-04-22 21:48:21.402417,12.90032958984375
2026-04-22 21:48:21.603664,2026-04-22 21:48:21.603664,12.898874282836914
2026-04-22 21:48:21.805359,2026-04-22 21:48:21.805359,12.89763641357422
2026-04-22 21:48:22.001811,2026-04-22 21:48:22.001811,12.896584510803224
2026-04-22 21:48:22.203482,2026-04-22 21:48:22.203482,12.89569091796875
2026-04-22 21:48:22.402286,2026-04-22 21:48:22.402286,12.894930839538574
2026-04-22 21:48:22.602678,2026-04-22 21:48:22.602678,12.894285202026367
2026-04-22 21:48:22.801632,2026-04-22 21:48:22.801632,12.717954635620115
2026-04-22 21:48:23.002958,2026-04-22 21:48:23.002958,12.568074226379396
2026-04-22 21:48:23.203372,2026-04-22 21:48:23.203372,12.440675735473633
2026-04-22 21:48:23.403935,2026-04-22 21:48:23.403935,12.33238697052002
2026-04-22 21:48:23.601956,2026-04-22 21:48:23.601956,12.240341186523438
2026-04-22 21:48:23.802023,2026-04-22 21:48:23.802023,12.162102699279783
2026-04-22 21:48:24.002075,2026-04-22 21:48:24.002075,12.095599174499512
2026-04-22 21:48:24.202959,2026-04-22 21:48:24.202959,12.214853286743164
2026-04-22 21:48:24.402030,2026-04-22 21:48:24.402030,12.492000579833984
2026-04-22 21:48:24.603577,2026-04-22 21:48:24.603577,12.903356552124023
2026-04-22 21:48:24.802068,2026-04-22 21:48:24.802068,13.428791046142578
2026-04-22 21:48:25.002382,2026-04-22 21:48:25.002382,13.875409126281738
2026-04-22 21:48:25.201592,2026-04-22 21:48:25.201592,14.255035400390623
2026-04-22 21:48:25.401735,2026-04-22 21:48:25.401735,14.753499031066896
2026-04-22 21:48:25.603827,2026-04-22 21:48:25.603827,15.17719268798828
2026-04-22 21:48:25.801815,2026-04-22 21:48:25.801815,15.53733253479004
2026-04-22 21:48:26.001822,2026-04-22 21:48:26.001822,15.843451499938965
2026-04-22 21:48:26.202129,2026-04-22 21:48:26.202129,16.103652954101562
2026-04-22 21:48:26.402995,2026-04-22 21:48:26.402995,16.3248233795166
2026-04-22 21:48:26.601543,2026-04-22 21:48:26.601543,16.512819290161133
2026-04-22 21:48:26.802571,2026-04-22 21:48:26.802571,18.43042755126953
2026-04-22 21:48:27.002334,2026-04-22 21:48:27.002334,20.06039428710937
2026-04-22 21:48:27.202025,2026-04-22 21:48:27.202025,21.27008438110352
2026-04-22 21:48:27.403358,2026-04-22 21:48:27.403358,22.298322677612305
2026-04-22 21:48:27.601460,2026-04-22 21:48:27.601460,23.17232322692871
2026-04-22 21:48:27.801455,2026-04-22 21:48:27.801455,23.915225982666016
2026-04-22 21:48:28.002686,2026-04-22 21:48:28.002686,24.54669189453125
2026-04-22 21:48:28.201963,2026-04-22 21:48:28.201963,25.083436965942383
2026-04-22 21:48:28.401600,2026-04-22 21:48:28.401600,25.5396728515625
2026-04-22 21:48:28.602470,2026-04-22 21:48:28.602470,25.927471160888672
2026-04-22 21:48:28.801907,2026-04-22 21:48:28.801907,26.25710105895996
2026-04-22 21:48:29.001526,2026-04-22 21:48:29.001526,26.53728485107422
2026-04-22 21:48:29.203463,2026-04-22 21:48:29.203463,26.77544212341309
2026-04-22 21:48:29.403030,2026-04-22 21:48:29.403030,26.977876663208008
2026-04-22 21:48:29.604296,2026-04-22 21:48:29.604296,27.14994430541992
2026-04-22 21:48:29.802239,2026-04-22 21:48:29.802239,27.29620361328125
2026-04-22 21:48:30.003307,2026-04-22 21:48:30.003307,27.420522689819336
2026-04-22 21:48:30.202300,2026-04-22 21:48:30.202300,27.52619361877441
2026-04-22 21:48:30.402596,2026-04-22 21:48:30.402596,27.61601448059082
2026-04-22 21:48:30.601478,2026-04-22 21:48:30.601478,27.692363739013672
2026-04-22 21:48:30.802581,2026-04-22 21:48:30.802581,27.757259368896484
2026-04-22 21:48:31.003330,2026-04-22 21:48:31.003330,27.812419891357425
2026-04-22 21:48:31.204909,2026-04-22 21:48:31.204909,28.03508758544922
2026-04-22 21:48:31.401977,2026-04-22 21:48:31.401977,28.22435569763184
2026-04-22 21:48:31.602987,2026-04-22 21:48:31.602987,28.38523292541504
2026-04-22 21:48:31.802672,2026-04-22 21:48:31.802672,28.52198028564453
2026-04-22 21:48:44.902300,2026-04-22 21:48:44.902300,28.638214111328125
2026-04-22 21:48:45.101979,2026-04-22 21:48:45.101979,28.73701286315918
2026-04-22 21:48:45.301672,2026-04-22 21:48:45.301672,28.820993423461918
2026-04-22 21:48:45.502244,2026-04-22 21:48:45.502244,28.89237403869629
2026-04-22 21:48:45.703315,2026-04-22 21:48:45.703315,28.95305061340332
2026-04-22 21:48:45.901395,2026-04-22 21:48:45.901395,29.004623413085938
2026-04-22 21:48:46.104301,2026-04-22 21:48:46.104301,29.0484619140625
2026-04-22 21:48:46.302664,2026-04-22 21:48:46.302664,29.085723876953125
2026-04-22 21:48:46.502633,2026-04-22 21:48:46.502633,29.117395401000977
2026-04-22 21:48:46.702070,2026-04-22 21:48:46.702070,29.144317626953125
2026-04-22 21:48:46.902632,2026-04-22 21:48:46.902632,29.16720199584961
2026-04-22 21:48:47.103052,2026-04-22 21:48:47.103052,29.18665313720703
2026-04-22 21:48:47.301596,2026-04-22 21:48:47.301596,29.20318603515625
2026-04-22 21:48:47.502781,2026-04-22 21:48:47.502781,29.21723937988281
2026-04-22 21:48:47.701947,2026-04-22 21:48:47.701947,29.22918510437012
2026-04-22 21:48:47.901404,2026-04-22 21:48:47.901404,29.239337921142575
2026-04-22 21:48:48.102407,2026-04-22 21:48:48.102407,26.78703117370605
2026-04-22 21:48:48.303036,2026-04-22 21:48:48.303036,24.52678871154785
2026-04-22 21:48:48.502302,2026-04-22 21:48:48.502302,22.78136444091797
2026-04-22 21:48:48.703855,2026-04-22 21:48:48.703855,21.297754287719727
2026-04-22 21:48:48.901980,2026-04-22 21:48:48.901980,20.036684036254883
2026-04-22 21:48:49.103538,2026-04-22 21:48:49.103538,18.96477508544922
2026-04-22 21:48:49.306595,2026-04-22 21:48:49.306595,18.053653717041016
2026-04-22 21:48:49.502218,2026-04-22 21:48:49.502218,17.279197692871094
2026-04-22 21:48:49.702909,2026-04-22 21:48:49.702909,16.796693801879883
2026-04-22 21:48:49.902330,2026-04-22 21:48:49.902330,16.386564254760742
2026-04-22 21:48:50.102218,2026-04-22 21:48:50.102218,16.037954330444336
2026-04-22 21:48:50.303594,2026-04-22 21:48:50.303594,15.741637229919434
2026-04-22 21:48:50.503926,2026-04-22 21:48:50.503926,15.489766120910645
2026-04-22 21:48:50.701322,2026-04-22 21:48:50.701322,15.978801727294922
2026-04-22 21:48:50.903012,2026-04-22 21:48:50.903012,16.042919158935547
2026-04-22 21:48:51.105483,2026-04-22 21:48:51.105483,16.0974178314209
2026-04-22 21:48:51.302414,2026-04-22 21:48:51.302414,16.14374351501465
2026-04-22 21:48:51.501393,2026-04-22 21:48:51.501393,16.18311882019043
2026-04-22 21:48:51.704303,2026-04-22 21:48:51.704303,16.392370223999023
2026-04-22 21:48:51.904559,2026-04-22 21:48:51.904559,16.570232391357422
2026-04-22 21:48:52.103141,2026-04-22 21:48:52.103141,16.721416473388672
2026-04-22 21:48:52.304019,2026-04-22 21:48:52.304019,16.849924087524414
2026-04-22 21:48:52.502050,2026-04-22 21:48:52.502050,16.95915412902832
2026-04-22 21:48:52.703111,2026-04-22 21:48:52.703111,17.052000045776367
2026-04-22 21:48:52.905800,2026-04-22 21:48:52.905800,17.130918502807617
2026-04-22 21:48:53.103330,2026-04-22 21:48:53.103330,17.197999954223633
2026-04-22 21:48:53.304739,2026-04-22 21:48:53.304739,17.25501823425293
2026-04-22 21:48:53.503801,2026-04-22 21:48:53.503801,17.303483963012695
2026-04-22 21:48:53.701644,2026-04-22 21:48:53.701644,17.344680786132812
2026-04-22 21:48:53.903054,2026-04-22 21:48:53.903054,17.379697799682617
2026-04-22 21:48:54.103126,2026-04-22 21:48:54.103126,17.409461975097656
2026-04-22 21:48:54.304276,2026-04-22 21:48:54.304276,17.43476104736328
2026-04-22 21:48:54.503057,2026-04-22 21:48:54.503057,17.45626449584961
2026-04-22 21:48:54.702704,2026-04-22 21:48:54.702704,17.474544525146484
2026-04-22 21:48:54.904408,2026-04-22 21:48:54.904408,17.490081787109375
2026-04-22 21:48:55.102572,2026-04-22 21:48:55.102572,17.50328826904297
2026-04-22 21:48:55.312103,2026-04-22 21:48:55.312103,17.33873176574707
2026-04-22 21:48:55.503191,2026-04-22 21:48:55.503191,17.19886016845703
2026-04-22 21:48:55.703638,2026-04-22 21:48:55.703638,17.079967498779297
2026-04-22 21:48:55.904795,2026-04-22 21:48:55.904795,16.978910446166992
2026-04-22 21:48:56.104681,2026-04-22 21:48:56.104681,16.89301109313965
2026-04-22 21:48:56.304070,2026-04-22 21:48:56.304070,16.819997787475586
2026-04-22 21:48:56.502362,2026-04-22 21:48:56.502362,16.7579345703125
2026-04-22 21:48:56.703267,2026-04-22 21:48:56.703267,16.529401779174805
2026-04-22 21:48:56.902071,2026-04-22 21:48:56.902071,16.335147857666016
2026-04-22 21:48:57.104746,2026-04-22 21:48:57.104746,16.17003059387207
2026-04-22 21:48:57.303484,2026-04-22 21:48:57.303484,16.029682159423828
2026-04-22 21:48:57.503421,2026-04-22 21:48:57.503421,15.91038703918457
2026-04-22 21:48:57.701562,2026-04-22 21:48:57.701562,15.808984756469728
2026-04-22 21:48:57.903326,2026-04-22 21:48:57.903326,15.898574829101562
2026-04-22 21:48:58.104131,2026-04-22 21:48:58.104131,15.974725723266602
2026-04-22 21:48:58.305222,2026-04-22 21:48:58.305222,16.03945541381836
2026-04-22 21:48:58.502844,2026-04-22 21:48:58.502844,16.09447479248047
2026-04-22 21:48:58.703051,2026-04-22 21:48:58.703051,16.1412410736084
2026-04-22 21:48:58.902663,2026-04-22 21:48:58.902663,16.005210876464844
2026-04-22 21:48:59.102664,2026-04-22 21:48:59.102664,16.065366744995117
2026-04-22 21:48:59.301756,2026-04-22 21:48:59.301756,16.116498947143555
2026-04-22 21:48:59.502066,2026-04-22 21:48:59.502066,16.159961700439453
2026-04-22 21:48:59.704648,2026-04-22 21:48:59.704648,16.1969051361084
2026-04-22 21:48:59.902133,2026-04-22 21:48:59.902133,16.22830581665039
2026-04-22 21:49:00.101602,2026-04-22 21:49:00.101602,16.25499725341797
2026-04-22 21:49:00.302199,2026-04-22 21:49:00.302199,16.453466415405273
2026-04-22 21:49:00.501430,2026-04-22 21:49:00.501430,16.62216567993164
2026-04-22 21:49:00.703195,2026-04-22 21:49:00.703195,16.765560150146484
2026-04-22 21:49:00.902237,2026-04-22 21:49:00.902237,16.8874454498291
2026-04-22 21:49:01.101529,2026-04-22 21:49:01.101529,16.815265655517578
2026-04-22 21:49:01.301685,2026-04-22 21:49:01.301685,16.75391387939453
2026-04-22 21:49:01.502141,2026-04-22 21:49:01.502141,16.701763153076172
2026-04-22 21:49:01.701900,2026-04-22 21:49:01.701900,16.83321762084961
2026-04-22 21:49:01.901644,2026-04-22 21:49:01.901644,16.94495391845703
2026-04-22 21:49:02.101704,2026-04-22 21:49:02.101704,17.03993034362793
2026-04-22 21:49:02.302583,2026-04-22 21:49:02.302583,17.12065887451172
2026-04-22 21:49:02.501610,2026-04-22 21:49:02.501610,17.189279556274414
2026-04-22 21:49:02.702510,2026-04-22 21:49:02.702510,17.24760627746582
2026-04-22 21:49:02.902932,2026-04-22 21:49:02.902932,17.121402740478516
2026-04-22 21:49:03.101555,2026-04-22 21:49:03.101555,17.014129638671875
2026-04-22 21:49:03.302592,2026-04-22 21:49:03.302592,16.92294692993164
2026-04-22 21:49:03.502833,2026-04-22 21:49:03.502833,16.845443725585938
2026-04-22 21:49:03.701527,2026-04-22 21:49:03.701527,16.779563903808594
2026-04-22 21:49:03.902325,2026-04-22 21:49:03.902325,16.72356605529785
2026-04-22 21:49:04.101708,2026-04-22 21:49:04.101708,16.67597007751465
2026-04-22 21:49:04.304362,2026-04-22 21:49:04.304362,16.63551139831543
2026-04-22 21:49:04.502035,2026-04-22 21:49:04.502035,16.60112190246582
2026-04-22 21:49:04.702121,2026-04-22 21:49:04.702121,16.74767303466797
2026-04-22 21:49:04.902538,2026-04-22 21:49:04.902538,17.04802131652832
2026-04-22 21:49:05.102004,2026-04-22 21:49:05.102004,17.30331802368164
2026-04-22 21:49:05.302590,2026-04-22 21:49:05.302590,17.696102142333984
2026-04-22 21:49:05.501809,2026-04-22 21:49:05.501809,18.02996826171875
2026-04-22 21:49:05.702415,2026-04-22 21:49:05.702415,18.31375312805176
2026-04-22 21:49:05.901487,2026-04-22 21:49:05.901487,18.55497169494629
2026-04-22 21:49:06.101732,2026-04-22 21:49:06.101732,18.760007858276367
2026-04-22 21:49:06.301400,2026-04-22 21:49:06.301400,18.758506774902344
2026-04-22 21:49:06.501988,2026-04-22 21:49:06.501988,18.757230758666992
2026-04-22 21:49:06.703055,2026-04-22 21:49:06.703055,18.75614547729492
2026-04-22 21:49:06.901604,2026-04-22 21:49:06.901604,17.876317977905273
2026-04-22 21:49:07.101838,2026-04-22 21:49:07.101838,17.128463745117188
2026-04-22 21:49:07.306378,2026-04-22 21:49:07.306378,16.492788314819336
2026-04-22 21:49:07.501985,2026-04-22 21:49:07.501985,15.776681900024414
2026-04-22 21:49:07.703034,2026-04-22 21:49:07.703034,15.16799259185791
2026-04-22 21:49:07.903305,2026-04-22 21:49:07.903305,14.650606155395508
2026-04-22 21:49:08.102259,2026-04-22 21:49:08.102259,14.210827827453612
2026-04-22 21:49:08.301601,2026-04-22 21:49:08.301601,13.837016105651855
2026-04-22 21:49:08.501481,2026-04-22 21:49:08.501481,13.519275665283203
2026-04-22 21:49:08.701732,2026-04-22 21:49:08.701732,13.249197006225586
2026-04-22 21:49:08.904333,2026-04-22 21:49:08.904333,13.019630432128906
2026-04-22 21:49:09.102257,2026-04-22 21:49:09.102257,12.824498176574709
2026-04-22 21:49:09.302105,2026-04-22 21:49:09.302105,12.658636093139648
2026-04-22 21:49:09.503091,2026-04-22 21:49:09.503091,12.341872215270996
2026-04-22 21:49:09.702559,2026-04-22 21:49:09.702559,12.072622299194336
2026-04-22 21:49:09.902300,2026-04-22 21:49:09.902300,11.84376049041748
2026-04-22 21:49:10.101780,2026-04-22 21:49:10.101780,11.649227142333984
2026-04-22 21:49:23.202048,2026-04-22 21:49:23.202048,11.483874320983888
2026-04-22 21:49:23.404247,2026-04-22 21:49:23.404247,11.343324661254885
2026-04-22 21:49:23.602255,2026-04-22 21:49:23.602255,11.223856925964355
2026-04-22 21:49:23.801832,2026-04-22 21:49:23.801832,11.122309684753418
2026-04-22 21:49:24.001487,2026-04-22 21:49:24.001487,11.03599452972412
2026-04-22 21:49:24.201925,2026-04-22 21:49:24.201925,10.962626457214355
2026-04-22 21:49:24.401540,2026-04-22 21:49:24.401540,10.900263786315918
2026-04-22 21:49:24.601591,2026-04-22 21:49:24.601591,10.84725570678711
2026-04-22 21:49:24.801568,2026-04-22 21:49:24.801568,10.80219841003418
2026-04-22 21:49:25.001667,2026-04-22 21:49:25.001667,10.76389980316162
2026-04-22 21:49:25.204555,2026-04-22 21:49:25.204555,10.907127380371094
2026-04-22 21:49:25.402048,2026-04-22 21:49:25.402048,10.853089332580566
2026-04-22 21:49:25.604089,2026-04-22 21:49:25.604089,10.982938766479492
2026-04-22 21:49:25.802007,2026-04-22 21:49:25.802007,10.917529106140137
2026-04-22 21:49:26.001544,2026-04-22 21:49:26.001544,11.037712097167969
2026-04-22 21:49:26.202583,2026-04-22 21:49:26.202583,10.964086532592772
2026-04-22 21:49:26.401432,2026-04-22 21:49:26.401432,10.901504516601562
2026-04-22 21:49:26.602155,2026-04-22 21:49:26.602155,10.848310470581056
2026-04-22 21:49:26.801718,2026-04-22 21:49:26.801718,10.627313613891602
2026-04-22 21:49:27.001527,2026-04-22 21:49:27.001527,10.61524772644043
2026-04-22 21:49:27.201440,2026-04-22 21:49:27.201440,10.604991912841797
2026-04-22 21:49:27.402323,2026-04-22 21:49:27.402323,10.596274375915527
2026-04-22 21:49:27.601892,2026-04-22 21:49:27.601892,10.58886432647705
2026-04-22 21:49:27.802160,2026-04-22 21:49:27.802160,10.406785011291504
2026-04-22 21:49:28.002273,2026-04-22 21:49:28.002273,10.2520170211792
2026-04-22 21:49:28.202337,2026-04-22 21:49:28.202337,10.296245574951172
2026-04-22 21:49:28.402586,2026-04-22 21:49:28.402586,10.509621620178224
2026-04-22 21:49:28.602628,2026-04-22 21:49:28.602628,10.515209197998049
2026-04-22 21:49:28.801414,2026-04-22 21:49:28.801414,10.519959449768066
2026-04-22 21:49:29.001978,2026-04-22 21:49:29.001978,10.523996353149414
2026-04-22 21:49:29.203500,2026-04-22 21:49:29.203500,10.70320987701416
2026-04-22 21:49:29.402523,2026-04-22 21:49:29.402523,10.85554027557373
2026-04-22 21:49:29.602197,2026-04-22 21:49:29.602197,10.80924129486084
2026-04-22 21:49:29.802009,2026-04-22 21:49:29.802009,10.769886016845703
2026-04-22 21:49:30.002043,2026-04-22 21:49:30.002043,11.08799648284912
2026-04-22 21:49:30.202092,2026-04-22 21:49:30.202092,11.534172058105469
2026-04-22 21:49:30.401583,2026-04-22 21:49:30.401583,12.089202880859377
2026-04-22 21:49:30.601454,2026-04-22 21:49:30.601454,12.560978889465332
2026-04-22 21:49:30.802635,2026-04-22 21:49:30.802635,12.78620719909668
2026-04-22 21:49:31.002265,2026-04-22 21:49:31.002265,12.80186939239502
2026-04-22 21:49:31.201330,2026-04-22 21:49:31.201330,12.99096393585205
2026-04-22 21:49:31.402732,2026-04-22 21:49:31.402732,12.975913047790527
2026-04-22 21:49:31.603478,2026-04-22 21:49:31.603478,12.963120460510254
2026-04-22 21:49:31.803715,2026-04-22 21:49:31.803715,12.952245712280272
2026-04-22 21:49:32.002591,2026-04-22 21:49:32.002591,12.943002700805664
2026-04-22 21:49:32.202730,2026-04-22 21:49:32.202730,12.93514633178711
2026-04-22 21:49:32.401714,2026-04-22 21:49:32.401714,12.928467750549316
2026-04-22 21:49:32.601486,2026-04-22 21:49:32.601486,12.747010231018066
2026-04-22 21:49:32.804131,2026-04-22 21:49:32.804131,12.592771530151367
2026-04-22 21:49:33.002237,2026-04-22 21:49:33.002237,12.461668014526367
2026-04-22 21:49:33.203748,2026-04-22 21:49:33.203748,12.35023021697998
2026-04-22 21:49:33.405313,2026-04-22 21:49:33.405313,12.255508422851562
2026-04-22 21:49:33.602505,2026-04-22 21:49:33.602505,11.999213218688965
2026-04-22 21:49:33.803753,2026-04-22 21:49:33.803753,11.781362533569336
2026-04-22 21:49:34.004365,2026-04-22 21:49:34.004365,11.596189498901367
2026-04-22 21:49:34.203900,2026-04-22 21:49:34.203900,11.43879222869873
2026-04-22 21:49:34.403041,2026-04-22 21:49:34.403041,11.305005073547363
2026-04-22 21:49:34.601502,2026-04-22 21:49:34.601502,11.191285133361816
2026-04-22 21:49:34.803425,2026-04-22 21:49:34.803425,11.094623565673828
2026-04-22 21:49:35.001497,2026-04-22 21:49:35.001497,11.01246166229248
2026-04-22 21:49:35.203528,2026-04-22 21:49:35.203528,10.942623138427734
2026-04-22 21:49:35.402320,2026-04-22 21:49:35.402320,10.883260726928713
2026-04-22 21:49:35.603238,2026-04-22 21:49:35.603238,10.832802772521973
2026-04-22 21:49:35.804322,2026-04-22 21:49:35.804322,10.78991413116455
2026-04-22 21:49:36.002698,2026-04-22 21:49:36.002698,10.753458023071287
2026-04-22 21:49:36.205815,2026-04-22 21:49:36.205815,10.7224702835083
2026-04-22 21:49:36.401646,2026-04-22 21:49:36.401646,10.696131706237791
2026-04-22 21:49:36.602811,2026-04-22 21:49:36.602811,10.67374324798584
2026-04-22 21:49:36.803026,2026-04-22 21:49:36.803026,10.654712677001951
2026-04-22 21:49:37.004884,2026-04-22 21:49:37.004884,10.638537406921388
2026-04-22 21:49:37.202657,2026-04-22 21:49:37.202657,10.62478733062744
2026-04-22 21:49:37.404099,2026-04-22 21:49:37.404099,10.6131010055542
2026-04-22 21:49:37.601561,2026-04-22 21:49:37.601561,10.603166580200195
2026-04-22 21:49:37.802950,2026-04-22 21:49:37.802950,10.418941497802734
2026-04-22 21:49:38.001326,2026-04-22 21:49:38.001326,10.262351036071776
2026-04-22 21:49:38.201905,2026-04-22 21:49:38.201905,10.129247665405272
2026-04-22 21:49:38.401629,2026-04-22 21:49:38.401629,10.01611042022705
2026-04-22 21:49:38.603484,2026-04-22 21:49:38.603484,9.919943809509276
2026-04-22 21:49:38.802038,2026-04-22 21:49:38.802038,10.013983726501465
2026-04-22 21:49:39.001537,2026-04-22 21:49:39.001537,9.918136596679688
2026-04-22 21:49:39.213286,2026-04-22 21:49:39.213286,9.836666107177734
2026-04-22 21:49:39.404428,2026-04-22 21:49:39.404428,9.767416000366213
2026-04-22 21:49:39.604553,2026-04-22 21:49:39.604553,9.708553314208984
2026-04-22 21:49:39.804937,2026-04-22 21:49:39.804937,9.658520698547363
2026-04-22 21:49:40.003321,2026-04-22 21:49:40.003321,9.615992546081545
2026-04-22 21:49:40.201931,2026-04-22 21:49:40.201931,9.579843521118164
2026-04-22 21:49:40.402453,2026-04-22 21:49:40.402453,9.549117088317873
2026-04-22 21:49:40.604712,2026-04-22 21:49:40.604712,9.52299976348877
2026-04-22 21:49:40.804062,2026-04-22 21:49:40.804062,9.500799179077148
2026-04-22 21:49:41.003322,2026-04-22 21:49:41.003322,9.657711029052734
2026-04-22 21:49:41.202026,2026-04-22 21:49:41.202026,9.615303993225098
2026-04-22 21:49:41.405352,2026-04-22 21:49:41.405352,9.579258918762209
2026-04-22 21:49:41.601461,2026-04-22 21:49:41.601461,9.548620223999023
2026-04-22 21:49:41.801611,2026-04-22 21:49:41.801611,9.698358535766602
2026-04-22 21:49:42.001558,2026-04-22 21:49:42.001558,9.82563591003418
2026-04-22 21:49:42.202178,2026-04-22 21:49:42.202178,9.93382167816162
2026-04-22 21:49:42.402101,2026-04-22 21:49:42.402101,9.849998474121094
2026-04-22 21:49:42.601305,2026-04-22 21:49:42.601305,9.778748512268066
2026-04-22 21:49:42.802716,2026-04-22 21:49:42.802716,9.718186378479004
2026-04-22 21:49:43.002002,2026-04-22 21:49:43.002002,9.666707992553713
2026-04-22 21:49:43.201869,2026-04-22 21:49:43.201869,9.622952461242676
2026-04-22 21:49:43.401537,2026-04-22 21:49:43.401537,9.585759162902832
2026-04-22 21:49:43.603606,2026-04-22 21:49:43.603606,9.55414581298828
2026-04-22 21:49:43.802179,2026-04-22 21:49:43.802179,9.527273178100586
2026-04-22 21:49:44.003766,2026-04-22 21:49:44.003766,9.504432678222656
2026-04-22 21:49:44.201896,2026-04-22 21:49:44.201896,9.485017776489258
2026-04-22 21:49:44.401730,2026-04-22 21:49:44.401730,9.292734146118164
2026-04-22 21:49:44.601693,2026-04-22 21:49:44.601693,9.129292488098145
2026-04-22 21:49:44.801261,2026-04-22 21:49:44.801261,9.16614818572998
2026-04-22 21:49:45.001847,2026-04-22 21:49:45.001847,9.197476387023926
2026-04-22 21:49:45.201364,2026-04-22 21:49:45.201364,9.22410488128662
2026-04-22 21:49:45.401402,2026-04-22 21:49:45.401402,9.246739387512209
2026-04-22 21:49:45.602154,2026-04-22 21:49:45.602154,9.26597785949707
2026-04-22 21:49:45.801494,2026-04-22 21:49:45.801494,9.282331466674805
2026-04-22 21:49:46.001521,2026-04-22 21:49:46.001521,9.296232223510742
2026-04-22 21:49:46.201260,2026-04-22 21:49:46.201260,9.4838285446167
2026-04-22 21:49:46.402304,2026-04-22 21:49:46.402304,9.643285751342772
2026-04-22 21:49:46.602339,2026-04-22 21:49:46.602339,9.603042602539062
2026-04-22 21:49:46.801513,2026-04-22 21:49:46.801513,9.568836212158203
2026-04-22 21:49:47.002294,2026-04-22 21:49:47.002294,9.53976058959961
2026-04-22 21:49:47.202313,2026-04-22 21:49:47.202313,9.69082736968994
2026-04-22 21:49:47.404442,2026-04-22 21:49:47.404442,12.63173484802246
2026-04-22 21:49:47.602029,2026-04-22 21:49:47.602029,15.131505966186523
2026-04-22 21:49:47.802021,2026-04-22 21:49:47.802021,17.256311416625977
2026-04-22 21:49:48.001897,2026-04-22 21:49:48.001897,19.062395095825195
2026-04-22 21:49:48.201395,2026-04-22 21:49:48.201395,20.59756851196289
2026-04-22 21:49:48.405145,2026-04-22 21:49:48.405145,21.902463912963867
2026-04-22 21:50:01.501335,2026-04-22 21:50:01.501335,23.011625289916992
2026-04-22 21:50:01.704375,2026-04-22 21:50:01.704375,23.95441246032715
2026-04-22 21:50:01.901644,2026-04-22 21:50:01.901644,24.755783081054688
2026-04-22 21:50:02.111584,2026-04-22 21:50:02.111584,25.436946868896484
2026-04-22 21:50:02.302559,2026-04-22 21:50:02.302559,26.01593589782715
2026-04-22 21:50:02.511984,2026-04-22 21:50:02.511984,26.508075714111328
2026-04-22 21:50:02.701844,2026-04-22 21:50:02.701844,26.92639541625977
2026-04-22 21:50:02.901875,2026-04-22 21:50:02.901875,24.821029663085938
2026-04-22 21:50:03.101480,2026-04-22 21:50:03.101480,25.316625595092773
2026-04-22 21:50:03.302264,2026-04-22 21:50:03.302264,23.452726364135746
2026-04-22 21:50:03.503943,2026-04-22 21:50:03.503943,22.044191360473636
2026-04-22 21:50:03.701881,2026-04-22 21:50:03.701881,20.846939086914062
2026-04-22 21:50:03.912315,2026-04-22 21:50:03.912315,21.938648223876957
2026-04-22 21:50:04.111801,2026-04-22 21:50:04.111801,20.933006286621094
2026-04-22 21:50:04.311670,2026-04-22 21:50:04.311670,20.07821273803711
2026-04-22 21:50:04.507006,2026-04-22 21:50:04.507006,19.35163688659668
2026-04-22 21:50:04.702318,2026-04-22 21:50:04.702318,18.73404693603516
2026-04-22 21:50:04.912197,2026-04-22 21:50:04.912197,18.209096908569336
2026-04-22 21:50:05.102088,2026-04-22 21:50:05.102088,17.762887954711914
2026-04-22 21:50:05.302140,2026-04-22 21:50:05.302140,17.38361167907715
2026-04-22 21:50:05.511589,2026-04-22 21:50:05.511589,17.23700714111328
2026-04-22 21:50:05.713650,2026-04-22 21:50:05.713650,17.112394332885742
2026-04-22 21:50:05.915798,2026-04-22 21:50:05.915798,17.006471633911133
2026-04-22 21:50:06.105709,2026-04-22 21:50:06.105709,16.916439056396484
2026-04-22 21:50:06.313238,2026-04-22 21:50:06.313238,16.66412925720215
2026-04-22 21:50:06.503572,2026-04-22 21:50:06.503572,16.449665069580078
2026-04-22 21:50:06.703732,2026-04-22 21:50:06.703732,16.443153381347656
2026-04-22 21:50:06.915162,2026-04-22 21:50:06.915162,16.437618255615234
2026-04-22 21:50:07.111367,2026-04-22 21:50:07.111367,16.432912826538086
2026-04-22 21:50:07.301717,2026-04-22 21:50:07.301717,16.428913116455078
2026-04-22 21:50:07.513596,2026-04-22 21:50:07.513596,16.425514221191406
2026-04-22 21:50:07.703690,2026-04-22 21:50:07.703690,16.598405838012695
2026-04-22 21:50:07.913915,2026-04-22 21:50:07.913915,16.921144485473633
2026-04-22 21:50:08.113269,2026-04-22 21:50:08.113269,17.195472717285156
2026-04-22 21:50:08.301386,2026-04-22 21:50:08.301386,17.428651809692383
2026-04-22 21:50:08.503345,2026-04-22 21:50:08.503345,17.626853942871094
2026-04-22 21:50:08.702047,2026-04-22 21:50:08.702047,17.795326232910156
2026-04-22 21:50:08.902095,2026-04-22 21:50:08.902095,17.938528060913086
2026-04-22 21:50:09.114109,2026-04-22 21:50:09.114109,18.06024742126465
2026-04-22 21:50:09.301440,2026-04-22 21:50:09.301440,18.16371154785156
2026-04-22 21:50:09.511968,2026-04-22 21:50:09.511968,18.25165367126465
2026-04-22 21:50:09.713074,2026-04-22 21:50:09.713074,18.32640647888184
2026-04-22 21:50:09.912176,2026-04-22 21:50:09.912176,18.38994598388672
2026-04-22 21:50:10.111889,2026-04-22 21:50:10.111889,18.443952560424805
2026-04-22 21:50:10.301526,2026-04-22 21:50:10.301526,18.48986053466797
2026-04-22 21:50:10.502254,2026-04-22 21:50:10.502254,18.528881072998047
2026-04-22 21:50:10.703448,2026-04-22 21:50:10.703448,18.562049865722656
2026-04-22 21:50:10.911774,2026-04-22 21:50:10.911774,18.590242385864254
2026-04-22 21:50:11.113727,2026-04-22 21:50:11.113727,18.614206314086918
2026-04-22 21:50:11.301966,2026-04-22 21:50:11.301966,18.63457489013672
2026-04-22 21:50:11.501514,2026-04-22 21:50:11.501514,18.65188789367676
2026-04-22 21:50:11.702657,2026-04-22 21:50:11.702657,18.66660499572754
2026-04-22 21:50:11.902071,2026-04-22 21:50:11.902071,18.67911529541016
2026-04-22 21:50:12.101918,2026-04-22 21:50:12.101918,18.689746856689453
2026-04-22 21:50:12.314501,2026-04-22 21:50:12.314501,18.69878578186035
2026-04-22 21:50:12.501760,2026-04-22 21:50:12.501760,18.706466674804688
2026-04-22 21:50:12.702655,2026-04-22 21:50:12.702655,18.71299743652344
2026-04-22 21:50:12.901956,2026-04-22 21:50:12.901956,18.71854782104492
2026-04-22 21:50:13.112186,2026-04-22 21:50:13.112186,18.723264694213867
2026-04-22 21:50:13.311493,2026-04-22 21:50:13.311493,18.727275848388672
2026-04-22 21:50:13.511479,2026-04-22 21:50:13.511479,18.730684280395508
2026-04-22 21:50:13.712296,2026-04-22 21:50:13.712296,18.73358154296875
2026-04-22 21:50:13.912981,2026-04-22 21:50:13.912981,18.91182518005371
2026-04-22 21:50:14.111508,2026-04-22 21:50:14.111508,18.88755226135254
2026-04-22 21:50:14.302387,2026-04-22 21:50:14.302387,18.866918563842773
2026-04-22 21:50:14.512856,2026-04-22 21:50:14.512856,19.025161743164062
2026-04-22 21:50:14.712777,2026-04-22 21:50:14.712777,19.159669876098636
2026-04-22 21:50:14.913220,2026-04-22 21:50:14.913220,19.27400016784668
2026-04-22 21:50:15.104743,2026-04-22 21:50:15.104743,19.37118148803711
2026-04-22 21:50:15.312072,2026-04-22 21:50:15.312072,19.453784942626957
2026-04-22 21:50:15.512105,2026-04-22 21:50:15.512105,19.523998260498047
2026-04-22 21:50:15.711809,2026-04-22 21:50:15.711809,19.583681106567383
2026-04-22 21:50:15.911689,2026-04-22 21:50:15.911689,19.634408950805664
2026-04-22 21:50:16.112502,2026-04-22 21:50:16.112502,19.677528381347656
2026-04-22 21:50:16.312751,2026-04-22 21:50:16.312751,19.71418190002441
2026-04-22 21:50:16.501855,2026-04-22 21:50:16.501855,19.74533462524414
2026-04-22 21:50:16.712846,2026-04-22 21:50:16.712846,19.77181625366211
2026-04-22 21:50:16.904216,2026-04-22 21:50:16.904216,19.79432487487793
2026-04-22 21:50:17.105181,2026-04-22 21:50:17.105181,19.813457489013672
2026-04-22 21:50:17.302581,2026-04-22 21:50:17.302581,19.82971954345703
2026-04-22 21:50:17.512223,2026-04-22 21:50:17.512223,19.843544006347656
2026-04-22 21:50:17.711537,2026-04-22 21:50:17.711537,19.85529327392578
2026-04-22 21:50:17.915342,2026-04-22 21:50:17.915342,19.689498901367188
2026-04-22 21:50:18.112920,2026-04-22 21:50:18.112920,19.72435569763184
2026-04-22 21:50:18.314764,2026-04-22 21:50:18.314764,19.753982543945312
2026-04-22 21:50:18.502307,2026-04-22 21:50:18.502307,19.95494842529297
2026-04-22 21:50:18.714928,2026-04-22 21:50:18.714928,19.949987411499023
2026-04-22 21:50:18.912539,2026-04-22 21:50:18.912539,20.121551513671875
2026-04-22 21:50:19.111672,2026-04-22 21:50:19.111672,20.44316291809082
2026-04-22 21:50:19.306830,2026-04-22 21:50:19.306830,20.71653175354004
2026-04-22 21:50:19.505533,2026-04-22 21:50:19.505533,21.30045890808105
2026-04-22 21:50:19.707085,2026-04-22 21:50:19.707085,21.79679679870605
2026-04-22 21:50:19.912350,2026-04-22 21:50:19.912350,22.39446449279785
2026-04-22 21:50:20.111811,2026-04-22 21:50:20.111811,22.90248107910156
2026-04-22 21:50:20.304322,2026-04-22 21:50:20.304322,23.33429718017578
2026-04-22 21:50:20.503492,2026-04-22 21:50:20.503492,22.998214721679688
2026-04-22 21:50:20.712151,2026-04-22 21:50:20.712151,22.53676414489746
2026-04-22 21:50:20.913244,2026-04-22 21:50:20.913244,22.14453125
2026-04-22 21:50:21.111920,2026-04-22 21:50:21.111920,21.635351181030277
2026-04-22 21:50:21.311552,2026-04-22 21:50:21.311552,21.02676773071289
2026-04-22 21:50:21.503610,2026-04-22 21:50:21.503610,20.333688735961918
2026-04-22 21:50:21.712503,2026-04-22 21:50:21.712503,19.92035484313965
2026-04-22 21:50:21.912255,2026-04-22 21:50:21.912255,19.569021224975582
2026-04-22 21:50:22.102689,2026-04-22 21:50:22.102689,19.2703857421875
2026-04-22 21:50:22.311434,2026-04-22 21:50:22.311434,19.01654624938965
2026-04-22 21:50:22.511769,2026-04-22 21:50:22.511769,18.800783157348636
2026-04-22 21:50:22.705020,2026-04-22 21:50:22.705020,18.61738395690918
2026-04-22 21:50:22.901971,2026-04-22 21:50:22.901971,18.46149635314941
2026-04-22 21:50:23.101997,2026-04-22 21:50:23.101997,18.328990936279297
2026-04-22 21:50:23.312098,2026-04-22 21:50:23.312098,18.21636009216309
2026-04-22 21:50:23.503088,2026-04-22 21:50:23.503088,18.120624542236328
2026-04-22 21:50:23.712611,2026-04-22 21:50:23.712611,18.039249420166016
2026-04-22 21:50:23.911866,2026-04-22 21:50:23.911866,17.970081329345703
2026-04-22 21:50:24.111944,2026-04-22 21:50:24.111944,17.911287307739258
2026-04-22 21:50:24.315277,2026-04-22 21:50:24.315277,16.455062866210938
2026-04-22 21:50:24.503071,2026-04-22 21:50:24.503071,16.62352180480957
2026-04-22 21:50:24.711545,2026-04-22 21:50:24.711545,16.942493438720703
2026-04-22 21:50:24.912861,2026-04-22 21:50:24.912861,17.213619232177734
2026-04-22 21:50:25.112278,2026-04-22 21:50:25.112278,15.862046241760254
2026-04-22 21:50:25.313536,2026-04-22 21:50:25.313536,17.877269744873047
2026-04-22 21:50:25.512590,2026-04-22 21:50:25.512590,19.590211868286133
2026-04-22 21:50:25.713570,2026-04-22 21:50:25.713570,21.04621124267578
2026-04-22 21:50:25.911932,2026-04-22 21:50:25.911932,22.283809661865234
2026-04-22 21:50:26.114673,2026-04-22 21:50:26.114673,23.335769653320312
2026-04-22 21:50:26.312848,2026-04-22 21:50:26.312848,24.229936599731445
2026-04-22 21:50:26.513965,2026-04-22 21:50:26.513965,24.98997688293457
2026-04-22 21:50:26.714219,2026-04-22 21:50:26.714219,25.636011123657227
2026-04-22 21:50:39.811485,2026-04-22 21:50:39.811485,26.18514060974121
2026-04-22 21:50:40.011541,2026-04-22 21:50:40.011541,26.651901245117188
2026-04-22 21:50:40.212003,2026-04-22 21:50:40.212003,27.048646926879883
2026-04-22 21:50:40.412244,2026-04-22 21:50:40.412244,27.385881423950195
2026-04-22 21:50:40.614383,2026-04-22 21:50:40.614383,27.672531127929688
2026-04-22 21:50:40.812611,2026-04-22 21:50:40.812611,27.91618156433105
2026-04-22 21:50:41.012911,2026-04-22 21:50:41.012911,28.1232852935791
2026-04-22 21:50:41.214524,2026-04-22 21:50:41.214524,28.29932403564453
2026-04-22 21:50:41.411871,2026-04-22 21:50:41.411871,28.097394943237305
2026-04-22 21:50:41.612122,2026-04-22 21:50:41.612122,28.10153579711914
2026-04-22 21:50:41.812158,2026-04-22 21:50:41.812158,24.94099235534668
2026-04-22 21:50:42.012860,2026-04-22 21:50:42.012860,25.41859436035156
2026-04-22 21:50:42.211391,2026-04-22 21:50:42.211391,25.82455444335937
2026-04-22 21:50:42.411794,2026-04-22 21:50:42.411794,26.169620513916016
2026-04-22 21:50:42.612120,2026-04-22 21:50:42.612120,26.462928771972656
2026-04-22 21:50:42.812046,2026-04-22 21:50:42.812046,26.536457061767575
2026-04-22 21:50:43.014303,2026-04-22 21:50:43.014303,26.598957061767575
2026-04-22 21:50:43.211440,2026-04-22 21:50:43.211440,26.827863693237305
2026-04-22 21:50:43.413165,2026-04-22 21:50:43.413165,27.02243423461914
2026-04-22 21:50:43.612170,2026-04-22 21:50:43.612170,27.18781852722168
2026-04-22 21:50:43.811629,2026-04-22 21:50:43.811629,27.32839584350586
2026-04-22 21:50:44.011998,2026-04-22 21:50:44.011998,27.447887420654297
2026-04-22 21:50:44.214365,2026-04-22 21:50:44.214365,27.54945373535156
2026-04-22 21:50:44.411458,2026-04-22 21:50:44.411458,27.635786056518555
2026-04-22 21:50:44.612042,2026-04-22 21:50:44.612042,27.70916748046875
2026-04-22 21:50:44.812426,2026-04-22 21:50:44.812426,27.771543502807617
2026-04-22 21:50:45.015439,2026-04-22 21:50:45.015439,27.824562072753903
2026-04-22 21:50:45.214922,2026-04-22 21:50:45.214922,27.693845748901367
2026-04-22 21:50:45.414306,2026-04-22 21:50:45.414306,27.58273696899414
2026-04-22 21:50:45.611925,2026-04-22 21:50:45.611925,27.488296508789062
2026-04-22 21:50:45.813420,2026-04-22 21:50:45.813420,27.40802001953125
2026-04-22 21:50:46.014979,2026-04-22 21:50:46.014979,27.515567779541016
2026-04-22 21:50:46.213306,2026-04-22 21:50:46.213306,27.60698127746582
2026-04-22 21:50:46.412760,2026-04-22 21:50:46.412760,27.68468475341797
2026-04-22 21:50:46.611837,2026-04-22 21:50:46.611837,27.750732421875
2026-04-22 21:50:46.812039,2026-04-22 21:50:46.812039,27.80687141418457
2026-04-22 21:50:47.014275,2026-04-22 21:50:47.014275,27.678810119628903
2026-04-22 21:50:47.213404,2026-04-22 21:50:47.213404,27.569957733154297
2026-04-22 21:50:47.413732,2026-04-22 21:50:47.413732,27.65321350097656
2026-04-22 21:50:47.613105,2026-04-22 21:50:47.613105,27.723981857299805
2026-04-22 21:50:47.816276,2026-04-22 21:50:47.816276,27.60835266113281
2026-04-22 21:50:48.011592,2026-04-22 21:50:48.011592,27.510068893432617
2026-04-22 21:50:48.211631,2026-04-22 21:50:48.211631,27.42652702331543
2026-04-22 21:50:48.413369,2026-04-22 21:50:48.413369,27.35551643371582
2026-04-22 21:50:48.614530,2026-04-22 21:50:48.614530,27.29515838623047
2026-04-22 21:50:48.814678,2026-04-22 21:50:48.814678,27.243852615356445
2026-04-22 21:50:49.016375,2026-04-22 21:50:49.016375,27.200244903564453
2026-04-22 21:50:49.213231,2026-04-22 21:50:49.213231,27.163175582885746
2026-04-22 21:50:49.412204,2026-04-22 21:50:49.412204,27.131668090820312
2026-04-22 21:50:49.613564,2026-04-22 21:50:49.613564,26.929105758666992
2026-04-22 21:50:49.813102,2026-04-22 21:50:49.813102,26.93270874023437
2026-04-22 21:50:50.012922,2026-04-22 21:50:50.012922,26.759990692138672
2026-04-22 21:50:50.211610,2026-04-22 21:50:50.211610,26.613178253173828
2026-04-22 21:50:50.412767,2026-04-22 21:50:50.412767,26.48838996887207
2026-04-22 21:50:50.616107,2026-04-22 21:50:50.616107,26.2065372467041
2026-04-22 21:50:50.813614,2026-04-22 21:50:50.813614,25.96696281433105
2026-04-22 21:50:51.012666,2026-04-22 21:50:51.012666,25.763324737548828
2026-04-22 21:50:51.213396,2026-04-22 21:50:51.213396,25.414451599121094
2026-04-22 21:50:51.412007,2026-04-22 21:50:51.412007,24.942127227783203
2026-04-22 21:50:51.612087,2026-04-22 21:50:51.612087,24.540651321411133
2026-04-22 21:50:51.812098,2026-04-22 21:50:51.812098,24.199398040771484
2026-04-22 21:50:52.012329,2026-04-22 21:50:52.012329,23.909332275390625
2026-04-22 21:50:52.212787,2026-04-22 21:50:52.212787,23.66277503967285
2026-04-22 21:50:52.413176,2026-04-22 21:50:52.413176,23.277421951293945
2026-04-22 21:50:52.612946,2026-04-22 21:50:52.612946,22.949871063232425
2026-04-22 21:50:52.813506,2026-04-22 21:50:52.813506,22.84723472595215
2026-04-22 21:50:53.013608,2026-04-22 21:50:53.013608,22.584211349487305
2026-04-22 21:50:53.212100,2026-04-22 21:50:53.212100,22.536422729492188
2026-04-22 21:50:53.411430,2026-04-22 21:50:53.411430,22.49580383300781
2026-04-22 21:50:53.611383,2026-04-22 21:50:53.611383,22.46127700805664
2026-04-22 21:50:53.812304,2026-04-22 21:50:53.812304,22.256147384643555
2026-04-22 21:50:54.011618,2026-04-22 21:50:54.011618,22.081789016723636
2026-04-22 21:50:54.212082,2026-04-22 21:50:54.212082,21.933582305908203
2026-04-22 21:50:54.411364,2026-04-22 21:50:54.411364,21.80760765075684
2026-04-22 21:50:54.612325,2026-04-22 21:50:54.612325,21.700529098510746
2026-04-22 21:50:54.811885,2026-04-22 21:50:54.811885,21.60951232910156
2026-04-22 21:50:55.011549,2026-04-22 21:50:55.011549,21.53214836120605
2026-04-22 21:50:55.212086,2026-04-22 21:50:55.212086,21.290607452392575
2026-04-22 21:50:55.413374,2026-04-22 21:50:55.413374,21.08529663085937
2026-04-22 21:50:55.612016,2026-04-22 21:50:55.612016,20.910783767700195
2026-04-22 21:50:55.812959,2026-04-22 21:50:55.812959,20.76244735717773
2026-04-22 21:50:56.013228,2026-04-22 21:50:56.013228,20.636362075805664
2026-04-22 21:50:56.212980,2026-04-22 21:50:56.212980,20.52918815612793
2026-04-22 21:50:56.412422,2026-04-22 21:50:56.412422,20.43809127807617
2026-04-22 21:50:56.612026,2026-04-22 21:50:56.612026,20.360658645629883
2026-04-22 21:50:56.814593,2026-04-22 21:50:56.814593,20.119060516357425
2026-04-22 21:50:57.011662,2026-04-22 21:50:57.011662,19.9137020111084
2026-04-22 21:50:57.211895,2026-04-22 21:50:57.211895,19.739145278930664
2026-04-22 21:50:57.411898,2026-04-22 21:50:57.411898,19.59077453613281
2026-04-22 21:50:57.611968,2026-04-22 21:50:57.611968,19.464658737182617
2026-04-22 21:50:57.812134,2026-04-22 21:50:57.812134,19.357460021972656
2026-04-22 21:50:58.013311,2026-04-22 21:50:58.013311,19.090559005737305
2026-04-22 21:50:58.212752,2026-04-22 21:50:58.212752,18.863693237304688
2026-04-22 21:50:58.412142,2026-04-22 21:50:58.412142,18.67085838317871
2026-04-22 21:50:58.611370,2026-04-22 21:50:58.611370,18.331167221069336
2026-04-22 21:50:58.811933,2026-04-22 21:50:58.811933,18.042428970336918
2026-04-22 21:50:59.012417,2026-04-22 21:50:59.012417,17.7970027923584
2026-04-22 21:50:59.214001,2026-04-22 21:50:59.214001,17.588390350341797
2026-04-22 21:50:59.412293,2026-04-22 21:50:59.412293,17.411067962646484
2026-04-22 21:50:59.611284,2026-04-22 21:50:59.611284,17.084564208984375
2026-04-22 21:50:59.811439,2026-04-22 21:50:59.811439,16.807035446166992
2026-04-22 21:51:00.012526,2026-04-22 21:51:00.012526,16.746917724609375
2026-04-22 21:51:00.211352,2026-04-22 21:51:00.211352,16.520036697387695
2026-04-22 21:51:00.411988,2026-04-22 21:51:00.411988,16.32718849182129
2026-04-22 21:51:00.612777,2026-04-22 21:51:00.612777,16.163265228271484
2026-04-22 21:51:00.812098,2026-04-22 21:51:00.812098,15.848151206970217
2026-04-22 21:51:01.011845,2026-04-22 21:51:01.011845,15.580303192138672
2026-04-22 21:51:01.211354,2026-04-22 21:51:01.211354,15.528413772583008
2026-04-22 21:51:01.413605,2026-04-22 21:51:01.413605,15.484308242797852
2026-04-22 21:51:01.611941,2026-04-22 21:51:01.611941,15.446818351745604
2026-04-22 21:51:01.812393,2026-04-22 21:51:01.812393,15.41495132446289
2026-04-22 21:51:02.011831,2026-04-22 21:51:02.011831,15.38786506652832
2026-04-22 21:51:02.211611,2026-04-22 21:51:02.211611,15.36484146118164
2026-04-22 21:51:02.413189,2026-04-22 21:51:02.413189,15.345272064208984
2026-04-22 21:51:02.614319,2026-04-22 21:51:02.614319,15.32863712310791
2026-04-22 21:51:02.811518,2026-04-22 21:51:02.811518,15.490279197692873
2026-04-22 21:51:03.011473,2026-04-22 21:51:03.011473,15.62767505645752
2026-04-22 21:51:03.213828,2026-04-22 21:51:03.213828,15.568679809570312
2026-04-22 21:51:03.412382,2026-04-22 21:51:03.412382,15.69431495666504
2026-04-22 21:51:03.614137,2026-04-22 21:51:03.614137,15.801105499267578
2026-04-22 21:51:03.813260,2026-04-22 21:51:03.813260,15.89187717437744
2026-04-22 21:51:04.012354,2026-04-22 21:51:04.012354,16.144813537597656
2026-04-22 21:51:04.211716,2026-04-22 21:51:04.211716,16.359811782836914
2026-04-22 21:51:04.413165,2026-04-22 21:51:04.413165,16.542558670043945
2026-04-22 21:51:04.611833,2026-04-22 21:51:04.611833,16.697893142700195
2026-04-22 21:51:04.813382,2026-04-22 21:51:04.813382,16.654146194458008
2026-04-22 21:51:05.012630,2026-04-22 21:51:05.012630,16.616962432861328
2026-04-22 21:51:18.112063,2026-04-22 21:51:18.112063,16.585355758666992
2026-04-22 21:51:18.311377,2026-04-22 21:51:18.311377,16.558488845825195
2026-04-22 21:51:18.511654,2026-04-22 21:51:18.511654,16.711435317993164
2026-04-22 21:51:18.712230,2026-04-22 21:51:18.712230,16.84143829345703
2026-04-22 21:51:18.911886,2026-04-22 21:51:18.911886,16.951940536499023
2026-04-22 21:51:19.112352,2026-04-22 21:51:19.112352,17.045869827270508
2026-04-22 21:51:19.311473,2026-04-22 21:51:19.311473,16.949926376342773
2026-04-22 21:51:19.514868,2026-04-22 21:51:19.514868,16.86837387084961
2026-04-22 21:51:19.712281,2026-04-22 21:51:19.712281,16.974836349487305
2026-04-22 21:51:19.912701,2026-04-22 21:51:19.912701,17.065330505371094
2026-04-22 21:51:20.112329,2026-04-22 21:51:20.112329,17.142250061035156
2026-04-22 21:51:20.311778,2026-04-22 21:51:20.311778,17.207630157470703
2026-04-22 21:51:20.511483,2026-04-22 21:51:20.511483,17.26320457458496
2026-04-22 21:51:20.712233,2026-04-22 21:51:20.712233,19.068256378173828
2026-04-22 21:51:20.911890,2026-04-22 21:51:20.911890,18.844736099243164
2026-04-22 21:51:21.111589,2026-04-22 21:51:21.111589,18.65474510192871
2026-04-22 21:51:21.311287,2026-04-22 21:51:21.311287,18.49325180053711
2026-04-22 21:51:21.511862,2026-04-22 21:51:21.511862,18.180200576782227
2026-04-22 21:51:21.712127,2026-04-22 21:51:21.712127,19.847702026367188
2026-04-22 21:51:21.911492,2026-04-22 21:51:21.911492,21.265077590942383
2026-04-22 21:51:22.111460,2026-04-22 21:51:22.111460,22.4698486328125
2026-04-22 21:51:22.312334,2026-04-22 21:51:22.312334,23.4939022064209
2026-04-22 21:51:22.511451,2026-04-22 21:51:22.511451,24.364347457885746
2026-04-22 21:51:22.712315,2026-04-22 21:51:22.712315,21.76438331604004
2026-04-22 21:51:22.911982,2026-04-22 21:51:22.911982,19.905975341796875
2026-04-22 21:51:23.111457,2026-04-22 21:51:23.111457,18.326330184936523
2026-04-22 21:51:23.311667,2026-04-22 21:51:23.311667,16.98362922668457
2026-04-22 21:51:23.511521,2026-04-22 21:51:23.511521,15.84233570098877
2026-04-22 21:51:23.711621,2026-04-22 21:51:23.711621,14.872235298156738
2026-04-22 21:51:23.912781,2026-04-22 21:51:23.912781,13.871868133544922
2026-04-22 21:51:24.111384,2026-04-22 21:51:24.111384,13.197338104248049
2026-04-22 21:51:24.311383,2026-04-22 21:51:24.311383,12.623987197875977
2026-04-22 21:51:24.511701,2026-04-22 21:51:24.511701,12.136639595031738
2026-04-22 21:51:24.711753,2026-04-22 21:51:24.711753,11.722393035888672
2026-04-22 21:51:24.911978,2026-04-22 21:51:24.911978,11.546065330505373
2026-04-22 21:51:25.111513,2026-04-22 21:51:25.111513,11.22040557861328
2026-04-22 21:51:25.311781,2026-04-22 21:51:25.311781,10.943594932556152
2026-04-22 21:51:25.512810,2026-04-22 21:51:25.512810,10.70830535888672
2026-04-22 21:51:25.713382,2026-04-22 21:51:25.713382,10.684091567993164
2026-04-22 21:51:25.911770,2026-04-22 21:51:25.911770,10.487727165222168
2026-04-22 21:51:26.111951,2026-04-22 21:51:26.111951,10.320817947387695
2026-04-22 21:51:26.311354,2026-04-22 21:51:26.311354,10.178945541381836
2026-04-22 21:51:26.512980,2026-04-22 21:51:26.512980,9.882572174072266
2026-04-22 21:51:26.715018,2026-04-22 21:51:26.715018,9.806436538696287
2026-04-22 21:51:26.913502,2026-04-22 21:51:26.913502,9.741721153259276
2026-04-22 21:51:27.112141,2026-04-22 21:51:27.112141,9.686713218688965
2026-04-22 21:51:27.312220,2026-04-22 21:51:27.312220,9.6399564743042
2026-04-22 21:51:27.511600,2026-04-22 21:51:27.511600,9.600213050842283
2026-04-22 21:51:27.711504,2026-04-22 21:51:27.711504,9.742212295532228
2026-04-22 21:51:27.912221,2026-04-22 21:51:27.912221,9.862911224365234
2026-04-22 21:51:28.113008,2026-04-22 21:51:28.113008,9.965505599975586
2026-04-22 21:51:28.312516,2026-04-22 21:51:28.312516,10.052711486816406
2026-04-22 21:51:28.512494,2026-04-22 21:51:28.512494,10.126835823059082
2026-04-22 21:51:28.712898,2026-04-22 21:51:28.712898,10.189841270446776
2026-04-22 21:51:28.912741,2026-04-22 21:51:28.912741,10.243396759033203
2026-04-22 21:51:29.112274,2026-04-22 21:51:29.112274,10.288918495178224
2026-04-22 21:51:29.314437,2026-04-22 21:51:29.314437,10.327611923217772
2026-04-22 21:51:29.511622,2026-04-22 21:51:29.511622,10.360501289367676
2026-04-22 21:51:29.711869,2026-04-22 21:51:29.711869,10.388457298278809
2026-04-22 21:51:29.915159,2026-04-22 21:51:29.915159,10.588001251220703
2026-04-22 21:51:30.113670,2026-04-22 21:51:30.113670,10.757613182067873
2026-04-22 21:51:30.313595,2026-04-22 21:51:30.313595,10.90178394317627
2026-04-22 21:51:30.515048,2026-04-22 21:51:30.515048,11.02432918548584
2026-04-22 21:51:30.713286,2026-04-22 21:51:30.713286,11.12849235534668
2026-04-22 21:51:30.914220,2026-04-22 21:51:30.914220,12.44749927520752
2026-04-22 21:51:31.114900,2026-04-22 21:51:31.114900,13.744437217712402
2026-04-22 21:51:31.312527,2026-04-22 21:51:31.312527,13.616365432739258
2026-04-22 21:51:31.511962,2026-04-22 21:51:31.511962,13.5075044631958
2026-04-22 21:51:31.713203,2026-04-22 21:51:31.713203,13.590753555297852
2026-04-22 21:51:31.911815,2026-04-22 21:51:31.911815,13.66151523590088
2026-04-22 21:51:32.111314,2026-04-22 21:51:32.111314,13.72166347503662
2026-04-22 21:51:32.311312,2026-04-22 21:51:32.311312,13.948570251464844
2026-04-22 21:51:32.512683,2026-04-22 21:51:32.512683,14.141440391540527
2026-04-22 21:51:32.711645,2026-04-22 21:51:32.711645,14.305380821228027
2026-04-22 21:51:32.911770,2026-04-22 21:51:32.911770,14.444729804992676
2026-04-22 21:51:33.112308,2026-04-22 21:51:33.112308,14.738958358764648
2026-04-22 21:51:33.313495,2026-04-22 21:51:33.313495,14.989051818847656
2026-04-22 21:51:33.511323,2026-04-22 21:51:33.511323,15.201631546020508
2026-04-22 21:51:33.712147,2026-04-22 21:51:33.712147,15.38232421875
2026-04-22 21:51:33.912597,2026-04-22 21:51:33.912597,15.535913467407228
2026-04-22 21:51:34.111981,2026-04-22 21:51:34.111981,15.842245101928713
2026-04-22 21:51:34.311370,2026-04-22 21:51:34.311370,16.10262680053711
2026-04-22 21:51:34.515236,2026-04-22 21:51:34.515236,16.148170471191406
2026-04-22 21:51:34.712944,2026-04-22 21:51:34.712944,16.36266326904297
2026-04-22 21:51:34.911924,2026-04-22 21:51:34.911924,16.36920166015625
2026-04-22 21:51:35.115371,2026-04-22 21:51:35.115371,16.374759674072266
2026-04-22 21:51:35.311751,2026-04-22 21:51:35.311751,16.37948226928711
2026-04-22 21:51:35.511481,2026-04-22 21:51:35.511481,16.55927848815918
2026-04-22 21:51:35.711904,2026-04-22 21:51:35.711904,16.536325454711914
2026-04-22 21:51:35.911480,2026-04-22 21:51:35.911480,16.516813278198242
2026-04-22 21:51:36.111886,2026-04-22 21:51:36.111886,16.676010131835938
2026-04-22 21:51:36.313294,2026-04-22 21:51:36.313294,16.63554573059082
2026-04-22 21:51:36.511997,2026-04-22 21:51:36.511997,16.601152420043945
2026-04-22 21:51:36.712116,2026-04-22 21:51:36.712116,16.571916580200195
2026-04-22 21:51:36.911310,2026-04-22 21:51:36.911310,16.54706573486328
2026-04-22 21:51:37.112285,2026-04-22 21:51:37.112285,16.525943756103516
2026-04-22 21:51:37.311913,2026-04-22 21:51:37.311913,16.50798988342285
2026-04-22 21:51:37.512137,2026-04-22 21:51:37.512137,16.31694793701172
2026-04-22 21:51:37.711584,2026-04-22 21:51:37.711584,16.15456199645996
2026-04-22 21:51:37.912071,2026-04-22 21:51:37.912071,16.01653289794922
2026-04-22 21:51:38.113599,2026-04-22 21:51:38.113599,15.899209976196287
2026-04-22 21:51:38.313409,2026-04-22 21:51:38.313409,15.799484252929688
2026-04-22 21:51:38.512691,2026-04-22 21:51:38.512691,15.538936614990234
2026-04-22 21:51:38.711444,2026-04-22 21:51:38.711444,15.493252754211426
2026-04-22 21:51:38.911467,2026-04-22 21:51:38.911467,15.278639793395996
2026-04-22 21:51:39.111655,2026-04-22 21:51:39.111655,15.096219062805176
2026-04-22 21:51:39.311915,2026-04-22 21:51:39.311915,14.941161155700684
2026-04-22 21:51:39.512651,2026-04-22 21:51:39.512651,14.809361457824709
2026-04-22 21:51:39.712872,2026-04-22 21:51:39.712872,14.697332382202148
2026-04-22 21:51:39.911850,2026-04-22 21:51:39.911850,14.602108001708984
2026-04-22 21:51:40.111473,2026-04-22 21:51:40.111473,14.521166801452637
2026-04-22 21:51:40.312072,2026-04-22 21:51:40.312072,14.452366828918455
2026-04-22 21:51:40.511762,2026-04-22 21:51:40.511762,14.21810531616211
2026-04-22 21:51:40.711554,2026-04-22 21:51:40.711554,14.018982887268066
2026-04-22 21:51:40.912053,2026-04-22 21:51:40.912053,13.849729537963867
2026-04-22 21:51:41.111743,2026-04-22 21:51:41.111743,13.70586395263672
2026-04-22 21:51:41.311502,2026-04-22 21:51:41.311502,13.583578109741213
2026-04-22 21:51:41.512782,2026-04-22 21:51:41.512782,13.47963523864746
2026-04-22 21:51:41.711321,2026-04-22 21:51:41.711321,13.391283988952637
2026-04-22 21:51:41.912795,2026-04-22 21:51:41.912795,13.140403747558594
2026-04-22 21:51:42.111931,2026-04-22 21:51:42.111931,12.92715549468994
2026-04-22 21:51:42.312044,2026-04-22 21:51:42.312044,12.745894432067873
2026-04-22 21:51:42.512761,2026-04-22 21:51:42.512761,12.591822624206545
2026-04-22 21:51:42.714429,2026-04-22 21:51:42.714429,12.460862159729004
2026-04-22 21:51:42.911561,2026-04-22 21:51:42.911561,12.3495454788208
2026-04-22 21:51:43.111515,2026-04-22 21:51:43.111515,12.254925727844238
2026-04-22 21:51:43.311483,2026-04-22 21:51:43.311483,12.17449951171875
2026-04-22 21:51:56.413016,2026-04-22 21:51:56.413016,12.1061372756958
2026-04-22 21:51:56.611485,2026-04-22 21:51:56.611485,12.048028945922852
2026-04-22 21:51:56.811613,2026-04-22 21:51:56.811613,11.998637199401855
2026-04-22 21:51:57.011916,2026-04-22 21:51:57.011916,11.95665454864502
2026-04-22 21:51:57.211376,2026-04-22 21:51:57.211376,11.920968055725098
2026-04-22 21:51:57.411857,2026-04-22 21:51:57.411857,11.71485424041748
2026-04-22 21:51:57.611571,2026-04-22 21:51:57.611571,11.715438842773438
2026-04-22 21:51:57.812489,2026-04-22 21:51:57.812489,11.715935707092283
2026-04-22 21:51:58.014749,2026-04-22 21:51:58.014749,11.540575981140137
2026-04-22 21:51:58.211430,2026-04-22 21:51:58.211430,11.391521453857422
2026-04-22 21:51:58.411312,2026-04-22 21:51:58.411312,11.26482391357422
2026-04-22 21:51:58.611435,2026-04-22 21:51:58.611435,11.332913398742676
2026-04-22 21:51:58.811467,2026-04-22 21:51:58.811467,11.390789031982422
2026-04-22 21:51:59.011986,2026-04-22 21:51:59.011986,11.439982414245604
2026-04-22 21:51:59.205766,2026-04-22 21:51:59.205766,11.48179817199707
2026-04-22 21:51:59.411454,2026-04-22 21:51:59.411454,11.517340660095217
2026-04-22 21:51:59.612496,2026-04-22 21:51:59.612496,11.723333358764648
2026-04-22 21:51:59.812054,2026-04-22 21:51:59.812054,11.89842700958252
2026-04-22 21:52:00.011910,2026-04-22 21:52:00.011910,12.047256469726562
2026-04-22 21:52:00.211576,2026-04-22 21:52:00.211576,12.173762321472168
2026-04-22 21:52:00.412834,2026-04-22 21:52:00.412834,12.105509757995604
2026-04-22 21:52:00.611539,2026-04-22 21:52:00.611539,12.22327709197998
2026-04-22 21:52:00.814162,2026-04-22 21:52:00.814162,12.323379516601562
2026-04-22 21:52:01.012612,2026-04-22 21:52:01.012612,14.342060089111328
2026-04-22 21:52:01.211560,2026-04-22 21:52:01.211560,16.057939529418945
2026-04-22 21:52:01.414242,2026-04-22 21:52:01.414242,17.516435623168945
2026-04-22 21:52:01.611421,2026-04-22 21:52:01.611421,18.75615692138672
2026-04-22 21:52:01.811737,2026-04-22 21:52:01.811737,19.80992126464844
2026-04-22 21:52:02.012911,2026-04-22 21:52:02.012911,20.70561981201172
2026-04-22 21:52:02.211459,2026-04-22 21:52:02.211459,21.466964721679688
2026-04-22 21:52:02.411884,2026-04-22 21:52:02.411884,22.114107131958008
2026-04-22 21:52:02.611369,2026-04-22 21:52:02.611369,22.6641788482666
2026-04-22 21:52:02.811427,2026-04-22 21:52:02.811427,23.13174057006836
2026-04-22 21:52:03.012155,2026-04-22 21:52:03.012155,23.52916717529297
2026-04-22 21:52:03.212432,2026-04-22 21:52:03.212432,23.866979598999023
2026-04-22 21:52:03.411396,2026-04-22 21:52:03.411396,24.15411949157715
2026-04-22 21:52:03.611569,2026-04-22 21:52:03.611569,24.39818954467773
2026-04-22 21:52:03.812227,2026-04-22 21:52:03.812227,24.605648040771484
2026-04-22 21:52:04.012374,2026-04-22 21:52:04.012374,24.7819881439209
2026-04-22 21:52:04.213248,2026-04-22 21:52:04.213248,24.93187713623047
2026-04-22 21:52:04.413890,2026-04-22 21:52:04.413890,25.05928421020508
2026-04-22 21:52:04.611519,2026-04-22 21:52:04.611519,25.167577743530277
2026-04-22 21:52:04.811606,2026-04-22 21:52:04.811606,25.25963020324707
2026-04-22 21:52:05.011504,2026-04-22 21:52:05.011504,25.337871551513672
2026-04-22 21:52:05.211357,2026-04-22 21:52:05.211357,25.40437889099121
2026-04-22 21:52:05.411795,2026-04-22 21:52:05.411795,25.460908889770508
2026-04-22 21:52:05.612000,2026-04-22 21:52:05.612000,25.333179473876957
2026-04-22 21:52:05.811506,2026-04-22 21:52:05.811506,25.224609375
2026-04-22 21:52:06.011748,2026-04-22 21:52:06.011748,25.13232421875
2026-04-22 21:52:06.213419,2026-04-22 21:52:06.213419,25.05388069152832
2026-04-22 21:52:06.411800,2026-04-22 21:52:06.411800,24.987205505371094
2026-04-22 21:52:06.611963,2026-04-22 21:52:06.611963,24.930530548095703
2026-04-22 21:52:06.812392,2026-04-22 21:52:06.812392,24.70657539367676
2026-04-22 21:52:07.011569,2026-04-22 21:52:07.011569,24.51621437072754
2026-04-22 21:52:07.212158,2026-04-22 21:52:07.212158,24.17862701416016
2026-04-22 21:52:07.414134,2026-04-22 21:52:07.414134,24.06745719909668
2026-04-22 21:52:07.612036,2026-04-22 21:52:07.612036,24.148744583129883
2026-04-22 21:52:07.812111,2026-04-22 21:52:07.812111,24.21784019470215
2026-04-22 21:52:08.013614,2026-04-22 21:52:08.013614,24.10078811645508
2026-04-22 21:52:08.212003,2026-04-22 21:52:08.212003,24.17707633972168
2026-04-22 21:52:08.412364,2026-04-22 21:52:08.412364,24.241920471191406
2026-04-22 21:52:08.612009,2026-04-22 21:52:08.612009,24.297039031982425
2026-04-22 21:52:08.813355,2026-04-22 21:52:08.813355,24.343889236450195
2026-04-22 21:52:09.011896,2026-04-22 21:52:09.011896,24.383712768554688
2026-04-22 21:52:09.212523,2026-04-22 21:52:09.212523,24.41756248474121
2026-04-22 21:52:09.411802,2026-04-22 21:52:09.411802,24.446332931518555
2026-04-22 21:52:09.613590,2026-04-22 21:52:09.613590,24.47079086303711
2026-04-22 21:52:09.812319,2026-04-22 21:52:09.812319,24.4915771484375
2026-04-22 21:52:10.013745,2026-04-22 21:52:10.013745,24.509246826171875
2026-04-22 21:52:10.212581,2026-04-22 21:52:10.212581,24.524267196655277
2026-04-22 21:52:10.411824,2026-04-22 21:52:10.411824,24.537033081054688
2026-04-22 21:52:10.611974,2026-04-22 21:52:10.611974,24.54788398742676
2026-04-22 21:52:10.813247,2026-04-22 21:52:10.813247,24.55710792541504
2026-04-22 21:52:11.012443,2026-04-22 21:52:11.012443,24.5649471282959
2026-04-22 21:52:11.212332,2026-04-22 21:52:11.212332,24.571611404418945
2026-04-22 21:52:11.413199,2026-04-22 21:52:11.413199,24.5772762298584
2026-04-22 21:52:11.611853,2026-04-22 21:52:11.611853,24.582090377807617
2026-04-22 21:52:11.814911,2026-04-22 21:52:11.814911,24.586183547973636
2026-04-22 21:52:12.011534,2026-04-22 21:52:12.011534,24.589662551879883
2026-04-22 21:52:12.212489,2026-04-22 21:52:12.212489,24.592618942260746
2026-04-22 21:52:12.413744,2026-04-22 21:52:12.413744,24.59513282775879
2026-04-22 21:52:12.612350,2026-04-22 21:52:12.612350,24.59726905822754
2026-04-22 21:52:12.811931,2026-04-22 21:52:12.811931,24.599084854125977
2026-04-22 21:52:13.014650,2026-04-22 21:52:13.014650,24.60062789916992
2026-04-22 21:52:13.212984,2026-04-22 21:52:13.212984,24.601940155029297
2026-04-22 21:52:13.414258,2026-04-22 21:52:13.414258,24.60305595397949
2026-04-22 21:52:13.613564,2026-04-22 21:52:13.613564,24.60400390625
2026-04-22 21:52:13.814933,2026-04-22 21:52:13.814933,24.604808807373047
2026-04-22 21:52:14.011554,2026-04-22 21:52:14.011554,24.605493545532227
2026-04-22 21:52:14.212287,2026-04-22 21:52:14.212287,23.199825286865234
2026-04-22 21:52:14.412297,2026-04-22 21:52:14.412297,21.82922744750977
2026-04-22 21:52:14.612099,2026-04-22 21:52:14.612099,20.66421890258789
2026-04-22 21:52:14.811326,2026-04-22 21:52:14.811326,19.673959732055664
2026-04-22 21:52:15.011878,2026-04-22 21:52:15.011878,18.83224105834961
2026-04-22 21:52:15.213026,2026-04-22 21:52:15.213026,18.116779327392575
2026-04-22 21:52:15.412354,2026-04-22 21:52:15.412354,17.508638381958008
2026-04-22 21:52:15.612288,2026-04-22 21:52:15.612288,16.991718292236328
2026-04-22 21:52:15.811905,2026-04-22 21:52:15.811905,16.376554489135742
2026-04-22 21:52:16.012656,2026-04-22 21:52:16.012656,15.85366439819336
2026-04-22 21:52:16.212275,2026-04-22 21:52:16.212275,15.409208297729492
2026-04-22 21:52:16.412293,2026-04-22 21:52:16.412293,14.855639457702637
2026-04-22 21:52:16.611784,2026-04-22 21:52:16.611784,14.385106086730955
2026-04-22 21:52:16.811643,2026-04-22 21:52:16.811643,13.985153198242188
2026-04-22 21:52:17.011574,2026-04-22 21:52:17.011574,13.64519214630127
2026-04-22 21:52:17.212085,2026-04-22 21:52:17.212085,13.356225967407228
2026-04-22 21:52:17.413202,2026-04-22 21:52:17.413202,13.110604286193848
2026-04-22 21:52:17.614806,2026-04-22 21:52:17.614806,12.901826858520508
2026-04-22 21:52:17.812442,2026-04-22 21:52:17.812442,12.724365234375
2026-04-22 21:52:18.013048,2026-04-22 21:52:18.013048,12.573522567749023
2026-04-22 21:52:18.211687,2026-04-22 21:52:18.211687,12.445306777954102
2026-04-22 21:52:18.412562,2026-04-22 21:52:18.412562,12.336323738098145
2026-04-22 21:52:18.613367,2026-04-22 21:52:18.613367,12.243687629699709
2026-04-22 21:52:18.812386,2026-04-22 21:52:18.812386,11.989165306091309
2026-04-22 21:52:19.012197,2026-04-22 21:52:19.012197,11.772821426391602
2026-04-22 21:52:19.211799,2026-04-22 21:52:19.211799,11.764711380004885
2026-04-22 21:52:19.411901,2026-04-22 21:52:19.411901,11.582036018371582
2026-04-22 21:52:19.612155,2026-04-22 21:52:19.612155,11.426761627197266
2026-04-22 21:52:19.811951,2026-04-22 21:52:19.811951,11.29477882385254
2026-04-22 21:52:20.011457,2026-04-22 21:52:20.011457,11.18259334564209
2026-04-22 21:52:20.211521,2026-04-22 21:52:20.211521,11.087235450744627
2026-04-22 21:52:20.412107,2026-04-22 21:52:20.412107,11.006181716918944
2026-04-22 21:52:20.611821,2026-04-22 21:52:20.611821,10.937285423278809
2026-04-22 21:52:20.812168,2026-04-22 21:52:20.812168,11.054505348205566
2026-04-22 21:52:21.014371,2026-04-22 21:52:21.014371,11.154141426086426
2026-04-22 21:52:21.212240,2026-04-22 21:52:21.212240,11.2388334274292
2026-04-22 21:52:21.411508,2026-04-22 21:52:21.411508,11.310820579528809
2026-04-22 21:52:21.612362,2026-04-22 21:52:21.612362,11.372010231018066
2026-04-22 21:52:34.712320,2026-04-22 21:52:34.712320,11.424020767211914
2026-04-22 21:52:34.912538,2026-04-22 21:52:34.912538,11.46823024749756
2026-04-22 21:52:35.114406,2026-04-22 21:52:35.114406,11.505807876586914
2026-04-22 21:52:35.311548,2026-04-22 21:52:35.311548,11.537749290466309
2026-04-22 21:52:35.512569,2026-04-22 21:52:35.512569,11.564899444580078
2026-04-22 21:52:35.711779,2026-04-22 21:52:35.711779,11.587977409362791
2026-04-22 21:52:35.913064,2026-04-22 21:52:35.913064,13.541187286376951
2026-04-22 21:52:36.112394,2026-04-22 21:52:36.112394,13.267821311950684
2026-04-22 21:52:36.312262,2026-04-22 21:52:36.312262,13.035460472106934
2026-04-22 21:52:36.512186,2026-04-22 21:52:36.512186,14.947328567504885
2026-04-22 21:52:36.714726,2026-04-22 21:52:36.714726,16.572416305541992
2026-04-22 21:52:36.911436,2026-04-22 21:52:36.911436,17.95374298095703
2026-04-22 21:52:37.111936,2026-04-22 21:52:37.111936,18.95208740234375
2026-04-22 21:52:37.312531,2026-04-22 21:52:37.312531,19.80068016052246
2026-04-22 21:52:37.514685,2026-04-22 21:52:37.514685,20.6977653503418
2026-04-22 21:52:37.711473,2026-04-22 21:52:37.711473,21.460289001464844
2026-04-22 21:52:37.911920,2026-04-22 21:52:37.911920,22.10843276977539
2026-04-22 21:52:38.111983,2026-04-22 21:52:38.111983,22.65935516357422
2026-04-22 21:52:38.313402,2026-04-22 21:52:38.313402,23.12763977050781
2026-04-22 21:52:38.511569,2026-04-22 21:52:38.511569,23.525680541992188
2026-04-22 21:52:38.711730,2026-04-22 21:52:38.711730,23.864015579223636
2026-04-22 21:52:38.911726,2026-04-22 21:52:38.911726,24.15160179138184
2026-04-22 21:52:39.111347,2026-04-22 21:52:39.111347,24.39604949951172
2026-04-22 21:52:39.311502,2026-04-22 21:52:39.311502,24.60382843017578
2026-04-22 21:52:39.513592,2026-04-22 21:52:39.513592,24.780441284179688
2026-04-22 21:52:39.711367,2026-04-22 21:52:39.711367,24.93056297302246
2026-04-22 21:52:39.911692,2026-04-22 21:52:39.911692,25.05816650390625
2026-04-22 21:52:40.111418,2026-04-22 21:52:40.111418,25.166627883911133
2026-04-22 21:52:40.311665,2026-04-22 21:52:40.311665,25.25882148742676
2026-04-22 21:52:40.511475,2026-04-22 21:52:40.511475,25.33718681335449
2026-04-22 21:52:40.711459,2026-04-22 21:52:40.711459,25.40379524230957
2026-04-22 21:52:40.911408,2026-04-22 21:52:40.911408,25.460412979125977
2026-04-22 21:52:41.111489,2026-04-22 21:52:41.111489,25.5085391998291
2026-04-22 21:52:41.312541,2026-04-22 21:52:41.312541,25.54944610595703
2026-04-22 21:52:41.512181,2026-04-22 21:52:41.512181,25.584217071533203
2026-04-22 21:52:41.712093,2026-04-22 21:52:41.712093,25.613771438598636
2026-04-22 21:52:41.911367,2026-04-22 21:52:41.911367,25.638893127441406
2026-04-22 21:52:42.112778,2026-04-22 21:52:42.112778,25.660245895385746
2026-04-22 21:52:42.311640,2026-04-22 21:52:42.311640,25.67839813232422
2026-04-22 21:52:42.511419,2026-04-22 21:52:42.511419,25.693824768066406
2026-04-22 21:52:42.712271,2026-04-22 21:52:42.712271,25.531158447265625
2026-04-22 21:52:42.911880,2026-04-22 21:52:42.911880,25.39289093017578
2026-04-22 21:52:43.112150,2026-04-22 21:52:43.112150,25.27536392211914
2026-04-22 21:52:43.312166,2026-04-22 21:52:43.312166,25.175464630126957
2026-04-22 21:52:43.513043,2026-04-22 21:52:43.513043,24.914770126342773
2026-04-22 21:52:43.712194,2026-04-22 21:52:43.712194,24.69318008422852
2026-04-22 21:52:43.912046,2026-04-22 21:52:43.912046,24.50482749938965
2026-04-22 21:52:44.111869,2026-04-22 21:52:44.111869,24.168947219848636
2026-04-22 21:52:44.312132,2026-04-22 21:52:44.312132,23.70766830444336
2026-04-22 21:52:44.514158,2026-04-22 21:52:44.514158,23.315580368041992
2026-04-22 21:52:44.713400,2026-04-22 21:52:44.713400,22.9823055267334
2026-04-22 21:52:44.914670,2026-04-22 21:52:44.914670,22.69902229309082
2026-04-22 21:52:45.112849,2026-04-22 21:52:45.112849,22.45823097229004
2026-04-22 21:52:45.311415,2026-04-22 21:52:45.311415,22.077777862548828
2026-04-22 21:52:45.511401,2026-04-22 21:52:45.511401,21.754392623901367
2026-04-22 21:52:45.713248,2026-04-22 21:52:45.713248,20.776390075683597
2026-04-22 21:52:45.912446,2026-04-22 21:52:45.912446,19.945087432861328
2026-04-22 21:52:46.111493,2026-04-22 21:52:46.111493,19.238481521606445
2026-04-22 21:52:46.311942,2026-04-22 21:52:46.311942,19.69255256652832
2026-04-22 21:52:46.511737,2026-04-22 21:52:46.511737,18.848045349121094
2026-04-22 21:52:46.711614,2026-04-22 21:52:46.711614,18.13021278381348
2026-04-22 21:52:46.912270,2026-04-22 21:52:46.912270,17.520055770874023
2026-04-22 21:52:47.113011,2026-04-22 21:52:47.113011,17.001422882080078
2026-04-22 21:52:47.311968,2026-04-22 21:52:47.311968,16.560585021972656
2026-04-22 21:52:47.511966,2026-04-22 21:52:47.511966,16.185871124267578
2026-04-22 21:52:47.711495,2026-04-22 21:52:47.711495,15.691584587097168
2026-04-22 21:52:47.912602,2026-04-22 21:52:47.912602,15.447221755981444
2026-04-22 21:52:48.112575,2026-04-22 21:52:48.112575,15.063732147216797
2026-04-22 21:52:48.312041,2026-04-22 21:52:48.312041,14.73776626586914
2026-04-22 21:52:48.513374,2026-04-22 21:52:48.513374,14.460695266723633
2026-04-22 21:52:48.712171,2026-04-22 21:52:48.712171,14.049403190612791
2026-04-22 21:52:48.912604,2026-04-22 21:52:48.912604,13.69980525970459
2026-04-22 21:52:49.112289,2026-04-22 21:52:49.112289,13.402647018432615
2026-04-22 21:52:49.313286,2026-04-22 21:52:49.313286,13.325843811035156
2026-04-22 21:52:49.511736,2026-04-22 21:52:49.511736,13.260560989379885
2026-04-22 21:52:49.711540,2026-04-22 21:52:49.711540,13.205070495605469
2026-04-22 21:52:49.913945,2026-04-22 21:52:49.913945,13.157903671264648
2026-04-22 21:52:50.111941,2026-04-22 21:52:50.111941,12.942030906677246
2026-04-22 21:52:50.313049,2026-04-22 21:52:50.313049,12.758538246154783
2026-04-22 21:52:50.512775,2026-04-22 21:52:50.512775,12.60257053375244
2026-04-22 21:52:50.712003,2026-04-22 21:52:50.712003,12.46999740600586
2026-04-22 21:52:50.914086,2026-04-22 21:52:50.914086,12.35731029510498
2026-04-22 21:52:51.111265,2026-04-22 21:52:51.111265,12.261526107788086
2026-04-22 21:52:51.313385,2026-04-22 21:52:51.313385,12.004328727722168
2026-04-22 21:52:51.512431,2026-04-22 21:52:51.512431,11.785710334777832
2026-04-22 21:52:51.711494,2026-04-22 21:52:51.711494,11.59988498687744
2026-04-22 21:52:51.912451,2026-04-22 21:52:51.912451,11.441933631896973
2026-04-22 21:52:52.112911,2026-04-22 21:52:52.112911,11.483455657958984
2026-04-22 21:52:52.313855,2026-04-22 21:52:52.313855,11.342968940734863
2026-04-22 21:52:52.515662,2026-04-22 21:52:52.515662,11.223554611206056
2026-04-22 21:52:52.713306,2026-04-22 21:52:52.713306,11.122053146362305
2026-04-22 21:52:52.916319,2026-04-22 21:52:52.916319,11.211557388305664
2026-04-22 21:52:53.112622,2026-04-22 21:52:53.112622,11.463418006896973
2026-04-22 21:52:53.311659,2026-04-22 21:52:53.311659,11.501717567443848
2026-04-22 21:52:53.513691,2026-04-22 21:52:53.513691,11.358490943908691
2026-04-22 21:52:53.713135,2026-04-22 21:52:53.713135,11.236748695373535
2026-04-22 21:52:53.912616,2026-04-22 21:52:53.912616,11.133267402648926
2026-04-22 21:52:54.112724,2026-04-22 21:52:54.112724,12.97890281677246
2026-04-22 21:52:54.312160,2026-04-22 21:52:54.312160,14.19612979888916
2026-04-22 21:52:54.515651,2026-04-22 21:52:54.515651,15.582335472106934
2026-04-22 21:52:54.712434,2026-04-22 21:52:54.712434,16.760610580444336
2026-04-22 21:52:54.914389,2026-04-22 21:52:54.914389,17.762144088745117
2026-04-22 21:52:55.111765,2026-04-22 21:52:55.111765,18.43766593933105
2026-04-22 21:52:55.312454,2026-04-22 21:52:55.312454,19.187641143798828
2026-04-22 21:52:55.513519,2026-04-22 21:52:55.513519,20.000900268554688
2026-04-22 21:52:55.711514,2026-04-22 21:52:55.711514,20.69217109680176
2026-04-22 21:52:55.913073,2026-04-22 21:52:55.913073,21.10397148132324
2026-04-22 21:52:56.113168,2026-04-22 21:52:56.113168,21.45400047302246
2026-04-22 21:52:56.311781,2026-04-22 21:52:56.311781,21.75152587890625
2026-04-22 21:52:56.511275,2026-04-22 21:52:56.511275,22.00442123413086
2026-04-22 21:52:56.704417,2026-04-22 21:52:56.704417,22.043601989746094
2026-04-22 21:52:56.912100,2026-04-22 21:52:56.912100,22.076906204223636
2026-04-22 21:52:57.113693,2026-04-22 21:52:57.113693,22.280994415283203
2026-04-22 21:52:57.313671,2026-04-22 21:52:57.313671,22.278688430786133
2026-04-22 21:52:57.513763,2026-04-22 21:52:57.513763,22.276729583740234
2026-04-22 21:52:57.711831,2026-04-22 21:52:57.711831,22.27506446838379
2026-04-22 21:52:57.911491,2026-04-22 21:52:57.911491,22.27364730834961
2026-04-22 21:52:58.111722,2026-04-22 21:52:58.111722,22.272443771362305
2026-04-22 21:52:58.311877,2026-04-22 21:52:58.311877,22.27142143249512
2026-04-22 21:52:58.511344,2026-04-22 21:52:58.511344,22.270551681518555
2026-04-22 21:52:58.711836,2026-04-22 21:52:58.711836,22.269813537597656
2026-04-22 21:52:58.911381,2026-04-22 21:52:58.911381,22.269184112548828
2026-04-22 21:52:59.112484,2026-04-22 21:52:59.112484,22.26865005493164
2026-04-22 21:52:59.311524,2026-04-22 21:52:59.311524,22.26819610595703
2026-04-22 21:52:59.512649,2026-04-22 21:52:59.512649,22.443592071533203
2026-04-22 21:52:59.711307,2026-04-22 21:52:59.711307,22.59267807006836
2026-04-22 21:52:59.911601,2026-04-22 21:52:59.911601,22.719402313232425
2026-04-22 21:53:13.013613,2026-04-22 21:53:13.013613,22.82711601257324
2026-04-22 21:53:13.212216,2026-04-22 21:53:13.212216,22.91867446899414
2026-04-22 21:53:13.413911,2026-04-22 21:53:13.413911,22.99649810791016
2026-04-22 21:53:13.615025,2026-04-22 21:53:13.615025,23.06264877319336
2026-04-22 21:53:13.815833,2026-04-22 21:53:13.815833,23.11887550354004
2026-04-22 21:53:14.013388,2026-04-22 21:53:14.013388,23.16666984558105
2026-04-22 21:53:14.214019,2026-04-22 21:53:14.214019,23.207294464111328
2026-04-22 21:53:14.404496,2026-04-22 21:53:14.404496,23.24182510375977
2026-04-22 21:53:14.614070,2026-04-22 21:53:14.614070,23.271175384521484
2026-04-22 21:53:14.813628,2026-04-22 21:53:14.813628,23.296125411987305
2026-04-22 21:53:15.011383,2026-04-22 21:53:15.011383,23.317331314086918
2026-04-22 21:53:15.215628,2026-04-22 21:53:15.215628,23.335355758666992
2026-04-22 21:53:15.411457,2026-04-22 21:53:15.411457,23.35067749023437
2026-04-22 21:53:15.611731,2026-04-22 21:53:15.611731,23.36370086669922
2026-04-22 21:53:15.812608,2026-04-22 21:53:15.812608,23.374771118164062
2026-04-22 21:53:16.012875,2026-04-22 21:53:16.012875,23.384180068969727
2026-04-22 21:53:16.211657,2026-04-22 21:53:16.211657,23.56795883178711
2026-04-22 21:53:16.415577,2026-04-22 21:53:16.415577,23.72417259216309
2026-04-22 21:53:16.611431,2026-04-22 21:53:16.611431,23.856952667236328
2026-04-22 21:53:16.811868,2026-04-22 21:53:16.811868,23.969816207885746
2026-04-22 21:53:17.011411,2026-04-22 21:53:17.011411,24.065750122070312
2026-04-22 21:53:17.214182,2026-04-22 21:53:17.214182,24.147293090820312
2026-04-22 21:53:17.412224,2026-04-22 21:53:17.412224,24.21660614013672
2026-04-22 21:53:17.611926,2026-04-22 21:53:17.611926,24.27552032470703
2026-04-22 21:53:17.812048,2026-04-22 21:53:17.812048,24.32559967041016
2026-04-22 21:53:18.011483,2026-04-22 21:53:18.011483,24.368165969848636
2026-04-22 21:53:18.212418,2026-04-22 21:53:18.212418,24.228565216064453
2026-04-22 21:53:18.411955,2026-04-22 21:53:18.411955,24.28568649291992
2026-04-22 21:53:18.612388,2026-04-22 21:53:18.612388,24.3342399597168
2026-04-22 21:53:18.811747,2026-04-22 21:53:18.811747,24.375511169433597
2026-04-22 21:53:19.011986,2026-04-22 21:53:19.011986,24.41059112548828
2026-04-22 21:53:19.212668,2026-04-22 21:53:19.212668,24.26462745666504
2026-04-22 21:53:19.413354,2026-04-22 21:53:19.413354,24.14055824279785
2026-04-22 21:53:19.612029,2026-04-22 21:53:19.612029,24.035099029541016
2026-04-22 21:53:19.812661,2026-04-22 21:53:19.812661,23.945459365844727
2026-04-22 21:53:20.011701,2026-04-22 21:53:20.011701,23.869264602661133
2026-04-22 21:53:20.212811,2026-04-22 21:53:20.212811,23.804500579833984
2026-04-22 21:53:20.411328,2026-04-22 21:53:20.411328,23.74945068359375
2026-04-22 21:53:20.612743,2026-04-22 21:53:20.612743,23.70265769958496
2026-04-22 21:53:20.812785,2026-04-22 21:53:20.812785,23.66288375854492
2026-04-22 21:53:21.012730,2026-04-22 21:53:21.012730,23.62907600402832
2026-04-22 21:53:21.212972,2026-04-22 21:53:21.212972,23.600339889526367
2026-04-22 21:53:21.411729,2026-04-22 21:53:21.411729,23.57591438293457
2026-04-22 21:53:21.613245,2026-04-22 21:53:21.613245,23.555152893066406
2026-04-22 21:53:21.812199,2026-04-22 21:53:21.812199,23.537504196166992
2026-04-22 21:53:22.011461,2026-04-22 21:53:22.011461,23.52250289916992
2026-04-22 21:53:22.212972,2026-04-22 21:53:22.212972,23.50975227355957
2026-04-22 21:53:22.411466,2026-04-22 21:53:22.411466,23.32313346862793
2026-04-22 21:53:22.612365,2026-04-22 21:53:22.612365,23.164506912231445
2026-04-22 21:53:22.811520,2026-04-22 21:53:22.811520,23.029674530029297
2026-04-22 21:53:23.012230,2026-04-22 21:53:23.012230,22.91506767272949
2026-04-22 21:53:23.211311,2026-04-22 21:53:23.211311,22.817651748657227
2026-04-22 21:53:23.411300,2026-04-22 21:53:23.411300,22.734848022460938
2026-04-22 21:53:23.612432,2026-04-22 21:53:23.612432,22.66446304321289
2026-04-22 21:53:23.811986,2026-04-22 21:53:23.811986,22.604637145996094
2026-04-22 21:53:24.011422,2026-04-22 21:53:24.011422,22.55378532409668
2026-04-22 21:53:24.211815,2026-04-22 21:53:24.211815,22.51056289672852
2026-04-22 21:53:24.412193,2026-04-22 21:53:24.412193,22.47382164001465
2026-04-22 21:53:24.612398,2026-04-22 21:53:24.612398,22.44259262084961
2026-04-22 21:53:24.811544,2026-04-22 21:53:24.811544,22.416046142578125
2026-04-22 21:53:25.013263,2026-04-22 21:53:25.013263,22.217702865600582
2026-04-22 21:53:25.211357,2026-04-22 21:53:25.211357,22.049110412597656
2026-04-22 21:53:25.411537,2026-04-22 21:53:25.411537,21.905805587768555
2026-04-22 21:53:25.611494,2026-04-22 21:53:25.611494,21.78399658203125
2026-04-22 21:53:25.811496,2026-04-22 21:53:25.811496,21.68045997619629
2026-04-22 21:53:26.011331,2026-04-22 21:53:26.011331,21.592453002929688
2026-04-22 21:53:26.211597,2026-04-22 21:53:26.211597,21.51764869689941
2026-04-22 21:53:26.411599,2026-04-22 21:53:26.411599,21.454063415527344
2026-04-22 21:53:26.611767,2026-04-22 21:53:26.611767,21.40001678466797
2026-04-22 21:53:26.811379,2026-04-22 21:53:26.811379,21.354076385498047
2026-04-22 21:53:27.011908,2026-04-22 21:53:27.011908,21.31502723693848
2026-04-22 21:53:27.214168,2026-04-22 21:53:27.214168,21.281835556030277
2026-04-22 21:53:27.412385,2026-04-22 21:53:27.412385,21.25362205505371
2026-04-22 21:53:27.613300,2026-04-22 21:53:27.613300,21.229642868041992
2026-04-22 21:53:27.813326,2026-04-22 21:53:27.813326,21.033477783203125
2026-04-22 21:53:28.012022,2026-04-22 21:53:28.012022,20.866737365722656
2026-04-22 21:53:28.213407,2026-04-22 21:53:28.213407,20.725008010864254
2026-04-22 21:53:28.411423,2026-04-22 21:53:28.411423,20.604537963867188
2026-04-22 21:53:28.611381,2026-04-22 21:53:28.611381,20.502138137817383
2026-04-22 21:53:28.812138,2026-04-22 21:53:28.812138,20.415098190307617
2026-04-22 21:53:29.011618,2026-04-22 21:53:29.011618,20.34111595153809
2026-04-22 21:53:29.211496,2026-04-22 21:53:29.211496,20.278228759765625
2026-04-22 21:53:29.411619,2026-04-22 21:53:29.411619,20.22477531433105
2026-04-22 21:53:29.620515,2026-04-22 21:53:29.620515,20.179340362548828
2026-04-22 21:53:29.811641,2026-04-22 21:53:29.811641,20.14072036743164
2026-04-22 21:53:30.014410,2026-04-22 21:53:30.014410,20.107894897460938
2026-04-22 21:53:30.213639,2026-04-22 21:53:30.213639,20.07999038696289
2026-04-22 21:53:30.414024,2026-04-22 21:53:30.414024,20.0562744140625
2026-04-22 21:53:30.613480,2026-04-22 21:53:30.613480,20.036113739013672
2026-04-22 21:53:30.811953,2026-04-22 21:53:30.811953,20.018978118896484
2026-04-22 21:53:31.011488,2026-04-22 21:53:31.011488,20.004413604736328
2026-04-22 21:53:31.212747,2026-04-22 21:53:31.212747,19.99203109741211
2026-04-22 21:53:31.412383,2026-04-22 21:53:31.412383,19.981508255004883
2026-04-22 21:53:31.612593,2026-04-22 21:53:31.612593,19.972562789916992
2026-04-22 21:53:31.812562,2026-04-22 21:53:31.812562,19.9649600982666
2026-04-22 21:53:32.012183,2026-04-22 21:53:32.012183,19.958498001098636
2026-04-22 21:53:32.211928,2026-04-22 21:53:32.211928,19.953004837036133
2026-04-22 21:53:32.413564,2026-04-22 21:53:32.413564,19.94833374023437
2026-04-22 21:53:32.612440,2026-04-22 21:53:32.612440,19.944366455078125
2026-04-22 21:53:32.815322,2026-04-22 21:53:32.815322,19.94099235534668
2026-04-22 21:53:33.011697,2026-04-22 21:53:33.011697,19.93812370300293
2026-04-22 21:53:33.213270,2026-04-22 21:53:33.213270,19.935688018798828
2026-04-22 21:53:33.412272,2026-04-22 21:53:33.412272,19.75783348083496
2026-04-22 21:53:33.612456,2026-04-22 21:53:33.612456,19.782440185546875
2026-04-22 21:53:33.813241,2026-04-22 21:53:33.813241,19.803356170654297
2026-04-22 21:53:34.013522,2026-04-22 21:53:34.013522,19.64535140991211
2026-04-22 21:53:34.213166,2026-04-22 21:53:34.213166,19.686830520629883
2026-04-22 21:53:34.411785,2026-04-22 21:53:34.411785,19.722087860107425
2026-04-22 21:53:34.613063,2026-04-22 21:53:34.613063,19.75205612182617
2026-04-22 21:53:34.814388,2026-04-22 21:53:34.814388,19.777528762817383
2026-04-22 21:53:35.012609,2026-04-22 21:53:35.012609,19.79918098449707
2026-04-22 21:53:35.211904,2026-04-22 21:53:35.211904,19.81758499145508
2026-04-22 21:53:35.412111,2026-04-22 21:53:35.412111,19.833227157592773
2026-04-22 21:53:35.613146,2026-04-22 21:53:35.613146,19.846525192260746
2026-04-22 21:53:35.812959,2026-04-22 21:53:35.812959,19.85782814025879
2026-04-22 21:53:36.016874,2026-04-22 21:53:36.016874,19.867435455322266
2026-04-22 21:53:36.213588,2026-04-22 21:53:36.213588,18.469350814819336
2026-04-22 21:53:36.412333,2026-04-22 21:53:36.412333,17.45676040649414
2026-04-22 21:53:36.612412,2026-04-22 21:53:36.612412,16.596059799194336
2026-04-22 21:53:36.813474,2026-04-22 21:53:36.813474,16.04024314880371
2026-04-22 21:53:37.011822,2026-04-22 21:53:37.011822,15.567801475524902
2026-04-22 21:53:37.212641,2026-04-22 21:53:37.212641,14.990443229675291
2026-04-22 21:53:37.412021,2026-04-22 21:53:37.412021,14.499689102172852
2026-04-22 21:53:37.611785,2026-04-22 21:53:37.611785,13.906766891479492
2026-04-22 21:53:37.811989,2026-04-22 21:53:37.811989,13.578564643859863
2026-04-22 21:53:38.013190,2026-04-22 21:53:38.013190,13.29959201812744
2026-04-22 21:53:38.211251,2026-04-22 21:53:38.211251,13.06246566772461
