log_time,publish_time,data
2026-05-01 07:35:12.889142,2026-05-01 07:35:12.889142,65.44758605957031
2026-05-01 07:35:13.087796,2026-05-01 07:35:13.087796,65.29841613769531
2026-05-01 07:35:13.287973,2026-05-01 07:35:13.287973,65.17162322998047
2026-05-01 07:35:13.487752,2026-05-01 07:35:13.487752,64.88806915283203
2026-05-01 07:35:13.687512,2026-05-01 07:35:13.687512,64.64704132080078
2026-05-01 07:35:13.887821,2026-05-01 07:35:13.887821,64.44217681884766
2026-05-01 07:35:14.088016,2026-05-01 07:35:14.088016,64.26803588867188
2026-05-01 07:35:14.287605,2026-05-01 07:35:14.287605,64.1200180053711
2026-05-01 07:35:14.488077,2026-05-01 07:35:14.488077,63.99420166015625
2026-05-01 07:35:14.687451,2026-05-01 07:35:14.687451,63.88726043701172
2026-05-01 07:35:14.888031,2026-05-01 07:35:14.888031,63.79636001586914
2026-05-01 07:35:15.087876,2026-05-01 07:35:15.087876,63.54331207275391
2026-05-01 07:35:15.513607,2026-05-01 07:35:15.513607,63.32822036743164
2026-05-01 07:35:15.513700,2026-05-01 07:35:15.513700,63.14539337158203
2026-05-01 07:35:15.688465,2026-05-01 07:35:15.688465,62.989990234375
2026-05-01 07:35:15.887842,2026-05-01 07:35:15.887842,62.8578987121582
2026-05-01 07:35:16.088136,2026-05-01 07:35:16.088136,62.74562072753906
2026-05-01 07:35:16.288823,2026-05-01 07:35:16.288823,62.650184631347656
2026-05-01 07:35:16.489178,2026-05-01 07:35:16.489178,62.56906127929688
2026-05-01 07:35:16.688060,2026-05-01 07:35:16.688060,62.5001106262207
2026-05-01 07:35:16.887465,2026-05-01 07:35:16.887465,62.441497802734375
2026-05-01 07:35:17.088408,2026-05-01 07:35:17.088408,62.39168167114258
2026-05-01 07:35:17.288118,2026-05-01 07:35:17.288118,62.17355346679688
2026-05-01 07:35:17.489609,2026-05-01 07:35:17.489609,61.98814392089844
2026-05-01 07:35:17.687617,2026-05-01 07:35:17.687617,61.83054733276367
2026-05-01 07:35:17.887470,2026-05-01 07:35:17.887470,71.89190673828125
2026-05-01 07:35:18.090163,2026-05-01 07:35:18.090163,80.44405364990234
2026-05-01 07:35:18.287738,2026-05-01 07:35:18.287738,87.71338653564453
2026-05-01 07:35:18.487804,2026-05-01 07:35:18.487804,93.8923110961914
2026-05-01 07:35:18.688344,2026-05-01 07:35:18.688344,99.14440155029295
2026-05-01 07:35:18.889930,2026-05-01 07:35:18.889930,103.60868072509766
2026-05-01 07:35:19.088363,2026-05-01 07:35:19.088363,107.4033203125
2026-05-01 07:35:19.288447,2026-05-01 07:35:19.288447,110.62875366210938
2026-05-01 07:35:19.488231,2026-05-01 07:35:19.488231,113.3703842163086
2026-05-01 07:35:19.689505,2026-05-01 07:35:19.689505,115.70075988769533
2026-05-01 07:35:19.888354,2026-05-01 07:35:19.888354,117.68158721923828
2026-05-01 07:35:20.090698,2026-05-01 07:35:20.090698,119.36528778076172
2026-05-01 07:35:20.289389,2026-05-01 07:35:20.289389,120.7964324951172
2026-05-01 07:35:20.490269,2026-05-01 07:35:20.490269,122.01290130615234
2026-05-01 07:35:20.689328,2026-05-01 07:35:20.689328,123.04690551757812
2026-05-01 07:35:20.890675,2026-05-01 07:35:20.890675,123.9258041381836
2026-05-01 07:35:21.089165,2026-05-01 07:35:21.089165,124.6728744506836
2026-05-01 07:35:21.290379,2026-05-01 07:35:21.290379,125.30787658691406
2026-05-01 07:35:21.488969,2026-05-01 07:35:21.488969,125.8476333618164
2026-05-01 07:35:21.692042,2026-05-01 07:35:21.692042,126.30642700195312
2026-05-01 07:35:21.888243,2026-05-01 07:35:21.888243,126.69640350341795
2026-05-01 07:35:22.088357,2026-05-01 07:35:22.088357,127.0278778076172
2026-05-01 07:35:22.288771,2026-05-01 07:35:22.288771,123.26666259765624
2026-05-01 07:35:22.490072,2026-05-01 07:35:22.490072,120.06963348388672
2026-05-01 07:35:22.688093,2026-05-01 07:35:22.688093,117.35215759277344
2026-05-01 07:35:22.888483,2026-05-01 07:35:22.888483,115.04230499267578
2026-05-01 07:35:23.087698,2026-05-01 07:35:23.087698,113.07892608642578
2026-05-01 07:35:23.288960,2026-05-01 07:35:23.288960,111.4100570678711
2026-05-01 07:35:23.489184,2026-05-01 07:35:23.489184,109.99151611328124
2026-05-01 07:35:23.690949,2026-05-01 07:35:23.690949,108.78575897216795
2026-05-01 07:35:23.887473,2026-05-01 07:35:23.887473,107.7608642578125
2026-05-01 07:35:24.088598,2026-05-01 07:35:24.088598,106.88970184326172
2026-05-01 07:35:24.287495,2026-05-01 07:35:24.287495,106.1492156982422
2026-05-01 07:35:24.488034,2026-05-01 07:35:24.488034,105.5197982788086
2026-05-01 07:35:24.687412,2026-05-01 07:35:24.687412,104.98480224609376
2026-05-01 07:35:24.888740,2026-05-01 07:35:24.888740,104.5300521850586
2026-05-01 07:35:25.089785,2026-05-01 07:35:25.089785,104.1435089111328
2026-05-01 07:35:25.289705,2026-05-01 07:35:25.289705,100.65088653564452
2026-05-01 07:35:25.488397,2026-05-01 07:35:25.488397,97.68215942382812
2026-05-01 07:35:25.687400,2026-05-01 07:35:25.687400,95.15874481201172
2026-05-01 07:35:25.888086,2026-05-01 07:35:25.888086,93.01383972167967
2026-05-01 07:35:26.087835,2026-05-01 07:35:26.087835,91.19066619873048
2026-05-01 07:35:26.287595,2026-05-01 07:35:26.287595,89.64097595214844
2026-05-01 07:35:26.489177,2026-05-01 07:35:26.489177,88.32373809814453
2026-05-01 07:35:26.688593,2026-05-01 07:35:26.688593,87.2040786743164
2026-05-01 07:35:26.887438,2026-05-01 07:35:26.887438,86.25237274169922
2026-05-01 07:35:27.087642,2026-05-01 07:35:27.087642,85.44342803955078
2026-05-01 07:35:27.289562,2026-05-01 07:35:27.289562,84.75582122802734
2026-05-01 07:35:27.489457,2026-05-01 07:35:27.489457,84.17134857177734
2026-05-01 07:35:27.689429,2026-05-01 07:35:27.689429,83.49877166748047
2026-05-01 07:35:27.887611,2026-05-01 07:35:27.887611,82.92708587646484
2026-05-01 07:35:28.087686,2026-05-01 07:35:28.087686,82.44114685058594
2026-05-01 07:35:28.288692,2026-05-01 07:35:28.288692,82.0280990600586
2026-05-01 07:35:28.487954,2026-05-01 07:35:28.487954,81.67700958251953
2026-05-01 07:35:28.687834,2026-05-01 07:35:28.687834,81.37858581542969
2026-05-01 07:35:28.887456,2026-05-01 07:35:28.887456,81.12492370605469
2026-05-01 07:35:29.087626,2026-05-01 07:35:29.087626,80.90930938720703
2026-05-01 07:35:29.287302,2026-05-01 07:35:29.287302,80.72603607177734
2026-05-01 07:35:29.487319,2026-05-01 07:35:29.487319,80.57025909423828
2026-05-01 07:35:29.687770,2026-05-01 07:35:29.687770,80.2620620727539
2026-05-01 07:35:29.887507,2026-05-01 07:35:29.887507,80.0000991821289
2026-05-01 07:35:42.991464,2026-05-01 07:35:42.991464,79.77742767333984
2026-05-01 07:35:43.190895,2026-05-01 07:35:43.190895,89.9592514038086
2026-05-01 07:35:43.387949,2026-05-01 07:35:43.387949,98.61380004882812
2026-05-01 07:35:43.588686,2026-05-01 07:35:43.588686,105.9701690673828
2026-05-01 07:35:43.789206,2026-05-01 07:35:43.789206,112.22307586669922
2026-05-01 07:35:43.989408,2026-05-01 07:35:43.989408,117.71383666992188
2026-05-01 07:35:44.193604,2026-05-01 07:35:44.193604,122.3809814453125
2026-05-01 07:35:44.388765,2026-05-01 07:35:44.388765,126.34805297851562
2026-05-01 07:35:44.587728,2026-05-01 07:35:44.587728,129.72006225585938
2026-05-01 07:35:44.787355,2026-05-01 07:35:44.787355,132.58627319335938
2026-05-01 07:35:44.988801,2026-05-01 07:35:44.988801,135.02255249023438
2026-05-01 07:35:45.187400,2026-05-01 07:35:45.187400,137.0933837890625
2026-05-01 07:35:45.387540,2026-05-01 07:35:45.387540,138.8535919189453
2026-05-01 07:35:45.588176,2026-05-01 07:35:45.588176,140.3497772216797
2026-05-01 07:35:45.787861,2026-05-01 07:35:45.787861,141.62152099609375
2026-05-01 07:35:45.987406,2026-05-01 07:35:45.987406,142.8782958984375
2026-05-01 07:35:46.187530,2026-05-01 07:35:46.187530,143.94654846191406
2026-05-01 07:35:46.388164,2026-05-01 07:35:46.388164,136.0655059814453
2026-05-01 07:35:46.587999,2026-05-01 07:35:46.587999,129.3666229248047
2026-05-01 07:35:46.788188,2026-05-01 07:35:46.788188,123.6725616455078
2026-05-01 07:35:46.987645,2026-05-01 07:35:46.987645,118.8326187133789
2026-05-01 07:35:47.187440,2026-05-01 07:35:47.187440,114.71865844726562
2026-05-01 07:35:47.389028,2026-05-01 07:35:47.389028,111.2218017578125
2026-05-01 07:35:47.588359,2026-05-01 07:35:47.588359,117.0385284423828
2026-05-01 07:35:47.787449,2026-05-01 07:35:47.787449,121.98274993896484
2026-05-01 07:35:47.987841,2026-05-01 07:35:47.987841,126.18534088134766
2026-05-01 07:35:48.187374,2026-05-01 07:35:48.187374,129.75753784179688
2026-05-01 07:35:48.388205,2026-05-01 07:35:48.388205,132.7938995361328
2026-05-01 07:35:48.587698,2026-05-01 07:35:48.587698,135.37481689453125
2026-05-01 07:35:48.787891,2026-05-01 07:35:48.787891,137.568603515625
2026-05-01 07:35:48.988269,2026-05-01 07:35:48.988269,139.4333038330078
2026-05-01 07:35:49.187637,2026-05-01 07:35:49.187637,141.018310546875
2026-05-01 07:35:49.387635,2026-05-01 07:35:49.387635,142.36557006835938
2026-05-01 07:35:49.587389,2026-05-01 07:35:49.587389,143.51072692871094
2026-05-01 07:35:49.787408,2026-05-01 07:35:49.787408,144.48411560058594
2026-05-01 07:35:49.988126,2026-05-01 07:35:49.988126,145.31150817871094
2026-05-01 07:35:50.187345,2026-05-01 07:35:50.187345,146.0147705078125
2026-05-01 07:35:50.387613,2026-05-01 07:35:50.387613,146.61256408691406
2026-05-01 07:35:50.588034,2026-05-01 07:35:50.588034,147.1206817626953
2026-05-01 07:35:50.787713,2026-05-01 07:35:50.787713,147.55258178710938
2026-05-01 07:35:50.987799,2026-05-01 07:35:50.987799,147.91969299316406
2026-05-01 07:35:51.187384,2026-05-01 07:35:51.187384,148.2317352294922
2026-05-01 07:35:51.388172,2026-05-01 07:35:51.388172,148.49697875976562
2026-05-01 07:35:51.587363,2026-05-01 07:35:51.587363,148.72242736816406
2026-05-01 07:35:51.787441,2026-05-01 07:35:51.787441,148.9140625
2026-05-01 07:35:51.987432,2026-05-01 07:35:51.987432,149.0769500732422
2026-05-01 07:35:52.187805,2026-05-01 07:35:52.187805,149.2154083251953
2026-05-01 07:35:52.387965,2026-05-01 07:35:52.387965,149.33309936523438
2026-05-01 07:35:52.587716,2026-05-01 07:35:52.587716,149.43313598632812
2026-05-01 07:35:52.787597,2026-05-01 07:35:52.787597,149.51815795898438
2026-05-01 07:35:52.987343,2026-05-01 07:35:52.987343,149.59043884277344
2026-05-01 07:35:53.187395,2026-05-01 07:35:53.187395,149.65187072753906
2026-05-01 07:35:53.387803,2026-05-01 07:35:53.387803,149.70408630371094
2026-05-01 07:35:53.587310,2026-05-01 07:35:53.587310,149.74847412109375
2026-05-01 07:35:53.789281,2026-05-01 07:35:53.789281,139.0635528564453
2026-05-01 07:35:53.988646,2026-05-01 07:35:53.988646,129.9813690185547
2026-05-01 07:35:54.188042,2026-05-01 07:35:54.188042,122.26150512695312
2026-05-01 07:35:54.387459,2026-05-01 07:35:54.387459,115.69962310791016
2026-05-01 07:35:54.587892,2026-05-01 07:35:54.587892,110.1220245361328
2026-05-01 07:35:54.787554,2026-05-01 07:35:54.787554,105.3810577392578
2026-05-01 07:35:54.987437,2026-05-01 07:35:54.987437,101.35124969482422
2026-05-01 07:35:55.187460,2026-05-01 07:35:55.187460,97.9259033203125
2026-05-01 07:35:55.387415,2026-05-01 07:35:55.387415,95.0143585205078
2026-05-01 07:35:55.587349,2026-05-01 07:35:55.587349,92.53955078125
2026-05-01 07:35:55.788118,2026-05-01 07:35:55.788118,90.43595886230467
2026-05-01 07:35:55.987370,2026-05-01 07:35:55.987370,88.64791107177734
2026-05-01 07:35:56.187608,2026-05-01 07:35:56.187608,87.12806701660156
2026-05-01 07:35:56.387921,2026-05-01 07:35:56.387921,85.8362045288086
2026-05-01 07:35:56.588420,2026-05-01 07:35:56.588420,84.56233215332031
2026-05-01 07:35:56.790130,2026-05-01 07:35:56.790130,83.47954559326172
2026-05-01 07:35:56.987867,2026-05-01 07:35:56.987867,82.55917358398438
2026-05-01 07:35:57.190017,2026-05-01 07:35:57.190017,81.77686309814453
2026-05-01 07:35:57.388378,2026-05-01 07:35:57.388378,81.11189270019531
2026-05-01 07:35:57.589352,2026-05-01 07:35:57.589352,80.54667663574219
2026-05-01 07:35:57.788731,2026-05-01 07:35:57.788731,80.06623840332031
2026-05-01 07:35:57.987499,2026-05-01 07:35:57.987499,79.6578598022461
2026-05-01 07:35:58.187598,2026-05-01 07:35:58.187598,79.13496398925781
2026-05-01 07:35:58.389055,2026-05-01 07:35:58.389055,78.69049835205078
2026-05-01 07:35:58.587833,2026-05-01 07:35:58.587833,78.31270599365234
2026-05-01 07:35:58.788773,2026-05-01 07:35:58.788773,77.99158477783203
2026-05-01 07:35:58.988469,2026-05-01 07:35:58.988469,77.7186279296875
2026-05-01 07:35:59.188009,2026-05-01 07:35:59.188009,77.48661041259766
2026-05-01 07:35:59.388306,2026-05-01 07:35:59.388306,77.2894058227539
2026-05-01 07:35:59.587633,2026-05-01 07:35:59.587633,77.12177276611328
2026-05-01 07:35:59.788247,2026-05-01 07:35:59.788247,76.80350494384766
2026-05-01 07:35:59.987608,2026-05-01 07:35:59.987608,76.5329818725586
2026-05-01 07:36:00.187377,2026-05-01 07:36:00.187377,76.30303192138672
2026-05-01 07:36:00.390576,2026-05-01 07:36:00.390576,76.10758209228516
2026-05-01 07:36:00.587796,2026-05-01 07:36:00.587796,75.94144439697266
2026-05-01 07:36:00.789790,2026-05-01 07:36:00.789790,75.80022430419922
2026-05-01 07:36:00.989858,2026-05-01 07:36:00.989858,75.68019104003906
2026-05-01 07:36:01.189715,2026-05-01 07:36:01.189715,75.57816314697266
2026-05-01 07:36:01.388894,2026-05-01 07:36:01.388894,75.31565856933594
2026-05-01 07:36:01.591734,2026-05-01 07:36:01.591734,75.092529296875
2026-05-01 07:36:01.789573,2026-05-01 07:36:01.789573,74.90287017822266
2026-05-01 07:36:01.988055,2026-05-01 07:36:01.988055,74.74165344238281
2026-05-01 07:36:02.188093,2026-05-01 07:36:02.188093,74.60462951660156
2026-05-01 07:36:02.388204,2026-05-01 07:36:02.388204,74.48815155029297
2026-05-01 07:36:02.587443,2026-05-01 07:36:02.587443,74.38914489746094
2026-05-01 07:36:02.790659,2026-05-01 07:36:02.790659,74.12921142578125
2026-05-01 07:36:02.988430,2026-05-01 07:36:02.988430,73.90827178955078
2026-05-01 07:36:03.187542,2026-05-01 07:36:03.187542,73.72046661376953
2026-05-01 07:36:03.389253,2026-05-01 07:36:03.389253,73.56083679199219
2026-05-01 07:36:03.588981,2026-05-01 07:36:03.588981,73.4251480102539
2026-05-01 07:36:03.787333,2026-05-01 07:36:03.787333,73.309814453125
2026-05-01 07:36:03.987439,2026-05-01 07:36:03.987439,73.03599548339844
2026-05-01 07:36:04.189724,2026-05-01 07:36:04.189724,72.80325317382812
2026-05-01 07:36:04.387916,2026-05-01 07:36:04.387916,72.60542297363281
2026-05-01 07:36:04.588548,2026-05-01 07:36:04.588548,72.43726348876953
2026-05-01 07:36:04.788728,2026-05-01 07:36:04.788728,76.3373031616211
2026-05-01 07:36:04.988273,2026-05-01 07:36:04.988273,79.65232849121094
2026-05-01 07:36:05.188997,2026-05-01 07:36:05.188997,82.47010803222656
2026-05-01 07:36:05.388256,2026-05-01 07:36:05.388256,84.8652114868164
2026-05-01 07:36:05.588115,2026-05-01 07:36:05.588115,86.90105438232422
2026-05-01 07:36:05.787400,2026-05-01 07:36:05.787400,88.63152313232422
2026-05-01 07:36:05.988148,2026-05-01 07:36:05.988148,90.1024169921875
2026-05-01 07:36:06.188760,2026-05-01 07:36:06.188760,91.3526840209961
2026-05-01 07:36:06.387584,2026-05-01 07:36:06.387584,92.4154052734375
2026-05-01 07:36:06.587944,2026-05-01 07:36:06.587944,93.31871795654295
2026-05-01 07:36:06.788080,2026-05-01 07:36:06.788080,94.08653259277344
2026-05-01 07:36:06.987872,2026-05-01 07:36:06.987872,94.73918151855467
2026-05-01 07:36:07.187719,2026-05-01 07:36:07.187719,95.29393005371094
2026-05-01 07:36:07.389763,2026-05-01 07:36:07.389763,95.76546478271484
2026-05-01 07:36:07.587987,2026-05-01 07:36:07.587987,96.16626739501952
2026-05-01 07:36:07.788192,2026-05-01 07:36:07.788192,96.5069580078125
2026-05-01 07:36:07.988044,2026-05-01 07:36:07.988044,96.79653930664062
2026-05-01 07:36:08.187654,2026-05-01 07:36:08.187654,97.0426788330078
2026-05-01 07:36:21.287537,2026-05-01 07:36:21.287537,97.2519073486328
2026-05-01 07:36:21.488094,2026-05-01 07:36:21.488094,97.42974090576172
2026-05-01 07:36:21.687426,2026-05-01 07:36:21.687426,97.5809097290039
2026-05-01 07:36:21.889000,2026-05-01 07:36:21.889000,97.70939636230467
2026-05-01 07:36:22.088727,2026-05-01 07:36:22.088727,97.81861114501952
2026-05-01 07:36:22.291131,2026-05-01 07:36:22.291131,97.91144561767578
2026-05-01 07:36:22.489759,2026-05-01 07:36:22.489759,97.9903564453125
2026-05-01 07:36:22.688625,2026-05-01 07:36:22.688625,98.05742645263672
2026-05-01 07:36:22.888614,2026-05-01 07:36:22.888614,98.11443328857422
2026-05-01 07:36:23.090619,2026-05-01 07:36:23.090619,98.16289520263672
2026-05-01 07:36:23.288104,2026-05-01 07:36:23.288104,98.20408630371094
2026-05-01 07:36:23.493451,2026-05-01 07:36:23.493451,98.23909759521484
2026-05-01 07:36:23.689357,2026-05-01 07:36:23.689357,98.09307861328124
2026-05-01 07:36:23.887738,2026-05-01 07:36:23.887738,97.96895599365234
2026-05-01 07:36:24.088081,2026-05-01 07:36:24.088081,97.86345672607422
2026-05-01 07:36:24.289033,2026-05-01 07:36:24.289033,97.7737808227539
2026-05-01 07:36:24.489486,2026-05-01 07:36:24.489486,97.69756317138672
2026-05-01 07:36:24.690491,2026-05-01 07:36:24.690491,97.6327667236328
2026-05-01 07:36:24.887461,2026-05-01 07:36:24.887461,97.57769775390624
2026-05-01 07:36:25.087434,2026-05-01 07:36:25.087434,97.5308837890625
2026-05-01 07:36:25.290001,2026-05-01 07:36:25.290001,97.49109649658205
2026-05-01 07:36:25.487676,2026-05-01 07:36:25.487676,97.457275390625
2026-05-01 07:36:25.689481,2026-05-01 07:36:25.689481,97.42852783203124
2026-05-01 07:36:25.887479,2026-05-01 07:36:25.887479,97.40409088134766
2026-05-01 07:36:26.098478,2026-05-01 07:36:26.098478,97.3833236694336
2026-05-01 07:36:26.287884,2026-05-01 07:36:26.287884,97.36566925048828
2026-05-01 07:36:26.489378,2026-05-01 07:36:26.489378,97.17488098144533
2026-05-01 07:36:26.687436,2026-05-01 07:36:26.687436,97.01271057128906
2026-05-01 07:36:26.887895,2026-05-01 07:36:26.887895,96.87487030029295
2026-05-01 07:36:27.087356,2026-05-01 07:36:27.087356,96.75769805908205
2026-05-01 07:36:27.288061,2026-05-01 07:36:27.288061,96.6581039428711
2026-05-01 07:36:27.488925,2026-05-01 07:36:27.488925,96.57345581054688
2026-05-01 07:36:27.689057,2026-05-01 07:36:27.689057,96.50149536132812
2026-05-01 07:36:27.887791,2026-05-01 07:36:27.887791,96.44033813476562
2026-05-01 07:36:28.088126,2026-05-01 07:36:28.088126,96.38835144042967
2026-05-01 07:36:28.287541,2026-05-01 07:36:28.287541,96.34416198730467
2026-05-01 07:36:28.488086,2026-05-01 07:36:28.488086,96.3065948486328
2026-05-01 07:36:28.689269,2026-05-01 07:36:28.689269,96.27467346191406
2026-05-01 07:36:28.887479,2026-05-01 07:36:28.887479,96.2475357055664
2026-05-01 07:36:29.087389,2026-05-01 07:36:29.087389,96.2244644165039
2026-05-01 07:36:29.287313,2026-05-01 07:36:29.287313,96.2048568725586
2026-05-01 07:36:29.488663,2026-05-01 07:36:29.488663,96.18819427490234
2026-05-01 07:36:29.688179,2026-05-01 07:36:29.688179,96.1740264892578
2026-05-01 07:36:29.890537,2026-05-01 07:36:29.890537,96.1619873046875
2026-05-01 07:36:30.089056,2026-05-01 07:36:30.089056,96.15174865722656
2026-05-01 07:36:30.287842,2026-05-01 07:36:30.287842,96.14305114746094
2026-05-01 07:36:30.488909,2026-05-01 07:36:30.488909,96.13565063476562
2026-05-01 07:36:30.687828,2026-05-01 07:36:30.687828,96.1293716430664
2026-05-01 07:36:30.888833,2026-05-01 07:36:30.888833,95.9482421875
2026-05-01 07:36:31.088674,2026-05-01 07:36:31.088674,95.7942886352539
2026-05-01 07:36:31.287782,2026-05-01 07:36:31.287782,95.6634292602539
2026-05-01 07:36:31.487382,2026-05-01 07:36:31.487382,95.55219268798828
2026-05-01 07:36:31.698512,2026-05-01 07:36:31.698512,95.45764923095705
2026-05-01 07:36:31.887430,2026-05-01 07:36:31.887430,95.37728118896484
2026-05-01 07:36:32.097849,2026-05-01 07:36:32.097849,95.30896759033205
2026-05-01 07:36:32.297744,2026-05-01 07:36:32.297744,95.25090789794922
2026-05-01 07:36:32.499720,2026-05-01 07:36:32.499720,95.20155334472656
2026-05-01 07:36:32.691654,2026-05-01 07:36:32.691654,95.15959930419922
2026-05-01 07:36:32.888820,2026-05-01 07:36:32.888820,95.12393951416016
2026-05-01 07:36:33.087816,2026-05-01 07:36:33.087816,95.0936279296875
2026-05-01 07:36:33.287478,2026-05-01 07:36:33.287478,95.06787109375
2026-05-01 07:36:33.497928,2026-05-01 07:36:33.497928,95.04596710205078
2026-05-01 07:36:33.687527,2026-05-01 07:36:33.687527,95.02735137939452
2026-05-01 07:36:33.889530,2026-05-01 07:36:33.889530,95.01153564453124
2026-05-01 07:36:34.087996,2026-05-01 07:36:34.087996,94.99808502197266
2026-05-01 07:36:34.288168,2026-05-01 07:36:34.288168,94.98665618896484
2026-05-01 07:36:34.487832,2026-05-01 07:36:34.487832,94.97693634033205
2026-05-01 07:36:34.687408,2026-05-01 07:36:34.687408,94.96867370605467
2026-05-01 07:36:34.900126,2026-05-01 07:36:34.900126,94.96165466308594
2026-05-01 07:36:35.100668,2026-05-01 07:36:35.100668,94.9556884765625
2026-05-01 07:36:35.298898,2026-05-01 07:36:35.298898,94.95061492919922
2026-05-01 07:36:35.487624,2026-05-01 07:36:35.487624,94.94630432128906
2026-05-01 07:36:35.697616,2026-05-01 07:36:35.697616,94.06373596191406
2026-05-01 07:36:35.898585,2026-05-01 07:36:35.898585,93.31355285644533
2026-05-01 07:36:36.101547,2026-05-01 07:36:36.101547,92.50011444091795
2026-05-01 07:36:36.290161,2026-05-01 07:36:36.290161,91.80868530273438
2026-05-01 07:36:36.487503,2026-05-01 07:36:36.487503,91.22097778320312
2026-05-01 07:36:36.688611,2026-05-01 07:36:36.688611,90.72142791748048
2026-05-01 07:36:36.889290,2026-05-01 07:36:36.889290,90.29680633544922
2026-05-01 07:36:37.097862,2026-05-01 07:36:37.097862,89.93587493896484
2026-05-01 07:36:37.288747,2026-05-01 07:36:37.288747,89.62908935546875
2026-05-01 07:36:37.487402,2026-05-01 07:36:37.487402,89.36832427978516
2026-05-01 07:36:37.688293,2026-05-01 07:36:37.688293,89.14666748046875
2026-05-01 07:36:37.887417,2026-05-01 07:36:37.887417,88.95825958251953
2026-05-01 07:36:38.089444,2026-05-01 07:36:38.089444,88.7981185913086
2026-05-01 07:36:38.299589,2026-05-01 07:36:38.299589,88.66199493408203
2026-05-01 07:36:38.497466,2026-05-01 07:36:38.497466,88.5462875366211
2026-05-01 07:36:38.697502,2026-05-01 07:36:38.697502,88.44793701171875
2026-05-01 07:36:38.899338,2026-05-01 07:36:38.899338,88.18856048583984
2026-05-01 07:36:39.099353,2026-05-01 07:36:39.099353,87.96808624267578
2026-05-01 07:36:39.289410,2026-05-01 07:36:39.289410,87.78068542480469
2026-05-01 07:36:39.489780,2026-05-01 07:36:39.489780,87.62139892578125
2026-05-01 07:36:39.687551,2026-05-01 07:36:39.687551,87.48600006103516
2026-05-01 07:36:39.889563,2026-05-01 07:36:39.889563,87.37091064453125
2026-05-01 07:36:40.088641,2026-05-01 07:36:40.088641,87.27308654785156
2026-05-01 07:36:40.288104,2026-05-01 07:36:40.288104,87.18993377685547
2026-05-01 07:36:40.487424,2026-05-01 07:36:40.487424,87.1192626953125
2026-05-01 07:36:40.687927,2026-05-01 07:36:40.687927,87.0591812133789
2026-05-01 07:36:40.888510,2026-05-01 07:36:40.888510,87.00811767578125
2026-05-01 07:36:41.098058,2026-05-01 07:36:41.098058,86.96471405029297
2026-05-01 07:36:41.290926,2026-05-01 07:36:41.290926,86.92781829833984
2026-05-01 07:36:41.487440,2026-05-01 07:36:41.487440,89.0058364868164
2026-05-01 07:36:41.697619,2026-05-01 07:36:41.697619,90.77214813232422
2026-05-01 07:36:41.890309,2026-05-01 07:36:41.890309,92.27351379394533
2026-05-01 07:36:42.089529,2026-05-01 07:36:42.089529,93.54967498779295
2026-05-01 07:36:42.290354,2026-05-01 07:36:42.290354,94.81018829345705
2026-05-01 07:36:42.487507,2026-05-01 07:36:42.487507,95.88162994384766
2026-05-01 07:36:42.687763,2026-05-01 07:36:42.687763,96.79235076904295
2026-05-01 07:36:42.888120,2026-05-01 07:36:42.888120,97.56646728515624
2026-05-01 07:36:43.098425,2026-05-01 07:36:43.098425,98.22447204589844
2026-05-01 07:36:43.297945,2026-05-01 07:36:43.297945,98.95954895019533
2026-05-01 07:36:43.497421,2026-05-01 07:36:43.497421,99.58436584472656
2026-05-01 07:36:43.690347,2026-05-01 07:36:43.690347,100.11546325683594
2026-05-01 07:36:43.889251,2026-05-01 07:36:43.889251,100.74267578125
2026-05-01 07:36:44.087918,2026-05-01 07:36:44.087918,101.27580261230467
2026-05-01 07:36:44.287722,2026-05-01 07:36:44.287722,101.72896575927734
2026-05-01 07:36:44.488806,2026-05-01 07:36:44.488806,102.11415100097656
2026-05-01 07:36:44.697448,2026-05-01 07:36:44.697448,102.61734008789062
2026-05-01 07:36:44.887664,2026-05-01 07:36:44.887664,103.04505157470705
2026-05-01 07:36:45.087717,2026-05-01 07:36:45.087717,103.40860748291016
2026-05-01 07:36:45.288235,2026-05-01 07:36:45.288235,103.7176284790039
2026-05-01 07:36:45.499314,2026-05-01 07:36:45.499314,103.98029327392578
2026-05-01 07:36:45.687553,2026-05-01 07:36:45.687553,104.3793487548828
2026-05-01 07:36:45.887900,2026-05-01 07:36:45.887900,104.71853637695312
2026-05-01 07:36:46.087955,2026-05-01 07:36:46.087955,105.00685119628906
2026-05-01 07:36:46.289222,2026-05-01 07:36:46.289222,105.25191497802734
2026-05-01 07:36:46.500840,2026-05-01 07:36:46.500840,105.46022033691406
2026-05-01 07:36:59.597830,2026-05-01 07:36:59.597830,105.63728332519533
2026-05-01 07:36:59.797755,2026-05-01 07:36:59.797755,105.78778839111328
2026-05-01 07:37:00.004548,2026-05-01 07:37:00.004548,105.91571044921876
2026-05-01 07:37:00.187401,2026-05-01 07:37:00.187401,106.02444458007812
2026-05-01 07:37:00.388443,2026-05-01 07:37:00.388443,106.11687469482422
2026-05-01 07:37:00.598402,2026-05-01 07:37:00.598402,106.1954345703125
2026-05-01 07:37:00.797510,2026-05-01 07:37:00.797510,106.26221466064452
2026-05-01 07:37:00.997592,2026-05-01 07:37:00.997592,106.31897735595705
2026-05-01 07:37:01.198387,2026-05-01 07:37:01.198387,106.36722564697266
2026-05-01 07:37:01.397511,2026-05-01 07:37:01.397511,106.40823364257812
2026-05-01 07:37:01.589562,2026-05-01 07:37:01.589562,106.4430923461914
2026-05-01 07:37:01.797598,2026-05-01 07:37:01.797598,106.47272491455078
2026-05-01 07:37:01.997563,2026-05-01 07:37:01.997563,106.49790954589844
2026-05-01 07:37:02.197556,2026-05-01 07:37:02.197556,106.51931762695312
2026-05-01 07:37:02.398725,2026-05-01 07:37:02.398725,106.53751373291016
2026-05-01 07:37:02.597874,2026-05-01 07:37:02.597874,106.552978515625
2026-05-01 07:37:02.788314,2026-05-01 07:37:02.788314,106.56612396240234
2026-05-01 07:37:02.997633,2026-05-01 07:37:02.997633,106.57730102539062
2026-05-01 07:37:03.197879,2026-05-01 07:37:03.197879,106.58679962158205
2026-05-01 07:37:03.400440,2026-05-01 07:37:03.400440,106.5948715209961
2026-05-01 07:37:03.597818,2026-05-01 07:37:03.597818,106.60173797607422
2026-05-01 07:37:03.797564,2026-05-01 07:37:03.797564,106.6075668334961
2026-05-01 07:37:03.997626,2026-05-01 07:37:03.997626,106.6125259399414
2026-05-01 07:37:04.197754,2026-05-01 07:37:04.197754,106.6167449951172
2026-05-01 07:37:04.397405,2026-05-01 07:37:04.397405,106.62032318115234
2026-05-01 07:37:04.597893,2026-05-01 07:37:04.597893,106.62336730957033
2026-05-01 07:37:04.798013,2026-05-01 07:37:04.798013,106.62596130371094
2026-05-01 07:37:04.997761,2026-05-01 07:37:04.997761,106.62815856933594
2026-05-01 07:37:05.198461,2026-05-01 07:37:05.198461,106.6300277709961
2026-05-01 07:37:05.397527,2026-05-01 07:37:05.397527,106.6316146850586
2026-05-01 07:37:05.597609,2026-05-01 07:37:05.597609,106.63296508789062
2026-05-01 07:37:05.797456,2026-05-01 07:37:05.797456,106.63411712646484
2026-05-01 07:37:05.997414,2026-05-01 07:37:05.997414,106.63509368896484
2026-05-01 07:37:06.197407,2026-05-01 07:37:06.197407,106.63592529296876
2026-05-01 07:37:06.398467,2026-05-01 07:37:06.398467,106.63662719726562
2026-05-01 07:37:06.599210,2026-05-01 07:37:06.599210,106.6372299194336
2026-05-01 07:37:06.797551,2026-05-01 07:37:06.797551,106.6377410888672
2026-05-01 07:37:06.997442,2026-05-01 07:37:06.997442,106.63816833496094
2026-05-01 07:37:07.198413,2026-05-01 07:37:07.198413,106.63854217529295
2026-05-01 07:37:07.397724,2026-05-01 07:37:07.397724,106.63885498046876
2026-05-01 07:37:07.598964,2026-05-01 07:37:07.598964,106.6391143798828
2026-05-01 07:37:07.797475,2026-05-01 07:37:07.797475,106.46356201171876
2026-05-01 07:37:07.997911,2026-05-01 07:37:07.997911,106.31433868408205
2026-05-01 07:37:08.188552,2026-05-01 07:37:08.188552,106.1875
2026-05-01 07:37:08.387428,2026-05-01 07:37:08.387428,106.0796890258789
2026-05-01 07:37:08.588526,2026-05-01 07:37:08.588526,105.81226348876952
2026-05-01 07:37:08.797787,2026-05-01 07:37:08.797787,105.5849609375
2026-05-01 07:37:08.997802,2026-05-01 07:37:08.997802,105.3917465209961
2026-05-01 07:37:09.188040,2026-05-01 07:37:09.188040,105.2275161743164
2026-05-01 07:37:09.397909,2026-05-01 07:37:09.397909,105.08792114257812
2026-05-01 07:37:09.597924,2026-05-01 07:37:09.597924,104.9692611694336
2026-05-01 07:37:09.798364,2026-05-01 07:37:09.798364,104.868408203125
2026-05-01 07:37:09.997381,2026-05-01 07:37:09.997381,104.60689544677734
2026-05-01 07:37:10.197961,2026-05-01 07:37:10.197961,104.38461303710938
2026-05-01 07:37:10.397360,2026-05-01 07:37:10.397360,104.19567108154295
2026-05-01 07:37:10.597496,2026-05-01 07:37:10.597496,104.03506469726562
2026-05-01 07:37:10.800535,2026-05-01 07:37:10.800535,103.8985595703125
2026-05-01 07:37:10.997878,2026-05-01 07:37:10.997878,103.78252410888672
2026-05-01 07:37:11.200472,2026-05-01 07:37:11.200472,103.68389892578124
2026-05-01 07:37:11.399676,2026-05-01 07:37:11.399676,103.60005950927734
2026-05-01 07:37:11.598384,2026-05-01 07:37:11.598384,103.52880096435548
2026-05-01 07:37:11.798123,2026-05-01 07:37:11.798123,103.46823120117188
2026-05-01 07:37:11.997563,2026-05-01 07:37:11.997563,103.416748046875
2026-05-01 07:37:12.200198,2026-05-01 07:37:12.200198,103.37298583984376
2026-05-01 07:37:12.398479,2026-05-01 07:37:12.398479,105.79672241210938
2026-05-01 07:37:12.598062,2026-05-01 07:37:12.598062,107.85690307617188
2026-05-01 07:37:12.790440,2026-05-01 07:37:12.790440,109.6080551147461
2026-05-01 07:37:12.997857,2026-05-01 07:37:12.997857,111.0965347290039
2026-05-01 07:37:13.198457,2026-05-01 07:37:13.198457,112.36174011230467
2026-05-01 07:37:13.398098,2026-05-01 07:37:13.398098,113.43717193603516
2026-05-01 07:37:13.598932,2026-05-01 07:37:13.598932,114.35128021240234
2026-05-01 07:37:13.799251,2026-05-01 07:37:13.799251,115.1282730102539
2026-05-01 07:37:13.997812,2026-05-01 07:37:13.997812,115.7887191772461
2026-05-01 07:37:14.198154,2026-05-01 07:37:14.198154,116.35009765625
2026-05-01 07:37:14.399681,2026-05-01 07:37:14.399681,116.8272705078125
2026-05-01 07:37:14.598840,2026-05-01 07:37:14.598840,117.23287200927734
2026-05-01 07:37:14.797983,2026-05-01 07:37:14.797983,117.57762908935548
2026-05-01 07:37:14.998121,2026-05-01 07:37:14.998121,117.87067413330078
2026-05-01 07:37:15.198424,2026-05-01 07:37:15.198424,118.29553985595705
2026-05-01 07:37:15.399034,2026-05-01 07:37:15.399034,118.65667724609376
2026-05-01 07:37:15.599476,2026-05-01 07:37:15.599476,118.9636459350586
2026-05-01 07:37:15.798708,2026-05-01 07:37:15.798708,119.2245635986328
2026-05-01 07:37:15.999555,2026-05-01 07:37:15.999555,119.44635009765624
2026-05-01 07:37:16.202442,2026-05-01 07:37:16.202442,119.6348648071289
2026-05-01 07:37:16.399328,2026-05-01 07:37:16.399328,119.79510498046876
2026-05-01 07:37:16.600378,2026-05-01 07:37:16.600378,119.93130493164062
2026-05-01 07:37:16.800771,2026-05-01 07:37:16.800771,120.04708099365234
2026-05-01 07:37:16.999385,2026-05-01 07:37:16.999385,120.1454849243164
2026-05-01 07:37:17.198308,2026-05-01 07:37:17.198308,120.22913360595705
2026-05-01 07:37:17.399274,2026-05-01 07:37:17.399274,120.30023193359376
2026-05-01 07:37:17.598774,2026-05-01 07:37:17.598774,112.62628936767578
2026-05-01 07:37:17.797410,2026-05-01 07:37:17.797410,106.27922058105467
2026-05-01 07:37:18.001361,2026-05-01 07:37:18.001361,100.88421630859376
2026-05-01 07:37:18.197438,2026-05-01 07:37:18.197438,96.29845428466795
2026-05-01 07:37:18.399360,2026-05-01 07:37:18.399360,92.40056610107422
2026-05-01 07:37:18.599242,2026-05-01 07:37:18.599242,89.08735656738281
2026-05-01 07:37:18.797367,2026-05-01 07:37:18.797367,86.27112579345703
2026-05-01 07:37:18.997786,2026-05-01 07:37:18.997786,83.87733459472656
2026-05-01 07:37:19.197746,2026-05-01 07:37:19.197746,81.66682434082031
2026-05-01 07:37:19.398297,2026-05-01 07:37:19.398297,79.96367645263672
2026-05-01 07:37:19.597934,2026-05-01 07:37:19.597934,78.51599884033203
2026-05-01 07:37:19.799428,2026-05-01 07:37:19.799428,79.21907043457031
2026-05-01 07:37:19.999502,2026-05-01 07:37:19.999502,79.81668090820312
2026-05-01 07:37:20.198205,2026-05-01 07:37:20.198205,80.32464599609375
2026-05-01 07:37:20.397685,2026-05-01 07:37:20.397685,80.75641632080078
2026-05-01 07:37:20.597413,2026-05-01 07:37:20.597413,81.12342071533203
2026-05-01 07:37:20.798058,2026-05-01 07:37:20.798058,81.43537902832031
2026-05-01 07:37:21.000221,2026-05-01 07:37:21.000221,81.7005386352539
2026-05-01 07:37:21.190023,2026-05-01 07:37:21.190023,81.9259262084961
2026-05-01 07:37:21.397349,2026-05-01 07:37:21.397349,82.11750793457031
2026-05-01 07:37:21.597316,2026-05-01 07:37:21.597316,82.28034973144531
2026-05-01 07:37:21.798045,2026-05-01 07:37:21.798045,82.41876983642578
2026-05-01 07:37:21.997443,2026-05-01 07:37:21.997443,82.71220397949219
2026-05-01 07:37:22.199803,2026-05-01 07:37:22.199803,82.96162414550781
2026-05-01 07:37:22.397289,2026-05-01 07:37:22.397289,83.17362976074219
2026-05-01 07:37:22.597739,2026-05-01 07:37:22.597739,83.35383605957031
2026-05-01 07:37:22.797328,2026-05-01 07:37:22.797328,83.50701141357422
2026-05-01 07:37:22.997488,2026-05-01 07:37:22.997488,83.63720703125
2026-05-01 07:37:23.203795,2026-05-01 07:37:23.203795,83.74787902832031
2026-05-01 07:37:23.397320,2026-05-01 07:37:23.397320,83.8419418334961
2026-05-01 07:37:23.598037,2026-05-01 07:37:23.598037,83.92190551757812
2026-05-01 07:37:23.797884,2026-05-01 07:37:23.797884,83.9898681640625
2026-05-01 07:37:23.997547,2026-05-01 07:37:23.997547,84.04763793945312
2026-05-01 07:37:24.198504,2026-05-01 07:37:24.198504,84.09674072265625
2026-05-01 07:37:24.391498,2026-05-01 07:37:24.391498,84.31426239013672
2026-05-01 07:37:24.597373,2026-05-01 07:37:24.597373,84.49915313720703
2026-05-01 07:37:24.789673,2026-05-01 07:37:24.789673,84.65631103515625
2026-05-01 07:37:37.898946,2026-05-01 07:37:37.898946,84.7898941040039
2026-05-01 07:37:38.099759,2026-05-01 07:37:38.099759,84.9034423828125
2026-05-01 07:37:38.298401,2026-05-01 07:37:38.298401,84.99995422363281
2026-05-01 07:37:38.498839,2026-05-01 07:37:38.498839,85.08199310302734
2026-05-01 07:37:38.697949,2026-05-01 07:37:38.697949,85.15172576904297
2026-05-01 07:37:38.898398,2026-05-01 07:37:38.898398,85.38677978515625
2026-05-01 07:37:39.098127,2026-05-01 07:37:39.098127,85.58657836914062
2026-05-01 07:37:39.297669,2026-05-01 07:37:39.297669,85.75640106201172
2026-05-01 07:37:39.498205,2026-05-01 07:37:39.498205,85.9007568359375
2026-05-01 07:37:39.698086,2026-05-01 07:37:39.698086,86.02345275878906
2026-05-01 07:37:39.898344,2026-05-01 07:37:39.898344,86.30352783203125
2026-05-01 07:37:40.098211,2026-05-01 07:37:40.098211,86.54159545898438
2026-05-01 07:37:40.297809,2026-05-01 07:37:40.297809,86.74394989013672
2026-05-01 07:37:40.497399,2026-05-01 07:37:40.497399,86.91594696044922
2026-05-01 07:37:40.697951,2026-05-01 07:37:40.697951,87.06214904785156
2026-05-01 07:37:40.898650,2026-05-01 07:37:40.898650,87.1864242553711
2026-05-01 07:37:41.097585,2026-05-01 07:37:41.097585,87.29205322265625
2026-05-01 07:37:41.297923,2026-05-01 07:37:41.297923,87.3818359375
2026-05-01 07:37:41.497962,2026-05-01 07:37:41.497962,87.4581527709961
2026-05-01 07:37:41.698809,2026-05-01 07:37:41.698809,87.52302551269531
2026-05-01 07:37:41.898170,2026-05-01 07:37:41.898170,87.75394439697266
2026-05-01 07:37:42.097573,2026-05-01 07:37:42.097573,87.95023345947266
2026-05-01 07:37:42.297778,2026-05-01 07:37:42.297778,88.11707305908203
2026-05-01 07:37:42.497354,2026-05-01 07:37:42.497354,88.2588882446289
2026-05-01 07:37:42.698300,2026-05-01 07:37:42.698300,88.37942504882812
2026-05-01 07:37:42.897948,2026-05-01 07:37:42.897948,88.48188781738281
2026-05-01 07:37:43.097755,2026-05-01 07:37:43.097755,88.56897735595703
2026-05-01 07:37:43.297925,2026-05-01 07:37:43.297925,88.64300537109375
2026-05-01 07:37:43.497736,2026-05-01 07:37:43.497736,88.7059326171875
2026-05-01 07:37:43.697754,2026-05-01 07:37:43.697754,88.75941467285156
2026-05-01 07:37:43.897435,2026-05-01 07:37:43.897435,88.80487823486328
2026-05-01 07:37:44.097891,2026-05-01 07:37:44.097891,88.84352111816406
2026-05-01 07:37:44.299129,2026-05-01 07:37:44.299129,88.8763656616211
2026-05-01 07:37:44.497829,2026-05-01 07:37:44.497829,88.90428924560547
2026-05-01 07:37:44.701004,2026-05-01 07:37:44.701004,88.92802429199219
2026-05-01 07:37:44.897560,2026-05-01 07:37:44.897560,88.94818878173828
2026-05-01 07:37:45.097390,2026-05-01 07:37:45.097390,88.96533966064453
2026-05-01 07:37:45.297403,2026-05-01 07:37:45.297403,88.97991180419922
2026-05-01 07:37:45.497500,2026-05-01 07:37:45.497500,88.99230194091797
2026-05-01 07:37:45.697882,2026-05-01 07:37:45.697882,89.0028305053711
2026-05-01 07:37:45.898320,2026-05-01 07:37:45.898320,89.01177978515625
2026-05-01 07:37:46.098857,2026-05-01 07:37:46.098857,89.0193862915039
2026-05-01 07:37:46.297582,2026-05-01 07:37:46.297582,89.0258560180664
2026-05-01 07:37:46.498002,2026-05-01 07:37:46.498002,89.0313491821289
2026-05-01 07:37:46.697361,2026-05-01 07:37:46.697361,89.03602600097656
2026-05-01 07:37:46.897851,2026-05-01 07:37:46.897851,89.03999328613281
2026-05-01 07:37:47.097547,2026-05-01 07:37:47.097547,89.04337310791016
2026-05-01 07:37:47.298708,2026-05-01 07:37:47.298708,89.0462417602539
2026-05-01 07:37:47.498038,2026-05-01 07:37:47.498038,89.0486831665039
2026-05-01 07:37:47.697351,2026-05-01 07:37:47.697351,89.05075073242188
2026-05-01 07:37:47.897814,2026-05-01 07:37:47.897814,89.2282943725586
2026-05-01 07:37:48.097657,2026-05-01 07:37:48.097657,89.37921142578125
2026-05-01 07:37:48.297317,2026-05-01 07:37:48.297317,89.50748443603516
2026-05-01 07:37:48.497476,2026-05-01 07:37:48.497476,89.61651611328125
2026-05-01 07:37:48.698204,2026-05-01 07:37:48.698204,89.70919799804688
2026-05-01 07:37:48.898541,2026-05-01 07:37:48.898541,89.78797149658203
2026-05-01 07:37:49.097562,2026-05-01 07:37:49.097562,89.85493469238281
2026-05-01 07:37:49.297339,2026-05-01 07:37:49.297339,89.91184997558594
2026-05-01 07:37:49.497418,2026-05-01 07:37:49.497418,89.9602279663086
2026-05-01 07:37:49.697501,2026-05-01 07:37:49.697501,90.00135040283203
2026-05-01 07:37:49.897357,2026-05-01 07:37:49.897357,90.03630065917969
2026-05-01 07:37:50.097986,2026-05-01 07:37:50.097986,90.0660171508789
2026-05-01 07:37:50.297825,2026-05-01 07:37:50.297825,90.09127044677734
2026-05-01 07:37:50.497736,2026-05-01 07:37:50.497736,90.11273193359376
2026-05-01 07:37:50.697825,2026-05-01 07:37:50.697825,92.0645751953125
2026-05-01 07:37:50.897512,2026-05-01 07:37:50.897512,93.72364044189452
2026-05-01 07:37:51.097845,2026-05-01 07:37:51.097845,95.13384246826172
2026-05-01 07:37:51.300088,2026-05-01 07:37:51.300088,96.33251953125
2026-05-01 07:37:51.498320,2026-05-01 07:37:51.498320,97.35138702392578
2026-05-01 07:37:51.699423,2026-05-01 07:37:51.699423,90.8346176147461
2026-05-01 07:37:51.898133,2026-05-01 07:37:51.898133,85.47114562988281
2026-05-01 07:37:52.097904,2026-05-01 07:37:52.097904,80.91219329833984
2026-05-01 07:37:52.297664,2026-05-01 07:37:52.297664,77.03707885742188
2026-05-01 07:37:52.497860,2026-05-01 07:37:52.497860,73.74324035644531
2026-05-01 07:37:52.697953,2026-05-01 07:37:52.697953,70.94347381591797
2026-05-01 07:37:52.898476,2026-05-01 07:37:52.898476,72.25507354736328
2026-05-01 07:37:53.098554,2026-05-01 07:37:53.098554,73.36994171142578
2026-05-01 07:37:53.300008,2026-05-01 07:37:53.300008,74.31757354736328
2026-05-01 07:37:53.497890,2026-05-01 07:37:53.497890,75.12306213378906
2026-05-01 07:37:53.698402,2026-05-01 07:37:53.698402,75.80772399902344
2026-05-01 07:37:53.898164,2026-05-01 07:37:53.898164,76.38969421386719
2026-05-01 07:37:54.099054,2026-05-01 07:37:54.099054,76.88436126708984
2026-05-01 07:37:54.299021,2026-05-01 07:37:54.299021,77.3048324584961
2026-05-01 07:37:54.497846,2026-05-01 07:37:54.497846,77.6622314453125
2026-05-01 07:37:54.701487,2026-05-01 07:37:54.701487,77.96602630615234
2026-05-01 07:37:54.898249,2026-05-01 07:37:54.898249,78.2242431640625
2026-05-01 07:37:55.098723,2026-05-01 07:37:55.098723,78.44373321533203
2026-05-01 07:37:55.299514,2026-05-01 07:37:55.299514,78.63030242919922
2026-05-01 07:37:55.499808,2026-05-01 07:37:55.499808,78.78887939453125
2026-05-01 07:37:55.699351,2026-05-01 07:37:55.699351,78.92367553710938
2026-05-01 07:37:55.897595,2026-05-01 07:37:55.897595,79.03824615478516
2026-05-01 07:37:56.099220,2026-05-01 07:37:56.099220,79.13563537597656
2026-05-01 07:37:56.300405,2026-05-01 07:37:56.300405,79.21841430664062
2026-05-01 07:37:56.498150,2026-05-01 07:37:56.498150,79.28878021240234
2026-05-01 07:37:56.698143,2026-05-01 07:37:56.698143,79.34858703613281
2026-05-01 07:37:56.900153,2026-05-01 07:37:56.900153,79.39942169189453
2026-05-01 07:37:57.099477,2026-05-01 07:37:57.099477,79.44263458251953
2026-05-01 07:37:57.298455,2026-05-01 07:37:57.298455,79.47936248779297
2026-05-01 07:37:57.501473,2026-05-01 07:37:57.501473,79.51058197021484
2026-05-01 07:37:57.698907,2026-05-01 07:37:57.698907,79.53712463378906
2026-05-01 07:37:57.898254,2026-05-01 07:37:57.898254,79.55967712402344
2026-05-01 07:37:58.099714,2026-05-01 07:37:58.099714,79.57884979248047
2026-05-01 07:37:58.297980,2026-05-01 07:37:58.297980,79.59514617919922
2026-05-01 07:37:58.498026,2026-05-01 07:37:58.498026,79.78478240966797
2026-05-01 07:37:58.697813,2026-05-01 07:37:58.697813,79.94596862792969
2026-05-01 07:37:58.899072,2026-05-01 07:37:58.899072,80.0829849243164
2026-05-01 07:37:59.098093,2026-05-01 07:37:59.098093,80.1994400024414
2026-05-01 07:37:59.297438,2026-05-01 07:37:59.297438,80.29843139648438
2026-05-01 07:37:59.498404,2026-05-01 07:37:59.498404,80.38257598876953
2026-05-01 07:37:59.697686,2026-05-01 07:37:59.697686,80.45409393310547
2026-05-01 07:37:59.897478,2026-05-01 07:37:59.897478,80.51488494873047
2026-05-01 07:38:00.101759,2026-05-01 07:38:00.101759,80.56655883789062
2026-05-01 07:38:00.297379,2026-05-01 07:38:00.297379,80.78626251220703
2026-05-01 07:38:00.497733,2026-05-01 07:38:00.497733,80.97300720214844
2026-05-01 07:38:00.698056,2026-05-01 07:38:00.698056,81.13174438476562
2026-05-01 07:38:00.899456,2026-05-01 07:38:00.899456,81.26667022705078
2026-05-01 07:38:01.097741,2026-05-01 07:38:01.097741,81.38135528564453
2026-05-01 07:38:01.291508,2026-05-01 07:38:01.291508,81.47884368896484
2026-05-01 07:38:01.499135,2026-05-01 07:38:01.499135,81.56170654296875
2026-05-01 07:38:01.698382,2026-05-01 07:38:01.698382,81.63213348388672
2026-05-01 07:38:01.899235,2026-05-01 07:38:01.899235,81.69200134277344
2026-05-01 07:38:02.098173,2026-05-01 07:38:02.098173,81.74288940429688
2026-05-01 07:38:02.297836,2026-05-01 07:38:02.297836,81.78614044189453
2026-05-01 07:38:02.497426,2026-05-01 07:38:02.497426,81.82290649414062
2026-05-01 07:38:02.697811,2026-05-01 07:38:02.697811,81.85416412353516
2026-05-01 07:38:02.897341,2026-05-01 07:38:02.897341,81.88072204589844
2026-05-01 07:38:03.097913,2026-05-01 07:38:03.097913,81.90330505371094
2026-05-01 07:38:16.198768,2026-05-01 07:38:16.198768,82.09827423095703
2026-05-01 07:38:16.399052,2026-05-01 07:38:16.399052,82.26399993896484
2026-05-01 07:38:16.598129,2026-05-01 07:38:16.598129,82.40486907958984
2026-05-01 07:38:16.799531,2026-05-01 07:38:16.799531,82.52461242675781
2026-05-01 07:38:17.001440,2026-05-01 07:38:17.001440,82.62638854980469
2026-05-01 07:38:17.198554,2026-05-01 07:38:17.198554,82.71289825439453
2026-05-01 07:38:17.399228,2026-05-01 07:38:17.399228,82.78643035888672
2026-05-01 07:38:17.599545,2026-05-01 07:38:17.599545,82.84893798828125
2026-05-01 07:38:17.799161,2026-05-01 07:38:17.799161,82.90206146240234
2026-05-01 07:38:17.999065,2026-05-01 07:38:17.999065,83.12300109863281
2026-05-01 07:38:18.199474,2026-05-01 07:38:18.199474,83.31080627441406
2026-05-01 07:38:18.399132,2026-05-01 07:38:18.399132,83.4704360961914
2026-05-01 07:38:18.598763,2026-05-01 07:38:18.598763,90.28580474853516
2026-05-01 07:38:18.797719,2026-05-01 07:38:18.797719,96.07887268066406
2026-05-01 07:38:18.997404,2026-05-01 07:38:18.997404,101.0029754638672
2026-05-01 07:38:19.197678,2026-05-01 07:38:19.197678,105.18846893310548
2026-05-01 07:38:19.399381,2026-05-01 07:38:19.399381,108.7461395263672
2026-05-01 07:38:19.597418,2026-05-01 07:38:19.597418,111.77015686035156
2026-05-01 07:38:19.799055,2026-05-01 07:38:19.799055,112.23119354248048
2026-05-01 07:38:19.997594,2026-05-01 07:38:19.997594,112.62307739257812
2026-05-01 07:38:20.197935,2026-05-01 07:38:20.197935,112.9561767578125
2026-05-01 07:38:20.397924,2026-05-01 07:38:20.397924,113.23931121826172
2026-05-01 07:38:20.598364,2026-05-01 07:38:20.598364,113.47998046875
2026-05-01 07:38:20.798207,2026-05-01 07:38:20.798207,113.6845474243164
2026-05-01 07:38:20.997379,2026-05-01 07:38:20.997379,113.85842895507812
2026-05-01 07:38:21.197400,2026-05-01 07:38:21.197400,114.0062255859375
2026-05-01 07:38:21.399442,2026-05-01 07:38:21.399442,114.13185119628906
2026-05-01 07:38:21.597413,2026-05-01 07:38:21.597413,114.23863983154295
2026-05-01 07:38:21.798235,2026-05-01 07:38:21.798235,114.32940673828124
2026-05-01 07:38:21.999458,2026-05-01 07:38:21.999458,114.40655517578124
2026-05-01 07:38:22.198241,2026-05-01 07:38:22.198241,114.47213745117188
2026-05-01 07:38:22.403131,2026-05-01 07:38:22.403131,114.5278778076172
2026-05-01 07:38:22.598193,2026-05-01 07:38:22.598193,106.31353759765624
2026-05-01 07:38:22.797614,2026-05-01 07:38:22.797614,99.33135223388672
2026-05-01 07:38:22.999133,2026-05-01 07:38:22.999133,93.39649200439452
2026-05-01 07:38:23.197527,2026-05-01 07:38:23.197527,88.35186004638672
2026-05-01 07:38:23.399267,2026-05-01 07:38:23.399267,84.23970794677734
2026-05-01 07:38:23.597368,2026-05-01 07:38:23.597368,80.74437713623047
2026-05-01 07:38:23.797967,2026-05-01 07:38:23.797967,77.77334594726562
2026-05-01 07:38:23.999393,2026-05-01 07:38:23.999393,75.24797058105469
2026-05-01 07:38:24.198171,2026-05-01 07:38:24.198171,73.10140228271484
2026-05-01 07:38:24.398146,2026-05-01 07:38:24.398146,71.27681732177734
2026-05-01 07:38:24.597351,2026-05-01 07:38:24.597351,69.72591400146484
2026-05-01 07:38:24.797674,2026-05-01 07:38:24.797674,68.40765380859375
2026-05-01 07:38:24.997487,2026-05-01 07:38:24.997487,67.2871322631836
2026-05-01 07:38:25.197975,2026-05-01 07:38:25.197975,66.33468627929688
2026-05-01 07:38:25.398246,2026-05-01 07:38:25.398246,65.52510833740234
2026-05-01 07:38:25.598363,2026-05-01 07:38:25.598363,64.83696746826172
2026-05-01 07:38:25.797946,2026-05-01 07:38:25.797946,64.25204467773438
2026-05-01 07:38:25.998148,2026-05-01 07:38:25.998148,63.75486373901367
2026-05-01 07:38:26.197627,2026-05-01 07:38:26.197627,63.33226013183594
2026-05-01 07:38:26.401316,2026-05-01 07:38:26.401316,62.97304534912109
2026-05-01 07:38:26.598448,2026-05-01 07:38:26.598448,62.6677131652832
2026-05-01 07:38:26.797506,2026-05-01 07:38:26.797506,62.40818405151367
2026-05-01 07:38:26.997338,2026-05-01 07:38:26.997338,62.18758010864258
2026-05-01 07:38:27.197679,2026-05-01 07:38:27.197679,62.00006866455078
2026-05-01 07:38:27.397345,2026-05-01 07:38:27.397345,61.84068298339844
2026-05-01 07:38:27.598054,2026-05-01 07:38:27.598054,61.705204010009766
2026-05-01 07:38:27.797419,2026-05-01 07:38:27.797419,61.59004974365234
2026-05-01 07:38:27.997903,2026-05-01 07:38:27.997903,61.49216842651367
2026-05-01 07:38:28.198338,2026-05-01 07:38:28.198338,61.408966064453125
2026-05-01 07:38:28.400301,2026-05-01 07:38:28.400301,61.3382453918457
2026-05-01 07:38:28.601739,2026-05-01 07:38:28.601739,61.278133392333984
2026-05-01 07:38:28.797340,2026-05-01 07:38:28.797340,61.2270393371582
2026-05-01 07:38:28.998405,2026-05-01 07:38:28.998405,61.18360900878906
2026-05-01 07:38:29.197920,2026-05-01 07:38:29.197920,61.14669418334961
2026-05-01 07:38:29.397316,2026-05-01 07:38:29.397316,61.11531448364258
2026-05-01 07:38:29.597739,2026-05-01 07:38:29.597739,61.08864212036133
2026-05-01 07:38:29.797481,2026-05-01 07:38:29.797481,61.06597137451172
2026-05-01 07:38:29.997638,2026-05-01 07:38:29.997638,61.04669952392578
2026-05-01 07:38:30.198120,2026-05-01 07:38:30.198120,61.03031921386719
2026-05-01 07:38:30.397988,2026-05-01 07:38:30.397988,61.016395568847656
2026-05-01 07:38:30.598030,2026-05-01 07:38:30.598030,61.00456237792969
2026-05-01 07:38:30.799040,2026-05-01 07:38:30.799040,60.99450302124024
2026-05-01 07:38:30.997711,2026-05-01 07:38:30.997711,60.98595428466797
2026-05-01 07:38:31.198007,2026-05-01 07:38:31.198007,60.97868347167969
2026-05-01 07:38:31.397437,2026-05-01 07:38:31.397437,60.97250747680664
2026-05-01 07:38:31.599604,2026-05-01 07:38:31.599604,60.96725463867188
2026-05-01 07:38:31.797625,2026-05-01 07:38:31.797625,60.96279144287109
2026-05-01 07:38:31.998330,2026-05-01 07:38:31.998330,60.95899963378906
2026-05-01 07:38:32.197422,2026-05-01 07:38:32.197422,60.95577239990234
2026-05-01 07:38:32.397784,2026-05-01 07:38:32.397784,60.953033447265625
2026-05-01 07:38:32.598329,2026-05-01 07:38:32.598329,60.95070266723633
2026-05-01 07:38:32.797871,2026-05-01 07:38:32.797871,60.94872283935547
2026-05-01 07:38:32.998051,2026-05-01 07:38:32.998051,61.12282180786133
2026-05-01 07:38:33.197387,2026-05-01 07:38:33.197387,61.27080535888672
2026-05-01 07:38:33.397436,2026-05-01 07:38:33.397436,61.39658737182617
2026-05-01 07:38:33.599189,2026-05-01 07:38:33.599189,61.50350570678711
2026-05-01 07:38:33.798497,2026-05-01 07:38:33.798497,61.59438705444336
2026-05-01 07:38:33.998592,2026-05-01 07:38:33.998592,61.671634674072266
2026-05-01 07:38:34.199216,2026-05-01 07:38:34.199216,61.91307830810547
2026-05-01 07:38:34.397442,2026-05-01 07:38:34.397442,62.11830520629883
2026-05-01 07:38:34.597396,2026-05-01 07:38:34.597396,62.29274368286133
2026-05-01 07:38:34.798851,2026-05-01 07:38:34.798851,67.71446228027344
2026-05-01 07:38:34.999607,2026-05-01 07:38:34.999607,72.32291412353516
2026-05-01 07:38:35.205377,2026-05-01 07:38:35.205377,76.24010467529297
2026-05-01 07:38:35.398026,2026-05-01 07:38:35.398026,79.56970977783203
2026-05-01 07:38:35.598406,2026-05-01 07:38:35.598406,82.3998794555664
2026-05-01 07:38:35.798018,2026-05-01 07:38:35.798018,84.80552673339844
2026-05-01 07:38:35.998968,2026-05-01 07:38:35.998968,86.8503189086914
2026-05-01 07:38:36.199211,2026-05-01 07:38:36.199211,88.58839416503906
2026-05-01 07:38:36.398659,2026-05-01 07:38:36.398659,90.06576538085938
2026-05-01 07:38:36.599388,2026-05-01 07:38:36.599388,91.32152557373048
2026-05-01 07:38:36.799690,2026-05-01 07:38:36.799690,92.388916015625
2026-05-01 07:38:36.998834,2026-05-01 07:38:36.998834,93.29620361328124
2026-05-01 07:38:37.198710,2026-05-01 07:38:37.198710,94.06739807128906
2026-05-01 07:38:37.398939,2026-05-01 07:38:37.398939,94.72291564941406
2026-05-01 07:38:37.599871,2026-05-01 07:38:37.599871,95.28010559082033
2026-05-01 07:38:37.797556,2026-05-01 07:38:37.797556,95.57793426513672
2026-05-01 07:38:37.998457,2026-05-01 07:38:37.998457,94.07327270507812
2026-05-01 07:38:38.200626,2026-05-01 07:38:38.200626,92.7943115234375
2026-05-01 07:38:38.398780,2026-05-01 07:38:38.398780,91.70719909667967
2026-05-01 07:38:38.599600,2026-05-01 07:38:38.599600,90.78314971923828
2026-05-01 07:38:38.797597,2026-05-01 07:38:38.797597,89.99771118164062
2026-05-01 07:38:38.997622,2026-05-01 07:38:38.997622,89.50586700439453
2026-05-01 07:38:39.199544,2026-05-01 07:38:39.199544,89.08779907226562
2026-05-01 07:38:39.397505,2026-05-01 07:38:39.397505,88.73243713378906
2026-05-01 07:38:39.598422,2026-05-01 07:38:39.598422,88.43038940429688
2026-05-01 07:38:39.800976,2026-05-01 07:38:39.800976,88.17363739013672
2026-05-01 07:38:39.998473,2026-05-01 07:38:39.998473,84.96712493896484
2026-05-01 07:38:40.197339,2026-05-01 07:38:40.197339,82.24158477783203
2026-05-01 07:38:40.397992,2026-05-01 07:38:40.397992,79.92488098144531
2026-05-01 07:38:40.598571,2026-05-01 07:38:40.598571,78.13146209716797
2026-05-01 07:38:40.797410,2026-05-01 07:38:40.797410,76.6070556640625
2026-05-01 07:38:40.997647,2026-05-01 07:38:40.997647,75.31130981445312
2026-05-01 07:38:41.199188,2026-05-01 07:38:41.199188,74.20992279052734
2026-05-01 07:38:41.397532,2026-05-01 07:38:41.397532,73.27375030517578
2026-05-01 07:38:54.497763,2026-05-01 07:38:54.497763,72.47799682617188
2026-05-01 07:38:54.697993,2026-05-01 07:38:54.697993,71.9773941040039
2026-05-01 07:38:54.897914,2026-05-01 07:38:54.897914,71.5518798828125
2026-05-01 07:38:55.099217,2026-05-01 07:38:55.099217,71.19019317626953
2026-05-01 07:38:55.298209,2026-05-01 07:38:55.298209,70.88275146484375
2026-05-01 07:38:55.498060,2026-05-01 07:38:55.498060,70.6214370727539
2026-05-01 07:38:55.697557,2026-05-01 07:38:55.697557,70.3993148803711
2026-05-01 07:38:55.898306,2026-05-01 07:38:55.898306,70.21051025390625
2026-05-01 07:38:56.099530,2026-05-01 07:38:56.099530,70.0500259399414
2026-05-01 07:38:56.298091,2026-05-01 07:38:56.298091,69.91361999511719
2026-05-01 07:38:56.498607,2026-05-01 07:38:56.498607,69.79766845703125
2026-05-01 07:38:56.699451,2026-05-01 07:38:56.699451,69.69911193847656
2026-05-01 07:38:56.898437,2026-05-01 07:38:56.898437,69.61534118652344
2026-05-01 07:38:57.099718,2026-05-01 07:38:57.099718,69.54412841796875
2026-05-01 07:38:57.299649,2026-05-01 07:38:57.299649,69.48360443115234
2026-05-01 07:38:57.499034,2026-05-01 07:38:57.499034,69.43215942382812
2026-05-01 07:38:57.698812,2026-05-01 07:38:57.698812,69.388427734375
2026-05-01 07:38:57.897428,2026-05-01 07:38:57.897428,69.35125732421875
2026-05-01 07:38:58.102290,2026-05-01 07:38:58.102290,69.31966400146484
2026-05-01 07:38:58.297428,2026-05-01 07:38:58.297428,69.29280853271484
2026-05-01 07:38:58.499469,2026-05-01 07:38:58.499469,69.09420013427734
2026-05-01 07:38:58.697785,2026-05-01 07:38:58.697785,68.92538452148438
2026-05-01 07:38:58.900594,2026-05-01 07:38:58.900594,68.7818832397461
2026-05-01 07:38:59.098751,2026-05-01 07:38:59.098751,68.65991973876953
2026-05-01 07:38:59.299215,2026-05-01 07:38:59.299215,68.55624389648438
2026-05-01 07:38:59.497702,2026-05-01 07:38:59.497702,68.4681167602539
2026-05-01 07:38:59.697406,2026-05-01 07:38:59.697406,68.3932113647461
2026-05-01 07:38:59.899270,2026-05-01 07:38:59.899270,68.32954406738281
2026-05-01 07:39:00.100355,2026-05-01 07:39:00.100355,68.27542114257812
2026-05-01 07:39:00.297514,2026-05-01 07:39:00.297514,68.05364227294922
2026-05-01 07:39:00.499584,2026-05-01 07:39:00.499584,67.86512756347656
2026-05-01 07:39:00.698438,2026-05-01 07:39:00.698438,67.70488739013672
2026-05-01 07:39:00.898686,2026-05-01 07:39:00.898686,67.56868743896484
2026-05-01 07:39:01.100501,2026-05-01 07:39:01.100501,67.45291137695312
2026-05-01 07:39:01.299454,2026-05-01 07:39:01.299454,67.35450744628906
2026-05-01 07:39:01.498250,2026-05-01 07:39:01.498250,67.27086639404297
2026-05-01 07:39:01.698856,2026-05-01 07:39:01.698856,67.19976806640625
2026-05-01 07:39:01.897486,2026-05-01 07:39:01.897486,67.13933563232422
2026-05-01 07:39:02.097681,2026-05-01 07:39:02.097681,67.08796691894531
2026-05-01 07:39:02.298595,2026-05-01 07:39:02.298595,67.04430389404297
2026-05-01 07:39:02.498038,2026-05-01 07:39:02.498038,67.00718688964844
2026-05-01 07:39:02.697775,2026-05-01 07:39:02.697775,66.97563934326172
2026-05-01 07:39:02.898102,2026-05-01 07:39:02.898102,66.77304077148438
2026-05-01 07:39:03.104607,2026-05-01 07:39:03.104607,66.60083770751953
2026-05-01 07:39:03.297523,2026-05-01 07:39:03.297523,66.45446014404297
2026-05-01 07:39:03.497695,2026-05-01 07:39:03.497695,66.33003997802734
2026-05-01 07:39:03.697418,2026-05-01 07:39:03.697418,66.22428894042969
2026-05-01 07:39:03.899736,2026-05-01 07:39:03.899736,66.13439178466797
2026-05-01 07:39:04.097745,2026-05-01 07:39:04.097745,66.0579833984375
2026-05-01 07:39:04.297487,2026-05-01 07:39:04.297487,65.99303436279297
2026-05-01 07:39:04.498056,2026-05-01 07:39:04.498056,65.93782806396484
2026-05-01 07:39:04.697443,2026-05-01 07:39:04.697443,65.89090728759766
2026-05-01 07:39:04.898279,2026-05-01 07:39:04.898279,65.85102081298828
2026-05-01 07:39:05.098130,2026-05-01 07:39:05.098130,65.8171157836914
2026-05-01 07:39:05.297385,2026-05-01 07:39:05.297385,65.78829956054688
2026-05-01 07:39:05.499285,2026-05-01 07:39:05.499285,65.76380157470703
2026-05-01 07:39:05.698773,2026-05-01 07:39:05.698773,65.74298095703125
2026-05-01 07:39:05.897374,2026-05-01 07:39:05.897374,65.72528839111328
2026-05-01 07:39:06.099082,2026-05-01 07:39:06.099082,65.71024322509766
2026-05-01 07:39:06.297914,2026-05-01 07:39:06.297914,65.52167510986328
2026-05-01 07:39:06.500254,2026-05-01 07:39:06.500254,65.36139678955078
2026-05-01 07:39:06.699804,2026-05-01 07:39:06.699804,65.22515106201172
2026-05-01 07:39:06.898059,2026-05-01 07:39:06.898059,65.1093521118164
2026-05-01 07:39:07.097397,2026-05-01 07:39:07.097397,65.01091766357422
2026-05-01 07:39:07.297500,2026-05-01 07:39:07.297500,64.92724609375
2026-05-01 07:39:07.497823,2026-05-01 07:39:07.497823,64.85612487792969
2026-05-01 07:39:07.697525,2026-05-01 07:39:07.697525,64.7956771850586
2026-05-01 07:39:07.897398,2026-05-01 07:39:07.897398,64.74429321289062
2026-05-01 07:39:08.097937,2026-05-01 07:39:08.097937,64.70062255859375
2026-05-01 07:39:08.297856,2026-05-01 07:39:08.297856,64.66349792480469
2026-05-01 07:39:08.497955,2026-05-01 07:39:08.497955,64.63194274902344
2026-05-01 07:39:08.698318,2026-05-01 07:39:08.698318,71.81214904785156
2026-05-01 07:39:08.899501,2026-05-01 07:39:08.899501,77.91532897949219
2026-05-01 07:39:09.098609,2026-05-01 07:39:09.098609,83.10302734375
2026-05-01 07:39:09.298819,2026-05-01 07:39:09.298819,87.5125732421875
2026-05-01 07:39:09.500432,2026-05-01 07:39:09.500432,91.26068878173828
2026-05-01 07:39:09.698181,2026-05-01 07:39:09.698181,94.44658660888672
2026-05-01 07:39:09.897935,2026-05-01 07:39:09.897935,97.15459442138672
2026-05-01 07:39:10.097992,2026-05-01 07:39:10.097992,99.45640563964844
2026-05-01 07:39:10.297917,2026-05-01 07:39:10.297917,101.23716735839844
2026-05-01 07:39:10.498166,2026-05-01 07:39:10.498166,102.75080871582033
2026-05-01 07:39:10.701514,2026-05-01 07:39:10.701514,104.03740692138672
2026-05-01 07:39:10.898930,2026-05-01 07:39:10.898930,105.13101196289062
2026-05-01 07:39:11.097480,2026-05-01 07:39:11.097480,106.06057739257812
2026-05-01 07:39:11.299194,2026-05-01 07:39:11.299194,106.85071563720705
2026-05-01 07:39:11.497829,2026-05-01 07:39:11.497829,107.52232360839844
2026-05-01 07:39:11.697688,2026-05-01 07:39:11.697688,108.09319305419922
2026-05-01 07:39:11.897967,2026-05-01 07:39:11.897967,108.57843017578124
2026-05-01 07:39:12.099396,2026-05-01 07:39:12.099396,108.99089050292967
2026-05-01 07:39:12.297859,2026-05-01 07:39:12.297859,109.34147644042967
2026-05-01 07:39:12.498876,2026-05-01 07:39:12.498876,109.63947296142578
2026-05-01 07:39:12.697599,2026-05-01 07:39:12.697599,109.89276885986328
2026-05-01 07:39:12.897509,2026-05-01 07:39:12.897509,110.10807037353516
2026-05-01 07:39:13.097919,2026-05-01 07:39:13.097919,110.29107666015624
2026-05-01 07:39:13.298434,2026-05-01 07:39:13.298434,110.44664001464844
2026-05-01 07:39:13.498565,2026-05-01 07:39:13.498565,110.578857421875
2026-05-01 07:39:13.697764,2026-05-01 07:39:13.697764,110.69125366210938
2026-05-01 07:39:13.897715,2026-05-01 07:39:13.897715,110.78678131103516
2026-05-01 07:39:14.097848,2026-05-01 07:39:14.097848,110.86798095703124
2026-05-01 07:39:14.298007,2026-05-01 07:39:14.298007,110.93700408935548
2026-05-01 07:39:14.499556,2026-05-01 07:39:14.499556,111.17145538330078
2026-05-01 07:39:14.698389,2026-05-01 07:39:14.698389,111.37073516845705
2026-05-01 07:39:14.899719,2026-05-01 07:39:14.899719,111.54012298583984
2026-05-01 07:39:15.098071,2026-05-01 07:39:15.098071,111.6841049194336
2026-05-01 07:39:15.297733,2026-05-01 07:39:15.297733,111.80648803710938
2026-05-01 07:39:15.500224,2026-05-01 07:39:15.500224,111.91051483154295
2026-05-01 07:39:15.698495,2026-05-01 07:39:15.698495,111.99893951416016
2026-05-01 07:39:15.897547,2026-05-01 07:39:15.897547,112.0740966796875
2026-05-01 07:39:16.100222,2026-05-01 07:39:16.100222,112.1379852294922
2026-05-01 07:39:16.297674,2026-05-01 07:39:16.297674,112.3680648803711
2026-05-01 07:39:16.499348,2026-05-01 07:39:16.499348,112.56363677978516
2026-05-01 07:39:16.699753,2026-05-01 07:39:16.699753,112.72987365722656
2026-05-01 07:39:16.900119,2026-05-01 07:39:16.900119,112.87117767333984
2026-05-01 07:39:17.100956,2026-05-01 07:39:17.100956,110.35456085205078
2026-05-01 07:39:17.297466,2026-05-01 07:39:17.297466,108.21543884277344
2026-05-01 07:39:17.499010,2026-05-01 07:39:17.499010,106.39718627929688
2026-05-01 07:39:17.700403,2026-05-01 07:39:17.700403,104.85166931152344
2026-05-01 07:39:17.899428,2026-05-01 07:39:17.899428,103.53797912597656
2026-05-01 07:39:18.097660,2026-05-01 07:39:18.097660,102.42134857177734
2026-05-01 07:39:18.297863,2026-05-01 07:39:18.297863,101.47220611572266
2026-05-01 07:39:18.497859,2026-05-01 07:39:18.497859,100.66543579101562
2026-05-01 07:39:18.698814,2026-05-01 07:39:18.698814,99.97968292236328
2026-05-01 07:39:18.898792,2026-05-01 07:39:18.898792,99.39679718017578
2026-05-01 07:39:19.098923,2026-05-01 07:39:19.098923,98.90133666992188
2026-05-01 07:39:19.297484,2026-05-01 07:39:19.297484,98.4802017211914
2026-05-01 07:39:19.497583,2026-05-01 07:39:19.497583,98.12223052978516
2026-05-01 07:39:19.698891,2026-05-01 07:39:19.698891,97.81796264648438
2026-05-01 07:39:32.798466,2026-05-01 07:39:32.798466,97.559326171875
2026-05-01 07:39:32.998506,2026-05-01 07:39:32.998506,97.33949279785156
2026-05-01 07:39:33.197585,2026-05-01 07:39:33.197585,97.1526336669922
2026-05-01 07:39:33.398004,2026-05-01 07:39:33.398004,96.9937973022461
2026-05-01 07:39:33.598461,2026-05-01 07:39:33.598461,96.8587875366211
2026-05-01 07:39:33.797503,2026-05-01 07:39:33.797503,96.74403381347656
2026-05-01 07:39:34.000478,2026-05-01 07:39:34.000478,96.64649200439452
2026-05-01 07:39:34.197556,2026-05-01 07:39:34.197556,96.56358337402344
2026-05-01 07:39:34.398936,2026-05-01 07:39:34.398936,96.49310302734376
2026-05-01 07:39:34.597939,2026-05-01 07:39:34.597939,96.4332046508789
2026-05-01 07:39:34.799306,2026-05-01 07:39:34.799306,96.38228607177734
2026-05-01 07:39:34.998070,2026-05-01 07:39:34.998070,96.33900451660156
2026-05-01 07:39:35.197707,2026-05-01 07:39:35.197707,96.30221557617188
2026-05-01 07:39:35.399306,2026-05-01 07:39:35.399306,91.8764190673828
2026-05-01 07:39:35.597860,2026-05-01 07:39:35.597860,88.11448669433594
2026-05-01 07:39:35.800219,2026-05-01 07:39:35.800219,84.91683959960938
2026-05-01 07:39:35.998719,2026-05-01 07:39:35.998719,82.19884490966797
2026-05-01 07:39:36.197889,2026-05-01 07:39:36.197889,79.8885498046875
2026-05-01 07:39:36.399680,2026-05-01 07:39:36.399680,77.92479705810547
2026-05-01 07:39:36.599566,2026-05-01 07:39:36.599566,76.431396484375
2026-05-01 07:39:36.799139,2026-05-01 07:39:36.799139,75.16199493408203
2026-05-01 07:39:37.000999,2026-05-01 07:39:37.000999,74.0830078125
2026-05-01 07:39:37.198993,2026-05-01 07:39:37.198993,73.1658706665039
2026-05-01 07:39:37.398575,2026-05-01 07:39:37.398575,72.38629913330078
2026-05-01 07:39:37.599000,2026-05-01 07:39:37.599000,71.72367095947266
2026-05-01 07:39:37.797699,2026-05-01 07:39:37.797699,71.16043090820312
2026-05-01 07:39:37.999011,2026-05-01 07:39:37.999011,70.68167877197266
2026-05-01 07:39:38.199310,2026-05-01 07:39:38.199310,70.27474212646484
2026-05-01 07:39:38.397511,2026-05-01 07:39:38.397511,69.92884063720703
2026-05-01 07:39:38.599450,2026-05-01 07:39:38.599450,69.63482666015625
2026-05-01 07:39:38.799440,2026-05-01 07:39:38.799440,69.38491821289062
2026-05-01 07:39:38.997638,2026-05-01 07:39:38.997638,69.17249298095703
2026-05-01 07:39:39.198973,2026-05-01 07:39:39.198973,68.99192810058594
2026-05-01 07:39:39.400187,2026-05-01 07:39:39.400187,68.83845520019531
2026-05-01 07:39:39.597700,2026-05-01 07:39:39.597700,68.70800018310547
2026-05-01 07:39:39.798603,2026-05-01 07:39:39.798603,68.59710693359375
2026-05-01 07:39:39.997782,2026-05-01 07:39:39.997782,68.50285339355469
2026-05-01 07:39:40.198523,2026-05-01 07:39:40.198523,68.42273712158203
2026-05-01 07:39:40.398124,2026-05-01 07:39:40.398124,68.35464477539062
2026-05-01 07:39:40.600003,2026-05-01 07:39:40.600003,68.29676055908203
2026-05-01 07:39:40.797505,2026-05-01 07:39:40.797505,68.24755859375
2026-05-01 07:39:40.997742,2026-05-01 07:39:40.997742,68.20573425292969
2026-05-01 07:39:41.197535,2026-05-01 07:39:41.197535,68.1701889038086
2026-05-01 07:39:41.397784,2026-05-01 07:39:41.397784,68.13996887207031
2026-05-01 07:39:41.597417,2026-05-01 07:39:41.597417,68.11428833007812
2026-05-01 07:39:41.798523,2026-05-01 07:39:41.798523,68.09246063232422
2026-05-01 07:39:41.997659,2026-05-01 07:39:41.997659,68.07389831542969
2026-05-01 07:39:42.198429,2026-05-01 07:39:42.198429,68.0581283569336
2026-05-01 07:39:42.398237,2026-05-01 07:39:42.398237,68.04472351074219
2026-05-01 07:39:42.598825,2026-05-01 07:39:42.598825,70.1427001953125
2026-05-01 07:39:42.797556,2026-05-01 07:39:42.797556,71.92598724365234
2026-05-01 07:39:42.997497,2026-05-01 07:39:42.997497,73.4417724609375
2026-05-01 07:39:43.197789,2026-05-01 07:39:43.197789,74.73019409179688
2026-05-01 07:39:43.399273,2026-05-01 07:39:43.399273,75.82535552978516
2026-05-01 07:39:43.597781,2026-05-01 07:39:43.597781,76.75624084472656
2026-05-01 07:39:43.798051,2026-05-01 07:39:43.798051,77.54749298095703
2026-05-01 07:39:43.997534,2026-05-01 07:39:43.997534,78.22005462646484
2026-05-01 07:39:44.198431,2026-05-01 07:39:44.198431,78.79173278808594
2026-05-01 07:39:44.398216,2026-05-01 07:39:44.398216,79.27766418457031
2026-05-01 07:39:44.598171,2026-05-01 07:39:44.598171,79.6906967163086
2026-05-01 07:39:44.797579,2026-05-01 07:39:44.797579,80.21755981445312
2026-05-01 07:39:44.998001,2026-05-01 07:39:44.998001,80.66539764404297
2026-05-01 07:39:45.198697,2026-05-01 07:39:45.198697,81.04605865478516
2026-05-01 07:39:45.398082,2026-05-01 07:39:45.398082,81.36961364746094
2026-05-01 07:39:45.598057,2026-05-01 07:39:45.598057,81.64464569091797
2026-05-01 07:39:45.797973,2026-05-01 07:39:45.797973,77.83544921875
2026-05-01 07:39:45.999038,2026-05-01 07:39:45.999038,74.59762573242188
2026-05-01 07:39:46.198398,2026-05-01 07:39:46.198398,72.0212631225586
2026-05-01 07:39:46.397831,2026-05-01 07:39:46.397831,69.83135986328125
2026-05-01 07:39:46.598027,2026-05-01 07:39:46.598027,67.96993255615234
2026-05-01 07:39:46.798455,2026-05-01 07:39:46.798455,66.56350708007812
2026-05-01 07:39:46.999004,2026-05-01 07:39:46.999004,65.3680419921875
2026-05-01 07:39:47.199485,2026-05-01 07:39:47.199485,64.35189819335938
2026-05-01 07:39:47.398782,2026-05-01 07:39:47.398782,63.48817825317383
2026-05-01 07:39:47.597818,2026-05-01 07:39:47.597818,62.75401306152344
2026-05-01 07:39:47.797808,2026-05-01 07:39:47.797808,62.129974365234375
2026-05-01 07:39:47.997875,2026-05-01 07:39:47.997875,61.77532196044922
2026-05-01 07:39:48.197441,2026-05-01 07:39:48.197441,61.4738655090332
2026-05-01 07:39:48.397465,2026-05-01 07:39:48.397465,61.21763229370117
2026-05-01 07:39:48.598875,2026-05-01 07:39:48.598875,60.99982833862305
2026-05-01 07:39:48.797801,2026-05-01 07:39:48.797801,60.814697265625
2026-05-01 07:39:48.997882,2026-05-01 07:39:48.997882,60.6573371887207
2026-05-01 07:39:49.198058,2026-05-01 07:39:49.198058,60.523582458496094
2026-05-01 07:39:49.397722,2026-05-01 07:39:49.397722,60.409889221191406
2026-05-01 07:39:49.597529,2026-05-01 07:39:49.597529,60.31324768066406
2026-05-01 07:39:49.797683,2026-05-01 07:39:49.797683,60.23110580444336
2026-05-01 07:39:49.997422,2026-05-01 07:39:49.997422,60.16128158569336
2026-05-01 07:39:50.197643,2026-05-01 07:39:50.197643,60.101932525634766
2026-05-01 07:39:50.398304,2026-05-01 07:39:50.398304,60.05148696899414
2026-05-01 07:39:50.597457,2026-05-01 07:39:50.597457,60.00860977172852
2026-05-01 07:39:50.799176,2026-05-01 07:39:50.799176,60.14794158935547
2026-05-01 07:39:51.001538,2026-05-01 07:39:51.001538,60.26637649536133
2026-05-01 07:39:51.197997,2026-05-01 07:39:51.197997,60.36704254150391
2026-05-01 07:39:51.397848,2026-05-01 07:39:51.397848,60.452613830566406
2026-05-01 07:39:51.600502,2026-05-01 07:39:51.600502,60.52534484863281
2026-05-01 07:39:51.797428,2026-05-01 07:39:51.797428,60.5871696472168
2026-05-01 07:39:51.997546,2026-05-01 07:39:51.997546,68.02252960205078
2026-05-01 07:39:52.197573,2026-05-01 07:39:52.197573,74.34259033203125
2026-05-01 07:39:52.397806,2026-05-01 07:39:52.397806,79.71463775634766
2026-05-01 07:39:52.598236,2026-05-01 07:39:52.598236,84.28087615966797
2026-05-01 07:39:52.797554,2026-05-01 07:39:52.797554,88.16218566894531
2026-05-01 07:39:52.997486,2026-05-01 07:39:52.997486,91.46129608154295
2026-05-01 07:39:53.197611,2026-05-01 07:39:53.197611,94.26554107666016
2026-05-01 07:39:53.398048,2026-05-01 07:39:53.398048,96.6491470336914
2026-05-01 07:39:53.598297,2026-05-01 07:39:53.598297,98.49942779541016
2026-05-01 07:39:53.797967,2026-05-01 07:39:53.797967,100.07217407226562
2026-05-01 07:39:53.998576,2026-05-01 07:39:53.998576,101.40900421142578
2026-05-01 07:39:54.198594,2026-05-01 07:39:54.198594,102.5453109741211
2026-05-01 07:39:54.397635,2026-05-01 07:39:54.397635,103.51116943359376
2026-05-01 07:39:54.599596,2026-05-01 07:39:54.599596,104.33214569091795
2026-05-01 07:39:54.797909,2026-05-01 07:39:54.797909,105.0299835205078
2026-05-01 07:39:54.999511,2026-05-01 07:39:54.999511,105.62313842773438
2026-05-01 07:39:55.198542,2026-05-01 07:39:55.198542,106.12732696533205
2026-05-01 07:39:55.399634,2026-05-01 07:39:55.399634,106.5558853149414
2026-05-01 07:39:55.597466,2026-05-01 07:39:55.597466,106.92015838623048
2026-05-01 07:39:55.799666,2026-05-01 07:39:55.799666,107.22978973388672
2026-05-01 07:39:55.999235,2026-05-01 07:39:55.999235,107.49298095703124
2026-05-01 07:39:56.199017,2026-05-01 07:39:56.199017,107.71669006347656
2026-05-01 07:39:56.399273,2026-05-01 07:39:56.399273,107.9068374633789
2026-05-01 07:39:56.598948,2026-05-01 07:39:56.598948,108.06847381591795
2026-05-01 07:39:56.797637,2026-05-01 07:39:56.797637,108.2058563232422
2026-05-01 07:39:56.999002,2026-05-01 07:39:56.999002,108.3226318359375
2026-05-01 07:39:57.197625,2026-05-01 07:39:57.197625,108.4218978881836
2026-05-01 07:39:57.399558,2026-05-01 07:39:57.399558,108.50626373291016
2026-05-01 07:39:57.597730,2026-05-01 07:39:57.597730,105.7654800415039
2026-05-01 07:39:57.798973,2026-05-01 07:39:57.798973,103.4358139038086
2026-05-01 07:39:57.999412,2026-05-01 07:39:57.999412,101.45560455322266
2026-05-01 07:40:11.099567,2026-05-01 07:40:11.099567,99.7724151611328
2026-05-01 07:40:11.298174,2026-05-01 07:40:11.298174,98.34171295166016
2026-05-01 07:40:11.497432,2026-05-01 07:40:11.497432,97.1256103515625
2026-05-01 07:40:11.697562,2026-05-01 07:40:11.697562,95.91614532470705
2026-05-01 07:40:11.897620,2026-05-01 07:40:11.897620,94.88809967041016
2026-05-01 07:40:12.098113,2026-05-01 07:40:12.098113,94.0142593383789
2026-05-01 07:40:12.297791,2026-05-01 07:40:12.297791,93.27149200439452
2026-05-01 07:40:12.499758,2026-05-01 07:40:12.499758,92.64014434814452
2026-05-01 07:40:12.697506,2026-05-01 07:40:12.697506,92.10350036621094
2026-05-01 07:40:12.897646,2026-05-01 07:40:12.897646,91.64734649658205
2026-05-01 07:40:13.098652,2026-05-01 07:40:13.098652,91.2596206665039
2026-05-01 07:40:13.298993,2026-05-01 07:40:13.298993,90.9300537109375
2026-05-01 07:40:13.497582,2026-05-01 07:40:13.497582,90.64991760253906
2026-05-01 07:40:13.699993,2026-05-01 07:40:13.699993,90.41180419921876
2026-05-01 07:40:13.897902,2026-05-01 07:40:13.897902,90.38519287109376
2026-05-01 07:40:14.102293,2026-05-01 07:40:14.102293,90.3625717163086
2026-05-01 07:40:14.297665,2026-05-01 07:40:14.297665,90.34333801269533
2026-05-01 07:40:14.499496,2026-05-01 07:40:14.499496,90.32699584960938
2026-05-01 07:40:14.698266,2026-05-01 07:40:14.698266,89.43419647216797
2026-05-01 07:40:14.897709,2026-05-01 07:40:14.897709,88.6753158569336
2026-05-01 07:40:15.097470,2026-05-01 07:40:15.097470,87.85448455810547
2026-05-01 07:40:15.298600,2026-05-01 07:40:15.298600,87.15678405761719
2026-05-01 07:40:15.499157,2026-05-01 07:40:15.499157,86.56373596191406
2026-05-01 07:40:15.698067,2026-05-01 07:40:15.698067,86.05964660644531
2026-05-01 07:40:15.899471,2026-05-01 07:40:15.899471,85.63116455078125
2026-05-01 07:40:16.097452,2026-05-01 07:40:16.097452,85.09117889404297
2026-05-01 07:40:16.298482,2026-05-01 07:40:16.298482,84.63218688964844
2026-05-01 07:40:16.497585,2026-05-01 07:40:16.497585,84.24205017089844
2026-05-01 07:40:16.697881,2026-05-01 07:40:16.697881,83.91043090820312
2026-05-01 07:40:16.897573,2026-05-01 07:40:16.897573,83.62855529785156
2026-05-01 07:40:17.099356,2026-05-01 07:40:17.099356,83.38895416259766
2026-05-01 07:40:17.298547,2026-05-01 07:40:17.298547,83.185302734375
2026-05-01 07:40:17.500815,2026-05-01 07:40:17.500815,83.01219177246094
2026-05-01 07:40:17.699138,2026-05-01 07:40:17.699138,82.68927001953125
2026-05-01 07:40:17.898083,2026-05-01 07:40:17.898083,82.41478729248047
2026-05-01 07:40:18.099052,2026-05-01 07:40:18.099052,82.18147277832031
2026-05-01 07:40:18.298196,2026-05-01 07:40:18.298196,81.98316192626953
2026-05-01 07:40:18.499378,2026-05-01 07:40:18.499378,81.81459045410156
2026-05-01 07:40:18.701212,2026-05-01 07:40:18.701212,81.67131042480469
2026-05-01 07:40:18.899450,2026-05-01 07:40:18.899450,81.54952239990234
2026-05-01 07:40:19.099096,2026-05-01 07:40:19.099096,81.27021789550781
2026-05-01 07:40:19.297850,2026-05-01 07:40:19.297850,81.03280639648438
2026-05-01 07:40:19.499142,2026-05-01 07:40:19.499142,80.83100891113281
2026-05-01 07:40:19.698111,2026-05-01 07:40:19.698111,80.65948486328125
2026-05-01 07:40:19.900446,2026-05-01 07:40:19.900446,80.51368713378906
2026-05-01 07:40:20.101309,2026-05-01 07:40:20.101309,80.21398162841797
2026-05-01 07:40:20.298893,2026-05-01 07:40:20.298893,79.959228515625
2026-05-01 07:40:20.504682,2026-05-01 07:40:20.504682,79.74268341064453
2026-05-01 07:40:20.698704,2026-05-01 07:40:20.698704,79.55862426757812
2026-05-01 07:40:20.897446,2026-05-01 07:40:20.897446,79.40217590332031
2026-05-01 07:40:21.098339,2026-05-01 07:40:21.098339,79.26919555664062
2026-05-01 07:40:21.297700,2026-05-01 07:40:21.297700,79.15615844726562
2026-05-01 07:40:21.497422,2026-05-01 07:40:21.497422,79.0600814819336
2026-05-01 07:40:21.697948,2026-05-01 07:40:21.697948,78.97840881347656
2026-05-01 07:40:21.898434,2026-05-01 07:40:21.898434,78.90898895263672
2026-05-01 07:40:22.098051,2026-05-01 07:40:22.098051,78.84999084472656
2026-05-01 07:40:22.298307,2026-05-01 07:40:22.298307,78.79983520507812
2026-05-01 07:40:22.497443,2026-05-01 07:40:22.497443,78.7572021484375
2026-05-01 07:40:22.697492,2026-05-01 07:40:22.697492,78.72096252441406
2026-05-01 07:40:22.897532,2026-05-01 07:40:22.897532,78.6901626586914
2026-05-01 07:40:23.097746,2026-05-01 07:40:23.097746,78.66398620605469
2026-05-01 07:40:23.297569,2026-05-01 07:40:23.297569,78.64173126220703
2026-05-01 07:40:23.498171,2026-05-01 07:40:23.498171,78.62281036376953
2026-05-01 07:40:23.698538,2026-05-01 07:40:23.698538,78.60673522949219
2026-05-01 07:40:23.898386,2026-05-01 07:40:23.898386,78.76885223388672
2026-05-01 07:40:24.099513,2026-05-01 07:40:24.099513,78.90664672851562
2026-05-01 07:40:24.298618,2026-05-01 07:40:24.298618,79.02377319335938
2026-05-01 07:40:24.497959,2026-05-01 07:40:24.497959,79.12333679199219
2026-05-01 07:40:24.697683,2026-05-01 07:40:24.697683,79.20796203613281
2026-05-01 07:40:24.899455,2026-05-01 07:40:24.899455,79.27989196777344
2026-05-01 07:40:25.099453,2026-05-01 07:40:25.099453,79.51681518554688
2026-05-01 07:40:25.297481,2026-05-01 07:40:25.297481,79.71820068359375
2026-05-01 07:40:25.499747,2026-05-01 07:40:25.499747,79.88937377929688
2026-05-01 07:40:25.697791,2026-05-01 07:40:25.697791,80.03487396240234
2026-05-01 07:40:25.897528,2026-05-01 07:40:25.897528,80.1585464477539
2026-05-01 07:40:26.097543,2026-05-01 07:40:26.097543,80.439453125
2026-05-01 07:40:26.299073,2026-05-01 07:40:26.299073,80.67822265625
2026-05-01 07:40:26.497865,2026-05-01 07:40:26.497865,80.88117980957031
2026-05-01 07:40:26.697824,2026-05-01 07:40:26.697824,81.0536880493164
2026-05-01 07:40:26.898637,2026-05-01 07:40:26.898637,81.20032501220703
2026-05-01 07:40:27.097948,2026-05-01 07:40:27.097948,81.50074005126953
2026-05-01 07:40:27.299059,2026-05-01 07:40:27.299059,81.756103515625
2026-05-01 07:40:27.497826,2026-05-01 07:40:27.497826,81.97315216064453
2026-05-01 07:40:27.698103,2026-05-01 07:40:27.698103,82.15764617919922
2026-05-01 07:40:27.897986,2026-05-01 07:40:27.897986,82.31446838378906
2026-05-01 07:40:28.098497,2026-05-01 07:40:28.098497,82.44776916503906
2026-05-01 07:40:28.297475,2026-05-01 07:40:28.297475,82.73685455322266
2026-05-01 07:40:28.497514,2026-05-01 07:40:28.497514,82.98257446289062
2026-05-01 07:40:28.699110,2026-05-01 07:40:28.699110,83.19143676757812
2026-05-01 07:40:28.897429,2026-05-01 07:40:28.897429,83.36897277832031
2026-05-01 07:40:29.097447,2026-05-01 07:40:29.097447,83.5198745727539
2026-05-01 07:40:29.299434,2026-05-01 07:40:29.299434,83.64814758300781
2026-05-01 07:40:29.497843,2026-05-01 07:40:29.497843,86.04232788085938
2026-05-01 07:40:29.697598,2026-05-01 07:40:29.697598,88.07738494873047
2026-05-01 07:40:29.898997,2026-05-01 07:40:29.898997,89.80718231201172
2026-05-01 07:40:30.097646,2026-05-01 07:40:30.097646,91.27751159667967
2026-05-01 07:40:30.297910,2026-05-01 07:40:30.297910,92.52729034423828
2026-05-01 07:40:30.497469,2026-05-01 07:40:30.497469,93.58960723876952
2026-05-01 07:40:30.698273,2026-05-01 07:40:30.698273,94.49256896972656
2026-05-01 07:40:30.897868,2026-05-01 07:40:30.897868,95.26009368896484
2026-05-01 07:40:31.097538,2026-05-01 07:40:31.097538,95.91248321533205
2026-05-01 07:40:31.299212,2026-05-01 07:40:31.299212,96.4670181274414
2026-05-01 07:40:31.497735,2026-05-01 07:40:31.497735,96.93836975097656
2026-05-01 07:40:31.697789,2026-05-01 07:40:31.697789,97.33901977539062
2026-05-01 07:40:31.897465,2026-05-01 07:40:31.897465,97.67957305908205
2026-05-01 07:40:32.100063,2026-05-01 07:40:32.100063,97.96904754638672
2026-05-01 07:40:32.297807,2026-05-01 07:40:32.297807,98.21509552001952
2026-05-01 07:40:32.497995,2026-05-01 07:40:32.497995,98.42424011230467
2026-05-01 07:40:32.697545,2026-05-01 07:40:32.697545,98.6020050048828
2026-05-01 07:40:32.898110,2026-05-01 07:40:32.898110,98.75311279296876
2026-05-01 07:40:33.097940,2026-05-01 07:40:33.097940,100.99092864990234
2026-05-01 07:40:33.298107,2026-05-01 07:40:33.298107,102.89306640625
2026-05-01 07:40:33.498550,2026-05-01 07:40:33.498550,104.5098876953125
2026-05-01 07:40:33.697721,2026-05-01 07:40:33.697721,105.88418579101562
2026-05-01 07:40:33.897668,2026-05-01 07:40:33.897668,107.05233764648438
2026-05-01 07:40:34.097781,2026-05-01 07:40:34.097781,108.04527282714844
2026-05-01 07:40:34.297572,2026-05-01 07:40:34.297572,108.8892593383789
2026-05-01 07:40:34.497617,2026-05-01 07:40:34.497617,109.60665130615234
2026-05-01 07:40:34.698538,2026-05-01 07:40:34.698538,110.21643829345705
2026-05-01 07:40:34.903064,2026-05-01 07:40:34.903064,110.55896759033205
2026-05-01 07:40:35.099996,2026-05-01 07:40:35.099996,110.85012817382812
2026-05-01 07:40:35.297494,2026-05-01 07:40:35.297494,111.0976104736328
2026-05-01 07:40:35.497724,2026-05-01 07:40:35.497724,111.30796813964844
2026-05-01 07:40:35.697755,2026-05-01 07:40:35.697755,111.4867706298828
2026-05-01 07:40:35.899319,2026-05-01 07:40:35.899319,111.63875579833984
2026-05-01 07:40:36.098862,2026-05-01 07:40:36.098862,111.7679443359375
2026-05-01 07:40:36.297842,2026-05-01 07:40:36.297842,111.87775421142578
2026-05-01 07:40:49.397749,2026-05-01 07:40:49.397749,111.97108459472656
2026-05-01 07:40:49.599167,2026-05-01 07:40:49.599167,112.05042266845705
2026-05-01 07:40:49.797427,2026-05-01 07:40:49.797427,112.11785888671876
2026-05-01 07:40:49.998823,2026-05-01 07:40:49.998823,112.17517852783205
2026-05-01 07:40:50.198117,2026-05-01 07:40:50.198117,112.22390747070312
2026-05-01 07:40:50.397458,2026-05-01 07:40:50.397458,112.26531982421876
2026-05-01 07:40:50.597636,2026-05-01 07:40:50.597636,112.30052185058594
2026-05-01 07:40:50.797597,2026-05-01 07:40:50.797597,112.3304443359375
2026-05-01 07:40:50.998196,2026-05-01 07:40:50.998196,112.18009185791016
2026-05-01 07:40:51.197504,2026-05-01 07:40:51.197504,112.05229949951172
2026-05-01 07:40:51.397592,2026-05-01 07:40:51.397592,111.94367218017578
2026-05-01 07:40:51.599805,2026-05-01 07:40:51.599805,111.6755599975586
2026-05-01 07:40:51.797471,2026-05-01 07:40:51.797471,111.44766235351562
2026-05-01 07:40:51.997570,2026-05-01 07:40:51.997570,111.0781707763672
2026-05-01 07:40:52.197658,2026-05-01 07:40:52.197658,110.76409912109376
2026-05-01 07:40:52.397448,2026-05-01 07:40:52.397448,110.32135772705078
2026-05-01 07:40:52.597484,2026-05-01 07:40:52.597484,109.94503021240234
2026-05-01 07:40:52.797454,2026-05-01 07:40:52.797454,109.62515258789062
2026-05-01 07:40:52.997442,2026-05-01 07:40:52.997442,109.35325622558594
2026-05-01 07:40:53.198518,2026-05-01 07:40:53.198518,109.12213897705078
2026-05-01 07:40:53.398436,2026-05-01 07:40:53.398436,108.92569732666016
2026-05-01 07:40:53.598181,2026-05-01 07:40:53.598181,108.75871276855467
2026-05-01 07:40:53.798217,2026-05-01 07:40:53.798217,108.61678314208984
2026-05-01 07:40:53.999619,2026-05-01 07:40:53.999619,108.4961395263672
2026-05-01 07:40:54.199348,2026-05-01 07:40:54.199348,108.39359283447266
2026-05-01 07:40:54.397919,2026-05-01 07:40:54.397919,108.30642700195312
2026-05-01 07:40:54.597421,2026-05-01 07:40:54.597421,108.23233795166016
2026-05-01 07:40:54.797684,2026-05-01 07:40:54.797684,108.16936492919922
2026-05-01 07:40:54.998646,2026-05-01 07:40:54.998646,108.11583709716795
2026-05-01 07:40:55.198229,2026-05-01 07:40:55.198229,108.0703353881836
2026-05-01 07:40:55.397850,2026-05-01 07:40:55.397850,108.03166198730467
2026-05-01 07:40:55.598956,2026-05-01 07:40:55.598956,107.99878692626952
2026-05-01 07:40:55.798000,2026-05-01 07:40:55.798000,107.97084045410156
2026-05-01 07:40:55.997487,2026-05-01 07:40:55.997487,107.77130889892578
2026-05-01 07:40:56.197519,2026-05-01 07:40:56.197519,107.6017074584961
2026-05-01 07:40:56.399693,2026-05-01 07:40:56.399693,107.4575424194336
2026-05-01 07:40:56.600263,2026-05-01 07:40:56.600263,107.3350067138672
2026-05-01 07:40:56.798292,2026-05-01 07:40:56.798292,107.23085021972656
2026-05-01 07:40:56.998728,2026-05-01 07:40:56.998728,107.14231872558594
2026-05-01 07:40:57.197378,2026-05-01 07:40:57.197378,107.06706237792967
2026-05-01 07:40:57.397737,2026-05-01 07:40:57.397737,101.37809753417967
2026-05-01 07:40:57.597528,2026-05-01 07:40:57.597528,96.54247283935548
2026-05-01 07:40:57.798462,2026-05-01 07:40:57.798462,92.43219757080078
2026-05-01 07:40:57.999749,2026-05-01 07:40:57.999749,88.93846130371094
2026-05-01 07:40:58.199638,2026-05-01 07:40:58.199638,94.40628814697266
2026-05-01 07:40:58.398019,2026-05-01 07:40:58.398019,99.05393981933594
2026-05-01 07:40:58.598398,2026-05-01 07:40:58.598398,102.8286590576172
2026-05-01 07:40:58.798512,2026-05-01 07:40:58.798512,106.03717041015624
2026-05-01 07:40:59.000170,2026-05-01 07:40:59.000170,108.76441192626952
2026-05-01 07:40:59.199612,2026-05-01 07:40:59.199612,111.08255767822266
2026-05-01 07:40:59.398526,2026-05-01 07:40:59.398526,112.87720489501952
2026-05-01 07:40:59.597675,2026-05-01 07:40:59.597675,114.40265655517578
2026-05-01 07:40:59.798997,2026-05-01 07:40:59.798997,115.69928741455078
2026-05-01 07:40:59.997711,2026-05-01 07:40:59.997711,116.80142974853516
2026-05-01 07:41:00.198274,2026-05-01 07:41:00.198274,117.73824310302734
2026-05-01 07:41:00.399584,2026-05-01 07:41:00.399584,118.53453826904295
2026-05-01 07:41:00.599495,2026-05-01 07:41:00.599495,119.21138763427734
2026-05-01 07:41:00.797548,2026-05-01 07:41:00.797548,119.78671264648438
2026-05-01 07:41:00.999368,2026-05-01 07:41:00.999368,120.2757339477539
2026-05-01 07:41:01.197685,2026-05-01 07:41:01.197685,120.69140625
2026-05-01 07:41:01.397575,2026-05-01 07:41:01.397575,121.04473114013672
2026-05-01 07:41:01.597719,2026-05-01 07:41:01.597719,121.34504699707033
2026-05-01 07:41:01.798278,2026-05-01 07:41:01.798278,121.60032653808594
2026-05-01 07:41:01.997768,2026-05-01 07:41:01.997768,121.81730651855467
2026-05-01 07:41:02.202061,2026-05-01 07:41:02.202061,122.00173950195312
2026-05-01 07:41:02.397386,2026-05-01 07:41:02.397386,122.15850830078124
2026-05-01 07:41:02.597958,2026-05-01 07:41:02.597958,122.29176330566406
2026-05-01 07:41:02.798370,2026-05-01 07:41:02.798370,122.405029296875
2026-05-01 07:41:02.998715,2026-05-01 07:41:02.998715,122.50131225585938
2026-05-01 07:41:03.197926,2026-05-01 07:41:03.197926,122.58314514160156
2026-05-01 07:41:03.399448,2026-05-01 07:41:03.399448,122.65270233154295
2026-05-01 07:41:03.598245,2026-05-01 07:41:03.598245,122.71183013916016
2026-05-01 07:41:03.797527,2026-05-01 07:41:03.797527,122.7620849609375
2026-05-01 07:41:03.997588,2026-05-01 07:41:03.997588,122.80480194091795
2026-05-01 07:41:04.198188,2026-05-01 07:41:04.198188,122.66533660888672
2026-05-01 07:41:04.398670,2026-05-01 07:41:04.398670,122.54678344726562
2026-05-01 07:41:04.597630,2026-05-01 07:41:04.597630,122.44601440429688
2026-05-01 07:41:04.797458,2026-05-01 07:41:04.797458,122.36036682128906
2026-05-01 07:41:04.998343,2026-05-01 07:41:04.998343,122.28755950927734
2026-05-01 07:41:05.197376,2026-05-01 07:41:05.197376,122.22567749023438
2026-05-01 07:41:05.399930,2026-05-01 07:41:05.399930,122.1730728149414
2026-05-01 07:41:05.601516,2026-05-01 07:41:05.601516,122.12836456298828
2026-05-01 07:41:05.797375,2026-05-01 07:41:05.797375,122.0903549194336
2026-05-01 07:41:06.000512,2026-05-01 07:41:06.000512,122.05805206298828
2026-05-01 07:41:06.198723,2026-05-01 07:41:06.198723,122.03059387207033
2026-05-01 07:41:06.398899,2026-05-01 07:41:06.398899,122.00725555419922
2026-05-01 07:41:06.597682,2026-05-01 07:41:06.597682,121.98741912841795
2026-05-01 07:41:06.798464,2026-05-01 07:41:06.798464,121.9705581665039
2026-05-01 07:41:06.997845,2026-05-01 07:41:06.997845,121.95622253417967
2026-05-01 07:41:07.198115,2026-05-01 07:41:07.198115,121.94403839111328
2026-05-01 07:41:07.397283,2026-05-01 07:41:07.397283,121.93368530273438
2026-05-01 07:41:07.597462,2026-05-01 07:41:07.597462,125.08894348144533
2026-05-01 07:41:07.797438,2026-05-01 07:41:07.797438,127.77091217041016
2026-05-01 07:41:07.998548,2026-05-01 07:41:07.998548,130.0505828857422
2026-05-01 07:41:08.197542,2026-05-01 07:41:08.197542,131.98831176757812
2026-05-01 07:41:08.398010,2026-05-01 07:41:08.398010,133.6353759765625
2026-05-01 07:41:08.598002,2026-05-01 07:41:08.598002,135.03538513183594
2026-05-01 07:41:08.797897,2026-05-01 07:41:08.797897,136.2253875732422
2026-05-01 07:41:08.997914,2026-05-01 07:41:08.997914,137.2368927001953
2026-05-01 07:41:09.197813,2026-05-01 07:41:09.197813,138.09666442871094
2026-05-01 07:41:09.397549,2026-05-01 07:41:09.397549,138.82748413085938
2026-05-01 07:41:09.597392,2026-05-01 07:41:09.597392,139.44866943359375
2026-05-01 07:41:09.797749,2026-05-01 07:41:09.797749,130.1329345703125
2026-05-01 07:41:09.997380,2026-05-01 07:41:09.997380,122.2145538330078
2026-05-01 07:41:10.197462,2026-05-01 07:41:10.197462,115.4839324951172
2026-05-01 07:41:10.397404,2026-05-01 07:41:10.397404,109.76290893554688
2026-05-01 07:41:10.598345,2026-05-01 07:41:10.598345,105.07581329345705
2026-05-01 07:41:10.797947,2026-05-01 07:41:10.797947,101.09178924560548
2026-05-01 07:41:10.997558,2026-05-01 07:41:10.997558,97.70536041259766
2026-05-01 07:41:11.197943,2026-05-01 07:41:11.197943,94.826904296875
2026-05-01 07:41:11.397394,2026-05-01 07:41:11.397394,92.38021087646484
2026-05-01 07:41:11.597649,2026-05-01 07:41:11.597649,90.30052185058594
2026-05-01 07:41:11.797809,2026-05-01 07:41:11.797809,88.53279113769531
2026-05-01 07:41:11.997383,2026-05-01 07:41:11.997383,87.03021240234375
2026-05-01 07:41:12.197394,2026-05-01 07:41:12.197394,85.5772476196289
2026-05-01 07:41:12.398297,2026-05-01 07:41:12.398297,84.34221649169922
2026-05-01 07:41:12.597841,2026-05-01 07:41:12.597841,83.29244995117188
2026-05-01 07:41:12.797471,2026-05-01 07:41:12.797471,82.400146484375
2026-05-01 07:41:12.997920,2026-05-01 07:41:12.997920,81.64168548583984
2026-05-01 07:41:13.199087,2026-05-01 07:41:13.199087,80.99699401855469
2026-05-01 07:41:13.397420,2026-05-01 07:41:13.397420,80.44900512695312
2026-05-01 07:41:13.597540,2026-05-01 07:41:13.597540,79.98322296142578
2026-05-01 07:41:13.797632,2026-05-01 07:41:13.797632,79.58729553222656
2026-05-01 07:41:13.997770,2026-05-01 07:41:13.997770,79.25077056884766
2026-05-01 07:41:14.197962,2026-05-01 07:41:14.197962,78.96471405029297
2026-05-01 07:41:14.397726,2026-05-01 07:41:14.397726,78.72157287597656
2026-05-01 07:41:14.597672,2026-05-01 07:41:14.597672,78.51490020751953
2026-05-01 07:41:27.697400,2026-05-01 07:41:27.697400,78.33922576904297
2026-05-01 07:41:27.897783,2026-05-01 07:41:27.897783,78.18990325927734
2026-05-01 07:41:28.097555,2026-05-01 07:41:28.097555,78.06298065185547
2026-05-01 07:41:28.297627,2026-05-01 07:41:28.297627,77.95509338378906
2026-05-01 07:41:28.498716,2026-05-01 07:41:28.498716,77.86339569091797
2026-05-01 07:41:28.703719,2026-05-01 07:41:28.703719,77.78544616699219
2026-05-01 07:41:28.897284,2026-05-01 07:41:28.897284,77.71919250488281
2026-05-01 07:41:29.097395,2026-05-01 07:41:29.097395,77.66287994384766
2026-05-01 07:41:29.297399,2026-05-01 07:41:29.297399,77.61500549316406
2026-05-01 07:41:29.497397,2026-05-01 07:41:29.497397,77.5743179321289
2026-05-01 07:41:29.698392,2026-05-01 07:41:29.698392,77.53973388671875
2026-05-01 07:41:29.897501,2026-05-01 07:41:29.897501,77.51033782958984
2026-05-01 07:41:30.098310,2026-05-01 07:41:30.098310,77.4853515625
2026-05-01 07:41:30.297395,2026-05-01 07:41:30.297395,77.464111328125
2026-05-01 07:41:30.497294,2026-05-01 07:41:30.497294,77.44605255126953
2026-05-01 07:41:30.697300,2026-05-01 07:41:30.697300,77.43070983886719
2026-05-01 07:41:30.897734,2026-05-01 07:41:30.897734,77.41766357421875
2026-05-01 07:41:31.097424,2026-05-01 07:41:31.097424,77.40657806396484
2026-05-01 07:41:31.297713,2026-05-01 07:41:31.297713,77.39715576171875
2026-05-01 07:41:31.497477,2026-05-01 07:41:31.497477,77.21336364746094
2026-05-01 07:41:31.698877,2026-05-01 07:41:31.698877,77.05713653564453
2026-05-01 07:41:31.897935,2026-05-01 07:41:31.897935,76.92434692382812
2026-05-01 07:41:32.098311,2026-05-01 07:41:32.098311,76.81147766113281
2026-05-01 07:41:32.297892,2026-05-01 07:41:32.297892,76.71553802490234
2026-05-01 07:41:32.497693,2026-05-01 07:41:32.497693,76.63398742675781
2026-05-01 07:41:32.697974,2026-05-01 07:41:32.697974,76.5646743774414
2026-05-01 07:41:32.898020,2026-05-01 07:41:32.898020,76.50575256347656
2026-05-01 07:41:33.097456,2026-05-01 07:41:33.097456,76.45567321777344
2026-05-01 07:41:33.297357,2026-05-01 07:41:33.297357,76.41310119628906
2026-05-01 07:41:33.497301,2026-05-01 07:41:33.497301,76.37691497802734
2026-05-01 07:41:33.697409,2026-05-01 07:41:33.697409,76.34616088867188
2026-05-01 07:41:33.897686,2026-05-01 07:41:33.897686,76.32001495361328
2026-05-01 07:41:34.097411,2026-05-01 07:41:34.097411,76.29779815673828
2026-05-01 07:41:34.299951,2026-05-01 07:41:34.299951,76.2789077758789
2026-05-01 07:41:34.500937,2026-05-01 07:41:34.500937,76.26285552978516
2026-05-01 07:41:34.698363,2026-05-01 07:41:34.698363,76.24920654296875
2026-05-01 07:41:34.898174,2026-05-01 07:41:34.898174,76.23760986328125
2026-05-01 07:41:35.099751,2026-05-01 07:41:35.099751,76.22774505615234
2026-05-01 07:41:35.297702,2026-05-01 07:41:35.297702,76.21936798095703
2026-05-01 07:41:35.497451,2026-05-01 07:41:35.497451,76.21224212646484
2026-05-01 07:41:35.697397,2026-05-01 07:41:35.697397,76.20618438720703
2026-05-01 07:41:35.898909,2026-05-01 07:41:35.898909,76.20104217529297
2026-05-01 07:41:36.099504,2026-05-01 07:41:36.099504,74.26306915283203
2026-05-01 07:41:36.297582,2026-05-01 07:41:36.297582,72.61579895019531
2026-05-01 07:41:36.497840,2026-05-01 07:41:36.497840,71.21561431884766
2026-05-01 07:41:36.697360,2026-05-01 07:41:36.697360,70.02545928955078
2026-05-01 07:41:36.897667,2026-05-01 07:41:36.897667,69.01383209228516
2026-05-01 07:41:37.101199,2026-05-01 07:41:37.101199,68.15394592285156
2026-05-01 07:41:37.299569,2026-05-01 07:41:37.299569,67.42304229736328
2026-05-01 07:41:37.498882,2026-05-01 07:41:37.498882,66.80177307128906
2026-05-01 07:41:37.699626,2026-05-01 07:41:37.699626,66.27368927001953
2026-05-01 07:41:37.897953,2026-05-01 07:41:37.897953,65.8248291015625
2026-05-01 07:41:38.100339,2026-05-01 07:41:38.100339,65.44329071044922
2026-05-01 07:41:38.300242,2026-05-01 07:41:38.300242,65.11898040771484
2026-05-01 07:41:38.500229,2026-05-01 07:41:38.500229,64.84332275390625
2026-05-01 07:41:38.698018,2026-05-01 07:41:38.698018,64.60901641845703
2026-05-01 07:41:38.898546,2026-05-01 07:41:38.898546,64.40985107421875
2026-05-01 07:41:39.101447,2026-05-01 07:41:39.101447,64.24055480957031
2026-05-01 07:41:39.298038,2026-05-01 07:41:39.298038,64.09666442871094
2026-05-01 07:41:39.498008,2026-05-01 07:41:39.498008,63.97434997558594
2026-05-01 07:41:39.697519,2026-05-01 07:41:39.697519,63.870384216308594
2026-05-01 07:41:39.900270,2026-05-01 07:41:39.900270,63.78201675415039
2026-05-01 07:41:40.099439,2026-05-01 07:41:40.099439,63.70690155029297
2026-05-01 07:41:40.298783,2026-05-01 07:41:40.298783,63.64305114746094
2026-05-01 07:41:40.498988,2026-05-01 07:41:40.498988,63.76456451416016
2026-05-01 07:41:40.697442,2026-05-01 07:41:40.697442,63.86784744262695
2026-05-01 07:41:40.899546,2026-05-01 07:41:40.899546,63.95563888549805
2026-05-01 07:41:41.097578,2026-05-01 07:41:41.097578,64.20604705810547
2026-05-01 07:41:41.301089,2026-05-01 07:41:41.301089,64.41888427734375
2026-05-01 07:41:41.497626,2026-05-01 07:41:41.497626,66.88495635986328
2026-05-01 07:41:41.698098,2026-05-01 07:41:41.698098,68.98112487792969
2026-05-01 07:41:41.899942,2026-05-01 07:41:41.899942,70.76286315917969
2026-05-01 07:41:42.098254,2026-05-01 07:41:42.098254,72.27733612060547
2026-05-01 07:41:42.297830,2026-05-01 07:41:42.297830,73.56464385986328
2026-05-01 07:41:42.497375,2026-05-01 07:41:42.497375,74.65885162353516
2026-05-01 07:41:42.698854,2026-05-01 07:41:42.698854,75.58892822265625
2026-05-01 07:41:42.904463,2026-05-01 07:41:42.904463,76.37950134277344
2026-05-01 07:41:43.098043,2026-05-01 07:41:43.098043,77.05148315429688
2026-05-01 07:41:43.297516,2026-05-01 07:41:43.297516,77.62266540527344
2026-05-01 07:41:43.497598,2026-05-01 07:41:43.497598,78.10816955566406
2026-05-01 07:41:43.697322,2026-05-01 07:41:43.697322,78.5208511352539
2026-05-01 07:41:43.901966,2026-05-01 07:41:43.901966,78.87162780761719
2026-05-01 07:41:44.098916,2026-05-01 07:41:44.098916,79.16979217529297
2026-05-01 07:41:44.298408,2026-05-01 07:41:44.298408,79.42322540283203
2026-05-01 07:41:44.497437,2026-05-01 07:41:44.497437,79.6386489868164
2026-05-01 07:41:44.698636,2026-05-01 07:41:44.698636,79.82176208496094
2026-05-01 07:41:44.899447,2026-05-01 07:41:44.899447,79.97740173339844
2026-05-01 07:41:45.098408,2026-05-01 07:41:45.098408,80.10969543457031
2026-05-01 07:41:45.297662,2026-05-01 07:41:45.297662,80.22215270996094
2026-05-01 07:41:45.498896,2026-05-01 07:41:45.498896,80.31773376464844
2026-05-01 07:41:45.697854,2026-05-01 07:41:45.697854,80.39897918701172
2026-05-01 07:41:45.898041,2026-05-01 07:41:45.898041,80.4680404663086
2026-05-01 07:41:46.098047,2026-05-01 07:41:46.098047,80.52674102783203
2026-05-01 07:41:46.297794,2026-05-01 07:41:46.297794,80.5766372680664
2026-05-01 07:41:46.497985,2026-05-01 07:41:46.497985,80.61904907226562
2026-05-01 07:41:46.697347,2026-05-01 07:41:46.697347,80.65509796142578
2026-05-01 07:41:46.898011,2026-05-01 07:41:46.898011,80.68573760986328
2026-05-01 07:41:47.097966,2026-05-01 07:41:47.097966,80.71178436279297
2026-05-01 07:41:47.298885,2026-05-01 07:41:47.298885,80.73392486572266
2026-05-01 07:41:47.497793,2026-05-01 07:41:47.497793,80.75273895263672
2026-05-01 07:41:47.697852,2026-05-01 07:41:47.697852,80.76873779296875
2026-05-01 07:41:47.898317,2026-05-01 07:41:47.898317,80.78233337402344
2026-05-01 07:41:48.097629,2026-05-01 07:41:48.097629,80.79388427734375
2026-05-01 07:41:48.297694,2026-05-01 07:41:48.297694,80.8037109375
2026-05-01 07:41:48.497610,2026-05-01 07:41:48.497610,80.81205749511719
2026-05-01 07:41:48.697459,2026-05-01 07:41:48.697459,80.81916046142578
2026-05-01 07:41:48.897363,2026-05-01 07:41:48.897363,80.82518768310547
2026-05-01 07:41:49.097443,2026-05-01 07:41:49.097443,80.83031463623047
2026-05-01 07:41:49.297305,2026-05-01 07:41:49.297305,82.76827239990234
2026-05-01 07:41:49.498966,2026-05-01 07:41:49.498966,84.41552734375
2026-05-01 07:41:49.699980,2026-05-01 07:41:49.699980,85.8156967163086
2026-05-01 07:41:49.897462,2026-05-01 07:41:49.897462,87.00584411621094
2026-05-01 07:41:50.099296,2026-05-01 07:41:50.099296,88.01747131347656
2026-05-01 07:41:50.298366,2026-05-01 07:41:50.298366,88.87734985351562
2026-05-01 07:41:50.497465,2026-05-01 07:41:50.497465,89.60824584960938
2026-05-01 07:41:50.699529,2026-05-01 07:41:50.699529,90.22950744628906
2026-05-01 07:41:50.897433,2026-05-01 07:41:50.897433,90.75758361816406
2026-05-01 07:41:51.097884,2026-05-01 07:41:51.097884,91.0306625366211
2026-05-01 07:41:51.298010,2026-05-01 07:41:51.298010,91.26278686523438
2026-05-01 07:41:51.497304,2026-05-01 07:41:51.497304,91.4600830078125
2026-05-01 07:41:51.697380,2026-05-01 07:41:51.697380,91.62779235839844
2026-05-01 07:41:51.897380,2026-05-01 07:41:51.897380,91.77033996582033
2026-05-01 07:41:52.098014,2026-05-01 07:41:52.098014,91.89151000976562
2026-05-01 07:41:52.299248,2026-05-01 07:41:52.299248,91.99449920654295
2026-05-01 07:41:52.497925,2026-05-01 07:41:52.497925,92.08204650878906
2026-05-01 07:41:52.697392,2026-05-01 07:41:52.697392,92.15645599365234
2026-05-01 07:41:52.897335,2026-05-01 07:41:52.897335,92.0439224243164
2026-05-01 07:42:05.999946,2026-05-01 07:42:05.999946,91.94827270507812
2026-05-01 07:42:06.197866,2026-05-01 07:42:06.197866,91.86697387695312
2026-05-01 07:42:06.397464,2026-05-01 07:42:06.397464,91.79785919189452
2026-05-01 07:42:06.599339,2026-05-01 07:42:06.599339,91.73912048339844
2026-05-01 07:42:06.798526,2026-05-01 07:42:06.798526,91.68919372558594
2026-05-01 07:42:06.998722,2026-05-01 07:42:06.998722,91.6467514038086
2026-05-01 07:42:07.197683,2026-05-01 07:42:07.197683,91.43489074707033
2026-05-01 07:42:07.397424,2026-05-01 07:42:07.397424,91.25481414794922
2026-05-01 07:42:07.598453,2026-05-01 07:42:07.598453,91.10174560546876
2026-05-01 07:42:07.797386,2026-05-01 07:42:07.797386,90.97164154052734
2026-05-01 07:42:07.997873,2026-05-01 07:42:07.997873,90.86105346679688
2026-05-01 07:42:08.198203,2026-05-01 07:42:08.198203,90.76705169677734
2026-05-01 07:42:08.397344,2026-05-01 07:42:08.397344,90.51136779785156
2026-05-01 07:42:08.597390,2026-05-01 07:42:08.597390,90.29403686523438
2026-05-01 07:42:08.797871,2026-05-01 07:42:08.797871,90.10930633544922
2026-05-01 07:42:08.997601,2026-05-01 07:42:08.997601,89.95228576660156
2026-05-01 07:42:09.198077,2026-05-01 07:42:09.198077,89.81881713867188
2026-05-01 07:42:09.397513,2026-05-01 07:42:09.397513,89.70536804199219
2026-05-01 07:42:09.597478,2026-05-01 07:42:09.597478,89.60894012451172
2026-05-01 07:42:09.797425,2026-05-01 07:42:09.797425,89.5269775390625
2026-05-01 07:42:09.998708,2026-05-01 07:42:09.998708,89.45730590820312
2026-05-01 07:42:10.197705,2026-05-01 07:42:10.197705,89.39807891845703
2026-05-01 07:42:10.397424,2026-05-01 07:42:10.397424,89.34774780273438
2026-05-01 07:42:10.598380,2026-05-01 07:42:10.598380,89.30496215820312
2026-05-01 07:42:10.798354,2026-05-01 07:42:10.798354,96.47562408447266
2026-05-01 07:42:10.997530,2026-05-01 07:42:10.997530,102.57068634033205
2026-05-01 07:42:11.197939,2026-05-01 07:42:11.197939,100.5444564819336
2026-05-01 07:42:11.399457,2026-05-01 07:42:11.399457,98.8221664428711
2026-05-01 07:42:11.597464,2026-05-01 07:42:11.597464,104.56524658203124
2026-05-01 07:42:11.798310,2026-05-01 07:42:11.798310,109.44686126708984
2026-05-01 07:42:11.998230,2026-05-01 07:42:11.998230,106.3892059326172
2026-05-01 07:42:12.197630,2026-05-01 07:42:12.197630,103.79020690917967
2026-05-01 07:42:12.397356,2026-05-01 07:42:12.397356,101.58104705810548
2026-05-01 07:42:12.597670,2026-05-01 07:42:12.597670,99.70326232910156
2026-05-01 07:42:12.799337,2026-05-01 07:42:12.799337,98.10714721679688
2026-05-01 07:42:12.997631,2026-05-01 07:42:12.997631,96.75045013427734
2026-05-01 07:42:13.197453,2026-05-01 07:42:13.197453,95.59725952148438
2026-05-01 07:42:13.397620,2026-05-01 07:42:13.397620,94.4412612915039
2026-05-01 07:42:13.597449,2026-05-01 07:42:13.597449,93.45867156982422
2026-05-01 07:42:13.797995,2026-05-01 07:42:13.797995,92.62345886230467
2026-05-01 07:42:13.997451,2026-05-01 07:42:13.997451,91.91353607177734
2026-05-01 07:42:14.198008,2026-05-01 07:42:14.198008,91.31009674072266
2026-05-01 07:42:14.397544,2026-05-01 07:42:14.397544,90.79718017578124
2026-05-01 07:42:14.597270,2026-05-01 07:42:14.597270,90.36119842529295
2026-05-01 07:42:14.797393,2026-05-01 07:42:14.797393,89.99060821533203
2026-05-01 07:42:14.997463,2026-05-01 07:42:14.997463,89.67561340332031
2026-05-01 07:42:15.197543,2026-05-01 07:42:15.197543,89.40786743164062
2026-05-01 07:42:15.397649,2026-05-01 07:42:15.397649,89.1802749633789
2026-05-01 07:42:15.597855,2026-05-01 07:42:15.597855,88.98683166503906
2026-05-01 07:42:15.797451,2026-05-01 07:42:15.797451,88.82240295410156
2026-05-01 07:42:15.999033,2026-05-01 07:42:15.999033,88.68263244628906
2026-05-01 07:42:16.197875,2026-05-01 07:42:16.197875,88.56383514404297
2026-05-01 07:42:16.397398,2026-05-01 07:42:16.397398,88.46285247802734
2026-05-01 07:42:16.598467,2026-05-01 07:42:16.598467,88.37701416015625
2026-05-01 07:42:16.797710,2026-05-01 07:42:16.797710,88.30406188964844
2026-05-01 07:42:16.998863,2026-05-01 07:42:16.998863,88.2420425415039
2026-05-01 07:42:17.197866,2026-05-01 07:42:17.197866,88.1893310546875
2026-05-01 07:42:17.399551,2026-05-01 07:42:17.399551,90.78124237060548
2026-05-01 07:42:17.600153,2026-05-01 07:42:17.600153,92.98436737060548
2026-05-01 07:42:17.798445,2026-05-01 07:42:17.798445,94.85702514648438
2026-05-01 07:42:18.001445,2026-05-01 07:42:18.001445,96.44878387451172
2026-05-01 07:42:18.197470,2026-05-01 07:42:18.197470,97.9775619506836
2026-05-01 07:42:18.397689,2026-05-01 07:42:18.397689,99.27702331542967
2026-05-01 07:42:18.597611,2026-05-01 07:42:18.597611,97.56906127929688
2026-05-01 07:42:18.797846,2026-05-01 07:42:18.797846,96.11729431152344
2026-05-01 07:42:18.998896,2026-05-01 07:42:18.998896,94.88329315185548
2026-05-01 07:42:19.198693,2026-05-01 07:42:19.198693,93.83439636230467
2026-05-01 07:42:19.397392,2026-05-01 07:42:19.397392,92.94283294677734
2026-05-01 07:42:19.598847,2026-05-01 07:42:19.598847,92.18499755859376
2026-05-01 07:42:19.800904,2026-05-01 07:42:19.800904,91.54084014892578
2026-05-01 07:42:19.998117,2026-05-01 07:42:19.998117,90.9933090209961
2026-05-01 07:42:20.199648,2026-05-01 07:42:20.199648,90.52790832519533
2026-05-01 07:42:20.398187,2026-05-01 07:42:20.398187,90.13231658935548
2026-05-01 07:42:20.600203,2026-05-01 07:42:20.600203,89.79605865478516
2026-05-01 07:42:20.799979,2026-05-01 07:42:20.799979,89.51024627685547
2026-05-01 07:42:21.000194,2026-05-01 07:42:21.000194,89.26730346679688
2026-05-01 07:42:21.198135,2026-05-01 07:42:21.198135,89.06079864501953
2026-05-01 07:42:21.399811,2026-05-01 07:42:21.399811,88.8852767944336
2026-05-01 07:42:21.601305,2026-05-01 07:42:21.601305,88.73607635498047
2026-05-01 07:42:21.797414,2026-05-01 07:42:21.797414,88.60926055908203
2026-05-01 07:42:22.000279,2026-05-01 07:42:22.000279,88.50146484375
2026-05-01 07:42:22.198789,2026-05-01 07:42:22.198789,88.40983581542969
2026-05-01 07:42:22.397729,2026-05-01 07:42:22.397729,88.33195495605469
2026-05-01 07:42:22.597505,2026-05-01 07:42:22.597505,88.44153594970703
2026-05-01 07:42:22.799644,2026-05-01 07:42:22.799644,88.53468322753906
2026-05-01 07:42:22.999712,2026-05-01 07:42:22.999712,88.61385345458984
2026-05-01 07:42:23.198234,2026-05-01 07:42:23.198234,88.68115234375
2026-05-01 07:42:23.400415,2026-05-01 07:42:23.400415,88.73835754394531
2026-05-01 07:42:23.597852,2026-05-01 07:42:23.597852,88.78697204589844
2026-05-01 07:42:23.797389,2026-05-01 07:42:23.797389,88.82830810546875
2026-05-01 07:42:23.997764,2026-05-01 07:42:23.997764,88.86343383789062
2026-05-01 07:42:24.198449,2026-05-01 07:42:24.198449,88.89329528808594
2026-05-01 07:42:24.398005,2026-05-01 07:42:24.398005,88.9186782836914
2026-05-01 07:42:24.599471,2026-05-01 07:42:24.599471,88.94024658203125
2026-05-01 07:42:24.798945,2026-05-01 07:42:24.798945,88.95858764648438
2026-05-01 07:42:24.998603,2026-05-01 07:42:24.998603,88.97417449951172
2026-05-01 07:42:25.197547,2026-05-01 07:42:25.197547,88.98741912841797
2026-05-01 07:42:25.398217,2026-05-01 07:42:25.398217,88.99868774414062
2026-05-01 07:42:25.597983,2026-05-01 07:42:25.597983,89.00825500488281
2026-05-01 07:42:25.797797,2026-05-01 07:42:25.797797,89.01639556884766
2026-05-01 07:42:25.997923,2026-05-01 07:42:25.997923,89.02330780029297
2026-05-01 07:42:26.197647,2026-05-01 07:42:26.197647,89.02919006347656
2026-05-01 07:42:26.397486,2026-05-01 07:42:26.397486,89.03418731689453
2026-05-01 07:42:26.597359,2026-05-01 07:42:26.597359,89.0384292602539
2026-05-01 07:42:26.798227,2026-05-01 07:42:26.798227,89.04204559326172
2026-05-01 07:42:26.997509,2026-05-01 07:42:26.997509,89.04511260986328
2026-05-01 07:42:27.197761,2026-05-01 07:42:27.197761,89.04772186279297
2026-05-01 07:42:27.397382,2026-05-01 07:42:27.397382,89.04993438720703
2026-05-01 07:42:27.597499,2026-05-01 07:42:27.597499,89.05181884765625
2026-05-01 07:42:27.800007,2026-05-01 07:42:27.800007,89.05342102050781
2026-05-01 07:42:27.997371,2026-05-01 07:42:27.997371,89.0547866821289
2026-05-01 07:42:28.197854,2026-05-01 07:42:28.197854,89.05593872070312
2026-05-01 07:42:28.398435,2026-05-01 07:42:28.398435,89.05692291259766
2026-05-01 07:42:28.597878,2026-05-01 07:42:28.597878,89.0577621459961
2026-05-01 07:42:28.798823,2026-05-01 07:42:28.798823,89.0584716796875
2026-05-01 07:42:28.997489,2026-05-01 07:42:28.997489,89.05907440185547
2026-05-01 07:42:29.197378,2026-05-01 07:42:29.197378,89.0595932006836
2026-05-01 07:42:29.397399,2026-05-01 07:42:29.397399,89.06002807617188
2026-05-01 07:42:29.597575,2026-05-01 07:42:29.597575,89.06039428710938
2026-05-01 07:42:29.797844,2026-05-01 07:42:29.797844,88.88493347167969
2026-05-01 07:42:29.997350,2026-05-01 07:42:29.997350,88.73578643798828
2026-05-01 07:42:30.197355,2026-05-01 07:42:30.197355,88.6090087890625
2026-05-01 07:42:30.397968,2026-05-01 07:42:30.397968,88.50125122070312
2026-05-01 07:42:30.597476,2026-05-01 07:42:30.597476,88.40966033935547
2026-05-01 07:42:30.798392,2026-05-01 07:42:30.798392,88.33180236816406
2026-05-01 07:42:30.997674,2026-05-01 07:42:30.997674,88.265625
2026-05-01 07:42:31.198469,2026-05-01 07:42:31.198469,88.2093734741211
2026-05-01 07:42:44.298887,2026-05-01 07:42:44.298887,88.16156768798828
2026-05-01 07:42:44.498451,2026-05-01 07:42:44.498451,88.12092590332031
2026-05-01 07:42:44.697647,2026-05-01 07:42:44.697647,88.08638000488281
2026-05-01 07:42:44.898079,2026-05-01 07:42:44.898079,88.05701446533203
2026-05-01 07:42:45.098087,2026-05-01 07:42:45.098087,88.03205871582031
2026-05-01 07:42:45.298202,2026-05-01 07:42:45.298202,88.0108413696289
2026-05-01 07:42:45.497598,2026-05-01 07:42:45.497598,87.99281311035156
2026-05-01 07:42:45.697477,2026-05-01 07:42:45.697477,87.80170440673828
2026-05-01 07:42:45.897545,2026-05-01 07:42:45.897545,87.6392593383789
2026-05-01 07:42:46.099362,2026-05-01 07:42:46.099362,87.50118255615234
2026-05-01 07:42:46.298330,2026-05-01 07:42:46.298330,90.02053833007812
2026-05-01 07:42:46.497470,2026-05-01 07:42:46.497470,92.1619873046875
2026-05-01 07:42:46.697423,2026-05-01 07:42:46.697423,93.9822235107422
2026-05-01 07:42:46.897407,2026-05-01 07:42:46.897407,95.5294189453125
2026-05-01 07:42:47.097407,2026-05-01 07:42:47.097407,96.84453582763672
2026-05-01 07:42:47.297531,2026-05-01 07:42:47.297531,97.96238708496094
2026-05-01 07:42:47.497963,2026-05-01 07:42:47.497963,99.08834075927734
2026-05-01 07:42:47.697852,2026-05-01 07:42:47.697852,100.04540252685548
2026-05-01 07:42:47.898297,2026-05-01 07:42:47.898297,100.85890197753906
2026-05-01 07:42:48.099240,2026-05-01 07:42:48.099240,101.55038452148438
2026-05-01 07:42:48.297429,2026-05-01 07:42:48.297429,102.1381378173828
2026-05-01 07:42:48.498302,2026-05-01 07:42:48.498302,102.63772583007812
2026-05-01 07:42:48.698982,2026-05-01 07:42:48.698982,103.06238555908205
2026-05-01 07:42:48.898218,2026-05-01 07:42:48.898218,103.42333984375
2026-05-01 07:42:49.100359,2026-05-01 07:42:49.100359,103.90592956542967
2026-05-01 07:42:49.297426,2026-05-01 07:42:49.297426,104.31613159179688
2026-05-01 07:42:49.497381,2026-05-01 07:42:49.497381,104.66481018066406
2026-05-01 07:42:49.697806,2026-05-01 07:42:49.697806,104.961181640625
2026-05-01 07:42:49.897396,2026-05-01 07:42:49.897396,105.21309661865234
2026-05-01 07:42:50.098299,2026-05-01 07:42:50.098299,105.4272232055664
2026-05-01 07:42:50.298731,2026-05-01 07:42:50.298731,105.78501892089844
2026-05-01 07:42:50.498418,2026-05-01 07:42:50.498418,106.08914184570312
2026-05-01 07:42:50.697417,2026-05-01 07:42:50.697417,106.34764099121094
2026-05-01 07:42:50.899304,2026-05-01 07:42:50.899304,106.56737518310548
2026-05-01 07:42:51.097653,2026-05-01 07:42:51.097653,106.92992401123048
2026-05-01 07:42:51.299412,2026-05-01 07:42:51.299412,107.23809051513672
2026-05-01 07:42:51.497643,2026-05-01 07:42:51.497643,107.50003051757812
2026-05-01 07:42:51.700003,2026-05-01 07:42:51.700003,107.89846801757812
2026-05-01 07:42:51.897730,2026-05-01 07:42:51.897730,108.23713684082033
2026-05-01 07:42:52.097717,2026-05-01 07:42:52.097717,108.5250015258789
2026-05-01 07:42:52.298536,2026-05-01 07:42:52.298536,108.94547271728516
2026-05-01 07:42:52.497935,2026-05-01 07:42:52.497935,109.30286407470705
2026-05-01 07:42:52.698190,2026-05-01 07:42:52.698190,109.78244018554688
2026-05-01 07:42:52.898057,2026-05-01 07:42:52.898057,110.19007110595705
2026-05-01 07:42:53.097687,2026-05-01 07:42:53.097687,110.53656005859376
2026-05-01 07:42:53.302389,2026-05-01 07:42:53.302389,110.8310775756836
2026-05-01 07:42:53.499476,2026-05-01 07:42:53.499476,111.08141326904295
2026-05-01 07:42:53.697912,2026-05-01 07:42:53.697912,111.46998596191406
2026-05-01 07:42:53.897784,2026-05-01 07:42:53.897784,111.8002700805664
2026-05-01 07:42:54.097375,2026-05-01 07:42:54.097375,112.0810089111328
2026-05-01 07:42:54.297946,2026-05-01 07:42:54.297946,112.31964111328124
2026-05-01 07:42:54.497447,2026-05-01 07:42:54.497447,112.52247619628906
2026-05-01 07:42:54.698529,2026-05-01 07:42:54.698529,112.69488525390624
2026-05-01 07:42:54.900293,2026-05-01 07:42:54.900293,112.8414306640625
2026-05-01 07:42:55.098618,2026-05-01 07:42:55.098618,112.96599578857422
2026-05-01 07:42:55.297451,2026-05-01 07:42:55.297451,113.07188415527344
2026-05-01 07:42:55.499032,2026-05-01 07:42:55.499032,113.16188049316406
2026-05-01 07:42:55.700430,2026-05-01 07:42:55.700430,113.2383804321289
2026-05-01 07:42:55.899270,2026-05-01 07:42:55.899270,113.30340576171876
2026-05-01 07:42:56.098977,2026-05-01 07:42:56.098977,113.35867309570312
2026-05-01 07:42:56.299400,2026-05-01 07:42:56.299400,113.40565490722656
2026-05-01 07:42:56.499275,2026-05-01 07:42:56.499275,113.44558715820312
2026-05-01 07:42:56.698972,2026-05-01 07:42:56.698972,113.47953033447266
2026-05-01 07:42:56.898239,2026-05-01 07:42:56.898239,113.50838470458984
2026-05-01 07:42:57.099418,2026-05-01 07:42:57.099418,113.53290557861328
2026-05-01 07:42:57.297560,2026-05-01 07:42:57.297560,113.55374908447266
2026-05-01 07:42:57.501059,2026-05-01 07:42:57.501059,113.57147216796876
2026-05-01 07:42:57.698612,2026-05-01 07:42:57.698612,113.41075134277344
2026-05-01 07:42:57.897393,2026-05-01 07:42:57.897393,113.27413940429688
2026-05-01 07:42:58.099822,2026-05-01 07:42:58.099822,113.15802001953124
2026-05-01 07:42:58.299395,2026-05-01 07:42:58.299395,113.05931091308594
2026-05-01 07:42:58.498994,2026-05-01 07:42:58.498994,112.97541809082033
2026-05-01 07:42:58.699164,2026-05-01 07:42:58.699164,112.90410614013672
2026-05-01 07:42:58.901940,2026-05-01 07:42:58.901940,112.84349060058594
2026-05-01 07:42:59.098451,2026-05-01 07:42:59.098451,112.79196166992188
2026-05-01 07:42:59.298139,2026-05-01 07:42:59.298139,112.7481689453125
2026-05-01 07:42:59.498251,2026-05-01 07:42:59.498251,112.53516387939452
2026-05-01 07:42:59.697282,2026-05-01 07:42:59.697282,112.35411071777344
2026-05-01 07:42:59.897934,2026-05-01 07:42:59.897934,112.20021057128906
2026-05-01 07:43:00.099301,2026-05-01 07:43:00.099301,112.06939697265624
2026-05-01 07:43:00.298245,2026-05-01 07:43:00.298245,111.9582061767578
2026-05-01 07:43:00.499201,2026-05-01 07:43:00.499201,111.86369323730467
2026-05-01 07:43:00.697962,2026-05-01 07:43:00.697962,111.78335571289062
2026-05-01 07:43:00.899215,2026-05-01 07:43:00.899215,111.71507263183594
2026-05-01 07:43:01.098285,2026-05-01 07:43:01.098285,106.9109344482422
2026-05-01 07:43:01.300281,2026-05-01 07:43:01.300281,102.82742309570312
2026-05-01 07:43:01.499015,2026-05-01 07:43:01.499015,99.35643005371094
2026-05-01 07:43:01.700173,2026-05-01 07:43:01.700173,96.40609741210938
2026-05-01 07:43:01.899933,2026-05-01 07:43:01.899933,93.72252655029295
2026-05-01 07:43:02.099502,2026-05-01 07:43:02.099502,91.44149017333984
2026-05-01 07:43:02.299378,2026-05-01 07:43:02.299378,89.50260925292969
2026-05-01 07:43:02.497839,2026-05-01 07:43:02.497839,87.85456085205078
2026-05-01 07:43:02.698854,2026-05-01 07:43:02.698854,86.45372009277344
2026-05-01 07:43:02.897349,2026-05-01 07:43:02.897349,85.26300811767578
2026-05-01 07:43:03.099722,2026-05-01 07:43:03.099722,84.25090026855469
2026-05-01 07:43:03.298338,2026-05-01 07:43:03.298338,83.39060974121094
2026-05-01 07:43:03.499601,2026-05-01 07:43:03.499601,82.65936279296875
2026-05-01 07:43:03.697556,2026-05-01 07:43:03.697556,82.03780364990234
2026-05-01 07:43:03.898634,2026-05-01 07:43:03.898634,81.33369445800781
2026-05-01 07:43:04.107692,2026-05-01 07:43:04.107692,80.73519897460938
2026-05-01 07:43:04.297925,2026-05-01 07:43:04.297925,80.22648620605469
2026-05-01 07:43:04.497972,2026-05-01 07:43:04.497972,79.79407501220703
2026-05-01 07:43:04.699795,2026-05-01 07:43:04.699795,79.42652130126953
2026-05-01 07:43:04.897461,2026-05-01 07:43:04.897461,79.11410522460938
2026-05-01 07:43:05.097469,2026-05-01 07:43:05.097469,78.84855651855469
2026-05-01 07:43:05.299492,2026-05-01 07:43:05.299492,78.62283325195312
2026-05-01 07:43:05.497783,2026-05-01 07:43:05.497783,78.43096923828125
2026-05-01 07:43:05.698390,2026-05-01 07:43:05.698390,78.26789093017578
2026-05-01 07:43:05.897374,2026-05-01 07:43:05.897374,78.12926483154297
2026-05-01 07:43:06.097378,2026-05-01 07:43:06.097378,78.01143646240234
2026-05-01 07:43:06.297644,2026-05-01 07:43:06.297644,77.91128540039062
2026-05-01 07:43:06.498070,2026-05-01 07:43:06.498070,77.82615661621094
2026-05-01 07:43:06.698063,2026-05-01 07:43:06.698063,77.75379180908203
2026-05-01 07:43:06.907841,2026-05-01 07:43:06.907841,77.69229125976562
2026-05-01 07:43:07.097631,2026-05-01 07:43:07.097631,77.64000701904297
2026-05-01 07:43:07.307591,2026-05-01 07:43:07.307591,77.59556579589844
2026-05-01 07:43:07.497362,2026-05-01 07:43:07.497362,77.55779266357422
2026-05-01 07:43:07.697788,2026-05-01 07:43:07.697788,77.52568817138672
2026-05-01 07:43:07.897571,2026-05-01 07:43:07.897571,77.49839782714844
2026-05-01 07:43:08.097347,2026-05-01 07:43:08.097347,77.47520446777344
2026-05-01 07:43:08.297435,2026-05-01 07:43:08.297435,77.45548248291016
2026-05-01 07:43:08.497399,2026-05-01 07:43:08.497399,77.438720703125
2026-05-01 07:43:08.697425,2026-05-01 07:43:08.697425,77.42447662353516
2026-05-01 07:43:08.897885,2026-05-01 07:43:08.897885,77.41236877441406
2026-05-01 07:43:09.108277,2026-05-01 07:43:09.108277,77.4020767211914
2026-05-01 07:43:09.309142,2026-05-01 07:43:09.309142,77.39332580566406
2026-05-01 07:43:09.497553,2026-05-01 07:43:09.497553,77.3858871459961
2026-05-01 07:43:22.599600,2026-05-01 07:43:22.599600,77.37957000732422
2026-05-01 07:43:22.798613,2026-05-01 07:43:22.798613,77.37419891357422
2026-05-01 07:43:23.007717,2026-05-01 07:43:23.007717,77.36962890625
2026-05-01 07:43:23.210617,2026-05-01 07:43:23.210617,77.3657455444336
2026-05-01 07:43:23.399623,2026-05-01 07:43:23.399623,77.3624496459961
2026-05-01 07:43:23.607401,2026-05-01 07:43:23.607401,77.3596420288086
2026-05-01 07:43:23.800605,2026-05-01 07:43:23.800605,77.35726165771484
2026-05-01 07:43:23.998481,2026-05-01 07:43:23.998481,84.91382598876953
2026-05-01 07:43:24.197442,2026-05-01 07:43:24.197442,91.33690643310548
2026-05-01 07:43:24.397444,2026-05-01 07:43:24.397444,96.7965316772461
2026-05-01 07:43:24.597564,2026-05-01 07:43:24.597564,101.43720245361328
2026-05-01 07:43:24.808481,2026-05-01 07:43:24.808481,105.38178253173828
2026-05-01 07:43:25.007997,2026-05-01 07:43:25.007997,108.73467254638672
2026-05-01 07:43:25.198629,2026-05-01 07:43:25.198629,111.58462524414062
2026-05-01 07:43:25.398952,2026-05-01 07:43:25.398952,114.00708770751952
2026-05-01 07:43:25.608319,2026-05-01 07:43:25.608319,116.0661849975586
2026-05-01 07:43:25.807815,2026-05-01 07:43:25.807815,117.81641387939452
2026-05-01 07:43:26.008003,2026-05-01 07:43:26.008003,119.30410766601562
2026-05-01 07:43:26.207653,2026-05-01 07:43:26.207653,120.5686492919922
2026-05-01 07:43:26.397991,2026-05-01 07:43:26.397991,121.64350128173828
2026-05-01 07:43:26.607836,2026-05-01 07:43:26.607836,122.55713653564452
2026-05-01 07:43:26.807882,2026-05-01 07:43:26.807882,123.33372497558594
2026-05-01 07:43:26.998240,2026-05-01 07:43:26.998240,123.99382019042967
2026-05-01 07:43:27.207881,2026-05-01 07:43:27.207881,124.55490112304688
2026-05-01 07:43:27.407391,2026-05-01 07:43:27.407391,125.03182220458984
2026-05-01 07:43:27.599046,2026-05-01 07:43:27.599046,125.4372100830078
2026-05-01 07:43:27.798570,2026-05-01 07:43:27.798570,125.7817840576172
2026-05-01 07:43:28.008023,2026-05-01 07:43:28.008023,126.07466888427734
2026-05-01 07:43:28.198089,2026-05-01 07:43:28.198089,126.32362365722656
2026-05-01 07:43:28.399291,2026-05-01 07:43:28.399291,126.53524017333984
2026-05-01 07:43:28.608327,2026-05-01 07:43:28.608327,126.7151107788086
2026-05-01 07:43:28.799933,2026-05-01 07:43:28.799933,126.86799621582033
2026-05-01 07:43:28.998620,2026-05-01 07:43:28.998620,126.99795532226562
2026-05-01 07:43:29.198002,2026-05-01 07:43:29.198002,127.1084213256836
2026-05-01 07:43:29.399172,2026-05-01 07:43:29.399172,127.20230865478516
2026-05-01 07:43:29.608024,2026-05-01 07:43:29.608024,127.28211975097656
2026-05-01 07:43:29.809681,2026-05-01 07:43:29.809681,127.52574157714844
2026-05-01 07:43:30.008657,2026-05-01 07:43:30.008657,127.73281860351562
2026-05-01 07:43:30.208928,2026-05-01 07:43:30.208928,127.90882873535156
2026-05-01 07:43:30.399313,2026-05-01 07:43:30.399313,128.05844116210938
2026-05-01 07:43:30.598161,2026-05-01 07:43:30.598161,128.18560791015625
2026-05-01 07:43:30.809007,2026-05-01 07:43:30.809007,128.29371643066406
2026-05-01 07:43:31.008752,2026-05-01 07:43:31.008752,128.38558959960938
2026-05-01 07:43:31.210056,2026-05-01 07:43:31.210056,128.46368408203125
2026-05-01 07:43:31.407535,2026-05-01 07:43:31.407535,128.5300750732422
2026-05-01 07:43:31.608418,2026-05-01 07:43:31.608418,128.5865020751953
2026-05-01 07:43:31.811968,2026-05-01 07:43:31.811968,128.63446044921875
2026-05-01 07:43:32.009695,2026-05-01 07:43:32.009695,128.67523193359375
2026-05-01 07:43:32.208290,2026-05-01 07:43:32.208290,128.8856658935547
2026-05-01 07:43:32.409828,2026-05-01 07:43:32.409828,129.0645294189453
2026-05-01 07:43:32.611586,2026-05-01 07:43:32.611586,129.21656799316406
2026-05-01 07:43:32.807837,2026-05-01 07:43:32.807837,129.34580993652344
2026-05-01 07:43:33.011215,2026-05-01 07:43:33.011215,129.45565795898438
2026-05-01 07:43:33.207934,2026-05-01 07:43:33.207934,129.5490264892578
2026-05-01 07:43:33.407975,2026-05-01 07:43:33.407975,129.62838745117188
2026-05-01 07:43:33.607845,2026-05-01 07:43:33.607845,129.6958465576172
2026-05-01 07:43:33.807650,2026-05-01 07:43:33.807650,129.75318908691406
2026-05-01 07:43:34.007553,2026-05-01 07:43:34.007553,129.8019256591797
2026-05-01 07:43:34.212875,2026-05-01 07:43:34.212875,130.01913452148438
2026-05-01 07:43:34.408247,2026-05-01 07:43:34.408247,130.20376586914062
2026-05-01 07:43:34.608514,2026-05-01 07:43:34.608514,130.36070251464844
2026-05-01 07:43:34.808175,2026-05-01 07:43:34.808175,130.4940948486328
2026-05-01 07:43:35.008114,2026-05-01 07:43:35.008114,130.60748291015625
2026-05-01 07:43:35.207893,2026-05-01 07:43:35.207893,130.879638671875
2026-05-01 07:43:35.407898,2026-05-01 07:43:35.407898,131.11097717285156
2026-05-01 07:43:35.598594,2026-05-01 07:43:35.598594,131.3076171875
2026-05-01 07:43:35.810438,2026-05-01 07:43:35.810438,131.47474670410156
2026-05-01 07:43:36.007838,2026-05-01 07:43:36.007838,131.6168212890625
2026-05-01 07:43:36.203386,2026-05-01 07:43:36.203386,131.91336059570312
2026-05-01 07:43:36.410853,2026-05-01 07:43:36.410853,132.16542053222656
2026-05-01 07:43:36.608473,2026-05-01 07:43:36.608473,125.17263793945312
2026-05-01 07:43:36.807810,2026-05-01 07:43:36.807810,119.22877502441406
2026-05-01 07:43:37.010775,2026-05-01 07:43:37.010775,114.0007095336914
2026-05-01 07:43:37.207444,2026-05-01 07:43:37.207444,109.55685424804688
2026-05-01 07:43:37.398444,2026-05-01 07:43:37.398444,105.77957153320312
2026-05-01 07:43:37.607744,2026-05-01 07:43:37.607744,102.56888580322266
2026-05-01 07:43:37.807393,2026-05-01 07:43:37.807393,99.83980560302734
2026-05-01 07:43:38.007847,2026-05-01 07:43:38.007847,97.52008056640624
2026-05-01 07:43:38.207627,2026-05-01 07:43:38.207627,95.54832458496094
2026-05-01 07:43:38.407889,2026-05-01 07:43:38.407889,93.87232208251952
2026-05-01 07:43:38.607361,2026-05-01 07:43:38.607361,92.44772338867188
2026-05-01 07:43:38.807963,2026-05-01 07:43:38.807963,91.23681640625
2026-05-01 07:43:39.007530,2026-05-01 07:43:39.007530,90.2075424194336
2026-05-01 07:43:39.208600,2026-05-01 07:43:39.208600,89.3326644897461
2026-05-01 07:43:39.398796,2026-05-01 07:43:39.398796,88.5890121459961
2026-05-01 07:43:39.608719,2026-05-01 07:43:39.608719,87.9569091796875
2026-05-01 07:43:39.809274,2026-05-01 07:43:39.809274,87.41962432861328
2026-05-01 07:43:40.007957,2026-05-01 07:43:40.007957,86.96292877197266
2026-05-01 07:43:40.198189,2026-05-01 07:43:40.198189,86.57473754882812
2026-05-01 07:43:40.408124,2026-05-01 07:43:40.408124,86.24478149414062
2026-05-01 07:43:40.607398,2026-05-01 07:43:40.607398,85.96430969238281
2026-05-01 07:43:40.807550,2026-05-01 07:43:40.807550,85.72591400146484
2026-05-01 07:43:41.007390,2026-05-01 07:43:41.007390,85.52327728271484
2026-05-01 07:43:41.207554,2026-05-01 07:43:41.207554,85.35103607177734
2026-05-01 07:43:41.399137,2026-05-01 07:43:41.399137,85.20462799072266
2026-05-01 07:43:41.607998,2026-05-01 07:43:41.607998,85.08018493652344
2026-05-01 07:43:41.807476,2026-05-01 07:43:41.807476,84.97441101074219
2026-05-01 07:43:42.007356,2026-05-01 07:43:42.007356,84.8844985961914
2026-05-01 07:43:42.208082,2026-05-01 07:43:42.208082,84.80807495117188
2026-05-01 07:43:42.399122,2026-05-01 07:43:42.399122,84.74311065673828
2026-05-01 07:43:42.599238,2026-05-01 07:43:42.599238,84.68789672851562
2026-05-01 07:43:42.808380,2026-05-01 07:43:42.808380,84.81674194335938
2026-05-01 07:43:43.008650,2026-05-01 07:43:43.008650,84.92626190185547
2026-05-01 07:43:43.208421,2026-05-01 07:43:43.208421,85.01935577392578
2026-05-01 07:43:43.407382,2026-05-01 07:43:43.407382,85.09848022460938
2026-05-01 07:43:43.607547,2026-05-01 07:43:43.607547,85.16574096679688
2026-05-01 07:43:43.807401,2026-05-01 07:43:43.807401,89.09009552001953
2026-05-01 07:43:44.007396,2026-05-01 07:43:44.007396,92.4258041381836
2026-05-01 07:43:44.197954,2026-05-01 07:43:44.197954,95.26115417480467
2026-05-01 07:43:44.407845,2026-05-01 07:43:44.407845,97.67119598388672
2026-05-01 07:43:44.609034,2026-05-01 07:43:44.609034,99.71973419189452
2026-05-01 07:43:44.808410,2026-05-01 07:43:44.808410,101.46099090576172
2026-05-01 07:43:45.007387,2026-05-01 07:43:45.007387,102.9410629272461
2026-05-01 07:43:45.207418,2026-05-01 07:43:45.207418,104.1991195678711
2026-05-01 07:43:45.409809,2026-05-01 07:43:45.409809,105.26847076416016
2026-05-01 07:43:45.610475,2026-05-01 07:43:45.610475,106.17742156982422
2026-05-01 07:43:45.809371,2026-05-01 07:43:45.809371,106.95002746582033
2026-05-01 07:43:46.008132,2026-05-01 07:43:46.008132,107.78252410888672
2026-05-01 07:43:46.207364,2026-05-01 07:43:46.207364,108.49014282226562
2026-05-01 07:43:46.407836,2026-05-01 07:43:46.407836,109.09162139892578
2026-05-01 07:43:46.608928,2026-05-01 07:43:46.608928,109.6028823852539
2026-05-01 07:43:46.807406,2026-05-01 07:43:46.807406,110.03744506835938
2026-05-01 07:43:47.007818,2026-05-01 07:43:47.007818,110.40682983398438
2026-05-01 07:43:47.207378,2026-05-01 07:43:47.207378,110.7208023071289
2026-05-01 07:43:47.407518,2026-05-01 07:43:47.407518,111.16346740722656
2026-05-01 07:43:47.607779,2026-05-01 07:43:47.607779,111.53972625732422
2026-05-01 07:43:47.807805,2026-05-01 07:43:47.807805,111.85955047607422
2026-05-01 07:44:00.910265,2026-05-01 07:44:00.910265,112.13140106201172
2026-05-01 07:44:01.107874,2026-05-01 07:44:01.107874,112.36247253417967
2026-05-01 07:44:01.308337,2026-05-01 07:44:01.308337,112.5588836669922
2026-05-01 07:44:01.507638,2026-05-01 07:44:01.507638,112.725830078125
2026-05-01 07:44:01.707766,2026-05-01 07:44:01.707766,112.86773681640624
2026-05-01 07:44:01.907595,2026-05-01 07:44:01.907595,112.98835754394533
2026-05-01 07:44:02.108631,2026-05-01 07:44:02.108631,113.26666259765624
2026-05-01 07:44:02.307413,2026-05-01 07:44:02.307413,113.50322723388672
2026-05-01 07:44:02.507693,2026-05-01 07:44:02.507693,113.70430755615234
2026-05-01 07:44:02.707622,2026-05-01 07:44:02.707622,113.8752212524414
2026-05-01 07:44:02.908536,2026-05-01 07:44:02.908536,114.02050018310548
2026-05-01 07:44:03.108331,2026-05-01 07:44:03.108331,113.96820831298828
2026-05-01 07:44:03.307634,2026-05-01 07:44:03.307634,113.92375946044922
2026-05-01 07:44:03.508395,2026-05-01 07:44:03.508395,113.88597869873048
2026-05-01 07:44:03.712637,2026-05-01 07:44:03.712637,113.8538589477539
2026-05-01 07:44:03.907770,2026-05-01 07:44:03.907770,106.4437484741211
2026-05-01 07:44:04.108901,2026-05-01 07:44:04.108901,100.14515686035156
2026-05-01 07:44:04.308171,2026-05-01 07:44:04.308171,94.79135131835938
2026-05-01 07:44:04.508037,2026-05-01 07:44:04.508037,90.24061584472656
2026-05-01 07:44:04.698908,2026-05-01 07:44:04.698908,86.37249755859375
2026-05-01 07:44:04.908192,2026-05-01 07:44:04.908192,83.08458709716797
2026-05-01 07:44:05.109509,2026-05-01 07:44:05.109509,80.11408996582031
2026-05-01 07:44:05.308048,2026-05-01 07:44:05.308048,77.58916473388672
2026-05-01 07:44:05.508247,2026-05-01 07:44:05.508247,75.44297790527344
2026-05-01 07:44:05.708503,2026-05-01 07:44:05.708503,73.61871337890625
2026-05-01 07:44:05.911020,2026-05-01 07:44:05.911020,72.06809997558594
2026-05-01 07:44:06.107832,2026-05-01 07:44:06.107832,70.75006866455078
2026-05-01 07:44:06.307688,2026-05-01 07:44:06.307688,69.62974548339844
2026-05-01 07:44:06.507920,2026-05-01 07:44:06.507920,68.67747497558594
2026-05-01 07:44:06.707499,2026-05-01 07:44:06.707499,67.8680419921875
2026-05-01 07:44:06.907483,2026-05-01 07:44:06.907483,67.18002319335938
2026-05-01 07:44:07.098971,2026-05-01 07:44:07.098971,66.59520721435547
2026-05-01 07:44:07.307336,2026-05-01 07:44:07.307336,66.09811401367188
2026-05-01 07:44:07.507891,2026-05-01 07:44:07.507891,65.67558288574219
2026-05-01 07:44:07.708963,2026-05-01 07:44:07.708963,65.3164291381836
2026-05-01 07:44:07.908704,2026-05-01 07:44:07.908704,64.83537292480469
2026-05-01 07:44:08.107962,2026-05-01 07:44:08.107962,64.42647552490234
2026-05-01 07:44:08.308005,2026-05-01 07:44:08.308005,63.72734832763672
2026-05-01 07:44:08.509091,2026-05-01 07:44:08.509091,63.133087158203125
2026-05-01 07:44:08.707523,2026-05-01 07:44:08.707523,62.452186584472656
2026-05-01 07:44:08.908672,2026-05-01 07:44:08.908672,61.87342071533203
2026-05-01 07:44:09.108132,2026-05-01 07:44:09.108132,61.3814697265625
2026-05-01 07:44:09.307511,2026-05-01 07:44:09.307511,60.78753280639648
2026-05-01 07:44:09.507842,2026-05-01 07:44:09.507842,60.28268432617188
2026-05-01 07:44:09.708043,2026-05-01 07:44:09.708043,59.85356140136719
2026-05-01 07:44:09.908921,2026-05-01 07:44:09.908921,59.313026428222656
2026-05-01 07:44:10.108258,2026-05-01 07:44:10.108258,57.97466659545898
2026-05-01 07:44:10.308554,2026-05-01 07:44:10.308554,57.01284408569336
2026-05-01 07:44:10.507387,2026-05-01 07:44:10.507387,56.371070861816406
2026-05-01 07:44:10.707405,2026-05-01 07:44:10.707405,55.82556915283203
2026-05-01 07:44:10.907525,2026-05-01 07:44:10.907525,55.18610763549805
2026-05-01 07:44:11.108202,2026-05-01 07:44:11.108202,54.6425666809082
2026-05-01 07:44:11.308498,2026-05-01 07:44:11.308498,54.18055725097656
2026-05-01 07:44:11.509730,2026-05-01 07:44:11.509730,53.96363067626953
2026-05-01 07:44:11.712512,2026-05-01 07:44:11.712512,53.779239654541016
2026-05-01 07:44:11.908791,2026-05-01 07:44:11.908791,53.62251281738281
2026-05-01 07:44:12.110701,2026-05-01 07:44:12.110701,53.48929214477539
2026-05-01 07:44:12.308108,2026-05-01 07:44:12.308108,53.37605285644531
2026-05-01 07:44:12.509661,2026-05-01 07:44:12.509661,53.27980041503906
2026-05-01 07:44:12.708569,2026-05-01 07:44:12.708569,53.1979866027832
2026-05-01 07:44:12.909260,2026-05-01 07:44:12.909260,53.12844467163086
2026-05-01 07:44:13.109112,2026-05-01 07:44:13.109112,53.0693359375
2026-05-01 07:44:13.310334,2026-05-01 07:44:13.310334,53.01909255981445
2026-05-01 07:44:13.508307,2026-05-01 07:44:13.508307,52.97638320922852
2026-05-01 07:44:13.708876,2026-05-01 07:44:13.708876,52.94008255004883
2026-05-01 07:44:13.911846,2026-05-01 07:44:13.911846,52.90922546386719
2026-05-01 07:44:14.110612,2026-05-01 07:44:14.110612,52.882999420166016
2026-05-01 07:44:14.307473,2026-05-01 07:44:14.307473,52.8607063293457
2026-05-01 07:44:14.507949,2026-05-01 07:44:14.507949,52.84175491333008
2026-05-01 07:44:14.710378,2026-05-01 07:44:14.710378,52.82564926147461
2026-05-01 07:44:14.907784,2026-05-01 07:44:14.907784,52.81195831298828
2026-05-01 07:44:15.107789,2026-05-01 07:44:15.107789,52.80031967163086
2026-05-01 07:44:15.308719,2026-05-01 07:44:15.308719,52.79042816162109
2026-05-01 07:44:15.509026,2026-05-01 07:44:15.509026,52.782020568847656
2026-05-01 07:44:15.707937,2026-05-01 07:44:15.707937,52.59909057617188
2026-05-01 07:44:15.911123,2026-05-01 07:44:15.911123,52.443603515625
2026-05-01 07:44:16.109375,2026-05-01 07:44:16.109375,52.13565826416016
2026-05-01 07:44:16.308747,2026-05-01 07:44:16.308747,51.8739013671875
2026-05-01 07:44:16.507472,2026-05-01 07:44:16.507472,51.65140914916992
2026-05-01 07:44:16.708080,2026-05-01 07:44:16.708080,64.29432678222656
2026-05-01 07:44:16.907864,2026-05-01 07:44:16.907864,75.04080200195312
2026-05-01 07:44:17.108000,2026-05-01 07:44:17.108000,84.17530822753906
2026-05-01 07:44:17.307671,2026-05-01 07:44:17.307671,91.93963623046876
2026-05-01 07:44:17.507654,2026-05-01 07:44:17.507654,98.53931427001952
2026-05-01 07:44:17.707570,2026-05-01 07:44:17.707570,104.14904022216795
2026-05-01 07:44:17.907587,2026-05-01 07:44:17.907587,108.91731262207033
2026-05-01 07:44:18.107849,2026-05-01 07:44:18.107849,112.9703369140625
2026-05-01 07:44:18.307994,2026-05-01 07:44:18.307994,116.41541290283205
2026-05-01 07:44:18.507469,2026-05-01 07:44:18.507469,119.3437271118164
2026-05-01 07:44:18.708486,2026-05-01 07:44:18.708486,121.83279418945312
2026-05-01 07:44:18.908461,2026-05-01 07:44:18.908461,123.94850158691406
2026-05-01 07:44:19.107651,2026-05-01 07:44:19.107651,125.7468490600586
2026-05-01 07:44:19.308705,2026-05-01 07:44:19.308705,127.27544403076172
2026-05-01 07:44:19.508432,2026-05-01 07:44:19.508432,128.5747528076172
2026-05-01 07:44:19.707357,2026-05-01 07:44:19.707357,129.67916870117188
2026-05-01 07:44:19.907507,2026-05-01 07:44:19.907507,130.617919921875
2026-05-01 07:44:20.099544,2026-05-01 07:44:20.099544,131.4158477783203
2026-05-01 07:44:20.308215,2026-05-01 07:44:20.308215,132.09410095214844
2026-05-01 07:44:20.507469,2026-05-01 07:44:20.507469,132.6706085205078
2026-05-01 07:44:20.700205,2026-05-01 07:44:20.700205,133.16064453125
2026-05-01 07:44:20.910298,2026-05-01 07:44:20.910298,133.57717895507812
2026-05-01 07:44:21.107657,2026-05-01 07:44:21.107657,133.9312286376953
2026-05-01 07:44:21.308213,2026-05-01 07:44:21.308213,134.23216247558594
2026-05-01 07:44:21.508386,2026-05-01 07:44:21.508386,134.4879608154297
2026-05-01 07:44:21.707397,2026-05-01 07:44:21.707397,134.7053985595703
2026-05-01 07:44:21.907807,2026-05-01 07:44:21.907807,134.8902130126953
2026-05-01 07:44:22.107849,2026-05-01 07:44:22.107849,135.04730224609375
2026-05-01 07:44:22.308491,2026-05-01 07:44:22.308491,135.3566131591797
2026-05-01 07:44:22.507790,2026-05-01 07:44:22.507790,135.61952209472656
2026-05-01 07:44:22.708005,2026-05-01 07:44:22.708005,135.84300231933594
2026-05-01 07:44:22.907430,2026-05-01 07:44:22.907430,136.032958984375
2026-05-01 07:44:23.107856,2026-05-01 07:44:23.107856,136.19442749023438
2026-05-01 07:44:23.309506,2026-05-01 07:44:23.309506,136.3316650390625
2026-05-01 07:44:23.508101,2026-05-01 07:44:23.508101,136.4483184814453
2026-05-01 07:44:23.709096,2026-05-01 07:44:23.709096,136.5474853515625
2026-05-01 07:44:23.909681,2026-05-01 07:44:23.909681,136.6317596435547
2026-05-01 07:44:24.107353,2026-05-01 07:44:24.107353,136.70339965820312
2026-05-01 07:44:24.307961,2026-05-01 07:44:24.307961,136.76429748535156
2026-05-01 07:44:24.507375,2026-05-01 07:44:24.507375,136.99183654785156
2026-05-01 07:44:24.707774,2026-05-01 07:44:24.707774,137.1852569580078
2026-05-01 07:44:24.909841,2026-05-01 07:44:24.909841,137.3496551513672
2026-05-01 07:44:25.108419,2026-05-01 07:44:25.108419,137.48939514160156
2026-05-01 07:44:25.307377,2026-05-01 07:44:25.307377,137.60816955566406
2026-05-01 07:44:25.507691,2026-05-01 07:44:25.507691,137.70913696289062
2026-05-01 07:44:25.707746,2026-05-01 07:44:25.707746,137.79495239257812
2026-05-01 07:44:25.907475,2026-05-01 07:44:25.907475,137.86788940429688
2026-05-01 07:44:26.107872,2026-05-01 07:44:26.107872,137.92990112304688
2026-05-01 07:44:39.207539,2026-05-01 07:44:39.207539,138.15838623046875
2026-05-01 07:44:39.410041,2026-05-01 07:44:39.410041,138.35260009765625
2026-05-01 07:44:39.607669,2026-05-01 07:44:39.607669,138.51766967773438
2026-05-01 07:44:39.807369,2026-05-01 07:44:39.807369,138.65798950195312
2026-05-01 07:44:40.007605,2026-05-01 07:44:40.007605,138.7772674560547
2026-05-01 07:44:40.207767,2026-05-01 07:44:40.207767,138.87864685058594
2026-05-01 07:44:40.408822,2026-05-01 07:44:40.408822,138.96481323242188
2026-05-01 07:44:40.608191,2026-05-01 07:44:40.608191,127.4365005493164
2026-05-01 07:44:40.807551,2026-05-01 07:44:40.807551,117.6374282836914
2026-05-01 07:44:41.008517,2026-05-01 07:44:41.008517,109.30821990966795
2026-05-01 07:44:41.208731,2026-05-01 07:44:41.208731,102.2283935546875
2026-05-01 07:44:41.408943,2026-05-01 07:44:41.408943,96.21054077148438
2026-05-01 07:44:41.609730,2026-05-01 07:44:41.609730,91.09536743164062
2026-05-01 07:44:41.808799,2026-05-01 07:44:41.808799,86.74746704101562
2026-05-01 07:44:42.009437,2026-05-01 07:44:42.009437,83.05175018310547
2026-05-01 07:44:42.199346,2026-05-01 07:44:42.199346,79.910400390625
2026-05-01 07:44:42.409455,2026-05-01 07:44:42.409455,77.24024200439453
2026-05-01 07:44:42.608105,2026-05-01 07:44:42.608105,74.97061157226562
2026-05-01 07:44:42.808619,2026-05-01 07:44:42.808619,73.04142761230469
2026-05-01 07:44:43.008716,2026-05-01 07:44:43.008716,71.40161895751953
2026-05-01 07:44:43.208542,2026-05-01 07:44:43.208542,70.00778198242188
2026-05-01 07:44:43.409372,2026-05-01 07:44:43.409372,68.8230209350586
2026-05-01 07:44:43.607733,2026-05-01 07:44:43.607733,67.81597137451172
2026-05-01 07:44:43.808799,2026-05-01 07:44:43.808799,66.9599838256836
2026-05-01 07:44:44.007414,2026-05-01 07:44:44.007414,66.23239135742188
2026-05-01 07:44:44.208050,2026-05-01 07:44:44.208050,65.61393737792969
2026-05-01 07:44:44.407608,2026-05-01 07:44:44.407608,65.0882568359375
2026-05-01 07:44:44.611025,2026-05-01 07:44:44.611025,64.64142608642578
2026-05-01 07:44:44.807461,2026-05-01 07:44:44.807461,64.2616195678711
2026-05-01 07:44:45.007529,2026-05-01 07:44:45.007529,63.93878173828125
2026-05-01 07:44:45.207445,2026-05-01 07:44:45.207445,63.66436767578125
2026-05-01 07:44:45.407872,2026-05-01 07:44:45.407872,63.43112182617188
2026-05-01 07:44:45.607399,2026-05-01 07:44:45.607399,70.43988800048828
2026-05-01 07:44:45.807461,2026-05-01 07:44:45.807461,76.39734649658203
2026-05-01 07:44:46.008529,2026-05-01 07:44:46.008529,81.461181640625
2026-05-01 07:44:46.207454,2026-05-01 07:44:46.207454,85.76544189453125
2026-05-01 07:44:46.407830,2026-05-01 07:44:46.407830,89.42406463623047
2026-05-01 07:44:46.607432,2026-05-01 07:44:46.607432,92.5338897705078
2026-05-01 07:44:46.807408,2026-05-01 07:44:46.807408,95.17724609375
2026-05-01 07:44:47.007417,2026-05-01 07:44:47.007417,97.4240951538086
2026-05-01 07:44:47.207727,2026-05-01 07:44:47.207727,99.33391571044922
2026-05-01 07:44:47.407434,2026-05-01 07:44:47.407434,100.95726776123048
2026-05-01 07:44:47.608730,2026-05-01 07:44:47.608730,102.3371124267578
2026-05-01 07:44:47.808238,2026-05-01 07:44:47.808238,103.5099868774414
2026-05-01 07:44:48.008190,2026-05-01 07:44:48.008190,104.50692749023438
2026-05-01 07:44:48.207869,2026-05-01 07:44:48.207869,105.35432434082033
2026-05-01 07:44:48.408092,2026-05-01 07:44:48.408092,106.07461547851562
2026-05-01 07:44:48.610200,2026-05-01 07:44:48.610200,106.68685913085938
2026-05-01 07:44:48.807758,2026-05-01 07:44:48.807758,107.20726776123048
2026-05-01 07:44:49.008836,2026-05-01 07:44:49.008836,107.6496124267578
2026-05-01 07:44:49.207684,2026-05-01 07:44:49.207684,108.0256118774414
2026-05-01 07:44:49.408626,2026-05-01 07:44:49.408626,108.34520721435548
2026-05-01 07:44:49.610434,2026-05-01 07:44:49.610434,108.79264068603516
2026-05-01 07:44:49.809505,2026-05-01 07:44:49.809505,109.17296600341795
2026-05-01 07:44:50.008463,2026-05-01 07:44:50.008463,109.4962387084961
2026-05-01 07:44:50.207805,2026-05-01 07:44:50.207805,109.7710189819336
2026-05-01 07:44:50.408552,2026-05-01 07:44:50.408552,110.00458526611328
2026-05-01 07:44:50.607529,2026-05-01 07:44:50.607529,114.59764862060548
2026-05-01 07:44:50.807467,2026-05-01 07:44:50.807467,118.5017547607422
2026-05-01 07:44:51.008007,2026-05-01 07:44:51.008007,121.82023620605467
2026-05-01 07:44:51.207402,2026-05-01 07:44:51.207402,124.64095306396484
2026-05-01 07:44:51.408247,2026-05-01 07:44:51.408247,127.03855895996094
2026-05-01 07:44:51.610227,2026-05-01 07:44:51.610227,129.07652282714844
2026-05-01 07:44:51.811518,2026-05-01 07:44:51.811518,130.8087921142578
2026-05-01 07:44:52.009531,2026-05-01 07:44:52.009531,132.28123474121094
2026-05-01 07:44:52.211224,2026-05-01 07:44:52.211224,133.5327911376953
2026-05-01 07:44:52.408001,2026-05-01 07:44:52.408001,134.77239990234375
2026-05-01 07:44:52.612579,2026-05-01 07:44:52.612579,135.82608032226562
2026-05-01 07:44:52.809522,2026-05-01 07:44:52.809522,136.89747619628906
2026-05-01 07:44:53.007922,2026-05-01 07:44:53.007922,137.98394775390625
2026-05-01 07:44:53.208928,2026-05-01 07:44:53.208928,139.08323669433594
2026-05-01 07:44:53.408000,2026-05-01 07:44:53.408000,140.0176239013672
2026-05-01 07:44:53.608982,2026-05-01 07:44:53.608982,140.81185913085938
2026-05-01 07:44:53.814057,2026-05-01 07:44:53.814057,141.48695373535156
2026-05-01 07:44:54.011527,2026-05-01 07:44:54.011527,142.06077575683594
2026-05-01 07:44:54.208318,2026-05-01 07:44:54.208318,142.5485382080078
2026-05-01 07:44:54.408557,2026-05-01 07:44:54.408557,143.138916015625
2026-05-01 07:44:54.611115,2026-05-01 07:44:54.611115,143.64073181152344
2026-05-01 07:44:54.807992,2026-05-01 07:44:54.807992,144.06727600097656
2026-05-01 07:44:55.010230,2026-05-01 07:44:55.010230,144.42984008789062
2026-05-01 07:44:55.208889,2026-05-01 07:44:55.208889,144.73802185058594
2026-05-01 07:44:55.410184,2026-05-01 07:44:55.410184,144.99996948242188
2026-05-01 07:44:55.609931,2026-05-01 07:44:55.609931,145.22264099121094
2026-05-01 07:44:55.807619,2026-05-01 07:44:55.807619,145.41189575195312
2026-05-01 07:44:56.007443,2026-05-01 07:44:56.007443,145.57276916503906
2026-05-01 07:44:56.207957,2026-05-01 07:44:56.207957,145.70950317382812
2026-05-01 07:44:56.409454,2026-05-01 07:44:56.409454,145.82574462890625
2026-05-01 07:44:56.608375,2026-05-01 07:44:56.608375,145.92453002929688
2026-05-01 07:44:56.808146,2026-05-01 07:44:56.808146,146.00851440429688
2026-05-01 07:44:57.007883,2026-05-01 07:44:57.007883,146.07989501953125
2026-05-01 07:44:57.207446,2026-05-01 07:44:57.207446,146.14056396484375
2026-05-01 07:44:57.407760,2026-05-01 07:44:57.407760,146.192138671875
2026-05-01 07:44:57.609133,2026-05-01 07:44:57.609133,146.23597717285156
2026-05-01 07:44:57.808025,2026-05-01 07:44:57.808025,146.2732391357422
2026-05-01 07:44:58.008332,2026-05-01 07:44:58.008332,146.48068237304688
2026-05-01 07:44:58.209186,2026-05-01 07:44:58.209186,146.65701293945312
2026-05-01 07:44:58.408184,2026-05-01 07:44:58.408184,146.80690002441406
2026-05-01 07:44:58.607438,2026-05-01 07:44:58.607438,146.93431091308594
2026-05-01 07:44:58.808175,2026-05-01 07:44:58.808175,147.0426025390625
2026-05-01 07:44:59.007468,2026-05-01 07:44:59.007468,147.1346435546875
2026-05-01 07:44:59.207452,2026-05-01 07:44:59.207452,147.212890625
2026-05-01 07:44:59.408513,2026-05-01 07:44:59.408513,147.27938842773438
2026-05-01 07:44:59.607497,2026-05-01 07:44:59.607497,133.80076599121094
2026-05-01 07:44:59.807796,2026-05-01 07:44:59.807796,122.34393310546876
2026-05-01 07:45:00.007412,2026-05-01 07:45:00.007412,112.42984008789062
2026-05-01 07:45:00.208813,2026-05-01 07:45:00.208813,104.17864227294922
2026-05-01 07:45:00.408277,2026-05-01 07:45:00.408277,97.16513061523438
2026-05-01 07:45:00.608024,2026-05-01 07:45:00.608024,91.20364379882812
2026-05-01 07:45:00.808064,2026-05-01 07:45:00.808064,85.9605941772461
2026-05-01 07:45:01.008495,2026-05-01 07:45:01.008495,81.5040054321289
2026-05-01 07:45:01.208417,2026-05-01 07:45:01.208417,77.71590423583984
2026-05-01 07:45:01.407708,2026-05-01 07:45:01.407708,74.49601745605469
2026-05-01 07:45:01.607376,2026-05-01 07:45:01.607376,71.75911712646484
2026-05-01 07:45:01.807807,2026-05-01 07:45:01.807807,69.43274688720703
2026-05-01 07:45:02.007415,2026-05-01 07:45:02.007415,67.45533752441406
2026-05-01 07:45:02.209378,2026-05-01 07:45:02.209378,65.7745361328125
2026-05-01 07:45:02.407376,2026-05-01 07:45:02.407376,64.34585571289062
2026-05-01 07:45:02.608464,2026-05-01 07:45:02.608464,63.13147735595703
2026-05-01 07:45:02.807871,2026-05-01 07:45:02.807871,62.0992546081543
2026-05-01 07:45:03.007369,2026-05-01 07:45:03.007369,61.221866607666016
2026-05-01 07:45:03.207389,2026-05-01 07:45:03.207389,60.4760856628418
2026-05-01 07:45:03.408225,2026-05-01 07:45:03.408225,59.8421745300293
2026-05-01 07:45:03.607522,2026-05-01 07:45:03.607522,59.303348541259766
2026-05-01 07:45:03.807522,2026-05-01 07:45:03.807522,58.84534454345703
2026-05-01 07:45:04.008036,2026-05-01 07:45:04.008036,58.4560432434082
2026-05-01 07:45:04.207581,2026-05-01 07:45:04.207581,58.12513732910156
2026-05-01 07:45:04.407861,2026-05-01 07:45:04.407861,57.843868255615234
2026-05-01 07:45:17.508220,2026-05-01 07:45:17.508220,57.60478591918945
2026-05-01 07:45:17.711314,2026-05-01 07:45:17.711314,57.40156936645508
2026-05-01 07:45:17.908010,2026-05-01 07:45:17.908010,57.22883224487305
2026-05-01 07:45:18.107777,2026-05-01 07:45:18.107777,57.082008361816406
2026-05-01 07:45:18.307752,2026-05-01 07:45:18.307752,56.95720672607422
2026-05-01 07:45:18.508228,2026-05-01 07:45:18.508228,56.85112762451172
2026-05-01 07:45:18.707611,2026-05-01 07:45:18.707611,56.76095581054688
2026-05-01 07:45:18.908002,2026-05-01 07:45:18.908002,56.6843147277832
2026-05-01 07:45:19.115040,2026-05-01 07:45:19.115040,56.61916732788086
2026-05-01 07:45:19.307889,2026-05-01 07:45:19.307889,56.56379318237305
2026-05-01 07:45:19.507675,2026-05-01 07:45:19.507675,56.6925048828125
2026-05-01 07:45:19.707821,2026-05-01 07:45:19.707821,56.80191040039063
2026-05-01 07:45:19.907918,2026-05-01 07:45:19.907918,56.89490509033203
2026-05-01 07:45:20.107726,2026-05-01 07:45:20.107726,56.97394943237305
2026-05-01 07:45:20.308215,2026-05-01 07:45:20.308215,57.0411376953125
2026-05-01 07:45:20.509478,2026-05-01 07:45:20.509478,57.09824752807617
2026-05-01 07:45:20.708941,2026-05-01 07:45:20.708941,57.14679336547852
2026-05-01 07:45:20.909485,2026-05-01 07:45:20.909485,57.18805694580078
2026-05-01 07:45:21.110281,2026-05-01 07:45:21.110281,57.22312927246094
2026-05-01 07:45:21.308732,2026-05-01 07:45:21.308732,57.4287223815918
2026-05-01 07:45:21.507597,2026-05-01 07:45:21.507597,57.603477478027344
2026-05-01 07:45:21.708010,2026-05-01 07:45:21.708010,57.75201797485352
2026-05-01 07:45:21.909610,2026-05-01 07:45:21.909610,57.87827682495117
2026-05-01 07:45:22.108545,2026-05-01 07:45:22.108545,57.985599517822266
2026-05-01 07:45:22.307678,2026-05-01 07:45:22.307678,58.07682037353516
2026-05-01 07:45:22.508097,2026-05-01 07:45:22.508097,58.33014297485352
2026-05-01 07:45:22.707566,2026-05-01 07:45:22.707566,58.54546356201172
2026-05-01 07:45:22.907882,2026-05-01 07:45:22.907882,58.72848892211914
2026-05-01 07:45:23.107355,2026-05-01 07:45:23.107355,58.88405990600586
2026-05-01 07:45:23.307449,2026-05-01 07:45:23.307449,59.01629257202149
2026-05-01 07:45:23.509721,2026-05-01 07:45:23.509721,59.128692626953125
2026-05-01 07:45:23.707808,2026-05-01 07:45:23.707808,59.4000129699707
2026-05-01 07:45:23.908166,2026-05-01 07:45:23.908166,59.630638122558594
2026-05-01 07:45:24.108167,2026-05-01 07:45:24.108167,59.82666778564453
2026-05-01 07:45:24.307451,2026-05-01 07:45:24.307451,59.993289947509766
2026-05-01 07:45:24.507829,2026-05-01 07:45:24.507829,60.13492202758789
2026-05-01 07:45:24.711575,2026-05-01 07:45:24.711575,60.25531005859375
2026-05-01 07:45:24.907438,2026-05-01 07:45:24.907438,60.35763931274414
2026-05-01 07:45:25.100578,2026-05-01 07:45:25.100578,60.444618225097656
2026-05-01 07:45:25.309608,2026-05-01 07:45:25.309608,60.518550872802734
2026-05-01 07:45:25.507454,2026-05-01 07:45:25.507454,60.757171630859375
2026-05-01 07:45:25.707440,2026-05-01 07:45:25.707440,60.96000289916992
2026-05-01 07:45:25.907771,2026-05-01 07:45:25.907771,61.13240814208984
2026-05-01 07:45:26.108443,2026-05-01 07:45:26.108443,61.278953552246094
2026-05-01 07:45:26.307512,2026-05-01 07:45:26.307512,61.40351867675781
2026-05-01 07:45:26.507395,2026-05-01 07:45:26.507395,61.509395599365234
2026-05-01 07:45:26.707504,2026-05-01 07:45:26.707504,61.59939193725586
2026-05-01 07:45:26.907581,2026-05-01 07:45:26.907581,61.8516731262207
2026-05-01 07:45:27.109580,2026-05-01 07:45:27.109580,62.06610870361328
2026-05-01 07:45:27.307408,2026-05-01 07:45:27.307408,62.24837875366211
2026-05-01 07:45:27.507888,2026-05-01 07:45:27.507888,62.4033088684082
2026-05-01 07:45:27.707435,2026-05-01 07:45:27.707435,62.71078109741211
2026-05-01 07:45:27.908603,2026-05-01 07:45:27.908603,62.97213363647461
2026-05-01 07:45:28.107435,2026-05-01 07:45:28.107435,63.19428253173828
2026-05-01 07:45:28.307692,2026-05-01 07:45:28.307692,63.38311004638672
2026-05-01 07:45:28.508397,2026-05-01 07:45:28.508397,63.71939086914063
2026-05-01 07:45:28.707857,2026-05-01 07:45:28.707857,64.00523376464844
2026-05-01 07:45:28.910431,2026-05-01 07:45:28.910431,64.24819946289062
2026-05-01 07:45:29.109091,2026-05-01 07:45:29.109091,64.45471954345703
2026-05-01 07:45:29.309171,2026-05-01 07:45:29.309171,64.63026428222656
2026-05-01 07:45:29.511327,2026-05-01 07:45:29.511327,64.77947235107422
2026-05-01 07:45:29.709871,2026-05-01 07:45:29.709871,65.08208465576172
2026-05-01 07:45:29.907556,2026-05-01 07:45:29.907556,65.33930206298828
2026-05-01 07:45:30.107573,2026-05-01 07:45:30.107573,65.55793762207031
2026-05-01 07:45:30.308315,2026-05-01 07:45:30.308315,65.7437744140625
2026-05-01 07:45:30.507872,2026-05-01 07:45:30.507872,65.90174102783203
2026-05-01 07:45:30.707470,2026-05-01 07:45:30.707470,66.0360107421875
2026-05-01 07:45:30.909846,2026-05-01 07:45:30.909846,69.31420135498047
2026-05-01 07:45:31.109392,2026-05-01 07:45:31.109392,72.10066986083984
2026-05-01 07:45:31.308854,2026-05-01 07:45:31.308854,74.46916198730469
2026-05-01 07:45:31.509229,2026-05-01 07:45:31.509229,76.48238372802734
2026-05-01 07:45:31.708880,2026-05-01 07:45:31.708880,78.19361877441406
2026-05-01 07:45:31.909439,2026-05-01 07:45:31.909439,79.4723892211914
2026-05-01 07:45:32.110225,2026-05-01 07:45:32.110225,80.55934143066406
2026-05-01 07:45:32.307565,2026-05-01 07:45:32.307565,81.4832534790039
2026-05-01 07:45:32.507410,2026-05-01 07:45:32.507410,82.2685775756836
2026-05-01 07:45:32.708105,2026-05-01 07:45:32.708105,82.93610382080078
2026-05-01 07:45:32.907542,2026-05-01 07:45:32.907542,83.50350189208984
2026-05-01 07:45:33.107616,2026-05-01 07:45:33.107616,83.98578643798828
2026-05-01 07:45:33.308587,2026-05-01 07:45:33.308587,84.3957290649414
2026-05-01 07:45:33.510044,2026-05-01 07:45:33.510044,84.74418640136719
2026-05-01 07:45:33.708858,2026-05-01 07:45:33.708858,85.04036712646484
2026-05-01 07:45:33.908056,2026-05-01 07:45:33.908056,85.29212951660156
2026-05-01 07:45:34.108188,2026-05-01 07:45:34.108188,85.50611877441406
2026-05-01 07:45:34.309623,2026-05-01 07:45:34.309623,85.6880111694336
2026-05-01 07:45:34.509173,2026-05-01 07:45:34.509173,85.6668472290039
2026-05-01 07:45:34.709104,2026-05-01 07:45:34.709104,85.64884948730469
2026-05-01 07:45:34.908080,2026-05-01 07:45:34.908080,85.63355255126953
2026-05-01 07:45:35.108853,2026-05-01 07:45:35.108853,85.62055206298828
2026-05-01 07:45:35.307774,2026-05-01 07:45:35.307774,85.6094970703125
2026-05-01 07:45:35.509346,2026-05-01 07:45:35.509346,85.60010528564453
2026-05-01 07:45:35.707989,2026-05-01 07:45:35.707989,85.59212493896484
2026-05-01 07:45:35.908571,2026-05-01 07:45:35.908571,85.58533477783203
2026-05-01 07:45:36.109682,2026-05-01 07:45:36.109682,85.5795669555664
2026-05-01 07:45:36.310385,2026-05-01 07:45:36.310385,85.57466125488281
2026-05-01 07:45:36.507560,2026-05-01 07:45:36.507560,85.57049560546875
2026-05-01 07:45:36.709640,2026-05-01 07:45:36.709640,85.56694793701172
2026-05-01 07:45:36.907785,2026-05-01 07:45:36.907785,85.5639419555664
2026-05-01 07:45:37.108682,2026-05-01 07:45:37.108682,85.5613784790039
2026-05-01 07:45:37.309531,2026-05-01 07:45:37.309531,85.5592041015625
2026-05-01 07:45:37.510902,2026-05-01 07:45:37.510902,85.55735778808594
2026-05-01 07:45:37.708105,2026-05-01 07:45:37.708105,85.5557861328125
2026-05-01 07:45:37.908089,2026-05-01 07:45:37.908089,85.554443359375
2026-05-01 07:45:38.107735,2026-05-01 07:45:38.107735,85.55331420898438
2026-05-01 07:45:38.308823,2026-05-01 07:45:38.308823,85.5523452758789
2026-05-01 07:45:38.509878,2026-05-01 07:45:38.509878,85.55152130126953
2026-05-01 07:45:38.707593,2026-05-01 07:45:38.707593,85.55082702636719
2026-05-01 07:45:38.907830,2026-05-01 07:45:38.907830,85.55023193359375
2026-05-01 07:45:39.107998,2026-05-01 07:45:39.107998,85.54972839355469
2026-05-01 07:45:39.311295,2026-05-01 07:45:39.311295,85.54930114746094
2026-05-01 07:45:39.509281,2026-05-01 07:45:39.509281,85.54893493652344
2026-05-01 07:45:39.707408,2026-05-01 07:45:39.707408,85.54862976074219
2026-05-01 07:45:39.908684,2026-05-01 07:45:39.908684,85.5483627319336
2026-05-01 07:45:40.107510,2026-05-01 07:45:40.107510,85.54814147949219
2026-05-01 07:45:40.307868,2026-05-01 07:45:40.307868,85.5479507446289
2026-05-01 07:45:40.507495,2026-05-01 07:45:40.507495,85.54779052734375
2026-05-01 07:45:40.708208,2026-05-01 07:45:40.708208,85.54765319824219
2026-05-01 07:45:40.907424,2026-05-01 07:45:40.907424,85.54753875732422
2026-05-01 07:45:41.107770,2026-05-01 07:45:41.107770,85.54743957519531
2026-05-01 07:45:41.307381,2026-05-01 07:45:41.307381,85.54735565185547
2026-05-01 07:45:41.510634,2026-05-01 07:45:41.510634,85.37149810791016
2026-05-01 07:45:41.707608,2026-05-01 07:45:41.707608,85.2220230102539
2026-05-01 07:45:41.907461,2026-05-01 07:45:41.907461,85.094970703125
2026-05-01 07:45:42.107865,2026-05-01 07:45:42.107865,84.81119537353516
2026-05-01 07:45:42.307449,2026-05-01 07:45:42.307449,84.56998443603516
2026-05-01 07:45:42.513457,2026-05-01 07:45:42.513457,84.36495208740234
2026-05-01 07:45:42.707320,2026-05-01 07:45:42.707320,84.01490020751953
2026-05-01 07:45:55.807806,2026-05-01 07:45:55.807806,83.71735382080078
2026-05-01 07:45:56.010110,2026-05-01 07:45:56.010110,83.46443939208984
2026-05-01 07:45:56.208049,2026-05-01 07:45:56.208049,83.24945831298828
2026-05-01 07:45:56.409526,2026-05-01 07:45:56.409526,82.89094543457031
2026-05-01 07:45:56.608392,2026-05-01 07:45:56.608392,82.58621215820312
2026-05-01 07:45:56.809740,2026-05-01 07:45:56.809740,82.32718658447266
2026-05-01 07:45:57.007596,2026-05-01 07:45:57.007596,82.10700988769531
2026-05-01 07:45:57.209618,2026-05-01 07:45:57.209618,81.91986846923828
2026-05-01 07:45:57.409703,2026-05-01 07:45:57.409703,81.76079559326172
2026-05-01 07:45:57.607636,2026-05-01 07:45:57.607636,81.62557983398438
2026-05-01 07:45:57.808601,2026-05-01 07:45:57.808601,81.51065063476562
2026-05-01 07:45:58.008357,2026-05-01 07:45:58.008357,81.41295623779297
2026-05-01 07:45:58.209434,2026-05-01 07:45:58.209434,81.15413665771484
2026-05-01 07:45:58.409748,2026-05-01 07:45:58.409748,80.93414306640625
2026-05-01 07:45:58.609852,2026-05-01 07:45:58.609852,80.74714660644531
2026-05-01 07:45:58.807767,2026-05-01 07:45:58.807767,80.58820343017578
2026-05-01 07:45:59.009419,2026-05-01 07:45:59.009419,80.45309448242188
2026-05-01 07:45:59.208738,2026-05-01 07:45:59.208738,80.3382568359375
2026-05-01 07:45:59.408514,2026-05-01 07:45:59.408514,80.24064636230469
2026-05-01 07:45:59.607459,2026-05-01 07:45:59.607459,80.15766906738281
2026-05-01 07:45:59.808232,2026-05-01 07:45:59.808232,80.08714294433594
2026-05-01 07:46:00.009263,2026-05-01 07:46:00.009263,80.0271987915039
2026-05-01 07:46:00.209832,2026-05-01 07:46:00.209832,79.97624206542969
2026-05-01 07:46:00.409652,2026-05-01 07:46:00.409652,79.93292999267578
2026-05-01 07:46:00.608748,2026-05-01 07:46:00.608748,79.8961181640625
2026-05-01 07:46:00.807723,2026-05-01 07:46:00.807723,79.86482238769531
2026-05-01 07:46:01.007725,2026-05-01 07:46:01.007725,79.83822631835938
2026-05-01 07:46:01.207914,2026-05-01 07:46:01.207914,79.81562042236328
2026-05-01 07:46:01.408439,2026-05-01 07:46:01.408439,79.79640197753906
2026-05-01 07:46:01.607960,2026-05-01 07:46:01.607960,79.78006744384766
2026-05-01 07:46:01.808129,2026-05-01 07:46:01.808129,79.76618194580078
2026-05-01 07:46:02.008049,2026-05-01 07:46:02.008049,79.75437927246094
2026-05-01 07:46:02.207319,2026-05-01 07:46:02.207319,79.74434661865234
2026-05-01 07:46:02.408087,2026-05-01 07:46:02.408087,79.7358169555664
2026-05-01 07:46:02.615821,2026-05-01 07:46:02.615821,79.55278778076172
2026-05-01 07:46:02.807801,2026-05-01 07:46:02.807801,79.397216796875
2026-05-01 07:46:03.007430,2026-05-01 07:46:03.007430,79.26497650146484
2026-05-01 07:46:03.208168,2026-05-01 07:46:03.208168,79.15257263183594
2026-05-01 07:46:03.407835,2026-05-01 07:46:03.407835,79.0570297241211
2026-05-01 07:46:03.602655,2026-05-01 07:46:03.602655,77.04222869873047
2026-05-01 07:46:03.808544,2026-05-01 07:46:03.808544,75.32964324951172
2026-05-01 07:46:04.007548,2026-05-01 07:46:04.007548,73.87394714355469
2026-05-01 07:46:04.207765,2026-05-01 07:46:04.207765,72.81238555908203
2026-05-01 07:46:04.408091,2026-05-01 07:46:04.408091,71.9100570678711
2026-05-01 07:46:04.607840,2026-05-01 07:46:04.607840,71.14308166503906
2026-05-01 07:46:04.807373,2026-05-01 07:46:04.807373,70.49114990234375
2026-05-01 07:46:05.008219,2026-05-01 07:46:05.008219,69.93701171875
2026-05-01 07:46:05.208659,2026-05-01 07:46:05.208659,69.46598815917969
2026-05-01 07:46:05.407663,2026-05-01 07:46:05.407663,69.06562042236328
2026-05-01 07:46:05.609071,2026-05-01 07:46:05.609071,68.72531127929688
2026-05-01 07:46:05.811747,2026-05-01 07:46:05.811747,68.43604278564453
2026-05-01 07:46:06.007667,2026-05-01 07:46:06.007667,68.19017028808594
2026-05-01 07:46:06.209917,2026-05-01 07:46:06.209917,67.9811782836914
2026-05-01 07:46:06.407500,2026-05-01 07:46:06.407500,67.80352783203125
2026-05-01 07:46:06.607975,2026-05-01 07:46:06.607975,67.65253448486328
2026-05-01 07:46:06.807796,2026-05-01 07:46:06.807796,67.52418518066406
2026-05-01 07:46:07.007604,2026-05-01 07:46:07.007604,67.41508483886719
2026-05-01 07:46:07.208212,2026-05-01 07:46:07.208212,67.32235717773438
2026-05-01 07:46:07.408555,2026-05-01 07:46:07.408555,67.4193115234375
2026-05-01 07:46:07.608075,2026-05-01 07:46:07.608075,67.5017318725586
2026-05-01 07:46:07.808833,2026-05-01 07:46:07.808833,67.57178497314453
2026-05-01 07:46:08.008862,2026-05-01 07:46:08.008862,67.8071060180664
2026-05-01 07:46:08.208502,2026-05-01 07:46:08.208502,68.00713348388672
2026-05-01 07:46:08.407539,2026-05-01 07:46:08.407539,68.35294342041016
2026-05-01 07:46:08.609281,2026-05-01 07:46:08.609281,68.6468734741211
2026-05-01 07:46:08.808259,2026-05-01 07:46:08.808259,69.07250213623047
2026-05-01 07:46:09.008133,2026-05-01 07:46:09.008133,69.43428039550781
2026-05-01 07:46:09.207521,2026-05-01 07:46:09.207521,69.7417984008789
2026-05-01 07:46:09.408529,2026-05-01 07:46:09.408529,70.00318145751953
2026-05-01 07:46:09.608216,2026-05-01 07:46:09.608216,70.2253646850586
2026-05-01 07:46:09.809388,2026-05-01 07:46:09.809388,70.41421508789062
2026-05-01 07:46:10.007529,2026-05-01 07:46:10.007529,70.57473754882812
2026-05-01 07:46:10.211267,2026-05-01 07:46:10.211267,70.711181640625
2026-05-01 07:46:10.408133,2026-05-01 07:46:10.408133,70.82716369628906
2026-05-01 07:46:10.608354,2026-05-01 07:46:10.608354,70.92574310302734
2026-05-01 07:46:10.808793,2026-05-01 07:46:10.808793,71.00953674316406
2026-05-01 07:46:11.007958,2026-05-01 07:46:11.007958,71.08076477050781
2026-05-01 07:46:11.209905,2026-05-01 07:46:11.209905,71.14130401611328
2026-05-01 07:46:11.408243,2026-05-01 07:46:11.408243,71.19276428222656
2026-05-01 07:46:11.607401,2026-05-01 07:46:11.607401,71.23650360107422
2026-05-01 07:46:11.808282,2026-05-01 07:46:11.808282,71.27368927001953
2026-05-01 07:46:12.009801,2026-05-01 07:46:12.009801,71.30529022216797
2026-05-01 07:46:12.209707,2026-05-01 07:46:12.209707,71.3321533203125
2026-05-01 07:46:12.410347,2026-05-01 07:46:12.410347,71.35498809814453
2026-05-01 07:46:12.608654,2026-05-01 07:46:12.608654,71.37439727783203
2026-05-01 07:46:12.808760,2026-05-01 07:46:12.808760,71.3908920288086
2026-05-01 07:46:13.008268,2026-05-01 07:46:13.008268,71.40491485595703
2026-05-01 07:46:13.207660,2026-05-01 07:46:13.207660,71.41683197021484
2026-05-01 07:46:13.409260,2026-05-01 07:46:13.409260,71.42696380615234
2026-05-01 07:46:13.610069,2026-05-01 07:46:13.610069,71.43557739257812
2026-05-01 07:46:13.813614,2026-05-01 07:46:13.813614,71.4428939819336
2026-05-01 07:46:14.009556,2026-05-01 07:46:14.009556,71.4491195678711
2026-05-01 07:46:14.208501,2026-05-01 07:46:14.208501,71.45440673828125
2026-05-01 07:46:14.409477,2026-05-01 07:46:14.409477,71.45890045166016
2026-05-01 07:46:14.610173,2026-05-01 07:46:14.610173,71.46272277832031
2026-05-01 07:46:14.809072,2026-05-01 07:46:14.809072,71.46597290039062
2026-05-01 07:46:15.009189,2026-05-01 07:46:15.009189,71.46873474121094
2026-05-01 07:46:15.213114,2026-05-01 07:46:15.213114,71.47107696533203
2026-05-01 07:46:15.413595,2026-05-01 07:46:15.413595,71.47307586669922
2026-05-01 07:46:15.609209,2026-05-01 07:46:15.609209,71.47476959228516
2026-05-01 07:46:15.811411,2026-05-01 07:46:15.811411,71.47621154785156
2026-05-01 07:46:16.009530,2026-05-01 07:46:16.009530,71.47743225097656
2026-05-01 07:46:16.208817,2026-05-01 07:46:16.208817,71.47847747802734
2026-05-01 07:46:16.409374,2026-05-01 07:46:16.409374,71.47936248779297
2026-05-01 07:46:16.611572,2026-05-01 07:46:16.611572,71.48011016845703
2026-05-01 07:46:16.807414,2026-05-01 07:46:16.807414,71.48075103759766
2026-05-01 07:46:17.009004,2026-05-01 07:46:17.009004,71.48129272460938
2026-05-01 07:46:17.207649,2026-05-01 07:46:17.207649,73.23957061767578
2026-05-01 07:46:17.408177,2026-05-01 07:46:17.408177,74.73410034179688
2026-05-01 07:46:17.607729,2026-05-01 07:46:17.607729,76.00445556640625
2026-05-01 07:46:17.808542,2026-05-01 07:46:17.808542,77.08425903320312
2026-05-01 07:46:18.008196,2026-05-01 07:46:18.008196,78.17787170410156
2026-05-01 07:46:18.207490,2026-05-01 07:46:18.207490,79.10743713378906
2026-05-01 07:46:18.407460,2026-05-01 07:46:18.407460,79.89757537841797
2026-05-01 07:46:18.610713,2026-05-01 07:46:18.610713,80.56918334960938
2026-05-01 07:46:18.807974,2026-05-01 07:46:18.807974,81.14006042480469
2026-05-01 07:46:19.007425,2026-05-01 07:46:19.007425,81.62529754638672
2026-05-01 07:46:19.207908,2026-05-01 07:46:19.207908,82.03775787353516
2026-05-01 07:46:19.408732,2026-05-01 07:46:19.408732,82.38834381103516
2026-05-01 07:46:19.607864,2026-05-01 07:46:19.607864,82.68634033203125
2026-05-01 07:46:19.807526,2026-05-01 07:46:19.807526,82.93963623046875
2026-05-01 07:46:20.008374,2026-05-01 07:46:20.008374,83.15494537353516
2026-05-01 07:46:20.207638,2026-05-01 07:46:20.207638,83.51373291015625
2026-05-01 07:46:20.409546,2026-05-01 07:46:20.409546,83.8187026977539
2026-05-01 07:46:20.607762,2026-05-01 07:46:20.607762,84.07792663574219
2026-05-01 07:46:20.807676,2026-05-01 07:46:20.807676,84.29827117919922
2026-05-01 07:46:21.008773,2026-05-01 07:46:21.008773,84.48556518554688
2026-05-01 07:46:34.109458,2026-05-01 07:46:34.109458,84.64476013183594
2026-05-01 07:46:34.309697,2026-05-01 07:46:34.309697,84.78007507324219
2026-05-01 07:46:34.508743,2026-05-01 07:46:34.508743,84.89509582519531
2026-05-01 07:46:34.710602,2026-05-01 07:46:34.710602,84.99286651611328
2026-05-01 07:46:34.909174,2026-05-01 07:46:34.909174,85.07596588134766
2026-05-01 07:46:35.109287,2026-05-01 07:46:35.109287,85.14659881591797
2026-05-01 07:46:35.308846,2026-05-01 07:46:35.308846,85.3824234008789
2026-05-01 07:46:35.508640,2026-05-01 07:46:35.508640,85.58287048339844
2026-05-01 07:46:35.708798,2026-05-01 07:46:35.708798,85.75325775146484
2026-05-01 07:46:35.909516,2026-05-01 07:46:35.909516,85.89807891845703
2026-05-01 07:46:36.108495,2026-05-01 07:46:36.108495,86.02117919921875
2026-05-01 07:46:36.309424,2026-05-01 07:46:36.309424,86.12581634521484
2026-05-01 07:46:36.508939,2026-05-01 07:46:36.508939,86.21475219726562
2026-05-01 07:46:36.709264,2026-05-01 07:46:36.709264,86.29035186767578
2026-05-01 07:46:36.908593,2026-05-01 07:46:36.908593,86.3546142578125
2026-05-01 07:46:37.108039,2026-05-01 07:46:37.108039,86.40923309326172
2026-05-01 07:46:37.308890,2026-05-01 07:46:37.308890,86.45565795898438
2026-05-01 07:46:37.509743,2026-05-01 07:46:37.509743,86.49512481689453
2026-05-01 07:46:37.710490,2026-05-01 07:46:37.710490,86.52867126464844
2026-05-01 07:46:37.909597,2026-05-01 07:46:37.909597,86.73296356201172
2026-05-01 07:46:38.108699,2026-05-01 07:46:38.108699,86.90660858154297
2026-05-01 07:46:38.315256,2026-05-01 07:46:38.315256,87.05421447753906
2026-05-01 07:46:38.509724,2026-05-01 07:46:38.509724,87.17967224121094
2026-05-01 07:46:38.707683,2026-05-01 07:46:38.707683,87.46209716796875
2026-05-01 07:46:38.908548,2026-05-01 07:46:38.908548,87.70215606689453
2026-05-01 07:46:39.109555,2026-05-01 07:46:39.109555,87.90621185302734
2026-05-01 07:46:39.307603,2026-05-01 07:46:39.307603,88.25543212890625
2026-05-01 07:46:39.510591,2026-05-01 07:46:39.510591,88.55227661132812
2026-05-01 07:46:39.709042,2026-05-01 07:46:39.709042,88.9803695678711
2026-05-01 07:46:39.909492,2026-05-01 07:46:39.909492,89.34425354003906
2026-05-01 07:46:40.108072,2026-05-01 07:46:40.108072,89.65355682373047
2026-05-01 07:46:40.308780,2026-05-01 07:46:40.308780,89.91645812988281
2026-05-01 07:46:40.508178,2026-05-01 07:46:40.508178,90.13992309570312
2026-05-01 07:46:40.707832,2026-05-01 07:46:40.707832,90.32987213134766
2026-05-01 07:46:40.907871,2026-05-01 07:46:40.907871,90.4913330078125
2026-05-01 07:46:41.109529,2026-05-01 07:46:41.109529,90.80435180664062
2026-05-01 07:46:41.307690,2026-05-01 07:46:41.307690,91.07041931152344
2026-05-01 07:46:41.507467,2026-05-01 07:46:41.507467,91.29656982421876
2026-05-01 07:46:41.709419,2026-05-01 07:46:41.709419,87.97318267822266
2026-05-01 07:46:41.910269,2026-05-01 07:46:41.910269,85.14830017089844
2026-05-01 07:46:42.107346,2026-05-01 07:46:42.107346,82.74714660644531
2026-05-01 07:46:42.307966,2026-05-01 07:46:42.307966,80.70616912841797
2026-05-01 07:46:42.507394,2026-05-01 07:46:42.507394,78.9713363647461
2026-05-01 07:46:42.707857,2026-05-01 07:46:42.707857,77.4967269897461
2026-05-01 07:46:42.907608,2026-05-01 07:46:42.907608,76.24331665039062
2026-05-01 07:46:43.107493,2026-05-01 07:46:43.107493,75.17790985107422
2026-05-01 07:46:43.308757,2026-05-01 07:46:43.308757,74.2723159790039
2026-05-01 07:46:43.508484,2026-05-01 07:46:43.508484,73.5025634765625
2026-05-01 07:46:43.708036,2026-05-01 07:46:43.708036,72.84827423095703
2026-05-01 07:46:43.908628,2026-05-01 07:46:43.908628,72.29212951660156
2026-05-01 07:46:44.108156,2026-05-01 07:46:44.108156,71.81940460205078
2026-05-01 07:46:44.307953,2026-05-01 07:46:44.307953,71.41758728027344
2026-05-01 07:46:44.507520,2026-05-01 07:46:44.507520,70.90026092529297
2026-05-01 07:46:44.707607,2026-05-01 07:46:44.707607,70.46053314208984
2026-05-01 07:46:44.907866,2026-05-01 07:46:44.907866,70.0867691040039
2026-05-01 07:46:45.109074,2026-05-01 07:46:45.109074,69.7690658569336
2026-05-01 07:46:45.307819,2026-05-01 07:46:45.307819,69.49901580810547
2026-05-01 07:46:45.507675,2026-05-01 07:46:45.507675,69.26947784423828
2026-05-01 07:46:45.707969,2026-05-01 07:46:45.707969,69.0743637084961
2026-05-01 07:46:45.908247,2026-05-01 07:46:45.908247,68.90852355957031
2026-05-01 07:46:46.108956,2026-05-01 07:46:46.108956,68.7675552368164
2026-05-01 07:46:46.307862,2026-05-01 07:46:46.307862,68.64773559570312
2026-05-01 07:46:46.507732,2026-05-01 07:46:46.507732,68.54589080810547
2026-05-01 07:46:46.707556,2026-05-01 07:46:46.707556,68.45932006835938
2026-05-01 07:46:46.907945,2026-05-01 07:46:46.907945,68.38573455810547
2026-05-01 07:46:47.108263,2026-05-01 07:46:47.108263,68.32318878173828
2026-05-01 07:46:47.309106,2026-05-01 07:46:47.309106,68.27001953125
2026-05-01 07:46:47.507581,2026-05-01 07:46:47.507581,68.2248306274414
2026-05-01 07:46:47.708653,2026-05-01 07:46:47.708653,68.18641662597656
2026-05-01 07:46:47.909198,2026-05-01 07:46:47.909198,68.15377044677734
2026-05-01 07:46:48.109952,2026-05-01 07:46:48.109952,68.12601470947266
2026-05-01 07:46:48.308623,2026-05-01 07:46:48.308623,68.10242462158203
2026-05-01 07:46:48.507683,2026-05-01 07:46:48.507683,68.0823745727539
2026-05-01 07:46:48.707941,2026-05-01 07:46:48.707941,68.0653305053711
2026-05-01 07:46:48.907525,2026-05-01 07:46:48.907525,68.05084228515625
2026-05-01 07:46:49.107677,2026-05-01 07:46:49.107677,68.03852844238281
2026-05-01 07:46:49.307924,2026-05-01 07:46:49.307924,67.85227966308594
2026-05-01 07:46:49.507941,2026-05-01 07:46:49.507941,67.6939697265625
2026-05-01 07:46:49.707599,2026-05-01 07:46:49.707599,67.55940246582031
2026-05-01 07:46:49.907938,2026-05-01 07:46:49.907938,67.44502258300781
2026-05-01 07:46:50.108011,2026-05-01 07:46:50.108011,67.3478012084961
2026-05-01 07:46:50.308253,2026-05-01 07:46:50.308253,67.26516723632812
2026-05-01 07:46:50.508707,2026-05-01 07:46:50.508707,67.1949234008789
2026-05-01 07:46:50.708935,2026-05-01 07:46:50.708935,67.13521575927734
2026-05-01 07:46:50.907950,2026-05-01 07:46:50.907950,67.08446502685547
2026-05-01 07:46:51.108384,2026-05-01 07:46:51.108384,67.04132843017578
2026-05-01 07:46:51.308005,2026-05-01 07:46:51.308005,67.00465393066406
2026-05-01 07:46:51.507583,2026-05-01 07:46:51.507583,66.9734878540039
2026-05-01 07:46:51.708040,2026-05-01 07:46:51.708040,66.9469985961914
2026-05-01 07:46:51.910109,2026-05-01 07:46:51.910109,66.92447662353516
2026-05-01 07:46:52.107885,2026-05-01 07:46:52.107885,66.90534210205078
2026-05-01 07:46:52.308075,2026-05-01 07:46:52.308075,66.88906860351562
2026-05-01 07:46:52.511419,2026-05-01 07:46:52.511419,66.87523651123047
2026-05-01 07:46:52.708500,2026-05-01 07:46:52.708500,66.86348724365234
2026-05-01 07:46:52.910124,2026-05-01 07:46:52.910124,66.8534927368164
2026-05-01 07:46:53.110628,2026-05-01 07:46:53.110628,66.84500122070312
2026-05-01 07:46:53.308544,2026-05-01 07:46:53.308544,66.83778381347656
2026-05-01 07:46:53.507742,2026-05-01 07:46:53.507742,66.83164978027344
2026-05-01 07:46:53.708569,2026-05-01 07:46:53.708569,66.65065002441406
2026-05-01 07:46:53.908152,2026-05-01 07:46:53.908152,66.4968032836914
2026-05-01 07:46:54.108725,2026-05-01 07:46:54.108725,66.36602783203125
2026-05-01 07:46:54.307755,2026-05-01 07:46:54.307755,66.25487518310547
2026-05-01 07:46:54.509229,2026-05-01 07:46:54.509229,66.16039276123047
2026-05-01 07:46:54.710035,2026-05-01 07:46:54.710035,66.08008575439453
2026-05-01 07:46:54.908537,2026-05-01 07:46:54.908537,66.01182556152344
2026-05-01 07:46:55.108329,2026-05-01 07:46:55.108329,65.77801513671875
2026-05-01 07:46:55.309417,2026-05-01 07:46:55.309417,65.57928466796875
2026-05-01 07:46:55.509572,2026-05-01 07:46:55.509572,65.41036224365234
2026-05-01 07:46:55.709795,2026-05-01 07:46:55.709795,65.26677703857422
2026-05-01 07:46:55.909702,2026-05-01 07:46:55.909702,65.14472961425781
2026-05-01 07:46:56.107734,2026-05-01 07:46:56.107734,65.04098510742188
2026-05-01 07:46:56.307950,2026-05-01 07:46:56.307950,64.95280456542969
2026-05-01 07:46:56.509224,2026-05-01 07:46:56.509224,64.87785339355469
2026-05-01 07:46:56.709868,2026-05-01 07:46:56.709868,64.63836669921875
2026-05-01 07:46:56.908262,2026-05-01 07:46:56.908262,64.43479919433594
2026-05-01 07:46:57.107759,2026-05-01 07:46:57.107759,64.26176452636719
2026-05-01 07:46:57.307972,2026-05-01 07:46:57.307972,64.11468505859375
2026-05-01 07:46:57.509496,2026-05-01 07:46:57.509496,67.32951354980469
2026-05-01 07:46:57.708076,2026-05-01 07:46:57.708076,70.06211853027344
2026-05-01 07:46:57.907872,2026-05-01 07:46:57.907872,72.38483428955078
2026-05-01 07:46:58.107796,2026-05-01 07:46:58.107796,74.35913848876953
2026-05-01 07:46:58.307659,2026-05-01 07:46:58.307659,76.03730010986328
2026-05-01 07:46:58.508102,2026-05-01 07:46:58.508102,77.46373748779297
2026-05-01 07:46:58.707394,2026-05-01 07:46:58.707394,78.67620849609375
2026-05-01 07:46:58.908558,2026-05-01 07:46:58.908558,79.7068099975586
2026-05-01 07:46:59.107477,2026-05-01 07:46:59.107477,80.58281707763672
2026-05-01 07:46:59.307493,2026-05-01 07:46:59.307493,81.32742309570312
2026-05-01 07:47:12.409117,2026-05-01 07:47:12.409117,81.96034240722656
2026-05-01 07:47:12.609134,2026-05-01 07:47:12.609134,82.49832153320312
2026-05-01 07:47:12.808121,2026-05-01 07:47:12.808121,82.95560455322266
2026-05-01 07:47:13.008679,2026-05-01 07:47:13.008679,83.34429931640625
2026-05-01 07:47:13.209157,2026-05-01 07:47:13.209157,83.6746826171875
2026-05-01 07:47:13.408816,2026-05-01 07:47:13.408816,83.95551300048828
2026-05-01 07:47:13.608416,2026-05-01 07:47:13.608416,84.1942138671875
2026-05-01 07:47:13.809632,2026-05-01 07:47:13.809632,84.3971176147461
2026-05-01 07:47:14.008963,2026-05-01 07:47:14.008963,84.569580078125
2026-05-01 07:47:14.208301,2026-05-01 07:47:14.208301,84.71617126464844
2026-05-01 07:47:14.410737,2026-05-01 07:47:14.410737,84.84078216552734
2026-05-01 07:47:14.607891,2026-05-01 07:47:14.607891,84.94669342041016
2026-05-01 07:47:14.808201,2026-05-01 07:47:14.808201,85.0367202758789
2026-05-01 07:47:15.009221,2026-05-01 07:47:15.009221,85.11324310302734
2026-05-01 07:47:15.207851,2026-05-01 07:47:15.207851,85.17829132080078
2026-05-01 07:47:15.410713,2026-05-01 07:47:15.410713,83.82732391357422
2026-05-01 07:47:15.611745,2026-05-01 07:47:15.611745,82.67900848388672
2026-05-01 07:47:15.808216,2026-05-01 07:47:15.808216,81.70294189453125
2026-05-01 07:47:16.014966,2026-05-01 07:47:16.014966,80.87327575683594
2026-05-01 07:47:16.208310,2026-05-01 07:47:16.208310,80.1680679321289
2026-05-01 07:47:16.410652,2026-05-01 07:47:16.410652,79.56864166259766
2026-05-01 07:47:16.607927,2026-05-01 07:47:16.607927,79.05912780761719
2026-05-01 07:47:16.808605,2026-05-01 07:47:16.808605,78.45025634765625
2026-05-01 07:47:17.007641,2026-05-01 07:47:17.007641,77.9327163696289
2026-05-01 07:47:17.207878,2026-05-01 07:47:17.207878,75.38343811035156
2026-05-01 07:47:17.411463,2026-05-01 07:47:17.411463,73.21654510498047
2026-05-01 07:47:17.611366,2026-05-01 07:47:17.611366,71.19890594482422
2026-05-01 07:47:17.807821,2026-05-01 07:47:17.807821,69.48391723632812
2026-05-01 07:47:18.007507,2026-05-01 07:47:18.007507,80.33085632324219
2026-05-01 07:47:18.209507,2026-05-01 07:47:18.209507,89.5507583618164
2026-05-01 07:47:18.411592,2026-05-01 07:47:18.411592,97.38768005371094
2026-05-01 07:47:18.611533,2026-05-01 07:47:18.611533,104.04905700683594
2026-05-01 07:47:18.808541,2026-05-01 07:47:18.808541,109.7112274169922
2026-05-01 07:47:19.011576,2026-05-01 07:47:19.011576,109.60220336914062
2026-05-01 07:47:19.208002,2026-05-01 07:47:19.208002,109.50952911376952
2026-05-01 07:47:19.408684,2026-05-01 07:47:19.408684,109.25497436523438
2026-05-01 07:47:19.609350,2026-05-01 07:47:19.609350,109.03860473632812
2026-05-01 07:47:19.808126,2026-05-01 07:47:19.808126,108.8546905517578
2026-05-01 07:47:20.007675,2026-05-01 07:47:20.007675,108.69835662841795
2026-05-01 07:47:20.210047,2026-05-01 07:47:20.210047,108.56548309326172
2026-05-01 07:47:20.408457,2026-05-01 07:47:20.408457,108.45252990722656
2026-05-01 07:47:20.607685,2026-05-01 07:47:20.607685,108.35652923583984
2026-05-01 07:47:20.809106,2026-05-01 07:47:20.809106,108.2749252319336
2026-05-01 07:47:21.007745,2026-05-01 07:47:21.007745,108.20555877685548
2026-05-01 07:47:21.211987,2026-05-01 07:47:21.211987,108.14659881591795
2026-05-01 07:47:21.401470,2026-05-01 07:47:21.401470,108.09648895263672
2026-05-01 07:47:21.607445,2026-05-01 07:47:21.607445,108.05388641357422
2026-05-01 07:47:21.807674,2026-05-01 07:47:21.807674,108.0176773071289
2026-05-01 07:47:22.008936,2026-05-01 07:47:22.008936,107.98690032958984
2026-05-01 07:47:22.207958,2026-05-01 07:47:22.207958,107.9607391357422
2026-05-01 07:47:22.408623,2026-05-01 07:47:22.408623,107.93850708007812
2026-05-01 07:47:22.607655,2026-05-01 07:47:22.607655,107.91960144042967
2026-05-01 07:47:22.808401,2026-05-01 07:47:22.808401,107.9035415649414
2026-05-01 07:47:23.007783,2026-05-01 07:47:23.007783,108.06566619873048
2026-05-01 07:47:23.208254,2026-05-01 07:47:23.208254,108.2034683227539
2026-05-01 07:47:23.407616,2026-05-01 07:47:23.407616,108.32061004638672
2026-05-01 07:47:23.607727,2026-05-01 07:47:23.607727,108.42017364501952
2026-05-01 07:47:23.808751,2026-05-01 07:47:23.808751,113.95401763916016
2026-05-01 07:47:24.008519,2026-05-01 07:47:24.008519,118.65779113769533
2026-05-01 07:47:24.207548,2026-05-01 07:47:24.207548,122.65599822998048
2026-05-01 07:47:24.407793,2026-05-01 07:47:24.407793,126.05447387695312
2026-05-01 07:47:24.607438,2026-05-01 07:47:24.607438,128.94317626953125
2026-05-01 07:47:24.809219,2026-05-01 07:47:24.809219,131.39857482910156
2026-05-01 07:47:25.007510,2026-05-01 07:47:25.007510,133.4856719970703
2026-05-01 07:47:25.207902,2026-05-01 07:47:25.207902,135.2596893310547
2026-05-01 07:47:25.407902,2026-05-01 07:47:25.407902,136.76760864257812
2026-05-01 07:47:25.607420,2026-05-01 07:47:25.607420,138.04934692382812
2026-05-01 07:47:25.807406,2026-05-01 07:47:25.807406,139.31460571289062
2026-05-01 07:47:26.009042,2026-05-01 07:47:26.009042,140.3900604248047
2026-05-01 07:47:26.208239,2026-05-01 07:47:26.208239,141.30421447753906
2026-05-01 07:47:26.408593,2026-05-01 07:47:26.408593,142.25701904296875
2026-05-01 07:47:26.608040,2026-05-01 07:47:26.608040,143.06690979003906
2026-05-01 07:47:26.807599,2026-05-01 07:47:26.807599,143.75531005859375
2026-05-01 07:47:27.008127,2026-05-01 07:47:27.008127,144.3404541015625
2026-05-01 07:47:27.209069,2026-05-01 07:47:27.209069,145.0135955810547
2026-05-01 07:47:27.407889,2026-05-01 07:47:27.407889,145.58578491210938
2026-05-01 07:47:27.607647,2026-05-01 07:47:27.607647,146.07212829589844
2026-05-01 07:47:27.807766,2026-05-01 07:47:27.807766,146.48553466796875
2026-05-01 07:47:28.007477,2026-05-01 07:47:28.007477,147.0126953125
2026-05-01 07:47:28.207541,2026-05-01 07:47:28.207541,147.46080017089844
2026-05-01 07:47:28.408940,2026-05-01 07:47:28.408940,147.8416748046875
2026-05-01 07:47:28.608035,2026-05-01 07:47:28.608035,148.16542053222656
2026-05-01 07:47:28.808050,2026-05-01 07:47:28.808050,148.44061279296875
2026-05-01 07:47:29.009372,2026-05-01 07:47:29.009372,148.6745147705078
2026-05-01 07:47:29.207420,2026-05-01 07:47:29.207420,148.8733367919922
2026-05-01 07:47:29.407963,2026-05-01 07:47:29.407963,149.04234313964844
2026-05-01 07:47:29.607814,2026-05-01 07:47:29.607814,149.1859893798828
2026-05-01 07:47:29.807569,2026-05-01 07:47:29.807569,147.55027770996094
2026-05-01 07:47:30.008121,2026-05-01 07:47:30.008121,146.15992736816406
2026-05-01 07:47:30.207736,2026-05-01 07:47:30.207736,144.97811889648438
2026-05-01 07:47:30.407754,2026-05-01 07:47:30.407754,143.9735870361328
2026-05-01 07:47:30.608128,2026-05-01 07:47:30.608128,143.11973571777344
2026-05-01 07:47:30.808066,2026-05-01 07:47:30.808066,142.3939666748047
2026-05-01 07:47:31.008218,2026-05-01 07:47:31.008218,141.7770538330078
2026-05-01 07:47:31.207987,2026-05-01 07:47:31.207987,141.252685546875
2026-05-01 07:47:31.408029,2026-05-01 07:47:31.408029,140.63119506835938
2026-05-01 07:47:31.607456,2026-05-01 07:47:31.607456,140.10292053222656
2026-05-01 07:47:31.807475,2026-05-01 07:47:31.807475,139.6538848876953
2026-05-01 07:47:32.007833,2026-05-01 07:47:32.007833,139.272216796875
2026-05-01 07:47:32.208724,2026-05-01 07:47:32.208724,138.94778442382812
2026-05-01 07:47:32.407573,2026-05-01 07:47:32.407573,138.67202758789062
2026-05-01 07:47:32.607649,2026-05-01 07:47:32.607649,138.4376220703125
2026-05-01 07:47:32.807407,2026-05-01 07:47:32.807407,138.23838806152344
2026-05-01 07:47:33.007917,2026-05-01 07:47:33.007917,138.06903076171875
2026-05-01 07:47:33.207899,2026-05-01 07:47:33.207899,137.9250946044922
2026-05-01 07:47:33.409340,2026-05-01 07:47:33.409340,137.802734375
2026-05-01 07:47:33.609092,2026-05-01 07:47:33.609092,137.69873046875
2026-05-01 07:47:33.807621,2026-05-01 07:47:33.807621,137.61032104492188
2026-05-01 07:47:34.010960,2026-05-01 07:47:34.010960,137.53518676757812
2026-05-01 07:47:34.208245,2026-05-01 07:47:34.208245,137.4713134765625
2026-05-01 07:47:34.408894,2026-05-01 07:47:34.408894,137.24124145507812
2026-05-01 07:47:34.608821,2026-05-01 07:47:34.608821,137.04568481445312
2026-05-01 07:47:34.809724,2026-05-01 07:47:34.809724,136.87945556640625
2026-05-01 07:47:35.010921,2026-05-01 07:47:35.010921,136.7381591796875
2026-05-01 07:47:35.210281,2026-05-01 07:47:35.210281,136.61805725097656
2026-05-01 07:47:35.409256,2026-05-01 07:47:35.409256,136.51597595214844
2026-05-01 07:47:35.610916,2026-05-01 07:47:35.610916,136.42919921875
2026-05-01 07:47:35.809168,2026-05-01 07:47:35.809168,136.35545349121094
2026-05-01 07:47:36.009663,2026-05-01 07:47:36.009663,136.29275512695312
2026-05-01 07:47:36.207721,2026-05-01 07:47:36.207721,136.23947143554688
2026-05-01 07:47:36.409182,2026-05-01 07:47:36.409182,136.0183868408203
2026-05-01 07:47:36.608665,2026-05-01 07:47:36.608665,135.83047485351562
2026-05-01 07:47:36.807979,2026-05-01 07:47:36.807979,135.67074584960938
2026-05-01 07:47:37.009831,2026-05-01 07:47:37.009831,135.53497314453125
2026-05-01 07:47:37.208504,2026-05-01 07:47:37.208504,135.41957092285156
2026-05-01 07:47:37.407777,2026-05-01 07:47:37.407777,135.3214874267578
2026-05-01 07:47:37.607897,2026-05-01 07:47:37.607897,135.23809814453125
2026-05-01 07:47:50.708373,2026-05-01 07:47:50.708373,135.167236328125
2026-05-01 07:47:50.908139,2026-05-01 07:47:50.908139,134.93121337890625
2026-05-01 07:47:51.107911,2026-05-01 07:47:51.107911,134.7305908203125
2026-05-01 07:47:51.309480,2026-05-01 07:47:51.309480,134.56005859375
2026-05-01 07:47:51.509292,2026-05-01 07:47:51.509292,134.4151153564453
2026-05-01 07:47:51.708406,2026-05-01 07:47:51.708406,134.2919158935547
2026-05-01 07:47:51.908570,2026-05-01 07:47:51.908570,134.18719482421875
2026-05-01 07:47:52.108358,2026-05-01 07:47:52.108358,134.09817504882812
2026-05-01 07:47:52.308630,2026-05-01 07:47:52.308630,133.8467254638672
2026-05-01 07:47:52.508816,2026-05-01 07:47:52.508816,133.63299560546875
2026-05-01 07:47:52.708591,2026-05-01 07:47:52.708591,133.45132446289062
2026-05-01 07:47:52.909600,2026-05-01 07:47:52.909600,133.29690551757812
2026-05-01 07:47:53.109673,2026-05-01 07:47:53.109673,133.16566467285156
2026-05-01 07:47:53.309134,2026-05-01 07:47:53.309134,132.87831115722656
2026-05-01 07:47:53.508048,2026-05-01 07:47:53.508048,132.63406372070312
2026-05-01 07:47:53.710485,2026-05-01 07:47:53.710485,132.42645263671875
2026-05-01 07:47:53.909858,2026-05-01 07:47:53.909858,132.24998474121094
2026-05-01 07:47:54.108075,2026-05-01 07:47:54.108075,132.09999084472656
2026-05-01 07:47:54.308917,2026-05-01 07:47:54.308917,131.9724884033203
2026-05-01 07:47:54.510183,2026-05-01 07:47:54.510183,131.68833923339844
2026-05-01 07:47:54.710759,2026-05-01 07:47:54.710759,131.44680786132812
2026-05-01 07:47:54.910512,2026-05-01 07:47:54.910512,131.2415008544922
2026-05-01 07:47:55.107373,2026-05-01 07:47:55.107373,131.06700134277344
2026-05-01 07:47:55.308205,2026-05-01 07:47:55.308205,130.91867065429688
2026-05-01 07:47:55.509644,2026-05-01 07:47:55.509644,130.79258728027344
2026-05-01 07:47:55.710384,2026-05-01 07:47:55.710384,130.68540954589844
2026-05-01 07:47:55.907788,2026-05-01 07:47:55.907788,123.03572845458984
2026-05-01 07:47:56.110008,2026-05-01 07:47:56.110008,116.5334930419922
2026-05-01 07:47:56.309436,2026-05-01 07:47:56.309436,111.006591796875
2026-05-01 07:47:56.508409,2026-05-01 07:47:56.508409,106.30873107910156
2026-05-01 07:47:56.707478,2026-05-01 07:47:56.707478,102.13976287841795
2026-05-01 07:47:56.908164,2026-05-01 07:47:56.908164,98.5961456298828
2026-05-01 07:47:57.110415,2026-05-01 07:47:57.110415,95.58406829833984
2026-05-01 07:47:57.311224,2026-05-01 07:47:57.311224,93.02379608154295
2026-05-01 07:47:57.507940,2026-05-01 07:47:57.507940,90.84757232666016
2026-05-01 07:47:57.708190,2026-05-01 07:47:57.708190,88.9977798461914
2026-05-01 07:47:57.907707,2026-05-01 07:47:57.907707,87.24967956542969
2026-05-01 07:47:58.107885,2026-05-01 07:47:58.107885,85.76378631591797
2026-05-01 07:47:58.309416,2026-05-01 07:47:58.309416,84.50077819824219
2026-05-01 07:47:58.507674,2026-05-01 07:47:58.507674,83.42723083496094
2026-05-01 07:47:58.711092,2026-05-01 07:47:58.711092,82.51470184326172
2026-05-01 07:47:58.908923,2026-05-01 07:47:58.908923,81.73905944824219
2026-05-01 07:47:59.108708,2026-05-01 07:47:59.108708,81.07976531982422
2026-05-01 07:47:59.307530,2026-05-01 07:47:59.307530,80.34358215332031
2026-05-01 07:47:59.508360,2026-05-01 07:47:59.508360,79.71782684326172
2026-05-01 07:47:59.707847,2026-05-01 07:47:59.707847,79.1859359741211
2026-05-01 07:47:59.907410,2026-05-01 07:47:59.907410,78.73382568359375
2026-05-01 07:48:00.107408,2026-05-01 07:48:00.107408,78.17375183105469
2026-05-01 07:48:00.307727,2026-05-01 07:48:00.307727,76.99456024169922
2026-05-01 07:48:00.511276,2026-05-01 07:48:00.511276,75.99225616455078
2026-05-01 07:48:00.708385,2026-05-01 07:48:00.708385,75.14028930664062
2026-05-01 07:48:00.907844,2026-05-01 07:48:00.907844,74.41612243652344
2026-05-01 07:48:01.107472,2026-05-01 07:48:01.107472,73.80057525634766
2026-05-01 07:48:01.308623,2026-05-01 07:48:01.308623,73.2773666381836
2026-05-01 07:48:01.507519,2026-05-01 07:48:01.507519,72.83263397216797
2026-05-01 07:48:01.708062,2026-05-01 07:48:01.708062,72.4546127319336
2026-05-01 07:48:01.907444,2026-05-01 07:48:01.907444,72.13330078125
2026-05-01 07:48:02.107380,2026-05-01 07:48:02.107380,71.86017608642578
2026-05-01 07:48:02.307940,2026-05-01 07:48:02.307940,71.6280288696289
2026-05-01 07:48:02.508790,2026-05-01 07:48:02.508790,71.43069458007812
2026-05-01 07:48:02.708378,2026-05-01 07:48:02.708378,71.43875122070312
2026-05-01 07:48:02.907926,2026-05-01 07:48:02.907926,71.44559478759766
2026-05-01 07:48:03.107868,2026-05-01 07:48:03.107868,71.27562713623047
2026-05-01 07:48:03.307715,2026-05-01 07:48:03.307715,71.13115692138672
2026-05-01 07:48:03.513222,2026-05-01 07:48:03.513222,71.00836181640625
2026-05-01 07:48:03.710980,2026-05-01 07:48:03.710980,70.90398406982422
2026-05-01 07:48:03.908257,2026-05-01 07:48:03.908257,70.81526184082031
2026-05-01 07:48:04.107362,2026-05-01 07:48:04.107362,70.7398452758789
2026-05-01 07:48:04.308029,2026-05-01 07:48:04.308029,74.01558685302734
2026-05-01 07:48:04.507969,2026-05-01 07:48:04.507969,76.79996490478516
2026-05-01 07:48:04.709497,2026-05-01 07:48:04.709497,87.07685089111328
2026-05-01 07:48:04.907532,2026-05-01 07:48:04.907532,95.81219482421876
2026-05-01 07:48:05.107800,2026-05-01 07:48:05.107800,103.23724365234376
2026-05-01 07:48:05.307578,2026-05-01 07:48:05.307578,109.54853057861328
2026-05-01 07:48:05.509384,2026-05-01 07:48:05.509384,114.91312408447266
2026-05-01 07:48:05.708662,2026-05-01 07:48:05.708662,119.47303009033205
2026-05-01 07:48:05.907806,2026-05-01 07:48:05.907806,123.34895324707033
2026-05-01 07:48:06.107474,2026-05-01 07:48:06.107474,126.64348602294922
2026-05-01 07:48:06.307676,2026-05-01 07:48:06.307676,129.44383239746094
2026-05-01 07:48:06.507879,2026-05-01 07:48:06.507879,131.8241424560547
2026-05-01 07:48:06.707489,2026-05-01 07:48:06.707489,133.84739685058594
2026-05-01 07:48:06.910144,2026-05-01 07:48:06.910144,135.56715393066406
2026-05-01 07:48:07.108488,2026-05-01 07:48:07.108488,137.02896118164062
2026-05-01 07:48:07.307403,2026-05-01 07:48:07.307403,138.095703125
2026-05-01 07:48:07.507437,2026-05-01 07:48:07.507437,139.17822265625
2026-05-01 07:48:07.707391,2026-05-01 07:48:07.707391,139.92259216308594
2026-05-01 07:48:07.907572,2026-05-01 07:48:07.907572,140.5552978515625
2026-05-01 07:48:08.108531,2026-05-01 07:48:08.108531,141.0930938720703
2026-05-01 07:48:08.307955,2026-05-01 07:48:08.307955,141.5502166748047
2026-05-01 07:48:08.507333,2026-05-01 07:48:08.507333,141.93878173828125
2026-05-01 07:48:08.707351,2026-05-01 07:48:08.707351,142.26905822753906
2026-05-01 07:48:08.907669,2026-05-01 07:48:08.907669,142.54978942871094
2026-05-01 07:48:09.107955,2026-05-01 07:48:09.107955,142.78842163085938
2026-05-01 07:48:09.308711,2026-05-01 07:48:09.308711,142.9912567138672
2026-05-01 07:48:09.507395,2026-05-01 07:48:09.507395,143.1636505126953
2026-05-01 07:48:09.707830,2026-05-01 07:48:09.707830,143.31019592285156
2026-05-01 07:48:09.907899,2026-05-01 07:48:09.907899,143.4347686767578
2026-05-01 07:48:10.108899,2026-05-01 07:48:10.108899,143.5406494140625
2026-05-01 07:48:10.308043,2026-05-01 07:48:10.308043,143.63064575195312
2026-05-01 07:48:10.508806,2026-05-01 07:48:10.508806,143.70713806152344
2026-05-01 07:48:10.708230,2026-05-01 07:48:10.708230,143.77215576171875
2026-05-01 07:48:10.907496,2026-05-01 07:48:10.907496,143.8274383544922
2026-05-01 07:48:11.108130,2026-05-01 07:48:11.108130,134.55799865722656
2026-05-01 07:48:11.309638,2026-05-01 07:48:11.309638,126.67899322509766
2026-05-01 07:48:11.507731,2026-05-01 07:48:11.507731,119.98182678222656
2026-05-01 07:48:11.707567,2026-05-01 07:48:11.707567,114.28924560546876
2026-05-01 07:48:11.910679,2026-05-01 07:48:11.910679,109.45054626464844
2026-05-01 07:48:12.107533,2026-05-01 07:48:12.107533,105.161865234375
2026-05-01 07:48:12.307635,2026-05-01 07:48:12.307635,101.51649475097656
2026-05-01 07:48:12.511292,2026-05-01 07:48:12.511292,98.4179229736328
2026-05-01 07:48:12.710299,2026-05-01 07:48:12.710299,95.78414154052734
2026-05-01 07:48:12.909059,2026-05-01 07:48:12.909059,93.54542541503906
2026-05-01 07:48:13.108180,2026-05-01 07:48:13.108180,91.64251708984376
2026-05-01 07:48:13.309265,2026-05-01 07:48:13.309265,90.0250473022461
2026-05-01 07:48:13.509784,2026-05-01 07:48:13.509784,88.65019989013672
2026-05-01 07:48:13.707884,2026-05-01 07:48:13.707884,87.48157501220703
2026-05-01 07:48:13.907381,2026-05-01 07:48:13.907381,86.48824310302734
2026-05-01 07:48:14.108182,2026-05-01 07:48:14.108182,85.64391326904297
2026-05-01 07:48:14.307745,2026-05-01 07:48:14.307745,84.92623138427734
2026-05-01 07:48:14.508144,2026-05-01 07:48:14.508144,84.14042663574219
2026-05-01 07:48:14.708899,2026-05-01 07:48:14.708899,83.47248840332031
2026-05-01 07:48:14.909184,2026-05-01 07:48:14.909184,82.90473937988281
2026-05-01 07:48:15.108723,2026-05-01 07:48:15.108723,82.42214965820312
2026-05-01 07:48:15.308143,2026-05-01 07:48:15.308143,82.01195526123047
2026-05-01 07:48:15.507691,2026-05-01 07:48:15.507691,81.66328430175781
2026-05-01 07:48:15.707497,2026-05-01 07:48:15.707497,81.3669204711914
2026-05-01 07:48:15.909652,2026-05-01 07:48:15.909652,81.11500549316406
2026-05-01 07:48:29.007623,2026-05-01 07:48:29.007623,80.90087890625
2026-05-01 07:48:29.207834,2026-05-01 07:48:29.207834,80.7188720703125
2026-05-01 07:48:29.407830,2026-05-01 07:48:29.407830,80.56416320800781
2026-05-01 07:48:29.607601,2026-05-01 07:48:29.607601,80.43266296386719
2026-05-01 07:48:29.807551,2026-05-01 07:48:29.807551,80.32089233398438
2026-05-01 07:48:30.008562,2026-05-01 07:48:30.008562,80.22588348388672
2026-05-01 07:48:30.209063,2026-05-01 07:48:30.209063,80.14512634277344
2026-05-01 07:48:30.407883,2026-05-01 07:48:30.407883,80.07648468017578
2026-05-01 07:48:30.607778,2026-05-01 07:48:30.607778,80.01813507080078
2026-05-01 07:48:30.811866,2026-05-01 07:48:30.811866,79.96853637695312
2026-05-01 07:48:31.010179,2026-05-01 07:48:31.010179,79.92638397216797
2026-05-01 07:48:31.209162,2026-05-01 07:48:31.209162,79.89054870605469
2026-05-01 07:48:31.414489,2026-05-01 07:48:31.414489,79.86009216308594
2026-05-01 07:48:31.611414,2026-05-01 07:48:31.611414,79.8342056274414
2026-05-01 07:48:31.808444,2026-05-01 07:48:31.808444,79.81219482421875
2026-05-01 07:48:32.007828,2026-05-01 07:48:32.007828,79.61771392822266
2026-05-01 07:48:32.210074,2026-05-01 07:48:32.210074,79.45240020751953
2026-05-01 07:48:32.409014,2026-05-01 07:48:32.409014,77.37828826904297
2026-05-01 07:48:32.608644,2026-05-01 07:48:32.608644,75.61529541015625
2026-05-01 07:48:32.809376,2026-05-01 07:48:32.809376,74.11675262451172
2026-05-01 07:48:33.008089,2026-05-01 07:48:33.008089,72.84298706054688
2026-05-01 07:48:33.208380,2026-05-01 07:48:33.208380,71.58451080322266
2026-05-01 07:48:33.409895,2026-05-01 07:48:33.409895,70.51480102539062
2026-05-01 07:48:33.610201,2026-05-01 07:48:33.610201,69.60555267333984
2026-05-01 07:48:33.809903,2026-05-01 07:48:33.809903,68.83268737792969
2026-05-01 07:48:34.011304,2026-05-01 07:48:34.011304,68.17575073242188
2026-05-01 07:48:34.209628,2026-05-01 07:48:34.209628,67.61735534667969
2026-05-01 07:48:34.410397,2026-05-01 07:48:34.410397,67.1427230834961
2026-05-01 07:48:34.611510,2026-05-01 07:48:34.611510,66.5634994506836
2026-05-01 07:48:34.808229,2026-05-01 07:48:34.808229,66.0711669921875
2026-05-01 07:48:35.008481,2026-05-01 07:48:35.008481,65.65267944335938
2026-05-01 07:48:35.207387,2026-05-01 07:48:35.207387,66.70321655273438
2026-05-01 07:48:35.407743,2026-05-01 07:48:35.407743,67.5961685180664
2026-05-01 07:48:35.614589,2026-05-01 07:48:35.614589,68.35517883300781
2026-05-01 07:48:35.808599,2026-05-01 07:48:35.808599,69.0003433227539
2026-05-01 07:48:36.012106,2026-05-01 07:48:36.012106,69.5487289428711
2026-05-01 07:48:36.209126,2026-05-01 07:48:36.209126,70.01485443115234
2026-05-01 07:48:36.407630,2026-05-01 07:48:36.407630,70.41106414794922
2026-05-01 07:48:36.609486,2026-05-01 07:48:36.609486,70.74784088134766
2026-05-01 07:48:36.807983,2026-05-01 07:48:36.807983,71.03410339355469
2026-05-01 07:48:37.008643,2026-05-01 07:48:37.008643,71.27742767333984
2026-05-01 07:48:37.207497,2026-05-01 07:48:37.207497,71.4842529296875
2026-05-01 07:48:37.409745,2026-05-01 07:48:37.409745,71.66004943847656
2026-05-01 07:48:37.607435,2026-05-01 07:48:37.607435,71.80947875976562
2026-05-01 07:48:37.810097,2026-05-01 07:48:37.810097,71.93649291992188
2026-05-01 07:48:38.008182,2026-05-01 07:48:38.008182,72.0444564819336
2026-05-01 07:48:38.210473,2026-05-01 07:48:38.210473,72.13623046875
2026-05-01 07:48:38.409440,2026-05-01 07:48:38.409440,72.2142333984375
2026-05-01 07:48:38.608964,2026-05-01 07:48:38.608964,72.28053283691406
2026-05-01 07:48:38.808865,2026-05-01 07:48:38.808865,72.3368911743164
2026-05-01 07:48:39.007355,2026-05-01 07:48:39.007355,72.38479614257812
2026-05-01 07:48:39.208713,2026-05-01 07:48:39.208713,72.4255142211914
2026-05-01 07:48:39.407583,2026-05-01 07:48:39.407583,72.46012115478516
2026-05-01 07:48:39.608034,2026-05-01 07:48:39.608034,72.48954010009766
2026-05-01 07:48:39.808036,2026-05-01 07:48:39.808036,72.5145492553711
2026-05-01 07:48:40.007586,2026-05-01 07:48:40.007586,72.53580474853516
2026-05-01 07:48:40.207467,2026-05-01 07:48:40.207467,72.55387115478516
2026-05-01 07:48:40.407538,2026-05-01 07:48:40.407538,72.56922912597656
2026-05-01 07:48:40.607362,2026-05-01 07:48:40.607362,72.58228302001953
2026-05-01 07:48:40.808523,2026-05-01 07:48:40.808523,72.59337615966797
2026-05-01 07:48:41.009846,2026-05-01 07:48:41.009846,72.6028060913086
2026-05-01 07:48:41.207534,2026-05-01 07:48:41.207534,72.61082458496094
2026-05-01 07:48:41.409804,2026-05-01 07:48:41.409804,72.61763763427734
2026-05-01 07:48:41.607980,2026-05-01 07:48:41.607980,78.07264709472656
2026-05-01 07:48:41.807428,2026-05-01 07:48:41.807428,82.70940399169922
2026-05-01 07:48:42.009536,2026-05-01 07:48:42.009536,86.65065002441406
2026-05-01 07:48:42.207465,2026-05-01 07:48:42.207465,90.0007095336914
2026-05-01 07:48:42.408362,2026-05-01 07:48:42.408362,92.84825897216795
2026-05-01 07:48:42.607729,2026-05-01 07:48:42.607729,95.2686767578125
2026-05-01 07:48:42.809178,2026-05-01 07:48:42.809178,97.32603454589844
2026-05-01 07:48:43.007446,2026-05-01 07:48:43.007446,99.07478332519533
2026-05-01 07:48:43.208694,2026-05-01 07:48:43.208694,100.56122589111328
2026-05-01 07:48:43.407669,2026-05-01 07:48:43.407669,101.82469177246094
2026-05-01 07:48:43.613920,2026-05-01 07:48:43.613920,102.89864349365234
2026-05-01 07:48:43.808894,2026-05-01 07:48:43.808894,103.81150817871094
2026-05-01 07:48:44.007435,2026-05-01 07:48:44.007435,104.58744049072266
2026-05-01 07:48:44.208038,2026-05-01 07:48:44.208038,105.24697875976562
2026-05-01 07:48:44.407461,2026-05-01 07:48:44.407461,105.80758666992188
2026-05-01 07:48:44.608260,2026-05-01 07:48:44.608260,106.28410339355467
2026-05-01 07:48:44.807781,2026-05-01 07:48:44.807781,106.68914794921876
2026-05-01 07:48:45.008777,2026-05-01 07:48:45.008777,107.03343200683594
2026-05-01 07:48:45.208156,2026-05-01 07:48:45.208156,107.3260726928711
2026-05-01 07:48:45.412405,2026-05-01 07:48:45.412405,107.57481384277344
2026-05-01 07:48:45.614727,2026-05-01 07:48:45.614727,107.78624725341795
2026-05-01 07:48:45.807588,2026-05-01 07:48:45.807588,107.96597290039062
2026-05-01 07:48:46.007302,2026-05-01 07:48:46.007302,108.11872863769533
2026-05-01 07:48:46.209611,2026-05-01 07:48:46.209611,108.24857330322266
2026-05-01 07:48:46.409353,2026-05-01 07:48:46.409353,108.35894775390624
2026-05-01 07:48:46.609714,2026-05-01 07:48:46.609714,108.4527587890625
2026-05-01 07:48:46.808932,2026-05-01 07:48:46.808932,108.53250122070312
2026-05-01 07:48:47.008030,2026-05-01 07:48:47.008030,108.60028076171876
2026-05-01 07:48:47.207473,2026-05-01 07:48:47.207473,108.65789794921876
2026-05-01 07:48:47.411507,2026-05-01 07:48:47.411507,108.70687103271484
2026-05-01 07:48:47.610347,2026-05-01 07:48:47.610347,108.74849700927734
2026-05-01 07:48:47.809407,2026-05-01 07:48:47.809407,108.78387451171876
2026-05-01 07:48:48.008464,2026-05-01 07:48:48.008464,108.81394958496094
2026-05-01 07:48:48.207868,2026-05-01 07:48:48.207868,108.83951568603516
2026-05-01 07:48:48.407714,2026-05-01 07:48:48.407714,108.86124420166016
2026-05-01 07:48:48.607444,2026-05-01 07:48:48.607444,108.87971496582033
2026-05-01 07:48:48.807800,2026-05-01 07:48:48.807800,108.89541625976562
2026-05-01 07:48:49.007703,2026-05-01 07:48:49.007703,108.90876007080078
2026-05-01 07:48:49.208233,2026-05-01 07:48:49.208233,108.92009735107422
2026-05-01 07:48:49.408460,2026-05-01 07:48:49.408460,108.92974090576172
2026-05-01 07:48:49.609414,2026-05-01 07:48:49.609414,108.93793487548828
2026-05-01 07:48:49.809456,2026-05-01 07:48:49.809456,108.94490051269533
2026-05-01 07:48:50.007617,2026-05-01 07:48:50.007617,109.12660217285156
2026-05-01 07:48:50.208656,2026-05-01 07:48:50.208656,109.2810516357422
2026-05-01 07:48:50.407672,2026-05-01 07:48:50.407672,109.4123306274414
2026-05-01 07:48:50.608052,2026-05-01 07:48:50.608052,109.52391815185548
2026-05-01 07:48:50.807432,2026-05-01 07:48:50.807432,109.61876678466795
2026-05-01 07:48:51.008322,2026-05-01 07:48:51.008322,109.69939422607422
2026-05-01 07:48:51.207441,2026-05-01 07:48:51.207441,109.7679214477539
2026-05-01 07:48:51.408242,2026-05-01 07:48:51.408242,107.892578125
2026-05-01 07:48:51.607586,2026-05-01 07:48:51.607586,106.29853057861328
2026-05-01 07:48:51.807832,2026-05-01 07:48:51.807832,104.94359588623048
2026-05-01 07:48:52.008374,2026-05-01 07:48:52.008374,103.79190063476562
2026-05-01 07:48:52.207888,2026-05-01 07:48:52.207888,102.63717651367188
2026-05-01 07:48:52.407541,2026-05-01 07:48:52.407541,101.6556625366211
2026-05-01 07:48:52.610889,2026-05-01 07:48:52.610889,100.82138061523438
2026-05-01 07:48:52.807436,2026-05-01 07:48:52.807436,100.11223602294922
2026-05-01 07:48:53.011678,2026-05-01 07:48:53.011678,99.50946044921876
2026-05-01 07:48:53.208537,2026-05-01 07:48:53.208537,98.99710083007812
2026-05-01 07:48:53.407337,2026-05-01 07:48:53.407337,98.56159973144533
2026-05-01 07:48:53.609765,2026-05-01 07:48:53.609765,98.01564025878906
2026-05-01 07:48:53.810462,2026-05-01 07:48:53.810462,97.55157470703124
2026-05-01 07:48:54.008561,2026-05-01 07:48:54.008561,97.15711975097656
2026-05-01 07:48:54.208759,2026-05-01 07:48:54.208759,96.82183837890624
2026-05-01 07:49:07.307731,2026-05-01 07:49:07.307731,96.5368423461914
2026-05-01 07:49:07.508481,2026-05-01 07:49:07.508481,96.29459381103516
2026-05-01 07:49:07.709536,2026-05-01 07:49:07.709536,96.08868408203124
2026-05-01 07:49:07.908572,2026-05-01 07:49:07.908572,95.91366577148438
2026-05-01 07:49:08.108287,2026-05-01 07:49:08.108287,95.58911895751952
2026-05-01 07:49:08.307545,2026-05-01 07:49:08.307545,95.31324768066406
2026-05-01 07:49:08.509067,2026-05-01 07:49:08.509067,95.0787582397461
2026-05-01 07:49:08.708698,2026-05-01 07:49:08.708698,94.87944793701172
2026-05-01 07:49:08.907488,2026-05-01 07:49:08.907488,94.71002960205078
2026-05-01 07:49:09.109029,2026-05-01 07:49:09.109029,94.56602478027344
2026-05-01 07:49:09.307887,2026-05-01 07:49:09.307887,94.44361877441406
2026-05-01 07:49:09.507808,2026-05-01 07:49:09.507808,94.3395767211914
2026-05-01 07:49:09.707595,2026-05-01 07:49:09.707595,94.25114440917967
2026-05-01 07:49:09.907813,2026-05-01 07:49:09.907813,94.17597198486328
2026-05-01 07:49:10.108191,2026-05-01 07:49:10.108191,94.11207580566406
2026-05-01 07:49:10.308099,2026-05-01 07:49:10.308099,94.0577621459961
2026-05-01 07:49:10.508106,2026-05-01 07:49:10.508106,94.0115966796875
2026-05-01 07:49:10.708006,2026-05-01 07:49:10.708006,93.97235870361328
2026-05-01 07:49:10.909509,2026-05-01 07:49:10.909509,100.97025299072266
2026-05-01 07:49:11.108558,2026-05-01 07:49:11.108558,106.91846466064452
2026-05-01 07:49:11.309347,2026-05-01 07:49:11.309347,111.97444915771484
2026-05-01 07:49:11.508063,2026-05-01 07:49:11.508063,116.27203369140624
2026-05-01 07:49:11.707848,2026-05-01 07:49:11.707848,119.92497253417967
2026-05-01 07:49:11.907523,2026-05-01 07:49:11.907523,123.02997589111328
2026-05-01 07:49:12.107965,2026-05-01 07:49:12.107965,125.6692352294922
2026-05-01 07:49:12.309299,2026-05-01 07:49:12.309299,127.91259765625
2026-05-01 07:49:12.507398,2026-05-01 07:49:12.507398,129.8194580078125
2026-05-01 07:49:12.708580,2026-05-01 07:49:12.708580,131.44029235839844
2026-05-01 07:49:12.907469,2026-05-01 07:49:12.907469,132.8179931640625
2026-05-01 07:49:13.111575,2026-05-01 07:49:13.111575,133.98904418945312
2026-05-01 07:49:13.307371,2026-05-01 07:49:13.307371,134.98443603515625
2026-05-01 07:49:13.507988,2026-05-01 07:49:13.507988,135.8305206298828
2026-05-01 07:49:13.707445,2026-05-01 07:49:13.707445,136.54969787597656
2026-05-01 07:49:13.909199,2026-05-01 07:49:13.909199,137.16099548339844
2026-05-01 07:49:14.109474,2026-05-01 07:49:14.109474,137.6805877685547
2026-05-01 07:49:14.308389,2026-05-01 07:49:14.308389,138.12225341796875
2026-05-01 07:49:14.508186,2026-05-01 07:49:14.508186,138.49766540527344
2026-05-01 07:49:14.708441,2026-05-01 07:49:14.708441,136.3558349609375
2026-05-01 07:49:14.908440,2026-05-01 07:49:14.908440,134.53526306152344
2026-05-01 07:49:15.108622,2026-05-01 07:49:15.108622,132.98779296875
2026-05-01 07:49:15.309479,2026-05-01 07:49:15.309479,131.6724395751953
2026-05-01 07:49:15.510794,2026-05-01 07:49:15.510794,130.55438232421875
2026-05-01 07:49:15.713438,2026-05-01 07:49:15.713438,129.77981567382812
2026-05-01 07:49:15.909127,2026-05-01 07:49:15.909127,128.94566345214844
2026-05-01 07:49:16.109361,2026-05-01 07:49:16.109361,128.4123992919922
2026-05-01 07:49:16.309223,2026-05-01 07:49:16.309223,127.95913696289062
2026-05-01 07:49:16.508190,2026-05-01 07:49:16.508190,127.57386016845705
2026-05-01 07:49:16.708007,2026-05-01 07:49:16.708007,127.24637603759766
2026-05-01 07:49:16.907879,2026-05-01 07:49:16.907879,126.96800994873048
2026-05-01 07:49:17.108168,2026-05-01 07:49:17.108168,126.55562591552734
2026-05-01 07:49:17.308725,2026-05-01 07:49:17.308725,126.20509338378906
2026-05-01 07:49:17.507733,2026-05-01 07:49:17.507733,125.90714263916016
2026-05-01 07:49:17.707574,2026-05-01 07:49:17.707574,125.65388488769533
2026-05-01 07:49:17.910069,2026-05-01 07:49:17.910069,125.43861389160156
2026-05-01 07:49:18.108312,2026-05-01 07:49:18.108312,125.25563049316406
2026-05-01 07:49:18.307991,2026-05-01 07:49:18.307991,125.10009765625
2026-05-01 07:49:18.508804,2026-05-01 07:49:18.508804,124.9678955078125
2026-05-01 07:49:18.707550,2026-05-01 07:49:18.707550,124.85552215576172
2026-05-01 07:49:18.907705,2026-05-01 07:49:18.907705,124.760009765625
2026-05-01 07:49:19.107971,2026-05-01 07:49:19.107971,124.67881774902344
2026-05-01 07:49:19.308046,2026-05-01 07:49:19.308046,124.60980987548828
2026-05-01 07:49:19.510202,2026-05-01 07:49:19.510202,124.5511474609375
2026-05-01 07:49:19.708328,2026-05-01 07:49:19.708328,124.50128936767578
2026-05-01 07:49:19.908341,2026-05-01 07:49:19.908341,124.45890808105467
2026-05-01 07:49:20.107982,2026-05-01 07:49:20.107982,124.42288208007812
2026-05-01 07:49:20.307750,2026-05-01 07:49:20.307750,124.39226531982422
2026-05-01 07:49:20.509943,2026-05-01 07:49:20.509943,124.36624145507812
2026-05-01 07:49:20.707931,2026-05-01 07:49:20.707931,124.3441162109375
2026-05-01 07:49:20.907559,2026-05-01 07:49:20.907559,124.32530975341795
2026-05-01 07:49:21.109393,2026-05-01 07:49:21.109393,114.641357421875
2026-05-01 07:49:21.307464,2026-05-01 07:49:21.307464,106.40999603271484
2026-05-01 07:49:21.507720,2026-05-01 07:49:21.507720,99.41334533691406
2026-05-01 07:49:21.707626,2026-05-01 07:49:21.707626,93.4661865234375
2026-05-01 07:49:21.907889,2026-05-01 07:49:21.907889,88.41110229492188
2026-05-01 07:49:22.107525,2026-05-01 07:49:22.107525,84.1142807006836
2026-05-01 07:49:22.308723,2026-05-01 07:49:22.308723,80.46198272705078
2026-05-01 07:49:22.507482,2026-05-01 07:49:22.507482,77.35752868652344
2026-05-01 07:49:22.710572,2026-05-01 07:49:22.710572,74.71874237060547
2026-05-01 07:49:22.908723,2026-05-01 07:49:22.908723,72.47577667236328
2026-05-01 07:49:23.107949,2026-05-01 07:49:23.107949,70.56925201416016
2026-05-01 07:49:23.307780,2026-05-01 07:49:23.307780,68.9487075805664
2026-05-01 07:49:23.508145,2026-05-01 07:49:23.508145,67.57124328613281
2026-05-01 07:49:23.709363,2026-05-01 07:49:23.709363,66.40040588378906
2026-05-01 07:49:23.907933,2026-05-01 07:49:23.907933,65.40518951416016
2026-05-01 07:49:24.107689,2026-05-01 07:49:24.107689,64.38346862792969
2026-05-01 07:49:24.307817,2026-05-01 07:49:24.307817,63.51501083374024
2026-05-01 07:49:24.507867,2026-05-01 07:49:24.507867,62.77682495117188
2026-05-01 07:49:24.707883,2026-05-01 07:49:24.707883,62.14936065673828
2026-05-01 07:49:24.908777,2026-05-01 07:49:24.908777,61.61602020263672
2026-05-01 07:49:25.109556,2026-05-01 07:49:25.109556,61.16268157958984
2026-05-01 07:49:25.307811,2026-05-01 07:49:25.307811,60.777339935302734
2026-05-01 07:49:25.508874,2026-05-01 07:49:25.508874,60.27402114868164
2026-05-01 07:49:25.707936,2026-05-01 07:49:25.707936,59.84619903564453
2026-05-01 07:49:25.907992,2026-05-01 07:49:25.907992,59.48255157470703
2026-05-01 07:49:26.107883,2026-05-01 07:49:26.107883,59.1734504699707
2026-05-01 07:49:26.307395,2026-05-01 07:49:26.307395,58.91071319580078
2026-05-01 07:49:26.507456,2026-05-01 07:49:26.507456,58.68738555908203
2026-05-01 07:49:26.707831,2026-05-01 07:49:26.707831,58.49755859375
2026-05-01 07:49:26.907938,2026-05-01 07:49:26.907938,58.33620834350586
2026-05-01 07:49:27.107440,2026-05-01 07:49:27.107440,58.19905853271485
2026-05-01 07:49:27.310227,2026-05-01 07:49:27.310227,58.082481384277344
2026-05-01 07:49:27.507941,2026-05-01 07:49:27.507941,57.98339080810547
2026-05-01 07:49:27.707440,2026-05-01 07:49:27.707440,57.89916229248047
2026-05-01 07:49:27.907994,2026-05-01 07:49:27.907994,57.82756805419922
2026-05-01 07:49:28.107411,2026-05-01 07:49:28.107411,57.76671600341797
2026-05-01 07:49:28.307977,2026-05-01 07:49:28.307977,57.714988708496094
2026-05-01 07:49:28.507558,2026-05-01 07:49:28.507558,57.6710205078125
2026-05-01 07:49:28.707504,2026-05-01 07:49:28.707504,57.63365173339844
2026-05-01 07:49:28.911486,2026-05-01 07:49:28.911486,57.60188293457031
2026-05-01 07:49:29.108186,2026-05-01 07:49:29.108186,57.57488250732422
2026-05-01 07:49:29.307451,2026-05-01 07:49:29.307451,57.55192947387695
2026-05-01 07:49:29.508226,2026-05-01 07:49:29.508226,57.53242111206055
2026-05-01 07:49:29.707394,2026-05-01 07:49:29.707394,57.34006118774414
2026-05-01 07:49:29.907734,2026-05-01 07:49:29.907734,57.176551818847656
2026-05-01 07:49:30.108238,2026-05-01 07:49:30.108238,57.03756713867188
2026-05-01 07:49:30.307588,2026-05-01 07:49:30.307588,56.91943359375
2026-05-01 07:49:30.507642,2026-05-01 07:49:30.507642,56.81901931762695
2026-05-01 07:49:30.708459,2026-05-01 07:49:30.708459,56.733665466308594
2026-05-01 07:49:30.907680,2026-05-01 07:49:30.907680,56.66111373901367
2026-05-01 07:49:31.107616,2026-05-01 07:49:31.107616,64.68538665771484
2026-05-01 07:49:31.307919,2026-05-01 07:49:31.307919,71.50601196289062
2026-05-01 07:49:31.507584,2026-05-01 07:49:31.507584,77.30355072021484
2026-05-01 07:49:31.709416,2026-05-01 07:49:31.709416,82.23145294189453
2026-05-01 07:49:31.907392,2026-05-01 07:49:31.907392,86.42017364501953
2026-05-01 07:49:32.119917,2026-05-01 07:49:32.119917,89.98058319091797
2026-05-01 07:49:32.307758,2026-05-01 07:49:32.307758,93.0069351196289
2026-05-01 07:49:32.507823,2026-05-01 07:49:32.507823,95.57933044433594
2026-05-01 07:49:45.617568,2026-05-01 07:49:45.617568,97.765869140625
2026-05-01 07:49:45.807918,2026-05-01 07:49:45.807918,99.62442779541016
2026-05-01 07:49:46.008174,2026-05-01 07:49:46.008174,101.2042007446289
2026-05-01 07:49:46.207808,2026-05-01 07:49:46.207808,102.54700469970705
2026-05-01 07:49:46.408150,2026-05-01 07:49:46.408150,103.68839263916016
2026-05-01 07:49:46.609158,2026-05-01 07:49:46.609158,104.6585693359375
2026-05-01 07:49:46.819843,2026-05-01 07:49:46.819843,105.48322296142578
2026-05-01 07:49:47.019129,2026-05-01 07:49:47.019129,106.1841812133789
2026-05-01 07:49:47.219756,2026-05-01 07:49:47.219756,106.77999114990234
2026-05-01 07:49:47.417890,2026-05-01 07:49:47.417890,107.28643035888672
2026-05-01 07:49:47.621065,2026-05-01 07:49:47.621065,107.71690368652344
2026-05-01 07:49:47.818340,2026-05-01 07:49:47.818340,108.08280181884766
2026-05-01 07:49:48.018690,2026-05-01 07:49:48.018690,108.3938217163086
2026-05-01 07:49:48.208396,2026-05-01 07:49:48.208396,104.79100036621094
2026-05-01 07:49:48.420877,2026-05-01 07:49:48.420877,101.72859954833984
2026-05-01 07:49:48.608369,2026-05-01 07:49:48.608369,99.12555694580078
2026-05-01 07:49:48.812011,2026-05-01 07:49:48.812011,96.91297149658205
2026-05-01 07:49:49.017902,2026-05-01 07:49:49.017902,95.03227996826172
2026-05-01 07:49:49.219583,2026-05-01 07:49:49.219583,93.43368530273438
2026-05-01 07:49:49.419613,2026-05-01 07:49:49.419613,92.07488250732422
2026-05-01 07:49:49.607835,2026-05-01 07:49:49.607835,90.9198989868164
2026-05-01 07:49:49.818855,2026-05-01 07:49:49.818855,89.93816375732422
2026-05-01 07:49:50.008112,2026-05-01 07:49:50.008112,89.10369110107422
2026-05-01 07:49:50.219991,2026-05-01 07:49:50.219991,88.3943862915039
2026-05-01 07:49:50.419159,2026-05-01 07:49:50.419159,87.7914810180664
2026-05-01 07:49:50.609424,2026-05-01 07:49:50.609424,87.27900695800781
2026-05-01 07:49:50.821432,2026-05-01 07:49:50.821432,86.8434066772461
2026-05-01 07:49:51.018636,2026-05-01 07:49:51.018636,86.47314453125
2026-05-01 07:49:51.217535,2026-05-01 07:49:51.217535,86.1584243774414
2026-05-01 07:49:51.418540,2026-05-01 07:49:51.418540,90.98856353759766
2026-05-01 07:49:51.620543,2026-05-01 07:49:51.620543,95.09418487548828
2026-05-01 07:49:51.808244,2026-05-01 07:49:51.808244,98.58396911621094
2026-05-01 07:49:52.008012,2026-05-01 07:49:52.008012,101.55027770996094
2026-05-01 07:49:52.217975,2026-05-01 07:49:52.217975,104.07164001464844
2026-05-01 07:49:52.407499,2026-05-01 07:49:52.407499,106.2147979736328
2026-05-01 07:49:52.622082,2026-05-01 07:49:52.622082,108.03649139404295
2026-05-01 07:49:52.807986,2026-05-01 07:49:52.807986,109.76070404052734
2026-05-01 07:49:53.010529,2026-05-01 07:49:53.010529,111.22628784179688
2026-05-01 07:49:53.208939,2026-05-01 07:49:53.208939,112.47203063964844
2026-05-01 07:49:53.422096,2026-05-01 07:49:53.422096,113.53091430664062
2026-05-01 07:49:53.608033,2026-05-01 07:49:53.608033,114.43096160888672
2026-05-01 07:49:53.808583,2026-05-01 07:49:53.808583,115.19600677490234
2026-05-01 07:49:54.012127,2026-05-01 07:49:54.012127,115.8462905883789
2026-05-01 07:49:54.218020,2026-05-01 07:49:54.218020,116.39903259277344
2026-05-01 07:49:54.411226,2026-05-01 07:49:54.411226,116.86886596679688
2026-05-01 07:49:54.608232,2026-05-01 07:49:54.608232,117.26822662353516
2026-05-01 07:49:54.817626,2026-05-01 07:49:54.817626,117.60768127441406
2026-05-01 07:49:55.009680,2026-05-01 07:49:55.009680,117.8962173461914
2026-05-01 07:49:55.208029,2026-05-01 07:49:55.208029,118.14147186279295
2026-05-01 07:49:55.407643,2026-05-01 07:49:55.407643,118.34993743896484
2026-05-01 07:49:55.609508,2026-05-01 07:49:55.609508,118.52713775634766
2026-05-01 07:49:55.818235,2026-05-01 07:49:55.818235,115.68946838378906
2026-05-01 07:49:56.018511,2026-05-01 07:49:56.018511,113.27745819091795
2026-05-01 07:49:56.208538,2026-05-01 07:49:56.208538,111.22724151611328
2026-05-01 07:49:56.410739,2026-05-01 07:49:56.410739,109.48456573486328
2026-05-01 07:49:56.618914,2026-05-01 07:49:56.618914,108.00328826904295
2026-05-01 07:49:56.823285,2026-05-01 07:49:56.823285,106.74420166015624
2026-05-01 07:49:57.010352,2026-05-01 07:49:57.010352,105.6739730834961
2026-05-01 07:49:57.217672,2026-05-01 07:49:57.217672,104.7642822265625
2026-05-01 07:49:57.417717,2026-05-01 07:49:57.417717,103.99105072021484
2026-05-01 07:49:57.617994,2026-05-01 07:49:57.617994,103.33380126953124
2026-05-01 07:49:57.817750,2026-05-01 07:49:57.817750,102.77513122558594
2026-05-01 07:49:58.017876,2026-05-01 07:49:58.017876,102.3002700805664
2026-05-01 07:49:58.218280,2026-05-01 07:49:58.218280,101.89663696289062
2026-05-01 07:49:58.418114,2026-05-01 07:49:58.418114,101.55354309082033
2026-05-01 07:49:58.609023,2026-05-01 07:49:58.609023,101.26192474365234
2026-05-01 07:49:58.817513,2026-05-01 07:49:58.817513,101.0140380859375
2026-05-01 07:49:59.019095,2026-05-01 07:49:59.019095,100.97911834716795
2026-05-01 07:49:59.218890,2026-05-01 07:49:59.218890,100.9494400024414
2026-05-01 07:49:59.419555,2026-05-01 07:49:59.419555,100.92420959472656
2026-05-01 07:49:59.618908,2026-05-01 07:49:59.618908,97.56292724609376
2026-05-01 07:49:59.818781,2026-05-01 07:49:59.818781,94.70582580566406
2026-05-01 07:50:00.007487,2026-05-01 07:50:00.007487,92.2772979736328
2026-05-01 07:50:00.217857,2026-05-01 07:50:00.217857,90.21305084228516
2026-05-01 07:50:00.418664,2026-05-01 07:50:00.418664,88.45843505859375
2026-05-01 07:50:00.621484,2026-05-01 07:50:00.621484,86.96701049804688
2026-05-01 07:50:00.817705,2026-05-01 07:50:00.817705,85.69930267333984
2026-05-01 07:50:01.019355,2026-05-01 07:50:01.019355,84.62174987792969
2026-05-01 07:50:01.217743,2026-05-01 07:50:01.217743,83.7058334350586
2026-05-01 07:50:01.417560,2026-05-01 07:50:01.417560,82.92729949951172
2026-05-01 07:50:01.617537,2026-05-01 07:50:01.617537,82.26554870605469
2026-05-01 07:50:01.818749,2026-05-01 07:50:01.818749,81.70306396484375
2026-05-01 07:50:02.017710,2026-05-01 07:50:02.017710,81.22494506835938
2026-05-01 07:50:02.207584,2026-05-01 07:50:02.207584,80.81855010986328
2026-05-01 07:50:02.417366,2026-05-01 07:50:02.417366,80.47310638427734
2026-05-01 07:50:02.617439,2026-05-01 07:50:02.617439,80.17948913574219
2026-05-01 07:50:02.817807,2026-05-01 07:50:02.817807,79.9299087524414
2026-05-01 07:50:03.009604,2026-05-01 07:50:03.009604,79.71776580810547
2026-05-01 07:50:03.220474,2026-05-01 07:50:03.220474,79.53744506835938
2026-05-01 07:50:03.418359,2026-05-01 07:50:03.418359,79.38417053222656
2026-05-01 07:50:03.618685,2026-05-01 07:50:03.618685,79.25389099121094
2026-05-01 07:50:03.809717,2026-05-01 07:50:03.809717,79.14315032958984
2026-05-01 07:50:04.009742,2026-05-01 07:50:04.009742,83.97089385986328
2026-05-01 07:50:04.218230,2026-05-01 07:50:04.218230,88.07447814941406
2026-05-01 07:50:04.417915,2026-05-01 07:50:04.417915,91.56253051757812
2026-05-01 07:50:04.619115,2026-05-01 07:50:04.619115,94.5273666381836
2026-05-01 07:50:04.818401,2026-05-01 07:50:04.818401,97.04747772216795
2026-05-01 07:50:05.019492,2026-05-01 07:50:05.019492,99.1895751953125
2026-05-01 07:50:05.224318,2026-05-01 07:50:05.224318,101.01036071777344
2026-05-01 07:50:05.417567,2026-05-01 07:50:05.417567,102.55802154541016
2026-05-01 07:50:05.621509,2026-05-01 07:50:05.621509,103.87354278564452
2026-05-01 07:50:05.818080,2026-05-01 07:50:05.818080,104.99172973632812
2026-05-01 07:50:06.018346,2026-05-01 07:50:06.018346,105.9421844482422
2026-05-01 07:50:06.218260,2026-05-01 07:50:06.218260,106.75007629394533
2026-05-01 07:50:06.417561,2026-05-01 07:50:06.417561,107.43678283691406
2026-05-01 07:50:06.617995,2026-05-01 07:50:06.617995,108.0204849243164
2026-05-01 07:50:06.819414,2026-05-01 07:50:06.819414,108.51663208007812
2026-05-01 07:50:07.019275,2026-05-01 07:50:07.019275,108.9383544921875
2026-05-01 07:50:07.219586,2026-05-01 07:50:07.219586,109.29682159423828
2026-05-01 07:50:07.417768,2026-05-01 07:50:07.417768,109.6015167236328
2026-05-01 07:50:07.619026,2026-05-01 07:50:07.619026,109.86050415039062
2026-05-01 07:50:07.809239,2026-05-01 07:50:07.809239,110.08065032958984
2026-05-01 07:50:08.018249,2026-05-01 07:50:08.018249,110.26776885986328
2026-05-01 07:50:08.219334,2026-05-01 07:50:08.219334,110.42682647705078
2026-05-01 07:50:08.419513,2026-05-01 07:50:08.419513,110.73780059814452
2026-05-01 07:50:08.617485,2026-05-01 07:50:08.617485,111.00212860107422
2026-05-01 07:50:08.819510,2026-05-01 07:50:08.819510,111.22681427001952
2026-05-01 07:50:09.019000,2026-05-01 07:50:09.019000,111.59357452392578
2026-05-01 07:50:09.218075,2026-05-01 07:50:09.218075,111.9053192138672
2026-05-01 07:50:09.411403,2026-05-01 07:50:09.411403,112.34608459472656
2026-05-01 07:50:09.620790,2026-05-01 07:50:09.620790,112.89651489257812
2026-05-01 07:50:09.817539,2026-05-01 07:50:09.817539,113.3643798828125
2026-05-01 07:50:10.022990,2026-05-01 07:50:10.022990,113.93785095214844
2026-05-01 07:50:10.207489,2026-05-01 07:50:10.207489,114.42529296875
2026-05-01 07:50:10.418074,2026-05-01 07:50:10.418074,114.8396224975586
2026-05-01 07:50:10.617661,2026-05-01 07:50:10.617661,115.19181060791016
2026-05-01 07:50:10.818721,2026-05-01 07:50:10.818721,115.49115753173828
2026-05-01 07:50:23.917362,2026-05-01 07:50:23.917362,115.74561309814452
2026-05-01 07:50:24.117840,2026-05-01 07:50:24.117840,115.96189880371094
2026-05-01 07:50:24.317909,2026-05-01 07:50:24.317909,116.14573669433594
2026-05-01 07:50:24.511376,2026-05-01 07:50:24.511376,116.302001953125
2026-05-01 07:50:24.717629,2026-05-01 07:50:24.717629,116.43482208251952
2026-05-01 07:50:24.917940,2026-05-01 07:50:24.917940,116.5477294921875
2026-05-01 07:50:25.117621,2026-05-01 07:50:25.117621,116.64369201660156
2026-05-01 07:50:25.317583,2026-05-01 07:50:25.317583,116.72526550292967
2026-05-01 07:50:25.519594,2026-05-01 07:50:25.519594,116.79460144042967
2026-05-01 07:50:25.717893,2026-05-01 07:50:25.717893,116.85353088378906
2026-05-01 07:50:25.918140,2026-05-01 07:50:25.918140,116.90362548828124
2026-05-01 07:50:26.120816,2026-05-01 07:50:26.120816,116.94621276855467
2026-05-01 07:50:26.319295,2026-05-01 07:50:26.319295,116.98240661621094
2026-05-01 07:50:26.513548,2026-05-01 07:50:26.513548,117.01316833496094
2026-05-01 07:50:26.718925,2026-05-01 07:50:26.718925,117.03931427001952
2026-05-01 07:50:26.918993,2026-05-01 07:50:26.918993,117.0615463256836
2026-05-01 07:50:27.118042,2026-05-01 07:50:27.118042,117.08043670654295
2026-05-01 07:50:27.320869,2026-05-01 07:50:27.320869,117.09649658203124
2026-05-01 07:50:27.521208,2026-05-01 07:50:27.521208,117.11014556884766
2026-05-01 07:50:27.720602,2026-05-01 07:50:27.720602,117.12174987792967
2026-05-01 07:50:27.918379,2026-05-01 07:50:27.918379,117.1316146850586
2026-05-01 07:50:28.119599,2026-05-01 07:50:28.119599,117.13999938964844
2026-05-01 07:50:28.322555,2026-05-01 07:50:28.322555,117.14712524414062
2026-05-01 07:50:28.523580,2026-05-01 07:50:28.523580,117.1531753540039
2026-05-01 07:50:28.717880,2026-05-01 07:50:28.717880,117.1583251953125
2026-05-01 07:50:28.917671,2026-05-01 07:50:28.917671,117.16270446777344
2026-05-01 07:50:29.118557,2026-05-01 07:50:29.118557,117.16641998291016
2026-05-01 07:50:29.321762,2026-05-01 07:50:29.321762,117.16958618164062
2026-05-01 07:50:29.518161,2026-05-01 07:50:29.518161,117.17227172851562
2026-05-01 07:50:29.710307,2026-05-01 07:50:29.710307,117.17455291748048
2026-05-01 07:50:29.918496,2026-05-01 07:50:29.918496,117.17649841308594
2026-05-01 07:50:30.118468,2026-05-01 07:50:30.118468,108.38908386230467
2026-05-01 07:50:30.320794,2026-05-01 07:50:30.320794,100.74400329589844
2026-05-01 07:50:30.520571,2026-05-01 07:50:30.520571,94.24568176269533
2026-05-01 07:50:30.722644,2026-05-01 07:50:30.722644,88.72211456298828
2026-05-01 07:50:30.918587,2026-05-01 07:50:30.918587,84.0270767211914
2026-05-01 07:50:31.119423,2026-05-01 07:50:31.119423,80.03630065917969
2026-05-01 07:50:31.319819,2026-05-01 07:50:31.319819,76.64413452148438
2026-05-01 07:50:31.517627,2026-05-01 07:50:31.517627,73.76079559326172
2026-05-01 07:50:31.718086,2026-05-01 07:50:31.718086,71.3099594116211
2026-05-01 07:50:31.918079,2026-05-01 07:50:31.918079,69.22674560546875
2026-05-01 07:50:32.118163,2026-05-01 07:50:32.118163,67.45601654052734
2026-05-01 07:50:32.320492,2026-05-01 07:50:32.320492,65.95088958740234
2026-05-01 07:50:32.517875,2026-05-01 07:50:32.517875,64.67153930664062
2026-05-01 07:50:32.718000,2026-05-01 07:50:32.718000,63.58409118652344
2026-05-01 07:50:32.917427,2026-05-01 07:50:32.917427,62.659759521484375
2026-05-01 07:50:33.118658,2026-05-01 07:50:33.118658,61.87407684326172
2026-05-01 07:50:33.317997,2026-05-01 07:50:33.317997,61.20624542236328
2026-05-01 07:50:33.517596,2026-05-01 07:50:33.517596,60.81437301635742
2026-05-01 07:50:33.718916,2026-05-01 07:50:33.718916,60.30549621582031
2026-05-01 07:50:33.918127,2026-05-01 07:50:33.918127,59.872955322265625
2026-05-01 07:50:34.119096,2026-05-01 07:50:34.119096,59.50529098510742
2026-05-01 07:50:34.318970,2026-05-01 07:50:34.318970,59.192779541015625
2026-05-01 07:50:34.518299,2026-05-01 07:50:34.518299,58.92714309692383
2026-05-01 07:50:34.718312,2026-05-01 07:50:34.718312,58.70135498046875
2026-05-01 07:50:34.919172,2026-05-01 07:50:34.919172,58.50942993164063
2026-05-01 07:50:35.108989,2026-05-01 07:50:35.108989,58.34629821777344
2026-05-01 07:50:35.317724,2026-05-01 07:50:35.317724,58.20763397216797
2026-05-01 07:50:35.518147,2026-05-01 07:50:35.518147,58.08977127075195
2026-05-01 07:50:35.717961,2026-05-01 07:50:35.717961,57.98958587646485
2026-05-01 07:50:35.917714,2026-05-01 07:50:35.917714,57.9044303894043
2026-05-01 07:50:36.117460,2026-05-01 07:50:36.117460,57.83204650878906
2026-05-01 07:50:36.320292,2026-05-01 07:50:36.320292,57.7705192565918
2026-05-01 07:50:36.518149,2026-05-01 07:50:36.518149,57.718223571777344
2026-05-01 07:50:36.718248,2026-05-01 07:50:36.718248,57.673770904541016
2026-05-01 07:50:36.920829,2026-05-01 07:50:36.920829,57.635986328125
2026-05-01 07:50:37.117696,2026-05-01 07:50:37.117696,57.6038703918457
2026-05-01 07:50:37.317472,2026-05-01 07:50:37.317472,57.57657241821289
2026-05-01 07:50:37.518564,2026-05-01 07:50:37.518564,57.553367614746094
2026-05-01 07:50:37.718728,2026-05-01 07:50:37.718728,57.35786056518555
2026-05-01 07:50:37.918428,2026-05-01 07:50:37.918428,57.191680908203125
2026-05-01 07:50:38.119951,2026-05-01 07:50:38.119951,57.05043029785156
2026-05-01 07:50:38.323591,2026-05-01 07:50:38.323591,56.93036651611328
2026-05-01 07:50:38.521571,2026-05-01 07:50:38.521571,56.828311920166016
2026-05-01 07:50:38.717819,2026-05-01 07:50:38.717819,56.7415657043457
2026-05-01 07:50:38.917723,2026-05-01 07:50:38.917723,56.49204635620117
2026-05-01 07:50:39.117864,2026-05-01 07:50:39.117864,56.27996063232422
2026-05-01 07:50:39.317785,2026-05-01 07:50:39.317785,56.09968566894531
2026-05-01 07:50:39.519354,2026-05-01 07:50:39.519354,55.94644927978516
2026-05-01 07:50:39.718236,2026-05-01 07:50:39.718236,55.816200256347656
2026-05-01 07:50:39.917725,2026-05-01 07:50:39.917725,55.70549011230469
2026-05-01 07:50:40.117637,2026-05-01 07:50:40.117637,55.61138534545898
2026-05-01 07:50:40.311073,2026-05-01 07:50:40.311073,55.355613708496094
2026-05-01 07:50:40.517394,2026-05-01 07:50:40.517394,55.13821029663086
2026-05-01 07:50:40.717395,2026-05-01 07:50:40.717395,54.95341491699219
2026-05-01 07:50:40.918559,2026-05-01 07:50:40.918559,54.79634094238281
2026-05-01 07:50:41.117342,2026-05-01 07:50:41.117342,54.66282653808594
2026-05-01 07:50:41.317426,2026-05-01 07:50:41.317426,54.5493392944336
2026-05-01 07:50:41.518144,2026-05-01 07:50:41.518144,54.45287704467773
2026-05-01 07:50:41.717834,2026-05-01 07:50:41.717834,54.37088394165039
2026-05-01 07:50:41.918484,2026-05-01 07:50:41.918484,54.30118942260742
2026-05-01 07:50:42.119921,2026-05-01 07:50:42.119921,54.241947174072266
2026-05-01 07:50:42.317384,2026-05-01 07:50:42.317384,54.191593170166016
2026-05-01 07:50:42.517926,2026-05-01 07:50:42.517926,54.1487922668457
2026-05-01 07:50:42.717526,2026-05-01 07:50:42.717526,54.11241149902344
2026-05-01 07:50:42.920608,2026-05-01 07:50:42.920608,54.081485748291016
2026-05-01 07:50:43.117891,2026-05-01 07:50:43.117891,54.05520248413086
2026-05-01 07:50:43.317380,2026-05-01 07:50:43.317380,53.857078552246094
2026-05-01 07:50:43.517481,2026-05-01 07:50:43.517481,53.68867111206055
2026-05-01 07:50:43.719990,2026-05-01 07:50:43.719990,53.545528411865234
2026-05-01 07:50:43.918802,2026-05-01 07:50:43.918802,53.42385482788086
2026-05-01 07:50:44.117785,2026-05-01 07:50:44.117785,53.320430755615234
2026-05-01 07:50:44.317900,2026-05-01 07:50:44.317900,53.23252487182617
2026-05-01 07:50:44.517471,2026-05-01 07:50:44.517471,53.15780258178711
2026-05-01 07:50:44.717397,2026-05-01 07:50:44.717397,53.09428787231445
2026-05-01 07:50:44.918131,2026-05-01 07:50:44.918131,53.04030227661133
2026-05-01 07:50:45.118859,2026-05-01 07:50:45.118859,52.99441146850586
2026-05-01 07:50:45.310498,2026-05-01 07:50:45.310498,52.95540618896485
2026-05-01 07:50:45.518916,2026-05-01 07:50:45.518916,52.7464714050293
2026-05-01 07:50:45.717743,2026-05-01 07:50:45.717743,52.56887435913086
2026-05-01 07:50:45.919687,2026-05-01 07:50:45.919687,52.41791915893555
2026-05-01 07:50:46.118199,2026-05-01 07:50:46.118199,52.28960418701172
2026-05-01 07:50:46.318157,2026-05-01 07:50:46.318157,52.18053817749024
2026-05-01 07:50:46.519346,2026-05-01 07:50:46.519346,54.197208404541016
2026-05-01 07:50:46.718994,2026-05-01 07:50:46.718994,55.911376953125
2026-05-01 07:50:46.920717,2026-05-01 07:50:46.920717,57.3684196472168
2026-05-01 07:50:47.118554,2026-05-01 07:50:47.118554,58.60690689086914
2026-05-01 07:50:47.320014,2026-05-01 07:50:47.320014,59.65962219238281
2026-05-01 07:50:47.517380,2026-05-01 07:50:47.517380,60.55442810058594
2026-05-01 07:50:47.717983,2026-05-01 07:50:47.717983,61.31501388549805
2026-05-01 07:50:47.921624,2026-05-01 07:50:47.921624,61.96151351928711
2026-05-01 07:50:48.121186,2026-05-01 07:50:48.121186,62.51103591918945
2026-05-01 07:50:48.319799,2026-05-01 07:50:48.319799,62.97813034057617
2026-05-01 07:50:48.517823,2026-05-01 07:50:48.517823,63.37516021728516
2026-05-01 07:50:48.720664,2026-05-01 07:50:48.720664,63.7126350402832
2026-05-01 07:50:48.919655,2026-05-01 07:50:48.919655,63.99949264526367
2026-05-01 07:50:49.109586,2026-05-01 07:50:49.109586,64.24331665039062
2026-05-01 07:51:02.217343,2026-05-01 07:51:02.217343,64.45056915283203
2026-05-01 07:51:02.418255,2026-05-01 07:51:02.418255,64.6267318725586
2026-05-01 07:51:02.618361,2026-05-01 07:51:02.618361,64.60069274902344
2026-05-01 07:51:02.818948,2026-05-01 07:51:02.818948,64.57855987548828
2026-05-01 07:51:03.017622,2026-05-01 07:51:03.017622,64.55974578857422
2026-05-01 07:51:03.218823,2026-05-01 07:51:03.218823,64.54374694824219
2026-05-01 07:51:03.418005,2026-05-01 07:51:03.418005,64.53015899658203
2026-05-01 07:51:03.618503,2026-05-01 07:51:03.618503,64.51860046386719
2026-05-01 07:51:03.817448,2026-05-01 07:51:03.817448,64.50878143310547
2026-05-01 07:51:04.018088,2026-05-01 07:51:04.018088,64.50043487548828
2026-05-01 07:51:04.218236,2026-05-01 07:51:04.218236,64.49333953857422
2026-05-01 07:51:04.418664,2026-05-01 07:51:04.418664,64.4873046875
2026-05-01 07:51:04.620735,2026-05-01 07:51:04.620735,64.482177734375
2026-05-01 07:51:04.819102,2026-05-01 07:51:04.819102,64.47782135009766
2026-05-01 07:51:05.018951,2026-05-01 07:51:05.018951,64.64989471435547
2026-05-01 07:51:05.218165,2026-05-01 07:51:05.218165,64.7961654663086
2026-05-01 07:51:05.417477,2026-05-01 07:51:05.417477,64.92048645019531
2026-05-01 07:51:05.618735,2026-05-01 07:51:05.618735,65.02616119384766
2026-05-01 07:51:05.819235,2026-05-01 07:51:05.819235,65.1159896850586
2026-05-01 07:51:06.018633,2026-05-01 07:51:06.018633,65.19234466552734
2026-05-01 07:51:06.218153,2026-05-01 07:51:06.218153,65.25724029541016
2026-05-01 07:51:06.417981,2026-05-01 07:51:06.417981,65.3124008178711
2026-05-01 07:51:06.618240,2026-05-01 07:51:06.618240,65.35929107666016
2026-05-01 07:51:06.819929,2026-05-01 07:51:06.819929,65.3991470336914
2026-05-01 07:51:07.018412,2026-05-01 07:51:07.018412,65.25724792480469
2026-05-01 07:51:07.220567,2026-05-01 07:51:07.220567,65.31240844726562
2026-05-01 07:51:07.419397,2026-05-01 07:51:07.419397,65.18351745605469
2026-05-01 07:51:07.620988,2026-05-01 07:51:07.620988,65.07395935058594
2026-05-01 07:51:07.820644,2026-05-01 07:51:07.820644,64.9808349609375
2026-05-01 07:51:08.019126,2026-05-01 07:51:08.019126,64.90167999267578
2026-05-01 07:51:08.219698,2026-05-01 07:51:08.219698,64.83439636230469
2026-05-01 07:51:08.419242,2026-05-01 07:51:08.419242,64.77720642089844
2026-05-01 07:51:08.619151,2026-05-01 07:51:08.619151,64.72859191894531
2026-05-01 07:51:08.819154,2026-05-01 07:51:08.819154,64.68727111816406
2026-05-01 07:51:09.019864,2026-05-01 07:51:09.019864,64.65215301513672
2026-05-01 07:51:09.221096,2026-05-01 07:51:09.221096,64.62229919433594
2026-05-01 07:51:09.421129,2026-05-01 07:51:09.421129,64.596923828125
2026-05-01 07:51:09.620152,2026-05-01 07:51:09.620152,64.57534790039062
2026-05-01 07:51:09.819066,2026-05-01 07:51:09.819066,64.55701446533203
2026-05-01 07:51:10.021066,2026-05-01 07:51:10.021066,64.54143524169922
2026-05-01 07:51:10.219343,2026-05-01 07:51:10.219343,64.52819061279297
2026-05-01 07:51:10.422046,2026-05-01 07:51:10.422046,64.51692962646484
2026-05-01 07:51:10.622779,2026-05-01 07:51:10.622779,64.50735473632812
2026-05-01 07:51:10.818804,2026-05-01 07:51:10.818804,64.32344055175781
2026-05-01 07:51:11.019728,2026-05-01 07:51:11.019728,64.1671142578125
2026-05-01 07:51:11.218554,2026-05-01 07:51:11.218554,64.03423309326172
2026-05-01 07:51:11.419729,2026-05-01 07:51:11.419729,63.92128753662109
2026-05-01 07:51:11.618774,2026-05-01 07:51:11.618774,63.82527923583984
2026-05-01 07:51:11.818610,2026-05-01 07:51:11.818610,63.7436752319336
2026-05-01 07:51:12.018027,2026-05-01 07:51:12.018027,63.674312591552734
2026-05-01 07:51:12.218148,2026-05-01 07:51:12.218148,63.615352630615234
2026-05-01 07:51:12.417850,2026-05-01 07:51:12.417850,63.38945770263672
2026-05-01 07:51:12.617773,2026-05-01 07:51:12.617773,63.19744491577149
2026-05-01 07:51:12.818687,2026-05-01 07:51:12.818687,63.03423309326172
2026-05-01 07:51:13.017861,2026-05-01 07:51:13.017861,62.895503997802734
2026-05-01 07:51:13.218443,2026-05-01 07:51:13.218443,62.77758407592773
2026-05-01 07:51:13.418415,2026-05-01 07:51:13.418415,62.67735290527344
2026-05-01 07:51:13.619005,2026-05-01 07:51:13.619005,62.59215545654297
2026-05-01 07:51:13.822486,2026-05-01 07:51:13.822486,62.51974105834961
2026-05-01 07:51:14.017407,2026-05-01 07:51:14.017407,62.45818328857422
2026-05-01 07:51:14.218091,2026-05-01 07:51:14.218091,62.40586471557617
2026-05-01 07:51:14.417807,2026-05-01 07:51:14.417807,62.36138916015625
2026-05-01 07:51:14.617869,2026-05-01 07:51:14.617869,62.14780807495117
2026-05-01 07:51:14.818935,2026-05-01 07:51:14.818935,61.96625900268555
2026-05-01 07:51:15.021550,2026-05-01 07:51:15.021550,61.81194686889648
2026-05-01 07:51:15.218390,2026-05-01 07:51:15.218390,61.68077850341797
2026-05-01 07:51:15.418271,2026-05-01 07:51:15.418271,61.56928634643555
2026-05-01 07:51:15.618587,2026-05-01 07:51:15.618587,61.474517822265625
2026-05-01 07:51:15.818298,2026-05-01 07:51:15.818298,61.39396667480469
2026-05-01 07:51:16.018216,2026-05-01 07:51:16.018216,61.149715423583984
2026-05-01 07:51:16.217483,2026-05-01 07:51:16.217483,60.94210052490234
2026-05-01 07:51:16.418020,2026-05-01 07:51:16.418020,60.76562881469727
2026-05-01 07:51:16.617585,2026-05-01 07:51:16.617585,60.615631103515625
2026-05-01 07:51:16.818129,2026-05-01 07:51:16.818129,60.488128662109375
2026-05-01 07:51:17.018698,2026-05-01 07:51:17.018698,60.37975311279297
2026-05-01 07:51:17.221421,2026-05-01 07:51:17.221421,60.287635803222656
2026-05-01 07:51:17.419807,2026-05-01 07:51:17.419807,60.20933151245117
2026-05-01 07:51:17.618538,2026-05-01 07:51:17.618538,60.14277648925781
2026-05-01 07:51:17.818942,2026-05-01 07:51:17.818942,60.086204528808594
2026-05-01 07:51:18.020174,2026-05-01 07:51:18.020174,64.08108520507812
2026-05-01 07:51:18.217971,2026-05-01 07:51:18.217971,67.47673797607422
2026-05-01 07:51:18.418508,2026-05-01 07:51:18.418508,70.187255859375
2026-05-01 07:51:18.617436,2026-05-01 07:51:18.617436,72.49119567871094
2026-05-01 07:51:18.821661,2026-05-01 07:51:18.821661,74.44954681396484
2026-05-01 07:51:19.021385,2026-05-01 07:51:19.021385,76.11415100097656
2026-05-01 07:51:19.218379,2026-05-01 07:51:19.218379,77.52906036376953
2026-05-01 07:51:19.420083,2026-05-01 07:51:19.420083,78.73172760009766
2026-05-01 07:51:19.617912,2026-05-01 07:51:19.617912,79.7540054321289
2026-05-01 07:51:19.817961,2026-05-01 07:51:19.817961,80.62293243408203
2026-05-01 07:51:20.017303,2026-05-01 07:51:20.017303,81.36152648925781
2026-05-01 07:51:20.217418,2026-05-01 07:51:20.217418,81.98932647705078
2026-05-01 07:51:20.417387,2026-05-01 07:51:20.417387,82.52295684814453
2026-05-01 07:51:20.617487,2026-05-01 07:51:20.617487,82.97654724121094
2026-05-01 07:51:20.820554,2026-05-01 07:51:20.820554,83.36209869384766
2026-05-01 07:51:21.018736,2026-05-01 07:51:21.018736,83.68981170654297
2026-05-01 07:51:21.217854,2026-05-01 07:51:21.217854,83.96836853027344
2026-05-01 07:51:21.417866,2026-05-01 07:51:21.417866,84.20514678955078
2026-05-01 07:51:21.621638,2026-05-01 07:51:21.621638,84.40641021728516
2026-05-01 07:51:21.817749,2026-05-01 07:51:21.817749,84.57747650146484
2026-05-01 07:51:22.017901,2026-05-01 07:51:22.017901,84.72288513183594
2026-05-01 07:51:22.218205,2026-05-01 07:51:22.218205,84.84648132324219
2026-05-01 07:51:22.417471,2026-05-01 07:51:22.417471,84.95154571533203
2026-05-01 07:51:22.617344,2026-05-01 07:51:22.617344,85.04084014892578
2026-05-01 07:51:22.817492,2026-05-01 07:51:22.817492,85.11674499511719
2026-05-01 07:51:23.017487,2026-05-01 07:51:23.017487,93.61876678466795
2026-05-01 07:51:23.217532,2026-05-01 07:51:23.217532,100.8454818725586
2026-05-01 07:51:23.417992,2026-05-01 07:51:23.417992,106.98818969726562
2026-05-01 07:51:23.617411,2026-05-01 07:51:23.617411,112.2094955444336
2026-05-01 07:51:23.818863,2026-05-01 07:51:23.818863,116.64759826660156
2026-05-01 07:51:24.017676,2026-05-01 07:51:24.017676,120.41999053955078
2026-05-01 07:51:24.217471,2026-05-01 07:51:24.217471,123.62652587890624
2026-05-01 07:51:24.418057,2026-05-01 07:51:24.418057,126.3520736694336
2026-05-01 07:51:24.619497,2026-05-01 07:51:24.619497,128.66879272460938
2026-05-01 07:51:24.817813,2026-05-01 07:51:24.817813,130.6380157470703
2026-05-01 07:51:25.018456,2026-05-01 07:51:25.018456,132.4876251220703
2026-05-01 07:51:25.219035,2026-05-01 07:51:25.219035,134.05978393554688
2026-05-01 07:51:25.418456,2026-05-01 07:51:25.418456,135.39613342285156
2026-05-01 07:51:25.619494,2026-05-01 07:51:25.619494,136.5320281982422
2026-05-01 07:51:25.821491,2026-05-01 07:51:25.821491,137.49752807617188
2026-05-01 07:51:26.018142,2026-05-01 07:51:26.018142,138.31822204589844
2026-05-01 07:51:26.217499,2026-05-01 07:51:26.217499,139.0157928466797
2026-05-01 07:51:26.419038,2026-05-01 07:51:26.419038,139.60873413085938
2026-05-01 07:51:26.619012,2026-05-01 07:51:26.619012,140.1127471923828
2026-05-01 07:51:26.817541,2026-05-01 07:51:26.817541,140.3653564453125
2026-05-01 07:51:27.017906,2026-05-01 07:51:27.017906,140.58009338378906
2026-05-01 07:51:27.219275,2026-05-01 07:51:27.219275,140.76260375976562
2026-05-01 07:51:27.418602,2026-05-01 07:51:27.418602,140.91773986816406
2026-05-01 07:51:40.517905,2026-05-01 07:51:40.517905,141.04962158203125
2026-05-01 07:51:40.717317,2026-05-01 07:51:40.717317,141.1616973876953
2026-05-01 07:51:40.918380,2026-05-01 07:51:40.918380,141.25697326660156
2026-05-01 07:51:41.117902,2026-05-01 07:51:41.117902,141.3379669189453
2026-05-01 07:51:41.318151,2026-05-01 07:51:41.318151,141.40679931640625
2026-05-01 07:51:41.517609,2026-05-01 07:51:41.517609,141.46531677246094
2026-05-01 07:51:41.717924,2026-05-01 07:51:41.717924,141.51504516601562
2026-05-01 07:51:41.917515,2026-05-01 07:51:41.917515,141.5573272705078
2026-05-01 07:51:42.118306,2026-05-01 07:51:42.118306,141.59324645996094
2026-05-01 07:51:42.317614,2026-05-01 07:51:42.317614,141.62379455566406
2026-05-01 07:51:42.517635,2026-05-01 07:51:42.517635,141.64976501464844
2026-05-01 07:51:42.719816,2026-05-01 07:51:42.719816,141.6718292236328
2026-05-01 07:51:42.918036,2026-05-01 07:51:42.918036,141.69058227539062
2026-05-01 07:51:43.117551,2026-05-01 07:51:43.117551,141.70652770996094
2026-05-01 07:51:43.317609,2026-05-01 07:51:43.317609,141.72007751464844
2026-05-01 07:51:43.517365,2026-05-01 07:51:43.517365,141.73159790039062
2026-05-01 07:51:43.718214,2026-05-01 07:51:43.718214,141.74139404296875
2026-05-01 07:51:43.921090,2026-05-01 07:51:43.921090,141.7497100830078
2026-05-01 07:51:44.118256,2026-05-01 07:51:44.118256,141.7567901611328
2026-05-01 07:51:44.321930,2026-05-01 07:51:44.321930,130.16123962402344
2026-05-01 07:51:44.520902,2026-05-01 07:51:44.520902,120.30502319335938
2026-05-01 07:51:44.720417,2026-05-01 07:51:44.720417,111.92723846435548
2026-05-01 07:51:44.917762,2026-05-01 07:51:44.917762,104.80612182617188
2026-05-01 07:51:45.118748,2026-05-01 07:51:45.118748,98.753173828125
2026-05-01 07:51:45.318276,2026-05-01 07:51:45.318276,93.78394317626952
2026-05-01 07:51:45.517586,2026-05-01 07:51:45.517586,89.56010437011719
2026-05-01 07:51:45.719119,2026-05-01 07:51:45.719119,85.96984100341797
2026-05-01 07:51:45.919545,2026-05-01 07:51:45.919545,82.9181137084961
2026-05-01 07:51:46.118313,2026-05-01 07:51:46.118313,80.32414245605469
2026-05-01 07:51:46.319474,2026-05-01 07:51:46.319474,78.11927032470703
2026-05-01 07:51:46.519373,2026-05-01 07:51:46.519373,76.24513244628906
2026-05-01 07:51:46.718033,2026-05-01 07:51:46.718033,74.65211486816406
2026-05-01 07:51:46.919288,2026-05-01 07:51:46.919288,73.29804229736328
2026-05-01 07:51:47.119226,2026-05-01 07:51:47.119226,72.14708709716797
2026-05-01 07:51:47.317502,2026-05-01 07:51:47.317502,71.34455871582031
2026-05-01 07:51:47.509900,2026-05-01 07:51:47.509900,70.66240692138672
2026-05-01 07:51:47.719605,2026-05-01 07:51:47.719605,70.08257293701172
2026-05-01 07:51:47.918356,2026-05-01 07:51:47.918356,69.5897216796875
2026-05-01 07:51:48.118553,2026-05-01 07:51:48.118553,69.17079162597656
2026-05-01 07:51:48.319988,2026-05-01 07:51:48.319988,68.81470489501953
2026-05-01 07:51:48.519140,2026-05-01 07:51:48.519140,68.51203155517578
2026-05-01 07:51:48.717955,2026-05-01 07:51:48.717955,68.4305419921875
2026-05-01 07:51:48.920417,2026-05-01 07:51:48.920417,68.36126708984375
2026-05-01 07:51:49.119521,2026-05-01 07:51:49.119521,68.3023910522461
2026-05-01 07:51:49.318410,2026-05-01 07:51:49.318410,68.42813110351562
2026-05-01 07:51:49.517549,2026-05-01 07:51:49.517549,68.53500366210938
2026-05-01 07:51:49.718183,2026-05-01 07:51:49.718183,68.62584686279297
2026-05-01 07:51:49.918172,2026-05-01 07:51:49.918172,68.70306396484375
2026-05-01 07:51:50.122952,2026-05-01 07:51:50.122952,68.9444808959961
2026-05-01 07:51:50.320240,2026-05-01 07:51:50.320240,69.1496810913086
2026-05-01 07:51:50.518435,2026-05-01 07:51:50.518435,69.32410430908203
2026-05-01 07:51:50.719702,2026-05-01 07:51:50.719702,69.47236633300781
2026-05-01 07:51:50.921273,2026-05-01 07:51:50.921273,69.59838104248047
2026-05-01 07:51:51.119384,2026-05-01 07:51:51.119384,69.70549774169922
2026-05-01 07:51:51.317666,2026-05-01 07:51:51.317666,69.79655456542969
2026-05-01 07:51:51.518281,2026-05-01 07:51:51.518281,69.87394714355469
2026-05-01 07:51:51.721521,2026-05-01 07:51:51.721521,69.93972778320312
2026-05-01 07:51:51.919519,2026-05-01 07:51:51.919519,69.99564361572266
2026-05-01 07:51:52.117535,2026-05-01 07:51:52.117535,70.04317474365234
2026-05-01 07:51:52.319207,2026-05-01 07:51:52.319207,70.08357238769531
2026-05-01 07:51:52.518421,2026-05-01 07:51:52.518421,70.11791229248047
2026-05-01 07:51:52.718464,2026-05-01 07:51:52.718464,70.14710235595703
2026-05-01 07:51:52.918203,2026-05-01 07:51:52.918203,70.17190551757812
2026-05-01 07:51:53.117710,2026-05-01 07:51:53.117710,70.19300079345703
2026-05-01 07:51:53.319196,2026-05-01 07:51:53.319196,70.21092224121094
2026-05-01 07:51:53.520016,2026-05-01 07:51:53.520016,70.22615814208984
2026-05-01 07:51:53.717843,2026-05-01 07:51:53.717843,70.0633316040039
2026-05-01 07:51:53.918467,2026-05-01 07:51:53.918467,69.9249267578125
2026-05-01 07:51:54.117898,2026-05-01 07:51:54.117898,69.80728149414062
2026-05-01 07:51:54.319803,2026-05-01 07:51:54.319803,69.70728302001953
2026-05-01 07:51:54.517690,2026-05-01 07:51:54.517690,69.62228393554688
2026-05-01 07:51:54.717480,2026-05-01 07:51:54.717480,69.55003356933594
2026-05-01 07:51:54.919612,2026-05-01 07:51:54.919612,69.4886245727539
2026-05-01 07:51:55.119384,2026-05-01 07:51:55.119384,69.4364242553711
2026-05-01 07:51:55.317933,2026-05-01 07:51:55.317933,69.21627044677734
2026-05-01 07:51:55.519806,2026-05-01 07:51:55.519806,69.02914428710938
2026-05-01 07:51:55.718077,2026-05-01 07:51:55.718077,68.87008666992188
2026-05-01 07:51:55.918779,2026-05-01 07:51:55.918779,79.4575424194336
2026-05-01 07:51:56.117999,2026-05-01 07:51:56.117999,88.45687866210938
2026-05-01 07:51:56.319801,2026-05-01 07:51:56.319801,96.10631561279295
2026-05-01 07:51:56.517912,2026-05-01 07:51:56.517912,102.60833740234376
2026-05-01 07:51:56.717524,2026-05-01 07:51:56.717524,108.1350555419922
2026-05-01 07:51:56.918353,2026-05-01 07:51:56.918353,112.832763671875
2026-05-01 07:51:57.120265,2026-05-01 07:51:57.120265,116.82582092285156
2026-05-01 07:51:57.317769,2026-05-01 07:51:57.317769,120.21991729736328
2026-05-01 07:51:57.517433,2026-05-01 07:51:57.517433,123.10489654541016
2026-05-01 07:51:57.718365,2026-05-01 07:51:57.718365,125.55712890625
2026-05-01 07:51:57.917520,2026-05-01 07:51:57.917520,127.64153289794922
2026-05-01 07:51:58.117574,2026-05-01 07:51:58.117574,129.41326904296875
2026-05-01 07:51:58.318131,2026-05-01 07:51:58.318131,130.91925048828125
2026-05-01 07:51:58.517726,2026-05-01 07:51:58.517726,132.19932556152344
2026-05-01 07:51:58.719391,2026-05-01 07:51:58.719391,133.4631805419922
2026-05-01 07:51:58.917910,2026-05-01 07:51:58.917910,134.53746032714844
2026-05-01 07:51:59.117613,2026-05-01 07:51:59.117613,135.45059204101562
2026-05-01 07:51:59.318267,2026-05-01 07:51:59.318267,136.22674560546875
2026-05-01 07:51:59.517894,2026-05-01 07:51:59.517894,136.88648986816406
2026-05-01 07:51:59.719866,2026-05-01 07:51:59.719866,137.447265625
2026-05-01 07:51:59.917825,2026-05-01 07:51:59.917825,137.92391967773438
2026-05-01 07:52:00.118321,2026-05-01 07:52:00.118321,138.32908630371094
2026-05-01 07:52:00.318892,2026-05-01 07:52:00.318892,138.67347717285156
2026-05-01 07:52:00.517590,2026-05-01 07:52:00.517590,138.96620178222656
2026-05-01 07:52:00.717446,2026-05-01 07:52:00.717446,139.21502685546875
2026-05-01 07:52:00.918559,2026-05-01 07:52:00.918559,139.426513671875
2026-05-01 07:52:01.118402,2026-05-01 07:52:01.118402,139.60629272460938
2026-05-01 07:52:01.319742,2026-05-01 07:52:01.319742,139.93487548828125
2026-05-01 07:52:01.517884,2026-05-01 07:52:01.517884,140.21417236328125
2026-05-01 07:52:01.717860,2026-05-01 07:52:01.717860,140.4515838623047
2026-05-01 07:52:01.917642,2026-05-01 07:52:01.917642,140.65338134765625
2026-05-01 07:52:02.117385,2026-05-01 07:52:02.117385,140.8249053955078
2026-05-01 07:52:02.317953,2026-05-01 07:52:02.317953,140.970703125
2026-05-01 07:52:02.517689,2026-05-01 07:52:02.517689,141.09461975097656
2026-05-01 07:52:02.722065,2026-05-01 07:52:02.722065,141.19996643066406
2026-05-01 07:52:02.917818,2026-05-01 07:52:02.917818,141.2895050048828
2026-05-01 07:52:03.117509,2026-05-01 07:52:03.117509,141.3656005859375
2026-05-01 07:52:03.317532,2026-05-01 07:52:03.317532,141.4302978515625
2026-05-01 07:52:03.517503,2026-05-01 07:52:03.517503,141.6610565185547
2026-05-01 07:52:03.717949,2026-05-01 07:52:03.717949,141.8572235107422
2026-05-01 07:52:03.919358,2026-05-01 07:52:03.919358,142.02394104003906
2026-05-01 07:52:04.119685,2026-05-01 07:52:04.119685,142.16566467285156
2026-05-01 07:52:04.317382,2026-05-01 07:52:04.317382,142.2861328125
2026-05-01 07:52:04.517473,2026-05-01 07:52:04.517473,142.38851928710938
2026-05-01 07:52:04.719583,2026-05-01 07:52:04.719583,142.47555541992188
2026-05-01 07:52:04.917778,2026-05-01 07:52:04.917778,142.54953002929688
2026-05-01 07:52:05.117638,2026-05-01 07:52:05.117638,142.61241149902344
2026-05-01 07:52:05.318399,2026-05-01 07:52:05.318399,142.84164428710938
2026-05-01 07:52:05.521278,2026-05-01 07:52:05.521278,143.0364990234375
2026-05-01 07:52:05.719782,2026-05-01 07:52:05.719782,143.20211791992188
2026-05-01 07:52:18.818142,2026-05-01 07:52:18.818142,143.3428955078125
2026-05-01 07:52:19.020529,2026-05-01 07:52:19.020529,143.46255493164062
2026-05-01 07:52:19.218237,2026-05-01 07:52:19.218237,143.56427001953125
2026-05-01 07:52:19.418317,2026-05-01 07:52:19.418317,143.6507110595703
2026-05-01 07:52:19.617923,2026-05-01 07:52:19.617923,143.7241973876953
2026-05-01 07:52:19.819797,2026-05-01 07:52:19.819797,143.7866668701172
2026-05-01 07:52:20.019692,2026-05-01 07:52:20.019692,143.8397674560547
2026-05-01 07:52:20.218096,2026-05-01 07:52:20.218096,143.8848876953125
2026-05-01 07:52:20.418210,2026-05-01 07:52:20.418210,143.92324829101562
2026-05-01 07:52:20.620487,2026-05-01 07:52:20.620487,143.9558563232422
2026-05-01 07:52:20.818031,2026-05-01 07:52:20.818031,143.9835662841797
2026-05-01 07:52:21.018842,2026-05-01 07:52:21.018842,144.1829071044922
2026-05-01 07:52:21.217542,2026-05-01 07:52:21.217542,141.36407470703125
2026-05-01 07:52:21.418584,2026-05-01 07:52:21.418584,138.96804809570312
2026-05-01 07:52:21.617836,2026-05-01 07:52:21.617836,136.9314422607422
2026-05-01 07:52:21.820545,2026-05-01 07:52:21.820545,135.3760986328125
2026-05-01 07:52:22.017416,2026-05-01 07:52:22.017416,134.05406188964844
2026-05-01 07:52:22.218139,2026-05-01 07:52:22.218139,132.93032836914062
2026-05-01 07:52:22.418185,2026-05-01 07:52:22.418185,131.9751434326172
2026-05-01 07:52:22.618576,2026-05-01 07:52:22.618576,131.1632537841797
2026-05-01 07:52:22.818711,2026-05-01 07:52:22.818711,130.47314453125
2026-05-01 07:52:23.018038,2026-05-01 07:52:23.018038,129.8865509033203
2026-05-01 07:52:23.217652,2026-05-01 07:52:23.217652,129.387939453125
2026-05-01 07:52:23.417807,2026-05-01 07:52:23.417807,121.22974395751952
2026-05-01 07:52:23.617805,2026-05-01 07:52:23.617805,114.2952880859375
2026-05-01 07:52:23.818846,2026-05-01 07:52:23.818846,108.40099334716795
2026-05-01 07:52:24.018095,2026-05-01 07:52:24.018095,103.3908462524414
2026-05-01 07:52:24.217515,2026-05-01 07:52:24.217515,99.13221740722656
2026-05-01 07:52:24.418062,2026-05-01 07:52:24.418062,95.51238250732422
2026-05-01 07:52:24.619018,2026-05-01 07:52:24.619018,92.4355239868164
2026-05-01 07:52:24.817829,2026-05-01 07:52:24.817829,89.82019805908203
2026-05-01 07:52:25.017387,2026-05-01 07:52:25.017387,87.59716796875
2026-05-01 07:52:25.217613,2026-05-01 07:52:25.217613,85.70759582519531
2026-05-01 07:52:25.417483,2026-05-01 07:52:25.417483,84.10145568847656
2026-05-01 07:52:25.618179,2026-05-01 07:52:25.618179,82.73623657226562
2026-05-01 07:52:25.818361,2026-05-01 07:52:25.818361,81.57579803466797
2026-05-01 07:52:26.017538,2026-05-01 07:52:26.017538,80.58943176269531
2026-05-01 07:52:26.218172,2026-05-01 07:52:26.218172,79.75101470947266
2026-05-01 07:52:26.417756,2026-05-01 07:52:26.417756,79.03836059570312
2026-05-01 07:52:26.617599,2026-05-01 07:52:26.617599,78.43260955810547
2026-05-01 07:52:26.817392,2026-05-01 07:52:26.817392,77.91771697998047
2026-05-01 07:52:27.017595,2026-05-01 07:52:27.017595,77.48005676269531
2026-05-01 07:52:27.218501,2026-05-01 07:52:27.218501,77.10804748535156
2026-05-01 07:52:27.418489,2026-05-01 07:52:27.418489,76.79183959960938
2026-05-01 07:52:27.618141,2026-05-01 07:52:27.618141,76.52306365966797
2026-05-01 07:52:27.819445,2026-05-01 07:52:27.819445,76.29460906982422
2026-05-01 07:52:28.019765,2026-05-01 07:52:28.019765,76.10041809082031
2026-05-01 07:52:28.221307,2026-05-01 07:52:28.221307,75.93535614013672
2026-05-01 07:52:28.418208,2026-05-01 07:52:28.418208,75.79505157470703
2026-05-01 07:52:28.618414,2026-05-01 07:52:28.618414,75.67579650878906
2026-05-01 07:52:28.820106,2026-05-01 07:52:28.820106,75.75020599365234
2026-05-01 07:52:29.025071,2026-05-01 07:52:29.025071,75.8134536743164
2026-05-01 07:52:29.219574,2026-05-01 07:52:29.219574,75.86721801757812
2026-05-01 07:52:29.419641,2026-05-01 07:52:29.419641,75.91291809082031
2026-05-01 07:52:29.619193,2026-05-01 07:52:29.619193,75.9517593383789
2026-05-01 07:52:29.817761,2026-05-01 07:52:29.817761,75.98477935791016
2026-05-01 07:52:30.019484,2026-05-01 07:52:30.019484,76.0128402709961
2026-05-01 07:52:30.219580,2026-05-01 07:52:30.219580,76.03669738769531
2026-05-01 07:52:30.420098,2026-05-01 07:52:30.420098,76.05697631835938
2026-05-01 07:52:30.617928,2026-05-01 07:52:30.617928,76.07421112060547
2026-05-01 07:52:30.818016,2026-05-01 07:52:30.818016,76.08885955810547
2026-05-01 07:52:31.018572,2026-05-01 07:52:31.018572,76.10131072998047
2026-05-01 07:52:31.219513,2026-05-01 07:52:31.219513,78.39704895019531
2026-05-01 07:52:31.419905,2026-05-01 07:52:31.419905,80.34843444824219
2026-05-01 07:52:31.619827,2026-05-01 07:52:31.619827,82.0071029663086
2026-05-01 07:52:31.818197,2026-05-01 07:52:31.818197,83.41697692871094
2026-05-01 07:52:32.019244,2026-05-01 07:52:32.019244,84.61536407470703
2026-05-01 07:52:32.218434,2026-05-01 07:52:32.218434,85.63400268554688
2026-05-01 07:52:32.417481,2026-05-01 07:52:32.417481,86.49983978271484
2026-05-01 07:52:32.619507,2026-05-01 07:52:32.619507,87.23580169677734
2026-05-01 07:52:32.819444,2026-05-01 07:52:32.819444,89.61917877197266
2026-05-01 07:52:33.017984,2026-05-01 07:52:33.017984,91.64505004882812
2026-05-01 07:52:33.219573,2026-05-01 07:52:33.219573,93.3670425415039
2026-05-01 07:52:33.420015,2026-05-01 07:52:33.420015,94.83073425292967
2026-05-01 07:52:33.619414,2026-05-01 07:52:33.619414,96.07487487792967
2026-05-01 07:52:33.821101,2026-05-01 07:52:33.821101,97.13239288330078
2026-05-01 07:52:34.018266,2026-05-01 07:52:34.018266,98.03128814697266
2026-05-01 07:52:34.219368,2026-05-01 07:52:34.219368,98.79534149169922
2026-05-01 07:52:34.417805,2026-05-01 07:52:34.417805,99.44479370117188
2026-05-01 07:52:34.617480,2026-05-01 07:52:34.617480,99.996826171875
2026-05-01 07:52:34.819371,2026-05-01 07:52:34.819371,100.46604919433594
2026-05-01 07:52:35.018088,2026-05-01 07:52:35.018088,100.8648910522461
2026-05-01 07:52:35.218121,2026-05-01 07:52:35.218121,101.20391082763672
2026-05-01 07:52:35.419500,2026-05-01 07:52:35.419500,101.49207305908205
2026-05-01 07:52:35.618925,2026-05-01 07:52:35.618925,101.7370147705078
2026-05-01 07:52:35.818522,2026-05-01 07:52:35.818522,101.9452133178711
2026-05-01 07:52:36.019282,2026-05-01 07:52:36.019282,102.12217712402344
2026-05-01 07:52:36.217485,2026-05-01 07:52:36.217485,102.27259826660156
2026-05-01 07:52:36.417337,2026-05-01 07:52:36.417337,102.40045928955078
2026-05-01 07:52:36.617486,2026-05-01 07:52:36.617486,102.50914001464844
2026-05-01 07:52:36.817885,2026-05-01 07:52:36.817885,102.60152435302734
2026-05-01 07:52:37.019041,2026-05-01 07:52:37.019041,102.68004608154295
2026-05-01 07:52:37.218106,2026-05-01 07:52:37.218106,102.74678802490234
2026-05-01 07:52:37.419408,2026-05-01 07:52:37.419408,102.80352020263672
2026-05-01 07:52:37.617477,2026-05-01 07:52:37.617477,102.85173797607422
2026-05-01 07:52:37.817886,2026-05-01 07:52:37.817886,102.89273071289062
2026-05-01 07:52:38.018716,2026-05-01 07:52:38.018716,102.92756652832033
2026-05-01 07:52:38.218840,2026-05-01 07:52:38.218840,102.95718383789062
2026-05-01 07:52:38.417376,2026-05-01 07:52:38.417376,102.98235321044922
2026-05-01 07:52:38.619688,2026-05-01 07:52:38.619688,103.00375366210938
2026-05-01 07:52:38.817381,2026-05-01 07:52:38.817381,103.02194213867188
2026-05-01 07:52:39.017760,2026-05-01 07:52:39.017760,103.0373992919922
2026-05-01 07:52:39.218608,2026-05-01 07:52:39.218608,103.050537109375
2026-05-01 07:52:39.417516,2026-05-01 07:52:39.417516,103.06170654296876
2026-05-01 07:52:39.617995,2026-05-01 07:52:39.617995,103.07120513916016
2026-05-01 07:52:39.817523,2026-05-01 07:52:39.817523,103.07926940917967
2026-05-01 07:52:40.022667,2026-05-01 07:52:40.022667,103.08612823486328
2026-05-01 07:52:40.218327,2026-05-01 07:52:40.218327,103.09196472167967
2026-05-01 07:52:40.417944,2026-05-01 07:52:40.417944,103.09691619873048
2026-05-01 07:52:40.618200,2026-05-01 07:52:40.618200,103.10112762451172
2026-05-01 07:52:40.817286,2026-05-01 07:52:40.817286,103.1047134399414
2026-05-01 07:52:41.018423,2026-05-01 07:52:41.018423,103.10774993896484
2026-05-01 07:52:41.217865,2026-05-01 07:52:41.217865,103.11034393310548
2026-05-01 07:52:41.417928,2026-05-01 07:52:41.417928,103.11254119873048
2026-05-01 07:52:41.617834,2026-05-01 07:52:41.617834,103.11441040039062
2026-05-01 07:52:41.818739,2026-05-01 07:52:41.818739,103.11599731445312
2026-05-01 07:52:42.018297,2026-05-01 07:52:42.018297,103.11734771728516
2026-05-01 07:52:42.217355,2026-05-01 07:52:42.217355,103.11849212646484
2026-05-01 07:52:42.419201,2026-05-01 07:52:42.419201,103.11946868896484
2026-05-01 07:52:42.617295,2026-05-01 07:52:42.617295,103.12030029296876
2026-05-01 07:52:42.817367,2026-05-01 07:52:42.817367,103.12100219726562
2026-05-01 07:52:43.018081,2026-05-01 07:52:43.018081,103.1216049194336
2026-05-01 07:52:43.219153,2026-05-01 07:52:43.219153,103.1221160888672
2026-05-01 07:52:43.421417,2026-05-01 07:52:43.421417,103.12254333496094
2026-05-01 07:52:43.617440,2026-05-01 07:52:43.617440,103.12291717529295
2026-05-01 07:52:43.819399,2026-05-01 07:52:43.819399,103.12322998046876
2026-05-01 07:52:44.022055,2026-05-01 07:52:44.022055,103.12349700927734
2026-05-01 07:52:57.118433,2026-05-01 07:52:57.118433,103.12371826171876
2026-05-01 07:52:57.318007,2026-05-01 07:52:57.318007,103.12390899658205
2026-05-01 07:52:57.519412,2026-05-01 07:52:57.519412,103.12407684326172
2026-05-01 07:52:57.718340,2026-05-01 07:52:57.718340,103.12421417236328
2026-05-01 07:52:57.918966,2026-05-01 07:52:57.918966,103.12432861328124
2026-05-01 07:52:58.118229,2026-05-01 07:52:58.118229,103.12443542480467
2026-05-01 07:52:58.319178,2026-05-01 07:52:58.319178,103.12451934814452
2026-05-01 07:52:58.520121,2026-05-01 07:52:58.520121,103.12458801269533
2026-05-01 07:52:58.721117,2026-05-01 07:52:58.721117,103.12464904785156
2026-05-01 07:52:58.918036,2026-05-01 07:52:58.918036,103.12470245361328
2026-05-01 07:52:59.117959,2026-05-01 07:52:59.117959,103.12474822998048
2026-05-01 07:52:59.318476,2026-05-01 07:52:59.318476,103.12478637695312
2026-05-01 07:52:59.519628,2026-05-01 07:52:59.519628,103.12481689453124
2026-05-01 07:52:59.720451,2026-05-01 07:52:59.720451,103.12484741210938
2026-05-01 07:52:59.917478,2026-05-01 07:52:59.917478,103.12487030029295
2026-05-01 07:53:00.117599,2026-05-01 07:53:00.117599,103.12488555908205
2026-05-01 07:53:00.318014,2026-05-01 07:53:00.318014,103.12490844726562
2026-05-01 07:53:00.518157,2026-05-01 07:53:00.518157,102.94913482666016
2026-05-01 07:53:00.718898,2026-05-01 07:53:00.718898,102.79973602294922
2026-05-01 07:53:00.918103,2026-05-01 07:53:00.918103,102.67274475097656
2026-05-01 07:53:01.117493,2026-05-01 07:53:01.117493,102.56480407714844
2026-05-01 07:53:01.318837,2026-05-01 07:53:01.318837,102.47305297851562
2026-05-01 07:53:01.518831,2026-05-01 07:53:01.518831,102.39505767822266
2026-05-01 07:53:01.718194,2026-05-01 07:53:01.718194,102.32877349853516
2026-05-01 07:53:01.919578,2026-05-01 07:53:01.919578,102.27242279052734
2026-05-01 07:53:02.118126,2026-05-01 07:53:02.118126,102.22452545166016
2026-05-01 07:53:02.318168,2026-05-01 07:53:02.318168,102.1838150024414
2026-05-01 07:53:02.518177,2026-05-01 07:53:02.518177,102.1492156982422
2026-05-01 07:53:02.719939,2026-05-01 07:53:02.719939,102.11980438232422
2026-05-01 07:53:02.917489,2026-05-01 07:53:02.917489,102.09480285644533
2026-05-01 07:53:03.118000,2026-05-01 07:53:03.118000,102.07354736328124
2026-05-01 07:53:03.318221,2026-05-01 07:53:03.318221,102.05548858642578
2026-05-01 07:53:03.518232,2026-05-01 07:53:03.518232,102.04013061523438
2026-05-01 07:53:03.719619,2026-05-01 07:53:03.719619,102.0270767211914
2026-05-01 07:53:03.918865,2026-05-01 07:53:03.918865,102.01598358154295
2026-05-01 07:53:04.117877,2026-05-01 07:53:04.117877,102.00656127929688
2026-05-01 07:53:04.317708,2026-05-01 07:53:04.317708,101.99854278564452
2026-05-01 07:53:04.517606,2026-05-01 07:53:04.517606,101.99172973632812
2026-05-01 07:53:04.717757,2026-05-01 07:53:04.717757,101.9859390258789
2026-05-01 07:53:04.917693,2026-05-01 07:53:04.917693,101.98101806640624
2026-05-01 07:53:05.120435,2026-05-01 07:53:05.120435,101.9768295288086
2026-05-01 07:53:05.317396,2026-05-01 07:53:05.317396,101.97327423095705
2026-05-01 07:53:05.517584,2026-05-01 07:53:05.517584,101.97025299072266
2026-05-01 07:53:05.718652,2026-05-01 07:53:05.718652,101.96768188476562
2026-05-01 07:53:05.917961,2026-05-01 07:53:05.917961,101.96549987792967
2026-05-01 07:53:06.118367,2026-05-01 07:53:06.118367,102.1394271850586
2026-05-01 07:53:06.319242,2026-05-01 07:53:06.319242,102.28726196289062
2026-05-01 07:53:06.518434,2026-05-01 07:53:06.518434,102.41292572021484
2026-05-01 07:53:06.719302,2026-05-01 07:53:06.719302,102.51973724365234
2026-05-01 07:53:06.923459,2026-05-01 07:53:06.923459,102.61052703857422
2026-05-01 07:53:07.119428,2026-05-01 07:53:07.119428,102.6876983642578
2026-05-01 07:53:07.319074,2026-05-01 07:53:07.319074,102.75328826904295
2026-05-01 07:53:07.517643,2026-05-01 07:53:07.517643,102.80904388427734
2026-05-01 07:53:07.718753,2026-05-01 07:53:07.718753,102.85643768310548
2026-05-01 07:53:07.918868,2026-05-01 07:53:07.918868,102.89672088623048
2026-05-01 07:53:08.120138,2026-05-01 07:53:08.120138,102.93096923828124
2026-05-01 07:53:08.318044,2026-05-01 07:53:08.318044,102.96006774902344
2026-05-01 07:53:08.517546,2026-05-01 07:53:08.517546,102.98480987548828
2026-05-01 07:53:08.719815,2026-05-01 07:53:08.719815,103.0058364868164
2026-05-01 07:53:08.918696,2026-05-01 07:53:08.918696,103.02371215820312
2026-05-01 07:53:09.119522,2026-05-01 07:53:09.119522,103.03890228271484
2026-05-01 07:53:09.319305,2026-05-01 07:53:09.319305,103.05181884765624
2026-05-01 07:53:09.517871,2026-05-01 07:53:09.517871,103.06279754638672
2026-05-01 07:53:09.719233,2026-05-01 07:53:09.719233,103.07212829589844
2026-05-01 07:53:09.919056,2026-05-01 07:53:09.919056,96.5761489868164
2026-05-01 07:53:10.118968,2026-05-01 07:53:10.118968,91.05457305908205
2026-05-01 07:53:10.319431,2026-05-01 07:53:10.319431,86.3612289428711
2026-05-01 07:53:10.519861,2026-05-01 07:53:10.519861,82.37188720703125
2026-05-01 07:53:10.719021,2026-05-01 07:53:10.719021,78.98094940185547
2026-05-01 07:53:10.919477,2026-05-01 07:53:10.919477,76.09864807128906
2026-05-01 07:53:11.120232,2026-05-01 07:53:11.120232,73.64869689941406
2026-05-01 07:53:11.319767,2026-05-01 07:53:11.319767,71.56623840332031
2026-05-01 07:53:11.522103,2026-05-01 07:53:11.522103,69.796142578125
2026-05-01 07:53:11.720710,2026-05-01 07:53:11.720710,68.29156494140625
2026-05-01 07:53:11.923266,2026-05-01 07:53:11.923266,67.0126724243164
2026-05-01 07:53:12.119669,2026-05-01 07:53:12.119669,66.10140228271484
2026-05-01 07:53:12.321161,2026-05-01 07:53:12.321161,65.15103149414062
2026-05-01 07:53:12.519842,2026-05-01 07:53:12.519842,64.34322357177734
2026-05-01 07:53:12.719914,2026-05-01 07:53:12.719914,63.65658187866211
2026-05-01 07:53:12.918705,2026-05-01 07:53:12.918705,63.07293701171875
2026-05-01 07:53:13.118867,2026-05-01 07:53:13.118867,62.57684326171875
2026-05-01 07:53:13.319615,2026-05-01 07:53:13.319615,62.15515899658203
2026-05-01 07:53:13.521733,2026-05-01 07:53:13.521733,61.97251129150391
2026-05-01 07:53:13.720486,2026-05-01 07:53:13.720486,61.81725692749024
2026-05-01 07:53:13.919550,2026-05-01 07:53:13.919550,61.68529510498047
2026-05-01 07:53:14.118430,2026-05-01 07:53:14.118430,61.573123931884766
2026-05-01 07:53:14.319505,2026-05-01 07:53:14.319505,61.477783203125
2026-05-01 07:53:14.521336,2026-05-01 07:53:14.521336,61.3967399597168
2026-05-01 07:53:14.717784,2026-05-01 07:53:14.717784,61.32785415649414
2026-05-01 07:53:14.917963,2026-05-01 07:53:14.917963,61.26930236816406
2026-05-01 07:53:15.118284,2026-05-01 07:53:15.118284,61.21953201293945
2026-05-01 07:53:15.318595,2026-05-01 07:53:15.318595,61.17722702026367
2026-05-01 07:53:15.517739,2026-05-01 07:53:15.517739,61.14126586914063
2026-05-01 07:53:15.717807,2026-05-01 07:53:15.717807,61.11070251464844
2026-05-01 07:53:15.918318,2026-05-01 07:53:15.918318,61.084720611572266
2026-05-01 07:53:16.118568,2026-05-01 07:53:16.118568,70.37904357910156
2026-05-01 07:53:16.317672,2026-05-01 07:53:16.317672,78.27922058105469
2026-05-01 07:53:16.517754,2026-05-01 07:53:16.517754,84.99436950683594
2026-05-01 07:53:16.717934,2026-05-01 07:53:16.717934,90.70223999023438
2026-05-01 07:53:16.919760,2026-05-01 07:53:16.919760,95.55393981933594
2026-05-01 07:53:17.119645,2026-05-01 07:53:17.119645,99.6778793334961
2026-05-01 07:53:17.317584,2026-05-01 07:53:17.317584,103.1832275390625
2026-05-01 07:53:17.517405,2026-05-01 07:53:17.517405,106.16277313232422
2026-05-01 07:53:17.719042,2026-05-01 07:53:17.719042,108.69538879394533
2026-05-01 07:53:17.917853,2026-05-01 07:53:17.917853,110.84811401367188
2026-05-01 07:53:18.117828,2026-05-01 07:53:18.117828,112.67792510986328
2026-05-01 07:53:18.317803,2026-05-01 07:53:18.317803,114.23326873779295
2026-05-01 07:53:18.517833,2026-05-01 07:53:18.517833,115.55531311035156
2026-05-01 07:53:18.717552,2026-05-01 07:53:18.717552,116.67904663085938
2026-05-01 07:53:18.917654,2026-05-01 07:53:18.917654,117.63421630859376
2026-05-01 07:53:19.124233,2026-05-01 07:53:19.124233,118.44612121582033
2026-05-01 07:53:19.317899,2026-05-01 07:53:19.317899,119.13623046875
2026-05-01 07:53:19.517727,2026-05-01 07:53:19.517727,119.72283172607422
2026-05-01 07:53:19.720398,2026-05-01 07:53:19.720398,120.221435546875
2026-05-01 07:53:19.918034,2026-05-01 07:53:19.918034,120.64524841308594
2026-05-01 07:53:20.117674,2026-05-01 07:53:20.117674,121.0054931640625
2026-05-01 07:53:20.317568,2026-05-01 07:53:20.317568,121.31169891357422
2026-05-01 07:53:20.518070,2026-05-01 07:53:20.518070,121.5719757080078
2026-05-01 07:53:20.720815,2026-05-01 07:53:20.720815,121.793212890625
2026-05-01 07:53:20.919316,2026-05-01 07:53:20.919316,121.98126220703124
2026-05-01 07:53:21.118297,2026-05-01 07:53:21.118297,122.14110565185548
2026-05-01 07:53:21.317495,2026-05-01 07:53:21.317495,122.27696990966795
2026-05-01 07:53:21.517825,2026-05-01 07:53:21.517825,122.3924560546875
2026-05-01 07:53:21.719931,2026-05-01 07:53:21.719931,122.49061584472656
2026-05-01 07:53:21.917655,2026-05-01 07:53:21.917655,122.57405853271484
2026-05-01 07:53:22.118037,2026-05-01 07:53:22.118037,122.82076263427734
2026-05-01 07:53:22.318897,2026-05-01 07:53:22.318897,123.03045654296876
2026-05-01 07:53:35.417758,2026-05-01 07:53:35.417758,120.57198333740234
2026-05-01 07:53:35.618056,2026-05-01 07:53:35.618056,118.4822769165039
2026-05-01 07:53:35.817598,2026-05-01 07:53:35.817598,116.7060317993164
2026-05-01 07:53:36.018551,2026-05-01 07:53:36.018551,115.19622039794922
2026-05-01 07:53:36.222999,2026-05-01 07:53:36.222999,113.91287994384766
2026-05-01 07:53:36.418333,2026-05-01 07:53:36.418333,112.8220443725586
2026-05-01 07:53:36.620757,2026-05-01 07:53:36.620757,111.89482879638672
2026-05-01 07:53:36.817689,2026-05-01 07:53:36.817689,111.10669708251952
2026-05-01 07:53:37.017595,2026-05-01 07:53:37.017595,110.4367904663086
2026-05-01 07:53:37.217806,2026-05-01 07:53:37.217806,109.86736297607422
2026-05-01 07:53:37.411471,2026-05-01 07:53:37.411471,109.55913543701172
2026-05-01 07:53:37.618321,2026-05-01 07:53:37.618321,109.2971420288086
2026-05-01 07:53:37.819142,2026-05-01 07:53:37.819142,109.0744400024414
2026-05-01 07:53:38.018168,2026-05-01 07:53:38.018168,108.8851547241211
2026-05-01 07:53:38.218225,2026-05-01 07:53:38.218225,108.72425079345705
2026-05-01 07:53:38.419311,2026-05-01 07:53:38.419311,108.58749389648438
2026-05-01 07:53:38.617489,2026-05-01 07:53:38.617489,108.47124481201172
2026-05-01 07:53:38.818236,2026-05-01 07:53:38.818236,108.37242889404295
2026-05-01 07:53:39.018495,2026-05-01 07:53:39.018495,108.28844451904295
2026-05-01 07:53:39.218181,2026-05-01 07:53:39.218181,108.21704864501952
2026-05-01 07:53:39.417841,2026-05-01 07:53:39.417841,108.15636444091795
2026-05-01 07:53:39.618305,2026-05-01 07:53:39.618305,108.28057098388672
2026-05-01 07:53:39.818716,2026-05-01 07:53:39.818716,108.38613891601562
2026-05-01 07:53:40.020702,2026-05-01 07:53:40.020702,108.4758758544922
2026-05-01 07:53:40.218989,2026-05-01 07:53:40.218989,108.7279281616211
2026-05-01 07:53:40.417948,2026-05-01 07:53:40.417948,108.94217681884766
2026-05-01 07:53:40.618077,2026-05-01 07:53:40.618077,109.1242904663086
2026-05-01 07:53:40.817948,2026-05-01 07:53:40.817948,109.27908325195312
2026-05-01 07:53:41.017494,2026-05-01 07:53:41.017494,109.58644104003906
2026-05-01 07:53:41.217522,2026-05-01 07:53:41.217522,109.84769439697266
2026-05-01 07:53:41.417826,2026-05-01 07:53:41.417826,110.06975555419922
2026-05-01 07:53:41.618206,2026-05-01 07:53:41.618206,110.25851440429688
2026-05-01 07:53:41.818431,2026-05-01 07:53:41.818431,110.41895294189452
2026-05-01 07:53:42.017441,2026-05-01 07:53:42.017441,110.55532836914062
2026-05-01 07:53:42.219743,2026-05-01 07:53:42.219743,110.67124938964844
2026-05-01 07:53:42.418661,2026-05-01 07:53:42.418661,110.76978302001952
2026-05-01 07:53:42.617497,2026-05-01 07:53:42.617497,110.85353088378906
2026-05-01 07:53:42.818065,2026-05-01 07:53:42.818065,110.92472076416016
2026-05-01 07:53:43.018216,2026-05-01 07:53:43.018216,110.9852294921875
2026-05-01 07:53:43.217815,2026-05-01 07:53:43.217815,111.0366668701172
2026-05-01 07:53:43.418400,2026-05-01 07:53:43.418400,111.08038330078124
2026-05-01 07:53:43.617530,2026-05-01 07:53:43.617530,111.11754608154295
2026-05-01 07:53:43.817957,2026-05-01 07:53:43.817957,111.14913177490234
2026-05-01 07:53:44.017459,2026-05-01 07:53:44.017459,103.6173858642578
2026-05-01 07:53:44.217783,2026-05-01 07:53:44.217783,97.21540832519533
2026-05-01 07:53:44.418528,2026-05-01 07:53:44.418528,91.77371978759766
2026-05-01 07:53:44.617474,2026-05-01 07:53:44.617474,87.14828491210938
2026-05-01 07:53:44.817492,2026-05-01 07:53:44.817492,83.21666717529297
2026-05-01 07:53:45.017710,2026-05-01 07:53:45.017710,79.87479400634766
2026-05-01 07:53:45.217662,2026-05-01 07:53:45.217662,77.0342025756836
2026-05-01 07:53:45.417631,2026-05-01 07:53:45.417631,74.79547882080078
2026-05-01 07:53:45.618207,2026-05-01 07:53:45.618207,72.89256286621094
2026-05-01 07:53:45.818371,2026-05-01 07:53:45.818371,71.27508544921875
2026-05-01 07:53:46.017516,2026-05-01 07:53:46.017516,69.90022277832031
2026-05-01 07:53:46.217622,2026-05-01 07:53:46.217622,68.73159790039062
2026-05-01 07:53:46.418094,2026-05-01 07:53:46.418094,67.73826599121094
2026-05-01 07:53:46.618196,2026-05-01 07:53:46.618196,66.89392852783203
2026-05-01 07:53:46.819288,2026-05-01 07:53:46.819288,66.3520278930664
2026-05-01 07:53:47.018289,2026-05-01 07:53:47.018289,65.89141082763672
2026-05-01 07:53:47.218063,2026-05-01 07:53:47.218063,65.49988555908203
2026-05-01 07:53:47.418971,2026-05-01 07:53:47.418971,65.1670913696289
2026-05-01 07:53:47.618091,2026-05-01 07:53:47.618091,64.88421630859375
2026-05-01 07:53:47.820502,2026-05-01 07:53:47.820502,64.64376831054688
2026-05-01 07:53:48.021503,2026-05-01 07:53:48.021503,64.43939208984375
2026-05-01 07:53:48.219583,2026-05-01 07:53:48.219583,64.44145202636719
2026-05-01 07:53:48.419146,2026-05-01 07:53:48.419146,64.44320678710938
2026-05-01 07:53:48.618459,2026-05-01 07:53:48.618459,64.44469451904297
2026-05-01 07:53:48.817687,2026-05-01 07:53:48.817687,64.44595336914062
2026-05-01 07:53:49.020792,2026-05-01 07:53:49.020792,64.44702911376953
2026-05-01 07:53:49.225408,2026-05-01 07:53:49.225408,64.44794464111328
2026-05-01 07:53:49.418012,2026-05-01 07:53:49.418012,64.44872283935547
2026-05-01 07:53:49.619018,2026-05-01 07:53:49.619018,64.44938659667969
2026-05-01 07:53:49.818830,2026-05-01 07:53:49.818830,64.44994354248047
2026-05-01 07:53:50.020835,2026-05-01 07:53:50.020835,64.45042419433594
2026-05-01 07:53:50.218626,2026-05-01 07:53:50.218626,64.4508285522461
2026-05-01 07:53:50.418082,2026-05-01 07:53:50.418082,64.451171875
2026-05-01 07:53:50.620352,2026-05-01 07:53:50.620352,64.45146179199219
2026-05-01 07:53:50.821949,2026-05-01 07:53:50.821949,64.45171356201172
2026-05-01 07:53:51.019040,2026-05-01 07:53:51.019040,64.4519271850586
2026-05-01 07:53:51.219179,2026-05-01 07:53:51.219179,64.45210266113281
2026-05-01 07:53:51.420782,2026-05-01 07:53:51.420782,64.45225524902344
2026-05-01 07:53:51.620036,2026-05-01 07:53:51.620036,64.45238494873047
2026-05-01 07:53:51.821092,2026-05-01 07:53:51.821092,64.45249938964844
2026-05-01 07:53:52.019282,2026-05-01 07:53:52.019282,64.45259094238281
2026-05-01 07:53:52.218036,2026-05-01 07:53:52.218036,64.45267486572266
2026-05-01 07:53:52.417515,2026-05-01 07:53:52.417515,64.45274353027344
2026-05-01 07:53:52.624214,2026-05-01 07:53:52.624214,64.45279693603516
2026-05-01 07:53:52.817940,2026-05-01 07:53:52.817940,64.45285034179688
2026-05-01 07:53:53.018137,2026-05-01 07:53:53.018137,64.45288848876953
2026-05-01 07:53:53.222066,2026-05-01 07:53:53.222066,64.45292663574219
2026-05-01 07:53:53.418511,2026-05-01 07:53:53.418511,64.45295715332031
2026-05-01 07:53:53.618717,2026-05-01 07:53:53.618717,64.4529800415039
2026-05-01 07:53:53.820950,2026-05-01 07:53:53.820950,64.4530029296875
2026-05-01 07:53:54.019010,2026-05-01 07:53:54.019010,64.45301818847656
2026-05-01 07:53:54.217392,2026-05-01 07:53:54.217392,64.45303344726562
2026-05-01 07:53:54.418609,2026-05-01 07:53:54.418609,64.45304870605469
2026-05-01 07:53:54.617985,2026-05-01 07:53:54.617985,64.45306396484375
2026-05-01 07:53:54.817930,2026-05-01 07:53:54.817930,64.45307159423828
2026-05-01 07:53:55.017986,2026-05-01 07:53:55.017986,64.45307922363281
2026-05-01 07:53:55.217956,2026-05-01 07:53:55.217956,64.27730560302734
2026-05-01 07:53:55.418061,2026-05-01 07:53:55.418061,64.12789916992188
2026-05-01 07:53:55.618015,2026-05-01 07:53:55.618015,64.00090026855469
2026-05-01 07:53:55.819788,2026-05-01 07:53:55.819788,63.89295196533203
2026-05-01 07:53:56.017583,2026-05-01 07:53:56.017583,63.80119705200195
2026-05-01 07:53:56.217775,2026-05-01 07:53:56.217775,63.54742431640625
2026-05-01 07:53:56.418619,2026-05-01 07:53:56.418619,63.33171463012695
2026-05-01 07:53:56.617863,2026-05-01 07:53:56.617863,63.14836502075195
2026-05-01 07:53:56.818065,2026-05-01 07:53:56.818065,62.99251556396485
2026-05-01 07:53:57.017463,2026-05-01 07:53:57.017463,62.86004638671875
2026-05-01 07:53:57.218722,2026-05-01 07:53:57.218722,62.57166290283203
2026-05-01 07:53:57.417984,2026-05-01 07:53:57.417984,62.3265380859375
2026-05-01 07:53:57.617750,2026-05-01 07:53:57.617750,62.11818313598633
2026-05-01 07:53:57.817592,2026-05-01 07:53:57.817592,61.94108200073242
2026-05-01 07:53:58.018106,2026-05-01 07:53:58.018106,61.79054260253906
2026-05-01 07:53:58.217594,2026-05-01 07:53:58.217594,61.6625862121582
2026-05-01 07:53:58.417827,2026-05-01 07:53:58.417827,61.55382537841797
2026-05-01 07:53:58.617552,2026-05-01 07:53:58.617552,61.28559494018555
2026-05-01 07:53:58.817627,2026-05-01 07:53:58.817627,61.05759811401367
2026-05-01 07:53:59.017384,2026-05-01 07:53:59.017384,60.86380386352539
2026-05-01 07:53:59.217851,2026-05-01 07:53:59.217851,60.69907760620117
2026-05-01 07:53:59.417590,2026-05-01 07:53:59.417590,60.559059143066406
2026-05-01 07:53:59.618453,2026-05-01 07:53:59.618453,60.44004440307617
2026-05-01 07:53:59.818468,2026-05-01 07:53:59.818468,60.33888244628906
2026-05-01 07:54:00.018052,2026-05-01 07:54:00.018052,60.252891540527344
2026-05-01 07:54:00.217918,2026-05-01 07:54:00.217918,60.17980194091797
2026-05-01 07:54:00.418102,2026-05-01 07:54:00.418102,60.11767578125
2026-05-01 07:54:00.618245,2026-05-01 07:54:00.618245,60.06486892700195
2026-05-01 07:54:13.717647,2026-05-01 07:54:13.717647,60.019981384277344
2026-05-01 07:54:13.917562,2026-05-01 07:54:13.917562,59.98182678222656
2026-05-01 07:54:14.118050,2026-05-01 07:54:14.118050,65.22283172607422
2026-05-01 07:54:14.318251,2026-05-01 07:54:14.318251,69.67768859863281
2026-05-01 07:54:14.520204,2026-05-01 07:54:14.520204,73.46431732177734
2026-05-01 07:54:14.717621,2026-05-01 07:54:14.717621,76.68295288085938
2026-05-01 07:54:14.917951,2026-05-01 07:54:14.917951,79.41879272460938
2026-05-01 07:54:15.121639,2026-05-01 07:54:15.121639,81.74425506591797
2026-05-01 07:54:15.317646,2026-05-01 07:54:15.317646,83.72089385986328
2026-05-01 07:54:15.519635,2026-05-01 07:54:15.519635,85.40104675292969
2026-05-01 07:54:15.720366,2026-05-01 07:54:15.720366,86.82917022705078
2026-05-01 07:54:15.917438,2026-05-01 07:54:15.917438,88.04307556152344
2026-05-01 07:54:16.117697,2026-05-01 07:54:16.117697,89.07489776611328
2026-05-01 07:54:16.319102,2026-05-01 07:54:16.319102,89.95194244384766
2026-05-01 07:54:16.518090,2026-05-01 07:54:16.518090,90.69743347167967
2026-05-01 07:54:16.717627,2026-05-01 07:54:16.717627,91.3311004638672
2026-05-01 07:54:16.917963,2026-05-01 07:54:16.917963,91.86971282958984
2026-05-01 07:54:17.118127,2026-05-01 07:54:17.118127,92.3275375366211
2026-05-01 07:54:17.318515,2026-05-01 07:54:17.318515,92.71669006347656
2026-05-01 07:54:17.518432,2026-05-01 07:54:17.518432,93.04747009277344
2026-05-01 07:54:17.718195,2026-05-01 07:54:17.718195,93.32862854003906
2026-05-01 07:54:17.918702,2026-05-01 07:54:17.918702,93.56761169433594
2026-05-01 07:54:18.117659,2026-05-01 07:54:18.117659,93.770751953125
2026-05-01 07:54:18.318128,2026-05-01 07:54:18.318128,93.94342041015624
2026-05-01 07:54:18.517717,2026-05-01 07:54:18.517717,94.0901870727539
2026-05-01 07:54:18.719385,2026-05-01 07:54:18.719385,94.2149429321289
2026-05-01 07:54:18.917434,2026-05-01 07:54:18.917434,94.32098388671876
2026-05-01 07:54:19.119519,2026-05-01 07:54:19.119519,94.41111755371094
2026-05-01 07:54:19.322449,2026-05-01 07:54:19.322449,94.48773193359376
2026-05-01 07:54:19.517744,2026-05-01 07:54:19.517744,94.72863006591795
2026-05-01 07:54:19.717488,2026-05-01 07:54:19.717488,94.93340301513672
2026-05-01 07:54:19.919446,2026-05-01 07:54:19.919446,95.10745239257812
2026-05-01 07:54:20.118048,2026-05-01 07:54:20.118048,95.2553939819336
2026-05-01 07:54:20.317719,2026-05-01 07:54:20.317719,95.3811492919922
2026-05-01 07:54:20.517505,2026-05-01 07:54:20.517505,95.488037109375
2026-05-01 07:54:20.717589,2026-05-01 07:54:20.717589,95.57889556884766
2026-05-01 07:54:20.919694,2026-05-01 07:54:20.919694,95.6561279296875
2026-05-01 07:54:21.117881,2026-05-01 07:54:21.117881,100.29208374023438
2026-05-01 07:54:21.318960,2026-05-01 07:54:21.318960,104.2326431274414
2026-05-01 07:54:21.517916,2026-05-01 07:54:21.517916,107.58212280273438
2026-05-01 07:54:21.718722,2026-05-01 07:54:21.718722,110.4291763305664
2026-05-01 07:54:21.917385,2026-05-01 07:54:21.917385,112.84917449951172
2026-05-01 07:54:22.117952,2026-05-01 07:54:22.117952,114.90617370605467
2026-05-01 07:54:22.317927,2026-05-01 07:54:22.317927,116.47884368896484
2026-05-01 07:54:22.517766,2026-05-01 07:54:22.517766,117.81561279296876
2026-05-01 07:54:22.719796,2026-05-01 07:54:22.719796,118.95186614990234
2026-05-01 07:54:22.919238,2026-05-01 07:54:22.919238,119.9176788330078
2026-05-01 07:54:23.117869,2026-05-01 07:54:23.117869,120.73861694335938
2026-05-01 07:54:23.317943,2026-05-01 07:54:23.317943,121.43641662597656
2026-05-01 07:54:23.519416,2026-05-01 07:54:23.519416,122.02954864501952
2026-05-01 07:54:23.717446,2026-05-01 07:54:23.717446,122.5337142944336
2026-05-01 07:54:23.917392,2026-05-01 07:54:23.917392,122.96224975585938
2026-05-01 07:54:24.119129,2026-05-01 07:54:24.119129,123.32650756835938
2026-05-01 07:54:24.317498,2026-05-01 07:54:24.317498,123.63612365722656
2026-05-01 07:54:24.518730,2026-05-01 07:54:24.518730,123.89929962158205
2026-05-01 07:54:24.717511,2026-05-01 07:54:24.717511,124.1230010986328
2026-05-01 07:54:24.917427,2026-05-01 07:54:24.917427,124.31314086914062
2026-05-01 07:54:25.119001,2026-05-01 07:54:25.119001,124.47476196289062
2026-05-01 07:54:25.318820,2026-05-01 07:54:25.318820,124.61214447021484
2026-05-01 07:54:25.517559,2026-05-01 07:54:25.517559,124.72891235351562
2026-05-01 07:54:25.717552,2026-05-01 07:54:25.717552,124.8281707763672
2026-05-01 07:54:25.923984,2026-05-01 07:54:25.923984,124.91253662109376
2026-05-01 07:54:26.117844,2026-05-01 07:54:26.117844,124.9842529296875
2026-05-01 07:54:26.317417,2026-05-01 07:54:26.317417,125.0452117919922
2026-05-01 07:54:26.519605,2026-05-01 07:54:26.519605,125.0970230102539
2026-05-01 07:54:26.719484,2026-05-01 07:54:26.719484,122.32855987548828
2026-05-01 07:54:26.919414,2026-05-01 07:54:26.919414,119.97537231445312
2026-05-01 07:54:27.121568,2026-05-01 07:54:27.121568,117.97515869140624
2026-05-01 07:54:27.318014,2026-05-01 07:54:27.318014,116.27497863769533
2026-05-01 07:54:27.517565,2026-05-01 07:54:27.517565,114.82982635498048
2026-05-01 07:54:27.722347,2026-05-01 07:54:27.722347,113.60144805908205
2026-05-01 07:54:27.918004,2026-05-01 07:54:27.918004,112.55731964111328
2026-05-01 07:54:28.118438,2026-05-01 07:54:28.118438,107.27528381347656
2026-05-01 07:54:28.318687,2026-05-01 07:54:28.318687,102.78555297851562
2026-05-01 07:54:28.518512,2026-05-01 07:54:28.518512,98.9692840576172
2026-05-01 07:54:28.718151,2026-05-01 07:54:28.718151,95.72545623779295
2026-05-01 07:54:28.917690,2026-05-01 07:54:28.917690,92.96820068359376
2026-05-01 07:54:29.124012,2026-05-01 07:54:29.124012,90.6245346069336
2026-05-01 07:54:29.319658,2026-05-01 07:54:29.319658,88.63241577148438
2026-05-01 07:54:29.520393,2026-05-01 07:54:29.520393,86.93911743164062
2026-05-01 07:54:29.720422,2026-05-01 07:54:29.720422,85.49980926513672
2026-05-01 07:54:29.917927,2026-05-01 07:54:29.917927,84.10061645507812
2026-05-01 07:54:30.120117,2026-05-01 07:54:30.120117,82.91130828857422
2026-05-01 07:54:30.319978,2026-05-01 07:54:30.319978,81.900390625
2026-05-01 07:54:30.520490,2026-05-01 07:54:30.520490,81.0411148071289
2026-05-01 07:54:30.719448,2026-05-01 07:54:30.719448,80.31072998046875
2026-05-01 07:54:30.921016,2026-05-01 07:54:30.921016,79.68990325927734
2026-05-01 07:54:31.121494,2026-05-01 07:54:31.121494,79.16220092773438
2026-05-01 07:54:31.318043,2026-05-01 07:54:31.318043,78.7136459350586
2026-05-01 07:54:31.519172,2026-05-01 07:54:31.519172,78.33238220214844
2026-05-01 07:54:31.719873,2026-05-01 07:54:31.719873,78.00830841064453
2026-05-01 07:54:31.918707,2026-05-01 07:54:31.918707,77.73284149169922
2026-05-01 07:54:32.118023,2026-05-01 07:54:32.118023,77.49869537353516
2026-05-01 07:54:32.321749,2026-05-01 07:54:32.321749,77.29967498779297
2026-05-01 07:54:32.518253,2026-05-01 07:54:32.518253,77.13050079345703
2026-05-01 07:54:32.717485,2026-05-01 07:54:32.717485,76.98670959472656
2026-05-01 07:54:32.920032,2026-05-01 07:54:32.920032,76.86448669433594
2026-05-01 07:54:33.122845,2026-05-01 07:54:33.122845,76.76058959960938
2026-05-01 07:54:33.320518,2026-05-01 07:54:33.320518,76.67228698730469
2026-05-01 07:54:33.517551,2026-05-01 07:54:33.517551,76.59722137451172
2026-05-01 07:54:33.718780,2026-05-01 07:54:33.718780,76.7092056274414
2026-05-01 07:54:33.918383,2026-05-01 07:54:33.918383,76.80438232421875
2026-05-01 07:54:34.119360,2026-05-01 07:54:34.119360,76.88529205322266
2026-05-01 07:54:34.318163,2026-05-01 07:54:34.318163,76.95405578613281
2026-05-01 07:54:34.522962,2026-05-01 07:54:34.522962,77.01251220703125
2026-05-01 07:54:34.717656,2026-05-01 07:54:34.717656,77.06219482421875
2026-05-01 07:54:34.918092,2026-05-01 07:54:34.918092,77.10443115234375
2026-05-01 07:54:35.117995,2026-05-01 07:54:35.117995,77.14032745361328
2026-05-01 07:54:35.318034,2026-05-01 07:54:35.318034,77.17084503173828
2026-05-01 07:54:35.517700,2026-05-01 07:54:35.517700,80.00927734375
2026-05-01 07:54:35.718057,2026-05-01 07:54:35.718057,82.42195129394531
2026-05-01 07:54:35.918617,2026-05-01 07:54:35.918617,84.47271728515625
2026-05-01 07:54:36.118415,2026-05-01 07:54:36.118415,86.21587371826172
2026-05-01 07:54:36.318146,2026-05-01 07:54:36.318146,87.87333679199219
2026-05-01 07:54:36.521521,2026-05-01 07:54:36.521521,89.28218078613281
2026-05-01 07:54:36.722134,2026-05-01 07:54:36.722134,90.47969818115234
2026-05-01 07:54:36.920966,2026-05-01 07:54:36.920966,91.49758911132812
2026-05-01 07:54:37.117906,2026-05-01 07:54:37.117906,92.36279296875
2026-05-01 07:54:37.317900,2026-05-01 07:54:37.317900,93.09821319580078
2026-05-01 07:54:37.517959,2026-05-01 07:54:37.517959,93.72332763671876
2026-05-01 07:54:37.718021,2026-05-01 07:54:37.718021,94.43045043945312
2026-05-01 07:54:37.917879,2026-05-01 07:54:37.917879,95.03150939941406
2026-05-01 07:54:38.117664,2026-05-01 07:54:38.117664,95.54241180419922
2026-05-01 07:54:38.317706,2026-05-01 07:54:38.317706,95.97666931152344
2026-05-01 07:54:38.517678,2026-05-01 07:54:38.517678,96.34579467773438
2026-05-01 07:54:38.717834,2026-05-01 07:54:38.717834,96.65955352783205
2026-05-01 07:54:38.917534,2026-05-01 07:54:38.917534,96.9262466430664
2026-05-01 07:54:52.019975,2026-05-01 07:54:52.019975,97.1529312133789
2026-05-01 07:54:52.219527,2026-05-01 07:54:52.219527,97.34561920166016
2026-05-01 07:54:52.417684,2026-05-01 07:54:52.417684,97.6851806640625
2026-05-01 07:54:52.621812,2026-05-01 07:54:52.621812,97.97380828857422
2026-05-01 07:54:52.818649,2026-05-01 07:54:52.818649,98.21914672851562
2026-05-01 07:54:53.018850,2026-05-01 07:54:53.018850,103.17377471923828
2026-05-01 07:54:53.217417,2026-05-01 07:54:53.217417,107.3852081298828
2026-05-01 07:54:53.418535,2026-05-01 07:54:53.418535,110.96492767333984
2026-05-01 07:54:53.617572,2026-05-01 07:54:53.617572,114.0076904296875
2026-05-01 07:54:53.820154,2026-05-01 07:54:53.820154,116.59403228759766
2026-05-01 07:54:54.017817,2026-05-01 07:54:54.017817,118.79242706298828
2026-05-01 07:54:54.221537,2026-05-01 07:54:54.221537,120.66106414794922
2026-05-01 07:54:54.418682,2026-05-01 07:54:54.418682,112.05409240722656
2026-05-01 07:54:54.618192,2026-05-01 07:54:54.618192,104.73816680908205
2026-05-01 07:54:54.820174,2026-05-01 07:54:54.820174,98.3438491821289
2026-05-01 07:54:55.017733,2026-05-01 07:54:55.017733,92.90867614746094
2026-05-01 07:54:55.217739,2026-05-01 07:54:55.217739,88.28878021240234
2026-05-01 07:54:55.418128,2026-05-01 07:54:55.418128,84.36186981201172
2026-05-01 07:54:55.621427,2026-05-01 07:54:55.621427,81.02399444580078
2026-05-01 07:54:55.817790,2026-05-01 07:54:55.817790,78.18680572509766
2026-05-01 07:54:56.017721,2026-05-01 07:54:56.017721,75.77519226074219
2026-05-01 07:54:56.217842,2026-05-01 07:54:56.217842,73.7253189086914
2026-05-01 07:54:56.418175,2026-05-01 07:54:56.418175,71.98292541503906
2026-05-01 07:54:56.625973,2026-05-01 07:54:56.625973,70.50189208984375
2026-05-01 07:54:56.819051,2026-05-01 07:54:56.819051,69.24301147460938
2026-05-01 07:54:57.017654,2026-05-01 07:54:57.017654,68.17296600341797
2026-05-01 07:54:57.218415,2026-05-01 07:54:57.218415,67.263427734375
2026-05-01 07:54:57.417582,2026-05-01 07:54:57.417582,66.66609954833984
2026-05-01 07:54:57.617713,2026-05-01 07:54:57.617713,65.98259735107422
2026-05-01 07:54:57.817723,2026-05-01 07:54:57.817723,65.401611328125
2026-05-01 07:54:58.018081,2026-05-01 07:54:58.018081,64.90777587890625
2026-05-01 07:54:58.217731,2026-05-01 07:54:58.217731,64.4880142211914
2026-05-01 07:54:58.417504,2026-05-01 07:54:58.417504,64.13121795654297
2026-05-01 07:54:58.618404,2026-05-01 07:54:58.618404,75.78106689453125
2026-05-01 07:54:58.821508,2026-05-01 07:54:58.821508,85.68344116210938
2026-05-01 07:54:59.018206,2026-05-01 07:54:59.018206,94.10045623779295
2026-05-01 07:54:59.217852,2026-05-01 07:54:59.217852,101.25492095947266
2026-05-01 07:54:59.417477,2026-05-01 07:54:59.417477,106.63308715820312
2026-05-01 07:54:59.617947,2026-05-01 07:54:59.617947,111.20452880859376
2026-05-01 07:54:59.818021,2026-05-01 07:54:59.818021,115.26603698730467
2026-05-01 07:55:00.018014,2026-05-01 07:55:00.018014,118.71832275390624
2026-05-01 07:55:00.218484,2026-05-01 07:55:00.218484,121.65275573730467
2026-05-01 07:55:00.419137,2026-05-01 07:55:00.419137,124.14703369140624
2026-05-01 07:55:00.620620,2026-05-01 07:55:00.620620,126.26716613769533
2026-05-01 07:55:00.818199,2026-05-01 07:55:00.818199,128.24505615234375
2026-05-01 07:55:01.018002,2026-05-01 07:55:01.018002,129.75048828125
2026-05-01 07:55:01.219531,2026-05-01 07:55:01.219531,131.0301055908203
2026-05-01 07:55:01.418062,2026-05-01 07:55:01.418062,132.11776733398438
2026-05-01 07:55:01.617373,2026-05-01 07:55:01.617373,133.04229736328125
2026-05-01 07:55:01.817467,2026-05-01 07:55:01.817467,134.00392150878906
2026-05-01 07:55:02.018077,2026-05-01 07:55:02.018077,134.82130432128906
2026-05-01 07:55:02.217497,2026-05-01 07:55:02.217497,135.5160675048828
2026-05-01 07:55:02.421444,2026-05-01 07:55:02.421444,136.10662841796875
2026-05-01 07:55:02.618024,2026-05-01 07:55:02.618024,136.60861206054688
2026-05-01 07:55:02.817469,2026-05-01 07:55:02.817469,137.0352783203125
2026-05-01 07:55:03.017884,2026-05-01 07:55:03.017884,137.39796447753906
2026-05-01 07:55:03.219065,2026-05-01 07:55:03.219065,137.70623779296875
2026-05-01 07:55:03.417901,2026-05-01 07:55:03.417901,137.96826171875
2026-05-01 07:55:03.617857,2026-05-01 07:55:03.617857,138.1909942626953
2026-05-01 07:55:03.817763,2026-05-01 07:55:03.817763,138.38031005859375
2026-05-01 07:55:04.017819,2026-05-01 07:55:04.017819,138.54124450683594
2026-05-01 07:55:04.217428,2026-05-01 07:55:04.217428,138.6780242919922
2026-05-01 07:55:04.417955,2026-05-01 07:55:04.417955,138.79428100585938
2026-05-01 07:55:04.617524,2026-05-01 07:55:04.617524,138.8931121826172
2026-05-01 07:55:04.818454,2026-05-01 07:55:04.818454,138.97711181640625
2026-05-01 07:55:05.019493,2026-05-01 07:55:05.019493,139.04852294921875
2026-05-01 07:55:05.219146,2026-05-01 07:55:05.219146,139.1092071533203
2026-05-01 07:55:05.418594,2026-05-01 07:55:05.418594,139.16079711914062
2026-05-01 07:55:05.617673,2026-05-01 07:55:05.617673,139.20465087890625
2026-05-01 07:55:05.819294,2026-05-01 07:55:05.819294,139.24191284179688
2026-05-01 07:55:06.017626,2026-05-01 07:55:06.017626,139.27359008789062
2026-05-01 07:55:06.217679,2026-05-01 07:55:06.217679,139.30052185058594
2026-05-01 07:55:06.418426,2026-05-01 07:55:06.418426,139.3234100341797
2026-05-01 07:55:06.618736,2026-05-01 07:55:06.618736,139.34288024902344
2026-05-01 07:55:06.817761,2026-05-01 07:55:06.817761,139.35940551757812
2026-05-01 07:55:07.018552,2026-05-01 07:55:07.018552,139.37347412109375
2026-05-01 07:55:07.219880,2026-05-01 07:55:07.219880,139.5612030029297
2026-05-01 07:55:07.418577,2026-05-01 07:55:07.418577,139.72076416015625
2026-05-01 07:55:07.617701,2026-05-01 07:55:07.617701,139.8563995361328
2026-05-01 07:55:07.820816,2026-05-01 07:55:07.820816,139.97169494628906
2026-05-01 07:55:08.017510,2026-05-01 07:55:08.017510,140.06968688964844
2026-05-01 07:55:08.217586,2026-05-01 07:55:08.217586,140.15298461914062
2026-05-01 07:55:08.420626,2026-05-01 07:55:08.420626,140.22378540039062
2026-05-01 07:55:08.617977,2026-05-01 07:55:08.617977,140.28396606445312
2026-05-01 07:55:08.818678,2026-05-01 07:55:08.818678,140.3351287841797
2026-05-01 07:55:09.018372,2026-05-01 07:55:09.018372,140.37860107421875
2026-05-01 07:55:09.219747,2026-05-01 07:55:09.219747,140.41555786132812
2026-05-01 07:55:09.419524,2026-05-01 07:55:09.419524,140.6227569580078
2026-05-01 07:55:09.618104,2026-05-01 07:55:09.618104,140.7988739013672
2026-05-01 07:55:09.817441,2026-05-01 07:55:09.817441,127.76498413085938
2026-05-01 07:55:10.018448,2026-05-01 07:55:10.018448,116.68617248535156
2026-05-01 07:55:10.220979,2026-05-01 07:55:10.220979,107.2691879272461
2026-05-01 07:55:10.417722,2026-05-01 07:55:10.417722,99.2647476196289
2026-05-01 07:55:10.617817,2026-05-01 07:55:10.617817,92.46096801757812
2026-05-01 07:55:10.818511,2026-05-01 07:55:10.818511,86.67776489257812
2026-05-01 07:55:11.019766,2026-05-01 07:55:11.019766,81.76203918457031
2026-05-01 07:55:11.218166,2026-05-01 07:55:11.218166,77.58367156982422
2026-05-01 07:55:11.417682,2026-05-01 07:55:11.417682,74.03205871582031
2026-05-01 07:55:11.618068,2026-05-01 07:55:11.618068,71.18896484375
2026-05-01 07:55:11.819442,2026-05-01 07:55:11.819442,68.7723388671875
2026-05-01 07:55:12.019818,2026-05-01 07:55:12.019818,66.71820831298828
2026-05-01 07:55:12.220618,2026-05-01 07:55:12.220618,64.97219848632812
2026-05-01 07:55:12.418103,2026-05-01 07:55:12.418103,73.50761413574219
2026-05-01 07:55:12.619574,2026-05-01 07:55:12.619574,80.76272583007812
2026-05-01 07:55:12.817688,2026-05-01 07:55:12.817688,86.9295654296875
2026-05-01 07:55:13.018778,2026-05-01 07:55:13.018778,92.17137908935548
2026-05-01 07:55:13.218613,2026-05-01 07:55:13.218613,96.80270385742188
2026-05-01 07:55:13.418168,2026-05-01 07:55:13.418168,100.73932647705078
2026-05-01 07:55:13.618277,2026-05-01 07:55:13.618277,104.08546447753906
2026-05-01 07:55:13.817384,2026-05-01 07:55:13.817384,106.92967224121094
2026-05-01 07:55:14.019012,2026-05-01 07:55:14.019012,109.34725189208984
2026-05-01 07:55:14.218445,2026-05-01 07:55:14.218445,111.4021987915039
2026-05-01 07:55:14.419114,2026-05-01 07:55:14.419114,113.14889526367188
2026-05-01 07:55:14.619061,2026-05-01 07:55:14.619061,114.63359832763672
2026-05-01 07:55:14.817516,2026-05-01 07:55:14.817516,115.89558410644533
2026-05-01 07:55:15.018298,2026-05-01 07:55:15.018298,116.96827697753906
2026-05-01 07:55:15.217747,2026-05-01 07:55:15.217747,117.88006591796876
2026-05-01 07:55:15.420987,2026-05-01 07:55:15.420987,118.65509033203124
2026-05-01 07:55:15.619970,2026-05-01 07:55:15.619970,119.31385803222656
2026-05-01 07:55:15.819985,2026-05-01 07:55:15.819985,119.87380981445312
2026-05-01 07:55:16.017944,2026-05-01 07:55:16.017944,120.17398834228516
2026-05-01 07:55:16.217352,2026-05-01 07:55:16.217352,120.42913818359376
2026-05-01 07:55:16.417640,2026-05-01 07:55:16.417640,120.6460189819336
2026-05-01 07:55:16.618770,2026-05-01 07:55:16.618770,120.8303680419922
2026-05-01 07:55:16.819622,2026-05-01 07:55:16.819622,120.987060546875
2026-05-01 07:55:17.019416,2026-05-01 07:55:17.019416,121.12025451660156
2026-05-01 07:55:17.217733,2026-05-01 07:55:17.217733,121.23346710205078
