log_time,publish_time,data
2026-05-01 07:35:12.889525,2026-05-01 07:35:12.889525,15.039084434509276
2026-05-01 07:35:13.088259,2026-05-01 07:35:13.088259,15.771502494812012
2026-05-01 07:35:13.288400,2026-05-01 07:35:13.288400,15.866714477539062
2026-05-01 07:35:13.488580,2026-05-01 07:35:13.488580,15.94764518737793
2026-05-01 07:35:13.687874,2026-05-01 07:35:13.687874,16.192216873168945
2026-05-01 07:35:13.888275,2026-05-01 07:35:13.888275,16.400102615356445
2026-05-01 07:35:14.088446,2026-05-01 07:35:14.088446,16.576807022094727
2026-05-01 07:35:14.287980,2026-05-01 07:35:14.287980,16.727005004882812
2026-05-01 07:35:14.488626,2026-05-01 07:35:14.488626,16.854673385620117
2026-05-01 07:35:14.687735,2026-05-01 07:35:14.687735,16.96319007873535
2026-05-01 07:35:14.888511,2026-05-01 07:35:14.888511,17.055431365966797
2026-05-01 07:35:15.088418,2026-05-01 07:35:15.088418,17.133834838867188
2026-05-01 07:35:15.513602,2026-05-01 07:35:15.513602,17.376258850097656
2026-05-01 07:35:15.513697,2026-05-01 07:35:15.513697,17.406539916992188
2026-05-01 07:35:15.688452,2026-05-01 07:35:15.688452,17.43227767944336
2026-05-01 07:35:15.888258,2026-05-01 07:35:15.888258,17.45415496826172
2026-05-01 07:35:16.088536,2026-05-01 07:35:16.088536,17.472749710083008
2026-05-01 07:35:16.289221,2026-05-01 07:35:16.289221,17.664337158203125
2026-05-01 07:35:16.489618,2026-05-01 07:35:16.489618,17.827186584472656
2026-05-01 07:35:16.688552,2026-05-01 07:35:16.688552,17.965608596801758
2026-05-01 07:35:16.887932,2026-05-01 07:35:16.887932,18.083267211914062
2026-05-01 07:35:17.088823,2026-05-01 07:35:17.088823,18.183277130126957
2026-05-01 07:35:17.288613,2026-05-01 07:35:17.288613,18.092504501342773
2026-05-01 07:35:17.489594,2026-05-01 07:35:17.489594,18.01534843444824
2026-05-01 07:35:17.687997,2026-05-01 07:35:17.687997,17.949764251708984
2026-05-01 07:35:17.887881,2026-05-01 07:35:17.887881,17.894018173217773
2026-05-01 07:35:18.090694,2026-05-01 07:35:18.090694,17.846633911132812
2026-05-01 07:35:18.288126,2026-05-01 07:35:18.288126,17.806358337402344
2026-05-01 07:35:18.488237,2026-05-01 07:35:18.488237,17.772123336791992
2026-05-01 07:35:18.688978,2026-05-01 07:35:18.688978,17.743022918701172
2026-05-01 07:35:18.889923,2026-05-01 07:35:18.889923,17.71828842163086
2026-05-01 07:35:19.089004,2026-05-01 07:35:19.089004,17.697263717651367
2026-05-01 07:35:19.288486,2026-05-01 07:35:19.288486,17.679393768310547
2026-05-01 07:35:19.488825,2026-05-01 07:35:19.488825,17.664203643798828
2026-05-01 07:35:19.689865,2026-05-01 07:35:19.689865,17.651290893554688
2026-05-01 07:35:19.888837,2026-05-01 07:35:19.888837,17.640316009521484
2026-05-01 07:35:20.090977,2026-05-01 07:35:20.090977,17.8067684173584
2026-05-01 07:35:20.289879,2026-05-01 07:35:20.289879,17.948253631591797
2026-05-01 07:35:20.491019,2026-05-01 07:35:20.491019,18.06851577758789
2026-05-01 07:35:20.689813,2026-05-01 07:35:20.689813,18.170738220214844
2026-05-01 07:35:20.890672,2026-05-01 07:35:20.890672,18.257627487182617
2026-05-01 07:35:21.089604,2026-05-01 07:35:21.089604,18.331483840942383
2026-05-01 07:35:21.291108,2026-05-01 07:35:21.291108,18.39426040649414
2026-05-01 07:35:21.489407,2026-05-01 07:35:21.489407,18.447622299194336
2026-05-01 07:35:21.692906,2026-05-01 07:35:21.692906,18.492979049682617
2026-05-01 07:35:21.888607,2026-05-01 07:35:21.888607,18.355751037597656
2026-05-01 07:35:22.088736,2026-05-01 07:35:22.088736,18.414888381958008
2026-05-01 07:35:22.289376,2026-05-01 07:35:22.289376,18.28937339782715
2026-05-01 07:35:22.490878,2026-05-01 07:35:22.490878,17.83112335205078
2026-05-01 07:35:22.688577,2026-05-01 07:35:22.688577,17.441612243652344
2026-05-01 07:35:22.890386,2026-05-01 07:35:22.890386,16.934743881225586
2026-05-01 07:35:23.088175,2026-05-01 07:35:23.088175,16.503908157348633
2026-05-01 07:35:23.289364,2026-05-01 07:35:23.289364,15.961915969848633
2026-05-01 07:35:23.489635,2026-05-01 07:35:23.489635,15.501221656799316
2026-05-01 07:35:23.691752,2026-05-01 07:35:23.691752,15.10963249206543
2026-05-01 07:35:23.887888,2026-05-01 07:35:23.887888,14.60099983215332
2026-05-01 07:35:24.089105,2026-05-01 07:35:24.089105,14.344443321228027
2026-05-01 07:35:24.287822,2026-05-01 07:35:24.287822,13.950590133666992
2026-05-01 07:35:24.488483,2026-05-01 07:35:24.488483,13.615814208984377
2026-05-01 07:35:24.687734,2026-05-01 07:35:24.687734,13.507035255432127
2026-05-01 07:35:24.889989,2026-05-01 07:35:24.889989,13.238792419433594
2026-05-01 07:35:25.089762,2026-05-01 07:35:25.089762,13.010786056518556
2026-05-01 07:35:25.289679,2026-05-01 07:35:25.289679,12.641199111938477
2026-05-01 07:35:25.488616,2026-05-01 07:35:25.488616,12.327051162719728
2026-05-01 07:35:25.688265,2026-05-01 07:35:25.688265,12.06002426147461
2026-05-01 07:35:25.888479,2026-05-01 07:35:25.888479,11.833051681518556
2026-05-01 07:35:26.088273,2026-05-01 07:35:26.088273,11.640125274658203
2026-05-01 07:35:26.288025,2026-05-01 07:35:26.288025,11.4761381149292
2026-05-01 07:35:26.489674,2026-05-01 07:35:26.489674,11.336748123168944
2026-05-01 07:35:26.689079,2026-05-01 07:35:26.689079,11.218267440795898
2026-05-01 07:35:26.887829,2026-05-01 07:35:26.887829,11.117558479309082
2026-05-01 07:35:27.088082,2026-05-01 07:35:27.088082,11.03195571899414
2026-05-01 07:35:27.289531,2026-05-01 07:35:27.289531,10.95919418334961
2026-05-01 07:35:27.492536,2026-05-01 07:35:27.492536,10.897346496582031
2026-05-01 07:35:27.689419,2026-05-01 07:35:27.689419,10.668993949890137
2026-05-01 07:35:27.887969,2026-05-01 07:35:27.887969,10.650676727294922
2026-05-01 07:35:28.088195,2026-05-01 07:35:28.088195,10.459324836730955
2026-05-01 07:35:28.289672,2026-05-01 07:35:28.289672,10.472456932067873
2026-05-01 07:35:28.488553,2026-05-01 07:35:28.488553,10.483619689941406
2026-05-01 07:35:28.688920,2026-05-01 07:35:28.688920,10.317326545715332
2026-05-01 07:35:28.887859,2026-05-01 07:35:28.887859,10.17597770690918
2026-05-01 07:35:29.088981,2026-05-01 07:35:29.088981,10.055830955505373
2026-05-01 07:35:29.287708,2026-05-01 07:35:29.287708,10.129487991333008
2026-05-01 07:35:29.487687,2026-05-01 07:35:29.487687,10.192095756530762
2026-05-01 07:35:29.688130,2026-05-01 07:35:29.688130,10.245312690734863
2026-05-01 07:35:29.888361,2026-05-01 07:35:29.888361,10.290547370910645
2026-05-01 07:35:42.992125,2026-05-01 07:35:42.992125,10.328996658325195
2026-05-01 07:35:43.191415,2026-05-01 07:35:43.191415,10.36167812347412
2026-05-01 07:35:43.389087,2026-05-01 07:35:43.389087,10.38945770263672
2026-05-01 07:35:43.589312,2026-05-01 07:35:43.589312,10.413070678710938
2026-05-01 07:35:43.789804,2026-05-01 07:35:43.789804,10.608922004699709
2026-05-01 07:35:43.989922,2026-05-01 07:35:43.989922,10.951177597045898
2026-05-01 07:35:44.193569,2026-05-01 07:35:44.193569,11.417876243591309
2026-05-01 07:35:44.391947,2026-05-01 07:35:44.391947,11.814569473266602
2026-05-01 07:35:44.588471,2026-05-01 07:35:44.588471,12.151759147644045
2026-05-01 07:35:44.787724,2026-05-01 07:35:44.787724,12.61415195465088
2026-05-01 07:35:44.989521,2026-05-01 07:35:44.989521,13.007184982299805
2026-05-01 07:35:45.187778,2026-05-01 07:35:45.187778,13.517045021057127
2026-05-01 07:35:45.387972,2026-05-01 07:35:45.387972,13.774643898010254
2026-05-01 07:35:45.588806,2026-05-01 07:35:45.588806,15.927197456359863
2026-05-01 07:35:45.788195,2026-05-01 07:35:45.788195,17.756868362426758
2026-05-01 07:35:45.987770,2026-05-01 07:35:45.987770,19.312088012695312
2026-05-01 07:35:46.187820,2026-05-01 07:35:46.187820,20.45824432373047
2026-05-01 07:35:46.388788,2026-05-01 07:35:46.388788,21.43247604370117
2026-05-01 07:35:46.588571,2026-05-01 07:35:46.588571,22.26057243347168
2026-05-01 07:35:46.789047,2026-05-01 07:35:46.789047,22.96445655822754
2026-05-01 07:35:46.988016,2026-05-01 07:35:46.988016,23.7385368347168
2026-05-01 07:35:47.187758,2026-05-01 07:35:47.187758,24.396507263183597
2026-05-01 07:35:47.389014,2026-05-01 07:35:47.389014,24.779998779296875
2026-05-01 07:35:47.588992,2026-05-01 07:35:47.588992,25.2817497253418
2026-05-01 07:35:47.787839,2026-05-01 07:35:47.787839,25.708236694335938
2026-05-01 07:35:47.988237,2026-05-01 07:35:47.988237,26.070751190185547
2026-05-01 07:35:48.187814,2026-05-01 07:35:48.187814,26.378889083862305
2026-05-01 07:35:48.388183,2026-05-01 07:35:48.388183,26.81658744812012
2026-05-01 07:35:48.588104,2026-05-01 07:35:48.588104,27.188629150390625
2026-05-01 07:35:48.788432,2026-05-01 07:35:48.788432,27.504867553710938
2026-05-01 07:35:48.988481,2026-05-01 07:35:48.988481,27.77366828918457
2026-05-01 07:35:49.188381,2026-05-01 07:35:49.188381,28.00214958190918
2026-05-01 07:35:49.388336,2026-05-01 07:35:49.388336,28.19635772705078
2026-05-01 07:35:49.587805,2026-05-01 07:35:49.587805,28.36143493652344
2026-05-01 07:35:49.787749,2026-05-01 07:35:49.787749,28.50175094604492
2026-05-01 07:35:49.988110,2026-05-01 07:35:49.988110,28.62101936340332
2026-05-01 07:35:50.187628,2026-05-01 07:35:50.187628,28.72239875793457
2026-05-01 07:35:50.388008,2026-05-01 07:35:50.388008,28.808568954467773
2026-05-01 07:35:50.588361,2026-05-01 07:35:50.588361,28.88181495666504
2026-05-01 07:35:50.788148,2026-05-01 07:35:50.788148,28.944074630737305
2026-05-01 07:35:50.988252,2026-05-01 07:35:50.988252,28.996994018554688
2026-05-01 07:35:51.187736,2026-05-01 07:35:51.187736,29.041976928710938
2026-05-01 07:35:51.388573,2026-05-01 07:35:51.388573,29.080211639404297
2026-05-01 07:35:51.587704,2026-05-01 07:35:51.587704,29.11271095275879
2026-05-01 07:35:51.787815,2026-05-01 07:35:51.787815,29.14033508300781
2026-05-01 07:35:51.987814,2026-05-01 07:35:51.987814,29.163816452026367
2026-05-01 07:35:52.189064,2026-05-01 07:35:52.189064,29.18377494812012
2026-05-01 07:35:52.388561,2026-05-01 07:35:52.388561,29.200740814208984
2026-05-01 07:35:52.588259,2026-05-01 07:35:52.588259,29.215160369873047
2026-05-01 07:35:52.787938,2026-05-01 07:35:52.787938,29.2274169921875
2026-05-01 07:35:52.987742,2026-05-01 07:35:52.987742,29.237836837768555
2026-05-01 07:35:53.187830,2026-05-01 07:35:53.187830,29.246692657470703
2026-05-01 07:35:53.388330,2026-05-01 07:35:53.388330,29.25421905517578
2026-05-01 07:35:53.587677,2026-05-01 07:35:53.587677,29.260618209838867
2026-05-01 07:35:53.789708,2026-05-01 07:35:53.789708,29.266056060791016
2026-05-01 07:35:53.989579,2026-05-01 07:35:53.989579,25.930835723876957
2026-05-01 07:35:54.188575,2026-05-01 07:35:54.188575,26.435741424560547
2026-05-01 07:35:54.387814,2026-05-01 07:35:54.387814,26.86491203308105
2026-05-01 07:35:54.588291,2026-05-01 07:35:54.588291,27.229705810546875
2026-05-01 07:35:54.788237,2026-05-01 07:35:54.788237,27.53978157043457
2026-05-01 07:35:54.987749,2026-05-01 07:35:54.987749,24.4635009765625
2026-05-01 07:35:55.187882,2026-05-01 07:35:55.187882,21.848663330078125
2026-05-01 07:35:55.387789,2026-05-01 07:35:55.387789,19.62605094909668
2026-05-01 07:35:55.587659,2026-05-01 07:35:55.587659,17.736831665039062
2026-05-01 07:35:55.788792,2026-05-01 07:35:55.788792,16.13099479675293
2026-05-01 07:35:55.987749,2026-05-01 07:35:55.987749,14.766032218933104
2026-05-01 07:35:56.187842,2026-05-01 07:35:56.187842,13.605814933776855
2026-05-01 07:35:56.388284,2026-05-01 07:35:56.388284,12.795412063598633
2026-05-01 07:35:56.588879,2026-05-01 07:35:56.588879,12.106568336486816
2026-05-01 07:35:56.791151,2026-05-01 07:35:56.791151,11.521052360534668
2026-05-01 07:35:56.988377,2026-05-01 07:35:56.988377,11.02336311340332
2026-05-01 07:35:57.191299,2026-05-01 07:35:57.191299,10.600327491760254
2026-05-01 07:35:57.388917,2026-05-01 07:35:57.388917,10.240747451782228
2026-05-01 07:35:57.590156,2026-05-01 07:35:57.590156,10.110884666442873
2026-05-01 07:35:57.789063,2026-05-01 07:35:57.789063,9.824721336364746
2026-05-01 07:35:57.987878,2026-05-01 07:35:57.987878,9.75726318359375
2026-05-01 07:35:58.187987,2026-05-01 07:35:58.187987,9.699923515319824
2026-05-01 07:35:58.389127,2026-05-01 07:35:58.389127,9.651185035705566
2026-05-01 07:35:58.588251,2026-05-01 07:35:58.588251,9.43397617340088
2026-05-01 07:35:58.789426,2026-05-01 07:35:58.789426,9.425129890441896
2026-05-01 07:35:58.989026,2026-05-01 07:35:58.989026,9.417610168457031
2026-05-01 07:35:59.188776,2026-05-01 07:35:59.188776,9.411218643188477
2026-05-01 07:35:59.388590,2026-05-01 07:35:59.388590,9.40578556060791
2026-05-01 07:35:59.587990,2026-05-01 07:35:59.587990,9.576949119567873
2026-05-01 07:35:59.788231,2026-05-01 07:35:59.788231,9.722437858581545
2026-05-01 07:35:59.987947,2026-05-01 07:35:59.987947,10.02188491821289
2026-05-01 07:36:00.187712,2026-05-01 07:36:00.187712,10.27641487121582
2026-05-01 07:36:00.390572,2026-05-01 07:36:00.390572,10.668545722961426
2026-05-01 07:36:00.588162,2026-05-01 07:36:00.588162,11.00185775756836
2026-05-01 07:36:00.790278,2026-05-01 07:36:00.790278,11.109392166137695
2026-05-01 07:36:00.991390,2026-05-01 07:36:00.991390,11.20079517364502
2026-05-01 07:36:01.191549,2026-05-01 07:36:01.191549,11.278489112854004
2026-05-01 07:36:01.389298,2026-05-01 07:36:01.389298,11.344528198242188
2026-05-01 07:36:01.591780,2026-05-01 07:36:01.591780,11.40066146850586
2026-05-01 07:36:01.790565,2026-05-01 07:36:01.790565,11.44837474822998
2026-05-01 07:36:01.989086,2026-05-01 07:36:01.989086,11.664711952209473
2026-05-01 07:36:02.188338,2026-05-01 07:36:02.188338,11.672818183898926
2026-05-01 07:36:02.389031,2026-05-01 07:36:02.389031,11.679707527160645
2026-05-01 07:36:02.588238,2026-05-01 07:36:02.588238,11.685564041137695
2026-05-01 07:36:02.790652,2026-05-01 07:36:02.790652,11.690542221069336
2026-05-01 07:36:02.988854,2026-05-01 07:36:02.988854,11.694772720336914
2026-05-01 07:36:03.187899,2026-05-01 07:36:03.187899,11.698369979858398
2026-05-01 07:36:03.389655,2026-05-01 07:36:03.389655,11.70142650604248
2026-05-01 07:36:03.590270,2026-05-01 07:36:03.590270,11.704025268554688
2026-05-01 07:36:03.787708,2026-05-01 07:36:03.787708,11.706233978271484
2026-05-01 07:36:03.987924,2026-05-01 07:36:03.987924,11.708111763000488
2026-05-01 07:36:04.190165,2026-05-01 07:36:04.190165,11.709707260131836
2026-05-01 07:36:04.388352,2026-05-01 07:36:04.388352,11.535282135009766
2026-05-01 07:36:04.588914,2026-05-01 07:36:04.588914,11.3870210647583
2026-05-01 07:36:04.789874,2026-05-01 07:36:04.789874,11.43678092956543
2026-05-01 07:36:04.989374,2026-05-01 07:36:04.989374,11.479076385498049
2026-05-01 07:36:05.189913,2026-05-01 07:36:05.189913,11.515027046203612
2026-05-01 07:36:05.388682,2026-05-01 07:36:05.388682,11.36980438232422
2026-05-01 07:36:05.588686,2026-05-01 07:36:05.588686,11.42214584350586
2026-05-01 07:36:05.787748,2026-05-01 07:36:05.787748,11.466636657714844
2026-05-01 07:36:05.988966,2026-05-01 07:36:05.988966,11.504453659057615
2026-05-01 07:36:06.189960,2026-05-01 07:36:06.189960,11.536598205566406
2026-05-01 07:36:06.388099,2026-05-01 07:36:06.388099,11.563920974731444
2026-05-01 07:36:06.588257,2026-05-01 07:36:06.588257,11.76292610168457
2026-05-01 07:36:06.788515,2026-05-01 07:36:06.788515,11.75629997253418
2026-05-01 07:36:06.989568,2026-05-01 07:36:06.989568,11.750667572021484
2026-05-01 07:36:07.188062,2026-05-01 07:36:07.188062,11.921661376953123
2026-05-01 07:36:07.390489,2026-05-01 07:36:07.390489,11.89122486114502
2026-05-01 07:36:07.587975,2026-05-01 07:36:07.587975,12.04113483428955
2026-05-01 07:36:07.788863,2026-05-01 07:36:07.788863,12.16855812072754
2026-05-01 07:36:07.988392,2026-05-01 07:36:07.988392,14.737805366516112
2026-05-01 07:36:08.190509,2026-05-01 07:36:08.190509,14.460728645324709
2026-05-01 07:36:21.287884,2026-05-01 07:36:21.287884,16.68614959716797
2026-05-01 07:36:21.488467,2026-05-01 07:36:21.488467,18.5777587890625
2026-05-01 07:36:21.687851,2026-05-01 07:36:21.687851,20.185626983642575
2026-05-01 07:36:21.889407,2026-05-01 07:36:21.889407,21.55231475830078
2026-05-01 07:36:22.089159,2026-05-01 07:36:22.089159,22.713998794555664
2026-05-01 07:36:22.291965,2026-05-01 07:36:22.291965,23.70142936706543
2026-05-01 07:36:22.490219,2026-05-01 07:36:22.490219,24.540746688842773
2026-05-01 07:36:22.689573,2026-05-01 07:36:22.689573,25.254165649414062
2026-05-01 07:36:22.889091,2026-05-01 07:36:22.889091,25.860572814941406
2026-05-01 07:36:23.091855,2026-05-01 07:36:23.091855,26.37601661682129
2026-05-01 07:36:23.288548,2026-05-01 07:36:23.288548,26.81414604187012
2026-05-01 07:36:23.494461,2026-05-01 07:36:23.494461,27.18655586242676
2026-05-01 07:36:23.689698,2026-05-01 07:36:23.689698,27.503103256225582
2026-05-01 07:36:23.887969,2026-05-01 07:36:23.887969,27.77216911315918
2026-05-01 07:36:24.088553,2026-05-01 07:36:24.088553,28.00087547302246
2026-05-01 07:36:24.289649,2026-05-01 07:36:24.289649,28.195274353027344
2026-05-01 07:36:24.490388,2026-05-01 07:36:24.490388,28.360515594482425
2026-05-01 07:36:24.690518,2026-05-01 07:36:24.690518,28.50096893310547
2026-05-01 07:36:24.887819,2026-05-01 07:36:24.887819,28.6203556060791
2026-05-01 07:36:25.087828,2026-05-01 07:36:25.087828,28.721832275390625
2026-05-01 07:36:25.290834,2026-05-01 07:36:25.290834,28.808088302612305
2026-05-01 07:36:25.488075,2026-05-01 07:36:25.488075,28.881406784057617
2026-05-01 07:36:25.690293,2026-05-01 07:36:25.690293,28.943727493286133
2026-05-01 07:36:25.887901,2026-05-01 07:36:25.887901,28.996700286865234
2026-05-01 07:36:26.098989,2026-05-01 07:36:26.098989,29.041725158691406
2026-05-01 07:36:26.288311,2026-05-01 07:36:26.288311,29.079998016357425
2026-05-01 07:36:26.491538,2026-05-01 07:36:26.491538,29.112529754638672
2026-05-01 07:36:26.688275,2026-05-01 07:36:26.688275,29.140180587768555
2026-05-01 07:36:26.888247,2026-05-01 07:36:26.888247,29.163684844970703
2026-05-01 07:36:27.087692,2026-05-01 07:36:27.087692,29.18366432189941
2026-05-01 07:36:27.288678,2026-05-01 07:36:27.288678,29.200645446777344
2026-05-01 07:36:27.489095,2026-05-01 07:36:27.489095,29.21508026123047
2026-05-01 07:36:27.689576,2026-05-01 07:36:27.689576,29.22734832763672
2026-05-01 07:36:27.888304,2026-05-01 07:36:27.888304,29.237777709960938
2026-05-01 07:36:28.089058,2026-05-01 07:36:28.089058,29.24664306640625
2026-05-01 07:36:28.287926,2026-05-01 07:36:28.287926,26.96902084350586
2026-05-01 07:36:28.488578,2026-05-01 07:36:28.488578,25.208824157714844
2026-05-01 07:36:28.689265,2026-05-01 07:36:28.689265,23.536874771118164
2026-05-01 07:36:28.887861,2026-05-01 07:36:28.887861,22.11571884155273
2026-05-01 07:36:29.087787,2026-05-01 07:36:29.087787,21.08351707458496
2026-05-01 07:36:29.287679,2026-05-01 07:36:29.287679,20.03036499023437
2026-05-01 07:36:29.489588,2026-05-01 07:36:29.489588,19.13518524169922
2026-05-01 07:36:29.690292,2026-05-01 07:36:29.690292,18.374282836914062
2026-05-01 07:36:29.895494,2026-05-01 07:36:29.895494,17.727514266967773
2026-05-01 07:36:30.089657,2026-05-01 07:36:30.089657,17.177762985229492
2026-05-01 07:36:30.288386,2026-05-01 07:36:30.288386,16.710474014282227
2026-05-01 07:36:30.489394,2026-05-01 07:36:30.489394,16.313278198242188
2026-05-01 07:36:30.688358,2026-05-01 07:36:30.688358,15.44831657409668
2026-05-01 07:36:30.889472,2026-05-01 07:36:30.889472,15.41622543334961
2026-05-01 07:36:31.089069,2026-05-01 07:36:31.089069,14.334260940551758
2026-05-01 07:36:31.288319,2026-05-01 07:36:31.288319,13.414589881896973
2026-05-01 07:36:31.487778,2026-05-01 07:36:31.487778,12.6328706741333
2026-05-01 07:36:31.698931,2026-05-01 07:36:31.698931,13.550439834594728
2026-05-01 07:36:31.887781,2026-05-01 07:36:31.887781,12.748342514038086
2026-05-01 07:36:32.098269,2026-05-01 07:36:32.098269,12.06655979156494
2026-05-01 07:36:32.298080,2026-05-01 07:36:32.298080,11.31126308441162
2026-05-01 07:36:32.500196,2026-05-01 07:36:32.500196,12.602855682373049
2026-05-01 07:36:32.692077,2026-05-01 07:36:32.692077,11.767114639282228
2026-05-01 07:36:32.888814,2026-05-01 07:36:32.888814,11.056735038757324
2026-05-01 07:36:33.088284,2026-05-01 07:36:33.088284,10.45291233062744
2026-05-01 07:36:33.287989,2026-05-01 07:36:33.287989,11.87325668334961
2026-05-01 07:36:33.498362,2026-05-01 07:36:33.498362,13.080549240112305
2026-05-01 07:36:33.687872,2026-05-01 07:36:33.687872,14.106748580932615
2026-05-01 07:36:33.889524,2026-05-01 07:36:33.889524,14.97901725769043
2026-05-01 07:36:34.088582,2026-05-01 07:36:34.088582,15.72044563293457
2026-05-01 07:36:34.288644,2026-05-01 07:36:34.288644,16.17487907409668
2026-05-01 07:36:34.488271,2026-05-01 07:36:34.488271,16.561147689819336
2026-05-01 07:36:34.687785,2026-05-01 07:36:34.687785,16.889474868774414
2026-05-01 07:36:34.900491,2026-05-01 07:36:34.900491,17.168554306030273
2026-05-01 07:36:35.100863,2026-05-01 07:36:35.100863,17.405771255493164
2026-05-01 07:36:35.299286,2026-05-01 07:36:35.299286,16.025373458862305
2026-05-01 07:36:35.487968,2026-05-01 07:36:35.487968,14.676255226135254
2026-05-01 07:36:35.698099,2026-05-01 07:36:35.698099,15.287317276000977
2026-05-01 07:36:35.898971,2026-05-01 07:36:35.898971,15.806719779968262
2026-05-01 07:36:36.102144,2026-05-01 07:36:36.102144,16.248210906982422
2026-05-01 07:36:36.291004,2026-05-01 07:36:36.291004,16.62347984313965
2026-05-01 07:36:36.488459,2026-05-01 07:36:36.488459,16.94245719909668
2026-05-01 07:36:36.689925,2026-05-01 07:36:36.689925,17.21358871459961
2026-05-01 07:36:36.890058,2026-05-01 07:36:36.890058,17.619831085205078
2026-05-01 07:36:37.098711,2026-05-01 07:36:37.098711,17.789358139038086
2026-05-01 07:36:37.289291,2026-05-01 07:36:37.289291,17.933454513549805
2026-05-01 07:36:37.487762,2026-05-01 07:36:37.487762,18.23171615600586
2026-05-01 07:36:37.688503,2026-05-01 07:36:37.688503,18.485240936279297
2026-05-01 07:36:37.887760,2026-05-01 07:36:37.887760,18.70073509216309
2026-05-01 07:36:38.089437,2026-05-01 07:36:38.089437,19.059688568115234
2026-05-01 07:36:38.299984,2026-05-01 07:36:38.299984,19.36479759216309
2026-05-01 07:36:38.497817,2026-05-01 07:36:38.497817,19.6241397857666
2026-05-01 07:36:38.697828,2026-05-01 07:36:38.697828,19.844581604003903
2026-05-01 07:36:38.899904,2026-05-01 07:36:38.899904,20.031957626342773
2026-05-01 07:36:39.100369,2026-05-01 07:36:39.100369,20.191225051879883
2026-05-01 07:36:39.289463,2026-05-01 07:36:39.289463,20.32660484313965
2026-05-01 07:36:39.490446,2026-05-01 07:36:39.490446,20.44167709350586
2026-05-01 07:36:39.687890,2026-05-01 07:36:39.687890,20.53948783874512
2026-05-01 07:36:39.889817,2026-05-01 07:36:39.889817,20.44684600830078
2026-05-01 07:36:40.089710,2026-05-01 07:36:40.089710,20.368099212646484
2026-05-01 07:36:40.288658,2026-05-01 07:36:40.288658,20.301166534423828
2026-05-01 07:36:40.487793,2026-05-01 07:36:40.487793,20.068490982055664
2026-05-01 07:36:40.688308,2026-05-01 07:36:40.688308,20.046499252319336
2026-05-01 07:36:40.890388,2026-05-01 07:36:40.890388,20.02780532836914
2026-05-01 07:36:41.099216,2026-05-01 07:36:41.099216,20.01191520690918
2026-05-01 07:36:41.291583,2026-05-01 07:36:41.291583,19.822628021240234
2026-05-01 07:36:41.487821,2026-05-01 07:36:41.487821,19.837514877319336
2026-05-01 07:36:41.697971,2026-05-01 07:36:41.697971,19.850170135498047
2026-05-01 07:36:41.891007,2026-05-01 07:36:41.891007,19.86092567443848
2026-05-01 07:36:42.089671,2026-05-01 07:36:42.089671,19.870067596435547
2026-05-01 07:36:42.290761,2026-05-01 07:36:42.290761,19.877838134765625
2026-05-01 07:36:42.488097,2026-05-01 07:36:42.488097,19.88444328308105
2026-05-01 07:36:42.688270,2026-05-01 07:36:42.688270,19.89005851745605
2026-05-01 07:36:42.889180,2026-05-01 07:36:42.889180,19.89483070373535
2026-05-01 07:36:43.098920,2026-05-01 07:36:43.098920,19.898887634277344
2026-05-01 07:36:43.298548,2026-05-01 07:36:43.298548,19.72655487060547
2026-05-01 07:36:43.497787,2026-05-01 07:36:43.497787,19.58007049560547
2026-05-01 07:36:43.690333,2026-05-01 07:36:43.690333,19.6313419342041
2026-05-01 07:36:43.889687,2026-05-01 07:36:43.889687,19.6749210357666
2026-05-01 07:36:44.088350,2026-05-01 07:36:44.088350,19.71196556091309
2026-05-01 07:36:44.288068,2026-05-01 07:36:44.288068,19.743452072143555
2026-05-01 07:36:44.489259,2026-05-01 07:36:44.489259,19.770214080810547
2026-05-01 07:36:44.697834,2026-05-01 07:36:44.697834,19.7929630279541
2026-05-01 07:36:44.888592,2026-05-01 07:36:44.888592,19.812299728393555
2026-05-01 07:36:45.088121,2026-05-01 07:36:45.088121,19.828737258911133
2026-05-01 07:36:45.289494,2026-05-01 07:36:45.289494,19.84270668029785
2026-05-01 07:36:45.499371,2026-05-01 07:36:45.499371,20.030363082885746
2026-05-01 07:36:45.687952,2026-05-01 07:36:45.687952,20.18987274169922
2026-05-01 07:36:45.888791,2026-05-01 07:36:45.888791,20.50123405456543
2026-05-01 07:36:46.088418,2026-05-01 07:36:46.088418,20.765893936157227
2026-05-01 07:36:46.289688,2026-05-01 07:36:46.289688,20.99085235595703
2026-05-01 07:36:46.500835,2026-05-01 07:36:46.500835,21.182069778442383
2026-05-01 07:36:59.599430,2026-05-01 07:36:59.599430,21.520383834838867
2026-05-01 07:36:59.798166,2026-05-01 07:36:59.798166,21.632169723510746
2026-05-01 07:37:00.004999,2026-05-01 07:37:00.004999,21.90296936035156
2026-05-01 07:37:00.187802,2026-05-01 07:37:00.187802,22.13314819335937
2026-05-01 07:37:00.388605,2026-05-01 07:37:00.388605,22.32880210876465
2026-05-01 07:37:00.598384,2026-05-01 07:37:00.598384,22.670886993408203
2026-05-01 07:37:00.797901,2026-05-01 07:37:00.797901,22.96166038513184
2026-05-01 07:37:00.997852,2026-05-01 07:37:00.997852,23.208818435668945
2026-05-01 07:37:01.198831,2026-05-01 07:37:01.198831,21.133745193481445
2026-05-01 07:37:01.398111,2026-05-01 07:37:01.398111,19.36993408203125
2026-05-01 07:37:01.589948,2026-05-01 07:37:01.589948,18.04647445678711
2026-05-01 07:37:01.797947,2026-05-01 07:37:01.797947,16.74575424194336
2026-05-01 07:37:01.997916,2026-05-01 07:37:01.997916,15.815921783447266
2026-05-01 07:37:02.197912,2026-05-01 07:37:02.197912,14.849782943725586
2026-05-01 07:37:02.399352,2026-05-01 07:37:02.399352,14.204347610473633
2026-05-01 07:37:02.598375,2026-05-01 07:37:02.598375,13.655726432800291
2026-05-01 07:37:02.788735,2026-05-01 07:37:02.788735,13.189398765563965
2026-05-01 07:37:02.998138,2026-05-01 07:37:02.998138,12.793020248413086
2026-05-01 07:37:03.198399,2026-05-01 07:37:03.198399,12.456098556518556
2026-05-01 07:37:03.400412,2026-05-01 07:37:03.400412,12.16971492767334
2026-05-01 07:37:03.598344,2026-05-01 07:37:03.598344,11.926288604736328
2026-05-01 07:37:03.797970,2026-05-01 07:37:03.797970,11.71937656402588
2026-05-01 07:37:03.998953,2026-05-01 07:37:03.998953,11.543501853942873
2026-05-01 07:37:04.198196,2026-05-01 07:37:04.198196,11.394007682800291
2026-05-01 07:37:04.397741,2026-05-01 07:37:04.397741,11.266937255859377
2026-05-01 07:37:04.598334,2026-05-01 07:37:04.598334,11.158927917480469
2026-05-01 07:37:04.798553,2026-05-01 07:37:04.798553,11.067120552062988
2026-05-01 07:37:04.998183,2026-05-01 07:37:04.998183,10.989083290100098
2026-05-01 07:37:05.198850,2026-05-01 07:37:05.198850,10.922752380371094
2026-05-01 07:37:05.397895,2026-05-01 07:37:05.397895,10.86637020111084
2026-05-01 07:37:05.597934,2026-05-01 07:37:05.597934,10.818446159362791
2026-05-01 07:37:05.797814,2026-05-01 07:37:05.797814,10.777710914611816
2026-05-01 07:37:05.997768,2026-05-01 07:37:05.997768,10.567303657531738
2026-05-01 07:37:06.197760,2026-05-01 07:37:06.197760,12.673614501953123
2026-05-01 07:37:06.398954,2026-05-01 07:37:06.398954,14.46397876739502
2026-05-01 07:37:06.599195,2026-05-01 07:37:06.599195,15.985788345336914
2026-05-01 07:37:06.797973,2026-05-01 07:37:06.797973,17.279325485229492
2026-05-01 07:37:06.997817,2026-05-01 07:37:06.997817,18.378833770751957
2026-05-01 07:37:07.198798,2026-05-01 07:37:07.198798,19.31341552734375
2026-05-01 07:37:07.398166,2026-05-01 07:37:07.398166,20.10780906677246
2026-05-01 07:37:07.601236,2026-05-01 07:37:07.601236,20.783042907714844
2026-05-01 07:37:07.798054,2026-05-01 07:37:07.798054,21.356992721557617
2026-05-01 07:37:07.999932,2026-05-01 07:37:07.999932,21.844850540161133
2026-05-01 07:37:08.189146,2026-05-01 07:37:08.189146,22.25952911376953
2026-05-01 07:37:08.387840,2026-05-01 07:37:08.387840,22.61200523376465
2026-05-01 07:37:08.588932,2026-05-01 07:37:08.588932,22.73583030700684
2026-05-01 07:37:08.798142,2026-05-01 07:37:08.798142,23.01686286926269
2026-05-01 07:37:08.998166,2026-05-01 07:37:08.998166,23.255739212036133
2026-05-01 07:37:09.188752,2026-05-01 07:37:09.188752,23.458784103393555
2026-05-01 07:37:09.398433,2026-05-01 07:37:09.398433,23.455591201782227
2026-05-01 07:37:09.598456,2026-05-01 07:37:09.598456,23.45287704467773
2026-05-01 07:37:09.798354,2026-05-01 07:37:09.798354,23.626352310180664
2026-05-01 07:37:09.997724,2026-05-01 07:37:09.997724,23.598024368286133
2026-05-01 07:37:10.198473,2026-05-01 07:37:10.198473,23.573945999145508
2026-05-01 07:37:10.397725,2026-05-01 07:37:10.397725,23.5534782409668
2026-05-01 07:37:10.597902,2026-05-01 07:37:10.597902,23.536081314086918
2026-05-01 07:37:10.801488,2026-05-01 07:37:10.801488,23.52129554748535
2026-05-01 07:37:10.998260,2026-05-01 07:37:10.998260,23.50872611999512
2026-05-01 07:37:11.201030,2026-05-01 07:37:11.201030,23.4980411529541
2026-05-01 07:37:11.400780,2026-05-01 07:37:11.400780,23.48896026611328
2026-05-01 07:37:11.599473,2026-05-01 07:37:11.599473,23.48124122619629
2026-05-01 07:37:11.798754,2026-05-01 07:37:11.798754,23.47467994689941
2026-05-01 07:37:11.998027,2026-05-01 07:37:11.998027,23.46910285949707
2026-05-01 07:37:12.200253,2026-05-01 07:37:12.200253,23.46436309814453
2026-05-01 07:37:12.398904,2026-05-01 07:37:12.398904,23.4603328704834
2026-05-01 07:37:12.598583,2026-05-01 07:37:12.598583,23.4569091796875
2026-05-01 07:37:12.790516,2026-05-01 07:37:12.790516,23.453996658325195
2026-05-01 07:37:12.998607,2026-05-01 07:37:12.998607,23.45152282714844
2026-05-01 07:37:13.198897,2026-05-01 07:37:13.198897,23.449419021606445
2026-05-01 07:37:13.398692,2026-05-01 07:37:13.398692,23.4476318359375
2026-05-01 07:37:13.599233,2026-05-01 07:37:13.599233,23.44611167907715
2026-05-01 07:37:13.799550,2026-05-01 07:37:13.799550,23.44482040405273
2026-05-01 07:37:13.998097,2026-05-01 07:37:13.998097,23.443721771240234
2026-05-01 07:37:14.198582,2026-05-01 07:37:14.198582,23.44278907775879
2026-05-01 07:37:14.400068,2026-05-01 07:37:14.400068,23.44199562072754
2026-05-01 07:37:14.602561,2026-05-01 07:37:14.602561,23.441320419311523
2026-05-01 07:37:14.798452,2026-05-01 07:37:14.798452,23.26496696472168
2026-05-01 07:37:14.998617,2026-05-01 07:37:14.998617,23.11506462097168
2026-05-01 07:37:15.198968,2026-05-01 07:37:15.198968,22.98764991760254
2026-05-01 07:37:15.399487,2026-05-01 07:37:15.399487,22.879344940185547
2026-05-01 07:37:15.600432,2026-05-01 07:37:15.600432,22.78728675842285
2026-05-01 07:37:15.799020,2026-05-01 07:37:15.799020,22.53325653076172
2026-05-01 07:37:16.000010,2026-05-01 07:37:16.000010,22.317331314086918
2026-05-01 07:37:16.202426,2026-05-01 07:37:16.202426,22.133792877197266
2026-05-01 07:37:16.399753,2026-05-01 07:37:16.399753,21.977787017822266
2026-05-01 07:37:16.601193,2026-05-01 07:37:16.601193,21.84518241882324
2026-05-01 07:37:16.800760,2026-05-01 07:37:16.800760,21.732467651367188
2026-05-01 07:37:16.999862,2026-05-01 07:37:16.999862,21.636659622192383
2026-05-01 07:37:17.199612,2026-05-01 07:37:17.199612,21.37944221496582
2026-05-01 07:37:17.399627,2026-05-01 07:37:17.399627,21.16080665588379
2026-05-01 07:37:17.598675,2026-05-01 07:37:17.598675,20.974966049194336
2026-05-01 07:37:17.797772,2026-05-01 07:37:17.797772,20.81700325012207
2026-05-01 07:37:18.001313,2026-05-01 07:37:18.001313,20.6827335357666
2026-05-01 07:37:18.197782,2026-05-01 07:37:18.197782,20.568605422973636
2026-05-01 07:37:18.399827,2026-05-01 07:37:18.399827,20.47159576416016
2026-05-01 07:37:18.599617,2026-05-01 07:37:18.599617,20.389137268066406
2026-05-01 07:37:18.797748,2026-05-01 07:37:18.797748,20.319047927856445
2026-05-01 07:37:18.998224,2026-05-01 07:37:18.998224,20.259471893310547
2026-05-01 07:37:19.198094,2026-05-01 07:37:19.198094,20.20883178710937
2026-05-01 07:37:19.399187,2026-05-01 07:37:19.399187,20.16578865051269
2026-05-01 07:37:19.598432,2026-05-01 07:37:19.598432,20.12920188903809
2026-05-01 07:37:19.799410,2026-05-01 07:37:19.799410,20.09810256958008
2026-05-01 07:37:19.999446,2026-05-01 07:37:19.999446,20.07166862487793
2026-05-01 07:37:20.198640,2026-05-01 07:37:20.198640,20.0492000579834
2026-05-01 07:37:20.398106,2026-05-01 07:37:20.398106,20.030101776123047
2026-05-01 07:37:20.597724,2026-05-01 07:37:20.597724,20.013866424560547
2026-05-01 07:37:20.798472,2026-05-01 07:37:20.798472,20.00006866455078
2026-05-01 07:37:21.001029,2026-05-01 07:37:21.001029,19.988338470458984
2026-05-01 07:37:21.190203,2026-05-01 07:37:21.190203,19.978368759155277
2026-05-01 07:37:21.397681,2026-05-01 07:37:21.397681,19.96989631652832
2026-05-01 07:37:21.597686,2026-05-01 07:37:21.597686,19.962692260742188
2026-05-01 07:37:21.798910,2026-05-01 07:37:21.798910,19.95656967163086
2026-05-01 07:37:21.997846,2026-05-01 07:37:21.997846,19.775585174560547
2026-05-01 07:37:22.200464,2026-05-01 07:37:22.200464,19.621746063232425
2026-05-01 07:37:22.397637,2026-05-01 07:37:22.397637,19.49098396301269
2026-05-01 07:37:22.598581,2026-05-01 07:37:22.598581,19.37983703613281
2026-05-01 07:37:22.797629,2026-05-01 07:37:22.797629,19.285362243652344
2026-05-01 07:37:22.998195,2026-05-01 07:37:22.998195,19.02927589416504
2026-05-01 07:37:23.204777,2026-05-01 07:37:23.204777,18.811603546142575
2026-05-01 07:37:23.397649,2026-05-01 07:37:23.397649,18.6265811920166
2026-05-01 07:37:23.598632,2026-05-01 07:37:23.598632,18.64509391784668
2026-05-01 07:37:23.798311,2026-05-01 07:37:23.798311,18.485048294067383
2026-05-01 07:37:23.997953,2026-05-01 07:37:23.997953,18.349010467529297
2026-05-01 07:37:24.198490,2026-05-01 07:37:24.198490,18.23337745666504
2026-05-01 07:37:24.391493,2026-05-01 07:37:24.391493,17.959308624267578
2026-05-01 07:37:24.597871,2026-05-01 07:37:24.597871,17.726348876953125
2026-05-01 07:37:24.790261,2026-05-01 07:37:24.790261,17.352554321289062
2026-05-01 07:37:37.901580,2026-05-01 07:37:37.901580,16.859045028686523
2026-05-01 07:37:38.104185,2026-05-01 07:37:38.104185,16.263782501220703
2026-05-01 07:37:38.299217,2026-05-01 07:37:38.299217,15.757808685302734
2026-05-01 07:37:38.498814,2026-05-01 07:37:38.498814,15.327731132507324
2026-05-01 07:37:38.699074,2026-05-01 07:37:38.699074,14.962164878845217
2026-05-01 07:37:38.898537,2026-05-01 07:37:38.898537,14.651433944702148
2026-05-01 07:37:39.098615,2026-05-01 07:37:39.098615,14.38731288909912
2026-05-01 07:37:39.298073,2026-05-01 07:37:39.298073,13.987028121948242
2026-05-01 07:37:39.500247,2026-05-01 07:37:39.500247,13.8225679397583
2026-05-01 07:37:39.698530,2026-05-01 07:37:39.698530,13.50699520111084
2026-05-01 07:37:39.898841,2026-05-01 07:37:39.898841,13.238758087158203
2026-05-01 07:37:40.099009,2026-05-01 07:37:40.099009,13.186538696289062
2026-05-01 07:37:40.298257,2026-05-01 07:37:40.298257,13.142151832580566
2026-05-01 07:37:40.497760,2026-05-01 07:37:40.497760,13.104422569274902
2026-05-01 07:37:40.698067,2026-05-01 07:37:40.698067,12.896571159362791
2026-05-01 07:37:40.902271,2026-05-01 07:37:40.902271,12.719898223876951
2026-05-01 07:37:41.098014,2026-05-01 07:37:41.098014,12.56972599029541
2026-05-01 07:37:41.298254,2026-05-01 07:37:41.298254,12.617860794067385
2026-05-01 07:37:41.498392,2026-05-01 07:37:41.498392,12.658775329589844
2026-05-01 07:37:41.699429,2026-05-01 07:37:41.699429,12.86933422088623
2026-05-01 07:37:41.899257,2026-05-01 07:37:41.899257,12.872528076171877
2026-05-01 07:37:42.098510,2026-05-01 07:37:42.098510,12.875242233276367
2026-05-01 07:37:42.298416,2026-05-01 07:37:42.298416,12.87755012512207
2026-05-01 07:37:42.497820,2026-05-01 07:37:42.497820,12.879510879516602
2026-05-01 07:37:42.698719,2026-05-01 07:37:42.698719,12.88117790222168
2026-05-01 07:37:42.898826,2026-05-01 07:37:42.898826,12.88259506225586
2026-05-01 07:37:43.098163,2026-05-01 07:37:43.098163,12.88379955291748
2026-05-01 07:37:43.298358,2026-05-01 07:37:43.298358,12.8848237991333
2026-05-01 07:37:43.498036,2026-05-01 07:37:43.498036,12.885693550109863
2026-05-01 07:37:43.698019,2026-05-01 07:37:43.698019,12.710652351379396
2026-05-01 07:37:43.897787,2026-05-01 07:37:43.897787,12.737648010253906
2026-05-01 07:37:44.098378,2026-05-01 07:37:44.098378,12.584813117980955
2026-05-01 07:37:44.299188,2026-05-01 07:37:44.299188,12.454903602600098
2026-05-01 07:37:44.498825,2026-05-01 07:37:44.498825,12.344480514526367
2026-05-01 07:37:44.701353,2026-05-01 07:37:44.701353,12.25062084197998
2026-05-01 07:37:44.897898,2026-05-01 07:37:44.897898,12.1708402633667
2026-05-01 07:37:45.097834,2026-05-01 07:37:45.097834,12.10302734375
2026-05-01 07:37:45.297767,2026-05-01 07:37:45.297767,12.045385360717772
2026-05-01 07:37:45.497885,2026-05-01 07:37:45.497885,11.996390342712402
2026-05-01 07:37:45.698369,2026-05-01 07:37:45.698369,12.130525588989258
2026-05-01 07:37:45.898834,2026-05-01 07:37:45.898834,12.244540214538574
2026-05-01 07:37:46.100715,2026-05-01 07:37:46.100715,12.517233848571776
2026-05-01 07:37:46.297937,2026-05-01 07:37:46.297937,12.573243141174316
2026-05-01 07:37:46.498559,2026-05-01 07:37:46.498559,12.796631813049316
2026-05-01 07:37:46.697739,2026-05-01 07:37:46.697739,12.98651123046875
2026-05-01 07:37:46.898744,2026-05-01 07:37:46.898744,13.147910118103027
2026-05-01 07:37:47.097931,2026-05-01 07:37:47.097931,13.1093168258667
2026-05-01 07:37:47.299398,2026-05-01 07:37:47.299398,13.252294540405272
2026-05-01 07:37:47.498577,2026-05-01 07:37:47.498577,13.373825073242188
2026-05-01 07:37:47.697695,2026-05-01 07:37:47.697695,13.477127075195312
2026-05-01 07:37:47.898291,2026-05-01 07:37:47.898291,13.564932823181152
2026-05-01 07:37:48.098924,2026-05-01 07:37:48.098924,13.463786125183104
2026-05-01 07:37:48.297708,2026-05-01 07:37:48.297708,13.377812385559082
2026-05-01 07:37:48.497824,2026-05-01 07:37:48.497824,13.480515480041504
2026-05-01 07:37:48.698621,2026-05-01 07:37:48.698621,13.3920316696167
2026-05-01 07:37:48.898642,2026-05-01 07:37:48.898642,13.316821098327637
2026-05-01 07:37:49.097934,2026-05-01 07:37:49.097934,13.252891540527344
2026-05-01 07:37:49.297695,2026-05-01 07:37:49.297695,13.198551177978516
2026-05-01 07:37:49.497826,2026-05-01 07:37:49.497826,13.152362823486328
2026-05-01 07:37:49.697896,2026-05-01 07:37:49.697896,12.937320709228516
2026-05-01 07:37:49.898277,2026-05-01 07:37:49.898277,12.930315971374512
2026-05-01 07:37:50.098428,2026-05-01 07:37:50.098428,12.924362182617188
2026-05-01 07:37:50.298346,2026-05-01 07:37:50.298346,12.919301986694336
2026-05-01 07:37:50.498214,2026-05-01 07:37:50.498214,12.914999961853027
2026-05-01 07:37:50.698331,2026-05-01 07:37:50.698331,13.966032028198242
2026-05-01 07:37:50.897846,2026-05-01 07:37:50.897846,13.804720878601074
2026-05-01 07:37:51.098080,2026-05-01 07:37:51.098080,14.898075103759766
2026-05-01 07:37:51.301405,2026-05-01 07:37:51.301405,15.827425956726074
2026-05-01 07:37:51.499118,2026-05-01 07:37:51.499118,16.793155670166016
2026-05-01 07:37:51.700246,2026-05-01 07:37:51.700246,17.78980827331543
2026-05-01 07:37:51.898705,2026-05-01 07:37:51.898705,19.164304733276367
2026-05-01 07:37:52.098430,2026-05-01 07:37:52.098430,20.50840950012207
2026-05-01 07:37:52.298048,2026-05-01 07:37:52.298048,21.826679229736328
2026-05-01 07:37:52.498239,2026-05-01 07:37:52.498239,22.947208404541016
2026-05-01 07:37:52.698452,2026-05-01 07:37:52.698452,23.899658203125
2026-05-01 07:37:52.899338,2026-05-01 07:37:52.899338,24.70924186706543
2026-05-01 07:37:53.099450,2026-05-01 07:37:53.099450,25.39738655090332
2026-05-01 07:37:53.300380,2026-05-01 07:37:53.300380,25.982309341430664
2026-05-01 07:37:53.498410,2026-05-01 07:37:53.498410,26.479494094848636
2026-05-01 07:37:53.698937,2026-05-01 07:37:53.698937,26.902101516723636
2026-05-01 07:37:53.898195,2026-05-01 07:37:53.898195,27.26131820678711
2026-05-01 07:37:54.099036,2026-05-01 07:37:54.099036,27.566650390625
2026-05-01 07:37:54.299552,2026-05-01 07:37:54.299552,27.82618522644043
2026-05-01 07:37:54.498384,2026-05-01 07:37:54.498384,28.046789169311523
2026-05-01 07:37:54.701553,2026-05-01 07:37:54.701553,28.23430061340332
2026-05-01 07:37:54.898685,2026-05-01 07:37:54.898685,28.393688201904297
2026-05-01 07:37:55.099059,2026-05-01 07:37:55.099059,28.529165267944336
2026-05-01 07:37:55.300161,2026-05-01 07:37:55.300161,28.64432144165039
2026-05-01 07:37:55.500269,2026-05-01 07:37:55.500269,28.74220466613769
2026-05-01 07:37:55.699407,2026-05-01 07:37:55.699407,28.82540512084961
2026-05-01 07:37:55.898190,2026-05-01 07:37:55.898190,28.89612579345703
2026-05-01 07:37:56.099950,2026-05-01 07:37:56.099950,28.95623779296875
2026-05-01 07:37:56.300951,2026-05-01 07:37:56.300951,29.007333755493164
2026-05-01 07:37:56.498552,2026-05-01 07:37:56.498552,29.050764083862305
2026-05-01 07:37:56.699365,2026-05-01 07:37:56.699365,29.08768081665039
2026-05-01 07:37:56.900661,2026-05-01 07:37:56.900661,29.119060516357425
2026-05-01 07:37:57.099930,2026-05-01 07:37:57.099930,29.145732879638672
2026-05-01 07:37:57.299201,2026-05-01 07:37:57.299201,29.16840362548828
2026-05-01 07:37:57.502028,2026-05-01 07:37:57.502028,29.18767547607422
2026-05-01 07:37:57.700163,2026-05-01 07:37:57.700163,29.20405387878418
2026-05-01 07:37:57.898728,2026-05-01 07:37:57.898728,29.21797752380371
2026-05-01 07:37:58.100130,2026-05-01 07:37:58.100130,29.229812622070312
2026-05-01 07:37:58.298948,2026-05-01 07:37:58.298948,29.23987197875977
2026-05-01 07:37:58.498194,2026-05-01 07:37:58.498194,29.248422622680664
2026-05-01 07:37:58.698662,2026-05-01 07:37:58.698662,29.25568962097168
2026-05-01 07:37:58.899655,2026-05-01 07:37:58.899655,29.26186752319336
2026-05-01 07:37:59.098640,2026-05-01 07:37:59.098640,29.26711845397949
2026-05-01 07:37:59.297863,2026-05-01 07:37:59.297863,29.271581649780277
2026-05-01 07:37:59.498576,2026-05-01 07:37:59.498576,29.275375366210938
2026-05-01 07:37:59.698136,2026-05-01 07:37:59.698136,29.278600692749023
2026-05-01 07:37:59.897795,2026-05-01 07:37:59.897795,29.28134155273437
2026-05-01 07:38:00.101962,2026-05-01 07:38:00.101962,29.283672332763672
2026-05-01 07:38:00.297741,2026-05-01 07:38:00.297741,29.28565216064453
2026-05-01 07:38:00.498119,2026-05-01 07:38:00.498119,29.287336349487305
2026-05-01 07:38:00.699086,2026-05-01 07:38:00.699086,29.288766860961918
2026-05-01 07:38:00.899449,2026-05-01 07:38:00.899449,29.28998374938965
2026-05-01 07:38:01.098074,2026-05-01 07:38:01.098074,29.291017532348636
2026-05-01 07:38:01.291502,2026-05-01 07:38:01.291502,29.291894912719727
2026-05-01 07:38:01.499129,2026-05-01 07:38:01.499129,29.29264259338379
2026-05-01 07:38:01.698430,2026-05-01 07:38:01.698430,29.29327774047852
2026-05-01 07:38:01.899284,2026-05-01 07:38:01.899284,29.2938175201416
2026-05-01 07:38:02.098159,2026-05-01 07:38:02.098159,29.29427528381348
2026-05-01 07:38:02.298318,2026-05-01 07:38:02.298318,29.294666290283203
2026-05-01 07:38:02.497784,2026-05-01 07:38:02.497784,27.71296501159668
2026-05-01 07:38:02.698208,2026-05-01 07:38:02.698208,26.720083236694336
2026-05-01 07:38:02.897660,2026-05-01 07:38:02.897660,25.87613296508789
2026-05-01 07:38:03.098267,2026-05-01 07:38:03.098267,25.158775329589844
2026-05-01 07:38:16.199195,2026-05-01 07:38:16.199195,24.373241424560547
2026-05-01 07:38:16.399432,2026-05-01 07:38:16.399432,23.881317138671875
2026-05-01 07:38:16.599688,2026-05-01 07:38:16.599688,23.46318244934082
2026-05-01 07:38:16.799697,2026-05-01 07:38:16.799697,23.10776710510254
2026-05-01 07:38:17.001547,2026-05-01 07:38:17.001547,22.9814453125
2026-05-01 07:38:17.200492,2026-05-01 07:38:17.200492,22.874073028564453
2026-05-01 07:38:17.399681,2026-05-01 07:38:17.399681,22.78280639648437
2026-05-01 07:38:17.600273,2026-05-01 07:38:17.600273,22.529447555541992
2026-05-01 07:38:17.799517,2026-05-01 07:38:17.799517,22.3140926361084
2026-05-01 07:38:17.999495,2026-05-01 07:38:17.999495,22.13104057312012
2026-05-01 07:38:18.199516,2026-05-01 07:38:18.199516,21.975446701049805
2026-05-01 07:38:18.399577,2026-05-01 07:38:18.399577,21.84319305419922
2026-05-01 07:38:18.599226,2026-05-01 07:38:18.599226,21.730775833129883
2026-05-01 07:38:18.798929,2026-05-01 07:38:18.798929,21.635223388671875
2026-05-01 07:38:18.997786,2026-05-01 07:38:18.997786,21.554000854492188
2026-05-01 07:38:19.197915,2026-05-01 07:38:19.197915,21.30918312072754
2026-05-01 07:38:19.400404,2026-05-01 07:38:19.400404,21.1010856628418
2026-05-01 07:38:19.597879,2026-05-01 07:38:19.597879,20.924203872680664
2026-05-01 07:38:19.800815,2026-05-01 07:38:19.800815,20.773855209350582
2026-05-01 07:38:19.998003,2026-05-01 07:38:19.998003,20.470277786254883
2026-05-01 07:38:20.198426,2026-05-01 07:38:20.198426,20.212236404418945
2026-05-01 07:38:20.398586,2026-05-01 07:38:20.398586,19.992900848388672
2026-05-01 07:38:20.599288,2026-05-01 07:38:20.599288,19.80646514892578
2026-05-01 07:38:20.798648,2026-05-01 07:38:20.798648,19.647994995117188
2026-05-01 07:38:20.997760,2026-05-01 07:38:20.997760,19.513296127319336
2026-05-01 07:38:21.197830,2026-05-01 07:38:21.197830,19.398801803588867
2026-05-01 07:38:21.401906,2026-05-01 07:38:21.401906,19.30148124694824
2026-05-01 07:38:21.597822,2026-05-01 07:38:21.597822,19.218759536743164
2026-05-01 07:38:21.798669,2026-05-01 07:38:21.798669,19.14844512939453
2026-05-01 07:38:22.000196,2026-05-01 07:38:22.000196,19.08867835998535
2026-05-01 07:38:22.198660,2026-05-01 07:38:22.198660,18.86209487915039
2026-05-01 07:38:22.403512,2026-05-01 07:38:22.403512,18.66950035095215
2026-05-01 07:38:22.598638,2026-05-01 07:38:22.598638,18.505794525146484
2026-05-01 07:38:22.798093,2026-05-01 07:38:22.798093,18.36664390563965
2026-05-01 07:38:22.999128,2026-05-01 07:38:22.999128,18.24836540222168
2026-05-01 07:38:23.197908,2026-05-01 07:38:23.197908,18.147829055786133
2026-05-01 07:38:23.399261,2026-05-01 07:38:23.399261,18.062374114990234
2026-05-01 07:38:23.597715,2026-05-01 07:38:23.597715,17.989736557006836
2026-05-01 07:38:23.798544,2026-05-01 07:38:23.798544,17.927995681762695
2026-05-01 07:38:23.999365,2026-05-01 07:38:23.999365,18.05129623413086
2026-05-01 07:38:24.198709,2026-05-01 07:38:24.198709,17.98031997680664
2026-05-01 07:38:24.398526,2026-05-01 07:38:24.398526,17.91999053955078
2026-05-01 07:38:24.597746,2026-05-01 07:38:24.597746,17.692930221557617
2026-05-01 07:38:24.798038,2026-05-01 07:38:24.798038,17.499927520751953
2026-05-01 07:38:24.997825,2026-05-01 07:38:24.997825,17.33587646484375
2026-05-01 07:38:25.198497,2026-05-01 07:38:25.198497,17.19643211364746
2026-05-01 07:38:25.398230,2026-05-01 07:38:25.398230,17.253686904907227
2026-05-01 07:38:25.599193,2026-05-01 07:38:25.599193,17.302350997924805
2026-05-01 07:38:25.798374,2026-05-01 07:38:25.798374,17.519498825073242
2026-05-01 07:38:25.998584,2026-05-01 07:38:25.998584,17.70407485961914
2026-05-01 07:38:26.198184,2026-05-01 07:38:26.198184,17.860963821411133
2026-05-01 07:38:26.401842,2026-05-01 07:38:26.401842,17.99431800842285
2026-05-01 07:38:26.600578,2026-05-01 07:38:26.600578,18.1076717376709
2026-05-01 07:38:26.797874,2026-05-01 07:38:26.797874,18.20401954650879
2026-05-01 07:38:26.997698,2026-05-01 07:38:26.997698,18.28591728210449
2026-05-01 07:38:27.198114,2026-05-01 07:38:27.198114,18.35552978515625
2026-05-01 07:38:27.397698,2026-05-01 07:38:27.397698,18.41469955444336
2026-05-01 07:38:27.598523,2026-05-01 07:38:27.598523,18.464994430541992
2026-05-01 07:38:27.797806,2026-05-01 07:38:27.797806,18.50774574279785
2026-05-01 07:38:27.998414,2026-05-01 07:38:27.998414,18.544084548950195
2026-05-01 07:38:28.199122,2026-05-01 07:38:28.199122,18.57497215270996
2026-05-01 07:38:28.402195,2026-05-01 07:38:28.402195,18.601224899291992
2026-05-01 07:38:28.602175,2026-05-01 07:38:28.602175,18.6235408782959
2026-05-01 07:38:28.797656,2026-05-01 07:38:28.797656,18.64251136779785
2026-05-01 07:38:28.998959,2026-05-01 07:38:28.998959,18.658634185791016
2026-05-01 07:38:29.199702,2026-05-01 07:38:29.199702,18.672338485717773
2026-05-01 07:38:29.397617,2026-05-01 07:38:29.397617,18.859769821166992
2026-05-01 07:38:29.598061,2026-05-01 07:38:29.598061,18.84330368041992
2026-05-01 07:38:29.797797,2026-05-01 07:38:29.797797,19.005088806152344
2026-05-01 07:38:29.997977,2026-05-01 07:38:29.997977,19.14260673522949
2026-05-01 07:38:30.198616,2026-05-01 07:38:30.198616,19.083715438842773
2026-05-01 07:38:30.398630,2026-05-01 07:38:30.398630,19.03365898132324
2026-05-01 07:38:30.598719,2026-05-01 07:38:30.598719,18.99110984802246
2026-05-01 07:38:30.799557,2026-05-01 07:38:30.799557,19.13072395324707
2026-05-01 07:38:30.998227,2026-05-01 07:38:30.998227,19.07361602783203
2026-05-01 07:38:31.198606,2026-05-01 07:38:31.198606,19.200855255126957
2026-05-01 07:38:31.397782,2026-05-01 07:38:31.397782,19.30900764465332
2026-05-01 07:38:31.600385,2026-05-01 07:38:31.600385,19.225156784057617
2026-05-01 07:38:31.798086,2026-05-01 07:38:31.798086,19.15388298034668
2026-05-01 07:38:31.998837,2026-05-01 07:38:31.998837,19.269081115722656
2026-05-01 07:38:32.197846,2026-05-01 07:38:32.197846,19.367000579833984
2026-05-01 07:38:32.398152,2026-05-01 07:38:32.398152,19.626012802124023
2026-05-01 07:38:32.598818,2026-05-01 07:38:32.598818,19.670392990112305
2026-05-01 07:38:32.798330,2026-05-01 07:38:32.798330,19.88389587402344
2026-05-01 07:38:32.998485,2026-05-01 07:38:32.998485,19.88959312438965
2026-05-01 07:38:33.197745,2026-05-01 07:38:33.197745,20.07021713256836
2026-05-01 07:38:33.397832,2026-05-01 07:38:33.397832,20.04796600341797
2026-05-01 07:38:33.599617,2026-05-01 07:38:33.599617,20.029050827026367
2026-05-01 07:38:33.798923,2026-05-01 07:38:33.798923,20.012975692749023
2026-05-01 07:38:33.998575,2026-05-01 07:38:33.998575,19.82352828979492
2026-05-01 07:38:34.199800,2026-05-01 07:38:34.199800,19.310937881469727
2026-05-01 07:38:34.398011,2026-05-01 07:38:34.398011,18.87523460388184
2026-05-01 07:38:34.597746,2026-05-01 07:38:34.597746,18.329105377197266
2026-05-01 07:38:34.799426,2026-05-01 07:38:34.799426,18.04067611694336
2026-05-01 07:38:35.000079,2026-05-01 07:38:35.000079,17.619731903076172
2026-05-01 07:38:35.206212,2026-05-01 07:38:35.206212,17.26192855834961
2026-05-01 07:38:35.398387,2026-05-01 07:38:35.398387,16.957796096801758
2026-05-01 07:38:35.598956,2026-05-01 07:38:35.598956,16.523500442504883
2026-05-01 07:38:35.798519,2026-05-01 07:38:35.798519,16.15435028076172
2026-05-01 07:38:35.999413,2026-05-01 07:38:35.999413,15.84057331085205
2026-05-01 07:38:36.199704,2026-05-01 07:38:36.199704,15.573862075805664
2026-05-01 07:38:36.398966,2026-05-01 07:38:36.398966,15.34715747833252
2026-05-01 07:38:36.599856,2026-05-01 07:38:36.599856,14.978677749633787
2026-05-01 07:38:36.800084,2026-05-01 07:38:36.800084,14.489688873291016
2026-05-01 07:38:36.999863,2026-05-01 07:38:36.999863,14.074048042297363
2026-05-01 07:38:37.199714,2026-05-01 07:38:37.199714,13.72075366973877
2026-05-01 07:38:37.399883,2026-05-01 07:38:37.399883,13.244671821594238
2026-05-01 07:38:37.600383,2026-05-01 07:38:37.600383,12.840002059936523
2026-05-01 07:38:37.798462,2026-05-01 07:38:37.798462,12.49603271484375
2026-05-01 07:38:37.999892,2026-05-01 07:38:37.999892,12.203659057617188
2026-05-01 07:38:38.201411,2026-05-01 07:38:38.201411,11.9551420211792
2026-05-01 07:38:38.399123,2026-05-01 07:38:38.399123,11.743901252746582
2026-05-01 07:38:38.599585,2026-05-01 07:38:38.599585,11.56434726715088
2026-05-01 07:38:38.798201,2026-05-01 07:38:38.798201,11.41172695159912
2026-05-01 07:38:38.998263,2026-05-01 07:38:38.998263,11.28199863433838
2026-05-01 07:38:39.200885,2026-05-01 07:38:39.200885,11.171730041503906
2026-05-01 07:38:39.397897,2026-05-01 07:38:39.397897,11.078001976013184
2026-05-01 07:38:39.599533,2026-05-01 07:38:39.599533,10.822551727294922
2026-05-01 07:38:39.802499,2026-05-01 07:38:39.802499,10.605419158935549
2026-05-01 07:38:39.998927,2026-05-01 07:38:39.998927,10.420856475830078
2026-05-01 07:38:40.197698,2026-05-01 07:38:40.197698,10.263978004455566
2026-05-01 07:38:40.398350,2026-05-01 07:38:40.398350,10.13063144683838
2026-05-01 07:38:40.598973,2026-05-01 07:38:40.598973,10.01728630065918
2026-05-01 07:38:40.797790,2026-05-01 07:38:40.797790,9.920943260192873
2026-05-01 07:38:40.998018,2026-05-01 07:38:40.998018,9.839052200317385
2026-05-01 07:38:41.199713,2026-05-01 07:38:41.199713,9.945225715637209
2026-05-01 07:38:41.397914,2026-05-01 07:38:41.397914,10.035472869873049
2026-05-01 07:38:54.498184,2026-05-01 07:38:54.498184,9.936402320861816
2026-05-01 07:38:54.698715,2026-05-01 07:38:54.698715,9.852191925048828
2026-05-01 07:38:54.898522,2026-05-01 07:38:54.898522,9.78061294555664
2026-05-01 07:38:55.099651,2026-05-01 07:38:55.099651,9.719771385192873
2026-05-01 07:38:55.298703,2026-05-01 07:38:55.298703,9.668055534362791
2026-05-01 07:38:55.498044,2026-05-01 07:38:55.498044,9.624096870422363
2026-05-01 07:38:55.697936,2026-05-01 07:38:55.697936,9.762514114379885
2026-05-01 07:38:55.898734,2026-05-01 07:38:55.898734,9.704386711120604
2026-05-01 07:38:56.100393,2026-05-01 07:38:56.100393,9.83076000213623
2026-05-01 07:38:56.298742,2026-05-01 07:38:56.298742,12.750677108764648
2026-05-01 07:38:56.499036,2026-05-01 07:38:56.499036,15.232606887817385
2026-05-01 07:38:56.700428,2026-05-01 07:38:56.700428,14.705528259277344
2026-05-01 07:38:56.899058,2026-05-01 07:38:56.899058,16.894229888916016
2026-05-01 07:38:57.100402,2026-05-01 07:38:57.100402,16.117908477783203
2026-05-01 07:38:57.300284,2026-05-01 07:38:57.300284,15.45803451538086
2026-05-01 07:38:57.501729,2026-05-01 07:38:57.501729,14.721360206604004
2026-05-01 07:38:57.699364,2026-05-01 07:38:57.699364,14.27096939086914
2026-05-01 07:38:57.897982,2026-05-01 07:38:57.897982,13.88813591003418
2026-05-01 07:38:58.103351,2026-05-01 07:38:58.103351,13.56272792816162
2026-05-01 07:38:58.298181,2026-05-01 07:38:58.298181,13.286131858825684
2026-05-01 07:38:58.499453,2026-05-01 07:38:58.499453,13.051024436950684
2026-05-01 07:38:58.698538,2026-05-01 07:38:58.698538,12.85118293762207
2026-05-01 07:38:58.901542,2026-05-01 07:38:58.901542,12.857099533081056
2026-05-01 07:38:59.099159,2026-05-01 07:38:59.099159,13.037909507751465
2026-05-01 07:38:59.299746,2026-05-01 07:38:59.299746,14.597847938537598
2026-05-01 07:38:59.498291,2026-05-01 07:38:59.498291,14.693326950073242
2026-05-01 07:38:59.697779,2026-05-01 07:38:59.697779,14.950265884399414
2026-05-01 07:38:59.900420,2026-05-01 07:38:59.900420,15.168663024902344
2026-05-01 07:39:00.101451,2026-05-01 07:39:00.101451,15.53008270263672
2026-05-01 07:39:00.297928,2026-05-01 07:39:00.297928,15.837288856506348
2026-05-01 07:39:00.500132,2026-05-01 07:39:00.500132,16.098413467407227
2026-05-01 07:39:00.699915,2026-05-01 07:39:00.699915,16.496152877807617
2026-05-01 07:39:00.899135,2026-05-01 07:39:00.899135,16.834228515625
2026-05-01 07:39:01.100480,2026-05-01 07:39:01.100480,17.12159538269043
2026-05-01 07:39:01.299433,2026-05-01 07:39:01.299433,17.541637420654297
2026-05-01 07:39:01.499215,2026-05-01 07:39:01.499215,17.898672103881836
2026-05-01 07:39:01.699670,2026-05-01 07:39:01.699670,18.202152252197266
2026-05-01 07:39:01.897871,2026-05-01 07:39:01.897871,18.460111618041992
2026-05-01 07:39:02.098274,2026-05-01 07:39:02.098274,18.67937660217285
2026-05-01 07:39:02.299177,2026-05-01 07:39:02.299177,19.04153251647949
2026-05-01 07:39:02.499434,2026-05-01 07:39:02.499434,19.349365234375
2026-05-01 07:39:02.698221,2026-05-01 07:39:02.698221,19.61102294921875
2026-05-01 07:39:02.898488,2026-05-01 07:39:02.898488,19.833431243896484
2026-05-01 07:39:03.106221,2026-05-01 07:39:03.106221,20.022480010986328
2026-05-01 07:39:03.297883,2026-05-01 07:39:03.297883,20.18317031860352
2026-05-01 07:39:03.498008,2026-05-01 07:39:03.498008,20.31975746154785
2026-05-01 07:39:03.697762,2026-05-01 07:39:03.697762,20.43585586547852
2026-05-01 07:39:03.899790,2026-05-01 07:39:03.899790,20.5345401763916
2026-05-01 07:39:04.098184,2026-05-01 07:39:04.098184,20.61842155456543
2026-05-01 07:39:04.297909,2026-05-01 07:39:04.297909,20.689720153808597
2026-05-01 07:39:04.498561,2026-05-01 07:39:04.498561,20.750324249267575
2026-05-01 07:39:04.697811,2026-05-01 07:39:04.697811,20.80183982849121
2026-05-01 07:39:04.898698,2026-05-01 07:39:04.898698,20.84562492370605
2026-05-01 07:39:05.099434,2026-05-01 07:39:05.099434,20.88284492492676
2026-05-01 07:39:05.298317,2026-05-01 07:39:05.298317,20.914480209350582
2026-05-01 07:39:05.499270,2026-05-01 07:39:05.499270,20.941370010375977
2026-05-01 07:39:05.698854,2026-05-01 07:39:05.698854,20.7884464263916
2026-05-01 07:39:05.897697,2026-05-01 07:39:05.897697,20.65846061706543
2026-05-01 07:39:06.099076,2026-05-01 07:39:06.099076,20.5479736328125
2026-05-01 07:39:06.298375,2026-05-01 07:39:06.298375,20.278276443481445
2026-05-01 07:39:06.500249,2026-05-01 07:39:06.500249,20.224817276000977
2026-05-01 07:39:06.701241,2026-05-01 07:39:06.701241,20.17937469482422
2026-05-01 07:39:06.898041,2026-05-01 07:39:06.898041,20.14075088500977
2026-05-01 07:39:07.097744,2026-05-01 07:39:07.097744,20.283700942993164
2026-05-01 07:39:07.297851,2026-05-01 07:39:07.297851,20.405208587646484
2026-05-01 07:39:07.498288,2026-05-01 07:39:07.498288,20.50848960876465
2026-05-01 07:39:07.697906,2026-05-01 07:39:07.697906,20.59627723693848
2026-05-01 07:39:07.897792,2026-05-01 07:39:07.897792,19.0888671875
2026-05-01 07:39:08.098358,2026-05-01 07:39:08.098358,19.38960075378418
2026-05-01 07:39:08.298380,2026-05-01 07:39:08.298380,18.06319046020508
2026-05-01 07:39:08.497985,2026-05-01 07:39:08.497985,16.93574333190918
2026-05-01 07:39:08.701897,2026-05-01 07:39:08.701897,15.977413177490234
2026-05-01 07:39:08.899559,2026-05-01 07:39:08.899559,14.987051963806152
2026-05-01 07:39:09.099097,2026-05-01 07:39:09.099097,14.145243644714355
2026-05-01 07:39:09.299310,2026-05-01 07:39:09.299310,13.429707527160645
2026-05-01 07:39:09.501207,2026-05-01 07:39:09.501207,12.821500778198242
2026-05-01 07:39:09.698947,2026-05-01 07:39:09.698947,12.304526329040527
2026-05-01 07:39:09.898301,2026-05-01 07:39:09.898301,11.865097045898438
2026-05-01 07:39:10.098439,2026-05-01 07:39:10.098439,11.491582870483398
2026-05-01 07:39:10.298403,2026-05-01 07:39:10.298403,11.174095153808594
2026-05-01 07:39:10.498707,2026-05-01 07:39:10.498707,10.904231071472168
2026-05-01 07:39:10.702717,2026-05-01 07:39:10.702717,10.674846649169922
2026-05-01 07:39:10.899972,2026-05-01 07:39:10.899972,10.47986888885498
2026-05-01 07:39:11.097838,2026-05-01 07:39:11.097838,10.314139366149902
2026-05-01 07:39:11.299179,2026-05-01 07:39:11.299179,9.99748706817627
2026-05-01 07:39:11.498355,2026-05-01 07:39:11.498355,9.72833251953125
2026-05-01 07:39:11.698153,2026-05-01 07:39:11.698153,9.499551773071287
2026-05-01 07:39:11.898562,2026-05-01 07:39:11.898562,9.305087089538574
2026-05-01 07:39:12.099391,2026-05-01 07:39:12.099391,9.315574645996094
2026-05-01 07:39:12.298408,2026-05-01 07:39:12.298408,9.324488639831545
2026-05-01 07:39:12.498870,2026-05-01 07:39:12.498870,9.156283378601074
2026-05-01 07:39:12.697961,2026-05-01 07:39:12.697961,9.013309478759766
2026-05-01 07:39:12.897915,2026-05-01 07:39:12.897915,8.8917818069458
2026-05-01 07:39:13.098387,2026-05-01 07:39:13.098387,8.788483619689941
2026-05-01 07:39:13.299494,2026-05-01 07:39:13.299494,8.700679779052734
2026-05-01 07:39:13.499027,2026-05-01 07:39:13.499027,8.450264930725098
2026-05-01 07:39:13.698216,2026-05-01 07:39:13.698216,8.23741340637207
2026-05-01 07:39:13.898556,2026-05-01 07:39:13.898556,10.165863990783691
2026-05-01 07:39:14.098296,2026-05-01 07:39:14.098296,11.629264831542969
2026-05-01 07:39:14.298535,2026-05-01 07:39:14.298535,12.873156547546388
2026-05-01 07:39:14.500015,2026-05-01 07:39:14.500015,11.996870994567873
2026-05-01 07:39:14.699160,2026-05-01 07:39:14.699160,13.00984001159668
2026-05-01 07:39:14.899701,2026-05-01 07:39:14.899701,13.870863914489746
2026-05-01 07:39:15.098731,2026-05-01 07:39:15.098731,14.602734565734863
2026-05-01 07:39:15.298807,2026-05-01 07:39:15.298807,15.224823951721191
2026-05-01 07:39:15.500722,2026-05-01 07:39:15.500722,15.75360107421875
2026-05-01 07:39:15.700005,2026-05-01 07:39:15.700005,16.203060150146484
2026-05-01 07:39:15.898098,2026-05-01 07:39:15.898098,16.585102081298828
2026-05-01 07:39:16.100216,2026-05-01 07:39:16.100216,16.909835815429688
2026-05-01 07:39:16.298254,2026-05-01 07:39:16.298254,17.185861587524414
2026-05-01 07:39:16.499681,2026-05-01 07:39:16.499681,17.420482635498047
2026-05-01 07:39:16.700809,2026-05-01 07:39:16.700809,17.444128036499023
2026-05-01 07:39:16.900242,2026-05-01 07:39:16.900242,17.6400089263916
2026-05-01 07:39:17.101671,2026-05-01 07:39:17.101671,17.630725860595703
2026-05-01 07:39:17.298256,2026-05-01 07:39:17.298256,17.62283706665039
2026-05-01 07:39:17.500722,2026-05-01 07:39:17.500722,16.03409767150879
2026-05-01 07:39:17.700387,2026-05-01 07:39:17.700387,16.265703201293945
2026-05-01 07:39:17.900080,2026-05-01 07:39:17.900080,16.462566375732422
2026-05-01 07:39:18.099034,2026-05-01 07:39:18.099034,16.805681228637695
2026-05-01 07:39:18.298288,2026-05-01 07:39:18.298288,17.097328186035156
2026-05-01 07:39:18.498725,2026-05-01 07:39:18.498725,17.345230102539062
2026-05-01 07:39:18.700278,2026-05-01 07:39:18.700278,17.555944442749023
2026-05-01 07:39:18.899572,2026-05-01 07:39:18.899572,17.55927276611328
2026-05-01 07:39:19.100208,2026-05-01 07:39:19.100208,17.56209945678711
2026-05-01 07:39:19.297969,2026-05-01 07:39:19.297969,17.388723373413086
2026-05-01 07:39:19.498007,2026-05-01 07:39:19.498007,17.417133331298828
2026-05-01 07:39:19.699274,2026-05-01 07:39:19.699274,17.265501022338867
2026-05-01 07:39:32.798790,2026-05-01 07:39:32.798790,17.312393188476562
2026-05-01 07:39:32.998736,2026-05-01 07:39:32.998736,17.528034210205078
2026-05-01 07:39:33.197955,2026-05-01 07:39:33.197955,17.88711166381836
2026-05-01 07:39:33.398539,2026-05-01 07:39:33.398539,16.610294342041016
2026-05-01 07:39:33.598819,2026-05-01 07:39:33.598819,15.52500057220459
2026-05-01 07:39:33.797963,2026-05-01 07:39:33.797963,14.602499961853027
2026-05-01 07:39:34.000456,2026-05-01 07:39:34.000456,13.81837558746338
2026-05-01 07:39:34.197980,2026-05-01 07:39:34.197980,13.15186882019043
2026-05-01 07:39:34.399352,2026-05-01 07:39:34.399352,13.991588592529297
2026-05-01 07:39:34.598608,2026-05-01 07:39:34.598608,13.299099922180176
2026-05-01 07:39:34.799757,2026-05-01 07:39:34.799757,12.710485458374023
2026-05-01 07:39:34.998989,2026-05-01 07:39:34.998989,12.034380912780762
2026-05-01 07:39:35.198009,2026-05-01 07:39:35.198009,11.63547420501709
2026-05-01 07:39:35.400551,2026-05-01 07:39:35.400551,11.47218418121338
2026-05-01 07:39:35.598419,2026-05-01 07:39:35.598419,11.33338737487793
2026-05-01 07:39:35.800916,2026-05-01 07:39:35.800916,11.215411186218262
2026-05-01 07:39:35.999300,2026-05-01 07:39:35.999300,11.115130424499512
2026-05-01 07:39:36.198258,2026-05-01 07:39:36.198258,11.029891967773438
2026-05-01 07:39:36.400140,2026-05-01 07:39:36.400140,10.781658172607422
2026-05-01 07:39:36.599994,2026-05-01 07:39:36.599994,10.570659637451172
2026-05-01 07:39:36.799703,2026-05-01 07:39:36.799703,10.567091941833496
2026-05-01 07:39:37.001295,2026-05-01 07:39:37.001295,10.388278007507324
2026-05-01 07:39:37.199450,2026-05-01 07:39:37.199450,10.412067413330078
2026-05-01 07:39:37.398568,2026-05-01 07:39:37.398568,10.432289123535156
2026-05-01 07:39:37.599588,2026-05-01 07:39:37.599588,10.44947624206543
2026-05-01 07:39:37.798181,2026-05-01 07:39:37.798181,10.464086532592772
2026-05-01 07:39:37.999424,2026-05-01 07:39:37.999424,10.4765043258667
2026-05-01 07:39:38.199833,2026-05-01 07:39:38.199833,10.311279296875
2026-05-01 07:39:38.397943,2026-05-01 07:39:38.397943,10.17083740234375
2026-05-01 07:39:38.602800,2026-05-01 07:39:38.602800,10.051461219787598
2026-05-01 07:39:38.799968,2026-05-01 07:39:38.799968,9.949992179870604
2026-05-01 07:39:38.998629,2026-05-01 07:39:38.998629,9.863743782043455
2026-05-01 07:39:39.198956,2026-05-01 07:39:39.198956,9.79043197631836
2026-05-01 07:39:39.400775,2026-05-01 07:39:39.400775,9.728116989135742
2026-05-01 07:39:39.598204,2026-05-01 07:39:39.598204,9.67514991760254
2026-05-01 07:39:39.798597,2026-05-01 07:39:39.798597,9.630126953125
2026-05-01 07:39:39.998317,2026-05-01 07:39:39.998317,9.59185791015625
2026-05-01 07:39:40.200294,2026-05-01 07:39:40.200294,11.31714153289795
2026-05-01 07:39:40.400302,2026-05-01 07:39:40.400302,12.7836332321167
2026-05-01 07:39:40.601038,2026-05-01 07:39:40.601038,14.030150413513184
2026-05-01 07:39:40.797868,2026-05-01 07:39:40.797868,13.33187770843506
2026-05-01 07:39:40.998226,2026-05-01 07:39:40.998226,12.738346099853516
2026-05-01 07:39:41.198030,2026-05-01 07:39:41.198030,13.991657257080078
2026-05-01 07:39:41.398155,2026-05-01 07:39:41.398155,13.299158096313477
2026-05-01 07:39:41.597834,2026-05-01 07:39:41.597834,12.710535049438477
2026-05-01 07:39:41.798983,2026-05-01 07:39:41.798983,12.210204124450684
2026-05-01 07:39:41.998028,2026-05-01 07:39:41.998028,11.784923553466797
2026-05-01 07:39:42.199417,2026-05-01 07:39:42.199417,11.42343521118164
2026-05-01 07:39:42.398659,2026-05-01 07:39:42.398659,11.116169929504396
2026-05-01 07:39:42.599543,2026-05-01 07:39:42.599543,10.854994773864746
2026-05-01 07:39:42.797972,2026-05-01 07:39:42.797972,10.63299560546875
2026-05-01 07:39:42.997834,2026-05-01 07:39:42.997834,10.444295883178713
2026-05-01 07:39:43.198195,2026-05-01 07:39:43.198195,10.28390121459961
2026-05-01 07:39:43.401453,2026-05-01 07:39:43.401453,10.14756679534912
2026-05-01 07:39:43.598310,2026-05-01 07:39:43.598310,10.207462310791016
2026-05-01 07:39:43.798588,2026-05-01 07:39:43.798588,10.082592964172363
2026-05-01 07:39:43.997978,2026-05-01 07:39:43.997978,9.97645378112793
2026-05-01 07:39:44.198417,2026-05-01 07:39:44.198417,9.886236190795898
2026-05-01 07:39:44.398823,2026-05-01 07:39:44.398823,9.985331535339355
2026-05-01 07:39:44.599432,2026-05-01 07:39:44.599432,10.24534511566162
2026-05-01 07:39:44.798014,2026-05-01 07:39:44.798014,10.817917823791504
2026-05-01 07:39:44.997996,2026-05-01 07:39:44.997996,11.304605484008787
2026-05-01 07:39:45.199294,2026-05-01 07:39:45.199294,11.894070625305176
2026-05-01 07:39:45.398474,2026-05-01 07:39:45.398474,12.395116806030272
2026-05-01 07:39:45.598281,2026-05-01 07:39:45.598281,12.821004867553713
2026-05-01 07:39:45.798479,2026-05-01 07:39:45.798479,13.358792304992676
2026-05-01 07:39:45.999534,2026-05-01 07:39:45.999534,13.815910339355469
2026-05-01 07:39:46.198819,2026-05-01 07:39:46.198819,14.028679847717283
2026-05-01 07:39:46.398313,2026-05-01 07:39:46.398313,14.385315895080566
2026-05-01 07:39:46.598534,2026-05-01 07:39:46.598534,14.68845558166504
2026-05-01 07:39:46.798501,2026-05-01 07:39:46.798501,14.946125030517578
2026-05-01 07:39:46.999059,2026-05-01 07:39:46.999059,14.989362716674805
2026-05-01 07:39:47.199481,2026-05-01 07:39:47.199481,15.026114463806152
2026-05-01 07:39:47.398759,2026-05-01 07:39:47.398759,14.881571769714355
2026-05-01 07:39:47.598346,2026-05-01 07:39:47.598346,14.758711814880373
2026-05-01 07:39:47.798315,2026-05-01 07:39:47.798315,14.654279708862305
2026-05-01 07:39:47.998379,2026-05-01 07:39:47.998379,14.565512657165527
2026-05-01 07:39:48.197860,2026-05-01 07:39:48.197860,14.490060806274414
2026-05-01 07:39:48.397826,2026-05-01 07:39:48.397826,14.42592716217041
2026-05-01 07:39:48.599333,2026-05-01 07:39:48.599333,15.42609977722168
2026-05-01 07:39:48.799311,2026-05-01 07:39:48.799311,16.276247024536133
2026-05-01 07:39:48.998437,2026-05-01 07:39:48.998437,16.998872756958008
2026-05-01 07:39:49.198531,2026-05-01 07:39:49.198531,17.78888511657715
2026-05-01 07:39:49.398423,2026-05-01 07:39:49.398423,18.46039581298828
2026-05-01 07:39:49.597867,2026-05-01 07:39:49.597867,18.85540008544922
2026-05-01 07:39:49.798273,2026-05-01 07:39:49.798273,17.609121322631836
2026-05-01 07:39:49.997782,2026-05-01 07:39:49.997782,18.30759620666504
2026-05-01 07:39:50.198027,2026-05-01 07:39:50.198027,18.90130043029785
2026-05-01 07:39:50.398299,2026-05-01 07:39:50.398299,19.405948638916016
2026-05-01 07:39:50.597767,2026-05-01 07:39:50.597767,18.25286865234375
2026-05-01 07:39:50.799157,2026-05-01 07:39:50.799157,17.272750854492188
2026-05-01 07:39:51.001515,2026-05-01 07:39:51.001515,18.02168273925781
2026-05-01 07:39:51.199219,2026-05-01 07:39:51.199219,17.076242446899414
2026-05-01 07:39:51.398242,2026-05-01 07:39:51.398242,16.272619247436523
2026-05-01 07:39:51.600613,2026-05-01 07:39:51.600613,15.58953857421875
2026-05-01 07:39:51.797827,2026-05-01 07:39:51.797827,14.833139419555664
2026-05-01 07:39:51.997894,2026-05-01 07:39:51.997894,14.190199851989746
2026-05-01 07:39:52.197918,2026-05-01 07:39:52.197918,13.64370059967041
2026-05-01 07:39:52.398251,2026-05-01 07:39:52.398251,13.179177284240724
2026-05-01 07:39:52.598437,2026-05-01 07:39:52.598437,12.784331321716309
2026-05-01 07:39:52.797919,2026-05-01 07:39:52.797919,12.448713302612305
2026-05-01 07:39:52.997864,2026-05-01 07:39:52.997864,12.163437843322754
2026-05-01 07:39:53.198082,2026-05-01 07:39:53.198082,11.920952796936035
2026-05-01 07:39:53.398499,2026-05-01 07:39:53.398499,11.71484088897705
2026-05-01 07:39:53.598446,2026-05-01 07:39:53.598446,11.53964614868164
2026-05-01 07:39:53.799184,2026-05-01 07:39:53.799184,13.32432460784912
2026-05-01 07:39:53.998563,2026-05-01 07:39:53.998563,12.907707214355469
2026-05-01 07:39:54.199022,2026-05-01 07:39:54.199022,14.487175941467283
2026-05-01 07:39:54.398006,2026-05-01 07:39:54.398006,15.829724311828612
2026-05-01 07:39:54.600099,2026-05-01 07:39:54.600099,14.861515998840332
2026-05-01 07:39:54.798426,2026-05-01 07:39:54.798426,16.147912979125977
2026-05-01 07:39:54.999505,2026-05-01 07:39:54.999505,17.241352081298828
2026-05-01 07:39:55.199026,2026-05-01 07:39:55.199026,18.170774459838867
2026-05-01 07:39:55.400472,2026-05-01 07:39:55.400472,18.960783004760746
2026-05-01 07:39:55.597819,2026-05-01 07:39:55.597819,19.80807113647461
2026-05-01 07:39:55.800233,2026-05-01 07:39:55.800233,20.35248565673828
2026-05-01 07:39:55.999193,2026-05-01 07:39:55.999193,20.81523704528809
2026-05-01 07:39:56.199566,2026-05-01 07:39:56.199566,21.20857810974121
2026-05-01 07:39:56.399415,2026-05-01 07:39:56.399415,21.54291534423828
2026-05-01 07:39:56.598934,2026-05-01 07:39:56.598934,22.00288391113281
2026-05-01 07:39:56.798037,2026-05-01 07:39:56.798037,22.393857955932617
2026-05-01 07:39:57.000591,2026-05-01 07:39:57.000591,22.726184844970703
2026-05-01 07:39:57.197994,2026-05-01 07:39:57.197994,22.832881927490234
2026-05-01 07:39:57.400512,2026-05-01 07:39:57.400512,22.92357444763184
2026-05-01 07:39:57.598094,2026-05-01 07:39:57.598094,23.00066375732422
2026-05-01 07:39:57.799976,2026-05-01 07:39:57.799976,23.24197006225586
2026-05-01 07:39:57.999388,2026-05-01 07:39:57.999388,23.447080612182617
2026-05-01 07:40:11.100482,2026-05-01 07:40:11.100482,23.79720687866211
2026-05-01 07:40:11.298656,2026-05-01 07:40:11.298656,24.09481239318848
2026-05-01 07:40:11.497773,2026-05-01 07:40:11.497773,24.1719970703125
2026-05-01 07:40:11.697902,2026-05-01 07:40:11.697902,24.41338539123535
2026-05-01 07:40:11.897982,2026-05-01 07:40:11.897982,24.61856460571289
2026-05-01 07:40:12.098488,2026-05-01 07:40:12.098488,24.968748092651367
2026-05-01 07:40:12.298169,2026-05-01 07:40:12.298169,25.09062385559082
2026-05-01 07:40:12.500287,2026-05-01 07:40:12.500287,25.19421768188477
2026-05-01 07:40:12.697857,2026-05-01 07:40:12.697857,25.282272338867188
2026-05-01 07:40:12.898054,2026-05-01 07:40:12.898054,25.357118606567383
2026-05-01 07:40:13.099085,2026-05-01 07:40:13.099085,25.420738220214844
2026-05-01 07:40:13.300010,2026-05-01 07:40:13.300010,25.474815368652344
2026-05-01 07:40:13.497916,2026-05-01 07:40:13.497916,25.52078056335449
2026-05-01 07:40:13.700565,2026-05-01 07:40:13.700565,25.559850692749023
2026-05-01 07:40:13.898537,2026-05-01 07:40:13.898537,25.768842697143555
2026-05-01 07:40:14.102833,2026-05-01 07:40:14.102833,25.94648551940918
2026-05-01 07:40:14.298067,2026-05-01 07:40:14.298067,26.09748077392578
2026-05-01 07:40:14.500046,2026-05-01 07:40:14.500046,26.225828170776367
2026-05-01 07:40:14.698609,2026-05-01 07:40:14.698609,26.334922790527344
2026-05-01 07:40:14.898163,2026-05-01 07:40:14.898163,26.42765235900879
2026-05-01 07:40:15.097847,2026-05-01 07:40:15.097847,26.68225479125977
2026-05-01 07:40:15.298884,2026-05-01 07:40:15.298884,26.722885131835938
2026-05-01 07:40:15.499746,2026-05-01 07:40:15.499746,26.757421493530277
2026-05-01 07:40:15.698707,2026-05-01 07:40:15.698707,26.96255874633789
2026-05-01 07:40:15.899443,2026-05-01 07:40:15.899443,26.961143493652344
2026-05-01 07:40:16.097803,2026-05-01 07:40:16.097803,27.13572120666504
2026-05-01 07:40:16.298929,2026-05-01 07:40:16.298929,27.28411293029785
2026-05-01 07:40:16.497927,2026-05-01 07:40:16.497927,27.410245895385746
2026-05-01 07:40:16.698329,2026-05-01 07:40:16.698329,27.51745986938477
2026-05-01 07:40:16.897984,2026-05-01 07:40:16.897984,27.608591079711918
2026-05-01 07:40:17.099642,2026-05-01 07:40:17.099642,27.68605232238769
2026-05-01 07:40:17.299108,2026-05-01 07:40:17.299108,27.751893997192383
2026-05-01 07:40:17.501580,2026-05-01 07:40:17.501580,27.807859420776367
2026-05-01 07:40:17.699528,2026-05-01 07:40:17.699528,27.855430603027344
2026-05-01 07:40:17.898222,2026-05-01 07:40:17.898222,27.89586639404297
2026-05-01 07:40:18.099523,2026-05-01 07:40:18.099523,27.93023681640625
2026-05-01 07:40:18.298533,2026-05-01 07:40:18.298533,27.78367042541504
2026-05-01 07:40:18.499786,2026-05-01 07:40:18.499786,27.659088134765625
2026-05-01 07:40:18.701784,2026-05-01 07:40:18.701784,27.553194046020508
2026-05-01 07:40:18.900067,2026-05-01 07:40:18.900067,27.46318244934082
2026-05-01 07:40:19.101131,2026-05-01 07:40:19.101131,27.386674880981445
2026-05-01 07:40:19.298381,2026-05-01 07:40:19.298381,27.32164192199707
2026-05-01 07:40:19.499603,2026-05-01 07:40:19.499603,27.26636505126953
2026-05-01 07:40:19.698511,2026-05-01 07:40:19.698511,27.219379425048828
2026-05-01 07:40:19.902627,2026-05-01 07:40:19.902627,27.179441452026367
2026-05-01 07:40:20.102089,2026-05-01 07:40:20.102089,26.969711303710938
2026-05-01 07:40:20.298840,2026-05-01 07:40:20.298840,26.79144287109375
2026-05-01 07:40:20.505337,2026-05-01 07:40:20.505337,26.63991355895996
2026-05-01 07:40:20.699269,2026-05-01 07:40:20.699269,26.5111141204834
2026-05-01 07:40:20.897745,2026-05-01 07:40:20.897745,26.401634216308597
2026-05-01 07:40:21.099226,2026-05-01 07:40:21.099226,26.308576583862305
2026-05-01 07:40:21.298072,2026-05-01 07:40:21.298072,26.229476928710938
2026-05-01 07:40:21.497748,2026-05-01 07:40:21.497748,26.162242889404297
2026-05-01 07:40:21.698287,2026-05-01 07:40:21.698287,26.10509490966797
2026-05-01 07:40:21.899343,2026-05-01 07:40:21.899343,26.0565185546875
2026-05-01 07:40:22.098430,2026-05-01 07:40:22.098430,26.01522827148437
2026-05-01 07:40:22.299435,2026-05-01 07:40:22.299435,25.804349899291992
2026-05-01 07:40:22.497794,2026-05-01 07:40:22.497794,25.62510299682617
2026-05-01 07:40:22.697839,2026-05-01 07:40:22.697839,25.47274398803711
2026-05-01 07:40:22.897879,2026-05-01 07:40:22.897879,25.167457580566406
2026-05-01 07:40:23.098371,2026-05-01 07:40:23.098371,24.9079647064209
2026-05-01 07:40:23.297899,2026-05-01 07:40:23.297899,24.687395095825195
2026-05-01 07:40:23.498721,2026-05-01 07:40:23.498721,24.499910354614254
2026-05-01 07:40:23.699385,2026-05-01 07:40:23.699385,24.34054946899414
2026-05-01 07:40:23.899499,2026-05-01 07:40:23.899499,24.20509147644043
2026-05-01 07:40:24.099507,2026-05-01 07:40:24.099507,24.08995246887207
2026-05-01 07:40:24.298597,2026-05-01 07:40:24.298597,23.992084503173828
2026-05-01 07:40:24.498389,2026-05-01 07:40:24.498389,23.733116149902344
2026-05-01 07:40:24.698185,2026-05-01 07:40:24.698185,23.51299285888672
2026-05-01 07:40:24.899439,2026-05-01 07:40:24.899439,23.32588768005371
2026-05-01 07:40:25.099515,2026-05-01 07:40:25.099515,22.991065979003903
2026-05-01 07:40:25.298473,2026-05-01 07:40:25.298473,22.70646858215332
2026-05-01 07:40:25.499686,2026-05-01 07:40:25.499686,22.464561462402344
2026-05-01 07:40:25.698621,2026-05-01 07:40:25.698621,22.258939743041992
2026-05-01 07:40:25.897902,2026-05-01 07:40:25.897902,22.08416175842285
2026-05-01 07:40:26.097916,2026-05-01 07:40:26.097916,21.93560028076172
2026-05-01 07:40:26.299747,2026-05-01 07:40:26.299747,21.80932235717773
2026-05-01 07:40:26.498125,2026-05-01 07:40:26.498125,21.52620506286621
2026-05-01 07:40:26.698254,2026-05-01 07:40:26.698254,21.285554885864254
2026-05-01 07:40:26.898674,2026-05-01 07:40:26.898674,21.081003189086918
2026-05-01 07:40:27.098422,2026-05-01 07:40:27.098422,20.907135009765625
2026-05-01 07:40:27.300435,2026-05-01 07:40:27.300435,20.75934600830078
2026-05-01 07:40:27.498307,2026-05-01 07:40:27.498307,20.633724212646484
2026-05-01 07:40:27.699019,2026-05-01 07:40:27.699019,20.52694702148437
2026-05-01 07:40:27.898593,2026-05-01 07:40:27.898593,20.436185836791992
2026-05-01 07:40:28.099807,2026-05-01 07:40:28.099807,20.359039306640625
2026-05-01 07:40:28.297830,2026-05-01 07:40:28.297830,20.29346466064453
2026-05-01 07:40:28.497871,2026-05-01 07:40:28.497871,20.23772621154785
2026-05-01 07:40:28.699666,2026-05-01 07:40:28.699666,20.190349578857425
2026-05-01 07:40:28.897750,2026-05-01 07:40:28.897750,20.15007781982422
2026-05-01 07:40:29.097817,2026-05-01 07:40:29.097817,20.115846633911133
2026-05-01 07:40:29.299411,2026-05-01 07:40:29.299411,20.08675193786621
2026-05-01 07:40:29.498383,2026-05-01 07:40:29.498383,20.06201934814453
2026-05-01 07:40:29.697984,2026-05-01 07:40:29.697984,20.040998458862305
2026-05-01 07:40:29.898994,2026-05-01 07:40:29.898994,20.02313041687012
2026-05-01 07:40:30.097992,2026-05-01 07:40:30.097992,20.00794219970703
2026-05-01 07:40:30.298329,2026-05-01 07:40:30.298329,19.995031356811523
2026-05-01 07:40:30.497815,2026-05-01 07:40:30.497815,19.984058380126957
2026-05-01 07:40:30.699066,2026-05-01 07:40:30.699066,19.9747314453125
2026-05-01 07:40:30.898347,2026-05-01 07:40:30.898347,19.9668025970459
2026-05-01 07:40:31.097901,2026-05-01 07:40:31.097901,19.96006393432617
2026-05-01 07:40:31.299682,2026-05-01 07:40:31.299682,19.954334259033203
2026-05-01 07:40:31.498209,2026-05-01 07:40:31.498209,19.949466705322266
2026-05-01 07:40:31.698107,2026-05-01 07:40:31.698107,19.945327758789062
2026-05-01 07:40:31.897840,2026-05-01 07:40:31.897840,19.941808700561523
2026-05-01 07:40:32.100538,2026-05-01 07:40:32.100538,19.938819885253903
2026-05-01 07:40:32.298298,2026-05-01 07:40:32.298298,19.760496139526367
2026-05-01 07:40:32.498344,2026-05-01 07:40:32.498344,19.60892105102539
2026-05-01 07:40:32.697919,2026-05-01 07:40:32.697919,19.48008346557617
2026-05-01 07:40:32.898498,2026-05-01 07:40:32.898498,19.37057113647461
2026-05-01 07:40:33.098499,2026-05-01 07:40:33.098499,19.277484893798828
2026-05-01 07:40:33.298496,2026-05-01 07:40:33.298496,19.198362350463867
2026-05-01 07:40:33.500415,2026-05-01 07:40:33.500415,19.131107330322266
2026-05-01 07:40:33.698207,2026-05-01 07:40:33.698207,19.07394218444824
2026-05-01 07:40:33.898065,2026-05-01 07:40:33.898065,18.84956932067871
2026-05-01 07:40:34.097839,2026-05-01 07:40:34.097839,18.83463478088379
2026-05-01 07:40:34.297902,2026-05-01 07:40:34.297902,18.64615821838379
2026-05-01 07:40:34.497970,2026-05-01 07:40:34.497970,18.485952377319336
2026-05-01 07:40:34.700024,2026-05-01 07:40:34.700024,18.34977912902832
2026-05-01 07:40:34.903048,2026-05-01 07:40:34.903048,18.23402976989746
2026-05-01 07:40:35.100350,2026-05-01 07:40:35.100350,18.135644912719727
2026-05-01 07:40:35.297854,2026-05-01 07:40:35.297854,18.052017211914062
2026-05-01 07:40:35.498142,2026-05-01 07:40:35.498142,17.980932235717773
2026-05-01 07:40:35.698161,2026-05-01 07:40:35.698161,17.92051124572754
2026-05-01 07:40:35.899717,2026-05-01 07:40:35.899717,17.86915397644043
2026-05-01 07:40:36.099171,2026-05-01 07:40:36.099171,17.825498580932617
2026-05-01 07:40:36.298207,2026-05-01 07:40:36.298207,17.788393020629883
2026-05-01 07:40:49.398213,2026-05-01 07:40:49.398213,17.756853103637695
2026-05-01 07:40:49.599161,2026-05-01 07:40:49.599161,17.730043411254883
2026-05-01 07:40:49.797775,2026-05-01 07:40:49.797775,17.707256317138672
2026-05-01 07:40:49.998803,2026-05-01 07:40:49.998803,17.68788719177246
2026-05-01 07:40:50.199404,2026-05-01 07:40:50.199404,17.671422958374023
2026-05-01 07:40:50.397787,2026-05-01 07:40:50.397787,17.657426834106445
2026-05-01 07:40:50.598033,2026-05-01 07:40:50.598033,17.821313858032227
2026-05-01 07:40:50.797955,2026-05-01 07:40:50.797955,17.960617065429688
2026-05-01 07:40:50.998605,2026-05-01 07:40:50.998605,18.07902336120605
2026-05-01 07:40:51.197891,2026-05-01 07:40:51.197891,18.179670333862305
2026-05-01 07:40:51.397963,2026-05-01 07:40:51.397963,18.265220642089844
2026-05-01 07:40:51.600229,2026-05-01 07:40:51.600229,18.337936401367188
2026-05-01 07:40:51.797845,2026-05-01 07:40:51.797845,18.39974594116211
2026-05-01 07:40:51.997971,2026-05-01 07:40:51.997971,18.62806510925293
2026-05-01 07:40:52.198057,2026-05-01 07:40:52.198057,18.8221378326416
2026-05-01 07:40:52.397851,2026-05-01 07:40:52.397851,18.987096786499023
2026-05-01 07:40:52.597858,2026-05-01 07:40:52.597858,19.1273136138916
2026-05-01 07:40:52.797828,2026-05-01 07:40:52.797828,19.24649810791016
2026-05-01 07:40:52.997781,2026-05-01 07:40:52.997781,19.34780502319336
2026-05-01 07:40:53.198502,2026-05-01 07:40:53.198502,19.433916091918945
2026-05-01 07:40:53.398836,2026-05-01 07:40:53.398836,19.50710868835449
2026-05-01 07:40:53.598722,2026-05-01 07:40:53.598722,19.569324493408203
2026-05-01 07:40:53.798691,2026-05-01 07:40:53.798691,19.62220764160156
2026-05-01 07:40:54.001220,2026-05-01 07:40:54.001220,19.491374969482425
2026-05-01 07:40:54.199955,2026-05-01 07:40:54.199955,19.55595016479492
2026-05-01 07:40:54.398383,2026-05-01 07:40:54.398383,19.61083984375
2026-05-01 07:40:54.597947,2026-05-01 07:40:54.597947,19.657495498657227
2026-05-01 07:40:54.798070,2026-05-01 07:40:54.798070,19.69715118408203
2026-05-01 07:40:54.998640,2026-05-01 07:40:54.998640,19.730859756469727
2026-05-01 07:40:55.198669,2026-05-01 07:40:55.198669,19.75951194763184
2026-05-01 07:40:55.398335,2026-05-01 07:40:55.398335,19.78386688232422
2026-05-01 07:40:55.599390,2026-05-01 07:40:55.599390,19.804567337036133
2026-05-01 07:40:55.798442,2026-05-01 07:40:55.798442,19.82216453552246
2026-05-01 07:40:55.997821,2026-05-01 07:40:55.997821,19.661338806152344
2026-05-01 07:40:56.197853,2026-05-01 07:40:56.197853,19.524639129638672
2026-05-01 07:40:56.400110,2026-05-01 07:40:56.400110,19.40844345092773
2026-05-01 07:40:56.600814,2026-05-01 07:40:56.600814,19.30967712402344
2026-05-01 07:40:56.798602,2026-05-01 07:40:56.798602,19.225725173950195
2026-05-01 07:40:56.999118,2026-05-01 07:40:56.999118,19.15436553955078
2026-05-01 07:40:57.197860,2026-05-01 07:40:57.197860,18.917930603027344
2026-05-01 07:40:57.398210,2026-05-01 07:40:57.398210,18.71695899963379
2026-05-01 07:40:57.597943,2026-05-01 07:40:57.597943,18.54613494873047
2026-05-01 07:40:57.799113,2026-05-01 07:40:57.799113,18.40093231201172
2026-05-01 07:40:57.999999,2026-05-01 07:40:57.999999,18.277511596679688
2026-05-01 07:40:58.201518,2026-05-01 07:40:58.201518,18.17260360717773
2026-05-01 07:40:58.398653,2026-05-01 07:40:58.398653,17.907649993896484
2026-05-01 07:40:58.598822,2026-05-01 07:40:58.598822,17.85822105407715
2026-05-01 07:40:58.798921,2026-05-01 07:40:58.798921,17.640426635742188
2026-05-01 07:40:59.001015,2026-05-01 07:40:59.001015,19.388893127441406
2026-05-01 07:40:59.200060,2026-05-01 07:40:59.200060,20.875089645385746
2026-05-01 07:40:59.398898,2026-05-01 07:40:59.398898,22.13835906982422
2026-05-01 07:40:59.598134,2026-05-01 07:40:59.598134,23.212135314941406
2026-05-01 07:40:59.798984,2026-05-01 07:40:59.798984,24.12484741210937
2026-05-01 07:40:59.998137,2026-05-01 07:40:59.998137,24.724868774414062
2026-05-01 07:41:00.198695,2026-05-01 07:41:00.198695,25.41067123413086
2026-05-01 07:41:00.400759,2026-05-01 07:41:00.400759,25.993600845336918
2026-05-01 07:41:00.599470,2026-05-01 07:41:00.599470,26.489091873168945
2026-05-01 07:41:00.797952,2026-05-01 07:41:00.797952,26.91025924682617
2026-05-01 07:41:00.999712,2026-05-01 07:41:00.999712,27.268251419067383
2026-05-01 07:41:01.197992,2026-05-01 07:41:01.197992,27.572546005249023
2026-05-01 07:41:01.397916,2026-05-01 07:41:01.397916,27.831193923950195
2026-05-01 07:41:01.598083,2026-05-01 07:41:01.598083,28.05104637145996
2026-05-01 07:41:01.798861,2026-05-01 07:41:01.798861,28.2379207611084
2026-05-01 07:41:01.998278,2026-05-01 07:41:01.998278,28.396764755249023
2026-05-01 07:41:02.202670,2026-05-01 07:41:02.202670,28.53178024291992
2026-05-01 07:41:02.397741,2026-05-01 07:41:02.397741,28.64654541015625
2026-05-01 07:41:02.598463,2026-05-01 07:41:02.598463,28.74409484863281
2026-05-01 07:41:02.798777,2026-05-01 07:41:02.798777,28.82701110839844
2026-05-01 07:41:02.999866,2026-05-01 07:41:02.999866,28.897491455078125
2026-05-01 07:41:03.198661,2026-05-01 07:41:03.198661,28.957399368286133
2026-05-01 07:41:03.399442,2026-05-01 07:41:03.399442,29.008319854736328
2026-05-01 07:41:03.599047,2026-05-01 07:41:03.599047,29.051603317260746
2026-05-01 07:41:03.797931,2026-05-01 07:41:03.797931,29.088394165039062
2026-05-01 07:41:03.997977,2026-05-01 07:41:03.997977,29.119667053222656
2026-05-01 07:41:04.199002,2026-05-01 07:41:04.199002,29.14624786376953
2026-05-01 07:41:04.399048,2026-05-01 07:41:04.399048,29.168842315673828
2026-05-01 07:41:04.598037,2026-05-01 07:41:04.598037,29.188047409057617
2026-05-01 07:41:04.797775,2026-05-01 07:41:04.797775,29.204370498657227
2026-05-01 07:41:04.998806,2026-05-01 07:41:04.998806,29.218246459960938
2026-05-01 07:41:05.197705,2026-05-01 07:41:05.197705,29.23004150390625
2026-05-01 07:41:05.399914,2026-05-01 07:41:05.399914,29.240066528320312
2026-05-01 07:41:05.601513,2026-05-01 07:41:05.601513,29.24858665466309
2026-05-01 07:41:05.797723,2026-05-01 07:41:05.797723,29.255830764770508
2026-05-01 07:41:06.001159,2026-05-01 07:41:06.001159,29.261987686157227
2026-05-01 07:41:06.201355,2026-05-01 07:41:06.201355,29.26721954345703
2026-05-01 07:41:06.399546,2026-05-01 07:41:06.399546,29.271669387817383
2026-05-01 07:41:06.598028,2026-05-01 07:41:06.598028,27.517637252807617
2026-05-01 07:41:06.799072,2026-05-01 07:41:06.799072,25.850929260253903
2026-05-01 07:41:06.998218,2026-05-01 07:41:06.998218,24.434226989746094
2026-05-01 07:41:07.198592,2026-05-01 07:41:07.198592,23.230030059814453
2026-05-01 07:41:07.397606,2026-05-01 07:41:07.397606,22.206462860107425
2026-05-01 07:41:07.598021,2026-05-01 07:41:07.598021,21.3364315032959
2026-05-01 07:41:07.797776,2026-05-01 07:41:07.797776,20.596904754638672
2026-05-01 07:41:07.998934,2026-05-01 07:41:07.998934,19.968305587768555
2026-05-01 07:41:08.197934,2026-05-01 07:41:08.197934,19.43399810791016
2026-05-01 07:41:08.398514,2026-05-01 07:41:08.398514,18.979835510253903
2026-05-01 07:41:08.598524,2026-05-01 07:41:08.598524,18.76957893371582
2026-05-01 07:41:08.798432,2026-05-01 07:41:08.798432,18.59086036682129
2026-05-01 07:41:08.998341,2026-05-01 07:41:08.998341,18.438949584960938
2026-05-01 07:41:09.198246,2026-05-01 07:41:09.198246,18.1340446472168
2026-05-01 07:41:09.397922,2026-05-01 07:41:09.397922,18.050657272338867
2026-05-01 07:41:09.597748,2026-05-01 07:41:09.597748,17.979778289794922
2026-05-01 07:41:09.798162,2026-05-01 07:41:09.798162,17.91952896118164
2026-05-01 07:41:09.997728,2026-05-01 07:41:09.997728,17.868318557739258
2026-05-01 07:41:10.197828,2026-05-01 07:41:10.197828,17.82478904724121
2026-05-01 07:41:10.397757,2026-05-01 07:41:10.397757,17.787790298461914
2026-05-01 07:41:10.598714,2026-05-01 07:41:10.598714,17.75634002685547
2026-05-01 07:41:10.798557,2026-05-01 07:41:10.798557,17.9053897857666
2026-05-01 07:41:10.997958,2026-05-01 07:41:10.997958,17.856300354003906
2026-05-01 07:41:11.198318,2026-05-01 07:41:11.198318,17.814573287963867
2026-05-01 07:41:11.397744,2026-05-01 07:41:11.397744,17.77910614013672
2026-05-01 07:41:11.598110,2026-05-01 07:41:11.598110,17.748958587646484
2026-05-01 07:41:11.798409,2026-05-01 07:41:11.798409,17.72333335876465
2026-05-01 07:41:11.997757,2026-05-01 07:41:11.997757,17.701553344726562
2026-05-01 07:41:12.197746,2026-05-01 07:41:12.197746,17.68303871154785
2026-05-01 07:41:12.399164,2026-05-01 07:41:12.399164,17.667301177978516
2026-05-01 07:41:12.598004,2026-05-01 07:41:12.598004,17.4781436920166
2026-05-01 07:41:12.797832,2026-05-01 07:41:12.797832,17.317359924316406
2026-05-01 07:41:12.998380,2026-05-01 07:41:12.998380,17.356473922729492
2026-05-01 07:41:13.202867,2026-05-01 07:41:13.202867,17.38972282409668
2026-05-01 07:41:13.397835,2026-05-01 07:41:13.397835,17.24220085144043
2026-05-01 07:41:13.597904,2026-05-01 07:41:13.597904,17.11680793762207
2026-05-01 07:41:13.797995,2026-05-01 07:41:13.797995,17.010225296020508
2026-05-01 07:41:13.998473,2026-05-01 07:41:13.998473,16.919628143310547
2026-05-01 07:41:14.198430,2026-05-01 07:41:14.198430,16.842620849609375
2026-05-01 07:41:14.398110,2026-05-01 07:41:14.398110,16.77716636657715
2026-05-01 07:41:14.598038,2026-05-01 07:41:14.598038,16.721529006958008
2026-05-01 07:41:27.697842,2026-05-01 07:41:27.697842,16.674236297607422
2026-05-01 07:41:27.898252,2026-05-01 07:41:27.898252,16.6340389251709
2026-05-01 07:41:28.097922,2026-05-01 07:41:28.097922,16.599870681762695
2026-05-01 07:41:28.297981,2026-05-01 07:41:28.297981,16.57082748413086
2026-05-01 07:41:28.499856,2026-05-01 07:41:28.499856,16.546140670776367
2026-05-01 07:41:28.704399,2026-05-01 07:41:28.704399,16.525157928466797
2026-05-01 07:41:28.897683,2026-05-01 07:41:28.897683,16.507320404052734
2026-05-01 07:41:29.097721,2026-05-01 07:41:29.097721,16.49216079711914
2026-05-01 07:41:29.297801,2026-05-01 07:41:29.297801,16.47927474975586
2026-05-01 07:41:29.497773,2026-05-01 07:41:29.497773,16.468320846557617
2026-05-01 07:41:29.698627,2026-05-01 07:41:29.698627,16.283227920532227
2026-05-01 07:41:29.897878,2026-05-01 07:41:29.897878,16.125900268554688
2026-05-01 07:41:30.098294,2026-05-01 07:41:30.098294,16.167953491210938
2026-05-01 07:41:30.297751,2026-05-01 07:41:30.297751,16.203697204589844
2026-05-01 07:41:30.497634,2026-05-01 07:41:30.497634,16.234081268310547
2026-05-01 07:41:30.697700,2026-05-01 07:41:30.697700,16.259904861450195
2026-05-01 07:41:30.898161,2026-05-01 07:41:30.898161,16.281856536865234
2026-05-01 07:41:31.097857,2026-05-01 07:41:31.097857,16.30051612854004
2026-05-01 07:41:31.298163,2026-05-01 07:41:31.298163,16.316375732421875
2026-05-01 07:41:31.497866,2026-05-01 07:41:31.497866,16.329856872558594
2026-05-01 07:41:31.699307,2026-05-01 07:41:31.699307,16.34131622314453
2026-05-01 07:41:31.898380,2026-05-01 07:41:31.898380,16.351057052612305
2026-05-01 07:41:32.098761,2026-05-01 07:41:32.098761,16.35933494567871
2026-05-01 07:41:32.298505,2026-05-01 07:41:32.298505,16.36637306213379
2026-05-01 07:41:32.498103,2026-05-01 07:41:32.498103,16.37235450744629
2026-05-01 07:41:32.698437,2026-05-01 07:41:32.698437,16.377439498901367
2026-05-01 07:41:32.898478,2026-05-01 07:41:32.898478,16.205978393554688
2026-05-01 07:41:33.097859,2026-05-01 07:41:33.097859,16.060237884521484
2026-05-01 07:41:33.297698,2026-05-01 07:41:33.297698,15.760577201843262
2026-05-01 07:41:33.497674,2026-05-01 07:41:33.497674,15.330084800720217
2026-05-01 07:41:33.697781,2026-05-01 07:41:33.697781,15.139946937561035
2026-05-01 07:41:33.897904,2026-05-01 07:41:33.897904,14.9783296585083
2026-05-01 07:41:34.097747,2026-05-01 07:41:34.097747,14.66517448425293
2026-05-01 07:41:34.300926,2026-05-01 07:41:34.300926,14.398991584777832
2026-05-01 07:41:34.501635,2026-05-01 07:41:34.501635,14.172737121582031
2026-05-01 07:41:34.698808,2026-05-01 07:41:34.698808,13.980420112609863
2026-05-01 07:41:34.898600,2026-05-01 07:41:34.898600,13.816950798034668
2026-05-01 07:41:35.100245,2026-05-01 07:41:35.100245,13.67800235748291
2026-05-01 07:41:35.298072,2026-05-01 07:41:35.298072,13.559895515441896
2026-05-01 07:41:35.497807,2026-05-01 07:41:35.497807,13.459505081176758
2026-05-01 07:41:35.697806,2026-05-01 07:41:35.697806,13.374173164367676
2026-05-01 07:41:35.899458,2026-05-01 07:41:35.899458,13.301640510559082
2026-05-01 07:41:36.103220,2026-05-01 07:41:36.103220,13.239988327026367
2026-05-01 07:41:36.298105,2026-05-01 07:41:36.298105,13.011802673339844
2026-05-01 07:41:36.498207,2026-05-01 07:41:36.498207,12.99362564086914
2026-05-01 07:41:36.697717,2026-05-01 07:41:36.697717,12.97817611694336
2026-05-01 07:41:36.898046,2026-05-01 07:41:36.898046,12.789261817932127
2026-05-01 07:41:37.102168,2026-05-01 07:41:37.102168,12.628684997558594
2026-05-01 07:41:37.300009,2026-05-01 07:41:37.300009,12.492195129394531
2026-05-01 07:41:37.499826,2026-05-01 07:41:37.499826,12.551959037780762
2026-05-01 07:41:37.700165,2026-05-01 07:41:37.700165,12.60275936126709
2026-05-01 07:41:37.898902,2026-05-01 07:41:37.898902,12.821720123291016
2026-05-01 07:41:38.100751,2026-05-01 07:41:38.100751,13.007837295532228
2026-05-01 07:41:38.300202,2026-05-01 07:41:38.300202,13.16603660583496
2026-05-01 07:41:38.502752,2026-05-01 07:41:38.502752,13.124725341796877
2026-05-01 07:41:38.698409,2026-05-01 07:41:38.698409,13.26539134979248
2026-05-01 07:41:38.898975,2026-05-01 07:41:38.898975,14.615426063537598
2026-05-01 07:41:39.102369,2026-05-01 07:41:39.102369,15.76295566558838
2026-05-01 07:41:39.298663,2026-05-01 07:41:39.298663,16.91413688659668
2026-05-01 07:41:39.498434,2026-05-01 07:41:39.498434,17.892641067504883
2026-05-01 07:41:39.697883,2026-05-01 07:41:39.697883,18.7243709564209
2026-05-01 07:41:39.900265,2026-05-01 07:41:39.900265,19.431339263916016
2026-05-01 07:41:40.100019,2026-05-01 07:41:40.100019,20.032264709472656
2026-05-01 07:41:40.302733,2026-05-01 07:41:40.302733,20.543048858642575
2026-05-01 07:41:40.499377,2026-05-01 07:41:40.499377,20.97721672058105
2026-05-01 07:41:40.697816,2026-05-01 07:41:40.697816,21.34626007080078
2026-05-01 07:41:40.899781,2026-05-01 07:41:40.899781,21.65994644165039
2026-05-01 07:41:41.097940,2026-05-01 07:41:41.097940,21.92657852172852
2026-05-01 07:41:41.302479,2026-05-01 07:41:41.302479,22.153217315673828
2026-05-01 07:41:41.498460,2026-05-01 07:41:41.498460,22.34585952758789
2026-05-01 07:41:41.698639,2026-05-01 07:41:41.698639,22.509605407714844
2026-05-01 07:41:41.899828,2026-05-01 07:41:41.899828,22.64879035949707
2026-05-01 07:41:42.098979,2026-05-01 07:41:42.098979,22.7670955657959
2026-05-01 07:41:42.298357,2026-05-01 07:41:42.298357,22.867656707763672
2026-05-01 07:41:42.497718,2026-05-01 07:41:42.497718,22.95313262939453
2026-05-01 07:41:42.700474,2026-05-01 07:41:42.700474,23.025787353515625
2026-05-01 07:41:42.904453,2026-05-01 07:41:42.904453,23.08754539489746
2026-05-01 07:41:43.098456,2026-05-01 07:41:43.098456,23.140037536621094
2026-05-01 07:41:43.297925,2026-05-01 07:41:43.297925,23.18465805053711
2026-05-01 07:41:43.498008,2026-05-01 07:41:43.498008,23.222583770751957
2026-05-01 07:41:43.697623,2026-05-01 07:41:43.697623,23.25482177734375
2026-05-01 07:41:43.902462,2026-05-01 07:41:43.902462,23.28222274780273
2026-05-01 07:41:44.099236,2026-05-01 07:41:44.099236,23.30551528930664
2026-05-01 07:41:44.298601,2026-05-01 07:41:44.298601,23.3253116607666
2026-05-01 07:41:44.497772,2026-05-01 07:41:44.497772,23.342140197753903
2026-05-01 07:41:44.698667,2026-05-01 07:41:44.698667,23.1806640625
2026-05-01 07:41:44.899418,2026-05-01 07:41:44.899418,23.043407440185547
2026-05-01 07:41:45.099225,2026-05-01 07:41:45.099225,22.926740646362305
2026-05-01 07:41:45.298232,2026-05-01 07:41:45.298232,22.82757377624512
2026-05-01 07:41:45.499410,2026-05-01 07:41:45.499410,22.7432804107666
2026-05-01 07:41:45.698359,2026-05-01 07:41:45.698359,22.671632766723636
2026-05-01 07:41:45.898580,2026-05-01 07:41:45.898580,22.61073112487793
2026-05-01 07:41:46.098434,2026-05-01 07:41:46.098434,22.5589656829834
2026-05-01 07:41:46.298488,2026-05-01 07:41:46.298488,22.514965057373047
2026-05-01 07:41:46.498432,2026-05-01 07:41:46.498432,22.477563858032227
2026-05-01 07:41:46.697714,2026-05-01 07:41:46.697714,22.094209671020508
2026-05-01 07:41:46.898494,2026-05-01 07:41:46.898494,21.768360137939453
2026-05-01 07:41:47.098636,2026-05-01 07:41:47.098636,21.66716766357422
2026-05-01 07:41:47.300974,2026-05-01 07:41:47.300974,21.40537452697754
2026-05-01 07:41:47.498301,2026-05-01 07:41:47.498301,21.358631134033203
2026-05-01 07:41:47.698300,2026-05-01 07:41:47.698300,21.31889915466309
2026-05-01 07:41:47.898697,2026-05-01 07:41:47.898697,21.285125732421875
2026-05-01 07:41:48.098258,2026-05-01 07:41:48.098258,21.256420135498047
2026-05-01 07:41:48.298062,2026-05-01 07:41:48.298062,21.23201942443848
2026-05-01 07:41:48.497949,2026-05-01 07:41:48.497949,21.211278915405277
2026-05-01 07:41:48.697837,2026-05-01 07:41:48.697837,21.017868041992188
2026-05-01 07:41:48.897670,2026-05-01 07:41:48.897670,20.85346984863281
2026-05-01 07:41:49.097834,2026-05-01 07:41:49.097834,20.71372985839844
2026-05-01 07:41:49.297629,2026-05-01 07:41:49.297629,20.594951629638672
2026-05-01 07:41:49.499015,2026-05-01 07:41:49.499015,20.318208694458008
2026-05-01 07:41:49.700691,2026-05-01 07:41:49.700691,20.082977294921875
2026-05-01 07:41:49.897790,2026-05-01 07:41:49.897790,19.883031845092773
2026-05-01 07:41:50.099290,2026-05-01 07:41:50.099290,19.713075637817383
2026-05-01 07:41:50.298889,2026-05-01 07:41:50.298889,19.5686149597168
2026-05-01 07:41:50.497848,2026-05-01 07:41:50.497848,19.621604919433597
2026-05-01 07:41:50.700306,2026-05-01 07:41:50.700306,19.666645050048828
2026-05-01 07:41:50.897845,2026-05-01 07:41:50.897845,19.70492935180664
2026-05-01 07:41:51.098380,2026-05-01 07:41:51.098380,19.73747062683105
2026-05-01 07:41:51.298455,2026-05-01 07:41:51.298455,19.7651309967041
2026-05-01 07:41:51.497701,2026-05-01 07:41:51.497701,19.78864288330078
2026-05-01 07:41:51.697752,2026-05-01 07:41:51.697752,19.80862808227539
2026-05-01 07:41:51.897761,2026-05-01 07:41:51.897761,20.00139617919922
2026-05-01 07:41:52.098536,2026-05-01 07:41:52.098536,19.98946762084961
2026-05-01 07:41:52.299226,2026-05-01 07:41:52.299226,19.979328155517575
2026-05-01 07:41:52.498740,2026-05-01 07:41:52.498740,20.14649200439453
2026-05-01 07:41:52.697753,2026-05-01 07:41:52.697753,20.28858184814453
2026-05-01 07:41:52.897665,2026-05-01 07:41:52.897665,20.40935707092285
2026-05-01 07:42:05.999938,2026-05-01 07:42:05.999938,20.51201438903809
2026-05-01 07:42:06.198252,2026-05-01 07:42:06.198252,20.775056838989254
2026-05-01 07:42:06.397995,2026-05-01 07:42:06.397995,20.82286071777344
2026-05-01 07:42:06.599659,2026-05-01 07:42:06.599659,21.039276123046875
2026-05-01 07:42:06.798994,2026-05-01 07:42:06.798994,21.223228454589844
2026-05-01 07:42:06.998774,2026-05-01 07:42:06.998774,21.379587173461918
2026-05-01 07:42:07.198219,2026-05-01 07:42:07.198219,21.51249313354492
2026-05-01 07:42:07.397829,2026-05-01 07:42:07.397829,21.625463485717773
2026-05-01 07:42:07.598695,2026-05-01 07:42:07.598695,21.72148704528809
2026-05-01 07:42:07.797748,2026-05-01 07:42:07.797748,21.80310821533203
2026-05-01 07:42:07.998688,2026-05-01 07:42:07.998688,22.048267364501957
2026-05-01 07:42:08.199078,2026-05-01 07:42:08.199078,22.256650924682617
2026-05-01 07:42:08.397679,2026-05-01 07:42:08.397679,22.433778762817383
2026-05-01 07:42:08.597722,2026-05-01 07:42:08.597722,22.58433723449707
2026-05-01 07:42:08.798287,2026-05-01 07:42:08.798287,22.712310791015625
2026-05-01 07:42:08.997986,2026-05-01 07:42:08.997986,22.996871948242188
2026-05-01 07:42:09.198811,2026-05-01 07:42:09.198811,23.238746643066406
2026-05-01 07:42:09.397869,2026-05-01 07:42:09.397869,23.4443416595459
2026-05-01 07:42:09.597922,2026-05-01 07:42:09.597922,23.619096755981445
2026-05-01 07:42:09.797763,2026-05-01 07:42:09.797763,23.767637252807617
2026-05-01 07:42:10.002769,2026-05-01 07:42:10.002769,24.069679260253903
2026-05-01 07:42:10.198160,2026-05-01 07:42:10.198160,24.326416015625
2026-05-01 07:42:10.397856,2026-05-01 07:42:10.397856,24.720420837402344
2026-05-01 07:42:10.599268,2026-05-01 07:42:10.599268,25.231107711791992
2026-05-01 07:42:10.798908,2026-05-01 07:42:10.798908,25.489410400390625
2026-05-01 07:42:10.997908,2026-05-01 07:42:10.997908,25.708967208862305
2026-05-01 07:42:11.198556,2026-05-01 07:42:11.198556,25.895591735839844
2026-05-01 07:42:11.399438,2026-05-01 07:42:11.399438,26.054222106933597
2026-05-01 07:42:11.597774,2026-05-01 07:42:11.597774,26.18905639648437
2026-05-01 07:42:11.799502,2026-05-01 07:42:11.799502,26.303667068481445
2026-05-01 07:42:11.998732,2026-05-01 07:42:11.998732,26.576868057250977
2026-05-01 07:42:12.198009,2026-05-01 07:42:12.198009,26.8090877532959
2026-05-01 07:42:12.397696,2026-05-01 07:42:12.397696,27.00647354125977
2026-05-01 07:42:12.598113,2026-05-01 07:42:12.598113,27.17425346374512
2026-05-01 07:42:12.799857,2026-05-01 07:42:12.799857,27.316865921020508
2026-05-01 07:42:12.998122,2026-05-01 07:42:12.998122,27.438085556030277
2026-05-01 07:42:13.197842,2026-05-01 07:42:13.197842,27.54112243652344
2026-05-01 07:42:13.397964,2026-05-01 07:42:13.397964,27.62870407104492
2026-05-01 07:42:13.597792,2026-05-01 07:42:13.597792,27.703147888183597
2026-05-01 07:42:13.798940,2026-05-01 07:42:13.798940,27.76642608642578
2026-05-01 07:42:13.997831,2026-05-01 07:42:13.997831,27.82021141052246
2026-05-01 07:42:14.198445,2026-05-01 07:42:14.198445,27.690149307250977
2026-05-01 07:42:14.397982,2026-05-01 07:42:14.397982,27.5795955657959
2026-05-01 07:42:14.597650,2026-05-01 07:42:14.597650,27.48562431335449
2026-05-01 07:42:14.797814,2026-05-01 07:42:14.797814,27.405750274658203
2026-05-01 07:42:14.997822,2026-05-01 07:42:14.997822,27.33785629272461
2026-05-01 07:42:15.197903,2026-05-01 07:42:15.197903,27.2801456451416
2026-05-01 07:42:15.397755,2026-05-01 07:42:15.397755,27.23109245300293
2026-05-01 07:42:15.598335,2026-05-01 07:42:15.598335,27.18939781188965
2026-05-01 07:42:15.797786,2026-05-01 07:42:15.797786,27.15395736694336
2026-05-01 07:42:15.999858,2026-05-01 07:42:15.999858,27.12383270263672
2026-05-01 07:42:16.198483,2026-05-01 07:42:16.198483,27.09822654724121
2026-05-01 07:42:16.397786,2026-05-01 07:42:16.397786,27.076461791992188
2026-05-01 07:42:16.599817,2026-05-01 07:42:16.599817,26.882179260253903
2026-05-01 07:42:16.798120,2026-05-01 07:42:16.798120,26.717039108276367
2026-05-01 07:42:16.999541,2026-05-01 07:42:16.999541,26.5766716003418
2026-05-01 07:42:17.198160,2026-05-01 07:42:17.198160,26.45735740661621
2026-05-01 07:42:17.401266,2026-05-01 07:42:17.401266,26.355941772460938
2026-05-01 07:42:17.600143,2026-05-01 07:42:17.600143,26.093957901000977
2026-05-01 07:42:17.798440,2026-05-01 07:42:17.798440,25.87126922607422
2026-05-01 07:42:18.002690,2026-05-01 07:42:18.002690,25.68198585510254
2026-05-01 07:42:18.197830,2026-05-01 07:42:18.197830,25.521093368530277
2026-05-01 07:42:18.398091,2026-05-01 07:42:18.398091,25.208555221557617
2026-05-01 07:42:18.598066,2026-05-01 07:42:18.598066,24.942895889282227
2026-05-01 07:42:18.798210,2026-05-01 07:42:18.798210,24.717086791992188
2026-05-01 07:42:18.999298,2026-05-01 07:42:18.999298,24.349367141723636
2026-05-01 07:42:19.199522,2026-05-01 07:42:19.199522,24.036806106567383
2026-05-01 07:42:19.397785,2026-05-01 07:42:19.397785,23.771129608154297
2026-05-01 07:42:19.599657,2026-05-01 07:42:19.599657,23.54530334472656
2026-05-01 07:42:19.800898,2026-05-01 07:42:19.800898,23.353351593017575
2026-05-01 07:42:19.998624,2026-05-01 07:42:19.998624,23.19019317626953
2026-05-01 07:42:20.200265,2026-05-01 07:42:20.200265,23.0515079498291
2026-05-01 07:42:20.399162,2026-05-01 07:42:20.399162,22.757843017578125
2026-05-01 07:42:20.602289,2026-05-01 07:42:20.602289,22.508230209350582
2026-05-01 07:42:20.800444,2026-05-01 07:42:20.800444,22.12027740478516
2026-05-01 07:42:21.000442,2026-05-01 07:42:21.000442,21.790515899658203
2026-05-01 07:42:21.200304,2026-05-01 07:42:21.200304,21.51021957397461
2026-05-01 07:42:21.401073,2026-05-01 07:42:21.401073,21.27196884155273
2026-05-01 07:42:21.601285,2026-05-01 07:42:21.601285,20.893672943115234
2026-05-01 07:42:21.798227,2026-05-01 07:42:21.798227,20.39634132385254
2026-05-01 07:42:22.000787,2026-05-01 07:42:22.000787,20.149389266967773
2026-05-01 07:42:22.199009,2026-05-01 07:42:22.199009,19.76370048522949
2026-05-01 07:42:22.399128,2026-05-01 07:42:22.399128,19.260082244873047
2026-05-01 07:42:22.597865,2026-05-01 07:42:22.597865,18.832008361816406
2026-05-01 07:42:22.799632,2026-05-01 07:42:22.799632,18.46814346313477
2026-05-01 07:42:23.000197,2026-05-01 07:42:23.000197,18.158859252929688
2026-05-01 07:42:23.198733,2026-05-01 07:42:23.198733,17.895967483520508
2026-05-01 07:42:23.401300,2026-05-01 07:42:23.401300,17.672510147094727
2026-05-01 07:42:23.599340,2026-05-01 07:42:23.599340,17.48257064819336
2026-05-01 07:42:23.797744,2026-05-01 07:42:23.797744,17.321123123168945
2026-05-01 07:42:23.998182,2026-05-01 07:42:23.998182,17.18389320373535
2026-05-01 07:42:24.200084,2026-05-01 07:42:24.200084,17.067245483398438
2026-05-01 07:42:24.399217,2026-05-01 07:42:24.399217,16.968095779418945
2026-05-01 07:42:24.600115,2026-05-01 07:42:24.600115,16.883819580078125
2026-05-01 07:42:24.798925,2026-05-01 07:42:24.798925,16.636402130126953
2026-05-01 07:42:25.001370,2026-05-01 07:42:25.001370,16.426097869873047
2026-05-01 07:42:25.197993,2026-05-01 07:42:25.197993,16.247339248657227
2026-05-01 07:42:25.398688,2026-05-01 07:42:25.398688,16.271177291870117
2026-05-01 07:42:25.598449,2026-05-01 07:42:25.598449,16.11565589904785
2026-05-01 07:42:25.798086,2026-05-01 07:42:25.798086,15.983464241027832
2026-05-01 07:42:25.998591,2026-05-01 07:42:25.998591,15.871100425720217
2026-05-01 07:42:26.198015,2026-05-01 07:42:26.198015,15.951373100280762
2026-05-01 07:42:26.397811,2026-05-01 07:42:26.397811,16.01960563659668
2026-05-01 07:42:26.597710,2026-05-01 07:42:26.597710,16.07760238647461
2026-05-01 07:42:26.798560,2026-05-01 07:42:26.798560,16.12689971923828
2026-05-01 07:42:26.997907,2026-05-01 07:42:26.997907,16.16880226135254
2026-05-01 07:42:27.201852,2026-05-01 07:42:27.201852,16.204418182373047
2026-05-01 07:42:27.397740,2026-05-01 07:42:27.397740,16.23469352722168
2026-05-01 07:42:27.597836,2026-05-01 07:42:27.597836,16.084646224975586
2026-05-01 07:42:27.800503,2026-05-01 07:42:27.800503,16.13288688659668
2026-05-01 07:42:27.997682,2026-05-01 07:42:27.997682,16.173891067504883
2026-05-01 07:42:28.198271,2026-05-01 07:42:28.198271,16.208744049072266
2026-05-01 07:42:28.399459,2026-05-01 07:42:28.399459,16.238370895385742
2026-05-01 07:42:28.598512,2026-05-01 07:42:28.598512,16.263551712036133
2026-05-01 07:42:28.799260,2026-05-01 07:42:28.799260,16.460739135742188
2026-05-01 07:42:28.997892,2026-05-01 07:42:28.997892,16.628345489501953
2026-05-01 07:42:29.197762,2026-05-01 07:42:29.197762,16.77081298828125
2026-05-01 07:42:29.397779,2026-05-01 07:42:29.397779,16.891910552978516
2026-05-01 07:42:29.598029,2026-05-01 07:42:29.598029,16.994842529296875
2026-05-01 07:42:29.798262,2026-05-01 07:42:29.798262,17.082334518432617
2026-05-01 07:42:29.997900,2026-05-01 07:42:29.997900,17.33248519897461
2026-05-01 07:42:30.197705,2026-05-01 07:42:30.197705,17.54511260986328
2026-05-01 07:42:30.398669,2026-05-01 07:42:30.398669,17.725845336914062
2026-05-01 07:42:30.597889,2026-05-01 07:42:30.597889,17.87946891784668
2026-05-01 07:42:30.798377,2026-05-01 07:42:30.798377,18.010047912597656
2026-05-01 07:42:30.998105,2026-05-01 07:42:30.998105,18.12104034423828
2026-05-01 07:42:31.199103,2026-05-01 07:42:31.199103,18.21538543701172
2026-05-01 07:42:44.299303,2026-05-01 07:42:44.299303,18.29557609558105
2026-05-01 07:42:44.498502,2026-05-01 07:42:44.498502,18.363740921020508
2026-05-01 07:42:44.698080,2026-05-01 07:42:44.698080,18.42167854309082
2026-05-01 07:42:44.898388,2026-05-01 07:42:44.898388,18.470928192138672
2026-05-01 07:42:45.098607,2026-05-01 07:42:45.098607,18.688570022583008
2026-05-01 07:42:45.299609,2026-05-01 07:42:45.299609,18.873565673828125
2026-05-01 07:42:45.498072,2026-05-01 07:42:45.498072,19.030811309814453
2026-05-01 07:42:45.697826,2026-05-01 07:42:45.697826,19.164470672607425
2026-05-01 07:42:45.897921,2026-05-01 07:42:45.897921,19.2780818939209
2026-05-01 07:42:46.099659,2026-05-01 07:42:46.099659,19.374650955200195
2026-05-01 07:42:46.298926,2026-05-01 07:42:46.298926,19.45673370361328
2026-05-01 07:42:46.497838,2026-05-01 07:42:46.497838,19.702287673950195
2026-05-01 07:42:46.697812,2026-05-01 07:42:46.697812,19.911006927490234
2026-05-01 07:42:46.897801,2026-05-01 07:42:46.897801,20.088417053222656
2026-05-01 07:42:47.097796,2026-05-01 07:42:47.097796,20.23921775817871
2026-05-01 07:42:47.297868,2026-05-01 07:42:47.297868,20.36739730834961
2026-05-01 07:42:47.499041,2026-05-01 07:42:47.499041,20.47635078430176
2026-05-01 07:42:47.698767,2026-05-01 07:42:47.698767,20.568960189819336
2026-05-01 07:42:47.898734,2026-05-01 07:42:47.898734,20.64767837524414
2026-05-01 07:42:48.099268,2026-05-01 07:42:48.099268,20.71459007263184
2026-05-01 07:42:48.297786,2026-05-01 07:42:48.297786,20.77146339416504
2026-05-01 07:42:48.498816,2026-05-01 07:42:48.498816,20.819807052612305
2026-05-01 07:42:48.699062,2026-05-01 07:42:48.699062,20.860898971557617
2026-05-01 07:42:48.898730,2026-05-01 07:42:48.898730,20.89582633972168
2026-05-01 07:42:49.100915,2026-05-01 07:42:49.100915,20.925514221191406
2026-05-01 07:42:49.297947,2026-05-01 07:42:49.297947,20.95075035095215
2026-05-01 07:42:49.497777,2026-05-01 07:42:49.497777,20.97220039367676
2026-05-01 07:42:49.698413,2026-05-01 07:42:49.698413,20.99043273925781
2026-05-01 07:42:49.897731,2026-05-01 07:42:49.897731,21.00592994689941
2026-05-01 07:42:50.098523,2026-05-01 07:42:50.098523,21.019102096557617
2026-05-01 07:42:50.299171,2026-05-01 07:42:50.299171,21.03030014038086
2026-05-01 07:42:50.498984,2026-05-01 07:42:50.498984,21.039817810058597
2026-05-01 07:42:50.697811,2026-05-01 07:42:50.697811,21.04790687561035
2026-05-01 07:42:50.900213,2026-05-01 07:42:50.900213,21.05478286743164
2026-05-01 07:42:51.098221,2026-05-01 07:42:51.098221,21.06062889099121
2026-05-01 07:42:51.299489,2026-05-01 07:42:51.299489,21.065597534179688
2026-05-01 07:42:51.498018,2026-05-01 07:42:51.498018,21.06982040405273
2026-05-01 07:42:51.700852,2026-05-01 07:42:51.700852,21.249191284179688
2026-05-01 07:42:51.898164,2026-05-01 07:42:51.898164,21.401655197143555
2026-05-01 07:42:52.098004,2026-05-01 07:42:52.098004,21.531251907348636
2026-05-01 07:42:52.298952,2026-05-01 07:42:52.298952,21.641407012939453
2026-05-01 07:42:52.498446,2026-05-01 07:42:52.498446,21.73504066467285
2026-05-01 07:42:52.699032,2026-05-01 07:42:52.699032,21.81462860107422
2026-05-01 07:42:52.898563,2026-05-01 07:42:52.898563,21.88227653503418
2026-05-01 07:42:53.098072,2026-05-01 07:42:53.098072,21.93977928161621
2026-05-01 07:42:53.302606,2026-05-01 07:42:53.302606,21.988656997680664
2026-05-01 07:42:53.499470,2026-05-01 07:42:53.499470,22.030200958251957
2026-05-01 07:42:53.698406,2026-05-01 07:42:53.698406,22.06551551818848
2026-05-01 07:42:53.898238,2026-05-01 07:42:53.898238,22.095531463623047
2026-05-01 07:42:54.097790,2026-05-01 07:42:54.097790,22.12104606628418
2026-05-01 07:42:54.298164,2026-05-01 07:42:54.298164,22.142732620239254
2026-05-01 07:42:54.498900,2026-05-01 07:42:54.498900,22.16116714477539
2026-05-01 07:42:54.698991,2026-05-01 07:42:54.698991,22.176836013793945
2026-05-01 07:42:54.900403,2026-05-01 07:42:54.900403,22.19015312194824
2026-05-01 07:42:55.099164,2026-05-01 07:42:55.099164,22.201475143432617
2026-05-01 07:42:55.297788,2026-05-01 07:42:55.297788,22.21109771728516
2026-05-01 07:42:55.500917,2026-05-01 07:42:55.500917,22.219276428222656
2026-05-01 07:42:55.700911,2026-05-01 07:42:55.700911,22.402009963989254
2026-05-01 07:42:55.900863,2026-05-01 07:42:55.900863,22.38155174255371
2026-05-01 07:42:56.099473,2026-05-01 07:42:56.099473,22.53994369506836
2026-05-01 07:42:56.299396,2026-05-01 07:42:56.299396,22.67457771301269
2026-05-01 07:42:56.499714,2026-05-01 07:42:56.499714,22.78901672363281
2026-05-01 07:42:56.699416,2026-05-01 07:42:56.699416,22.886287689208984
2026-05-01 07:42:56.898684,2026-05-01 07:42:56.898684,22.968969345092773
2026-05-01 07:42:57.099507,2026-05-01 07:42:57.099507,23.039249420166016
2026-05-01 07:42:57.298014,2026-05-01 07:42:57.298014,23.274768829345703
2026-05-01 07:42:57.501466,2026-05-01 07:42:57.501466,23.47496032714844
2026-05-01 07:42:57.699218,2026-05-01 07:42:57.699218,23.64512252807617
2026-05-01 07:42:57.897808,2026-05-01 07:42:57.897808,23.78976058959961
2026-05-01 07:42:58.099816,2026-05-01 07:42:58.099816,23.912702560424805
2026-05-01 07:42:58.300599,2026-05-01 07:42:58.300599,24.017202377319336
2026-05-01 07:42:58.498989,2026-05-01 07:42:58.498989,24.106029510498047
2026-05-01 07:42:58.699767,2026-05-01 07:42:58.699767,24.181529998779297
2026-05-01 07:42:58.902577,2026-05-01 07:42:58.902577,24.24570655822754
2026-05-01 07:42:59.098546,2026-05-01 07:42:59.098546,24.300256729125977
2026-05-01 07:42:59.298660,2026-05-01 07:42:59.298660,24.34662437438965
2026-05-01 07:42:59.498492,2026-05-01 07:42:59.498492,24.38603782653809
2026-05-01 07:42:59.697653,2026-05-01 07:42:59.697653,24.419538497924805
2026-05-01 07:42:59.898338,2026-05-01 07:42:59.898338,24.448013305664062
2026-05-01 07:43:00.099667,2026-05-01 07:43:00.099667,24.472217559814453
2026-05-01 07:43:00.299263,2026-05-01 07:43:00.299263,24.4927921295166
2026-05-01 07:43:00.499588,2026-05-01 07:43:00.499588,24.510278701782227
2026-05-01 07:43:00.698375,2026-05-01 07:43:00.698375,24.52514266967773
2026-05-01 07:43:00.900134,2026-05-01 07:43:00.900134,24.36199760437012
2026-05-01 07:43:01.098785,2026-05-01 07:43:01.098785,24.22332191467285
2026-05-01 07:43:01.300925,2026-05-01 07:43:01.300925,24.105449676513672
2026-05-01 07:43:01.500858,2026-05-01 07:43:01.500858,24.00525665283203
2026-05-01 07:43:01.701132,2026-05-01 07:43:01.701132,23.920093536376957
2026-05-01 07:43:01.899965,2026-05-01 07:43:01.899965,23.84770393371582
2026-05-01 07:43:02.100076,2026-05-01 07:43:02.100076,23.78617286682129
2026-05-01 07:43:02.300084,2026-05-01 07:43:02.300084,23.73387336730957
2026-05-01 07:43:02.499761,2026-05-01 07:43:02.499761,23.689416885375977
2026-05-01 07:43:02.700729,2026-05-01 07:43:02.700729,23.65162849426269
2026-05-01 07:43:02.897710,2026-05-01 07:43:02.897710,23.61951065063477
2026-05-01 07:43:03.101003,2026-05-01 07:43:03.101003,23.592208862304688
2026-05-01 07:43:03.300633,2026-05-01 07:43:03.300633,23.569002151489254
2026-05-01 07:43:03.500163,2026-05-01 07:43:03.500163,23.54927635192871
2026-05-01 07:43:03.697873,2026-05-01 07:43:03.697873,23.53251075744629
2026-05-01 07:43:03.899191,2026-05-01 07:43:03.899191,23.518259048461918
2026-05-01 07:43:04.108362,2026-05-01 07:43:04.108362,23.50614547729492
2026-05-01 07:43:04.298362,2026-05-01 07:43:04.298362,23.495847702026367
2026-05-01 07:43:04.498991,2026-05-01 07:43:04.498991,23.487096786499023
2026-05-01 07:43:04.700240,2026-05-01 07:43:04.700240,23.479656219482425
2026-05-01 07:43:04.898081,2026-05-01 07:43:04.898081,23.47333335876465
2026-05-01 07:43:05.097884,2026-05-01 07:43:05.097884,23.467958450317383
2026-05-01 07:43:05.299486,2026-05-01 07:43:05.299486,23.463388442993164
2026-05-01 07:43:05.498241,2026-05-01 07:43:05.498241,23.45950508117676
2026-05-01 07:43:05.698907,2026-05-01 07:43:05.698907,23.280424118041992
2026-05-01 07:43:05.897699,2026-05-01 07:43:05.897699,23.303985595703125
2026-05-01 07:43:06.097734,2026-05-01 07:43:06.097734,23.324012756347656
2026-05-01 07:43:06.298003,2026-05-01 07:43:06.298003,23.341035842895508
2026-05-01 07:43:06.498914,2026-05-01 07:43:06.498914,23.355504989624023
2026-05-01 07:43:06.698363,2026-05-01 07:43:06.698363,23.3678035736084
2026-05-01 07:43:06.908272,2026-05-01 07:43:06.908272,23.37825965881348
2026-05-01 07:43:07.098019,2026-05-01 07:43:07.098019,23.38714408874512
2026-05-01 07:43:07.307968,2026-05-01 07:43:07.307968,23.394699096679688
2026-05-01 07:43:07.497672,2026-05-01 07:43:07.497672,23.40111923217773
2026-05-01 07:43:07.698656,2026-05-01 07:43:07.698656,23.40657615661621
2026-05-01 07:43:07.897938,2026-05-01 07:43:07.897938,23.41121482849121
2026-05-01 07:43:08.097713,2026-05-01 07:43:08.097713,23.415157318115234
2026-05-01 07:43:08.297814,2026-05-01 07:43:08.297814,23.24272727966309
2026-05-01 07:43:08.497797,2026-05-01 07:43:08.497797,23.271944046020508
2026-05-01 07:43:08.697766,2026-05-01 07:43:08.697766,23.296777725219727
2026-05-01 07:43:08.897923,2026-05-01 07:43:08.897923,23.31788444519043
2026-05-01 07:43:09.108711,2026-05-01 07:43:09.108711,23.335826873779297
2026-05-01 07:43:09.309596,2026-05-01 07:43:09.309596,23.351078033447266
2026-05-01 07:43:09.497958,2026-05-01 07:43:09.497958,23.36404228210449
2026-05-01 07:43:22.599978,2026-05-01 07:43:22.599978,23.37506103515625
2026-05-01 07:43:22.799214,2026-05-01 07:43:22.799214,23.38442611694336
2026-05-01 07:43:23.008127,2026-05-01 07:43:23.008127,23.39238739013672
2026-05-01 07:43:23.210610,2026-05-01 07:43:23.210610,23.399154663085938
2026-05-01 07:43:23.399606,2026-05-01 07:43:23.399606,23.404905319213867
2026-05-01 07:43:23.607849,2026-05-01 07:43:23.607849,23.4097957611084
2026-05-01 07:43:23.800600,2026-05-01 07:43:23.800600,23.413949966430664
2026-05-01 07:43:23.998905,2026-05-01 07:43:23.998905,23.417482376098636
2026-05-01 07:43:24.197839,2026-05-01 07:43:24.197839,23.420486450195312
2026-05-01 07:43:24.397817,2026-05-01 07:43:24.397817,23.423038482666016
2026-05-01 07:43:24.597948,2026-05-01 07:43:24.597948,23.425207138061523
2026-05-01 07:43:24.809014,2026-05-01 07:43:24.809014,23.427051544189453
2026-05-01 07:43:25.008413,2026-05-01 07:43:25.008413,23.428619384765625
2026-05-01 07:43:25.200318,2026-05-01 07:43:25.200318,23.429950714111328
2026-05-01 07:43:25.399008,2026-05-01 07:43:25.399008,23.43108367919922
2026-05-01 07:43:25.608903,2026-05-01 07:43:25.608903,23.43204498291016
2026-05-01 07:43:25.808279,2026-05-01 07:43:25.808279,23.257081985473636
2026-05-01 07:43:26.008387,2026-05-01 07:43:26.008387,23.10836410522461
2026-05-01 07:43:26.208070,2026-05-01 07:43:26.208070,22.981952667236328
2026-05-01 07:43:26.398535,2026-05-01 07:43:26.398535,22.87450408935547
2026-05-01 07:43:26.608101,2026-05-01 07:43:26.608101,22.783172607421875
2026-05-01 07:43:26.808408,2026-05-01 07:43:26.808408,22.70553970336914
2026-05-01 07:43:26.998742,2026-05-01 07:43:26.998742,22.63955307006836
2026-05-01 07:43:27.208711,2026-05-01 07:43:27.208711,22.58346366882324
2026-05-01 07:43:27.407707,2026-05-01 07:43:27.407707,22.53578758239746
2026-05-01 07:43:27.599976,2026-05-01 07:43:27.599976,22.495264053344727
2026-05-01 07:43:27.799155,2026-05-01 07:43:27.799155,22.460817337036133
2026-05-01 07:43:28.008494,2026-05-01 07:43:28.008494,22.43153953552246
2026-05-01 07:43:28.198546,2026-05-01 07:43:28.198546,22.406652450561523
2026-05-01 07:43:28.399790,2026-05-01 07:43:28.399790,22.385498046875
2026-05-01 07:43:28.608749,2026-05-01 07:43:28.608749,22.36751747131348
2026-05-01 07:43:28.800962,2026-05-01 07:43:28.800962,22.35223388671875
2026-05-01 07:43:28.999032,2026-05-01 07:43:28.999032,22.33924102783203
2026-05-01 07:43:29.198580,2026-05-01 07:43:29.198580,22.32819938659668
2026-05-01 07:43:29.399158,2026-05-01 07:43:29.399158,22.31881332397461
2026-05-01 07:43:29.608714,2026-05-01 07:43:29.608714,22.310834884643555
2026-05-01 07:43:29.811979,2026-05-01 07:43:29.811979,22.304054260253903
2026-05-01 07:43:30.009130,2026-05-01 07:43:30.009130,22.298288345336918
2026-05-01 07:43:30.212706,2026-05-01 07:43:30.212706,22.29339027404785
2026-05-01 07:43:30.399561,2026-05-01 07:43:30.399561,22.28922462463379
2026-05-01 07:43:30.598623,2026-05-01 07:43:30.598623,22.28568458557129
2026-05-01 07:43:30.809626,2026-05-01 07:43:30.809626,22.282676696777344
2026-05-01 07:43:31.009276,2026-05-01 07:43:31.009276,22.104337692260746
2026-05-01 07:43:31.211012,2026-05-01 07:43:31.211012,22.128530502319336
2026-05-01 07:43:31.407851,2026-05-01 07:43:31.407851,22.149093627929688
2026-05-01 07:43:31.608814,2026-05-01 07:43:31.608814,21.99079322814941
2026-05-01 07:43:31.814397,2026-05-01 07:43:31.814397,21.85623550415039
2026-05-01 07:43:32.009676,2026-05-01 07:43:32.009676,21.741863250732425
2026-05-01 07:43:32.208277,2026-05-01 07:43:32.208277,21.82042694091797
2026-05-01 07:43:32.410300,2026-05-01 07:43:32.410300,21.88720703125
2026-05-01 07:43:32.612384,2026-05-01 07:43:32.612384,21.9439697265625
2026-05-01 07:43:32.808447,2026-05-01 07:43:32.808447,21.992218017578125
2026-05-01 07:43:33.011918,2026-05-01 07:43:33.011918,22.03322982788086
2026-05-01 07:43:33.208618,2026-05-01 07:43:33.208618,22.06808853149414
2026-05-01 07:43:33.408426,2026-05-01 07:43:33.408426,22.273500442504883
2026-05-01 07:43:33.607966,2026-05-01 07:43:33.607966,22.44810104370117
2026-05-01 07:43:33.808488,2026-05-01 07:43:33.808488,22.59650993347168
2026-05-01 07:43:34.008723,2026-05-01 07:43:34.008723,22.722658157348636
2026-05-01 07:43:34.213291,2026-05-01 07:43:34.213291,22.82988548278809
2026-05-01 07:43:34.409412,2026-05-01 07:43:34.409412,23.0968074798584
2026-05-01 07:43:34.608486,2026-05-01 07:43:34.608486,23.323694229125977
2026-05-01 07:43:34.808751,2026-05-01 07:43:34.808751,23.51654624938965
2026-05-01 07:43:35.008934,2026-05-01 07:43:35.008934,23.680469512939453
2026-05-01 07:43:35.208854,2026-05-01 07:43:35.208854,23.819805145263672
2026-05-01 07:43:35.409471,2026-05-01 07:43:35.409471,23.938241958618164
2026-05-01 07:43:35.598973,2026-05-01 07:43:35.598973,24.038911819458008
2026-05-01 07:43:35.810882,2026-05-01 07:43:35.810882,24.124481201171875
2026-05-01 07:43:36.008359,2026-05-01 07:43:36.008359,24.197214126586918
2026-05-01 07:43:36.204496,2026-05-01 07:43:36.204496,24.2590389251709
2026-05-01 07:43:36.411246,2026-05-01 07:43:36.411246,24.31159019470215
2026-05-01 07:43:36.608596,2026-05-01 07:43:36.608596,24.35625648498535
2026-05-01 07:43:36.808143,2026-05-01 07:43:36.808143,24.39422416687012
2026-05-01 07:43:37.011216,2026-05-01 07:43:37.011216,24.426496505737305
2026-05-01 07:43:37.207898,2026-05-01 07:43:37.207898,24.453929901123047
2026-05-01 07:43:37.398832,2026-05-01 07:43:37.398832,24.477245330810547
2026-05-01 07:43:37.608162,2026-05-01 07:43:37.608162,24.4970645904541
2026-05-01 07:43:37.807762,2026-05-01 07:43:37.807762,24.51391220092773
2026-05-01 07:43:38.008457,2026-05-01 07:43:38.008457,24.528230667114254
2026-05-01 07:43:38.208290,2026-05-01 07:43:38.208290,24.540403366088867
2026-05-01 07:43:38.408387,2026-05-01 07:43:38.408387,24.55074882507324
2026-05-01 07:43:38.607730,2026-05-01 07:43:38.607730,24.559541702270508
2026-05-01 07:43:38.808474,2026-05-01 07:43:38.808474,24.5670166015625
2026-05-01 07:43:39.007919,2026-05-01 07:43:39.007919,24.57337188720703
2026-05-01 07:43:39.209311,2026-05-01 07:43:39.209311,24.578771591186523
2026-05-01 07:43:39.399214,2026-05-01 07:43:39.399214,24.407581329345703
2026-05-01 07:43:39.609056,2026-05-01 07:43:39.609056,24.26206970214844
2026-05-01 07:43:39.809333,2026-05-01 07:43:39.809333,24.138383865356445
2026-05-01 07:43:40.008718,2026-05-01 07:43:40.008718,24.03325080871582
2026-05-01 07:43:40.198639,2026-05-01 07:43:40.198639,23.94388771057129
2026-05-01 07:43:40.408592,2026-05-01 07:43:40.408592,23.867929458618164
2026-05-01 07:43:40.607781,2026-05-01 07:43:40.607781,23.97914695739746
2026-05-01 07:43:40.808110,2026-05-01 07:43:40.808110,24.073680877685547
2026-05-01 07:43:41.007697,2026-05-01 07:43:41.007697,24.154035568237305
2026-05-01 07:43:41.207905,2026-05-01 07:43:41.207905,24.046554565429688
2026-05-01 07:43:41.399569,2026-05-01 07:43:41.399569,24.130977630615234
2026-05-01 07:43:41.608558,2026-05-01 07:43:41.608558,24.20273780822754
2026-05-01 07:43:41.807826,2026-05-01 07:43:41.807826,24.08795166015625
2026-05-01 07:43:42.007767,2026-05-01 07:43:42.007767,23.99038314819336
2026-05-01 07:43:42.208785,2026-05-01 07:43:42.208785,24.083232879638672
2026-05-01 07:43:42.400228,2026-05-01 07:43:42.400228,24.162153244018555
2026-05-01 07:43:42.600228,2026-05-01 07:43:42.600228,24.229236602783203
2026-05-01 07:43:42.808405,2026-05-01 07:43:42.808405,24.28625869750977
2026-05-01 07:43:43.009464,2026-05-01 07:43:43.009464,24.334726333618164
2026-05-01 07:43:43.208472,2026-05-01 07:43:43.208472,24.37592315673828
2026-05-01 07:43:43.407768,2026-05-01 07:43:43.407768,24.58672142028809
2026-05-01 07:43:43.607916,2026-05-01 07:43:43.607916,22.30496406555176
2026-05-01 07:43:43.807804,2026-05-01 07:43:43.807804,20.36546897888184
2026-05-01 07:43:44.007709,2026-05-01 07:43:44.007709,18.71689796447754
2026-05-01 07:43:44.199005,2026-05-01 07:43:44.199005,17.315614700317383
2026-05-01 07:43:44.408427,2026-05-01 07:43:44.408427,17.706552505493164
2026-05-01 07:43:44.609022,2026-05-01 07:43:44.609022,18.03885078430176
2026-05-01 07:43:44.809165,2026-05-01 07:43:44.809165,16.739273071289062
2026-05-01 07:43:45.007712,2026-05-01 07:43:45.007712,15.63463306427002
2026-05-01 07:43:45.207826,2026-05-01 07:43:45.207826,14.695687294006348
2026-05-01 07:43:45.409789,2026-05-01 07:43:45.409789,15.479616165161133
2026-05-01 07:43:45.611398,2026-05-01 07:43:45.611398,16.145954132080078
2026-05-01 07:43:45.810285,2026-05-01 07:43:45.810285,18.118593215942383
2026-05-01 07:43:46.008704,2026-05-01 07:43:46.008704,19.79533576965332
2026-05-01 07:43:46.207767,2026-05-01 07:43:46.207767,21.22056579589844
2026-05-01 07:43:46.408319,2026-05-01 07:43:46.408319,19.4437313079834
2026-05-01 07:43:46.608980,2026-05-01 07:43:46.608980,20.921703338623047
2026-05-01 07:43:46.807770,2026-05-01 07:43:46.807770,22.177978515625
2026-05-01 07:43:47.008230,2026-05-01 07:43:47.008230,23.245813369750977
2026-05-01 07:43:47.207739,2026-05-01 07:43:47.207739,24.153472900390625
2026-05-01 07:43:47.407917,2026-05-01 07:43:47.407917,24.92498207092285
2026-05-01 07:43:47.608266,2026-05-01 07:43:47.608266,25.580766677856445
2026-05-01 07:43:47.808259,2026-05-01 07:43:47.808259,26.13818359375
2026-05-01 07:44:00.910887,2026-05-01 07:44:00.910887,26.61198616027832
2026-05-01 07:44:01.108353,2026-05-01 07:44:01.108353,27.01471900939941
2026-05-01 07:44:01.308330,2026-05-01 07:44:01.308330,27.35704231262207
2026-05-01 07:44:01.508000,2026-05-01 07:44:01.508000,27.64801788330078
2026-05-01 07:44:01.708185,2026-05-01 07:44:01.708185,27.89534568786621
2026-05-01 07:44:01.907986,2026-05-01 07:44:01.907986,26.34776306152344
2026-05-01 07:44:02.109123,2026-05-01 07:44:02.109123,25.03231811523437
2026-05-01 07:44:02.307786,2026-05-01 07:44:02.307786,23.91418838500977
2026-05-01 07:44:02.507928,2026-05-01 07:44:02.507928,22.96377944946289
2026-05-01 07:44:02.708299,2026-05-01 07:44:02.708299,22.15593147277832
2026-05-01 07:44:02.909407,2026-05-01 07:44:02.909407,21.46925926208496
2026-05-01 07:44:03.108687,2026-05-01 07:44:03.108687,20.88558959960937
2026-05-01 07:44:03.309418,2026-05-01 07:44:03.309418,20.21368980407715
2026-05-01 07:44:03.508909,2026-05-01 07:44:03.508909,19.6425724029541
2026-05-01 07:44:03.712632,2026-05-01 07:44:03.712632,19.15712547302246
2026-05-01 07:44:03.908263,2026-05-01 07:44:03.908263,18.56871223449707
2026-05-01 07:44:04.109687,2026-05-01 07:44:04.109687,17.892780303955078
2026-05-01 07:44:04.309498,2026-05-01 07:44:04.309498,17.494020462036133
2026-05-01 07:44:04.508459,2026-05-01 07:44:04.508459,16.979291915893555
2026-05-01 07:44:04.699256,2026-05-01 07:44:04.699256,16.541772842407227
2026-05-01 07:44:04.908235,2026-05-01 07:44:04.908235,16.16988182067871
2026-05-01 07:44:05.110493,2026-05-01 07:44:05.110493,15.853775024414062
2026-05-01 07:44:05.308636,2026-05-01 07:44:05.308636,15.5850830078125
2026-05-01 07:44:05.508786,2026-05-01 07:44:05.508786,15.356696128845217
2026-05-01 07:44:05.710459,2026-05-01 07:44:05.710459,15.16256618499756
2026-05-01 07:44:05.911794,2026-05-01 07:44:05.911794,14.997556686401367
2026-05-01 07:44:06.108464,2026-05-01 07:44:06.108464,14.681516647338867
2026-05-01 07:44:06.308121,2026-05-01 07:44:06.308121,14.588664054870604
2026-05-01 07:44:06.508475,2026-05-01 07:44:06.508475,14.509739875793455
2026-05-01 07:44:06.707832,2026-05-01 07:44:06.707832,14.26687240600586
2026-05-01 07:44:06.907817,2026-05-01 07:44:06.907817,14.06043529510498
2026-05-01 07:44:07.099431,2026-05-01 07:44:07.099431,13.709182739257812
2026-05-01 07:44:07.307788,2026-05-01 07:44:07.307788,13.41061782836914
2026-05-01 07:44:07.508326,2026-05-01 07:44:07.508326,13.156837463378906
2026-05-01 07:44:07.708957,2026-05-01 07:44:07.708957,12.941123962402344
2026-05-01 07:44:07.909135,2026-05-01 07:44:07.909135,12.757768630981444
2026-05-01 07:44:08.108583,2026-05-01 07:44:08.108583,12.60191535949707
2026-05-01 07:44:08.308035,2026-05-01 07:44:08.308035,12.469440460205078
2026-05-01 07:44:08.509085,2026-05-01 07:44:08.509085,12.356837272644045
2026-05-01 07:44:08.707885,2026-05-01 07:44:08.707885,12.261123657226562
2026-05-01 07:44:08.910083,2026-05-01 07:44:08.910083,12.179767608642578
2026-05-01 07:44:09.108455,2026-05-01 07:44:09.108455,11.934833526611328
2026-05-01 07:44:09.307860,2026-05-01 07:44:09.307860,11.902420997619627
2026-05-01 07:44:09.508385,2026-05-01 07:44:09.508385,11.874870300292969
2026-05-01 07:44:09.709243,2026-05-01 07:44:09.709243,11.851452827453612
2026-05-01 07:44:09.909709,2026-05-01 07:44:09.909709,11.831546783447266
2026-05-01 07:44:10.108883,2026-05-01 07:44:10.108883,11.814627647399902
2026-05-01 07:44:10.308913,2026-05-01 07:44:10.308913,11.800246238708496
2026-05-01 07:44:10.507708,2026-05-01 07:44:10.507708,11.7880220413208
2026-05-01 07:44:10.707728,2026-05-01 07:44:10.707728,11.777630805969238
2026-05-01 07:44:10.908532,2026-05-01 07:44:10.908532,11.768798828125
2026-05-01 07:44:11.108604,2026-05-01 07:44:11.108604,11.58551025390625
2026-05-01 07:44:11.309286,2026-05-01 07:44:11.309286,11.605496406555176
2026-05-01 07:44:11.510321,2026-05-01 07:44:11.510321,11.62248420715332
2026-05-01 07:44:11.713662,2026-05-01 07:44:11.713662,11.636923789978027
2026-05-01 07:44:11.909958,2026-05-01 07:44:11.909958,11.473416328430176
2026-05-01 07:44:12.111469,2026-05-01 07:44:12.111469,11.33443546295166
2026-05-01 07:44:12.308568,2026-05-01 07:44:12.308568,11.216300964355469
2026-05-01 07:44:12.510308,2026-05-01 07:44:12.510308,11.115887641906738
2026-05-01 07:44:12.709098,2026-05-01 07:44:12.709098,11.030535697937012
2026-05-01 07:44:12.909716,2026-05-01 07:44:12.909716,10.95798683166504
2026-05-01 07:44:13.109694,2026-05-01 07:44:13.109694,10.896319389343262
2026-05-01 07:44:13.310786,2026-05-01 07:44:13.310786,10.843902587890623
2026-05-01 07:44:13.508713,2026-05-01 07:44:13.508713,10.799348831176758
2026-05-01 07:44:13.710411,2026-05-01 07:44:13.710411,10.76147747039795
2026-05-01 07:44:13.912850,2026-05-01 07:44:13.912850,10.729287147521973
2026-05-01 07:44:14.110673,2026-05-01 07:44:14.110673,10.70192527770996
2026-05-01 07:44:14.307871,2026-05-01 07:44:14.307871,10.678668022155762
2026-05-01 07:44:14.508373,2026-05-01 07:44:14.508373,10.483118057250977
2026-05-01 07:44:14.710961,2026-05-01 07:44:14.710961,10.316900253295898
2026-05-01 07:44:14.908237,2026-05-01 07:44:14.908237,10.175615310668944
2026-05-01 07:44:15.108129,2026-05-01 07:44:15.108129,10.055522918701172
2026-05-01 07:44:15.308970,2026-05-01 07:44:15.308970,9.953444480895996
2026-05-01 07:44:15.509090,2026-05-01 07:44:15.509090,10.042458534240724
2026-05-01 07:44:15.708430,2026-05-01 07:44:15.708430,10.118121147155762
2026-05-01 07:44:15.912024,2026-05-01 07:44:15.912024,10.18243408203125
2026-05-01 07:44:16.109851,2026-05-01 07:44:16.109851,10.237100601196287
2026-05-01 07:44:16.309452,2026-05-01 07:44:16.309452,10.28356647491455
2026-05-01 07:44:16.507906,2026-05-01 07:44:16.507906,10.323062896728516
2026-05-01 07:44:16.709134,2026-05-01 07:44:16.709134,10.356635093688965
2026-05-01 07:44:16.908294,2026-05-01 07:44:16.908294,10.385170936584473
2026-05-01 07:44:17.108500,2026-05-01 07:44:17.108500,10.40942668914795
2026-05-01 07:44:17.308237,2026-05-01 07:44:17.308237,10.430044174194336
2026-05-01 07:44:17.508135,2026-05-01 07:44:17.508135,10.2717866897583
2026-05-01 07:44:17.707909,2026-05-01 07:44:17.707909,10.137269020080566
2026-05-01 07:44:17.908260,2026-05-01 07:44:17.908260,10.02292823791504
2026-05-01 07:44:18.108778,2026-05-01 07:44:18.108778,9.925739288330078
2026-05-01 07:44:18.308509,2026-05-01 07:44:18.308509,9.843128204345703
2026-05-01 07:44:18.507867,2026-05-01 07:44:18.507867,9.772909164428713
2026-05-01 07:44:18.708481,2026-05-01 07:44:18.708481,9.71322250366211
2026-05-01 07:44:18.909135,2026-05-01 07:44:18.909135,9.66248893737793
2026-05-01 07:44:19.108958,2026-05-01 07:44:19.108958,12.607646942138672
2026-05-01 07:44:19.309687,2026-05-01 07:44:19.309687,15.111031532287598
2026-05-01 07:44:19.508426,2026-05-01 07:44:19.508426,17.238908767700195
2026-05-01 07:44:19.707750,2026-05-01 07:44:19.707750,19.04760360717773
2026-05-01 07:44:19.907902,2026-05-01 07:44:19.907902,20.58499336242676
2026-05-01 07:44:20.099937,2026-05-01 07:44:20.099937,21.891775131225582
2026-05-01 07:44:20.308252,2026-05-01 07:44:20.308252,23.002540588378903
2026-05-01 07:44:20.507771,2026-05-01 07:44:20.507771,23.946691513061523
2026-05-01 07:44:20.700277,2026-05-01 07:44:20.700277,24.749217987060547
2026-05-01 07:44:20.910749,2026-05-01 07:44:20.910749,25.431367874145508
2026-05-01 07:44:21.108039,2026-05-01 07:44:21.108039,26.011192321777344
2026-05-01 07:44:21.308776,2026-05-01 07:44:21.308776,26.504045486450195
2026-05-01 07:44:21.508836,2026-05-01 07:44:21.508836,26.922969818115234
2026-05-01 07:44:21.707774,2026-05-01 07:44:21.707774,27.279056549072266
2026-05-01 07:44:21.908364,2026-05-01 07:44:21.908364,27.581727981567383
2026-05-01 07:44:22.108310,2026-05-01 07:44:22.108310,27.839000701904297
2026-05-01 07:44:22.308470,2026-05-01 07:44:22.308470,28.05768203735352
2026-05-01 07:44:22.508165,2026-05-01 07:44:22.508165,28.243560791015625
2026-05-01 07:44:22.708502,2026-05-01 07:44:22.708502,28.40155792236328
2026-05-01 07:44:22.907817,2026-05-01 07:44:22.907817,28.53585624694824
2026-05-01 07:44:23.108382,2026-05-01 07:44:23.108382,28.29844665527344
2026-05-01 07:44:23.309481,2026-05-01 07:44:23.309481,27.92086601257324
2026-05-01 07:44:23.508498,2026-05-01 07:44:23.508498,27.59992408752441
2026-05-01 07:44:23.709147,2026-05-01 07:44:23.709147,27.327123641967773
2026-05-01 07:44:23.910304,2026-05-01 07:44:23.910304,27.09524154663086
2026-05-01 07:44:24.107655,2026-05-01 07:44:24.107655,27.073925018310547
2026-05-01 07:44:24.308376,2026-05-01 07:44:24.308376,27.055805206298828
2026-05-01 07:44:24.507758,2026-05-01 07:44:24.507758,27.040403366088867
2026-05-01 07:44:24.708219,2026-05-01 07:44:24.708219,27.02731132507324
2026-05-01 07:44:24.909909,2026-05-01 07:44:24.909909,27.01618385314941
2026-05-01 07:44:25.108639,2026-05-01 07:44:25.108639,27.006723403930664
2026-05-01 07:44:25.307755,2026-05-01 07:44:25.307755,26.99868392944336
2026-05-01 07:44:25.508163,2026-05-01 07:44:25.508163,26.991849899291992
2026-05-01 07:44:25.708072,2026-05-01 07:44:25.708072,26.98604202270508
2026-05-01 07:44:25.907934,2026-05-01 07:44:25.907934,26.981103897094727
2026-05-01 07:44:26.108396,2026-05-01 07:44:26.108396,26.97690773010254
2026-05-01 07:44:39.207895,2026-05-01 07:44:39.207895,26.973339080810547
2026-05-01 07:44:39.411305,2026-05-01 07:44:39.411305,26.970308303833008
2026-05-01 07:44:39.608056,2026-05-01 07:44:39.608056,26.967729568481445
2026-05-01 07:44:39.807726,2026-05-01 07:44:39.807726,26.965539932250977
2026-05-01 07:44:40.007960,2026-05-01 07:44:40.007960,26.96367645263672
2026-05-01 07:44:40.208042,2026-05-01 07:44:40.208042,26.78631401062012
2026-05-01 07:44:40.409419,2026-05-01 07:44:40.409419,26.63555335998535
2026-05-01 07:44:40.608788,2026-05-01 07:44:40.608788,26.507408142089844
2026-05-01 07:44:40.807924,2026-05-01 07:44:40.807924,26.39848518371582
2026-05-01 07:44:41.008856,2026-05-01 07:44:41.008856,26.30589866638184
2026-05-01 07:44:41.209010,2026-05-01 07:44:41.209010,26.227201461791992
2026-05-01 07:44:41.408923,2026-05-01 07:44:41.408923,26.160308837890625
2026-05-01 07:44:41.613050,2026-05-01 07:44:41.613050,26.103450775146484
2026-05-01 07:44:41.810024,2026-05-01 07:44:41.810024,26.05512046813965
2026-05-01 07:44:42.009432,2026-05-01 07:44:42.009432,26.014039993286133
2026-05-01 07:44:42.199810,2026-05-01 07:44:42.199810,25.979122161865234
2026-05-01 07:44:42.409445,2026-05-01 07:44:42.409445,25.949440002441406
2026-05-01 07:44:42.608918,2026-05-01 07:44:42.608918,25.924211502075195
2026-05-01 07:44:42.809021,2026-05-01 07:44:42.809021,25.902767181396484
2026-05-01 07:44:43.009381,2026-05-01 07:44:43.009381,25.884540557861328
2026-05-01 07:44:43.209270,2026-05-01 07:44:43.209270,25.869047164916992
2026-05-01 07:44:43.408985,2026-05-01 07:44:43.408985,23.394939422607425
2026-05-01 07:44:43.608222,2026-05-01 07:44:43.608222,21.291948318481445
2026-05-01 07:44:43.808771,2026-05-01 07:44:43.808771,19.5044059753418
2026-05-01 07:44:44.007873,2026-05-01 07:44:44.007873,17.984994888305664
2026-05-01 07:44:44.208670,2026-05-01 07:44:44.208670,16.693496704101562
2026-05-01 07:44:44.408232,2026-05-01 07:44:44.408232,15.595721244812012
2026-05-01 07:44:44.611935,2026-05-01 07:44:44.611935,14.66261386871338
2026-05-01 07:44:44.807776,2026-05-01 07:44:44.807776,13.869471549987791
2026-05-01 07:44:45.008203,2026-05-01 07:44:45.008203,13.195301055908203
2026-05-01 07:44:45.207835,2026-05-01 07:44:45.207835,12.622255325317385
2026-05-01 07:44:45.408381,2026-05-01 07:44:45.408381,12.135167121887209
2026-05-01 07:44:45.607862,2026-05-01 07:44:45.607862,11.721141815185549
2026-05-01 07:44:45.808029,2026-05-01 07:44:45.808029,11.369220733642578
2026-05-01 07:44:46.008579,2026-05-01 07:44:46.008579,11.070087432861328
2026-05-01 07:44:46.207802,2026-05-01 07:44:46.207802,10.815824508666992
2026-05-01 07:44:46.408288,2026-05-01 07:44:46.408288,10.599700927734377
2026-05-01 07:44:46.607761,2026-05-01 07:44:46.607761,10.415995597839355
2026-05-01 07:44:46.807753,2026-05-01 07:44:46.807753,10.259846687316896
2026-05-01 07:44:47.008433,2026-05-01 07:44:47.008433,10.127119064331056
2026-05-01 07:44:47.208104,2026-05-01 07:44:47.208104,9.838520050048828
2026-05-01 07:44:47.407765,2026-05-01 07:44:47.407765,9.76899242401123
2026-05-01 07:44:47.609279,2026-05-01 07:44:47.609279,9.709893226623535
2026-05-01 07:44:47.808739,2026-05-01 07:44:47.808739,9.835440635681152
2026-05-01 07:44:48.008537,2026-05-01 07:44:48.008537,9.942155838012695
2026-05-01 07:44:48.208199,2026-05-01 07:44:48.208199,10.03286361694336
2026-05-01 07:44:48.408591,2026-05-01 07:44:48.408591,10.109965324401855
2026-05-01 07:44:48.610188,2026-05-01 07:44:48.610188,10.351283073425291
2026-05-01 07:44:48.808391,2026-05-01 07:44:48.808391,10.380621910095217
2026-05-01 07:44:49.009208,2026-05-01 07:44:49.009208,10.405559539794922
2026-05-01 07:44:49.208028,2026-05-01 07:44:49.208028,10.426756858825684
2026-05-01 07:44:49.409360,2026-05-01 07:44:49.409360,10.620555877685549
2026-05-01 07:44:49.611261,2026-05-01 07:44:49.611261,10.785284996032717
2026-05-01 07:44:49.809498,2026-05-01 07:44:49.809498,10.925304412841797
2026-05-01 07:44:50.008897,2026-05-01 07:44:50.008897,11.04432201385498
2026-05-01 07:44:50.208227,2026-05-01 07:44:50.208227,11.321267127990724
2026-05-01 07:44:50.408534,2026-05-01 07:44:50.408534,11.556671142578123
2026-05-01 07:44:50.608467,2026-05-01 07:44:50.608467,11.75676441192627
2026-05-01 07:44:50.807884,2026-05-01 07:44:50.807884,11.92684268951416
2026-05-01 07:44:51.008588,2026-05-01 07:44:51.008588,12.071410179138184
2026-05-01 07:44:51.209618,2026-05-01 07:44:51.209618,12.194293022155762
2026-05-01 07:44:51.409098,2026-05-01 07:44:51.409098,12.298742294311523
2026-05-01 07:44:51.612106,2026-05-01 07:44:51.612106,12.563305854797363
2026-05-01 07:44:51.811510,2026-05-01 07:44:51.811510,12.788185119628906
2026-05-01 07:44:52.010715,2026-05-01 07:44:52.010715,12.979331970214844
2026-05-01 07:44:52.212421,2026-05-01 07:44:52.212421,13.141807556152344
2026-05-01 07:44:52.408767,2026-05-01 07:44:52.408767,13.279911041259766
2026-05-01 07:44:52.613228,2026-05-01 07:44:52.613228,13.397299766540527
2026-05-01 07:44:52.810228,2026-05-01 07:44:52.810228,13.497079849243164
2026-05-01 07:44:53.008554,2026-05-01 07:44:53.008554,13.58189296722412
2026-05-01 07:44:53.209303,2026-05-01 07:44:53.209303,13.65398406982422
2026-05-01 07:44:53.408433,2026-05-01 07:44:53.408433,13.715261459350586
2026-05-01 07:44:53.609401,2026-05-01 07:44:53.609401,13.76734733581543
2026-05-01 07:44:53.815091,2026-05-01 07:44:53.815091,13.811619758605955
2026-05-01 07:44:54.011519,2026-05-01 07:44:54.011519,13.849251747131348
2026-05-01 07:44:54.208823,2026-05-01 07:44:54.208823,13.88123893737793
2026-05-01 07:44:54.409026,2026-05-01 07:44:54.409026,13.908428192138672
2026-05-01 07:44:54.613242,2026-05-01 07:44:54.613242,13.93153953552246
2026-05-01 07:44:54.808499,2026-05-01 07:44:54.808499,14.126964569091797
2026-05-01 07:44:55.010700,2026-05-01 07:44:55.010700,14.468857765197754
2026-05-01 07:44:55.209255,2026-05-01 07:44:55.209255,14.759466171264648
2026-05-01 07:44:55.410943,2026-05-01 07:44:55.410943,14.830702781677246
2026-05-01 07:44:55.610956,2026-05-01 07:44:55.610956,15.067034721374512
2026-05-01 07:44:55.808015,2026-05-01 07:44:55.808015,15.267916679382324
2026-05-01 07:44:56.008896,2026-05-01 07:44:56.008896,15.26288604736328
2026-05-01 07:44:56.208303,2026-05-01 07:44:56.208303,15.2586088180542
2026-05-01 07:44:56.409982,2026-05-01 07:44:56.409982,15.430755615234377
2026-05-01 07:44:56.609177,2026-05-01 07:44:56.609177,15.57707977294922
2026-05-01 07:44:56.809197,2026-05-01 07:44:56.809197,15.701455116271973
2026-05-01 07:44:57.008022,2026-05-01 07:44:57.008022,15.807174682617188
2026-05-01 07:44:57.207815,2026-05-01 07:44:57.207815,16.072816848754883
2026-05-01 07:44:57.408674,2026-05-01 07:44:57.408674,16.122831344604492
2026-05-01 07:44:57.610192,2026-05-01 07:44:57.610192,15.98956298828125
2026-05-01 07:44:57.808711,2026-05-01 07:44:57.808711,15.8762845993042
2026-05-01 07:44:58.009193,2026-05-01 07:44:58.009193,15.779998779296877
2026-05-01 07:44:58.209180,2026-05-01 07:44:58.209180,15.522374153137209
2026-05-01 07:44:58.408808,2026-05-01 07:44:58.408808,15.12761116027832
2026-05-01 07:44:58.607841,2026-05-01 07:44:58.607841,14.61628246307373
2026-05-01 07:44:58.808666,2026-05-01 07:44:58.808666,14.181652069091797
2026-05-01 07:44:59.007823,2026-05-01 07:44:59.007823,13.812216758728027
2026-05-01 07:44:59.207868,2026-05-01 07:44:59.207868,13.498196601867676
2026-05-01 07:44:59.409254,2026-05-01 07:44:59.409254,13.055499076843262
2026-05-01 07:44:59.607943,2026-05-01 07:44:59.607943,12.679204940795898
2026-05-01 07:44:59.808231,2026-05-01 07:44:59.808231,12.359355926513672
2026-05-01 07:45:00.007827,2026-05-01 07:45:00.007827,12.087483406066896
2026-05-01 07:45:00.208797,2026-05-01 07:45:00.208797,11.85639190673828
2026-05-01 07:45:00.408958,2026-05-01 07:45:00.408958,11.659964561462402
2026-05-01 07:45:00.608614,2026-05-01 07:45:00.608614,11.668782234191896
2026-05-01 07:45:00.808582,2026-05-01 07:45:00.808582,11.676277160644531
2026-05-01 07:45:01.008945,2026-05-01 07:45:01.008945,11.68264865875244
2026-05-01 07:45:01.209632,2026-05-01 07:45:01.209632,11.688063621520996
2026-05-01 07:45:01.408492,2026-05-01 07:45:01.408492,11.692667007446287
2026-05-01 07:45:01.607753,2026-05-01 07:45:01.607753,11.696578979492188
2026-05-01 07:45:01.808128,2026-05-01 07:45:01.808128,11.699904441833496
2026-05-01 07:45:02.007765,2026-05-01 07:45:02.007765,11.702731132507324
2026-05-01 07:45:02.209370,2026-05-01 07:45:02.209370,11.705134391784668
2026-05-01 07:45:02.407697,2026-05-01 07:45:02.407697,11.707176208496094
2026-05-01 07:45:02.608527,2026-05-01 07:45:02.608527,11.88469409942627
2026-05-01 07:45:02.808381,2026-05-01 07:45:02.808381,11.85980224609375
2026-05-01 07:45:03.007731,2026-05-01 07:45:03.007731,11.83864402770996
2026-05-01 07:45:03.207740,2026-05-01 07:45:03.207740,11.820660591125488
2026-05-01 07:45:03.408208,2026-05-01 07:45:03.408208,11.805374145507812
2026-05-01 07:45:03.607877,2026-05-01 07:45:03.607877,11.968161582946776
2026-05-01 07:45:03.807916,2026-05-01 07:45:03.807916,11.930749893188477
2026-05-01 07:45:04.008091,2026-05-01 07:45:04.008091,11.89894962310791
2026-05-01 07:45:04.208020,2026-05-01 07:45:04.208020,11.871919631958008
2026-05-01 07:45:04.408372,2026-05-01 07:45:04.408372,12.024725914001465
2026-05-01 07:45:17.508624,2026-05-01 07:45:17.508624,12.154610633850098
2026-05-01 07:45:17.711308,2026-05-01 07:45:17.711308,12.265012741088867
2026-05-01 07:45:17.910911,2026-05-01 07:45:17.910911,12.358854293823242
2026-05-01 07:45:18.108157,2026-05-01 07:45:18.108157,12.438620567321776
2026-05-01 07:45:18.308192,2026-05-01 07:45:18.308192,12.682202339172363
2026-05-01 07:45:18.508617,2026-05-01 07:45:18.508617,12.889246940612791
2026-05-01 07:45:18.707997,2026-05-01 07:45:18.707997,13.065235137939451
2026-05-01 07:45:18.908375,2026-05-01 07:45:18.908375,13.214824676513672
2026-05-01 07:45:19.115011,2026-05-01 07:45:19.115011,13.341976165771484
2026-05-01 07:45:19.308666,2026-05-01 07:45:19.308666,13.450054168701172
2026-05-01 07:45:19.508362,2026-05-01 07:45:19.508362,13.541921615600586
2026-05-01 07:45:19.708333,2026-05-01 07:45:19.708333,13.62000846862793
2026-05-01 07:45:19.908399,2026-05-01 07:45:19.908399,13.686382293701172
2026-05-01 07:45:20.108773,2026-05-01 07:45:20.108773,13.742799758911133
2026-05-01 07:45:20.308969,2026-05-01 07:45:20.308969,13.790754318237305
2026-05-01 07:45:20.509473,2026-05-01 07:45:20.509473,13.83151626586914
2026-05-01 07:45:20.710941,2026-05-01 07:45:20.710941,13.866164207458496
2026-05-01 07:45:20.910399,2026-05-01 07:45:20.910399,14.071395874023438
2026-05-01 07:45:21.110276,2026-05-01 07:45:21.110276,14.245842933654783
2026-05-01 07:45:21.309255,2026-05-01 07:45:21.309255,14.569903373718262
2026-05-01 07:45:21.508120,2026-05-01 07:45:21.508120,14.845355987548828
2026-05-01 07:45:21.709148,2026-05-01 07:45:21.709148,15.079489707946776
2026-05-01 07:45:21.910948,2026-05-01 07:45:21.910948,15.27850341796875
2026-05-01 07:45:22.109536,2026-05-01 07:45:22.109536,15.62344741821289
2026-05-01 07:45:22.307904,2026-05-01 07:45:22.307904,15.740867614746094
2026-05-01 07:45:22.508640,2026-05-01 07:45:22.508640,16.016456604003906
2026-05-01 07:45:22.708008,2026-05-01 07:45:22.708008,16.25070571899414
2026-05-01 07:45:22.908522,2026-05-01 07:45:22.908522,16.625600814819336
2026-05-01 07:45:23.107751,2026-05-01 07:45:23.107751,16.944259643554688
2026-05-01 07:45:23.307808,2026-05-01 07:45:23.307808,17.21512222290039
2026-05-01 07:45:23.509714,2026-05-01 07:45:23.509714,17.44535255432129
2026-05-01 07:45:23.708285,2026-05-01 07:45:23.708285,17.641050338745117
2026-05-01 07:45:23.908662,2026-05-01 07:45:23.908662,17.631610870361328
2026-05-01 07:45:24.108826,2026-05-01 07:45:24.108826,17.62358856201172
2026-05-01 07:45:24.307833,2026-05-01 07:45:24.307833,17.616769790649414
2026-05-01 07:45:24.510629,2026-05-01 07:45:24.510629,17.610971450805664
2026-05-01 07:45:24.714751,2026-05-01 07:45:24.714751,17.60604476928711
2026-05-01 07:45:24.907846,2026-05-01 07:45:24.907846,17.601858139038086
2026-05-01 07:45:25.101113,2026-05-01 07:45:25.101113,17.422515869140625
2026-05-01 07:45:25.309605,2026-05-01 07:45:25.309605,17.445858001708984
2026-05-01 07:45:25.507937,2026-05-01 07:45:25.507937,17.4656982421875
2026-05-01 07:45:25.707819,2026-05-01 07:45:25.707819,17.306779861450195
2026-05-01 07:45:25.908319,2026-05-01 07:45:25.908319,17.171701431274414
2026-05-01 07:45:26.108872,2026-05-01 07:45:26.108872,17.232664108276367
2026-05-01 07:45:26.307827,2026-05-01 07:45:26.307827,17.284482955932617
2026-05-01 07:45:26.507779,2026-05-01 07:45:26.507779,17.152748107910156
2026-05-01 07:45:26.707888,2026-05-01 07:45:26.707888,17.040773391723633
2026-05-01 07:45:26.907902,2026-05-01 07:45:26.907902,16.945594787597656
2026-05-01 07:45:27.110512,2026-05-01 07:45:27.110512,17.04047393798828
2026-05-01 07:45:27.307817,2026-05-01 07:45:27.307817,16.945341110229492
2026-05-01 07:45:27.508471,2026-05-01 07:45:27.508471,16.864477157592773
2026-05-01 07:45:27.707779,2026-05-01 07:45:27.707779,16.795743942260742
2026-05-01 07:45:27.909098,2026-05-01 07:45:27.909098,16.737319946289062
2026-05-01 07:45:28.107788,2026-05-01 07:45:28.107788,16.687658309936523
2026-05-01 07:45:28.308071,2026-05-01 07:45:28.308071,16.64544677734375
2026-05-01 07:45:28.509338,2026-05-01 07:45:28.509338,16.258005142211914
2026-05-01 07:45:28.708310,2026-05-01 07:45:28.708310,15.75289821624756
2026-05-01 07:45:28.910414,2026-05-01 07:45:28.910414,15.675119400024414
2026-05-01 07:45:29.110725,2026-05-01 07:45:29.110725,15.609007835388184
2026-05-01 07:45:29.309602,2026-05-01 07:45:29.309602,15.728594779968262
2026-05-01 07:45:29.511551,2026-05-01 07:45:29.511551,15.830243110656738
2026-05-01 07:45:29.710406,2026-05-01 07:45:29.710406,15.916644096374512
2026-05-01 07:45:29.907984,2026-05-01 07:45:29.907984,15.990084648132324
2026-05-01 07:45:30.107879,2026-05-01 07:45:30.107879,16.052509307861328
2026-05-01 07:45:30.308490,2026-05-01 07:45:30.308490,16.10556983947754
2026-05-01 07:45:30.508373,2026-05-01 07:45:30.508373,16.150672912597656
2026-05-01 07:45:30.707863,2026-05-01 07:45:30.707863,16.189008712768555
2026-05-01 07:45:30.910352,2026-05-01 07:45:30.910352,16.221595764160156
2026-05-01 07:45:31.109452,2026-05-01 07:45:31.109452,16.24929428100586
2026-05-01 07:45:31.309304,2026-05-01 07:45:31.309304,16.272836685180664
2026-05-01 07:45:31.510370,2026-05-01 07:45:31.510370,16.468629837036133
2026-05-01 07:45:31.709287,2026-05-01 07:45:31.709287,16.635053634643555
2026-05-01 07:45:31.909893,2026-05-01 07:45:31.909893,16.776514053344727
2026-05-01 07:45:32.110936,2026-05-01 07:45:32.110936,16.896757125854492
2026-05-01 07:45:32.307983,2026-05-01 07:45:32.307983,15.592711448669434
2026-05-01 07:45:32.507803,2026-05-01 07:45:32.507803,15.89052391052246
2026-05-01 07:45:32.708873,2026-05-01 07:45:32.708873,16.14366340637207
2026-05-01 07:45:32.907905,2026-05-01 07:45:32.907905,14.95258331298828
2026-05-01 07:45:33.108014,2026-05-01 07:45:33.108014,13.94016456604004
2026-05-01 07:45:33.309543,2026-05-01 07:45:33.309543,14.485858917236328
2026-05-01 07:45:33.511399,2026-05-01 07:45:33.511399,13.543448448181152
2026-05-01 07:45:33.709690,2026-05-01 07:45:33.709690,12.74240016937256
2026-05-01 07:45:33.908589,2026-05-01 07:45:33.908589,12.061509132385254
2026-05-01 07:45:34.108544,2026-05-01 07:45:34.108544,12.88900089263916
2026-05-01 07:45:34.310145,2026-05-01 07:45:34.310145,13.76815128326416
2026-05-01 07:45:34.509270,2026-05-01 07:45:34.509270,14.51542854309082
2026-05-01 07:45:34.709100,2026-05-01 07:45:34.709100,16.73264503479004
2026-05-01 07:45:34.908545,2026-05-01 07:45:34.908545,18.61727905273437
2026-05-01 07:45:35.112170,2026-05-01 07:45:35.112170,20.219219207763672
2026-05-01 07:45:35.307929,2026-05-01 07:45:35.307929,21.580867767333984
2026-05-01 07:45:35.509784,2026-05-01 07:45:35.509784,22.73826789855957
2026-05-01 07:45:35.708389,2026-05-01 07:45:35.708389,23.72205924987793
2026-05-01 07:45:35.911321,2026-05-01 07:45:35.911321,23.15203094482422
2026-05-01 07:45:36.110869,2026-05-01 07:45:36.110869,22.49172782897949
2026-05-01 07:45:36.310853,2026-05-01 07:45:36.310853,21.93046760559082
2026-05-01 07:45:36.507899,2026-05-01 07:45:36.507899,21.45339775085449
2026-05-01 07:45:36.711501,2026-05-01 07:45:36.711501,21.047887802124023
2026-05-01 07:45:36.908255,2026-05-01 07:45:36.908255,20.703205108642575
2026-05-01 07:45:37.110038,2026-05-01 07:45:37.110038,20.41022491455078
2026-05-01 07:45:37.310712,2026-05-01 07:45:37.310712,19.985408782958984
2026-05-01 07:45:37.512618,2026-05-01 07:45:37.512618,19.624317169189453
2026-05-01 07:45:37.708599,2026-05-01 07:45:37.708599,19.3173885345459
2026-05-01 07:45:37.908086,2026-05-01 07:45:37.908086,19.05649757385254
2026-05-01 07:45:38.108169,2026-05-01 07:45:38.108169,18.834741592407227
2026-05-01 07:45:38.308889,2026-05-01 07:45:38.308889,18.646249771118164
2026-05-01 07:45:38.509844,2026-05-01 07:45:38.509844,18.48603057861328
2026-05-01 07:45:38.708577,2026-05-01 07:45:38.708577,18.34984588623047
2026-05-01 07:45:38.908295,2026-05-01 07:45:38.908295,18.058305740356445
2026-05-01 07:45:39.108109,2026-05-01 07:45:39.108109,17.810497283935547
2026-05-01 07:45:39.312526,2026-05-01 07:45:39.312526,17.42407989501953
2026-05-01 07:45:39.509943,2026-05-01 07:45:39.509943,17.095623016357422
2026-05-01 07:45:39.707787,2026-05-01 07:45:39.707787,16.640655517578125
2026-05-01 07:45:39.908672,2026-05-01 07:45:39.908672,16.429712295532227
2026-05-01 07:45:40.107863,2026-05-01 07:45:40.107863,16.074630737304688
2026-05-01 07:45:40.308333,2026-05-01 07:45:40.308333,15.77281093597412
2026-05-01 07:45:40.508141,2026-05-01 07:45:40.508141,15.516264915466309
2026-05-01 07:45:40.708569,2026-05-01 07:45:40.708569,15.298199653625488
2026-05-01 07:45:40.907791,2026-05-01 07:45:40.907791,15.112845420837402
2026-05-01 07:45:41.108370,2026-05-01 07:45:41.108370,14.955293655395508
2026-05-01 07:45:41.307696,2026-05-01 07:45:41.307696,14.82137393951416
2026-05-01 07:45:41.510608,2026-05-01 07:45:41.510608,14.70754337310791
2026-05-01 07:45:41.708102,2026-05-01 07:45:41.708102,14.61078643798828
2026-05-01 07:45:41.907857,2026-05-01 07:45:41.907857,14.35276222229004
2026-05-01 07:45:42.108320,2026-05-01 07:45:42.108320,14.133441925048828
2026-05-01 07:45:42.307851,2026-05-01 07:45:42.307851,13.947019577026367
2026-05-01 07:45:42.513431,2026-05-01 07:45:42.513431,13.788559913635254
2026-05-01 07:45:42.707689,2026-05-01 07:45:42.707689,13.65386962890625
2026-05-01 07:45:55.808218,2026-05-01 07:45:55.808218,13.539382934570312
2026-05-01 07:45:56.010529,2026-05-01 07:45:56.010529,13.442069053649902
2026-05-01 07:45:56.208562,2026-05-01 07:45:56.208562,13.359353065490724
2026-05-01 07:45:56.410295,2026-05-01 07:45:56.410295,13.289043426513672
2026-05-01 07:45:56.609583,2026-05-01 07:45:56.609583,13.229280471801758
2026-05-01 07:45:56.810724,2026-05-01 07:45:56.810724,13.178482055664062
2026-05-01 07:45:57.008005,2026-05-01 07:45:57.008005,13.135303497314451
2026-05-01 07:45:57.210528,2026-05-01 07:45:57.210528,12.922821044921877
2026-05-01 07:45:57.409688,2026-05-01 07:45:57.409688,12.917991638183594
2026-05-01 07:45:57.608090,2026-05-01 07:45:57.608090,12.738104820251465
2026-05-01 07:45:57.809222,2026-05-01 07:45:57.809222,12.58520221710205
2026-05-01 07:45:58.009015,2026-05-01 07:45:58.009015,12.63101577758789
2026-05-01 07:45:58.209419,2026-05-01 07:45:58.209419,12.494175910949709
2026-05-01 07:45:58.410173,2026-05-01 07:45:58.410173,12.377861976623535
2026-05-01 07:45:58.610527,2026-05-01 07:45:58.610527,12.4547758102417
2026-05-01 07:45:58.811422,2026-05-01 07:45:58.811422,12.344372749328612
2026-05-01 07:45:59.009931,2026-05-01 07:45:59.009931,12.426310539245604
2026-05-01 07:45:59.209480,2026-05-01 07:45:59.209480,12.495957374572754
2026-05-01 07:45:59.409382,2026-05-01 07:45:59.409382,12.379376411437988
2026-05-01 07:45:59.607878,2026-05-01 07:45:59.607878,12.280282020568848
2026-05-01 07:45:59.808713,2026-05-01 07:45:59.808713,12.196052551269531
2026-05-01 07:46:00.009842,2026-05-01 07:46:00.009842,12.124457359313965
2026-05-01 07:46:00.210479,2026-05-01 07:46:00.210479,12.06360149383545
2026-05-01 07:46:00.409647,2026-05-01 07:46:00.409647,12.011873245239258
2026-05-01 07:46:00.610672,2026-05-01 07:46:00.610672,11.967905044555664
2026-05-01 07:46:00.808465,2026-05-01 07:46:00.808465,11.93053150177002
2026-05-01 07:46:01.008211,2026-05-01 07:46:01.008211,11.898764610290527
2026-05-01 07:46:01.208524,2026-05-01 07:46:01.208524,11.8717622756958
2026-05-01 07:46:01.410183,2026-05-01 07:46:01.410183,11.848810195922852
2026-05-01 07:46:01.608384,2026-05-01 07:46:01.608384,11.829300880432127
2026-05-01 07:46:01.808382,2026-05-01 07:46:01.808382,11.812718391418455
2026-05-01 07:46:02.008419,2026-05-01 07:46:02.008419,11.622841835021973
2026-05-01 07:46:02.207763,2026-05-01 07:46:02.207763,11.63722801208496
2026-05-01 07:46:02.408576,2026-05-01 07:46:02.408576,11.473675727844238
2026-05-01 07:46:02.617523,2026-05-01 07:46:02.617523,11.510436058044434
2026-05-01 07:46:02.808249,2026-05-01 07:46:02.808249,11.541683197021484
2026-05-01 07:46:03.007831,2026-05-01 07:46:03.007831,11.568243026733398
2026-05-01 07:46:03.208621,2026-05-01 07:46:03.208621,11.415038108825684
2026-05-01 07:46:03.408375,2026-05-01 07:46:03.408375,11.46059513092041
2026-05-01 07:46:03.602827,2026-05-01 07:46:03.602827,11.49931812286377
2026-05-01 07:46:03.808539,2026-05-01 07:46:03.808539,11.532233238220217
2026-05-01 07:46:04.007946,2026-05-01 07:46:04.007946,11.560210227966309
2026-05-01 07:46:04.208248,2026-05-01 07:46:04.208248,11.583991050720217
2026-05-01 07:46:04.409564,2026-05-01 07:46:04.409564,11.604205131530762
2026-05-01 07:46:04.608383,2026-05-01 07:46:04.608383,11.621386528015137
2026-05-01 07:46:04.807719,2026-05-01 07:46:04.807719,11.635991096496582
2026-05-01 07:46:05.008752,2026-05-01 07:46:05.008752,11.648405075073242
2026-05-01 07:46:05.209051,2026-05-01 07:46:05.209051,11.83473777770996
2026-05-01 07:46:05.408100,2026-05-01 07:46:05.408100,11.993121147155762
2026-05-01 07:46:05.609066,2026-05-01 07:46:05.609066,12.12774658203125
2026-05-01 07:46:05.811740,2026-05-01 07:46:05.811740,12.242178916931152
2026-05-01 07:46:06.007951,2026-05-01 07:46:06.007951,12.339445114135742
2026-05-01 07:46:06.210457,2026-05-01 07:46:06.210457,12.42212200164795
2026-05-01 07:46:06.407875,2026-05-01 07:46:06.407875,12.492398262023926
2026-05-01 07:46:06.608369,2026-05-01 07:46:06.608369,12.552131652832031
2026-05-01 07:46:06.808222,2026-05-01 07:46:06.808222,12.602906227111816
2026-05-01 07:46:07.007932,2026-05-01 07:46:07.007932,12.646063804626465
2026-05-01 07:46:07.208516,2026-05-01 07:46:07.208516,12.682747840881348
2026-05-01 07:46:07.410416,2026-05-01 07:46:07.410416,12.713929176330566
2026-05-01 07:46:07.608666,2026-05-01 07:46:07.608666,12.740433692932127
2026-05-01 07:46:07.809633,2026-05-01 07:46:07.809633,12.762962341308594
2026-05-01 07:46:08.009609,2026-05-01 07:46:08.009609,12.782112121582031
2026-05-01 07:46:08.208852,2026-05-01 07:46:08.208852,12.622607231140137
2026-05-01 07:46:08.408046,2026-05-01 07:46:08.408046,12.66281032562256
2026-05-01 07:46:08.609273,2026-05-01 07:46:08.609273,12.696982383728027
2026-05-01 07:46:08.808679,2026-05-01 07:46:08.808679,12.726028442382812
2026-05-01 07:46:09.008665,2026-05-01 07:46:09.008665,14.508530616760254
2026-05-01 07:46:09.207913,2026-05-01 07:46:09.207913,14.26584529876709
2026-05-01 07:46:09.408525,2026-05-01 07:46:09.408525,14.059561729431152
2026-05-01 07:46:09.608994,2026-05-01 07:46:09.608994,13.884221076965332
2026-05-01 07:46:09.809370,2026-05-01 07:46:09.809370,13.73518180847168
2026-05-01 07:46:10.009437,2026-05-01 07:46:10.009437,13.608498573303224
2026-05-01 07:46:10.211261,2026-05-01 07:46:10.211261,13.50081729888916
2026-05-01 07:46:10.408565,2026-05-01 07:46:10.408565,15.34288215637207
2026-05-01 07:46:10.608854,2026-05-01 07:46:10.608854,16.90863800048828
2026-05-01 07:46:10.809407,2026-05-01 07:46:10.809407,18.23952865600586
2026-05-01 07:46:11.008330,2026-05-01 07:46:11.008330,19.37078666687012
2026-05-01 07:46:11.209898,2026-05-01 07:46:11.209898,20.33235740661621
2026-05-01 07:46:11.408812,2026-05-01 07:46:11.408812,21.14969062805176
2026-05-01 07:46:11.607774,2026-05-01 07:46:11.607774,21.844425201416016
2026-05-01 07:46:11.808366,2026-05-01 07:46:11.808366,22.434947967529297
2026-05-01 07:46:12.010294,2026-05-01 07:46:12.010294,22.93689346313477
2026-05-01 07:46:12.210315,2026-05-01 07:46:12.210315,23.36354637145996
2026-05-01 07:46:12.410960,2026-05-01 07:46:12.410960,21.9683895111084
2026-05-01 07:46:12.609230,2026-05-01 07:46:12.609230,20.606725692749023
2026-05-01 07:46:12.809301,2026-05-01 07:46:12.809301,19.62509155273437
2026-05-01 07:46:13.008725,2026-05-01 07:46:13.008725,18.96648406982422
2026-05-01 07:46:13.208069,2026-05-01 07:46:13.208069,18.406667709350582
2026-05-01 07:46:13.409992,2026-05-01 07:46:13.409992,17.755043029785156
2026-05-01 07:46:13.610773,2026-05-01 07:46:13.610773,17.201160430908203
2026-05-01 07:46:13.815402,2026-05-01 07:46:13.815402,16.906143188476562
2026-05-01 07:46:14.010042,2026-05-01 07:46:14.010042,16.479597091674805
2026-05-01 07:46:14.208772,2026-05-01 07:46:14.208772,16.292814254760742
2026-05-01 07:46:14.409541,2026-05-01 07:46:14.409541,16.309829711914062
2026-05-01 07:46:14.610606,2026-05-01 07:46:14.610606,16.324291229248047
2026-05-01 07:46:14.809598,2026-05-01 07:46:14.809598,16.336585998535156
2026-05-01 07:46:15.009236,2026-05-01 07:46:15.009236,16.522817611694336
2026-05-01 07:46:15.213838,2026-05-01 07:46:15.213838,16.50533103942871
2026-05-01 07:46:15.414242,2026-05-01 07:46:15.414242,16.666250228881836
2026-05-01 07:46:15.610270,2026-05-01 07:46:15.610270,16.80303192138672
2026-05-01 07:46:15.812466,2026-05-01 07:46:15.812466,16.919296264648438
2026-05-01 07:46:16.010836,2026-05-01 07:46:16.010836,16.84233856201172
2026-05-01 07:46:16.210315,2026-05-01 07:46:16.210315,16.776926040649414
2026-05-01 07:46:16.409746,2026-05-01 07:46:16.409746,16.721324920654297
2026-05-01 07:46:16.611546,2026-05-01 07:46:16.611546,16.674062728881836
2026-05-01 07:46:16.808175,2026-05-01 07:46:16.808175,16.809673309326172
2026-05-01 07:46:17.009839,2026-05-01 07:46:17.009839,16.92494010925293
2026-05-01 07:46:17.208073,2026-05-01 07:46:17.208073,17.022918701171875
2026-05-01 07:46:17.408714,2026-05-01 07:46:17.408714,17.106199264526367
2026-05-01 07:46:17.608185,2026-05-01 07:46:17.608185,17.17698860168457
2026-05-01 07:46:17.809032,2026-05-01 07:46:17.809032,17.237157821655273
2026-05-01 07:46:18.008944,2026-05-01 07:46:18.008944,17.28830337524414
2026-05-01 07:46:18.207867,2026-05-01 07:46:18.207867,17.331777572631836
2026-05-01 07:46:18.407868,2026-05-01 07:46:18.407868,17.368728637695312
2026-05-01 07:46:18.611041,2026-05-01 07:46:18.611041,17.40013885498047
2026-05-01 07:46:18.808635,2026-05-01 07:46:18.808635,17.426836013793945
2026-05-01 07:46:19.007809,2026-05-01 07:46:19.007809,17.44952964782715
2026-05-01 07:46:19.208306,2026-05-01 07:46:19.208306,17.46881866455078
2026-05-01 07:46:19.413089,2026-05-01 07:46:19.413089,17.485214233398438
2026-05-01 07:46:19.608251,2026-05-01 07:46:19.608251,17.4991512298584
2026-05-01 07:46:19.807818,2026-05-01 07:46:19.807818,17.510997772216797
2026-05-01 07:46:20.008914,2026-05-01 07:46:20.008914,17.521066665649414
2026-05-01 07:46:20.208057,2026-05-01 07:46:20.208057,17.529624938964844
2026-05-01 07:46:20.409540,2026-05-01 07:46:20.409540,17.53689956665039
2026-05-01 07:46:20.608125,2026-05-01 07:46:20.608125,17.54308319091797
2026-05-01 07:46:20.808046,2026-05-01 07:46:20.808046,17.54833984375
2026-05-01 07:46:21.009979,2026-05-01 07:46:21.009979,17.55280876159668
2026-05-01 07:46:34.110049,2026-05-01 07:46:34.110049,17.55660629272461
2026-05-01 07:46:34.310460,2026-05-01 07:46:34.310460,17.559833526611328
2026-05-01 07:46:34.509147,2026-05-01 07:46:34.509147,17.562576293945312
2026-05-01 07:46:34.711330,2026-05-01 07:46:34.711330,17.564908981323242
2026-05-01 07:46:34.909951,2026-05-01 07:46:34.909951,17.566890716552734
2026-05-01 07:46:35.109756,2026-05-01 07:46:35.109756,17.56857681274414
2026-05-01 07:46:35.309291,2026-05-01 07:46:35.309291,17.570009231567383
2026-05-01 07:46:35.509985,2026-05-01 07:46:35.509985,17.747007369995117
2026-05-01 07:46:35.709392,2026-05-01 07:46:35.709392,17.721675872802734
2026-05-01 07:46:35.909995,2026-05-01 07:46:35.909995,17.87592315673828
2026-05-01 07:46:36.109035,2026-05-01 07:46:36.109035,18.007036209106445
2026-05-01 07:46:36.310582,2026-05-01 07:46:36.310582,18.118480682373047
2026-05-01 07:46:36.509533,2026-05-01 07:46:36.509533,18.213207244873047
2026-05-01 07:46:36.710550,2026-05-01 07:46:36.710550,18.469507217407227
2026-05-01 07:46:36.909072,2026-05-01 07:46:36.909072,18.86314392089844
2026-05-01 07:46:37.108591,2026-05-01 07:46:37.108591,19.373516082763672
2026-05-01 07:46:37.309310,2026-05-01 07:46:37.309310,19.80733299255371
2026-05-01 07:46:37.509834,2026-05-01 07:46:37.509834,20.35185813903809
2026-05-01 07:46:37.710444,2026-05-01 07:46:37.710444,20.81470489501953
2026-05-01 07:46:37.909705,2026-05-01 07:46:37.909705,21.3839054107666
2026-05-01 07:46:38.109225,2026-05-01 07:46:38.109225,21.867725372314453
2026-05-01 07:46:38.315908,2026-05-01 07:46:38.315908,22.278972625732425
2026-05-01 07:46:38.511476,2026-05-01 07:46:38.511476,22.62853240966797
2026-05-01 07:46:38.708232,2026-05-01 07:46:38.708232,22.9256591796875
2026-05-01 07:46:38.908604,2026-05-01 07:46:38.908604,23.1782169342041
2026-05-01 07:46:39.109547,2026-05-01 07:46:39.109547,23.39289093017578
2026-05-01 07:46:39.308354,2026-05-01 07:46:39.308354,23.575363159179688
2026-05-01 07:46:39.511374,2026-05-01 07:46:39.511374,23.73046493530273
2026-05-01 07:46:39.709477,2026-05-01 07:46:39.709477,23.86230087280273
2026-05-01 07:46:39.909485,2026-05-01 07:46:39.909485,23.974363327026367
2026-05-01 07:46:40.109315,2026-05-01 07:46:40.109315,24.06961441040039
2026-05-01 07:46:40.309957,2026-05-01 07:46:40.309957,23.974796295166016
2026-05-01 07:46:40.508753,2026-05-01 07:46:40.508753,24.06998443603516
2026-05-01 07:46:40.708179,2026-05-01 07:46:40.708179,23.97511100769043
2026-05-01 07:46:40.908400,2026-05-01 07:46:40.908400,23.89447021484375
2026-05-01 07:46:41.109508,2026-05-01 07:46:41.109508,24.00170516967773
2026-05-01 07:46:41.308079,2026-05-01 07:46:41.308079,23.91707420349121
2026-05-01 07:46:41.507780,2026-05-01 07:46:41.507780,23.845138549804688
2026-05-01 07:46:41.710079,2026-05-01 07:46:41.710079,23.783992767333984
2026-05-01 07:46:41.912087,2026-05-01 07:46:41.912087,23.73201942443848
2026-05-01 07:46:42.107724,2026-05-01 07:46:42.107724,23.687841415405277
2026-05-01 07:46:42.308457,2026-05-01 07:46:42.308457,23.65028953552246
2026-05-01 07:46:42.507761,2026-05-01 07:46:42.507761,23.618371963500977
2026-05-01 07:46:42.708283,2026-05-01 07:46:42.708283,21.83342742919922
2026-05-01 07:46:42.907957,2026-05-01 07:46:42.907957,20.31622695922852
2026-05-01 07:46:43.107865,2026-05-01 07:46:43.107865,19.0266056060791
2026-05-01 07:46:43.308741,2026-05-01 07:46:43.308741,17.93042755126953
2026-05-01 07:46:43.508951,2026-05-01 07:46:43.508951,16.998674392700195
2026-05-01 07:46:43.709085,2026-05-01 07:46:43.709085,17.96449851989746
2026-05-01 07:46:43.908671,2026-05-01 07:46:43.908671,18.785449981689453
2026-05-01 07:46:44.108635,2026-05-01 07:46:44.108635,19.48325729370117
2026-05-01 07:46:44.308450,2026-05-01 07:46:44.308450,20.076393127441406
2026-05-01 07:46:44.507837,2026-05-01 07:46:44.507837,20.58055877685547
2026-05-01 07:46:44.708051,2026-05-01 07:46:44.708051,21.00909996032715
2026-05-01 07:46:44.908257,2026-05-01 07:46:44.908257,21.37335968017578
2026-05-01 07:46:45.109068,2026-05-01 07:46:45.109068,21.682981491088867
2026-05-01 07:46:45.310541,2026-05-01 07:46:45.310541,19.66100311279297
2026-05-01 07:46:45.508081,2026-05-01 07:46:45.508081,17.94232177734375
2026-05-01 07:46:45.708502,2026-05-01 07:46:45.708502,16.481441497802734
2026-05-01 07:46:45.908185,2026-05-01 07:46:45.908185,15.239694595336914
2026-05-01 07:46:46.109673,2026-05-01 07:46:46.109673,16.469364166259766
2026-05-01 07:46:46.308266,2026-05-01 07:46:46.308266,17.514585494995117
2026-05-01 07:46:46.508065,2026-05-01 07:46:46.508065,18.40302276611328
2026-05-01 07:46:46.707941,2026-05-01 07:46:46.707941,19.15819358825684
2026-05-01 07:46:46.908496,2026-05-01 07:46:46.908496,19.80009078979492
2026-05-01 07:46:47.108880,2026-05-01 07:46:47.108880,20.169919967651367
2026-05-01 07:46:47.309144,2026-05-01 07:46:47.309144,20.484275817871094
2026-05-01 07:46:47.507989,2026-05-01 07:46:47.507989,20.75147819519043
2026-05-01 07:46:47.709170,2026-05-01 07:46:47.709170,21.154380798339844
2026-05-01 07:46:47.909193,2026-05-01 07:46:47.909193,21.496849060058597
2026-05-01 07:46:48.113634,2026-05-01 07:46:48.113634,21.787946701049805
2026-05-01 07:46:48.309577,2026-05-01 07:46:48.309577,22.03537940979004
2026-05-01 07:46:48.508106,2026-05-01 07:46:48.508106,22.24569702148437
2026-05-01 07:46:48.708344,2026-05-01 07:46:48.708344,22.424468994140625
2026-05-01 07:46:48.907875,2026-05-01 07:46:48.907875,22.57642364501953
2026-05-01 07:46:49.108049,2026-05-01 07:46:49.108049,22.705585479736328
2026-05-01 07:46:49.308575,2026-05-01 07:46:49.308575,22.815372467041016
2026-05-01 07:46:49.508448,2026-05-01 07:46:49.508448,22.73291015625
2026-05-01 07:46:49.707988,2026-05-01 07:46:49.707988,22.662817001342773
2026-05-01 07:46:49.908461,2026-05-01 07:46:49.908461,22.60323905944824
2026-05-01 07:46:50.108446,2026-05-01 07:46:50.108446,22.55259704589844
2026-05-01 07:46:50.308839,2026-05-01 07:46:50.308839,22.68533134460449
2026-05-01 07:46:50.509299,2026-05-01 07:46:50.509299,22.62237548828125
2026-05-01 07:46:50.709344,2026-05-01 07:46:50.709344,22.568862915039062
2026-05-01 07:46:50.908427,2026-05-01 07:46:50.908427,22.523378372192383
2026-05-01 07:46:51.108932,2026-05-01 07:46:51.108932,22.48471450805664
2026-05-01 07:46:51.308421,2026-05-01 07:46:51.308421,22.45185089111328
2026-05-01 07:46:51.507906,2026-05-01 07:46:51.507906,22.423917770385746
2026-05-01 07:46:51.708600,2026-05-01 07:46:51.708600,22.40017318725586
2026-05-01 07:46:51.910489,2026-05-01 07:46:51.910489,22.37999153137207
2026-05-01 07:46:52.108362,2026-05-01 07:46:52.108362,22.362836837768555
2026-05-01 07:46:52.308588,2026-05-01 07:46:52.308588,22.348255157470703
2026-05-01 07:46:52.516515,2026-05-01 07:46:52.516515,22.16007804870605
2026-05-01 07:46:52.708938,2026-05-01 07:46:52.708938,22.00012969970703
2026-05-01 07:46:52.910483,2026-05-01 07:46:52.910483,21.864171981811523
2026-05-01 07:46:53.110611,2026-05-01 07:46:53.110611,21.74860954284668
2026-05-01 07:46:53.309151,2026-05-01 07:46:53.309151,21.65038108825684
2026-05-01 07:46:53.508079,2026-05-01 07:46:53.508079,21.56688499450684
2026-05-01 07:46:53.708903,2026-05-01 07:46:53.708903,21.49591445922852
2026-05-01 07:46:53.908617,2026-05-01 07:46:53.908617,20.029340744018555
2026-05-01 07:46:54.109123,2026-05-01 07:46:54.109123,18.782751083374023
2026-05-01 07:46:54.308098,2026-05-01 07:46:54.308098,17.89893341064453
2026-05-01 07:46:54.509995,2026-05-01 07:46:54.509995,17.147686004638672
2026-05-01 07:46:54.710606,2026-05-01 07:46:54.710606,16.860689163208008
2026-05-01 07:46:54.909155,2026-05-01 07:46:54.909155,16.792524337768555
2026-05-01 07:46:55.109308,2026-05-01 07:46:55.109308,16.734582901000977
2026-05-01 07:46:55.310384,2026-05-01 07:46:55.310384,16.509552001953125
2026-05-01 07:46:55.510298,2026-05-01 07:46:55.510298,16.494056701660156
2026-05-01 07:46:55.709723,2026-05-01 07:46:55.709723,16.305103302001953
2026-05-01 07:46:55.909683,2026-05-01 07:46:55.909683,15.968713760375977
2026-05-01 07:46:56.108242,2026-05-01 07:46:56.108242,15.682781219482422
2026-05-01 07:46:56.308451,2026-05-01 07:46:56.308451,15.439739227294922
2026-05-01 07:46:56.509206,2026-05-01 07:46:56.509206,15.233153343200684
2026-05-01 07:46:56.710786,2026-05-01 07:46:56.710786,15.057555198669434
2026-05-01 07:46:56.908993,2026-05-01 07:46:56.908993,14.908297538757324
2026-05-01 07:46:57.108485,2026-05-01 07:46:57.108485,14.781427383422852
2026-05-01 07:46:57.308266,2026-05-01 07:46:57.308266,14.673588752746582
2026-05-01 07:46:57.509492,2026-05-01 07:46:57.509492,14.40614414215088
2026-05-01 07:46:57.708581,2026-05-01 07:46:57.708581,14.354597091674805
2026-05-01 07:46:57.908366,2026-05-01 07:46:57.908366,14.135001182556152
2026-05-01 07:46:58.108291,2026-05-01 07:46:58.108291,13.948345184326172
2026-05-01 07:46:58.308056,2026-05-01 07:46:58.308056,13.789687156677246
2026-05-01 07:46:58.508563,2026-05-01 07:46:58.508563,13.654828071594238
2026-05-01 07:46:58.707713,2026-05-01 07:46:58.707713,13.540197372436523
2026-05-01 07:46:58.909100,2026-05-01 07:46:58.909100,13.442761421203612
2026-05-01 07:46:59.107799,2026-05-01 07:46:59.107799,13.359940528869627
2026-05-01 07:46:59.309011,2026-05-01 07:46:59.309011,13.289543151855469
2026-05-01 07:47:12.409638,2026-05-01 07:47:12.409638,13.229705810546877
2026-05-01 07:47:12.609583,2026-05-01 07:47:12.609583,13.17884349822998
2026-05-01 07:47:12.808610,2026-05-01 07:47:12.808610,13.135610580444336
2026-05-01 07:47:13.009212,2026-05-01 07:47:13.009212,13.098862648010254
2026-05-01 07:47:13.209291,2026-05-01 07:47:13.209291,13.067626953125
2026-05-01 07:47:13.409203,2026-05-01 07:47:13.409203,12.86529541015625
2026-05-01 07:47:13.608839,2026-05-01 07:47:13.608839,12.869094848632812
2026-05-01 07:47:13.810047,2026-05-01 07:47:13.810047,12.87232494354248
2026-05-01 07:47:14.010679,2026-05-01 07:47:14.010679,12.699288368225098
2026-05-01 07:47:14.209199,2026-05-01 07:47:14.209199,12.552207946777344
2026-05-01 07:47:14.411210,2026-05-01 07:47:14.411210,12.427188873291016
2026-05-01 07:47:14.608201,2026-05-01 07:47:14.608201,12.3209228515625
2026-05-01 07:47:14.808618,2026-05-01 07:47:14.808618,12.230597496032717
2026-05-01 07:47:15.009679,2026-05-01 07:47:15.009679,12.153820037841797
2026-05-01 07:47:15.208248,2026-05-01 07:47:15.208248,12.0885591506958
2026-05-01 07:47:15.411140,2026-05-01 07:47:15.411140,12.033087730407717
2026-05-01 07:47:15.611783,2026-05-01 07:47:15.611783,11.985937118530272
2026-05-01 07:47:15.808633,2026-05-01 07:47:15.808633,11.7700777053833
2026-05-01 07:47:16.017042,2026-05-01 07:47:16.017042,11.586597442626951
2026-05-01 07:47:16.208791,2026-05-01 07:47:16.208791,11.430639266967772
2026-05-01 07:47:16.412218,2026-05-01 07:47:16.412218,11.29807472229004
2026-05-01 07:47:16.608634,2026-05-01 07:47:16.608634,11.361175537109377
2026-05-01 07:47:16.809027,2026-05-01 07:47:16.809027,11.414812088012695
2026-05-01 07:47:17.008011,2026-05-01 07:47:17.008011,11.460402488708496
2026-05-01 07:47:17.208334,2026-05-01 07:47:17.208334,11.499155044555664
2026-05-01 07:47:17.413354,2026-05-01 07:47:17.413354,11.53209400177002
2026-05-01 07:47:17.611819,2026-05-01 07:47:17.611819,11.56009292602539
2026-05-01 07:47:17.808686,2026-05-01 07:47:17.808686,11.583890914916992
2026-05-01 07:47:18.007978,2026-05-01 07:47:18.007978,11.604120254516602
2026-05-01 07:47:18.211588,2026-05-01 07:47:18.211588,11.79709529876709
2026-05-01 07:47:18.411586,2026-05-01 07:47:18.411586,11.961125373840332
2026-05-01 07:47:18.611527,2026-05-01 07:47:18.611527,12.100549697875977
2026-05-01 07:47:18.809156,2026-05-01 07:47:18.809156,12.219060897827148
2026-05-01 07:47:19.012380,2026-05-01 07:47:19.012380,12.319795608520508
2026-05-01 07:47:19.208426,2026-05-01 07:47:19.208426,12.405420303344728
2026-05-01 07:47:19.408738,2026-05-01 07:47:19.408738,12.653982162475586
2026-05-01 07:47:19.609881,2026-05-01 07:47:19.609881,12.865260124206545
2026-05-01 07:47:19.808122,2026-05-01 07:47:19.808122,13.044845581054688
2026-05-01 07:47:20.008446,2026-05-01 07:47:20.008446,13.19749355316162
2026-05-01 07:47:20.211290,2026-05-01 07:47:20.211290,13.327244758605955
2026-05-01 07:47:20.408755,2026-05-01 07:47:20.408755,13.437533378601074
2026-05-01 07:47:20.608392,2026-05-01 07:47:20.608392,13.707059860229492
2026-05-01 07:47:20.809087,2026-05-01 07:47:20.809087,13.9361572265625
2026-05-01 07:47:21.008376,2026-05-01 07:47:21.008376,14.130889892578123
2026-05-01 07:47:21.211978,2026-05-01 07:47:21.211978,14.296412467956545
2026-05-01 07:47:21.402162,2026-05-01 07:47:21.402162,14.61288833618164
2026-05-01 07:47:21.607826,2026-05-01 07:47:21.607826,14.881892204284668
2026-05-01 07:47:21.808080,2026-05-01 07:47:21.808080,15.110546112060549
2026-05-01 07:47:22.009240,2026-05-01 07:47:22.009240,15.304901123046877
2026-05-01 07:47:22.208444,2026-05-01 07:47:22.208444,15.470104217529297
2026-05-01 07:47:22.409600,2026-05-01 07:47:22.409600,15.610526084899902
2026-05-01 07:47:22.607989,2026-05-01 07:47:22.607989,15.905665397644045
2026-05-01 07:47:22.808922,2026-05-01 07:47:22.808922,16.15653419494629
2026-05-01 07:47:23.008213,2026-05-01 07:47:23.008213,16.369773864746094
2026-05-01 07:47:23.211058,2026-05-01 07:47:23.211058,16.551025390625
2026-05-01 07:47:23.408071,2026-05-01 07:47:23.408071,16.88087272644043
2026-05-01 07:47:23.608108,2026-05-01 07:47:23.608108,16.98546028137207
2026-05-01 07:47:23.809266,2026-05-01 07:47:23.809266,17.250141143798828
2026-05-01 07:47:24.008984,2026-05-01 07:47:24.008984,17.475120544433594
2026-05-01 07:47:24.207967,2026-05-01 07:47:24.207967,17.490570068359375
2026-05-01 07:47:24.408180,2026-05-01 07:47:24.408180,17.679485321044922
2026-05-01 07:47:24.608098,2026-05-01 07:47:24.608098,17.840063095092773
2026-05-01 07:47:24.810424,2026-05-01 07:47:24.810424,17.976552963256836
2026-05-01 07:47:25.007849,2026-05-01 07:47:25.007849,17.91678810119629
2026-05-01 07:47:25.208441,2026-05-01 07:47:25.208441,17.865989685058594
2026-05-01 07:47:25.408908,2026-05-01 07:47:25.408908,17.82280921936035
2026-05-01 07:47:25.607782,2026-05-01 07:47:25.607782,17.78610610961914
2026-05-01 07:47:25.807798,2026-05-01 07:47:25.807798,17.75490951538086
2026-05-01 07:47:26.009496,2026-05-01 07:47:26.009496,17.552610397338867
2026-05-01 07:47:26.208922,2026-05-01 07:47:26.208922,17.380657196044922
2026-05-01 07:47:26.409155,2026-05-01 07:47:26.409155,17.234495162963867
2026-05-01 07:47:26.608538,2026-05-01 07:47:26.608538,17.110258102416992
2026-05-01 07:47:26.807978,2026-05-01 07:47:26.807978,17.004657745361328
2026-05-01 07:47:27.008428,2026-05-01 07:47:27.008428,16.91489601135254
2026-05-01 07:47:27.209525,2026-05-01 07:47:27.209525,16.838600158691406
2026-05-01 07:47:27.408416,2026-05-01 07:47:27.408416,16.597965240478516
2026-05-01 07:47:27.608063,2026-05-01 07:47:27.608063,16.3934268951416
2026-05-01 07:47:27.808203,2026-05-01 07:47:27.808203,16.21957015991211
2026-05-01 07:47:28.007832,2026-05-01 07:47:28.007832,16.07179069519043
2026-05-01 07:47:28.207905,2026-05-01 07:47:28.207905,15.94617748260498
2026-05-01 07:47:28.408928,2026-05-01 07:47:28.408928,15.839406967163086
2026-05-01 07:47:28.608071,2026-05-01 07:47:28.608071,15.748652458190918
2026-05-01 07:47:28.808496,2026-05-01 07:47:28.808496,15.671510696411133
2026-05-01 07:47:29.009411,2026-05-01 07:47:29.009411,15.60594081878662
2026-05-01 07:47:29.207855,2026-05-01 07:47:29.207855,15.550206184387209
2026-05-01 07:47:29.408430,2026-05-01 07:47:29.408430,15.50283145904541
2026-05-01 07:47:29.608275,2026-05-01 07:47:29.608275,15.286781311035156
2026-05-01 07:47:29.808055,2026-05-01 07:47:29.808055,15.10313892364502
2026-05-01 07:47:30.008528,2026-05-01 07:47:30.008528,14.947043418884276
2026-05-01 07:47:30.208119,2026-05-01 07:47:30.208119,14.814361572265623
2026-05-01 07:47:30.408581,2026-05-01 07:47:30.408581,14.701582908630373
2026-05-01 07:47:30.608926,2026-05-01 07:47:30.608926,14.605720520019531
2026-05-01 07:47:30.808603,2026-05-01 07:47:30.808603,14.524236679077148
2026-05-01 07:47:31.008592,2026-05-01 07:47:31.008592,16.74013328552246
2026-05-01 07:47:31.208452,2026-05-01 07:47:31.208452,18.44786262512207
2026-05-01 07:47:31.408714,2026-05-01 07:47:31.408714,19.899433135986328
2026-05-01 07:47:31.607826,2026-05-01 07:47:31.607826,21.13326835632324
2026-05-01 07:47:31.807859,2026-05-01 07:47:31.807859,22.00624656677246
2026-05-01 07:47:32.008175,2026-05-01 07:47:32.008175,22.748279571533203
2026-05-01 07:47:32.208710,2026-05-01 07:47:32.208710,23.379005432128903
2026-05-01 07:47:32.408059,2026-05-01 07:47:32.408059,23.915122985839844
2026-05-01 07:47:32.608008,2026-05-01 07:47:32.608008,24.37082290649414
2026-05-01 07:47:32.807769,2026-05-01 07:47:32.807769,24.582387924194336
2026-05-01 07:47:33.008473,2026-05-01 07:47:33.008473,24.762216567993164
2026-05-01 07:47:33.208294,2026-05-01 07:47:33.208294,24.91507148742676
2026-05-01 07:47:33.411124,2026-05-01 07:47:33.411124,25.044998168945312
2026-05-01 07:47:33.609084,2026-05-01 07:47:33.609084,25.15543556213379
2026-05-01 07:47:33.808106,2026-05-01 07:47:33.808106,25.24930763244629
2026-05-01 07:47:34.011531,2026-05-01 07:47:34.011531,25.329099655151367
2026-05-01 07:47:34.208770,2026-05-01 07:47:34.208770,25.396923065185547
2026-05-01 07:47:34.409383,2026-05-01 07:47:34.409383,25.454570770263672
2026-05-01 07:47:34.609305,2026-05-01 07:47:34.609305,25.503572463989254
2026-05-01 07:47:34.809702,2026-05-01 07:47:34.809702,25.369443893432617
2026-05-01 07:47:35.011606,2026-05-01 07:47:35.011606,25.255434036254883
2026-05-01 07:47:35.211419,2026-05-01 07:47:35.211419,25.158523559570312
2026-05-01 07:47:35.409728,2026-05-01 07:47:35.409728,25.076152801513672
2026-05-01 07:47:35.611455,2026-05-01 07:47:35.611455,25.00613594055176
2026-05-01 07:47:35.809605,2026-05-01 07:47:35.809605,24.94662094116211
2026-05-01 07:47:36.010027,2026-05-01 07:47:36.010027,23.489784240722656
2026-05-01 07:47:36.208906,2026-05-01 07:47:36.208906,22.07569122314453
2026-05-01 07:47:36.409563,2026-05-01 07:47:36.409563,20.87371253967285
2026-05-01 07:47:36.609343,2026-05-01 07:47:36.609343,20.027812957763672
2026-05-01 07:47:36.808474,2026-05-01 07:47:36.808474,19.13301467895508
2026-05-01 07:47:37.010717,2026-05-01 07:47:37.010717,18.372438430786133
2026-05-01 07:47:37.209020,2026-05-01 07:47:37.209020,17.725948333740234
2026-05-01 07:47:37.408226,2026-05-01 07:47:37.408226,17.176429748535156
2026-05-01 07:47:37.608210,2026-05-01 07:47:37.608210,16.885122299194336
2026-05-01 07:47:50.708917,2026-05-01 07:47:50.708917,16.637510299682617
2026-05-01 07:47:50.908515,2026-05-01 07:47:50.908515,16.954383850097656
2026-05-01 07:47:51.108293,2026-05-01 07:47:51.108293,17.223726272583008
2026-05-01 07:47:51.309458,2026-05-01 07:47:51.309458,17.276885986328125
2026-05-01 07:47:51.510377,2026-05-01 07:47:51.510377,17.146289825439453
2026-05-01 07:47:51.708694,2026-05-01 07:47:51.708694,17.0352840423584
2026-05-01 07:47:51.908864,2026-05-01 07:47:51.908864,17.116710662841797
2026-05-01 07:47:52.108742,2026-05-01 07:47:52.108742,17.361703872680664
2026-05-01 07:47:52.308692,2026-05-01 07:47:52.308692,17.394166946411133
2026-05-01 07:47:52.509412,2026-05-01 07:47:52.509412,17.42176055908203
2026-05-01 07:47:52.708909,2026-05-01 07:47:52.708909,17.445215225219727
2026-05-01 07:47:52.910143,2026-05-01 07:47:52.910143,17.465152740478516
2026-05-01 07:47:53.109998,2026-05-01 07:47:53.109998,17.482097625732422
2026-05-01 07:47:53.309730,2026-05-01 07:47:53.309730,17.496501922607422
2026-05-01 07:47:53.508507,2026-05-01 07:47:53.508507,17.508745193481445
2026-05-01 07:47:53.710480,2026-05-01 07:47:53.710480,17.51915168762207
2026-05-01 07:47:53.910764,2026-05-01 07:47:53.910764,17.527997970581055
2026-05-01 07:47:54.108675,2026-05-01 07:47:54.108675,17.5355167388916
2026-05-01 07:47:54.309372,2026-05-01 07:47:54.309372,17.541908264160156
2026-05-01 07:47:54.510208,2026-05-01 07:47:54.510208,17.547340393066406
2026-05-01 07:47:54.711194,2026-05-01 07:47:54.711194,17.551958084106445
2026-05-01 07:47:54.910582,2026-05-01 07:47:54.910582,17.555883407592773
2026-05-01 07:47:55.107803,2026-05-01 07:47:55.107803,17.559219360351562
2026-05-01 07:47:55.308667,2026-05-01 07:47:55.308667,17.562055587768555
2026-05-01 07:47:55.509813,2026-05-01 07:47:55.509813,17.56446647644043
2026-05-01 07:47:55.711381,2026-05-01 07:47:55.711381,17.56651496887207
2026-05-01 07:47:55.908737,2026-05-01 07:47:55.908737,17.568256378173828
2026-05-01 07:47:56.110450,2026-05-01 07:47:56.110450,17.56973648071289
2026-05-01 07:47:56.310619,2026-05-01 07:47:56.310619,17.570995330810547
2026-05-01 07:47:56.510634,2026-05-01 07:47:56.510634,17.572063446044922
2026-05-01 07:47:56.709272,2026-05-01 07:47:56.709272,17.572973251342773
2026-05-01 07:47:56.908538,2026-05-01 07:47:56.908538,17.573745727539062
2026-05-01 07:47:57.110947,2026-05-01 07:47:57.110947,17.574403762817383
2026-05-01 07:47:57.312118,2026-05-01 07:47:57.312118,17.574960708618164
2026-05-01 07:47:57.508590,2026-05-01 07:47:57.508590,17.575435638427734
2026-05-01 07:47:57.709010,2026-05-01 07:47:57.709010,17.57583999633789
2026-05-01 07:47:57.908257,2026-05-01 07:47:57.908257,17.576181411743164
2026-05-01 07:47:58.108375,2026-05-01 07:47:58.108375,17.576473236083984
2026-05-01 07:47:58.310823,2026-05-01 07:47:58.310823,17.57672119140625
2026-05-01 07:47:58.507846,2026-05-01 07:47:58.507846,17.57693099975586
2026-05-01 07:47:58.711574,2026-05-01 07:47:58.711574,17.577110290527344
2026-05-01 07:47:58.909278,2026-05-01 07:47:58.909278,17.75304412841797
2026-05-01 07:47:59.108761,2026-05-01 07:47:59.108761,17.902587890625
2026-05-01 07:47:59.307982,2026-05-01 07:47:59.307982,18.029699325561523
2026-05-01 07:47:59.508853,2026-05-01 07:47:59.508853,18.137744903564453
2026-05-01 07:47:59.708294,2026-05-01 07:47:59.708294,18.22958374023437
2026-05-01 07:47:59.907840,2026-05-01 07:47:59.907840,18.30764579772949
2026-05-01 07:48:00.107821,2026-05-01 07:48:00.107821,18.373998641967773
2026-05-01 07:48:00.308457,2026-05-01 07:48:00.308457,18.43039894104004
2026-05-01 07:48:00.512306,2026-05-01 07:48:00.512306,18.47833824157715
2026-05-01 07:48:00.709419,2026-05-01 07:48:00.709419,18.519088745117188
2026-05-01 07:48:00.908386,2026-05-01 07:48:00.908386,18.55372428894043
2026-05-01 07:48:01.107860,2026-05-01 07:48:01.107860,18.583166122436523
2026-05-01 07:48:01.308691,2026-05-01 07:48:01.308691,18.608190536499023
2026-05-01 07:48:01.507927,2026-05-01 07:48:01.507927,18.62946319580078
2026-05-01 07:48:01.708472,2026-05-01 07:48:01.708472,18.64754295349121
2026-05-01 07:48:01.907787,2026-05-01 07:48:01.907787,18.66291236877441
2026-05-01 07:48:02.107740,2026-05-01 07:48:02.107740,18.675975799560547
2026-05-01 07:48:02.308342,2026-05-01 07:48:02.308342,18.68707847595215
2026-05-01 07:48:02.508776,2026-05-01 07:48:02.508776,18.872297286987305
2026-05-01 07:48:02.708779,2026-05-01 07:48:02.708779,19.029735565185547
2026-05-01 07:48:02.908524,2026-05-01 07:48:02.908524,19.339336395263672
2026-05-01 07:48:03.108461,2026-05-01 07:48:03.108461,19.60249900817871
2026-05-01 07:48:03.308117,2026-05-01 07:48:03.308117,19.826187133789062
2026-05-01 07:48:03.514274,2026-05-01 07:48:03.514274,20.016321182250977
2026-05-01 07:48:03.711318,2026-05-01 07:48:03.711318,20.177934646606445
2026-05-01 07:48:03.909332,2026-05-01 07:48:03.909332,20.3153076171875
2026-05-01 07:48:04.107706,2026-05-01 07:48:04.107706,20.43207359313965
2026-05-01 07:48:04.308654,2026-05-01 07:48:04.308654,20.531326293945312
2026-05-01 07:48:04.508475,2026-05-01 07:48:04.508475,20.61568832397461
2026-05-01 07:48:04.711426,2026-05-01 07:48:04.711426,20.68739891052246
2026-05-01 07:48:04.907992,2026-05-01 07:48:04.907992,20.748350143432617
2026-05-01 07:48:05.108103,2026-05-01 07:48:05.108103,20.800161361694336
2026-05-01 07:48:05.307953,2026-05-01 07:48:05.307953,20.844200134277344
2026-05-01 07:48:05.509821,2026-05-01 07:48:05.509821,20.88163185119629
2026-05-01 07:48:05.709287,2026-05-01 07:48:05.709287,20.913450241088867
2026-05-01 07:48:05.908426,2026-05-01 07:48:05.908426,20.94049453735352
2026-05-01 07:48:06.107962,2026-05-01 07:48:06.107962,20.963483810424805
2026-05-01 07:48:06.308106,2026-05-01 07:48:06.308106,20.983022689819336
2026-05-01 07:48:06.508242,2026-05-01 07:48:06.508242,20.999631881713867
2026-05-01 07:48:06.707993,2026-05-01 07:48:06.707993,21.013750076293945
2026-05-01 07:48:06.910808,2026-05-01 07:48:06.910808,21.02574920654297
2026-05-01 07:48:07.108465,2026-05-01 07:48:07.108465,21.03594970703125
2026-05-01 07:48:07.307795,2026-05-01 07:48:07.307795,21.044620513916016
2026-05-01 07:48:07.507787,2026-05-01 07:48:07.507787,21.05198860168457
2026-05-01 07:48:07.707757,2026-05-01 07:48:07.707757,21.05825424194336
2026-05-01 07:48:07.908010,2026-05-01 07:48:07.908010,21.06357765197754
2026-05-01 07:48:08.108873,2026-05-01 07:48:08.108873,21.068103790283203
2026-05-01 07:48:08.308321,2026-05-01 07:48:08.308321,21.247732162475582
2026-05-01 07:48:08.507679,2026-05-01 07:48:08.507679,21.400415420532227
2026-05-01 07:48:08.707694,2026-05-01 07:48:08.707694,21.530197143554688
2026-05-01 07:48:08.908100,2026-05-01 07:48:08.908100,21.46472930908203
2026-05-01 07:48:09.108600,2026-05-01 07:48:09.108600,21.409082412719727
2026-05-01 07:48:09.309078,2026-05-01 07:48:09.309078,21.36178398132324
2026-05-01 07:48:09.507769,2026-05-01 07:48:09.507769,21.321578979492188
2026-05-01 07:48:09.708318,2026-05-01 07:48:09.708318,21.463184356689453
2026-05-01 07:48:09.908428,2026-05-01 07:48:09.908428,21.58355140686035
2026-05-01 07:48:10.109341,2026-05-01 07:48:10.109341,21.68586158752441
2026-05-01 07:48:10.308472,2026-05-01 07:48:10.308472,21.7728271484375
2026-05-01 07:48:10.509234,2026-05-01 07:48:10.509234,21.84674644470215
2026-05-01 07:48:10.708921,2026-05-01 07:48:10.708921,21.909578323364254
2026-05-01 07:48:10.907908,2026-05-01 07:48:10.907908,21.96298599243164
2026-05-01 07:48:11.108656,2026-05-01 07:48:11.108656,22.008380889892575
2026-05-01 07:48:11.309944,2026-05-01 07:48:11.309944,22.046968460083008
2026-05-01 07:48:11.508098,2026-05-01 07:48:11.508098,22.07976722717285
2026-05-01 07:48:11.707947,2026-05-01 07:48:11.707947,23.16233253479004
2026-05-01 07:48:11.911464,2026-05-01 07:48:11.911464,24.0825138092041
2026-05-01 07:48:12.107884,2026-05-01 07:48:12.107884,24.86466789245605
2026-05-01 07:48:12.307927,2026-05-01 07:48:12.307927,25.52949905395508
2026-05-01 07:48:12.513889,2026-05-01 07:48:12.513889,25.567262649536133
2026-05-01 07:48:12.710294,2026-05-01 07:48:12.710294,25.7751407623291
2026-05-01 07:48:12.909038,2026-05-01 07:48:12.909038,25.951839447021484
2026-05-01 07:48:13.108571,2026-05-01 07:48:13.108571,26.102031707763672
2026-05-01 07:48:13.309760,2026-05-01 07:48:13.309760,26.22969627380371
2026-05-01 07:48:13.510321,2026-05-01 07:48:13.510321,26.338211059570312
2026-05-01 07:48:13.709247,2026-05-01 07:48:13.709247,26.43044662475586
2026-05-01 07:48:13.907717,2026-05-01 07:48:13.907717,26.508848190307617
2026-05-01 07:48:14.108781,2026-05-01 07:48:14.108781,26.57549095153809
2026-05-01 07:48:14.308061,2026-05-01 07:48:14.308061,26.63213539123535
2026-05-01 07:48:14.508543,2026-05-01 07:48:14.508543,26.68028450012207
2026-05-01 07:48:14.709466,2026-05-01 07:48:14.709466,26.721210479736328
2026-05-01 07:48:14.910195,2026-05-01 07:48:14.910195,26.75599670410156
2026-05-01 07:48:15.109151,2026-05-01 07:48:15.109151,26.78556632995605
2026-05-01 07:48:15.308910,2026-05-01 07:48:15.308910,26.810699462890625
2026-05-01 07:48:15.508061,2026-05-01 07:48:15.508061,26.83206367492676
2026-05-01 07:48:15.707856,2026-05-01 07:48:15.707856,26.85022354125977
2026-05-01 07:48:15.910322,2026-05-01 07:48:15.910322,26.865657806396484
2026-05-01 07:48:29.007925,2026-05-01 07:48:29.007925,26.7029972076416
2026-05-01 07:48:29.208373,2026-05-01 07:48:29.208373,26.564735412597656
2026-05-01 07:48:29.408361,2026-05-01 07:48:29.408361,26.44721221923828
2026-05-01 07:48:29.608036,2026-05-01 07:48:29.608036,26.347318649291992
2026-05-01 07:48:29.808215,2026-05-01 07:48:29.808215,26.262407302856445
2026-05-01 07:48:30.009949,2026-05-01 07:48:30.009949,26.19023323059082
2026-05-01 07:48:30.209045,2026-05-01 07:48:30.209045,26.128887176513672
2026-05-01 07:48:30.408864,2026-05-01 07:48:30.408864,26.076740264892575
2026-05-01 07:48:30.608175,2026-05-01 07:48:30.608175,26.03241729736328
2026-05-01 07:48:30.812541,2026-05-01 07:48:30.812541,25.994741439819336
2026-05-01 07:48:31.010795,2026-05-01 07:48:31.010795,25.962718963623047
2026-05-01 07:48:31.209146,2026-05-01 07:48:31.209146,25.935497283935547
2026-05-01 07:48:31.415168,2026-05-01 07:48:31.415168,25.91236114501953
2026-05-01 07:48:31.611408,2026-05-01 07:48:31.611408,25.8926944732666
2026-05-01 07:48:31.808789,2026-05-01 07:48:31.808789,25.700197219848636
2026-05-01 07:48:32.008210,2026-05-01 07:48:32.008210,25.53657341003418
2026-05-01 07:48:32.210454,2026-05-01 07:48:32.210454,25.39749336242676
2026-05-01 07:48:32.409235,2026-05-01 07:48:32.409235,25.27927589416504
2026-05-01 07:48:32.609054,2026-05-01 07:48:32.609054,25.178791046142575
2026-05-01 07:48:32.810091,2026-05-01 07:48:32.810091,25.0933780670166
2026-05-01 07:48:33.009455,2026-05-01 07:48:33.009455,25.02077865600586
2026-05-01 07:48:33.208930,2026-05-01 07:48:33.208930,24.959068298339844
2026-05-01 07:48:33.410346,2026-05-01 07:48:33.410346,24.906614303588867
2026-05-01 07:48:33.610752,2026-05-01 07:48:33.610752,24.86202812194824
2026-05-01 07:48:33.812138,2026-05-01 07:48:33.812138,24.824129104614254
2026-05-01 07:48:34.012885,2026-05-01 07:48:34.012885,24.791915893554688
2026-05-01 07:48:34.210371,2026-05-01 07:48:34.210371,24.764535903930664
2026-05-01 07:48:34.411056,2026-05-01 07:48:34.411056,24.565479278564453
2026-05-01 07:48:34.612139,2026-05-01 07:48:34.612139,24.39628219604492
2026-05-01 07:48:34.808709,2026-05-01 07:48:34.808709,24.252466201782227
2026-05-01 07:48:35.008946,2026-05-01 07:48:35.008946,24.130220413208008
2026-05-01 07:48:35.207714,2026-05-01 07:48:35.207714,24.02631187438965
2026-05-01 07:48:35.408138,2026-05-01 07:48:35.408138,23.937990188598636
2026-05-01 07:48:35.614583,2026-05-01 07:48:35.614583,23.862916946411133
2026-05-01 07:48:35.809031,2026-05-01 07:48:35.809031,23.62332344055176
2026-05-01 07:48:36.012094,2026-05-01 07:48:36.012094,23.41966819763184
2026-05-01 07:48:36.209522,2026-05-01 07:48:36.209522,23.246562957763672
2026-05-01 07:48:36.408110,2026-05-01 07:48:36.408110,23.09942054748535
2026-05-01 07:48:36.612153,2026-05-01 07:48:36.612153,22.97435188293457
2026-05-01 07:48:36.808362,2026-05-01 07:48:36.808362,22.868043899536133
2026-05-01 07:48:37.008689,2026-05-01 07:48:37.008689,22.60189819335937
2026-05-01 07:48:37.207843,2026-05-01 07:48:37.207843,22.37567710876465
2026-05-01 07:48:37.409844,2026-05-01 07:48:37.409844,22.183387756347656
2026-05-01 07:48:37.607902,2026-05-01 07:48:37.607902,22.01994132995605
2026-05-01 07:48:37.810433,2026-05-01 07:48:37.810433,21.881013870239254
2026-05-01 07:48:38.008700,2026-05-01 07:48:38.008700,21.762924194335938
2026-05-01 07:48:38.211318,2026-05-01 07:48:38.211318,21.662548065185547
2026-05-01 07:48:38.410303,2026-05-01 07:48:38.410303,21.577228546142575
2026-05-01 07:48:38.609479,2026-05-01 07:48:38.609479,21.50470542907715
2026-05-01 07:48:38.809817,2026-05-01 07:48:38.809817,21.267282485961918
2026-05-01 07:48:39.007723,2026-05-01 07:48:39.007723,21.06546974182129
2026-05-01 07:48:39.209418,2026-05-01 07:48:39.209418,20.893930435180664
2026-05-01 07:48:39.407847,2026-05-01 07:48:39.407847,20.748123168945312
2026-05-01 07:48:39.608710,2026-05-01 07:48:39.608710,20.62418556213379
2026-05-01 07:48:39.808911,2026-05-01 07:48:39.808911,20.51883888244629
2026-05-01 07:48:40.007937,2026-05-01 07:48:40.007937,20.42929458618164
2026-05-01 07:48:40.207845,2026-05-01 07:48:40.207845,20.353181838989254
2026-05-01 07:48:40.407958,2026-05-01 07:48:40.407958,20.46426773071289
2026-05-01 07:48:40.607709,2026-05-01 07:48:40.607709,20.55868911743164
2026-05-01 07:48:40.808845,2026-05-01 07:48:40.808845,20.63894844055176
2026-05-01 07:48:41.011004,2026-05-01 07:48:41.011004,20.70716857910156
2026-05-01 07:48:41.208092,2026-05-01 07:48:41.208092,20.765155792236328
2026-05-01 07:48:41.410345,2026-05-01 07:48:41.410345,20.81444549560547
2026-05-01 07:48:41.608394,2026-05-01 07:48:41.608394,20.153215408325195
2026-05-01 07:48:41.807845,2026-05-01 07:48:41.807845,19.41539001464844
2026-05-01 07:48:42.009644,2026-05-01 07:48:42.009644,18.788236618041992
2026-05-01 07:48:42.207757,2026-05-01 07:48:42.207757,18.079376220703125
2026-05-01 07:48:42.409978,2026-05-01 07:48:42.409978,17.476844787597656
2026-05-01 07:48:42.608583,2026-05-01 07:48:42.608583,16.964693069458008
2026-05-01 07:48:42.810423,2026-05-01 07:48:42.810423,16.52936363220215
2026-05-01 07:48:43.007803,2026-05-01 07:48:43.007803,16.159334182739258
2026-05-01 07:48:43.210540,2026-05-01 07:48:43.210540,15.669028282165527
2026-05-01 07:48:43.408042,2026-05-01 07:48:43.408042,15.252267837524414
2026-05-01 07:48:43.618562,2026-05-01 07:48:43.618562,14.898021697998049
2026-05-01 07:48:43.808873,2026-05-01 07:48:43.808873,14.596912384033203
2026-05-01 07:48:44.007841,2026-05-01 07:48:44.007841,14.16518783569336
2026-05-01 07:48:44.208574,2026-05-01 07:48:44.208574,13.974002838134766
2026-05-01 07:48:44.407793,2026-05-01 07:48:44.407793,13.81149673461914
2026-05-01 07:48:44.609790,2026-05-01 07:48:44.609790,13.673365592956545
2026-05-01 07:48:44.808782,2026-05-01 07:48:44.808782,13.555954933166504
2026-05-01 07:48:45.009657,2026-05-01 07:48:45.009657,13.456154823303224
2026-05-01 07:48:45.208690,2026-05-01 07:48:45.208690,13.371325492858888
2026-05-01 07:48:45.413193,2026-05-01 07:48:45.413193,13.12343978881836
2026-05-01 07:48:45.614720,2026-05-01 07:48:45.614720,13.08851718902588
2026-05-01 07:48:45.808494,2026-05-01 07:48:45.808494,13.058833122253418
2026-05-01 07:48:46.007681,2026-05-01 07:48:46.007681,13.033601760864258
2026-05-01 07:48:46.210238,2026-05-01 07:48:46.210238,13.012155532836914
2026-05-01 07:48:46.409647,2026-05-01 07:48:46.409647,12.993926048278809
2026-05-01 07:48:46.609695,2026-05-01 07:48:46.609695,12.97843074798584
2026-05-01 07:48:46.809417,2026-05-01 07:48:46.809417,12.965259552001951
2026-05-01 07:48:47.009130,2026-05-01 07:48:47.009130,12.95406436920166
2026-05-01 07:48:47.207902,2026-05-01 07:48:47.207902,15.40548610687256
2026-05-01 07:48:47.411497,2026-05-01 07:48:47.411497,17.489194869995117
2026-05-01 07:48:47.610802,2026-05-01 07:48:47.610802,19.260347366333008
2026-05-01 07:48:47.809919,2026-05-01 07:48:47.809919,20.765825271606445
2026-05-01 07:48:48.009038,2026-05-01 07:48:48.009038,19.057201385498047
2026-05-01 07:48:48.208398,2026-05-01 07:48:48.208398,17.60487174987793
2026-05-01 07:48:48.408051,2026-05-01 07:48:48.408051,19.358673095703125
2026-05-01 07:48:48.607825,2026-05-01 07:48:48.607825,20.849403381347656
2026-05-01 07:48:48.808228,2026-05-01 07:48:48.808228,22.11652374267578
2026-05-01 07:48:49.008150,2026-05-01 07:48:49.008150,23.19357681274414
2026-05-01 07:48:49.208681,2026-05-01 07:48:49.208681,24.109071731567383
2026-05-01 07:48:49.408438,2026-05-01 07:48:49.408438,24.88724136352539
2026-05-01 07:48:49.609409,2026-05-01 07:48:49.609409,25.54868698120117
2026-05-01 07:48:49.809453,2026-05-01 07:48:49.809453,23.29841423034668
2026-05-01 07:48:50.007967,2026-05-01 07:48:50.007967,24.198183059692383
2026-05-01 07:48:50.210471,2026-05-01 07:48:50.210471,24.962987899780277
2026-05-01 07:48:50.408107,2026-05-01 07:48:50.408107,22.80057144165039
2026-05-01 07:48:50.608118,2026-05-01 07:48:50.608118,20.96251678466797
2026-05-01 07:48:50.807806,2026-05-01 07:48:50.807806,19.400169372558597
2026-05-01 07:48:51.008819,2026-05-01 07:48:51.008819,17.896394729614258
2026-05-01 07:48:51.207774,2026-05-01 07:48:51.207774,16.61818504333496
2026-05-01 07:48:51.408896,2026-05-01 07:48:51.408896,15.531707763671877
2026-05-01 07:48:51.607862,2026-05-01 07:48:51.607862,14.608201026916504
2026-05-01 07:48:51.808268,2026-05-01 07:48:51.808268,13.64743995666504
2026-05-01 07:48:52.008889,2026-05-01 07:48:52.008889,13.006573677062988
2026-05-01 07:48:52.209845,2026-05-01 07:48:52.209845,12.286056518554688
2026-05-01 07:48:52.408046,2026-05-01 07:48:52.408046,11.673617362976074
2026-05-01 07:48:52.610989,2026-05-01 07:48:52.610989,11.153042793273926
2026-05-01 07:48:52.808369,2026-05-01 07:48:52.808369,10.88633632659912
2026-05-01 07:48:53.012824,2026-05-01 07:48:53.012824,10.48385524749756
2026-05-01 07:48:53.208966,2026-05-01 07:48:53.208966,10.141745567321776
2026-05-01 07:48:53.407841,2026-05-01 07:48:53.407841,9.8509521484375
2026-05-01 07:48:53.610645,2026-05-01 07:48:53.610645,9.603777885437012
2026-05-01 07:48:53.813099,2026-05-01 07:48:53.813099,9.393680572509766
2026-05-01 07:48:54.008924,2026-05-01 07:48:54.008924,9.390878677368164
2026-05-01 07:48:54.209254,2026-05-01 07:48:54.209254,9.56427764892578
2026-05-01 07:49:07.308143,2026-05-01 07:49:07.308143,9.53588581085205
2026-05-01 07:49:07.509281,2026-05-01 07:49:07.509281,9.68753433227539
2026-05-01 07:49:07.710574,2026-05-01 07:49:07.710574,9.816435813903809
2026-05-01 07:49:07.909073,2026-05-01 07:49:07.909073,9.75022029876709
2026-05-01 07:49:08.108659,2026-05-01 07:49:08.108659,9.693937301635742
2026-05-01 07:49:08.307865,2026-05-01 07:49:08.307865,9.646096229553224
2026-05-01 07:49:08.509127,2026-05-01 07:49:08.509127,9.605432510375977
2026-05-01 07:49:08.709302,2026-05-01 07:49:08.709302,9.570867538452148
2026-05-01 07:49:08.907830,2026-05-01 07:49:08.907830,9.541486740112305
2026-05-01 07:49:09.109026,2026-05-01 07:49:09.109026,9.51651382446289
2026-05-01 07:49:09.308980,2026-05-01 07:49:09.308980,9.49528694152832
2026-05-01 07:49:09.508059,2026-05-01 07:49:09.508059,9.47724437713623
2026-05-01 07:49:09.707951,2026-05-01 07:49:09.707951,9.461907386779783
2026-05-01 07:49:09.908246,2026-05-01 07:49:09.908246,9.448871612548828
2026-05-01 07:49:10.108630,2026-05-01 07:49:10.108630,9.437790870666504
2026-05-01 07:49:10.308479,2026-05-01 07:49:10.308479,9.428372383117676
2026-05-01 07:49:10.508440,2026-05-01 07:49:10.508440,9.596147537231444
2026-05-01 07:49:10.708515,2026-05-01 07:49:10.708515,9.73875617980957
2026-05-01 07:49:10.909504,2026-05-01 07:49:10.909504,9.684192657470703
2026-05-01 07:49:11.109029,2026-05-01 07:49:11.109029,9.81359577178955
2026-05-01 07:49:11.309343,2026-05-01 07:49:11.309343,10.09936809539795
2026-05-01 07:49:11.508607,2026-05-01 07:49:11.508607,10.342275619506836
2026-05-01 07:49:11.708298,2026-05-01 07:49:11.708298,10.724528312683104
2026-05-01 07:49:11.907940,2026-05-01 07:49:11.907940,11.049442291259766
2026-05-01 07:49:12.108458,2026-05-01 07:49:12.108458,12.7318696975708
2026-05-01 07:49:12.310010,2026-05-01 07:49:12.310010,14.161932945251465
2026-05-01 07:49:12.507907,2026-05-01 07:49:12.507907,15.377487182617188
2026-05-01 07:49:12.709057,2026-05-01 07:49:12.709057,16.586488723754883
2026-05-01 07:49:12.907820,2026-05-01 07:49:12.907820,17.7899227142334
2026-05-01 07:49:13.114052,2026-05-01 07:49:13.114052,18.81283950805664
2026-05-01 07:49:13.307743,2026-05-01 07:49:13.307743,19.68231964111328
2026-05-01 07:49:13.509452,2026-05-01 07:49:13.509452,20.42137908935547
2026-05-01 07:49:13.707802,2026-05-01 07:49:13.707802,21.04957771301269
2026-05-01 07:49:13.910636,2026-05-01 07:49:13.910636,21.58354759216309
2026-05-01 07:49:14.110120,2026-05-01 07:49:14.110120,21.15851593017578
2026-05-01 07:49:14.308441,2026-05-01 07:49:14.308441,21.676143646240234
2026-05-01 07:49:14.508598,2026-05-01 07:49:14.508598,21.41300392150879
2026-05-01 07:49:14.709057,2026-05-01 07:49:14.709057,21.89245986938477
2026-05-01 07:49:14.908941,2026-05-01 07:49:14.908941,21.772653579711918
2026-05-01 07:49:15.109232,2026-05-01 07:49:15.109232,21.670818328857425
2026-05-01 07:49:15.310633,2026-05-01 07:49:15.310633,21.58425712585449
2026-05-01 07:49:15.510768,2026-05-01 07:49:15.510768,21.51068115234375
2026-05-01 07:49:15.713409,2026-05-01 07:49:15.713409,21.44814109802246
2026-05-01 07:49:15.909583,2026-05-01 07:49:15.909583,21.394983291625977
2026-05-01 07:49:16.109953,2026-05-01 07:49:16.109953,21.52557945251465
2026-05-01 07:49:16.309300,2026-05-01 07:49:16.309300,21.636585235595703
2026-05-01 07:49:16.508782,2026-05-01 07:49:16.508782,21.730941772460938
2026-05-01 07:49:16.708666,2026-05-01 07:49:16.708666,21.81114387512207
2026-05-01 07:49:16.908859,2026-05-01 07:49:16.908859,21.87931632995605
2026-05-01 07:49:17.109132,2026-05-01 07:49:17.109132,21.93726348876953
2026-05-01 07:49:17.309167,2026-05-01 07:49:17.309167,21.98651695251465
2026-05-01 07:49:17.508398,2026-05-01 07:49:17.508398,22.204164505004883
2026-05-01 07:49:17.708507,2026-05-01 07:49:17.708507,22.389163970947266
2026-05-01 07:49:17.910505,2026-05-01 07:49:17.910505,22.54641532897949
2026-05-01 07:49:18.108673,2026-05-01 07:49:18.108673,22.680078506469727
2026-05-01 07:49:18.308412,2026-05-01 07:49:18.308412,22.79369163513184
2026-05-01 07:49:18.509304,2026-05-01 07:49:18.509304,22.89026260375977
2026-05-01 07:49:18.707901,2026-05-01 07:49:18.707901,22.972347259521484
2026-05-01 07:49:18.907910,2026-05-01 07:49:18.907910,23.0421199798584
2026-05-01 07:49:19.108494,2026-05-01 07:49:19.108494,22.92564582824707
2026-05-01 07:49:19.309205,2026-05-01 07:49:19.309205,22.826642990112305
2026-05-01 07:49:19.511321,2026-05-01 07:49:19.511321,22.918272018432617
2026-05-01 07:49:19.708731,2026-05-01 07:49:19.708731,22.996156692504883
2026-05-01 07:49:19.908713,2026-05-01 07:49:19.908713,22.88657569885254
2026-05-01 07:49:20.108465,2026-05-01 07:49:20.108465,22.793434143066406
2026-05-01 07:49:20.308424,2026-05-01 07:49:20.308424,22.714262008666992
2026-05-01 07:49:20.509995,2026-05-01 07:49:20.509995,22.6469669342041
2026-05-01 07:49:20.708733,2026-05-01 07:49:20.708733,22.58976554870605
2026-05-01 07:49:20.907954,2026-05-01 07:49:20.907954,22.54114532470703
2026-05-01 07:49:21.110466,2026-05-01 07:49:21.110466,22.49981689453125
2026-05-01 07:49:21.307847,2026-05-01 07:49:21.307847,22.46468734741211
2026-05-01 07:49:21.508049,2026-05-01 07:49:21.508049,22.43482780456543
2026-05-01 07:49:21.707989,2026-05-01 07:49:21.707989,22.233667373657227
2026-05-01 07:49:21.908890,2026-05-01 07:49:21.908890,22.062679290771484
2026-05-01 07:49:22.107888,2026-05-01 07:49:22.107888,21.91733932495117
2026-05-01 07:49:22.309178,2026-05-01 07:49:22.309178,21.793800354003903
2026-05-01 07:49:22.507747,2026-05-01 07:49:22.507747,21.688793182373047
2026-05-01 07:49:22.710566,2026-05-01 07:49:22.710566,21.599536895751957
2026-05-01 07:49:22.909583,2026-05-01 07:49:22.909583,21.52366828918457
2026-05-01 07:49:23.108380,2026-05-01 07:49:23.108380,21.45918083190918
2026-05-01 07:49:23.308111,2026-05-01 07:49:23.308111,21.40436553955078
2026-05-01 07:49:23.508825,2026-05-01 07:49:23.508825,21.35777473449707
2026-05-01 07:49:23.709357,2026-05-01 07:49:23.709357,21.31817054748535
2026-05-01 07:49:23.908334,2026-05-01 07:49:23.908334,21.284507751464844
2026-05-01 07:49:24.108119,2026-05-01 07:49:24.108119,21.25589370727539
2026-05-01 07:49:24.308329,2026-05-01 07:49:24.308329,21.0557918548584
2026-05-01 07:49:24.508391,2026-05-01 07:49:24.508391,20.885704040527344
2026-05-01 07:49:24.708270,2026-05-01 07:49:24.708270,20.74112892150879
2026-05-01 07:49:24.910170,2026-05-01 07:49:24.910170,20.618240356445312
2026-05-01 07:49:25.109544,2026-05-01 07:49:25.109544,20.51378631591797
2026-05-01 07:49:25.308280,2026-05-01 07:49:25.308280,20.424999237060547
2026-05-01 07:49:25.508963,2026-05-01 07:49:25.508963,20.34953117370605
2026-05-01 07:49:25.708448,2026-05-01 07:49:25.708448,20.285383224487305
2026-05-01 07:49:25.908829,2026-05-01 07:49:25.908829,20.23085594177246
2026-05-01 07:49:26.108316,2026-05-01 07:49:26.108316,20.18450927734375
2026-05-01 07:49:26.307773,2026-05-01 07:49:26.307773,20.14511489868164
2026-05-01 07:49:26.507811,2026-05-01 07:49:26.507811,20.11162757873535
2026-05-01 07:49:26.708269,2026-05-01 07:49:26.708269,20.083166122436523
2026-05-01 07:49:26.908523,2026-05-01 07:49:26.908523,19.883190155029297
2026-05-01 07:49:27.107809,2026-05-01 07:49:27.107809,19.713211059570312
2026-05-01 07:49:27.310752,2026-05-01 07:49:27.310752,19.56872940063477
2026-05-01 07:49:27.508518,2026-05-01 07:49:27.508518,19.445920944213867
2026-05-01 07:49:27.707799,2026-05-01 07:49:27.707799,19.34153175354004
2026-05-01 07:49:27.908614,2026-05-01 07:49:27.908614,19.2528018951416
2026-05-01 07:49:28.107725,2026-05-01 07:49:28.107725,19.17738151550293
2026-05-01 07:49:28.308545,2026-05-01 07:49:28.308545,19.1132755279541
2026-05-01 07:49:28.507906,2026-05-01 07:49:28.507906,19.05878448486328
2026-05-01 07:49:28.707885,2026-05-01 07:49:28.707885,19.012466430664062
2026-05-01 07:49:28.911778,2026-05-01 07:49:28.911778,18.97309684753418
2026-05-01 07:49:29.108170,2026-05-01 07:49:29.108170,18.939632415771484
2026-05-01 07:49:29.307878,2026-05-01 07:49:29.307878,18.73540496826172
2026-05-01 07:49:29.512150,2026-05-01 07:49:29.512150,18.561813354492188
2026-05-01 07:49:29.707700,2026-05-01 07:49:29.707700,18.41426086425781
2026-05-01 07:49:29.908079,2026-05-01 07:49:29.908079,18.28883934020996
2026-05-01 07:49:30.108761,2026-05-01 07:49:30.108761,18.006450653076172
2026-05-01 07:49:30.307952,2026-05-01 07:49:30.307952,17.766420364379883
2026-05-01 07:49:30.507965,2026-05-01 07:49:30.507965,17.562395095825195
2026-05-01 07:49:30.709049,2026-05-01 07:49:30.709049,17.388973236083984
2026-05-01 07:49:30.908046,2026-05-01 07:49:30.908046,17.241565704345703
2026-05-01 07:49:31.108013,2026-05-01 07:49:31.108013,17.116268157958984
2026-05-01 07:49:31.308429,2026-05-01 07:49:31.308429,17.009765625
2026-05-01 07:49:31.507946,2026-05-01 07:49:31.507946,16.91923713684082
2026-05-01 07:49:31.709411,2026-05-01 07:49:31.709411,16.842288970947266
2026-05-01 07:49:31.907747,2026-05-01 07:49:31.907747,16.601102828979492
2026-05-01 07:49:32.120465,2026-05-01 07:49:32.120465,16.396093368530273
2026-05-01 07:49:32.308116,2026-05-01 07:49:32.308116,16.22183609008789
2026-05-01 07:49:32.508171,2026-05-01 07:49:32.508171,16.07371711730957
2026-05-01 07:49:45.617959,2026-05-01 07:49:45.617959,15.94781494140625
2026-05-01 07:49:45.808447,2026-05-01 07:49:45.808447,16.01658058166504
2026-05-01 07:49:46.008162,2026-05-01 07:49:46.008162,16.075031280517578
2026-05-01 07:49:46.208567,2026-05-01 07:49:46.208567,16.124713897705078
2026-05-01 07:49:46.408453,2026-05-01 07:49:46.408453,16.16694450378418
2026-05-01 07:49:46.609600,2026-05-01 07:49:46.609600,16.20284080505371
2026-05-01 07:49:46.820403,2026-05-01 07:49:46.820403,16.23335075378418
2026-05-01 07:49:47.019569,2026-05-01 07:49:47.019569,16.259286880493164
2026-05-01 07:49:47.220448,2026-05-01 07:49:47.220448,16.281330108642578
2026-05-01 07:49:47.418320,2026-05-01 07:49:47.418320,16.300067901611328
2026-05-01 07:49:47.621520,2026-05-01 07:49:47.621520,16.315996170043945
2026-05-01 07:49:47.819028,2026-05-01 07:49:47.819028,16.32953453063965
2026-05-01 07:49:48.019049,2026-05-01 07:49:48.019049,16.341041564941406
2026-05-01 07:49:48.208936,2026-05-01 07:49:48.208936,16.35082244873047
2026-05-01 07:49:48.421133,2026-05-01 07:49:48.421133,16.3591365814209
2026-05-01 07:49:48.608897,2026-05-01 07:49:48.608897,16.36620330810547
2026-05-01 07:49:48.815779,2026-05-01 07:49:48.815779,16.372211456298828
2026-05-01 07:49:49.018435,2026-05-01 07:49:49.018435,16.377317428588867
2026-05-01 07:49:49.221818,2026-05-01 07:49:49.221818,16.557437896728516
2026-05-01 07:49:49.419585,2026-05-01 07:49:49.419585,16.710540771484375
2026-05-01 07:49:49.608413,2026-05-01 07:49:49.608413,16.840679168701172
2026-05-01 07:49:49.818835,2026-05-01 07:49:49.818835,16.951295852661133
2026-05-01 07:49:50.009462,2026-05-01 07:49:50.009462,17.045320510864258
2026-05-01 07:49:50.220455,2026-05-01 07:49:50.220455,17.125240325927734
2026-05-01 07:49:50.419452,2026-05-01 07:49:50.419452,17.193172454833984
2026-05-01 07:49:50.610249,2026-05-01 07:49:50.610249,17.25091552734375
2026-05-01 07:49:50.822078,2026-05-01 07:49:50.822078,17.475778579711914
2026-05-01 07:49:51.020589,2026-05-01 07:49:51.020589,17.666912078857422
2026-05-01 07:49:51.217866,2026-05-01 07:49:51.217866,17.829374313354492
2026-05-01 07:49:51.419441,2026-05-01 07:49:51.419441,17.96746826171875
2026-05-01 07:49:51.624465,2026-05-01 07:49:51.624465,18.084848403930664
2026-05-01 07:49:51.808861,2026-05-01 07:49:51.808861,18.18462181091309
2026-05-01 07:49:52.008040,2026-05-01 07:49:52.008040,18.445209503173828
2026-05-01 07:49:52.218690,2026-05-01 07:49:52.218690,18.666709899902344
2026-05-01 07:49:52.407870,2026-05-01 07:49:52.407870,18.854984283447266
2026-05-01 07:49:52.622200,2026-05-01 07:49:52.622200,19.01501846313477
2026-05-01 07:49:52.808620,2026-05-01 07:49:52.808620,19.151046752929688
2026-05-01 07:49:53.011158,2026-05-01 07:49:53.011158,19.26667022705078
2026-05-01 07:49:53.208978,2026-05-01 07:49:53.208978,19.364952087402344
2026-05-01 07:49:53.422601,2026-05-01 07:49:53.422601,19.448490142822266
2026-05-01 07:49:53.608448,2026-05-01 07:49:53.608448,19.51949691772461
2026-05-01 07:49:53.808982,2026-05-01 07:49:53.808982,19.75563621520996
2026-05-01 07:49:54.012107,2026-05-01 07:49:54.012107,19.95635223388672
2026-05-01 07:49:54.218520,2026-05-01 07:49:54.218520,20.302743911743164
2026-05-01 07:49:54.412166,2026-05-01 07:49:54.412166,20.59717559814453
2026-05-01 07:49:54.608651,2026-05-01 07:49:54.608651,20.847442626953125
2026-05-01 07:49:54.818044,2026-05-01 07:49:54.818044,21.060171127319336
2026-05-01 07:49:55.010238,2026-05-01 07:49:55.010238,21.24098777770996
2026-05-01 07:49:55.208540,2026-05-01 07:49:55.208540,21.570465087890625
2026-05-01 07:49:55.408023,2026-05-01 07:49:55.408023,21.850521087646484
2026-05-01 07:49:55.610114,2026-05-01 07:49:55.610114,22.08856773376465
2026-05-01 07:49:55.818806,2026-05-01 07:49:55.818806,22.29090690612793
2026-05-01 07:49:56.019151,2026-05-01 07:49:56.019151,22.4628963470459
2026-05-01 07:49:56.208881,2026-05-01 07:49:56.208881,22.609086990356445
2026-05-01 07:49:56.411770,2026-05-01 07:49:56.411770,22.733348846435547
2026-05-01 07:49:56.618966,2026-05-01 07:49:56.618966,22.838972091674805
2026-05-01 07:49:56.824430,2026-05-01 07:49:56.824430,22.92875099182129
2026-05-01 07:49:57.010333,2026-05-01 07:49:57.010333,23.00506401062012
2026-05-01 07:49:57.218007,2026-05-01 07:49:57.218007,23.069929122924805
2026-05-01 07:49:57.418130,2026-05-01 07:49:57.418130,23.12506484985352
2026-05-01 07:49:57.619161,2026-05-01 07:49:57.619161,23.17193031311035
2026-05-01 07:49:57.818219,2026-05-01 07:49:57.818219,23.38754653930664
2026-05-01 07:49:58.018342,2026-05-01 07:49:58.018342,23.395038604736328
2026-05-01 07:49:58.218636,2026-05-01 07:49:58.218636,23.40140914916992
2026-05-01 07:49:58.418577,2026-05-01 07:49:58.418577,23.406822204589844
2026-05-01 07:49:58.609428,2026-05-01 07:49:58.609428,23.41142463684082
2026-05-01 07:49:58.817869,2026-05-01 07:49:58.817869,23.41533470153809
2026-05-01 07:49:59.019075,2026-05-01 07:49:59.019075,23.59444046020508
2026-05-01 07:49:59.218876,2026-05-01 07:49:59.218876,23.746681213378903
2026-05-01 07:49:59.420282,2026-05-01 07:49:59.420282,23.87608528137207
2026-05-01 07:49:59.619855,2026-05-01 07:49:59.619855,23.9860782623291
2026-05-01 07:49:59.819313,2026-05-01 07:49:59.819313,24.079572677612305
2026-05-01 07:50:00.007873,2026-05-01 07:50:00.007873,24.15904426574707
2026-05-01 07:50:00.218319,2026-05-01 07:50:00.218319,24.226593017578125
2026-05-01 07:50:00.419597,2026-05-01 07:50:00.419597,24.28400993347168
2026-05-01 07:50:00.621480,2026-05-01 07:50:00.621480,24.33281517028809
2026-05-01 07:50:00.818056,2026-05-01 07:50:00.818056,24.37430000305176
2026-05-01 07:50:01.022524,2026-05-01 07:50:01.022524,24.40956115722656
2026-05-01 07:50:01.218232,2026-05-01 07:50:01.218232,24.439533233642575
2026-05-01 07:50:01.417948,2026-05-01 07:50:01.417948,24.46500968933105
2026-05-01 07:50:01.617890,2026-05-01 07:50:01.617890,24.66244506835937
2026-05-01 07:50:01.819273,2026-05-01 07:50:01.819273,24.830265045166016
2026-05-01 07:50:02.018064,2026-05-01 07:50:02.018064,24.97291374206543
2026-05-01 07:50:02.207977,2026-05-01 07:50:02.207977,25.09416389465332
2026-05-01 07:50:02.417873,2026-05-01 07:50:02.417873,25.197227478027344
2026-05-01 07:50:02.617790,2026-05-01 07:50:02.617790,25.28483009338379
2026-05-01 07:50:02.818203,2026-05-01 07:50:02.818203,25.35929298400879
2026-05-01 07:50:03.010377,2026-05-01 07:50:03.010377,25.42258644104004
2026-05-01 07:50:03.220470,2026-05-01 07:50:03.220470,25.47638702392578
2026-05-01 07:50:03.419044,2026-05-01 07:50:03.419044,25.52211570739746
2026-05-01 07:50:03.620162,2026-05-01 07:50:03.620162,25.560985565185547
2026-05-01 07:50:03.810479,2026-05-01 07:50:03.810479,25.594024658203125
2026-05-01 07:50:04.010158,2026-05-01 07:50:04.010158,25.622108459472656
2026-05-01 07:50:04.218919,2026-05-01 07:50:04.218919,25.645980834960938
2026-05-01 07:50:04.418305,2026-05-01 07:50:04.418305,25.6662712097168
2026-05-01 07:50:04.619567,2026-05-01 07:50:04.619567,25.683517456054688
2026-05-01 07:50:04.819156,2026-05-01 07:50:04.819156,25.698177337646484
2026-05-01 07:50:05.019460,2026-05-01 07:50:05.019460,25.71063804626465
2026-05-01 07:50:05.224311,2026-05-01 07:50:05.224311,25.721229553222656
2026-05-01 07:50:05.417960,2026-05-01 07:50:05.417960,25.73023223876953
2026-05-01 07:50:05.621504,2026-05-01 07:50:05.621504,25.737886428833008
2026-05-01 07:50:05.818529,2026-05-01 07:50:05.818529,25.7443904876709
2026-05-01 07:50:06.018322,2026-05-01 07:50:06.018322,25.749919891357425
2026-05-01 07:50:06.218594,2026-05-01 07:50:06.218594,25.754619598388672
2026-05-01 07:50:06.417931,2026-05-01 07:50:06.417931,25.75861358642578
2026-05-01 07:50:06.618584,2026-05-01 07:50:06.618584,25.762008666992188
2026-05-01 07:50:06.819921,2026-05-01 07:50:06.819921,25.764894485473636
2026-05-01 07:50:07.019969,2026-05-01 07:50:07.019969,25.767349243164062
2026-05-01 07:50:07.220090,2026-05-01 07:50:07.220090,25.593652725219727
2026-05-01 07:50:07.418681,2026-05-01 07:50:07.418681,25.44601058959961
2026-05-01 07:50:07.619481,2026-05-01 07:50:07.619481,25.32051467895508
2026-05-01 07:50:07.809881,2026-05-01 07:50:07.809881,25.213844299316406
2026-05-01 07:50:08.018664,2026-05-01 07:50:08.018664,25.1231746673584
2026-05-01 07:50:08.219851,2026-05-01 07:50:08.219851,25.046104431152344
2026-05-01 07:50:08.419845,2026-05-01 07:50:08.419845,23.04700088500977
2026-05-01 07:50:08.617800,2026-05-01 07:50:08.617800,21.34776306152344
2026-05-01 07:50:08.820356,2026-05-01 07:50:08.820356,19.90341186523437
2026-05-01 07:50:09.019534,2026-05-01 07:50:09.019534,18.67571258544922
2026-05-01 07:50:09.218696,2026-05-01 07:50:09.218696,17.63216781616211
2026-05-01 07:50:09.411382,2026-05-01 07:50:09.411382,16.745155334472656
2026-05-01 07:50:09.621431,2026-05-01 07:50:09.621431,15.99119472503662
2026-05-01 07:50:09.817986,2026-05-01 07:50:09.817986,15.350327491760254
2026-05-01 07:50:10.022984,2026-05-01 07:50:10.022984,14.805590629577637
2026-05-01 07:50:10.207813,2026-05-01 07:50:10.207813,14.342564582824709
2026-05-01 07:50:10.418926,2026-05-01 07:50:10.418926,13.948992729187012
2026-05-01 07:50:10.618188,2026-05-01 07:50:10.618188,13.614456176757812
2026-05-01 07:50:10.819184,2026-05-01 07:50:10.819184,13.330100059509276
2026-05-01 07:50:23.917706,2026-05-01 07:50:23.917706,13.088397979736328
2026-05-01 07:50:24.118315,2026-05-01 07:50:24.118315,12.88295078277588
2026-05-01 07:50:24.318311,2026-05-01 07:50:24.318311,12.88410186767578
2026-05-01 07:50:24.511311,2026-05-01 07:50:24.511311,12.885080337524414
2026-05-01 07:50:24.717994,2026-05-01 07:50:24.717994,13.06169319152832
2026-05-01 07:50:24.918270,2026-05-01 07:50:24.918270,13.036032676696776
2026-05-01 07:50:25.118076,2026-05-01 07:50:25.118076,13.190003395080566
2026-05-01 07:50:25.317968,2026-05-01 07:50:25.317968,13.672440528869627
2026-05-01 07:50:25.519591,2026-05-01 07:50:25.519591,14.082511901855469
2026-05-01 07:50:25.718457,2026-05-01 07:50:25.718457,14.606853485107422
2026-05-01 07:50:25.918722,2026-05-01 07:50:25.918722,15.052544593811035
2026-05-01 07:50:26.120812,2026-05-01 07:50:26.120812,15.431381225585938
2026-05-01 07:50:26.319697,2026-05-01 07:50:26.319697,15.753393173217772
2026-05-01 07:50:26.514002,2026-05-01 07:50:26.514002,15.85132122039795
2026-05-01 07:50:26.719497,2026-05-01 07:50:26.719497,16.110342025756836
2026-05-01 07:50:26.919507,2026-05-01 07:50:26.919507,16.330509185791016
2026-05-01 07:50:27.118547,2026-05-01 07:50:27.118547,16.51765251159668
2026-05-01 07:50:27.321317,2026-05-01 07:50:27.321317,16.67672348022461
2026-05-01 07:50:27.521204,2026-05-01 07:50:27.521204,16.811933517456055
2026-05-01 07:50:27.721542,2026-05-01 07:50:27.721542,16.926862716674805
2026-05-01 07:50:27.918879,2026-05-01 07:50:27.918879,17.024551391601562
2026-05-01 07:50:28.120202,2026-05-01 07:50:28.120202,17.107587814331055
2026-05-01 07:50:28.322551,2026-05-01 07:50:28.322551,17.17816734313965
2026-05-01 07:50:28.524399,2026-05-01 07:50:28.524399,17.238161087036133
2026-05-01 07:50:28.718293,2026-05-01 07:50:28.718293,17.289155960083008
2026-05-01 07:50:28.918023,2026-05-01 07:50:28.918023,17.332502365112305
2026-05-01 07:50:29.119402,2026-05-01 07:50:29.119402,17.36934471130371
2026-05-01 07:50:29.322293,2026-05-01 07:50:29.322293,17.40066146850586
2026-05-01 07:50:29.518604,2026-05-01 07:50:29.518604,17.427282333374023
2026-05-01 07:50:29.710633,2026-05-01 07:50:29.710633,17.449907302856445
2026-05-01 07:50:29.918873,2026-05-01 07:50:29.918873,17.644922256469727
2026-05-01 07:50:30.119080,2026-05-01 07:50:30.119080,17.810684204101562
2026-05-01 07:50:30.320787,2026-05-01 07:50:30.320787,17.775798797607422
2026-05-01 07:50:30.520563,2026-05-01 07:50:30.520563,17.92193031311035
2026-05-01 07:50:30.723777,2026-05-01 07:50:30.723777,18.046140670776367
2026-05-01 07:50:30.921722,2026-05-01 07:50:30.921722,18.15172004699707
2026-05-01 07:50:31.119808,2026-05-01 07:50:31.119808,18.2414608001709
2026-05-01 07:50:31.320328,2026-05-01 07:50:31.320328,18.31774139404297
2026-05-01 07:50:31.517932,2026-05-01 07:50:31.517932,18.38258171081543
2026-05-01 07:50:31.718786,2026-05-01 07:50:31.718786,18.437694549560547
2026-05-01 07:50:31.919598,2026-05-01 07:50:31.919598,18.484539031982425
2026-05-01 07:50:32.119430,2026-05-01 07:50:32.119430,18.52435874938965
2026-05-01 07:50:32.321474,2026-05-01 07:50:32.321474,18.558204650878903
2026-05-01 07:50:32.518565,2026-05-01 07:50:32.518565,18.58697509765625
2026-05-01 07:50:32.718536,2026-05-01 07:50:32.718536,18.611427307128903
2026-05-01 07:50:32.917856,2026-05-01 07:50:32.917856,18.632213592529297
2026-05-01 07:50:33.118652,2026-05-01 07:50:33.118652,18.64988136291504
2026-05-01 07:50:33.318497,2026-05-01 07:50:33.318497,18.664899826049805
2026-05-01 07:50:33.518003,2026-05-01 07:50:33.518003,18.677663803100582
2026-05-01 07:50:33.720250,2026-05-01 07:50:33.720250,18.688514709472656
2026-05-01 07:50:33.918602,2026-05-01 07:50:33.918602,18.697736740112305
2026-05-01 07:50:34.119228,2026-05-01 07:50:34.119228,18.7055778503418
2026-05-01 07:50:34.319475,2026-05-01 07:50:34.319475,18.71224021911621
2026-05-01 07:50:34.518752,2026-05-01 07:50:34.518752,18.717905044555664
2026-05-01 07:50:34.718798,2026-05-01 07:50:34.718798,18.898500442504883
2026-05-01 07:50:34.919165,2026-05-01 07:50:34.919165,18.876224517822266
2026-05-01 07:50:35.109492,2026-05-01 07:50:35.109492,18.85729217529297
2026-05-01 07:50:35.318080,2026-05-01 07:50:35.318080,18.841197967529297
2026-05-01 07:50:35.518333,2026-05-01 07:50:35.518333,18.82751846313477
2026-05-01 07:50:35.718305,2026-05-01 07:50:35.718305,18.815889358520508
2026-05-01 07:50:35.918373,2026-05-01 07:50:35.918373,18.806007385253903
2026-05-01 07:50:36.117855,2026-05-01 07:50:36.117855,18.797605514526367
2026-05-01 07:50:36.320276,2026-05-01 07:50:36.320276,18.61468315124512
2026-05-01 07:50:36.518578,2026-05-01 07:50:36.518578,18.459199905395508
2026-05-01 07:50:36.718927,2026-05-01 07:50:36.718927,18.327037811279297
2026-05-01 07:50:36.921257,2026-05-01 07:50:36.921257,18.21470069885254
2026-05-01 07:50:37.118046,2026-05-01 07:50:37.118046,18.29499626159668
2026-05-01 07:50:37.317813,2026-05-01 07:50:37.317813,18.18746566772461
2026-05-01 07:50:37.519550,2026-05-01 07:50:37.519550,18.0960636138916
2026-05-01 07:50:37.718711,2026-05-01 07:50:37.718711,18.018373489379883
2026-05-01 07:50:37.919269,2026-05-01 07:50:37.919269,17.952335357666016
2026-05-01 07:50:38.121435,2026-05-01 07:50:38.121435,17.896203994750977
2026-05-01 07:50:38.324406,2026-05-01 07:50:38.324406,17.848493576049805
2026-05-01 07:50:38.522164,2026-05-01 07:50:38.522164,17.807937622070312
2026-05-01 07:50:38.718309,2026-05-01 07:50:38.718309,17.773466110229492
2026-05-01 07:50:38.918411,2026-05-01 07:50:38.918411,17.744165420532227
2026-05-01 07:50:39.118345,2026-05-01 07:50:39.118345,17.71925926208496
2026-05-01 07:50:39.318569,2026-05-01 07:50:39.318569,17.698087692260742
2026-05-01 07:50:39.519340,2026-05-01 07:50:39.519340,17.68009376525879
2026-05-01 07:50:39.718951,2026-05-01 07:50:39.718951,17.664798736572266
2026-05-01 07:50:39.918248,2026-05-01 07:50:39.918248,17.651798248291016
2026-05-01 07:50:40.118188,2026-05-01 07:50:40.118188,17.6407470703125
2026-05-01 07:50:40.311155,2026-05-01 07:50:40.311155,17.6313533782959
2026-05-01 07:50:40.517903,2026-05-01 07:50:40.517903,17.623369216918945
2026-05-01 07:50:40.717875,2026-05-01 07:50:40.717875,17.6165828704834
2026-05-01 07:50:40.919090,2026-05-01 07:50:40.919090,17.61081314086914
2026-05-01 07:50:41.117684,2026-05-01 07:50:41.117684,17.605911254882812
2026-05-01 07:50:41.317832,2026-05-01 07:50:41.317832,17.601743698120117
2026-05-01 07:50:41.518653,2026-05-01 07:50:41.518653,17.77398109436035
2026-05-01 07:50:41.718256,2026-05-01 07:50:41.718256,17.92038345336914
2026-05-01 07:50:41.919133,2026-05-01 07:50:41.919133,17.86904525756836
2026-05-01 07:50:42.119916,2026-05-01 07:50:42.119916,18.001188278198242
2026-05-01 07:50:42.317747,2026-05-01 07:50:42.317747,17.937728881835938
2026-05-01 07:50:42.518427,2026-05-01 07:50:42.518427,17.8837890625
2026-05-01 07:50:42.717875,2026-05-01 07:50:42.717875,18.01371955871582
2026-05-01 07:50:42.920941,2026-05-01 07:50:42.920941,18.124162673950195
2026-05-01 07:50:43.118298,2026-05-01 07:50:43.118298,18.21803855895996
2026-05-01 07:50:43.317739,2026-05-01 07:50:43.317739,18.473613739013672
2026-05-01 07:50:43.517952,2026-05-01 07:50:43.517952,18.690853118896484
2026-05-01 07:50:43.720340,2026-05-01 07:50:43.720340,18.69972419738769
2026-05-01 07:50:43.919235,2026-05-01 07:50:43.919235,18.70726585388184
2026-05-01 07:50:44.118199,2026-05-01 07:50:44.118199,18.88945770263672
2026-05-01 07:50:44.318284,2026-05-01 07:50:44.318284,19.04431915283203
2026-05-01 07:50:44.517830,2026-05-01 07:50:44.517830,19.175952911376957
2026-05-01 07:50:44.717798,2026-05-01 07:50:44.717798,19.287841796875
2026-05-01 07:50:44.918632,2026-05-01 07:50:44.918632,19.382946014404297
2026-05-01 07:50:45.119536,2026-05-01 07:50:45.119536,19.46378517150879
2026-05-01 07:50:45.313177,2026-05-01 07:50:45.313177,19.70828056335449
2026-05-01 07:50:45.519248,2026-05-01 07:50:45.519248,20.09188270568848
2026-05-01 07:50:45.718374,2026-05-01 07:50:45.718374,20.242162704467773
2026-05-01 07:50:45.919682,2026-05-01 07:50:45.919682,20.54568099975586
2026-05-01 07:50:46.118672,2026-05-01 07:50:46.118672,20.979454040527344
2026-05-01 07:50:46.318474,2026-05-01 07:50:46.318474,21.34816169738769
2026-05-01 07:50:46.519390,2026-05-01 07:50:46.519390,21.661561965942383
2026-05-01 07:50:46.719447,2026-05-01 07:50:46.719447,21.927953720092773
2026-05-01 07:50:46.921097,2026-05-01 07:50:46.921097,22.15438461303711
2026-05-01 07:50:47.119190,2026-05-01 07:50:47.119190,22.346851348876957
2026-05-01 07:50:47.320566,2026-05-01 07:50:47.320566,22.510448455810547
2026-05-01 07:50:47.517832,2026-05-01 07:50:47.517832,21.419038772583008
2026-05-01 07:50:47.718585,2026-05-01 07:50:47.718585,20.4913387298584
2026-05-01 07:50:47.922545,2026-05-01 07:50:47.922545,19.702795028686523
2026-05-01 07:50:48.121732,2026-05-01 07:50:48.121732,18.85675048828125
2026-05-01 07:50:48.320349,2026-05-01 07:50:48.320349,18.13761329650879
2026-05-01 07:50:48.518250,2026-05-01 07:50:48.518250,17.35056495666504
2026-05-01 07:50:48.720654,2026-05-01 07:50:48.720654,16.68157386779785
2026-05-01 07:50:48.920862,2026-05-01 07:50:48.920862,16.112930297851562
2026-05-01 07:50:49.110143,2026-05-01 07:50:49.110143,15.62958526611328
2026-05-01 07:51:02.217873,2026-05-01 07:51:02.217873,15.218741416931152
2026-05-01 07:51:02.418768,2026-05-01 07:51:02.418768,14.869524002075195
2026-05-01 07:51:02.618918,2026-05-01 07:51:02.618918,14.572689056396484
2026-05-01 07:51:02.818931,2026-05-01 07:51:02.818931,14.320379257202148
2026-05-01 07:51:03.018095,2026-05-01 07:51:03.018095,14.105916023254396
2026-05-01 07:51:03.219592,2026-05-01 07:51:03.219592,13.923622131347656
2026-05-01 07:51:03.418599,2026-05-01 07:51:03.418599,13.768672943115234
2026-05-01 07:51:03.618878,2026-05-01 07:51:03.618878,13.63696575164795
2026-05-01 07:51:03.817848,2026-05-01 07:51:03.817848,13.349233627319336
2026-05-01 07:51:04.018486,2026-05-01 07:51:04.018486,13.104660987854004
2026-05-01 07:51:04.218961,2026-05-01 07:51:04.218961,12.896774291992188
2026-05-01 07:51:04.419030,2026-05-01 07:51:04.419030,12.720070838928224
2026-05-01 07:51:04.620716,2026-05-01 07:51:04.620716,12.569872856140137
2026-05-01 07:51:04.819084,2026-05-01 07:51:04.819084,12.266423225402832
2026-05-01 07:51:05.021164,2026-05-01 07:51:05.021164,12.008490562438965
2026-05-01 07:51:05.218690,2026-05-01 07:51:05.218690,11.7892484664917
2026-05-01 07:51:05.417938,2026-05-01 07:51:05.417938,11.60289192199707
2026-05-01 07:51:05.619023,2026-05-01 07:51:05.619023,11.44448947906494
2026-05-01 07:51:05.819730,2026-05-01 07:51:05.819730,11.485629081726074
2026-05-01 07:51:06.019064,2026-05-01 07:51:06.019064,11.520596504211426
2026-05-01 07:51:06.218579,2026-05-01 07:51:06.218579,11.37453842163086
2026-05-01 07:51:06.418370,2026-05-01 07:51:06.418370,11.250389099121094
2026-05-01 07:51:06.618628,2026-05-01 07:51:06.618628,11.144862174987791
2026-05-01 07:51:06.819915,2026-05-01 07:51:06.819915,11.055164337158203
2026-05-01 07:51:07.018396,2026-05-01 07:51:07.018396,11.154702186584473
2026-05-01 07:51:07.221077,2026-05-01 07:51:07.221077,11.063528060913086
2026-05-01 07:51:07.419754,2026-05-01 07:51:07.419754,10.986029624938965
2026-05-01 07:51:07.621773,2026-05-01 07:51:07.621773,10.920156478881836
2026-05-01 07:51:07.820973,2026-05-01 07:51:07.820973,10.864164352416992
2026-05-01 07:51:08.019591,2026-05-01 07:51:08.019591,10.816571235656738
2026-05-01 07:51:08.220221,2026-05-01 07:51:08.220221,10.776116371154783
2026-05-01 07:51:08.420140,2026-05-01 07:51:08.420140,10.56594944000244
2026-05-01 07:51:08.621560,2026-05-01 07:51:08.621560,10.387307167053224
2026-05-01 07:51:08.819683,2026-05-01 07:51:08.819683,10.23546028137207
2026-05-01 07:51:09.020471,2026-05-01 07:51:09.020471,10.28217315673828
2026-05-01 07:51:09.221142,2026-05-01 07:51:09.221142,10.32187843322754
2026-05-01 07:51:09.421480,2026-05-01 07:51:09.421480,10.35562801361084
2026-05-01 07:51:09.620604,2026-05-01 07:51:09.620604,10.56009578704834
2026-05-01 07:51:09.822958,2026-05-01 07:51:09.822958,10.733894348144531
2026-05-01 07:51:10.021653,2026-05-01 07:51:10.021653,10.705841064453123
2026-05-01 07:51:10.219450,2026-05-01 07:51:10.219450,10.50621509552002
2026-05-01 07:51:10.422397,2026-05-01 07:51:10.422397,10.336532592773438
2026-05-01 07:51:10.623313,2026-05-01 07:51:10.623313,10.192302703857422
2026-05-01 07:51:10.819120,2026-05-01 07:51:10.819120,11.124395370483398
2026-05-01 07:51:11.020280,2026-05-01 07:51:11.020280,12.09245491027832
2026-05-01 07:51:11.219002,2026-05-01 07:51:11.219002,12.915305137634276
2026-05-01 07:51:11.421093,2026-05-01 07:51:11.421093,13.614727973937988
2026-05-01 07:51:11.620449,2026-05-01 07:51:11.620449,14.385019302368164
2026-05-01 07:51:11.819409,2026-05-01 07:51:11.819409,15.039766311645508
2026-05-01 07:51:12.018467,2026-05-01 07:51:12.018467,15.596301078796388
2026-05-01 07:51:12.218695,2026-05-01 07:51:12.218695,16.069355010986328
2026-05-01 07:51:12.418391,2026-05-01 07:51:12.418391,16.471452713012695
2026-05-01 07:51:12.618190,2026-05-01 07:51:12.618190,16.637453079223633
2026-05-01 07:51:12.819731,2026-05-01 07:51:12.819731,16.954336166381836
2026-05-01 07:51:13.018284,2026-05-01 07:51:13.018284,17.223684310913086
2026-05-01 07:51:13.218866,2026-05-01 07:51:13.218866,17.452632904052734
2026-05-01 07:51:13.418395,2026-05-01 07:51:13.418395,17.64723777770996
2026-05-01 07:51:13.618988,2026-05-01 07:51:13.618988,17.812652587890625
2026-05-01 07:51:13.822482,2026-05-01 07:51:13.822482,17.95325469970703
2026-05-01 07:51:14.017803,2026-05-01 07:51:14.017803,18.0727653503418
2026-05-01 07:51:14.218640,2026-05-01 07:51:14.218640,18.17435073852539
2026-05-01 07:51:14.418233,2026-05-01 07:51:14.418233,18.260698318481445
2026-05-01 07:51:14.618321,2026-05-01 07:51:14.618321,18.33409309387207
2026-05-01 07:51:14.819364,2026-05-01 07:51:14.819364,18.2206974029541
2026-05-01 07:51:15.021530,2026-05-01 07:51:15.021530,18.124311447143555
2026-05-01 07:51:15.218827,2026-05-01 07:51:15.218827,18.04238510131836
2026-05-01 07:51:15.419727,2026-05-01 07:51:15.419727,17.972745895385742
2026-05-01 07:51:15.619334,2026-05-01 07:51:15.619334,17.91355323791504
2026-05-01 07:51:15.818472,2026-05-01 07:51:15.818472,17.863237380981445
2026-05-01 07:51:16.018893,2026-05-01 07:51:16.018893,17.996252059936523
2026-05-01 07:51:16.217859,2026-05-01 07:51:16.217859,17.93353271484375
2026-05-01 07:51:16.418506,2026-05-01 07:51:16.418506,17.88022232055664
2026-05-01 07:51:16.618071,2026-05-01 07:51:16.618071,17.83490753173828
2026-05-01 07:51:16.818352,2026-05-01 07:51:16.818352,17.796390533447266
2026-05-01 07:51:17.020574,2026-05-01 07:51:17.020574,17.76365089416504
2026-05-01 07:51:17.222114,2026-05-01 07:51:17.222114,17.735820770263672
2026-05-01 07:51:17.421094,2026-05-01 07:51:17.421094,17.712167739868164
2026-05-01 07:51:17.619589,2026-05-01 07:51:17.619589,17.516279220581055
2026-05-01 07:51:17.819946,2026-05-01 07:51:17.819946,17.349775314331055
2026-05-01 07:51:18.020151,2026-05-01 07:51:18.020151,16.8566837310791
2026-05-01 07:51:18.218419,2026-05-01 07:51:18.218419,16.43755531311035
2026-05-01 07:51:18.419064,2026-05-01 07:51:18.419064,16.081296920776367
2026-05-01 07:51:18.617783,2026-05-01 07:51:18.617783,15.778478622436523
2026-05-01 07:51:18.821652,2026-05-01 07:51:18.821652,15.52108097076416
2026-05-01 07:51:19.021955,2026-05-01 07:51:19.021955,15.30229377746582
2026-05-01 07:51:19.218775,2026-05-01 07:51:19.218775,15.116325378417969
2026-05-01 07:51:19.420256,2026-05-01 07:51:19.420256,14.958250999450684
2026-05-01 07:51:19.618409,2026-05-01 07:51:19.618409,14.999670028686523
2026-05-01 07:51:19.818501,2026-05-01 07:51:19.818501,15.034875869750977
2026-05-01 07:51:20.017697,2026-05-01 07:51:20.017697,15.064800262451172
2026-05-01 07:51:20.217790,2026-05-01 07:51:20.217790,15.09023666381836
2026-05-01 07:51:20.417710,2026-05-01 07:51:20.417710,15.111857414245604
2026-05-01 07:51:20.617897,2026-05-01 07:51:20.617897,15.130234718322754
2026-05-01 07:51:20.820545,2026-05-01 07:51:20.820545,15.145855903625488
2026-05-01 07:51:21.018773,2026-05-01 07:51:21.018773,15.159133911132812
2026-05-01 07:51:21.218331,2026-05-01 07:51:21.218331,15.170419692993164
2026-05-01 07:51:21.418190,2026-05-01 07:51:21.418190,15.180013656616213
2026-05-01 07:51:21.624535,2026-05-01 07:51:21.624535,15.188167572021484
2026-05-01 07:51:21.818169,2026-05-01 07:51:21.818169,15.195098876953123
2026-05-01 07:51:22.018548,2026-05-01 07:51:22.018548,15.200989723205566
2026-05-01 07:51:22.219049,2026-05-01 07:51:22.219049,15.205997467041016
2026-05-01 07:51:22.417819,2026-05-01 07:51:22.417819,15.210254669189451
2026-05-01 07:51:22.617715,2026-05-01 07:51:22.617715,15.389654159545898
2026-05-01 07:51:22.817861,2026-05-01 07:51:22.817861,15.542142868041992
2026-05-01 07:51:23.017876,2026-05-01 07:51:23.017876,15.671759605407717
2026-05-01 07:51:23.217944,2026-05-01 07:51:23.217944,15.957714080810549
2026-05-01 07:51:23.418570,2026-05-01 07:51:23.418570,16.376556396484375
2026-05-01 07:51:23.617728,2026-05-01 07:51:23.617728,16.732572555541992
2026-05-01 07:51:23.818844,2026-05-01 07:51:23.818844,17.035186767578125
2026-05-01 07:51:24.018046,2026-05-01 07:51:24.018046,17.116628646850586
2026-05-01 07:51:24.217863,2026-05-01 07:51:24.217863,17.36163330078125
2026-05-01 07:51:24.418484,2026-05-01 07:51:24.418484,17.569889068603516
2026-05-01 07:51:24.619941,2026-05-01 07:51:24.619941,17.746906280517578
2026-05-01 07:51:24.818139,2026-05-01 07:51:24.818139,17.897369384765625
2026-05-01 07:51:25.018445,2026-05-01 07:51:25.018445,18.025264739990234
2026-05-01 07:51:25.219028,2026-05-01 07:51:25.219028,18.309755325317383
2026-05-01 07:51:25.418439,2026-05-01 07:51:25.418439,18.024229049682617
2026-05-01 07:51:25.619488,2026-05-01 07:51:25.619488,17.605751037597656
2026-05-01 07:51:25.821548,2026-05-01 07:51:25.821548,18.304733276367188
2026-05-01 07:51:26.018685,2026-05-01 07:51:26.018685,19.074647903442383
2026-05-01 07:51:26.217984,2026-05-01 07:51:26.217984,19.729076385498047
2026-05-01 07:51:26.419681,2026-05-01 07:51:26.419681,20.28533935546875
2026-05-01 07:51:26.619380,2026-05-01 07:51:26.619380,20.93394470214844
2026-05-01 07:51:26.817974,2026-05-01 07:51:26.817974,21.485260009765625
2026-05-01 07:51:27.018404,2026-05-01 07:51:27.018404,21.953876495361328
2026-05-01 07:51:27.219728,2026-05-01 07:51:27.219728,22.352201461791992
2026-05-01 07:51:27.419100,2026-05-01 07:51:27.419100,22.69077682495117
2026-05-01 07:51:40.518427,2026-05-01 07:51:40.518427,23.15434837341309
2026-05-01 07:51:40.717863,2026-05-01 07:51:40.717863,23.548383712768555
2026-05-01 07:51:40.918776,2026-05-01 07:51:40.918776,24.05909538269043
2026-05-01 07:51:41.119238,2026-05-01 07:51:41.119238,24.49319839477539
2026-05-01 07:51:41.318719,2026-05-01 07:51:41.318719,24.8621883392334
2026-05-01 07:51:41.517994,2026-05-01 07:51:41.517994,25.17582893371582
2026-05-01 07:51:41.718415,2026-05-01 07:51:41.718415,25.61820411682129
2026-05-01 07:51:41.917888,2026-05-01 07:51:41.917888,25.994224548339844
2026-05-01 07:51:42.119101,2026-05-01 07:51:42.119101,26.313840866088867
2026-05-01 07:51:42.317987,2026-05-01 07:51:42.317987,26.58551406860352
2026-05-01 07:51:42.517959,2026-05-01 07:51:42.517959,26.816436767578125
2026-05-01 07:51:42.720503,2026-05-01 07:51:42.720503,27.01272201538086
2026-05-01 07:51:42.918465,2026-05-01 07:51:42.918465,27.179563522338867
2026-05-01 07:51:43.117868,2026-05-01 07:51:43.117868,27.321378707885746
2026-05-01 07:51:43.317990,2026-05-01 07:51:43.317990,27.44192123413086
2026-05-01 07:51:43.517734,2026-05-01 07:51:43.517734,27.368602752685547
2026-05-01 07:51:43.718677,2026-05-01 07:51:43.718677,27.4820613861084
2026-05-01 07:51:43.921631,2026-05-01 07:51:43.921631,27.578502655029297
2026-05-01 07:51:44.118956,2026-05-01 07:51:44.118956,27.660476684570312
2026-05-01 07:51:44.322993,2026-05-01 07:51:44.322993,27.73015594482422
2026-05-01 07:51:44.521772,2026-05-01 07:51:44.521772,27.789382934570312
2026-05-01 07:51:44.720849,2026-05-01 07:51:44.720849,27.83972549438477
2026-05-01 07:51:44.918200,2026-05-01 07:51:44.918200,27.882516860961918
2026-05-01 07:51:45.119374,2026-05-01 07:51:45.119374,27.918888092041016
2026-05-01 07:51:45.318599,2026-05-01 07:51:45.318599,27.949806213378903
2026-05-01 07:51:45.517949,2026-05-01 07:51:45.517949,27.976083755493164
2026-05-01 07:51:45.719653,2026-05-01 07:51:45.719653,27.822641372680664
2026-05-01 07:51:45.919541,2026-05-01 07:51:45.919541,27.69221305847168
2026-05-01 07:51:46.119150,2026-05-01 07:51:46.119150,27.58135032653809
2026-05-01 07:51:46.319892,2026-05-01 07:51:46.319892,27.48711585998535
2026-05-01 07:51:46.520497,2026-05-01 07:51:46.520497,27.58279800415039
2026-05-01 07:51:46.720621,2026-05-01 07:51:46.720621,27.48834800720215
2026-05-01 07:51:46.919282,2026-05-01 07:51:46.919282,27.408063888549805
2026-05-01 07:51:47.120124,2026-05-01 07:51:47.120124,27.33982276916504
2026-05-01 07:51:47.317904,2026-05-01 07:51:47.317904,27.281818389892575
2026-05-01 07:51:47.510359,2026-05-01 07:51:47.510359,27.232515335083008
2026-05-01 07:51:47.719602,2026-05-01 07:51:47.719602,27.19060707092285
2026-05-01 07:51:47.919047,2026-05-01 07:51:47.919047,27.15498352050781
2026-05-01 07:51:48.119389,2026-05-01 07:51:48.119389,27.124704360961918
2026-05-01 07:51:48.320744,2026-05-01 07:51:48.320744,27.09896850585937
2026-05-01 07:51:48.520380,2026-05-01 07:51:48.520380,27.077091217041016
2026-05-01 07:51:48.719646,2026-05-01 07:51:48.719646,26.882715225219727
2026-05-01 07:51:48.921714,2026-05-01 07:51:48.921714,26.71749496459961
2026-05-01 07:51:49.120766,2026-05-01 07:51:49.120766,26.577058792114254
2026-05-01 07:51:49.318486,2026-05-01 07:51:49.318486,26.457687377929688
2026-05-01 07:51:49.517949,2026-05-01 07:51:49.517949,26.35622215270996
2026-05-01 07:51:49.718667,2026-05-01 07:51:49.718667,26.269975662231445
2026-05-01 07:51:49.918484,2026-05-01 07:51:49.918484,26.196666717529297
2026-05-01 07:51:50.123084,2026-05-01 07:51:50.123084,26.134353637695312
2026-05-01 07:51:50.321403,2026-05-01 07:51:50.321403,26.081388473510746
2026-05-01 07:51:50.518783,2026-05-01 07:51:50.518783,26.03636741638184
2026-05-01 07:51:50.720133,2026-05-01 07:51:50.720133,25.99810028076172
2026-05-01 07:51:50.921837,2026-05-01 07:51:50.921837,25.96557235717773
2026-05-01 07:51:51.119867,2026-05-01 07:51:51.119867,25.937923431396484
2026-05-01 07:51:51.318734,2026-05-01 07:51:51.318734,25.9144229888916
2026-05-01 07:51:51.518730,2026-05-01 07:51:51.518730,25.89444732666016
2026-05-01 07:51:51.722456,2026-05-01 07:51:51.722456,25.87746810913086
2026-05-01 07:51:51.919674,2026-05-01 07:51:51.919674,25.863035202026367
2026-05-01 07:51:52.117945,2026-05-01 07:51:52.117945,25.85076713562012
2026-05-01 07:51:52.322144,2026-05-01 07:51:52.322144,25.84033966064453
2026-05-01 07:51:52.519598,2026-05-01 07:51:52.519598,25.83147621154785
2026-05-01 07:51:52.719209,2026-05-01 07:51:52.719209,25.82394218444824
2026-05-01 07:51:52.918292,2026-05-01 07:51:52.918292,25.81753921508789
2026-05-01 07:51:53.118093,2026-05-01 07:51:53.118093,25.812095642089844
2026-05-01 07:51:53.319189,2026-05-01 07:51:53.319189,25.80746841430664
2026-05-01 07:51:53.520873,2026-05-01 07:51:53.520873,25.80353546142578
2026-05-01 07:51:53.718448,2026-05-01 07:51:53.718448,25.80019187927246
2026-05-01 07:51:53.918725,2026-05-01 07:51:53.918725,25.797351837158203
2026-05-01 07:51:54.118286,2026-05-01 07:51:54.118286,25.79493522644043
2026-05-01 07:51:54.319799,2026-05-01 07:51:54.319799,25.792882919311523
2026-05-01 07:51:54.518103,2026-05-01 07:51:54.518103,25.7911376953125
2026-05-01 07:51:54.717837,2026-05-01 07:51:54.717837,25.789655685424805
2026-05-01 07:51:54.919599,2026-05-01 07:51:54.919599,25.78839492797852
2026-05-01 07:51:55.120009,2026-05-01 07:51:55.120009,25.787322998046875
2026-05-01 07:51:55.318337,2026-05-01 07:51:55.318337,25.78641128540039
2026-05-01 07:51:55.521714,2026-05-01 07:51:55.521714,25.96141815185547
2026-05-01 07:51:55.718583,2026-05-01 07:51:55.718583,26.11017417907715
2026-05-01 07:51:55.918763,2026-05-01 07:51:55.918763,26.236618041992188
2026-05-01 07:51:56.118567,2026-05-01 07:51:56.118567,26.344093322753903
2026-05-01 07:51:56.319795,2026-05-01 07:51:56.319795,26.259666442871094
2026-05-01 07:51:56.521633,2026-05-01 07:51:56.521633,24.07852935791016
2026-05-01 07:51:56.718428,2026-05-01 07:51:56.718428,22.22456169128418
2026-05-01 07:51:56.918831,2026-05-01 07:51:56.918831,20.648691177368164
2026-05-01 07:51:57.120258,2026-05-01 07:51:57.120258,19.309200286865234
2026-05-01 07:51:57.318142,2026-05-01 07:51:57.318142,18.170631408691406
2026-05-01 07:51:57.517840,2026-05-01 07:51:57.517840,17.202850341796875
2026-05-01 07:51:57.718349,2026-05-01 07:51:57.718349,16.38023567199707
2026-05-01 07:51:57.917933,2026-05-01 07:51:57.917933,15.681012153625488
2026-05-01 07:51:58.119191,2026-05-01 07:51:58.119191,15.08667278289795
2026-05-01 07:51:58.318629,2026-05-01 07:51:58.318629,16.690858840942383
2026-05-01 07:51:58.518006,2026-05-01 07:51:58.518006,15.945042610168455
2026-05-01 07:51:58.719437,2026-05-01 07:51:58.719437,17.420473098754883
2026-05-01 07:51:58.918496,2026-05-01 07:51:58.918496,18.674591064453125
2026-05-01 07:51:59.117961,2026-05-01 07:51:59.117961,17.631214141845703
2026-05-01 07:51:59.318798,2026-05-01 07:51:59.318798,16.74434471130371
2026-05-01 07:51:59.519224,2026-05-01 07:51:59.519224,15.99050521850586
2026-05-01 07:51:59.720680,2026-05-01 07:51:59.720680,17.634899139404297
2026-05-01 07:51:59.918317,2026-05-01 07:51:59.918317,19.03263282775879
2026-05-01 07:52:00.118769,2026-05-01 07:52:00.118769,20.220706939697266
2026-05-01 07:52:00.319487,2026-05-01 07:52:00.319487,21.23056983947754
2026-05-01 07:52:00.517983,2026-05-01 07:52:00.517983,22.08895301818848
2026-05-01 07:52:00.717777,2026-05-01 07:52:00.717777,22.818578720092773
2026-05-01 07:52:00.920600,2026-05-01 07:52:00.920600,23.43876075744629
2026-05-01 07:52:01.120573,2026-05-01 07:52:01.120573,23.96591567993164
2026-05-01 07:52:01.319738,2026-05-01 07:52:01.319738,24.41399574279785
2026-05-01 07:52:01.518490,2026-05-01 07:52:01.518490,24.79486656188965
2026-05-01 07:52:01.718249,2026-05-01 07:52:01.718249,24.94282341003418
2026-05-01 07:52:01.917957,2026-05-01 07:52:01.917957,25.068588256835938
2026-05-01 07:52:02.117707,2026-05-01 07:52:02.117707,25.175487518310547
2026-05-01 07:52:02.318404,2026-05-01 07:52:02.318404,25.2663516998291
2026-05-01 07:52:02.518122,2026-05-01 07:52:02.518122,25.519367218017575
2026-05-01 07:52:02.722056,2026-05-01 07:52:02.722056,25.73443031311035
2026-05-01 07:52:02.918260,2026-05-01 07:52:02.918260,25.917234420776367
2026-05-01 07:52:03.117863,2026-05-01 07:52:03.117863,26.07261848449707
2026-05-01 07:52:03.317873,2026-05-01 07:52:03.317873,26.028913497924805
2026-05-01 07:52:03.517828,2026-05-01 07:52:03.517828,26.16754531860352
2026-05-01 07:52:03.718416,2026-05-01 07:52:03.718416,26.285381317138672
2026-05-01 07:52:03.919455,2026-05-01 07:52:03.919455,26.209762573242188
2026-05-01 07:52:04.119682,2026-05-01 07:52:04.119682,26.145484924316406
2026-05-01 07:52:04.317908,2026-05-01 07:52:04.317908,26.090850830078125
2026-05-01 07:52:04.518198,2026-05-01 07:52:04.518198,26.044410705566406
2026-05-01 07:52:04.720430,2026-05-01 07:52:04.720430,26.00493621826172
2026-05-01 07:52:04.918508,2026-05-01 07:52:04.918508,25.971384048461918
2026-05-01 07:52:05.118003,2026-05-01 07:52:05.118003,25.94286346435547
2026-05-01 07:52:05.318753,2026-05-01 07:52:05.318753,25.918621063232425
2026-05-01 07:52:05.521273,2026-05-01 07:52:05.521273,25.89801597595215
2026-05-01 07:52:05.720343,2026-05-01 07:52:05.720343,25.88050079345703
2026-05-01 07:52:18.818655,2026-05-01 07:52:18.818655,25.86561393737793
2026-05-01 07:52:19.021954,2026-05-01 07:52:19.021954,25.85295867919922
2026-05-01 07:52:19.218736,2026-05-01 07:52:19.218736,25.84220314025879
2026-05-01 07:52:19.418857,2026-05-01 07:52:19.418857,25.83305931091309
2026-05-01 07:52:19.618420,2026-05-01 07:52:19.618420,24.243257522583008
2026-05-01 07:52:19.820122,2026-05-01 07:52:19.820122,22.891923904418945
2026-05-01 07:52:20.019686,2026-05-01 07:52:20.019686,21.5675106048584
2026-05-01 07:52:20.218397,2026-05-01 07:52:20.218397,20.44175910949707
2026-05-01 07:52:20.418727,2026-05-01 07:52:20.418727,19.48487091064453
2026-05-01 07:52:20.620482,2026-05-01 07:52:20.620482,18.4957332611084
2026-05-01 07:52:20.819136,2026-05-01 07:52:20.819136,17.654966354370117
2026-05-01 07:52:21.019262,2026-05-01 07:52:21.019262,16.94031524658203
2026-05-01 07:52:21.217890,2026-05-01 07:52:21.217890,16.332862854003906
2026-05-01 07:52:21.419140,2026-05-01 07:52:21.419140,15.816526412963867
2026-05-01 07:52:21.618197,2026-05-01 07:52:21.618197,15.377641677856444
2026-05-01 07:52:21.820533,2026-05-01 07:52:21.820533,15.004589080810549
2026-05-01 07:52:22.017774,2026-05-01 07:52:22.017774,14.687494277954102
2026-05-01 07:52:22.218671,2026-05-01 07:52:22.218671,14.417963981628418
2026-05-01 07:52:22.418571,2026-05-01 07:52:22.418571,14.188862800598145
2026-05-01 07:52:22.619443,2026-05-01 07:52:22.619443,14.16990852355957
2026-05-01 07:52:22.819682,2026-05-01 07:52:22.819682,14.153797149658203
2026-05-01 07:52:23.019521,2026-05-01 07:52:23.019521,14.14010238647461
2026-05-01 07:52:23.218099,2026-05-01 07:52:23.218099,14.128462791442873
2026-05-01 07:52:23.418404,2026-05-01 07:52:23.418404,14.118568420410156
2026-05-01 07:52:23.618340,2026-05-01 07:52:23.618340,13.93437671661377
2026-05-01 07:52:23.819389,2026-05-01 07:52:23.819389,13.953595161437988
2026-05-01 07:52:24.018650,2026-05-01 07:52:24.018650,14.145711898803713
2026-05-01 07:52:24.217907,2026-05-01 07:52:24.217907,14.309011459350586
2026-05-01 07:52:24.418050,2026-05-01 07:52:24.418050,14.447815895080566
2026-05-01 07:52:24.620431,2026-05-01 07:52:24.620431,14.565799713134766
2026-05-01 07:52:24.818322,2026-05-01 07:52:24.818322,14.666086196899414
2026-05-01 07:52:25.017820,2026-05-01 07:52:25.017820,14.92711067199707
2026-05-01 07:52:25.217948,2026-05-01 07:52:25.217948,14.973200798034668
2026-05-01 07:52:25.417836,2026-05-01 07:52:25.417836,14.83659553527832
2026-05-01 07:52:25.618605,2026-05-01 07:52:25.618605,14.896262168884276
2026-05-01 07:52:25.818659,2026-05-01 07:52:25.818659,15.122760772705078
2026-05-01 07:52:26.017959,2026-05-01 07:52:26.017959,15.31528377532959
2026-05-01 07:52:26.218203,2026-05-01 07:52:26.218203,15.654709815979004
2026-05-01 07:52:26.418670,2026-05-01 07:52:26.418670,15.767440795898438
2026-05-01 07:52:26.617974,2026-05-01 07:52:26.617974,16.039043426513672
2026-05-01 07:52:26.817787,2026-05-01 07:52:26.817787,16.44568634033203
2026-05-01 07:52:27.017939,2026-05-01 07:52:27.017939,16.79133415222168
2026-05-01 07:52:27.218856,2026-05-01 07:52:27.218856,16.733572006225586
2026-05-01 07:52:27.419127,2026-05-01 07:52:27.419127,16.684473037719727
2026-05-01 07:52:27.619133,2026-05-01 07:52:27.619133,16.46695899963379
2026-05-01 07:52:27.820430,2026-05-01 07:52:27.820430,16.28207015991211
2026-05-01 07:52:28.020844,2026-05-01 07:52:28.020844,15.949135780334473
2026-05-01 07:52:28.223058,2026-05-01 07:52:28.223058,15.666139602661133
2026-05-01 07:52:28.421588,2026-05-01 07:52:28.421588,15.249813079833984
2026-05-01 07:52:28.619328,2026-05-01 07:52:28.619328,15.07171630859375
2026-05-01 07:52:28.820524,2026-05-01 07:52:28.820524,14.744552612304688
2026-05-01 07:52:29.025097,2026-05-01 07:52:29.025097,14.466463088989258
2026-05-01 07:52:29.219954,2026-05-01 07:52:29.219954,14.054306030273438
2026-05-01 07:52:29.419903,2026-05-01 07:52:29.419903,13.703972816467283
2026-05-01 07:52:29.619300,2026-05-01 07:52:29.619300,13.40618896484375
2026-05-01 07:52:29.818180,2026-05-01 07:52:29.818180,13.15307331085205
2026-05-01 07:52:30.020041,2026-05-01 07:52:30.020041,12.937925338745115
2026-05-01 07:52:30.219927,2026-05-01 07:52:30.219927,12.755048751831056
2026-05-01 07:52:30.420035,2026-05-01 07:52:30.420035,12.599603652954102
2026-05-01 07:52:30.618227,2026-05-01 07:52:30.618227,12.46747589111328
2026-05-01 07:52:30.818733,2026-05-01 07:52:30.818733,12.355167388916016
2026-05-01 07:52:31.019273,2026-05-01 07:52:31.019273,12.25970458984375
2026-05-01 07:52:31.219975,2026-05-01 07:52:31.219975,12.002779960632324
2026-05-01 07:52:31.420478,2026-05-01 07:52:31.420478,11.784394264221191
2026-05-01 07:52:31.620698,2026-05-01 07:52:31.620698,11.598766326904297
2026-05-01 07:52:31.818964,2026-05-01 07:52:31.818964,11.440982818603516
2026-05-01 07:52:32.020273,2026-05-01 07:52:32.020273,11.306866645812988
2026-05-01 07:52:32.218903,2026-05-01 07:52:32.218903,11.19286823272705
2026-05-01 07:52:32.417901,2026-05-01 07:52:32.417901,11.095969200134276
2026-05-01 07:52:32.619487,2026-05-01 07:52:32.619487,11.013605117797852
2026-05-01 07:52:32.820227,2026-05-01 07:52:32.820227,10.943594932556152
2026-05-01 07:52:33.018307,2026-05-01 07:52:33.018307,10.884087562561035
2026-05-01 07:52:33.223196,2026-05-01 07:52:33.223196,10.833505630493164
2026-05-01 07:52:33.420627,2026-05-01 07:52:33.420627,10.79051113128662
2026-05-01 07:52:33.619647,2026-05-01 07:52:33.619647,10.753965377807615
2026-05-01 07:52:33.821916,2026-05-01 07:52:33.821916,12.832277297973633
2026-05-01 07:52:34.018842,2026-05-01 07:52:34.018842,14.598841667175291
2026-05-01 07:52:34.219362,2026-05-01 07:52:34.219362,13.991046905517578
2026-05-01 07:52:34.418312,2026-05-01 07:52:34.418312,15.583795547485352
2026-05-01 07:52:34.617789,2026-05-01 07:52:34.617789,16.937633514404297
2026-05-01 07:52:34.820151,2026-05-01 07:52:34.820151,18.088394165039062
2026-05-01 07:52:35.018082,2026-05-01 07:52:35.018082,19.06654167175293
2026-05-01 07:52:35.218626,2026-05-01 07:52:35.218626,19.89796638488769
2026-05-01 07:52:35.419467,2026-05-01 07:52:35.419467,20.604677200317383
2026-05-01 07:52:35.618957,2026-05-01 07:52:35.618957,21.205381393432617
2026-05-01 07:52:35.818963,2026-05-01 07:52:35.818963,21.54019927978516
2026-05-01 07:52:36.022726,2026-05-01 07:52:36.022726,21.82479476928711
2026-05-01 07:52:36.217880,2026-05-01 07:52:36.217880,22.066699981689453
2026-05-01 07:52:36.417678,2026-05-01 07:52:36.417678,22.27231979370117
2026-05-01 07:52:36.617991,2026-05-01 07:52:36.617991,22.271316528320312
2026-05-01 07:52:36.818306,2026-05-01 07:52:36.818306,22.27046203613281
2026-05-01 07:52:37.019035,2026-05-01 07:52:37.019035,22.269737243652344
2026-05-01 07:52:37.218618,2026-05-01 07:52:37.218618,22.269119262695312
2026-05-01 07:52:37.419402,2026-05-01 07:52:37.419402,22.26859664916992
2026-05-01 07:52:37.617889,2026-05-01 07:52:37.617889,22.092369079589844
2026-05-01 07:52:37.818406,2026-05-01 07:52:37.818406,21.942575454711918
2026-05-01 07:52:38.019104,2026-05-01 07:52:38.019104,21.81525230407715
2026-05-01 07:52:38.219181,2026-05-01 07:52:38.219181,21.53124618530273
2026-05-01 07:52:38.417710,2026-05-01 07:52:38.417710,21.465621948242188
2026-05-01 07:52:38.620453,2026-05-01 07:52:38.620453,21.234060287475582
2026-05-01 07:52:38.817818,2026-05-01 07:52:38.817818,21.0372314453125
2026-05-01 07:52:39.018219,2026-05-01 07:52:39.018219,20.86992835998535
2026-05-01 07:52:39.218817,2026-05-01 07:52:39.218817,20.72772026062012
2026-05-01 07:52:39.417956,2026-05-01 07:52:39.417956,20.606843948364254
2026-05-01 07:52:39.618762,2026-05-01 07:52:39.618762,20.504098892211918
2026-05-01 07:52:39.817899,2026-05-01 07:52:39.817899,20.41676521301269
2026-05-01 07:52:40.022624,2026-05-01 07:52:40.022624,20.342531204223636
2026-05-01 07:52:40.218633,2026-05-01 07:52:40.218633,20.27943229675293
2026-05-01 07:52:40.418476,2026-05-01 07:52:40.418476,20.225799560546875
2026-05-01 07:52:40.618659,2026-05-01 07:52:40.618659,20.18021011352539
2026-05-01 07:52:40.817580,2026-05-01 07:52:40.817580,20.14146041870117
2026-05-01 07:52:41.018419,2026-05-01 07:52:41.018419,20.284303665161133
2026-05-01 07:52:41.218314,2026-05-01 07:52:41.218314,20.22993850708008
2026-05-01 07:52:41.418461,2026-05-01 07:52:41.418461,20.18372917175293
2026-05-01 07:52:41.618235,2026-05-01 07:52:41.618235,20.320232391357425
2026-05-01 07:52:41.819746,2026-05-01 07:52:41.819746,20.436260223388672
2026-05-01 07:52:42.018789,2026-05-01 07:52:42.018789,20.534883499145508
2026-05-01 07:52:42.217808,2026-05-01 07:52:42.217808,20.79449462890625
2026-05-01 07:52:42.419624,2026-05-01 07:52:42.419624,21.01516532897949
2026-05-01 07:52:42.617943,2026-05-01 07:52:42.617943,21.378515243530277
2026-05-01 07:52:42.817746,2026-05-01 07:52:42.817746,21.68736267089844
2026-05-01 07:52:43.018755,2026-05-01 07:52:43.018755,20.36785125732422
2026-05-01 07:52:43.219146,2026-05-01 07:52:43.219146,19.246267318725582
2026-05-01 07:52:43.421573,2026-05-01 07:52:43.421573,18.29292106628418
2026-05-01 07:52:43.618200,2026-05-01 07:52:43.618200,17.482576370239258
2026-05-01 07:52:43.819391,2026-05-01 07:52:43.819391,16.793785095214844
2026-05-01 07:52:44.022046,2026-05-01 07:52:44.022046,16.032529830932617
2026-05-01 07:52:57.118842,2026-05-01 07:52:57.118842,15.385461807250977
2026-05-01 07:52:57.318353,2026-05-01 07:52:57.318353,14.835454940795898
2026-05-01 07:52:57.520134,2026-05-01 07:52:57.520134,14.367949485778809
2026-05-01 07:52:57.718334,2026-05-01 07:52:57.718334,13.794788360595703
2026-05-01 07:52:57.920618,2026-05-01 07:52:57.920618,13.48338222503662
2026-05-01 07:52:58.118655,2026-05-01 07:52:58.118655,13.218688011169434
2026-05-01 07:52:58.319175,2026-05-01 07:52:58.319175,12.993697166442873
2026-05-01 07:52:58.520420,2026-05-01 07:52:58.520420,12.626673698425291
2026-05-01 07:52:58.721865,2026-05-01 07:52:58.721865,12.314703941345217
2026-05-01 07:52:58.918522,2026-05-01 07:52:58.918522,12.049530029296877
2026-05-01 07:52:59.119464,2026-05-01 07:52:59.119464,11.82413101196289
2026-05-01 07:52:59.318856,2026-05-01 07:52:59.318856,11.632542610168455
2026-05-01 07:52:59.520117,2026-05-01 07:52:59.520117,11.469693183898926
2026-05-01 07:52:59.720445,2026-05-01 07:52:59.720445,11.331270217895508
2026-05-01 07:52:59.917883,2026-05-01 07:52:59.917883,11.213610649108888
2026-05-01 07:53:00.118100,2026-05-01 07:53:00.118100,11.113600730895996
2026-05-01 07:53:00.318455,2026-05-01 07:53:00.318455,11.028592109680176
2026-05-01 07:53:00.518691,2026-05-01 07:53:00.518691,10.956334114074709
2026-05-01 07:53:00.719063,2026-05-01 07:53:00.719063,10.894915580749512
2026-05-01 07:53:00.918507,2026-05-01 07:53:00.918507,10.8427095413208
2026-05-01 07:53:01.117898,2026-05-01 07:53:01.117898,10.798334121704102
2026-05-01 07:53:01.318930,2026-05-01 07:53:01.318930,10.760615348815918
2026-05-01 07:53:01.519868,2026-05-01 07:53:01.519868,10.728553771972656
2026-05-01 07:53:01.718925,2026-05-01 07:53:01.718925,10.701302528381348
2026-05-01 07:53:01.921077,2026-05-01 07:53:01.921077,10.67813777923584
2026-05-01 07:53:02.118711,2026-05-01 07:53:02.118711,10.658449172973633
2026-05-01 07:53:02.320130,2026-05-01 07:53:02.320130,10.64171314239502
2026-05-01 07:53:02.518608,2026-05-01 07:53:02.518608,10.627487182617188
2026-05-01 07:53:02.721830,2026-05-01 07:53:02.721830,10.615395545959473
2026-05-01 07:53:02.917887,2026-05-01 07:53:02.917887,10.605116844177246
2026-05-01 07:53:03.120404,2026-05-01 07:53:03.120404,10.596381187438965
2026-05-01 07:53:03.318642,2026-05-01 07:53:03.318642,10.58895492553711
2026-05-01 07:53:03.518789,2026-05-01 07:53:03.518789,10.582642555236816
2026-05-01 07:53:03.721660,2026-05-01 07:53:03.721660,12.862434387207031
2026-05-01 07:53:03.918859,2026-05-01 07:53:03.918859,12.515100479125977
2026-05-01 07:53:04.118337,2026-05-01 07:53:04.118337,14.505023002624512
2026-05-01 07:53:04.318132,2026-05-01 07:53:04.318132,16.196456909179688
2026-05-01 07:53:04.518022,2026-05-01 07:53:04.518022,17.63417625427246
2026-05-01 07:53:04.718161,2026-05-01 07:53:04.718161,18.856237411499023
2026-05-01 07:53:04.918310,2026-05-01 07:53:04.918310,19.894989013671875
2026-05-01 07:53:05.120739,2026-05-01 07:53:05.120739,20.77792739868164
2026-05-01 07:53:05.317787,2026-05-01 07:53:05.317787,21.35264587402344
2026-05-01 07:53:05.518126,2026-05-01 07:53:05.518126,22.016935348510746
2026-05-01 07:53:05.719354,2026-05-01 07:53:05.719354,22.58158302307129
2026-05-01 07:53:05.918450,2026-05-01 07:53:05.918450,23.061532974243164
2026-05-01 07:53:06.118829,2026-05-01 07:53:06.118829,23.46949005126953
2026-05-01 07:53:06.319624,2026-05-01 07:53:06.319624,23.81625366210937
2026-05-01 07:53:06.518414,2026-05-01 07:53:06.518414,24.111003875732425
2026-05-01 07:53:06.719887,2026-05-01 07:53:06.719887,24.36153984069824
2026-05-01 07:53:06.924713,2026-05-01 07:53:06.924713,24.57449722290039
2026-05-01 07:53:07.119408,2026-05-01 07:53:07.119408,24.755510330200195
2026-05-01 07:53:07.319851,2026-05-01 07:53:07.319851,24.90937042236328
2026-05-01 07:53:07.518025,2026-05-01 07:53:07.518025,25.04015350341797
2026-05-01 07:53:07.719213,2026-05-01 07:53:07.719213,25.151317596435547
2026-05-01 07:53:07.919529,2026-05-01 07:53:07.919529,25.42158889770508
2026-05-01 07:53:08.120777,2026-05-01 07:53:08.120777,25.65131950378418
2026-05-01 07:53:08.318598,2026-05-01 07:53:08.318598,25.846590042114254
2026-05-01 07:53:08.517894,2026-05-01 07:53:08.517894,26.012569427490234
2026-05-01 07:53:08.720437,2026-05-01 07:53:08.720437,26.153654098510746
2026-05-01 07:53:08.919109,2026-05-01 07:53:08.919109,26.27357482910156
2026-05-01 07:53:09.120341,2026-05-01 07:53:09.120341,26.375507354736328
2026-05-01 07:53:09.319772,2026-05-01 07:53:09.319772,26.63792991638184
2026-05-01 07:53:09.518877,2026-05-01 07:53:09.518877,26.860990524291992
2026-05-01 07:53:09.719720,2026-05-01 07:53:09.719720,27.05059242248535
2026-05-01 07:53:09.919576,2026-05-01 07:53:09.919576,27.211753845214844
2026-05-01 07:53:10.119338,2026-05-01 07:53:10.119338,27.34873962402344
2026-05-01 07:53:10.319846,2026-05-01 07:53:10.319846,27.46517944335937
2026-05-01 07:53:10.520617,2026-05-01 07:53:10.520617,27.564151763916016
2026-05-01 07:53:10.719935,2026-05-01 07:53:10.719935,27.82406044006348
2026-05-01 07:53:10.919995,2026-05-01 07:53:10.919995,28.04498291015625
2026-05-01 07:53:11.123245,2026-05-01 07:53:11.123245,28.23276710510254
2026-05-01 07:53:11.320937,2026-05-01 07:53:11.320937,28.392383575439453
2026-05-01 07:53:11.522098,2026-05-01 07:53:11.522098,28.528057098388672
2026-05-01 07:53:11.723644,2026-05-01 07:53:11.723644,28.64337921142578
2026-05-01 07:53:11.924462,2026-05-01 07:53:11.924462,28.741403579711918
2026-05-01 07:53:12.120153,2026-05-01 07:53:12.120153,28.82472419738769
2026-05-01 07:53:12.321960,2026-05-01 07:53:12.321960,28.89554786682129
2026-05-01 07:53:12.521634,2026-05-01 07:53:12.521634,28.955745697021484
2026-05-01 07:53:12.719894,2026-05-01 07:53:12.719894,29.006916046142575
2026-05-01 07:53:12.919408,2026-05-01 07:53:12.919408,29.0504093170166
2026-05-01 07:53:13.120021,2026-05-01 07:53:13.120021,29.087379455566406
2026-05-01 07:53:13.320271,2026-05-01 07:53:13.320271,29.118803024291992
2026-05-01 07:53:13.521696,2026-05-01 07:53:13.521696,29.1455135345459
2026-05-01 07:53:13.720480,2026-05-01 07:53:13.720480,29.1682186126709
2026-05-01 07:53:13.929755,2026-05-01 07:53:13.929755,27.25392341613769
2026-05-01 07:53:14.119816,2026-05-01 07:53:14.119816,25.626771926879883
2026-05-01 07:53:14.319458,2026-05-01 07:53:14.319458,24.06791305541992
2026-05-01 07:53:14.522238,2026-05-01 07:53:14.522238,22.742881774902344
2026-05-01 07:53:14.719715,2026-05-01 07:53:14.719715,21.616605758666992
2026-05-01 07:53:14.918546,2026-05-01 07:53:14.918546,20.83505249023437
2026-05-01 07:53:15.118819,2026-05-01 07:53:15.118819,19.994951248168945
2026-05-01 07:53:15.321999,2026-05-01 07:53:15.321999,19.28086471557617
2026-05-01 07:53:15.518116,2026-05-01 07:53:15.518116,18.673891067504883
2026-05-01 07:53:15.718317,2026-05-01 07:53:15.718317,18.333744049072266
2026-05-01 07:53:15.918785,2026-05-01 07:53:15.918785,17.868839263916016
2026-05-01 07:53:16.119006,2026-05-01 07:53:16.119006,17.473669052124023
2026-05-01 07:53:16.318125,2026-05-01 07:53:16.318125,17.137775421142578
2026-05-01 07:53:16.518150,2026-05-01 07:53:16.518150,16.676485061645508
2026-05-01 07:53:16.718307,2026-05-01 07:53:16.718307,16.284385681152344
2026-05-01 07:53:16.920127,2026-05-01 07:53:16.920127,15.95110321044922
2026-05-01 07:53:17.120235,2026-05-01 07:53:17.120235,15.667813301086426
2026-05-01 07:53:17.317957,2026-05-01 07:53:17.317957,15.427016258239746
2026-05-01 07:53:17.517778,2026-05-01 07:53:17.517778,15.398119926452637
2026-05-01 07:53:17.719782,2026-05-01 07:53:17.719782,15.373558044433594
2026-05-01 07:53:17.918285,2026-05-01 07:53:17.918285,15.352681159973145
2026-05-01 07:53:18.118204,2026-05-01 07:53:18.118204,15.334935188293455
2026-05-01 07:53:18.318309,2026-05-01 07:53:18.318309,15.31985092163086
2026-05-01 07:53:18.518199,2026-05-01 07:53:18.518199,15.307029724121094
2026-05-01 07:53:18.718031,2026-05-01 07:53:18.718031,15.120349884033203
2026-05-01 07:53:18.917981,2026-05-01 07:53:18.917981,15.13745403289795
2026-05-01 07:53:19.126824,2026-05-01 07:53:19.126824,15.151991844177246
2026-05-01 07:53:19.318429,2026-05-01 07:53:19.318429,15.164349555969238
2026-05-01 07:53:19.518206,2026-05-01 07:53:19.518206,15.174853324890137
2026-05-01 07:53:19.720393,2026-05-01 07:53:19.720393,15.359562873840332
2026-05-01 07:53:19.918374,2026-05-01 07:53:19.918374,15.516566276550291
2026-05-01 07:53:20.118048,2026-05-01 07:53:20.118048,15.825799942016602
2026-05-01 07:53:20.317908,2026-05-01 07:53:20.317908,16.264429092407227
2026-05-01 07:53:20.518837,2026-05-01 07:53:20.518837,16.637266159057617
2026-05-01 07:53:20.720809,2026-05-01 07:53:20.720809,16.95417594909668
2026-05-01 07:53:20.919719,2026-05-01 07:53:20.919719,17.223548889160156
2026-05-01 07:53:21.119032,2026-05-01 07:53:21.119032,17.452516555786133
2026-05-01 07:53:21.317846,2026-05-01 07:53:21.317846,17.647138595581055
2026-05-01 07:53:21.518321,2026-05-01 07:53:21.518321,17.81256866455078
2026-05-01 07:53:21.719923,2026-05-01 07:53:21.719923,17.953182220458984
2026-05-01 07:53:21.918007,2026-05-01 07:53:21.918007,18.07270622253418
2026-05-01 07:53:22.118590,2026-05-01 07:53:22.118590,18.174299240112305
2026-05-01 07:53:22.318878,2026-05-01 07:53:22.318878,18.26065444946289
2026-05-01 07:53:35.418380,2026-05-01 07:53:35.418380,18.334056854248047
2026-05-01 07:53:35.619511,2026-05-01 07:53:35.619511,18.572229385375977
2026-05-01 07:53:35.818003,2026-05-01 07:53:35.818003,18.77467536926269
2026-05-01 07:53:36.020103,2026-05-01 07:53:36.020103,18.94675636291504
2026-05-01 07:53:36.223785,2026-05-01 07:53:36.223785,19.0930233001709
2026-05-01 07:53:36.418685,2026-05-01 07:53:36.418685,19.21735191345215
2026-05-01 07:53:36.620750,2026-05-01 07:53:36.620750,19.32303047180176
2026-05-01 07:53:36.818020,2026-05-01 07:53:36.818020,19.412857055664062
2026-05-01 07:53:37.017918,2026-05-01 07:53:37.017918,19.48921012878418
2026-05-01 07:53:37.218679,2026-05-01 07:53:37.218679,19.554109573364254
2026-05-01 07:53:37.411999,2026-05-01 07:53:37.411999,19.60927391052246
2026-05-01 07:53:37.618302,2026-05-01 07:53:37.618302,19.656164169311523
2026-05-01 07:53:37.821356,2026-05-01 07:53:37.821356,19.696020126342773
2026-05-01 07:53:38.018623,2026-05-01 07:53:38.018623,19.72989845275879
2026-05-01 07:53:38.218738,2026-05-01 07:53:38.218738,19.758695602416992
2026-05-01 07:53:38.419298,2026-05-01 07:53:38.419298,19.783172607421875
2026-05-01 07:53:38.617897,2026-05-01 07:53:38.617897,19.803977966308597
2026-05-01 07:53:38.818703,2026-05-01 07:53:38.818703,19.82166290283203
2026-05-01 07:53:39.021476,2026-05-01 07:53:39.021476,19.836694717407227
2026-05-01 07:53:39.218648,2026-05-01 07:53:39.218648,19.84947204589844
2026-05-01 07:53:39.418539,2026-05-01 07:53:39.418539,19.860332489013672
2026-05-01 07:53:39.619010,2026-05-01 07:53:39.619010,19.869564056396484
2026-05-01 07:53:39.819129,2026-05-01 07:53:39.819129,20.053192138671875
2026-05-01 07:53:40.020694,2026-05-01 07:53:40.020694,20.209274291992188
2026-05-01 07:53:40.218980,2026-05-01 07:53:40.218980,20.34194564819336
2026-05-01 07:53:40.418308,2026-05-01 07:53:40.418308,20.2789363861084
2026-05-01 07:53:40.618829,2026-05-01 07:53:40.618829,20.22537612915039
2026-05-01 07:53:40.818464,2026-05-01 07:53:40.818464,20.355632781982425
2026-05-01 07:53:41.017883,2026-05-01 07:53:41.017883,20.46635055541992
2026-05-01 07:53:41.217874,2026-05-01 07:53:41.217874,20.560461044311523
2026-05-01 07:53:41.418633,2026-05-01 07:53:41.418633,20.816234588623047
2026-05-01 07:53:41.618770,2026-05-01 07:53:41.618770,21.03364372253418
2026-05-01 07:53:41.818457,2026-05-01 07:53:41.818457,21.218441009521484
2026-05-01 07:53:42.017814,2026-05-01 07:53:42.017814,21.375518798828125
2026-05-01 07:53:42.219726,2026-05-01 07:53:42.219726,21.509035110473636
2026-05-01 07:53:42.419277,2026-05-01 07:53:42.419277,21.446741104125977
2026-05-01 07:53:42.617915,2026-05-01 07:53:42.617915,21.5695743560791
2026-05-01 07:53:42.818444,2026-05-01 07:53:42.818444,21.673982620239254
2026-05-01 07:53:43.018212,2026-05-01 07:53:43.018212,21.76272773742676
2026-05-01 07:53:43.218219,2026-05-01 07:53:43.218219,21.83816337585449
2026-05-01 07:53:43.418496,2026-05-01 07:53:43.418496,21.90228271484375
2026-05-01 07:53:43.617864,2026-05-01 07:53:43.617864,21.95678329467773
2026-05-01 07:53:43.818477,2026-05-01 07:53:43.818477,22.003108978271484
2026-05-01 07:53:44.017814,2026-05-01 07:53:44.017814,22.0424861907959
2026-05-01 07:53:44.218205,2026-05-01 07:53:44.218205,21.900177001953125
2026-05-01 07:53:44.419075,2026-05-01 07:53:44.419075,21.95499420166016
2026-05-01 07:53:44.617831,2026-05-01 07:53:44.617831,22.177370071411133
2026-05-01 07:53:44.817849,2026-05-01 07:53:44.817849,22.19060707092285
2026-05-01 07:53:45.018054,2026-05-01 07:53:45.018054,22.377641677856445
2026-05-01 07:53:45.218010,2026-05-01 07:53:45.218010,22.53662109375
2026-05-01 07:53:45.417979,2026-05-01 07:53:45.417979,22.6717529296875
2026-05-01 07:53:45.618650,2026-05-01 07:53:45.618650,22.7866153717041
2026-05-01 07:53:45.819418,2026-05-01 07:53:45.819418,22.884246826171875
2026-05-01 07:53:46.018017,2026-05-01 07:53:46.018017,22.967235565185547
2026-05-01 07:53:46.218078,2026-05-01 07:53:46.218078,21.45574378967285
2026-05-01 07:53:46.418511,2026-05-01 07:53:46.418511,20.170976638793945
2026-05-01 07:53:46.618723,2026-05-01 07:53:46.618723,19.07892417907715
2026-05-01 07:53:46.819284,2026-05-01 07:53:46.819284,19.732709884643555
2026-05-01 07:53:47.018632,2026-05-01 07:53:47.018632,18.706398010253903
2026-05-01 07:53:47.218719,2026-05-01 07:53:47.218719,17.83403205871582
2026-05-01 07:53:47.418966,2026-05-01 07:53:47.418966,16.916738510131836
2026-05-01 07:53:47.618554,2026-05-01 07:53:47.618554,15.961259841918944
2026-05-01 07:53:47.820994,2026-05-01 07:53:47.820994,15.324883460998535
2026-05-01 07:53:48.021497,2026-05-01 07:53:48.021497,14.959744453430176
2026-05-01 07:53:48.220206,2026-05-01 07:53:48.220206,14.64937686920166
2026-05-01 07:53:48.419664,2026-05-01 07:53:48.419664,14.385563850402832
2026-05-01 07:53:48.619495,2026-05-01 07:53:48.619495,14.161322593688965
2026-05-01 07:53:48.818002,2026-05-01 07:53:48.818002,13.794937133789062
2026-05-01 07:53:49.020786,2026-05-01 07:53:49.020786,13.483509063720703
2026-05-01 07:53:49.225402,2026-05-01 07:53:49.225402,13.394576072692873
2026-05-01 07:53:49.418418,2026-05-01 07:53:49.418418,13.143202781677246
2026-05-01 07:53:49.619478,2026-05-01 07:53:49.619478,12.929534912109377
2026-05-01 07:53:49.819358,2026-05-01 07:53:49.819358,12.747917175292969
2026-05-01 07:53:50.021571,2026-05-01 07:53:50.021571,12.593542098999023
2026-05-01 07:53:50.219223,2026-05-01 07:53:50.219223,12.462323188781738
2026-05-01 07:53:50.418489,2026-05-01 07:53:50.418489,12.350787162780762
2026-05-01 07:53:50.620698,2026-05-01 07:53:50.620698,12.2559814453125
2026-05-01 07:53:50.822551,2026-05-01 07:53:50.822551,12.175396919250488
2026-05-01 07:53:51.021242,2026-05-01 07:53:51.021242,12.106900215148926
2026-05-01 07:53:51.219687,2026-05-01 07:53:51.219687,12.048677444458008
2026-05-01 07:53:51.421780,2026-05-01 07:53:51.421780,11.999188423156738
2026-05-01 07:53:51.620846,2026-05-01 07:53:51.620846,11.957122802734377
2026-05-01 07:53:51.821805,2026-05-01 07:53:51.821805,11.921366691589355
2026-05-01 07:53:52.021011,2026-05-01 07:53:52.021011,12.066755294799805
2026-05-01 07:53:52.218651,2026-05-01 07:53:52.218651,12.014554977416992
2026-05-01 07:53:52.418736,2026-05-01 07:53:52.418736,11.970184326171877
2026-05-01 07:53:52.625255,2026-05-01 07:53:52.625255,11.93246841430664
2026-05-01 07:53:52.818603,2026-05-01 07:53:52.818603,12.076191902160645
2026-05-01 07:53:53.018749,2026-05-01 07:53:53.018749,12.374138832092283
2026-05-01 07:53:53.222060,2026-05-01 07:53:53.222060,12.803174018859863
2026-05-01 07:53:53.418564,2026-05-01 07:53:53.418564,13.167854309082031
2026-05-01 07:53:53.621945,2026-05-01 07:53:53.621945,13.477831840515137
2026-05-01 07:53:53.822692,2026-05-01 07:53:53.822692,14.796001434326172
2026-05-01 07:53:54.019004,2026-05-01 07:53:54.019004,15.916444778442385
2026-05-01 07:53:54.217726,2026-05-01 07:53:54.217726,16.69304084777832
2026-05-01 07:53:54.418985,2026-05-01 07:53:54.418985,17.177366256713867
2026-05-01 07:53:54.618524,2026-05-01 07:53:54.618524,17.76482391357422
2026-05-01 07:53:54.818612,2026-05-01 07:53:54.818612,18.088380813598636
2026-05-01 07:53:55.018779,2026-05-01 07:53:55.018779,18.363405227661133
2026-05-01 07:53:55.218518,2026-05-01 07:53:55.218518,18.59717559814453
2026-05-01 07:53:55.418461,2026-05-01 07:53:55.418461,18.795881271362305
2026-05-01 07:53:55.618671,2026-05-01 07:53:55.618671,18.964778900146484
2026-05-01 07:53:55.820110,2026-05-01 07:53:55.820110,19.10834312438965
2026-05-01 07:53:56.017937,2026-05-01 07:53:56.017937,19.23037338256836
2026-05-01 07:53:56.219214,2026-05-01 07:53:56.219214,19.33409881591797
2026-05-01 07:53:56.419106,2026-05-01 07:53:56.419106,19.246484756469727
2026-05-01 07:53:56.618342,2026-05-01 07:53:56.618342,19.17201232910156
2026-05-01 07:53:56.818819,2026-05-01 07:53:56.818819,19.10870933532715
2026-05-01 07:53:57.018062,2026-05-01 07:53:57.018062,19.054903030395508
2026-05-01 07:53:57.218771,2026-05-01 07:53:57.218771,20.06385612487793
2026-05-01 07:53:57.418400,2026-05-01 07:53:57.418400,21.097246170043945
2026-05-01 07:53:57.618065,2026-05-01 07:53:57.618065,21.97562789916992
2026-05-01 07:53:57.817927,2026-05-01 07:53:57.817927,22.722251892089844
2026-05-01 07:53:58.018503,2026-05-01 07:53:58.018503,22.126415252685547
2026-05-01 07:53:58.217959,2026-05-01 07:53:58.217959,22.850421905517575
2026-05-01 07:53:58.418328,2026-05-01 07:53:58.418328,23.4658260345459
2026-05-01 07:53:58.617868,2026-05-01 07:53:58.617868,23.988922119140625
2026-05-01 07:53:58.818017,2026-05-01 07:53:58.818017,24.43355178833008
2026-05-01 07:53:59.017822,2026-05-01 07:53:59.017822,24.987268447875977
2026-05-01 07:53:59.218426,2026-05-01 07:53:59.218426,25.28214836120605
2026-05-01 07:53:59.418097,2026-05-01 07:53:59.418097,25.532794952392575
2026-05-01 07:53:59.618618,2026-05-01 07:53:59.618618,25.7458438873291
2026-05-01 07:53:59.818451,2026-05-01 07:53:59.818451,25.92693519592285
2026-05-01 07:54:00.018622,2026-05-01 07:54:00.018622,26.08086395263672
2026-05-01 07:54:00.218348,2026-05-01 07:54:00.218348,26.21170425415039
2026-05-01 07:54:00.418683,2026-05-01 07:54:00.418683,26.32291603088379
2026-05-01 07:54:00.618994,2026-05-01 07:54:00.618994,26.41744804382324
2026-05-01 07:54:13.718012,2026-05-01 07:54:13.718012,26.49779891967773
2026-05-01 07:54:13.918502,2026-05-01 07:54:13.918502,26.56609916687012
2026-05-01 07:54:14.119446,2026-05-01 07:54:14.119446,26.62415313720703
2026-05-01 07:54:14.319347,2026-05-01 07:54:14.319347,26.673498153686523
2026-05-01 07:54:14.520198,2026-05-01 07:54:14.520198,26.715442657470703
2026-05-01 07:54:14.717895,2026-05-01 07:54:14.717895,26.751094818115234
2026-05-01 07:54:14.918273,2026-05-01 07:54:14.918273,26.78139877319336
2026-05-01 07:54:15.121899,2026-05-01 07:54:15.121899,26.80715751647949
2026-05-01 07:54:15.318115,2026-05-01 07:54:15.318115,26.82905387878418
2026-05-01 07:54:15.521793,2026-05-01 07:54:15.521793,26.84766387939453
2026-05-01 07:54:15.721180,2026-05-01 07:54:15.721180,26.86348342895508
2026-05-01 07:54:15.917907,2026-05-01 07:54:15.917907,26.876930236816406
2026-05-01 07:54:16.118077,2026-05-01 07:54:16.118077,26.88835906982422
2026-05-01 07:54:16.319228,2026-05-01 07:54:16.319228,25.140260696411133
2026-05-01 07:54:16.518341,2026-05-01 07:54:16.518341,23.65437889099121
2026-05-01 07:54:16.717978,2026-05-01 07:54:16.717978,22.39137840270996
2026-05-01 07:54:16.918319,2026-05-01 07:54:16.918319,21.317827224731445
2026-05-01 07:54:17.118338,2026-05-01 07:54:17.118338,20.405309677124023
2026-05-01 07:54:17.318756,2026-05-01 07:54:17.318756,19.453887939453125
2026-05-01 07:54:17.518517,2026-05-01 07:54:17.518517,18.64517974853516
2026-05-01 07:54:17.720469,2026-05-01 07:54:17.720469,17.95777702331543
2026-05-01 07:54:17.921155,2026-05-01 07:54:17.921155,17.373485565185547
2026-05-01 07:54:18.118057,2026-05-01 07:54:18.118057,16.87683868408203
2026-05-01 07:54:18.318742,2026-05-01 07:54:18.318742,16.278905868530273
2026-05-01 07:54:18.518392,2026-05-01 07:54:18.518392,15.77066421508789
2026-05-01 07:54:18.719652,2026-05-01 07:54:18.719652,15.338658332824709
2026-05-01 07:54:18.917682,2026-05-01 07:54:18.917682,14.971453666687012
2026-05-01 07:54:19.119932,2026-05-01 07:54:19.119932,14.659329414367676
2026-05-01 07:54:19.323286,2026-05-01 07:54:19.323286,14.394022941589355
2026-05-01 07:54:19.519026,2026-05-01 07:54:19.519026,14.168513298034668
2026-05-01 07:54:19.717847,2026-05-01 07:54:19.717847,13.97683048248291
2026-05-01 07:54:19.919431,2026-05-01 07:54:19.919431,13.813899993896484
2026-05-01 07:54:20.119141,2026-05-01 07:54:20.119141,13.675408363342283
2026-05-01 07:54:20.318102,2026-05-01 07:54:20.318102,13.557690620422363
2026-05-01 07:54:20.517871,2026-05-01 07:54:20.517871,13.28184986114502
2026-05-01 07:54:20.718005,2026-05-01 07:54:20.718005,13.047385215759276
2026-05-01 07:54:20.919680,2026-05-01 07:54:20.919680,13.023870468139648
2026-05-01 07:54:21.118095,2026-05-01 07:54:21.118095,13.003884315490724
2026-05-01 07:54:21.318956,2026-05-01 07:54:21.318956,12.986895561218262
2026-05-01 07:54:21.519387,2026-05-01 07:54:21.519387,12.972455024719238
2026-05-01 07:54:21.719140,2026-05-01 07:54:21.719140,13.135961532592772
2026-05-01 07:54:21.917756,2026-05-01 07:54:21.917756,13.274942398071287
2026-05-01 07:54:22.118357,2026-05-01 07:54:22.118357,13.217294692993164
2026-05-01 07:54:22.318379,2026-05-01 07:54:22.318379,13.344075202941896
2026-05-01 07:54:22.518130,2026-05-01 07:54:22.518130,13.451839447021484
2026-05-01 07:54:22.720322,2026-05-01 07:54:22.720322,13.543437957763672
2026-05-01 07:54:22.919720,2026-05-01 07:54:22.919720,13.621297836303713
2026-05-01 07:54:23.118391,2026-05-01 07:54:23.118391,13.687478065490724
2026-05-01 07:54:23.318290,2026-05-01 07:54:23.318290,13.919512748718262
2026-05-01 07:54:23.519399,2026-05-01 07:54:23.519399,13.940960884094238
2026-05-01 07:54:23.717775,2026-05-01 07:54:23.717775,13.95919132232666
2026-05-01 07:54:23.917737,2026-05-01 07:54:23.917737,13.974687576293944
2026-05-01 07:54:24.119120,2026-05-01 07:54:24.119120,13.987859725952148
2026-05-01 07:54:24.317849,2026-05-01 07:54:24.317849,13.999055862426758
2026-05-01 07:54:24.519418,2026-05-01 07:54:24.519418,14.008572578430176
2026-05-01 07:54:24.717859,2026-05-01 07:54:24.717859,13.840880393981934
2026-05-01 07:54:24.917800,2026-05-01 07:54:24.917800,13.698342323303224
2026-05-01 07:54:25.119443,2026-05-01 07:54:25.119443,13.577184677124023
2026-05-01 07:54:25.319295,2026-05-01 07:54:25.319295,13.474200248718262
2026-05-01 07:54:25.518073,2026-05-01 07:54:25.518073,13.386664390563965
2026-05-01 07:54:25.717959,2026-05-01 07:54:25.717959,13.31225872039795
2026-05-01 07:54:25.924020,2026-05-01 07:54:25.924020,13.24901294708252
2026-05-01 07:54:26.118389,2026-05-01 07:54:26.118389,13.195255279541016
2026-05-01 07:54:26.317780,2026-05-01 07:54:26.317780,13.149560928344728
2026-05-01 07:54:26.520018,2026-05-01 07:54:26.520018,13.11072063446045
2026-05-01 07:54:26.719458,2026-05-01 07:54:26.719458,13.077706336975098
2026-05-01 07:54:26.919394,2026-05-01 07:54:26.919394,13.049643516540527
2026-05-01 07:54:27.121535,2026-05-01 07:54:27.121535,13.02579116821289
2026-05-01 07:54:27.318521,2026-05-01 07:54:27.318521,13.005516052246094
2026-05-01 07:54:27.517858,2026-05-01 07:54:27.517858,12.988282203674316
2026-05-01 07:54:27.722737,2026-05-01 07:54:27.722737,12.797852516174316
2026-05-01 07:54:27.918462,2026-05-01 07:54:27.918462,12.811768531799316
2026-05-01 07:54:28.118423,2026-05-01 07:54:28.118423,12.823596954345703
2026-05-01 07:54:28.318742,2026-05-01 07:54:28.318742,12.833651542663574
2026-05-01 07:54:28.518482,2026-05-01 07:54:28.518482,12.84219741821289
2026-05-01 07:54:28.718457,2026-05-01 07:54:28.718457,12.849461555480955
2026-05-01 07:54:28.918306,2026-05-01 07:54:28.918306,12.855635643005373
2026-05-01 07:54:29.125597,2026-05-01 07:54:29.125597,12.685103416442873
2026-05-01 07:54:29.320203,2026-05-01 07:54:29.320203,12.540149688720703
2026-05-01 07:54:29.521378,2026-05-01 07:54:29.521378,12.416939735412598
2026-05-01 07:54:29.722587,2026-05-01 07:54:29.722587,12.312211990356444
2026-05-01 07:54:29.918376,2026-05-01 07:54:29.918376,12.04741096496582
2026-05-01 07:54:30.120920,2026-05-01 07:54:30.120920,11.822330474853516
2026-05-01 07:54:30.320562,2026-05-01 07:54:30.320562,11.631011962890623
2026-05-01 07:54:30.520463,2026-05-01 07:54:30.520463,11.468391418457031
2026-05-01 07:54:30.719842,2026-05-01 07:54:30.719842,11.154382705688477
2026-05-01 07:54:30.920943,2026-05-01 07:54:30.920943,10.887475967407228
2026-05-01 07:54:31.121482,2026-05-01 07:54:31.121482,10.660604476928713
2026-05-01 07:54:31.319649,2026-05-01 07:54:31.319649,10.643545150756836
2026-05-01 07:54:31.519670,2026-05-01 07:54:31.519670,13.08998203277588
2026-05-01 07:54:31.721122,2026-05-01 07:54:31.721122,12.532734870910645
2026-05-01 07:54:31.918823,2026-05-01 07:54:31.918823,14.695793151855469
2026-05-01 07:54:32.118434,2026-05-01 07:54:32.118434,13.897674560546877
2026-05-01 07:54:32.322435,2026-05-01 07:54:32.322435,15.85599136352539
2026-05-01 07:54:32.518858,2026-05-01 07:54:32.518858,17.52056121826172
2026-05-01 07:54:32.718237,2026-05-01 07:54:32.718237,18.93544578552246
2026-05-01 07:54:32.921292,2026-05-01 07:54:32.921292,20.313879013061523
2026-05-01 07:54:33.124494,2026-05-01 07:54:33.124494,21.30976676940918
2026-05-01 07:54:33.325498,2026-05-01 07:54:33.325498,22.156269073486328
2026-05-01 07:54:33.517920,2026-05-01 07:54:33.517920,22.87579917907715
2026-05-01 07:54:33.719501,2026-05-01 07:54:33.719501,23.487398147583008
2026-05-01 07:54:33.919312,2026-05-01 07:54:33.919312,24.00725555419922
2026-05-01 07:54:34.119335,2026-05-01 07:54:34.119335,24.44913673400879
2026-05-01 07:54:34.318805,2026-05-01 07:54:34.318805,24.82473564147949
2026-05-01 07:54:34.524726,2026-05-01 07:54:34.524726,25.143993377685547
2026-05-01 07:54:34.718088,2026-05-01 07:54:34.718088,25.415363311767575
2026-05-01 07:54:34.919209,2026-05-01 07:54:34.919209,25.646026611328125
2026-05-01 07:54:35.118266,2026-05-01 07:54:35.118266,25.84209251403809
2026-05-01 07:54:35.318555,2026-05-01 07:54:35.318555,26.00874710083008
2026-05-01 07:54:35.518077,2026-05-01 07:54:35.518077,26.15040397644043
2026-05-01 07:54:35.718606,2026-05-01 07:54:35.718606,26.095029830932617
2026-05-01 07:54:35.918604,2026-05-01 07:54:35.918604,26.223745346069336
2026-05-01 07:54:36.118868,2026-05-01 07:54:36.118868,26.157371520996094
2026-05-01 07:54:36.318633,2026-05-01 07:54:36.318633,26.1009521484375
2026-05-01 07:54:36.521843,2026-05-01 07:54:36.521843,26.052997589111328
2026-05-01 07:54:36.722118,2026-05-01 07:54:36.722118,26.01223564147949
2026-05-01 07:54:36.921616,2026-05-01 07:54:36.921616,25.97758674621582
2026-05-01 07:54:37.118527,2026-05-01 07:54:37.118527,25.948137283325195
2026-05-01 07:54:37.318376,2026-05-01 07:54:37.318376,25.92310333251953
2026-05-01 07:54:37.518362,2026-05-01 07:54:37.518362,25.901824951171875
2026-05-01 07:54:37.718517,2026-05-01 07:54:37.718517,25.883739471435547
2026-05-01 07:54:37.918437,2026-05-01 07:54:37.918437,25.86836624145508
2026-05-01 07:54:38.118036,2026-05-01 07:54:38.118036,25.85529899597168
2026-05-01 07:54:38.318110,2026-05-01 07:54:38.318110,25.66840934753418
2026-05-01 07:54:38.519761,2026-05-01 07:54:38.519761,25.68533515930176
2026-05-01 07:54:38.718238,2026-05-01 07:54:38.718238,25.523941040039062
2026-05-01 07:54:38.917933,2026-05-01 07:54:38.917933,25.386756896972656
2026-05-01 07:54:52.020532,2026-05-01 07:54:52.020532,25.27014923095703
2026-05-01 07:54:52.220587,2026-05-01 07:54:52.220587,25.17103385925293
2026-05-01 07:54:52.418095,2026-05-01 07:54:52.418095,25.08678436279297
2026-05-01 07:54:52.621804,2026-05-01 07:54:52.621804,25.015172958374023
2026-05-01 07:54:52.819670,2026-05-01 07:54:52.819670,24.95430374145508
2026-05-01 07:54:53.019448,2026-05-01 07:54:53.019448,24.902565002441406
2026-05-01 07:54:53.217774,2026-05-01 07:54:53.217774,24.682804107666016
2026-05-01 07:54:53.419033,2026-05-01 07:54:53.419033,24.496007919311523
2026-05-01 07:54:53.618040,2026-05-01 07:54:53.618040,24.33723258972168
2026-05-01 07:54:53.821757,2026-05-01 07:54:53.821757,24.202272415161133
2026-05-01 07:54:54.018967,2026-05-01 07:54:54.018967,24.087556838989254
2026-05-01 07:54:54.221564,2026-05-01 07:54:54.221564,23.990047454833984
2026-05-01 07:54:54.419539,2026-05-01 07:54:54.419539,23.90716552734375
2026-05-01 07:54:54.618823,2026-05-01 07:54:54.618823,23.836715698242188
2026-05-01 07:54:54.820790,2026-05-01 07:54:54.820790,23.77683448791504
2026-05-01 07:54:55.018202,2026-05-01 07:54:55.018202,23.55015182495117
2026-05-01 07:54:55.218159,2026-05-01 07:54:55.218159,23.53325462341309
2026-05-01 07:54:55.419119,2026-05-01 07:54:55.419119,23.343111038208008
2026-05-01 07:54:55.623586,2026-05-01 07:54:55.623586,23.18148803710937
2026-05-01 07:54:55.818213,2026-05-01 07:54:55.818213,23.04410743713379
2026-05-01 07:54:56.021376,2026-05-01 07:54:56.021376,22.751554489135746
2026-05-01 07:54:56.218260,2026-05-01 07:54:56.218260,22.50288391113281
2026-05-01 07:54:56.418757,2026-05-01 07:54:56.418757,22.291513442993164
2026-05-01 07:54:56.626618,2026-05-01 07:54:56.626618,22.11184883117676
2026-05-01 07:54:56.820896,2026-05-01 07:54:56.820896,22.134916305541992
2026-05-01 07:54:57.018055,2026-05-01 07:54:57.018055,21.978740692138672
2026-05-01 07:54:57.218980,2026-05-01 07:54:57.218980,21.845991134643555
2026-05-01 07:54:57.417946,2026-05-01 07:54:57.417946,21.733156204223636
2026-05-01 07:54:57.618071,2026-05-01 07:54:57.618071,21.637245178222656
2026-05-01 07:54:57.818164,2026-05-01 07:54:57.818164,21.555721282958984
2026-05-01 07:54:58.018620,2026-05-01 07:54:58.018620,21.662206649780277
2026-05-01 07:54:58.218144,2026-05-01 07:54:58.218144,21.92850112915039
2026-05-01 07:54:58.418402,2026-05-01 07:54:58.418402,21.97906875610352
2026-05-01 07:54:58.618995,2026-05-01 07:54:58.618995,22.197834014892575
2026-05-01 07:54:58.822589,2026-05-01 07:54:58.822589,22.5595645904541
2026-05-01 07:54:59.018758,2026-05-01 07:54:59.018758,22.867036819458008
2026-05-01 07:54:59.218256,2026-05-01 07:54:59.218256,23.128387451171875
2026-05-01 07:54:59.418145,2026-05-01 07:54:59.418145,22.295846939086918
2026-05-01 07:54:59.618380,2026-05-01 07:54:59.618380,21.41240882873535
2026-05-01 07:54:59.818573,2026-05-01 07:54:59.818573,20.66148376464844
2026-05-01 07:55:00.018939,2026-05-01 07:55:00.018939,21.4294490814209
2026-05-01 07:55:00.218603,2026-05-01 07:55:00.218603,20.67597007751465
2026-05-01 07:55:00.419621,2026-05-01 07:55:00.419621,20.035511016845703
2026-05-01 07:55:00.620613,2026-05-01 07:55:00.620613,19.49112319946289
2026-05-01 07:55:00.818754,2026-05-01 07:55:00.818754,19.02839088439941
2026-05-01 07:55:01.018458,2026-05-01 07:55:01.018458,18.45928955078125
2026-05-01 07:55:01.220007,2026-05-01 07:55:01.220007,17.97555160522461
2026-05-01 07:55:01.418511,2026-05-01 07:55:01.418511,17.564374923706055
2026-05-01 07:55:01.617708,2026-05-01 07:55:01.617708,17.214876174926758
2026-05-01 07:55:01.817875,2026-05-01 07:55:01.817875,16.917800903320312
2026-05-01 07:55:02.018646,2026-05-01 07:55:02.018646,16.489505767822266
2026-05-01 07:55:02.217871,2026-05-01 07:55:02.217871,16.12545394897461
2026-05-01 07:55:02.421438,2026-05-01 07:55:02.421438,15.816011428833008
2026-05-01 07:55:02.618401,2026-05-01 07:55:02.618401,15.552984237670898
2026-05-01 07:55:02.817970,2026-05-01 07:55:02.817970,15.153630256652832
2026-05-01 07:55:03.018272,2026-05-01 07:55:03.018272,14.989960670471191
2026-05-01 07:55:03.219060,2026-05-01 07:55:03.219060,14.850841522216797
2026-05-01 07:55:03.417891,2026-05-01 07:55:03.417891,14.732590675354004
2026-05-01 07:55:03.618338,2026-05-01 07:55:03.618338,14.63207721710205
2026-05-01 07:55:03.818148,2026-05-01 07:55:03.818148,14.546640396118164
2026-05-01 07:55:04.018172,2026-05-01 07:55:04.018172,14.298237800598145
2026-05-01 07:55:04.217796,2026-05-01 07:55:04.217796,14.087096214294434
2026-05-01 07:55:04.418291,2026-05-01 07:55:04.418291,13.907625198364258
2026-05-01 07:55:04.617930,2026-05-01 07:55:04.617930,13.755075454711914
2026-05-01 07:55:04.821182,2026-05-01 07:55:04.821182,13.625408172607422
2026-05-01 07:55:05.020031,2026-05-01 07:55:05.020031,13.51519012451172
2026-05-01 07:55:05.220032,2026-05-01 07:55:05.220032,13.42150592803955
2026-05-01 07:55:05.418577,2026-05-01 07:55:05.418577,13.341873168945312
2026-05-01 07:55:05.618351,2026-05-01 07:55:05.618351,13.27418613433838
2026-05-01 07:55:05.820184,2026-05-01 07:55:05.820184,13.216651916503906
2026-05-01 07:55:06.019794,2026-05-01 07:55:06.019794,13.16774845123291
2026-05-01 07:55:06.218046,2026-05-01 07:55:06.218046,13.126179695129396
2026-05-01 07:55:06.418719,2026-05-01 07:55:06.418719,13.090846061706545
2026-05-01 07:55:06.619618,2026-05-01 07:55:06.619618,13.060812950134276
2026-05-01 07:55:06.818320,2026-05-01 07:55:06.818320,13.035284996032717
2026-05-01 07:55:07.018976,2026-05-01 07:55:07.018976,13.013586044311523
2026-05-01 07:55:07.221840,2026-05-01 07:55:07.221840,12.995141983032228
2026-05-01 07:55:07.419062,2026-05-01 07:55:07.419062,12.979464530944824
2026-05-01 07:55:07.618152,2026-05-01 07:55:07.618152,12.96613883972168
2026-05-01 07:55:07.820811,2026-05-01 07:55:07.820811,12.954811096191406
2026-05-01 07:55:08.017998,2026-05-01 07:55:08.017998,12.945183753967283
2026-05-01 07:55:08.218397,2026-05-01 07:55:08.218397,12.936999320983888
2026-05-01 07:55:08.421670,2026-05-01 07:55:08.421670,12.75426197052002
2026-05-01 07:55:08.618380,2026-05-01 07:55:08.618380,12.7747163772583
2026-05-01 07:55:08.819415,2026-05-01 07:55:08.819415,12.967884063720703
2026-05-01 07:55:09.019393,2026-05-01 07:55:09.019393,13.132076263427734
2026-05-01 07:55:09.219692,2026-05-01 07:55:09.219692,13.271639823913574
2026-05-01 07:55:09.419750,2026-05-01 07:55:09.419750,13.39026927947998
2026-05-01 07:55:09.618603,2026-05-01 07:55:09.618603,13.491104125976562
2026-05-01 07:55:09.817813,2026-05-01 07:55:09.817813,13.576812744140623
2026-05-01 07:55:10.019023,2026-05-01 07:55:10.019023,13.649665832519531
2026-05-01 07:55:10.225487,2026-05-01 07:55:10.225487,13.711590766906738
2026-05-01 07:55:10.418151,2026-05-01 07:55:10.418151,13.764227867126465
2026-05-01 07:55:10.618158,2026-05-01 07:55:10.618158,13.808968544006348
2026-05-01 07:55:10.819080,2026-05-01 07:55:10.819080,13.84699821472168
2026-05-01 07:55:11.019723,2026-05-01 07:55:11.019723,13.87932300567627
2026-05-01 07:55:11.220474,2026-05-01 07:55:11.220474,13.906800270080566
2026-05-01 07:55:11.418095,2026-05-01 07:55:11.418095,13.93015480041504
2026-05-01 07:55:11.618631,2026-05-01 07:55:11.618631,13.950006484985352
2026-05-01 07:55:11.821255,2026-05-01 07:55:11.821255,14.142662048339844
2026-05-01 07:55:12.020309,2026-05-01 07:55:12.020309,14.306418418884276
2026-05-01 07:55:12.221497,2026-05-01 07:55:12.221497,14.445611953735352
2026-05-01 07:55:12.418450,2026-05-01 07:55:12.418450,14.563926696777344
2026-05-01 07:55:12.620078,2026-05-01 07:55:12.620078,14.664493560791016
2026-05-01 07:55:12.818003,2026-05-01 07:55:12.818003,14.74997615814209
2026-05-01 07:55:13.019750,2026-05-01 07:55:13.019750,14.822635650634766
2026-05-01 07:55:13.218980,2026-05-01 07:55:13.218980,14.88439655303955
2026-05-01 07:55:13.419635,2026-05-01 07:55:13.419635,14.936893463134766
2026-05-01 07:55:13.620037,2026-05-01 07:55:13.620037,15.157297134399414
2026-05-01 07:55:13.817783,2026-05-01 07:55:13.817783,15.344639778137209
2026-05-01 07:55:14.018974,2026-05-01 07:55:14.018974,15.503881454467772
2026-05-01 07:55:14.218979,2026-05-01 07:55:14.218979,15.639236450195312
2026-05-01 07:55:14.419108,2026-05-01 07:55:14.419108,15.75428867340088
2026-05-01 07:55:14.619508,2026-05-01 07:55:14.619508,15.852083206176758
2026-05-01 07:55:14.817948,2026-05-01 07:55:14.817948,15.759427070617676
2026-05-01 07:55:15.019442,2026-05-01 07:55:15.019442,15.680668830871582
2026-05-01 07:55:15.218131,2026-05-01 07:55:15.218131,15.789505958557127
2026-05-01 07:55:15.421774,2026-05-01 07:55:15.421774,15.882018089294434
2026-05-01 07:55:15.620033,2026-05-01 07:55:15.620033,15.960652351379396
2026-05-01 07:55:15.821496,2026-05-01 07:55:15.821496,15.85171127319336
2026-05-01 07:55:16.018673,2026-05-01 07:55:16.018673,15.934891700744627
2026-05-01 07:55:16.217722,2026-05-01 07:55:16.217722,16.181377410888672
2026-05-01 07:55:16.418159,2026-05-01 07:55:16.418159,16.390888214111328
2026-05-01 07:55:16.619798,2026-05-01 07:55:16.619798,17.272098541259766
2026-05-01 07:55:16.820181,2026-05-01 07:55:16.820181,18.021127700805664
2026-05-01 07:55:17.020056,2026-05-01 07:55:17.020056,18.65780258178711
2026-05-01 07:55:17.218092,2026-05-01 07:55:17.218092,19.374757766723636
