log_time,publish_time,data
2026-04-28 07:07:57.968458,2026-04-28 07:07:57.968458,13.50556182861328
2026-04-28 07:07:58.168617,2026-04-28 07:07:58.168617,13.413321495056152
2026-04-28 07:07:58.372145,2026-04-28 07:07:58.372145,13.334917068481444
2026-04-28 07:07:58.570000,2026-04-28 07:07:58.570000,13.26827335357666
2026-04-28 07:07:58.768977,2026-04-28 07:07:58.768977,13.211626052856444
2026-04-28 07:07:58.974749,2026-04-28 07:07:58.974749,13.16347599029541
2026-04-28 07:07:59.170292,2026-04-28 07:07:59.170292,13.12254810333252
2026-04-28 07:07:59.371949,2026-04-28 07:07:59.371949,13.087759971618652
2026-04-28 07:07:59.568876,2026-04-28 07:07:59.568876,13.233970642089844
2026-04-28 07:07:59.771370,2026-04-28 07:07:59.771370,13.18246841430664
2026-04-28 07:07:59.969007,2026-04-28 07:07:59.969007,13.314473152160645
2026-04-28 07:08:00.180889,2026-04-28 07:08:00.180889,13.250896453857422
2026-04-28 07:08:00.370545,2026-04-28 07:08:00.370545,13.196855545043944
2026-04-28 07:08:00.580360,2026-04-28 07:08:00.580360,13.150920867919922
2026-04-28 07:08:00.770130,2026-04-28 07:08:00.770130,13.111876487731934
2026-04-28 07:08:00.968397,2026-04-28 07:08:00.968397,13.078688621520996
2026-04-28 07:08:01.169884,2026-04-28 07:08:01.169884,13.0504789352417
2026-04-28 07:08:01.370688,2026-04-28 07:08:01.370688,13.026500701904297
2026-04-28 07:08:01.571187,2026-04-28 07:08:01.571187,13.00611972808838
2026-04-28 07:08:01.768403,2026-04-28 07:08:01.768403,12.988795280456545
2026-04-28 07:08:01.968383,2026-04-28 07:08:01.968383,12.974069595336914
2026-04-28 07:08:02.169929,2026-04-28 07:08:02.169929,12.961553573608398
2026-04-28 07:08:02.387312,2026-04-28 07:08:02.387312,12.95091438293457
2026-04-28 07:08:02.573043,2026-04-28 07:08:02.573043,12.76608943939209
2026-04-28 07:08:02.769563,2026-04-28 07:08:02.769563,12.608988761901855
2026-04-28 07:08:02.968423,2026-04-28 07:08:02.968423,12.475452423095703
2026-04-28 07:08:03.170635,2026-04-28 07:08:03.170635,12.361947059631348
2026-04-28 07:08:03.373202,2026-04-28 07:08:03.373202,12.265467643737791
2026-04-28 07:08:03.569836,2026-04-28 07:08:03.569836,12.183460235595703
2026-04-28 07:08:03.771925,2026-04-28 07:08:03.771925,12.28953456878662
2026-04-28 07:08:03.971099,2026-04-28 07:08:03.971099,12.379698753356934
2026-04-28 07:08:04.168617,2026-04-28 07:08:04.168617,12.456336975097656
2026-04-28 07:08:04.368561,2026-04-28 07:08:04.368561,12.521480560302734
2026-04-28 07:08:04.568522,2026-04-28 07:08:04.568522,12.576851844787598
2026-04-28 07:08:04.768498,2026-04-28 07:08:04.768498,12.623918533325195
2026-04-28 07:08:04.971907,2026-04-28 07:08:04.971907,12.66392421722412
2026-04-28 07:08:05.172109,2026-04-28 07:08:05.172109,12.52214813232422
2026-04-28 07:08:05.369220,2026-04-28 07:08:05.369220,12.40163803100586
2026-04-28 07:08:05.569059,2026-04-28 07:08:05.569059,12.29920482635498
2026-04-28 07:08:05.768514,2026-04-28 07:08:05.768514,12.21213722229004
2026-04-28 07:08:05.976172,2026-04-28 07:08:05.976172,12.138129234313965
2026-04-28 07:08:06.168843,2026-04-28 07:08:06.168843,12.07522201538086
2026-04-28 07:08:06.368489,2026-04-28 07:08:06.368489,12.021751403808594
2026-04-28 07:08:06.569820,2026-04-28 07:08:06.569820,11.976301193237305
2026-04-28 07:08:06.770978,2026-04-28 07:08:06.770978,14.047043800354004
2026-04-28 07:08:06.969352,2026-04-28 07:08:06.969352,15.807174682617188
2026-04-28 07:08:07.169914,2026-04-28 07:08:07.169914,17.303285598754883
2026-04-28 07:08:07.370419,2026-04-28 07:08:07.370419,18.57497978210449
2026-04-28 07:08:07.574322,2026-04-28 07:08:07.574322,19.655920028686523
2026-04-28 07:08:07.769624,2026-04-28 07:08:07.769624,20.57472038269043
2026-04-28 07:08:07.969064,2026-04-28 07:08:07.969064,21.35569953918457
2026-04-28 07:08:08.173155,2026-04-28 07:08:08.173155,22.01953125
2026-04-28 07:08:08.371208,2026-04-28 07:08:08.371208,22.583789825439453
2026-04-28 07:08:08.568965,2026-04-28 07:08:08.568965,23.23919105529785
2026-04-28 07:08:08.769063,2026-04-28 07:08:08.769063,23.79627990722656
2026-04-28 07:08:08.972231,2026-04-28 07:08:08.972231,24.26980781555176
2026-04-28 07:08:09.171291,2026-04-28 07:08:09.171291,24.672304153442383
2026-04-28 07:08:09.373530,2026-04-28 07:08:09.373530,24.838645935058597
2026-04-28 07:08:09.572801,2026-04-28 07:08:09.572801,25.155818939208984
2026-04-28 07:08:09.771188,2026-04-28 07:08:09.771188,25.4254150390625
2026-04-28 07:08:09.969445,2026-04-28 07:08:09.969445,25.654571533203125
2026-04-28 07:08:10.170136,2026-04-28 07:08:10.170136,25.849353790283203
2026-04-28 07:08:10.373671,2026-04-28 07:08:10.373671,26.01491928100586
2026-04-28 07:08:10.570262,2026-04-28 07:08:10.570262,25.979869842529297
2026-04-28 07:08:10.772709,2026-04-28 07:08:10.772709,25.95007705688477
2026-04-28 07:08:10.970950,2026-04-28 07:08:10.970950,25.924753189086918
2026-04-28 07:08:11.170687,2026-04-28 07:08:11.170687,25.903226852416992
2026-04-28 07:08:11.371334,2026-04-28 07:08:11.371334,25.884929656982425
2026-04-28 07:08:11.571938,2026-04-28 07:08:11.571938,25.6935977935791
2026-04-28 07:08:11.768359,2026-04-28 07:08:11.768359,25.70674514770508
2026-04-28 07:08:11.970512,2026-04-28 07:08:11.970512,25.542139053344727
2026-04-28 07:08:12.171163,2026-04-28 07:08:12.171163,25.40222549438477
2026-04-28 07:08:12.378107,2026-04-28 07:08:12.378107,25.283296585083008
2026-04-28 07:08:12.569346,2026-04-28 07:08:12.569346,25.182209014892575
2026-04-28 07:08:12.773900,2026-04-28 07:08:12.773900,25.096284866333008
2026-04-28 07:08:12.970468,2026-04-28 07:08:12.970468,25.02324676513672
2026-04-28 07:08:13.171261,2026-04-28 07:08:13.171261,24.961166381835938
2026-04-28 07:08:13.371834,2026-04-28 07:08:13.371834,24.908397674560547
2026-04-28 07:08:13.568598,2026-04-28 07:08:13.568598,24.863544464111328
2026-04-28 07:08:13.774366,2026-04-28 07:08:13.774366,24.82541847229004
2026-04-28 07:08:13.973785,2026-04-28 07:08:13.973785,24.793012619018555
2026-04-28 07:08:14.170345,2026-04-28 07:08:14.170345,24.76546669006348
2026-04-28 07:08:14.368828,2026-04-28 07:08:14.368828,24.566272735595703
2026-04-28 07:08:14.571772,2026-04-28 07:08:14.571772,24.396955490112305
2026-04-28 07:08:14.771013,2026-04-28 07:08:14.771013,24.25303840637207
2026-04-28 07:08:14.968930,2026-04-28 07:08:14.968930,24.13070678710937
2026-04-28 07:08:15.170710,2026-04-28 07:08:15.170710,24.02672576904297
2026-04-28 07:08:15.369007,2026-04-28 07:08:15.369007,23.93834114074707
2026-04-28 07:08:15.573178,2026-04-28 07:08:15.573178,23.863216400146484
2026-04-28 07:08:15.769239,2026-04-28 07:08:15.769239,23.79935836791992
2026-04-28 07:08:15.968350,2026-04-28 07:08:15.968350,23.745079040527344
2026-04-28 07:08:16.169849,2026-04-28 07:08:16.169849,23.69894218444824
2026-04-28 07:08:16.368545,2026-04-28 07:08:16.368545,23.659727096557617
2026-04-28 07:08:16.576621,2026-04-28 07:08:16.576621,23.626392364501957
2026-04-28 07:08:16.769790,2026-04-28 07:08:16.769790,23.598058700561523
2026-04-28 07:08:16.968597,2026-04-28 07:08:16.968597,23.573974609375
2026-04-28 07:08:17.170739,2026-04-28 07:08:17.170739,23.553503036499023
2026-04-28 07:08:17.368798,2026-04-28 07:08:17.368798,23.536102294921875
2026-04-28 07:08:17.573152,2026-04-28 07:08:17.573152,23.345531463623047
2026-04-28 07:08:17.770969,2026-04-28 07:08:17.770969,23.18354606628418
2026-04-28 07:08:17.976074,2026-04-28 07:08:17.976074,23.04585647583008
2026-04-28 07:08:18.169467,2026-04-28 07:08:18.169467,22.928821563720703
2026-04-28 07:08:18.368955,2026-04-28 07:08:18.368955,23.00512313842773
2026-04-28 07:08:18.571197,2026-04-28 07:08:18.571197,23.06998062133789
2026-04-28 07:08:18.771825,2026-04-28 07:08:18.771825,23.12510871887207
2026-04-28 07:08:18.968547,2026-04-28 07:08:18.968547,23.17196655273437
2026-04-28 07:08:19.170036,2026-04-28 07:08:19.170036,23.2117977142334
2026-04-28 07:08:19.368567,2026-04-28 07:08:19.368567,23.24565315246582
2026-04-28 07:08:19.568787,2026-04-28 07:08:19.568787,23.274429321289062
2026-04-28 07:08:19.771783,2026-04-28 07:08:19.771783,23.298891067504883
2026-04-28 07:08:19.968539,2026-04-28 07:08:19.968539,23.31968116760254
2026-04-28 07:08:20.168833,2026-04-28 07:08:20.168833,23.33735466003418
2026-04-28 07:08:20.371529,2026-04-28 07:08:20.371529,23.35237693786621
2026-04-28 07:08:20.568991,2026-04-28 07:08:20.568991,23.365144729614254
2026-04-28 07:08:20.768512,2026-04-28 07:08:20.768512,23.55177879333496
2026-04-28 07:08:20.970587,2026-04-28 07:08:20.970587,23.710418701171875
2026-04-28 07:08:21.170274,2026-04-28 07:08:21.170274,23.84526252746582
2026-04-28 07:08:21.368538,2026-04-28 07:08:21.368538,23.95987892150879
2026-04-28 07:08:21.570671,2026-04-28 07:08:21.570671,24.05730438232422
2026-04-28 07:08:21.770079,2026-04-28 07:08:21.770079,24.140113830566406
2026-04-28 07:08:21.970134,2026-04-28 07:08:21.970134,24.21050262451172
2026-04-28 07:08:22.172484,2026-04-28 07:08:22.172484,24.27033424377441
2026-04-28 07:08:22.373915,2026-04-28 07:08:22.373915,24.321189880371094
2026-04-28 07:08:22.569116,2026-04-28 07:08:22.569116,24.36441802978516
2026-04-28 07:08:22.769439,2026-04-28 07:08:22.769439,24.401161193847656
2026-04-28 07:08:22.969550,2026-04-28 07:08:22.969550,24.43239402770996
2026-04-28 07:08:23.169267,2026-04-28 07:08:23.169267,24.458940505981445
2026-04-28 07:08:36.272030,2026-04-28 07:08:36.272030,24.48150634765625
2026-04-28 07:08:36.471829,2026-04-28 07:08:36.471829,24.50068664550781
2026-04-28 07:08:36.673999,2026-04-28 07:08:36.673999,24.51698875427246
2026-04-28 07:08:36.869329,2026-04-28 07:08:36.869329,24.53084754943848
2026-04-28 07:08:37.072545,2026-04-28 07:08:37.072545,24.542627334594727
2026-04-28 07:08:37.268421,2026-04-28 07:08:37.268421,24.55263900756836
2026-04-28 07:08:37.473841,2026-04-28 07:08:37.473841,24.56114959716797
2026-04-28 07:08:37.669663,2026-04-28 07:08:37.669663,24.568382263183597
2026-04-28 07:08:37.872102,2026-04-28 07:08:37.872102,24.57453155517578
2026-04-28 07:08:38.069572,2026-04-28 07:08:38.069572,24.579757690429688
2026-04-28 07:08:38.270606,2026-04-28 07:08:38.270606,24.584199905395508
2026-04-28 07:08:38.468910,2026-04-28 07:08:38.468910,24.58797645568848
2026-04-28 07:08:38.671109,2026-04-28 07:08:38.671109,24.5911865234375
2026-04-28 07:08:38.868438,2026-04-28 07:08:38.868438,24.593914031982425
2026-04-28 07:08:39.068911,2026-04-28 07:08:39.068911,24.59623336791992
2026-04-28 07:08:39.268418,2026-04-28 07:08:39.268418,24.59820556640625
2026-04-28 07:08:39.468774,2026-04-28 07:08:39.468774,24.59988021850586
2026-04-28 07:08:39.669575,2026-04-28 07:08:39.669575,24.60130500793457
2026-04-28 07:08:39.869723,2026-04-28 07:08:39.869723,24.426734924316406
2026-04-28 07:08:40.071472,2026-04-28 07:08:40.071472,24.27834892272949
2026-04-28 07:08:40.268531,2026-04-28 07:08:40.268531,23.8006591796875
2026-04-28 07:08:40.469789,2026-04-28 07:08:40.469789,23.21884155273437
2026-04-28 07:08:40.668776,2026-04-28 07:08:40.668776,22.72429656982422
2026-04-28 07:08:40.868912,2026-04-28 07:08:40.868912,22.30393409729004
2026-04-28 07:08:41.070150,2026-04-28 07:08:41.070150,21.94662475585937
2026-04-28 07:08:41.270984,2026-04-28 07:08:41.270984,21.642911911010746
2026-04-28 07:08:41.471484,2026-04-28 07:08:41.471484,21.38475608825684
2026-04-28 07:08:41.668751,2026-04-28 07:08:41.668751,21.16532516479492
2026-04-28 07:08:41.870584,2026-04-28 07:08:41.870584,20.97880744934082
2026-04-28 07:08:42.069329,2026-04-28 07:08:42.069329,20.82026672363281
2026-04-28 07:08:42.268625,2026-04-28 07:08:42.268625,20.685508728027344
2026-04-28 07:08:42.468490,2026-04-28 07:08:42.468490,20.57096290588379
2026-04-28 07:08:42.669281,2026-04-28 07:08:42.669281,20.47360038757324
2026-04-28 07:08:42.869601,2026-04-28 07:08:42.869601,20.390840530395508
2026-04-28 07:08:43.071151,2026-04-28 07:08:43.071151,20.32049560546875
2026-04-28 07:08:43.269113,2026-04-28 07:08:43.269113,20.260704040527344
2026-04-28 07:08:43.470218,2026-04-28 07:08:43.470218,20.20987892150879
2026-04-28 07:08:43.668793,2026-04-28 07:08:43.668793,20.166677474975582
2026-04-28 07:08:43.869204,2026-04-28 07:08:43.869204,20.12995719909668
2026-04-28 07:08:44.069062,2026-04-28 07:08:44.069062,20.098745346069336
2026-04-28 07:08:44.269692,2026-04-28 07:08:44.269692,20.072214126586918
2026-04-28 07:08:44.468961,2026-04-28 07:08:44.468961,20.04966354370117
2026-04-28 07:08:44.673025,2026-04-28 07:08:44.673025,20.030494689941406
2026-04-28 07:08:44.875885,2026-04-28 07:08:44.875885,20.01420211791992
2026-04-28 07:08:45.071519,2026-04-28 07:08:45.071519,19.82457160949707
2026-04-28 07:08:45.272200,2026-04-28 07:08:45.272200,19.66338539123535
2026-04-28 07:08:45.474910,2026-04-28 07:08:45.474910,19.5263786315918
2026-04-28 07:08:45.672470,2026-04-28 07:08:45.672470,19.409921646118164
2026-04-28 07:08:45.870444,2026-04-28 07:08:45.870444,19.31093406677246
2026-04-28 07:08:46.070489,2026-04-28 07:08:46.070489,19.22679328918457
2026-04-28 07:08:46.271419,2026-04-28 07:08:46.271419,19.1552734375
2026-04-28 07:08:46.469905,2026-04-28 07:08:46.469905,19.094482421875
2026-04-28 07:08:46.671944,2026-04-28 07:08:46.671944,19.04281044006348
2026-04-28 07:08:46.870699,2026-04-28 07:08:46.870699,18.998889923095703
2026-04-28 07:08:47.068646,2026-04-28 07:08:47.068646,19.13733673095703
2026-04-28 07:08:47.272284,2026-04-28 07:08:47.272284,19.25501823425293
2026-04-28 07:08:47.471266,2026-04-28 07:08:47.471266,19.35504722595215
2026-04-28 07:08:47.683273,2026-04-28 07:08:47.683273,19.44007110595703
2026-04-28 07:08:47.869144,2026-04-28 07:08:47.869144,19.512340545654297
2026-04-28 07:08:48.071848,2026-04-28 07:08:48.071848,19.57377052307129
2026-04-28 07:08:48.270339,2026-04-28 07:08:48.270339,19.625986099243164
2026-04-28 07:08:48.468813,2026-04-28 07:08:48.468813,19.67037010192871
2026-04-28 07:08:48.669565,2026-04-28 07:08:48.669565,19.70809555053711
2026-04-28 07:08:48.870942,2026-04-28 07:08:48.870942,19.740161895751957
2026-04-28 07:08:49.072727,2026-04-28 07:08:49.072727,19.76741981506348
2026-04-28 07:08:49.275574,2026-04-28 07:08:49.275574,19.96636962890625
2026-04-28 07:08:49.478564,2026-04-28 07:08:49.478564,20.13547706604004
2026-04-28 07:08:49.672027,2026-04-28 07:08:49.672027,20.279216766357425
2026-04-28 07:08:49.872590,2026-04-28 07:08:49.872590,20.401397705078125
2026-04-28 07:08:50.069991,2026-04-28 07:08:50.069991,20.681032180786133
2026-04-28 07:08:50.286591,2026-04-28 07:08:50.286591,20.918720245361328
2026-04-28 07:08:50.472085,2026-04-28 07:08:50.472085,21.120756149291992
2026-04-28 07:08:50.669244,2026-04-28 07:08:50.669244,21.2924861907959
2026-04-28 07:08:50.872310,2026-04-28 07:08:50.872310,21.614238739013672
2026-04-28 07:08:51.072688,2026-04-28 07:08:51.072688,21.88772773742676
2026-04-28 07:08:51.271243,2026-04-28 07:08:51.271243,22.120193481445312
2026-04-28 07:08:51.473062,2026-04-28 07:08:51.473062,22.31778907775879
2026-04-28 07:08:51.680104,2026-04-28 07:08:51.680104,22.485746383666992
2026-04-28 07:08:51.870772,2026-04-28 07:08:51.870772,22.80429077148437
2026-04-28 07:08:52.069247,2026-04-28 07:08:52.069247,23.07505226135254
2026-04-28 07:08:52.272063,2026-04-28 07:08:52.272063,23.305200576782227
2026-04-28 07:08:52.469579,2026-04-28 07:08:52.469579,23.50082778930664
2026-04-28 07:08:52.671762,2026-04-28 07:08:52.671762,23.842891693115234
2026-04-28 07:08:52.869378,2026-04-28 07:08:52.869378,24.133644104003903
2026-04-28 07:08:53.068898,2026-04-28 07:08:53.068898,24.38078498840332
2026-04-28 07:08:53.271998,2026-04-28 07:08:53.271998,24.59085464477539
2026-04-28 07:08:53.478874,2026-04-28 07:08:53.478874,24.7694149017334
2026-04-28 07:08:53.671649,2026-04-28 07:08:53.671649,24.92119026184082
2026-04-28 07:08:53.880946,2026-04-28 07:08:53.880946,25.050199508666992
2026-04-28 07:08:54.068851,2026-04-28 07:08:54.068851,25.15985679626465
2026-04-28 07:08:54.270978,2026-04-28 07:08:54.270978,25.25306510925293
2026-04-28 07:08:54.478542,2026-04-28 07:08:54.478542,25.33229255676269
2026-04-28 07:08:54.671648,2026-04-28 07:08:54.671648,25.39963722229004
2026-04-28 07:08:54.873348,2026-04-28 07:08:54.873348,25.45687866210937
2026-04-28 07:08:55.073034,2026-04-28 07:08:55.073034,25.505535125732425
2026-04-28 07:08:55.272101,2026-04-28 07:08:55.272101,25.54689216613769
2026-04-28 07:08:55.474627,2026-04-28 07:08:55.474627,25.58204460144043
2026-04-28 07:08:55.679080,2026-04-28 07:08:55.679080,25.611927032470703
2026-04-28 07:08:55.882802,2026-04-28 07:08:55.882802,25.637325286865234
2026-04-28 07:08:56.080428,2026-04-28 07:08:56.080428,25.658912658691406
2026-04-28 07:08:56.279236,2026-04-28 07:08:56.279236,25.67726325988769
2026-04-28 07:08:56.479265,2026-04-28 07:08:56.479265,25.69286155700684
2026-04-28 07:08:56.678436,2026-04-28 07:08:56.678436,25.70611953735352
2026-04-28 07:08:56.879223,2026-04-28 07:08:56.879223,25.717390060424805
2026-04-28 07:08:57.070410,2026-04-28 07:08:57.070410,25.72696876525879
2026-04-28 07:08:57.280329,2026-04-28 07:08:57.280329,25.735111236572266
2026-04-28 07:08:57.469279,2026-04-28 07:08:57.469279,25.74203109741211
2026-04-28 07:08:57.672978,2026-04-28 07:08:57.672978,25.747915267944336
2026-04-28 07:08:57.880893,2026-04-28 07:08:57.880893,25.752914428710938
2026-04-28 07:08:58.080925,2026-04-28 07:08:58.080925,25.75716590881348
2026-04-28 07:08:58.269910,2026-04-28 07:08:58.269910,25.760778427124023
2026-04-28 07:08:58.473341,2026-04-28 07:08:58.473341,25.76384925842285
2026-04-28 07:08:58.668576,2026-04-28 07:08:58.668576,25.76645851135254
2026-04-28 07:08:58.881474,2026-04-28 07:08:58.881474,25.7686767578125
2026-04-28 07:08:59.072451,2026-04-28 07:08:59.072451,25.77056312561035
2026-04-28 07:08:59.286609,2026-04-28 07:08:59.286609,25.596385955810547
2026-04-28 07:08:59.481066,2026-04-28 07:08:59.481066,25.44833374023437
2026-04-28 07:08:59.681758,2026-04-28 07:08:59.681758,25.322490692138672
2026-04-28 07:08:59.881026,2026-04-28 07:08:59.881026,25.21552276611328
2026-04-28 07:09:00.071083,2026-04-28 07:09:00.071083,25.300382614135746
2026-04-28 07:09:00.280733,2026-04-28 07:09:00.280733,25.37251281738281
2026-04-28 07:09:00.479014,2026-04-28 07:09:00.479014,25.433822631835938
2026-04-28 07:09:00.674335,2026-04-28 07:09:00.674335,25.485937118530277
2026-04-28 07:09:00.868359,2026-04-28 07:09:00.868359,25.53023338317871
2026-04-28 07:09:01.079272,2026-04-28 07:09:01.079272,25.567886352539062
2026-04-28 07:09:01.271156,2026-04-28 07:09:01.271156,25.599891662597656
2026-04-28 07:09:01.472606,2026-04-28 07:09:01.472606,25.627094268798828
2026-04-28 07:09:14.582479,2026-04-28 07:09:14.582479,25.65021705627441
2026-04-28 07:09:14.769833,2026-04-28 07:09:14.769833,25.669872283935547
2026-04-28 07:09:14.970225,2026-04-28 07:09:14.970225,25.68657875061035
2026-04-28 07:09:15.179891,2026-04-28 07:09:15.179891,25.700780868530277
2026-04-28 07:09:15.372198,2026-04-28 07:09:15.372198,25.71285057067871
2026-04-28 07:09:15.579512,2026-04-28 07:09:15.579512,25.72311019897461
2026-04-28 07:09:15.782580,2026-04-28 07:09:15.782580,25.731830596923828
2026-04-28 07:09:15.979604,2026-04-28 07:09:15.979604,25.73924446105957
2026-04-28 07:09:16.169513,2026-04-28 07:09:16.169513,25.74554443359375
2026-04-28 07:09:16.379962,2026-04-28 07:09:16.379962,25.750900268554688
2026-04-28 07:09:16.578468,2026-04-28 07:09:16.578468,25.75545310974121
2026-04-28 07:09:16.781040,2026-04-28 07:09:16.781040,25.759323120117188
2026-04-28 07:09:16.980965,2026-04-28 07:09:16.980965,24.35636138916016
2026-04-28 07:09:17.176215,2026-04-28 07:09:17.176215,23.16384506225586
2026-04-28 07:09:17.379584,2026-04-28 07:09:17.379584,23.556455612182617
2026-04-28 07:09:17.574292,2026-04-28 07:09:17.574292,22.483924865722656
2026-04-28 07:09:17.784756,2026-04-28 07:09:17.784756,21.57227325439453
2026-04-28 07:09:17.984222,2026-04-28 07:09:17.984222,20.79737091064453
2026-04-28 07:09:18.179281,2026-04-28 07:09:18.179281,20.138702392578125
2026-04-28 07:09:18.379028,2026-04-28 07:09:18.379028,19.578834533691406
2026-04-28 07:09:18.578419,2026-04-28 07:09:18.578419,18.927165985107425
2026-04-28 07:09:18.778407,2026-04-28 07:09:18.778407,18.373247146606445
2026-04-28 07:09:18.983063,2026-04-28 07:09:18.983063,17.902416229248047
2026-04-28 07:09:19.179738,2026-04-28 07:09:19.179738,17.50221061706543
2026-04-28 07:09:19.380965,2026-04-28 07:09:19.380965,17.16203498840332
2026-04-28 07:09:19.583279,2026-04-28 07:09:19.583279,16.872886657714844
2026-04-28 07:09:19.779716,2026-04-28 07:09:19.779716,16.62710952758789
2026-04-28 07:09:19.979431,2026-04-28 07:09:19.979431,16.24241828918457
2026-04-28 07:09:20.180611,2026-04-28 07:09:20.180611,16.091211318969727
2026-04-28 07:09:20.378494,2026-04-28 07:09:20.378494,15.962685585021973
2026-04-28 07:09:20.581806,2026-04-28 07:09:20.581806,15.853439331054688
2026-04-28 07:09:20.780783,2026-04-28 07:09:20.780783,15.760580062866213
2026-04-28 07:09:20.978406,2026-04-28 07:09:20.978406,15.681649208068848
2026-04-28 07:09:21.178741,2026-04-28 07:09:21.178741,14.735651969909668
2026-04-28 07:09:21.380884,2026-04-28 07:09:21.380884,13.931553840637209
2026-04-28 07:09:21.578477,2026-04-28 07:09:21.578477,13.24807071685791
2026-04-28 07:09:21.779032,2026-04-28 07:09:21.779032,12.667110443115234
2026-04-28 07:09:21.979537,2026-04-28 07:09:21.979537,12.173294067382812
2026-04-28 07:09:22.185102,2026-04-28 07:09:22.185102,11.753549575805664
2026-04-28 07:09:22.389868,2026-04-28 07:09:22.389868,12.627236366271973
2026-04-28 07:09:22.580039,2026-04-28 07:09:22.580039,12.139400482177734
2026-04-28 07:09:22.772972,2026-04-28 07:09:22.772972,11.724740028381348
2026-04-28 07:09:22.983865,2026-04-28 07:09:22.983865,11.372279167175291
2026-04-28 07:09:23.180130,2026-04-28 07:09:23.180130,11.072687149047852
2026-04-28 07:09:23.382672,2026-04-28 07:09:23.382672,10.818034172058104
2026-04-28 07:09:23.583210,2026-04-28 07:09:23.583210,10.601579666137695
2026-04-28 07:09:23.783071,2026-04-28 07:09:23.783071,10.41759204864502
2026-04-28 07:09:23.981359,2026-04-28 07:09:23.981359,10.26120376586914
2026-04-28 07:09:24.178249,2026-04-28 07:09:24.178249,9.952491760253906
2026-04-28 07:09:24.382470,2026-04-28 07:09:24.382470,9.690086364746094
2026-04-28 07:09:24.582082,2026-04-28 07:09:24.582082,9.467041969299316
2026-04-28 07:09:24.775333,2026-04-28 07:09:24.775333,9.277454376220703
2026-04-28 07:09:24.970126,2026-04-28 07:09:24.970126,9.116305351257324
2026-04-28 07:09:25.180284,2026-04-28 07:09:25.180284,8.979328155517578
2026-04-28 07:09:25.370597,2026-04-28 07:09:25.370597,8.862897872924805
2026-04-28 07:09:25.579406,2026-04-28 07:09:25.579406,8.763932228088379
2026-04-28 07:09:25.775394,2026-04-28 07:09:25.775394,8.679810523986816
2026-04-28 07:09:25.979772,2026-04-28 07:09:25.979772,8.608307838439941
2026-04-28 07:09:26.171931,2026-04-28 07:09:26.171931,8.547530174255371
2026-04-28 07:09:26.369641,2026-04-28 07:09:26.369641,8.495869636535645
2026-04-28 07:09:26.571857,2026-04-28 07:09:26.571857,8.451957702636719
2026-04-28 07:09:26.784421,2026-04-28 07:09:26.784421,9.996664047241213
2026-04-28 07:09:26.981159,2026-04-28 07:09:26.981159,11.309664726257324
2026-04-28 07:09:27.170514,2026-04-28 07:09:27.170514,12.425714492797852
2026-04-28 07:09:27.380196,2026-04-28 07:09:27.380196,13.37435817718506
2026-04-28 07:09:27.579312,2026-04-28 07:09:27.579312,14.180704116821287
2026-04-28 07:09:27.778753,2026-04-28 07:09:27.778753,14.866098403930664
2026-04-28 07:09:27.969613,2026-04-28 07:09:27.969613,15.448683738708496
2026-04-28 07:09:28.179570,2026-04-28 07:09:28.179570,15.943881034851074
2026-04-28 07:09:28.382176,2026-04-28 07:09:28.382176,16.36479949951172
2026-04-28 07:09:28.582538,2026-04-28 07:09:28.582538,16.722579956054688
2026-04-28 07:09:28.778896,2026-04-28 07:09:28.778896,17.026691436767578
2026-04-28 07:09:28.970882,2026-04-28 07:09:28.970882,17.285188674926758
2026-04-28 07:09:29.182296,2026-04-28 07:09:29.182296,17.50490951538086
2026-04-28 07:09:29.375330,2026-04-28 07:09:29.375330,17.691673278808594
2026-04-28 07:09:29.586073,2026-04-28 07:09:29.586073,17.850421905517578
2026-04-28 07:09:29.789599,2026-04-28 07:09:29.789599,17.98535919189453
2026-04-28 07:09:29.971566,2026-04-28 07:09:29.971566,18.10005569458008
2026-04-28 07:09:30.173630,2026-04-28 07:09:30.173630,18.021766662597656
2026-04-28 07:09:30.381900,2026-04-28 07:09:30.381900,18.131000518798828
2026-04-28 07:09:30.578692,2026-04-28 07:09:30.578692,18.04806900024414
2026-04-28 07:09:30.781324,2026-04-28 07:09:30.781324,18.153358459472656
2026-04-28 07:09:30.983294,2026-04-28 07:09:30.983294,18.242855072021484
2026-04-28 07:09:31.183386,2026-04-28 07:09:31.183386,18.143146514892575
2026-04-28 07:09:31.373180,2026-04-28 07:09:31.373180,18.058393478393555
2026-04-28 07:09:31.580705,2026-04-28 07:09:31.580705,17.986352920532227
2026-04-28 07:09:31.783864,2026-04-28 07:09:31.783864,17.92511749267578
2026-04-28 07:09:31.980218,2026-04-28 07:09:31.980218,17.873069763183594
2026-04-28 07:09:32.179560,2026-04-28 07:09:32.179560,17.828826904296875
2026-04-28 07:09:32.380141,2026-04-28 07:09:32.380141,17.791221618652344
2026-04-28 07:09:32.578750,2026-04-28 07:09:32.578750,17.759258270263672
2026-04-28 07:09:32.773396,2026-04-28 07:09:32.773396,17.556306838989258
2026-04-28 07:09:32.973251,2026-04-28 07:09:32.973251,17.383798599243164
2026-04-28 07:09:33.178634,2026-04-28 07:09:33.178634,17.412946701049805
2026-04-28 07:09:33.378526,2026-04-28 07:09:33.378526,17.26194190979004
2026-04-28 07:09:33.578481,2026-04-28 07:09:33.578481,17.309370040893555
2026-04-28 07:09:33.779274,2026-04-28 07:09:33.779274,17.52546501159668
2026-04-28 07:09:33.980033,2026-04-28 07:09:33.980033,17.884925842285156
2026-04-28 07:09:34.182201,2026-04-28 07:09:34.182201,18.366249084472656
2026-04-28 07:09:34.379800,2026-04-28 07:09:34.379800,18.599594116210938
2026-04-28 07:09:34.580573,2026-04-28 07:09:34.580573,18.797935485839844
2026-04-28 07:09:34.794365,2026-04-28 07:09:34.794365,19.14230728149414
2026-04-28 07:09:34.980307,2026-04-28 07:09:34.980307,19.43502426147461
2026-04-28 07:09:35.178503,2026-04-28 07:09:35.178503,19.6838321685791
2026-04-28 07:09:35.379052,2026-04-28 07:09:35.379052,19.895320892333984
2026-04-28 07:09:35.580534,2026-04-28 07:09:35.580534,20.075084686279297
2026-04-28 07:09:35.780641,2026-04-28 07:09:35.780641,20.22788429260254
2026-04-28 07:09:35.978645,2026-04-28 07:09:35.978645,20.533546447753903
2026-04-28 07:09:36.178599,2026-04-28 07:09:36.178599,20.793357849121094
2026-04-28 07:09:36.370136,2026-04-28 07:09:36.370136,21.014198303222656
2026-04-28 07:09:36.579585,2026-04-28 07:09:36.579585,21.37769317626953
2026-04-28 07:09:36.780498,2026-04-28 07:09:36.780498,21.686664581298828
2026-04-28 07:09:36.980895,2026-04-28 07:09:36.980895,21.94928932189941
2026-04-28 07:09:37.179818,2026-04-28 07:09:37.179818,22.172521591186523
2026-04-28 07:09:37.378396,2026-04-28 07:09:37.378396,22.362268447875977
2026-04-28 07:09:37.578415,2026-04-28 07:09:37.578415,22.52355194091797
2026-04-28 07:09:37.781940,2026-04-28 07:09:37.781940,22.66064453125
2026-04-28 07:09:37.980792,2026-04-28 07:09:37.980792,22.77717399597168
2026-04-28 07:09:38.178570,2026-04-28 07:09:38.178570,22.876222610473636
2026-04-28 07:09:38.380356,2026-04-28 07:09:38.380356,22.960412979125977
2026-04-28 07:09:38.580378,2026-04-28 07:09:38.580378,23.0319766998291
2026-04-28 07:09:38.778461,2026-04-28 07:09:38.778461,23.26858711242676
2026-04-28 07:09:38.971810,2026-04-28 07:09:38.971810,23.46970558166504
2026-04-28 07:09:39.178979,2026-04-28 07:09:39.178979,23.464874267578125
2026-04-28 07:09:39.378775,2026-04-28 07:09:39.378775,23.63654899597168
2026-04-28 07:09:39.583408,2026-04-28 07:09:39.583408,23.782472610473636
2026-04-28 07:09:39.783162,2026-04-28 07:09:39.783162,23.90650749206543
2026-04-28 07:09:52.878653,2026-04-28 07:09:52.878653,24.011938095092773
2026-04-28 07:09:53.078373,2026-04-28 07:09:53.078373,24.10155296325684
2026-04-28 07:09:53.282620,2026-04-28 07:09:53.282620,24.17772674560547
2026-04-28 07:09:53.479890,2026-04-28 07:09:53.479890,24.24247360229492
2026-04-28 07:09:53.678620,2026-04-28 07:09:53.678620,24.297510147094727
2026-04-28 07:09:53.881015,2026-04-28 07:09:53.881015,24.34428977966309
2026-04-28 07:09:54.083301,2026-04-28 07:09:54.083301,24.384052276611328
2026-04-28 07:09:54.278909,2026-04-28 07:09:54.278909,24.59363174438477
2026-04-28 07:09:54.480614,2026-04-28 07:09:54.480614,24.771774291992188
2026-04-28 07:09:54.681299,2026-04-28 07:09:54.681299,24.923194885253903
2026-04-28 07:09:54.880990,2026-04-28 07:09:54.880990,25.051904678344727
2026-04-28 07:09:55.081180,2026-04-28 07:09:55.081180,25.161306381225582
2026-04-28 07:09:55.281137,2026-04-28 07:09:55.281137,25.254297256469727
2026-04-28 07:09:55.479425,2026-04-28 07:09:55.479425,25.33333969116211
2026-04-28 07:09:55.678538,2026-04-28 07:09:55.678538,25.40052604675293
2026-04-28 07:09:55.884570,2026-04-28 07:09:55.884570,25.4576358795166
2026-04-28 07:09:56.079741,2026-04-28 07:09:56.079741,25.50617790222168
2026-04-28 07:09:56.281757,2026-04-28 07:09:56.281757,25.54743766784668
2026-04-28 07:09:56.480781,2026-04-28 07:09:56.480781,25.75829124450684
2026-04-28 07:09:56.681809,2026-04-28 07:09:56.681809,25.93751716613769
2026-04-28 07:09:56.883212,2026-04-28 07:09:56.883212,26.08985710144043
2026-04-28 07:09:57.078859,2026-04-28 07:09:57.078859,26.21934700012207
2026-04-28 07:09:57.280046,2026-04-28 07:09:57.280046,26.32941436767578
2026-04-28 07:09:57.485517,2026-04-28 07:09:57.485517,26.422971725463867
2026-04-28 07:09:57.682142,2026-04-28 07:09:57.682142,26.50249481201172
2026-04-28 07:09:57.881807,2026-04-28 07:09:57.881807,26.57008934020996
2026-04-28 07:09:58.079885,2026-04-28 07:09:58.079885,26.80332565307617
2026-04-28 07:09:58.278926,2026-04-28 07:09:58.278926,27.001577377319336
2026-04-28 07:09:58.478643,2026-04-28 07:09:58.478643,27.170089721679688
2026-04-28 07:09:58.680998,2026-04-28 07:09:58.680998,27.313325881958008
2026-04-28 07:09:58.878477,2026-04-28 07:09:58.878477,27.435077667236328
2026-04-28 07:09:59.079027,2026-04-28 07:09:59.079027,27.53856658935547
2026-04-28 07:09:59.278640,2026-04-28 07:09:59.278640,27.62653160095215
2026-04-28 07:09:59.479202,2026-04-28 07:09:59.479202,27.70130157470703
2026-04-28 07:09:59.678454,2026-04-28 07:09:59.678454,27.764856338500977
2026-04-28 07:09:59.879376,2026-04-28 07:09:59.879376,27.818878173828125
2026-04-28 07:10:00.083426,2026-04-28 07:10:00.083426,27.864795684814453
2026-04-28 07:10:00.279839,2026-04-28 07:10:00.279839,27.90382575988769
2026-04-28 07:10:00.480543,2026-04-28 07:10:00.480543,27.93700218200684
2026-04-28 07:10:00.679417,2026-04-28 07:10:00.679417,27.96520233154297
2026-04-28 07:10:00.878465,2026-04-28 07:10:00.878465,27.989171981811523
2026-04-28 07:10:01.078532,2026-04-28 07:10:01.078532,28.009546279907227
2026-04-28 07:10:01.280268,2026-04-28 07:10:01.280268,28.026865005493164
2026-04-28 07:10:01.479323,2026-04-28 07:10:01.479323,25.404865264892575
2026-04-28 07:10:01.680660,2026-04-28 07:10:01.680660,23.176166534423828
2026-04-28 07:10:01.880312,2026-04-28 07:10:01.880312,23.91849136352539
2026-04-28 07:10:02.083848,2026-04-28 07:10:02.083848,24.549468994140625
2026-04-28 07:10:02.281437,2026-04-28 07:10:02.281437,25.085798263549805
2026-04-28 07:10:02.471621,2026-04-28 07:10:02.471621,25.717458724975582
2026-04-28 07:10:02.679587,2026-04-28 07:10:02.679587,26.078590393066406
2026-04-28 07:10:02.878470,2026-04-28 07:10:02.878470,26.56133270263672
2026-04-28 07:10:03.083411,2026-04-28 07:10:03.083411,26.971664428710938
2026-04-28 07:10:03.280250,2026-04-28 07:10:03.280250,27.320446014404297
2026-04-28 07:10:03.479418,2026-04-28 07:10:03.479418,27.44112968444824
2026-04-28 07:10:03.678896,2026-04-28 07:10:03.678896,27.719491958618164
2026-04-28 07:10:03.880491,2026-04-28 07:10:03.880491,24.967817306518555
2026-04-28 07:10:04.080256,2026-04-28 07:10:04.080256,22.628894805908203
2026-04-28 07:10:04.281551,2026-04-28 07:10:04.281551,20.640810012817383
2026-04-28 07:10:04.479042,2026-04-28 07:10:04.479042,18.9509391784668
2026-04-28 07:10:04.681955,2026-04-28 07:10:04.681955,17.51454734802246
2026-04-28 07:10:04.883742,2026-04-28 07:10:04.883742,16.293615341186523
2026-04-28 07:10:05.076123,2026-04-28 07:10:05.076123,15.255823135375977
2026-04-28 07:10:05.278626,2026-04-28 07:10:05.278626,14.373700141906738
2026-04-28 07:10:05.479210,2026-04-28 07:10:05.479210,13.623894691467283
2026-04-28 07:10:05.678727,2026-04-28 07:10:05.678727,13.162342071533203
2026-04-28 07:10:05.879172,2026-04-28 07:10:05.879172,15.40674114227295
2026-04-28 07:10:06.083131,2026-04-28 07:10:06.083131,17.13869857788086
2026-04-28 07:10:06.279116,2026-04-28 07:10:06.279116,18.610862731933597
2026-04-28 07:10:06.479568,2026-04-28 07:10:06.479568,19.862201690673828
2026-04-28 07:10:06.679338,2026-04-28 07:10:06.679338,18.816465377807617
2026-04-28 07:10:06.879306,2026-04-28 07:10:06.879306,17.927589416503906
2026-04-28 07:10:07.078623,2026-04-28 07:10:07.078623,16.99626350402832
2026-04-28 07:10:07.278430,2026-04-28 07:10:07.278430,16.204635620117188
2026-04-28 07:10:07.480672,2026-04-28 07:10:07.480672,15.531753540039062
2026-04-28 07:10:07.682971,2026-04-28 07:10:07.682971,14.959802627563477
2026-04-28 07:10:07.881115,2026-04-28 07:10:07.881115,14.297863960266112
2026-04-28 07:10:08.079815,2026-04-28 07:10:08.079815,13.735215187072754
2026-04-28 07:10:08.278845,2026-04-28 07:10:08.278845,13.256964683532717
2026-04-28 07:10:08.480818,2026-04-28 07:10:08.480818,12.85045051574707
2026-04-28 07:10:08.678801,2026-04-28 07:10:08.678801,12.50491428375244
2026-04-28 07:10:08.880112,2026-04-28 07:10:08.880112,12.21120834350586
2026-04-28 07:10:09.078806,2026-04-28 07:10:09.078806,11.96155834197998
2026-04-28 07:10:09.279384,2026-04-28 07:10:09.279384,11.573575019836426
2026-04-28 07:10:09.478426,2026-04-28 07:10:09.478426,11.419569969177246
2026-04-28 07:10:09.672837,2026-04-28 07:10:09.672837,11.288665771484377
2026-04-28 07:10:09.878640,2026-04-28 07:10:09.878640,11.177396774291992
2026-04-28 07:10:10.080273,2026-04-28 07:10:10.080273,11.082818984985352
2026-04-28 07:10:10.279126,2026-04-28 07:10:10.279126,11.002427101135254
2026-04-28 07:10:10.480647,2026-04-28 07:10:10.480647,10.934094429016112
2026-04-28 07:10:10.680053,2026-04-28 07:10:10.680053,10.876011848449709
2026-04-28 07:10:10.879195,2026-04-28 07:10:10.879195,10.826641082763672
2026-04-28 07:10:11.079777,2026-04-28 07:10:11.079777,10.784675598144531
2026-04-28 07:10:11.278423,2026-04-28 07:10:11.278423,10.749006271362305
2026-04-28 07:10:11.479055,2026-04-28 07:10:11.479055,10.7186861038208
2026-04-28 07:10:11.678555,2026-04-28 07:10:11.678555,10.692914962768556
2026-04-28 07:10:11.880277,2026-04-28 07:10:11.880277,10.671009063720703
2026-04-28 07:10:12.082422,2026-04-28 07:10:12.082422,10.652388572692873
2026-04-28 07:10:12.279751,2026-04-28 07:10:12.279751,10.636561393737791
2026-04-28 07:10:12.482044,2026-04-28 07:10:12.482044,10.623108863830566
2026-04-28 07:10:12.678775,2026-04-28 07:10:12.678775,10.61167335510254
2026-04-28 07:10:12.880779,2026-04-28 07:10:12.880779,10.601953506469728
2026-04-28 07:10:13.078757,2026-04-28 07:10:13.078757,10.5936918258667
2026-04-28 07:10:13.280468,2026-04-28 07:10:13.280468,10.586668968200684
2026-04-28 07:10:13.487623,2026-04-28 07:10:13.487623,10.580699920654297
2026-04-28 07:10:13.678899,2026-04-28 07:10:13.678899,10.575626373291016
2026-04-28 07:10:13.879053,2026-04-28 07:10:13.879053,10.571313858032228
2026-04-28 07:10:14.080840,2026-04-28 07:10:14.080840,10.56764793395996
2026-04-28 07:10:14.278960,2026-04-28 07:10:14.278960,10.564532279968262
2026-04-28 07:10:14.480589,2026-04-28 07:10:14.480589,10.561882972717283
2026-04-28 07:10:14.679696,2026-04-28 07:10:14.679696,10.559632301330566
2026-04-28 07:10:14.881815,2026-04-28 07:10:14.881815,10.55771827697754
2026-04-28 07:10:15.080319,2026-04-28 07:10:15.080319,10.556092262268066
2026-04-28 07:10:15.280867,2026-04-28 07:10:15.280867,10.554709434509276
2026-04-28 07:10:15.478907,2026-04-28 07:10:15.478907,10.553534507751465
2026-04-28 07:10:15.683473,2026-04-28 07:10:15.683473,10.552535057067873
2026-04-28 07:10:15.882627,2026-04-28 07:10:15.882627,10.55168628692627
2026-04-28 07:10:16.072072,2026-04-28 07:10:16.072072,10.37518310546875
2026-04-28 07:10:16.279195,2026-04-28 07:10:16.279195,10.4009370803833
2026-04-28 07:10:16.481348,2026-04-28 07:10:16.481348,10.42282772064209
2026-04-28 07:10:16.683748,2026-04-28 07:10:16.683748,10.441434860229492
2026-04-28 07:10:16.881743,2026-04-28 07:10:16.881743,10.457250595092772
2026-04-28 07:10:17.081057,2026-04-28 07:10:17.081057,10.470694541931152
2026-04-28 07:10:17.286564,2026-04-28 07:10:17.286564,10.482121467590332
2026-04-28 07:10:17.478897,2026-04-28 07:10:17.478897,10.49183464050293
2026-04-28 07:10:17.678851,2026-04-28 07:10:17.678851,10.67587184906006
2026-04-28 07:10:17.878812,2026-04-28 07:10:17.878812,10.832304000854492
2026-04-28 07:10:18.080679,2026-04-28 07:10:18.080679,10.96527099609375
2026-04-28 07:10:31.179084,2026-04-28 07:10:31.179084,10.902511596679688
2026-04-28 07:10:31.378572,2026-04-28 07:10:31.378572,10.849165916442873
2026-04-28 07:10:31.578630,2026-04-28 07:10:31.578630,10.80382251739502
2026-04-28 07:10:31.779106,2026-04-28 07:10:31.779106,10.76527976989746
2026-04-28 07:10:31.979141,2026-04-28 07:10:31.979141,10.908300399780272
2026-04-28 07:10:32.181499,2026-04-28 07:10:32.181499,11.029868125915527
2026-04-28 07:10:32.378374,2026-04-28 07:10:32.378374,11.133200645446776
2026-04-28 07:10:32.578397,2026-04-28 07:10:32.578397,11.221033096313477
2026-04-28 07:10:32.778551,2026-04-28 07:10:32.778551,11.295690536499023
2026-04-28 07:10:32.978718,2026-04-28 07:10:32.978718,11.183367729187012
2026-04-28 07:10:33.180079,2026-04-28 07:10:33.180079,11.263675689697266
2026-04-28 07:10:33.378433,2026-04-28 07:10:33.378433,11.156155586242676
2026-04-28 07:10:33.581320,2026-04-28 07:10:33.581320,11.064763069152832
2026-04-28 07:10:33.780972,2026-04-28 07:10:33.780972,11.162860870361328
2026-04-28 07:10:33.979149,2026-04-28 07:10:33.979149,11.246244430541992
2026-04-28 07:10:34.180168,2026-04-28 07:10:34.180168,11.317120552062988
2026-04-28 07:10:34.379098,2026-04-28 07:10:34.379098,11.201583862304688
2026-04-28 07:10:34.579674,2026-04-28 07:10:34.579674,11.10337734222412
2026-04-28 07:10:34.779452,2026-04-28 07:10:34.779452,11.019902229309082
2026-04-28 07:10:34.980245,2026-04-28 07:10:34.980245,10.94894790649414
2026-04-28 07:10:35.179832,2026-04-28 07:10:35.179832,10.888636589050291
2026-04-28 07:10:35.380455,2026-04-28 07:10:35.380455,10.837372779846191
2026-04-28 07:10:35.580254,2026-04-28 07:10:35.580254,10.793798446655272
2026-04-28 07:10:35.780275,2026-04-28 07:10:35.780275,10.756759643554688
2026-04-28 07:10:35.978420,2026-04-28 07:10:35.978420,10.725276947021484
2026-04-28 07:10:36.179185,2026-04-28 07:10:36.179185,10.698516845703123
2026-04-28 07:10:36.380230,2026-04-28 07:10:36.380230,10.67577075958252
2026-04-28 07:10:36.578560,2026-04-28 07:10:36.578560,10.6564359664917
2026-04-28 07:10:36.779519,2026-04-28 07:10:36.779519,10.640002250671388
2026-04-28 07:10:36.979331,2026-04-28 07:10:36.979331,10.626032829284668
2026-04-28 07:10:37.180472,2026-04-28 07:10:37.180472,10.61415958404541
2026-04-28 07:10:37.380095,2026-04-28 07:10:37.380095,10.604066848754885
2026-04-28 07:10:37.579930,2026-04-28 07:10:37.579930,10.595487594604492
2026-04-28 07:10:37.778930,2026-04-28 07:10:37.778930,10.58819580078125
2026-04-28 07:10:37.978953,2026-04-28 07:10:37.978953,10.581997871398926
2026-04-28 07:10:38.181100,2026-04-28 07:10:38.181100,10.576729774475098
2026-04-28 07:10:38.380705,2026-04-28 07:10:38.380705,10.572251319885254
2026-04-28 07:10:38.580085,2026-04-28 07:10:38.580085,10.568445205688477
2026-04-28 07:10:38.778921,2026-04-28 07:10:38.778921,10.56520938873291
2026-04-28 07:10:38.979156,2026-04-28 07:10:38.979156,10.562458992004396
2026-04-28 07:10:39.182483,2026-04-28 07:10:39.182483,10.560121536254885
2026-04-28 07:10:39.380250,2026-04-28 07:10:39.380250,10.558134078979492
2026-04-28 07:10:39.581853,2026-04-28 07:10:39.581853,10.556446075439451
2026-04-28 07:10:39.779265,2026-04-28 07:10:39.779265,10.555009841918944
2026-04-28 07:10:39.980657,2026-04-28 07:10:39.980657,10.553790092468262
2026-04-28 07:10:40.179477,2026-04-28 07:10:40.179477,10.552752494812012
2026-04-28 07:10:40.378616,2026-04-28 07:10:40.378616,10.551871299743652
2026-04-28 07:10:40.582013,2026-04-28 07:10:40.582013,10.551121711730955
2026-04-28 07:10:40.779467,2026-04-28 07:10:40.779467,10.550484657287598
2026-04-28 07:10:40.980526,2026-04-28 07:10:40.980526,10.54994297027588
2026-04-28 07:10:41.178536,2026-04-28 07:10:41.178536,10.725264549255373
2026-04-28 07:10:41.384240,2026-04-28 07:10:41.384240,10.874286651611328
2026-04-28 07:10:41.578959,2026-04-28 07:10:41.578959,11.000956535339355
2026-04-28 07:10:41.780372,2026-04-28 07:10:41.780372,11.108625411987305
2026-04-28 07:10:41.979559,2026-04-28 07:10:41.979559,11.375925064086914
2026-04-28 07:10:42.179190,2026-04-28 07:10:42.179190,11.603130340576172
2026-04-28 07:10:42.378724,2026-04-28 07:10:42.378724,11.79625415802002
2026-04-28 07:10:42.583616,2026-04-28 07:10:42.583616,11.960410118103027
2026-04-28 07:10:42.779148,2026-04-28 07:10:42.779148,12.099942207336426
2026-04-28 07:10:42.979136,2026-04-28 07:10:42.979136,12.394326210021973
2026-04-28 07:10:43.172538,2026-04-28 07:10:43.172538,12.64455223083496
2026-04-28 07:10:43.380199,2026-04-28 07:10:43.380199,12.857244491577148
2026-04-28 07:10:43.578920,2026-04-28 07:10:43.578920,13.03803253173828
2026-04-28 07:10:43.778451,2026-04-28 07:10:43.778451,13.367484092712402
2026-04-28 07:10:43.980292,2026-04-28 07:10:43.980292,13.647517204284668
2026-04-28 07:10:44.180366,2026-04-28 07:10:44.180366,13.885546684265137
2026-04-28 07:10:44.379288,2026-04-28 07:10:44.379288,14.087870597839355
2026-04-28 07:10:44.582047,2026-04-28 07:10:44.582047,14.259846687316896
2026-04-28 07:10:44.779185,2026-04-28 07:10:44.779185,14.406025886535645
2026-04-28 07:10:44.978423,2026-04-28 07:10:44.978423,14.530278205871582
2026-04-28 07:10:45.179536,2026-04-28 07:10:45.179536,14.635892868041992
2026-04-28 07:10:45.379142,2026-04-28 07:10:45.379142,14.725665092468262
2026-04-28 07:10:45.579384,2026-04-28 07:10:45.579384,14.801971435546877
2026-04-28 07:10:45.779886,2026-04-28 07:10:45.779886,14.86683177947998
2026-04-28 07:10:45.978416,2026-04-28 07:10:45.978416,14.921963691711426
2026-04-28 07:10:46.178979,2026-04-28 07:10:46.178979,14.968825340270996
2026-04-28 07:10:46.385138,2026-04-28 07:10:46.385138,15.008657455444336
2026-04-28 07:10:46.578409,2026-04-28 07:10:46.578409,15.04251480102539
2026-04-28 07:10:46.778996,2026-04-28 07:10:46.778996,15.071293830871582
2026-04-28 07:10:46.984690,2026-04-28 07:10:46.984690,15.09575653076172
2026-04-28 07:10:47.179283,2026-04-28 07:10:47.179283,15.116549491882324
2026-04-28 07:10:47.378876,2026-04-28 07:10:47.378876,15.134222984313965
2026-04-28 07:10:47.582330,2026-04-28 07:10:47.582330,15.149246215820312
2026-04-28 07:10:47.780878,2026-04-28 07:10:47.780878,15.162014961242676
2026-04-28 07:10:47.980225,2026-04-28 07:10:47.980225,15.172868728637695
2026-04-28 07:10:48.179312,2026-04-28 07:10:48.179312,15.18209457397461
2026-04-28 07:10:48.379456,2026-04-28 07:10:48.379456,15.189936637878418
2026-04-28 07:10:48.582108,2026-04-28 07:10:48.582108,15.196602821350098
2026-04-28 07:10:48.782945,2026-04-28 07:10:48.782945,15.202268600463867
2026-04-28 07:10:48.979129,2026-04-28 07:10:48.979129,15.20708465576172
2026-04-28 07:10:49.179186,2026-04-28 07:10:49.179186,15.211177825927734
2026-04-28 07:10:49.379772,2026-04-28 07:10:49.379772,15.2146577835083
2026-04-28 07:10:49.579162,2026-04-28 07:10:49.579162,15.217615127563477
2026-04-28 07:10:49.779157,2026-04-28 07:10:49.779157,15.220129013061523
2026-04-28 07:10:49.984503,2026-04-28 07:10:49.984503,15.22226619720459
2026-04-28 07:10:50.178551,2026-04-28 07:10:50.178551,15.224081993103027
2026-04-28 07:10:50.381887,2026-04-28 07:10:50.381887,15.225625991821287
2026-04-28 07:10:50.583037,2026-04-28 07:10:50.583037,15.226938247680664
2026-04-28 07:10:50.779820,2026-04-28 07:10:50.779820,15.22805404663086
2026-04-28 07:10:50.980823,2026-04-28 07:10:50.980823,15.229001998901367
2026-04-28 07:10:51.178977,2026-04-28 07:10:51.178977,15.22980785369873
2026-04-28 07:10:51.378963,2026-04-28 07:10:51.378963,15.230493545532228
2026-04-28 07:10:51.578465,2026-04-28 07:10:51.578465,15.231075286865234
2026-04-28 07:10:51.779604,2026-04-28 07:10:51.779604,15.23157024383545
2026-04-28 07:10:51.981204,2026-04-28 07:10:51.981204,15.231990814208984
2026-04-28 07:10:52.185029,2026-04-28 07:10:52.185029,15.232348442077637
2026-04-28 07:10:52.380051,2026-04-28 07:10:52.380051,15.23265266418457
2026-04-28 07:10:52.579939,2026-04-28 07:10:52.579939,15.232911109924316
2026-04-28 07:10:52.779900,2026-04-28 07:10:52.779900,15.23313045501709
2026-04-28 07:10:52.982702,2026-04-28 07:10:52.982702,15.233317375183104
2026-04-28 07:10:53.178518,2026-04-28 07:10:53.178518,15.233475685119627
2026-04-28 07:10:53.380033,2026-04-28 07:10:53.380033,15.23361110687256
2026-04-28 07:10:53.579960,2026-04-28 07:10:53.579960,15.233725547790527
2026-04-28 07:10:53.778304,2026-04-28 07:10:53.778304,15.2338228225708
2026-04-28 07:10:53.983243,2026-04-28 07:10:53.983243,15.233905792236328
2026-04-28 07:10:54.179296,2026-04-28 07:10:54.179296,15.233976364135742
2026-04-28 07:10:54.378898,2026-04-28 07:10:54.378898,15.23403549194336
2026-04-28 07:10:54.579312,2026-04-28 07:10:54.579312,15.234086990356444
2026-04-28 07:10:54.780084,2026-04-28 07:10:54.780084,15.234129905700684
2026-04-28 07:10:54.978677,2026-04-28 07:10:54.978677,15.409948348999023
2026-04-28 07:10:55.182515,2026-04-28 07:10:55.182515,15.383611679077148
2026-04-28 07:10:55.379732,2026-04-28 07:10:55.379732,15.361226081848145
2026-04-28 07:10:55.584078,2026-04-28 07:10:55.584078,15.342198371887209
2026-04-28 07:10:55.779496,2026-04-28 07:10:55.779496,15.501806259155272
2026-04-28 07:10:55.980056,2026-04-28 07:10:55.980056,15.637473106384276
2026-04-28 07:10:56.180372,2026-04-28 07:10:56.180372,15.928570747375488
2026-04-28 07:10:56.378842,2026-04-28 07:10:56.378842,16.35178565979004
2026-04-28 07:11:09.478700,2026-04-28 07:11:09.478700,16.711517333984375
2026-04-28 07:11:09.680208,2026-04-28 07:11:09.680208,16.841508865356445
2026-04-28 07:11:09.879546,2026-04-28 07:11:09.879546,17.127782821655273
2026-04-28 07:11:10.079417,2026-04-28 07:11:10.079417,17.54689598083496
2026-04-28 07:11:10.285837,2026-04-28 07:11:10.285837,17.90314292907715
2026-04-28 07:11:10.478584,2026-04-28 07:11:10.478584,18.38173484802246
2026-04-28 07:11:10.681113,2026-04-28 07:11:10.681113,18.964317321777344
2026-04-28 07:11:10.880807,2026-04-28 07:11:10.880807,19.28373336791992
2026-04-28 07:11:11.078409,2026-04-28 07:11:11.078409,19.555234909057617
2026-04-28 07:11:11.279271,2026-04-28 07:11:11.279271,19.786012649536133
2026-04-28 07:11:11.480516,2026-04-28 07:11:11.480516,19.98217391967773
2026-04-28 07:11:11.679790,2026-04-28 07:11:11.679790,20.148910522460938
2026-04-28 07:11:11.878704,2026-04-28 07:11:11.878704,20.46641731262207
2026-04-28 07:11:12.079334,2026-04-28 07:11:12.079334,20.736297607421875
2026-04-28 07:11:12.278791,2026-04-28 07:11:12.278791,20.965696334838867
2026-04-28 07:11:12.479522,2026-04-28 07:11:12.479522,21.16068649291992
2026-04-28 07:11:12.680357,2026-04-28 07:11:12.680357,21.3264274597168
2026-04-28 07:11:12.880394,2026-04-28 07:11:12.880394,21.46730613708496
2026-04-28 07:11:13.079266,2026-04-28 07:11:13.079266,21.587055206298828
2026-04-28 07:11:13.279156,2026-04-28 07:11:13.279156,21.688840866088867
2026-04-28 07:11:13.480770,2026-04-28 07:11:13.480770,21.77535820007324
2026-04-28 07:11:13.678891,2026-04-28 07:11:13.678891,22.02467918395996
2026-04-28 07:11:13.884174,2026-04-28 07:11:13.884174,22.236602783203125
2026-04-28 07:11:14.079960,2026-04-28 07:11:14.079960,22.416736602783203
2026-04-28 07:11:14.280189,2026-04-28 07:11:14.280189,22.56985092163086
2026-04-28 07:11:14.481532,2026-04-28 07:11:14.481532,22.69999885559082
2026-04-28 07:11:14.679371,2026-04-28 07:11:14.679371,22.810623168945312
2026-04-28 07:11:14.878701,2026-04-28 07:11:14.878701,22.90465545654297
2026-04-28 07:11:15.081559,2026-04-28 07:11:15.081559,22.984582901000977
2026-04-28 07:11:15.279533,2026-04-28 07:11:15.279533,23.05251884460449
2026-04-28 07:11:15.481260,2026-04-28 07:11:15.481260,23.11026763916016
2026-04-28 07:11:15.679243,2026-04-28 07:11:15.679243,23.159351348876957
2026-04-28 07:11:15.879750,2026-04-28 07:11:15.879750,23.201074600219727
2026-04-28 07:11:16.078900,2026-04-28 07:11:16.078900,23.23653793334961
2026-04-28 07:11:16.281309,2026-04-28 07:11:16.281309,23.266681671142575
2026-04-28 07:11:16.483483,2026-04-28 07:11:16.483483,23.29230499267578
2026-04-28 07:11:16.679874,2026-04-28 07:11:16.679874,23.314085006713867
2026-04-28 07:11:16.882907,2026-04-28 07:11:16.882907,23.332595825195312
2026-04-28 07:11:17.080619,2026-04-28 07:11:17.080619,23.524112701416016
2026-04-28 07:11:17.278540,2026-04-28 07:11:17.278540,23.51112174987793
2026-04-28 07:11:17.478612,2026-04-28 07:11:17.478612,23.500078201293945
2026-04-28 07:11:17.678945,2026-04-28 07:11:17.678945,23.666473388671875
2026-04-28 07:11:17.879870,2026-04-28 07:11:17.879870,23.632125854492188
2026-04-28 07:11:18.078906,2026-04-28 07:11:18.078906,23.60293197631836
2026-04-28 07:11:18.278489,2026-04-28 07:11:18.278489,23.57811737060547
2026-04-28 07:11:18.478422,2026-04-28 07:11:18.478422,23.557025909423828
2026-04-28 07:11:18.681699,2026-04-28 07:11:18.681699,23.53909683227539
2026-04-28 07:11:18.878832,2026-04-28 07:11:18.878832,23.52385711669922
2026-04-28 07:11:19.079374,2026-04-28 07:11:19.079374,23.51090431213379
2026-04-28 07:11:19.278372,2026-04-28 07:11:19.278372,23.49989318847656
2026-04-28 07:11:19.478537,2026-04-28 07:11:19.478537,23.49053382873535
2026-04-28 07:11:19.682529,2026-04-28 07:11:19.682529,23.48257827758789
2026-04-28 07:11:19.880968,2026-04-28 07:11:19.880968,23.47581672668457
2026-04-28 07:11:20.081191,2026-04-28 07:11:20.081191,23.470069885253903
2026-04-28 07:11:20.279704,2026-04-28 07:11:20.279704,23.46518325805664
2026-04-28 07:11:20.478993,2026-04-28 07:11:20.478993,23.461030960083008
2026-04-28 07:11:20.679741,2026-04-28 07:11:20.679741,23.457502365112305
2026-04-28 07:11:20.878700,2026-04-28 07:11:20.878700,23.45450210571289
2026-04-28 07:11:21.078567,2026-04-28 07:11:21.078567,23.27617073059082
2026-04-28 07:11:21.278619,2026-04-28 07:11:21.278619,23.124588012695312
2026-04-28 07:11:21.481305,2026-04-28 07:11:21.481305,22.995744705200195
2026-04-28 07:11:21.680077,2026-04-28 07:11:21.680077,22.88622665405273
2026-04-28 07:11:21.880752,2026-04-28 07:11:21.880752,22.793136596679688
2026-04-28 07:11:22.080525,2026-04-28 07:11:22.080525,22.714008331298828
2026-04-28 07:11:22.278529,2026-04-28 07:11:22.278529,22.646751403808597
2026-04-28 07:11:22.480848,2026-04-28 07:11:22.480848,22.589582443237305
2026-04-28 07:11:22.682659,2026-04-28 07:11:22.682659,22.54098892211914
2026-04-28 07:11:22.880663,2026-04-28 07:11:22.880663,22.499685287475582
2026-04-28 07:11:23.080165,2026-04-28 07:11:23.080165,22.464574813842773
2026-04-28 07:11:23.279716,2026-04-28 07:11:23.279716,22.61051368713379
2026-04-28 07:11:23.482886,2026-04-28 07:11:23.482886,22.558780670166016
2026-04-28 07:11:23.678998,2026-04-28 07:11:23.678998,22.514806747436523
2026-04-28 07:11:23.880684,2026-04-28 07:11:23.880684,22.65321159362793
2026-04-28 07:11:24.080373,2026-04-28 07:11:24.080373,22.59507369995117
2026-04-28 07:11:24.279693,2026-04-28 07:11:24.279693,22.721437454223636
2026-04-28 07:11:24.483705,2026-04-28 07:11:24.483705,22.828845977783203
2026-04-28 07:11:24.683148,2026-04-28 07:11:24.683148,22.92014503479004
2026-04-28 07:11:24.882245,2026-04-28 07:11:24.882245,23.17352867126465
2026-04-28 07:11:25.081847,2026-04-28 07:11:25.081847,23.21312522888184
2026-04-28 07:11:25.285930,2026-04-28 07:11:25.285930,23.24678039550781
2026-04-28 07:11:25.479834,2026-04-28 07:11:25.479834,23.275388717651367
2026-04-28 07:11:25.678519,2026-04-28 07:11:25.678519,23.299705505371094
2026-04-28 07:11:25.880152,2026-04-28 07:11:25.880152,23.320375442504883
2026-04-28 07:11:26.078799,2026-04-28 07:11:26.078799,23.33794403076172
2026-04-28 07:11:26.279386,2026-04-28 07:11:26.279386,23.352876663208008
2026-04-28 07:11:26.480088,2026-04-28 07:11:26.480088,23.54135131835937
2026-04-28 07:11:26.684354,2026-04-28 07:11:26.684354,23.701555252075195
2026-04-28 07:11:26.884688,2026-04-28 07:11:26.884688,23.66194725036621
2026-04-28 07:11:27.080670,2026-04-28 07:11:27.080670,23.80406188964844
2026-04-28 07:11:27.280192,2026-04-28 07:11:27.280192,24.10063934326172
2026-04-28 07:11:27.483231,2026-04-28 07:11:27.483231,24.176950454711918
2026-04-28 07:11:27.684096,2026-04-28 07:11:27.684096,24.41759490966797
2026-04-28 07:11:27.879687,2026-04-28 07:11:27.879687,24.622142791748047
2026-04-28 07:11:28.078706,2026-04-28 07:11:28.078706,24.796009063720703
2026-04-28 07:11:28.278494,2026-04-28 07:11:28.278494,24.943796157836918
2026-04-28 07:11:28.482207,2026-04-28 07:11:28.482207,25.069414138793945
2026-04-28 07:11:28.679081,2026-04-28 07:11:28.679081,25.176189422607425
2026-04-28 07:11:28.884847,2026-04-28 07:11:28.884847,25.26694869995117
2026-04-28 07:11:29.078475,2026-04-28 07:11:29.078475,25.519874572753903
2026-04-28 07:11:29.280532,2026-04-28 07:11:29.280532,25.559080123901367
2026-04-28 07:11:29.483680,2026-04-28 07:11:29.483680,25.7681884765625
2026-04-28 07:11:29.679168,2026-04-28 07:11:29.679168,25.9459285736084
2026-04-28 07:11:29.878939,2026-04-28 07:11:29.878939,26.097007751464844
2026-04-28 07:11:30.081985,2026-04-28 07:11:30.081985,24.467613220214844
2026-04-28 07:11:30.281995,2026-04-28 07:11:30.281995,22.90684509277344
2026-04-28 07:11:30.480493,2026-04-28 07:11:30.480493,21.5801944732666
2026-04-28 07:11:30.678403,2026-04-28 07:11:30.678403,20.452539443969727
2026-04-28 07:11:30.878426,2026-04-28 07:11:30.878426,19.49403381347656
2026-04-28 07:11:31.078950,2026-04-28 07:11:31.078950,18.679304122924805
2026-04-28 07:11:31.279712,2026-04-28 07:11:31.279712,17.986783981323242
2026-04-28 07:11:31.478424,2026-04-28 07:11:31.478424,17.39813995361328
2026-04-28 07:11:31.678330,2026-04-28 07:11:31.678330,16.897794723510742
2026-04-28 07:11:31.881436,2026-04-28 07:11:31.881436,16.47249984741211
2026-04-28 07:11:32.082353,2026-04-28 07:11:32.082353,16.111000061035156
2026-04-28 07:11:32.279277,2026-04-28 07:11:32.279277,15.803725242614746
2026-04-28 07:11:32.479099,2026-04-28 07:11:32.479099,15.36676025390625
2026-04-28 07:11:32.679081,2026-04-28 07:11:32.679081,15.17112159729004
2026-04-28 07:11:32.879786,2026-04-28 07:11:32.879786,15.004828453063965
2026-04-28 07:11:33.079526,2026-04-28 07:11:33.079526,14.863478660583496
2026-04-28 07:11:33.278937,2026-04-28 07:11:33.278937,14.743331909179688
2026-04-28 07:11:33.479185,2026-04-28 07:11:33.479185,14.465425491333008
2026-04-28 07:11:33.678624,2026-04-28 07:11:33.678624,14.053424835205078
2026-04-28 07:11:33.886520,2026-04-28 07:11:33.886520,13.87900447845459
2026-04-28 07:11:34.084580,2026-04-28 07:11:34.084580,13.73074722290039
2026-04-28 07:11:34.280652,2026-04-28 07:11:34.280652,13.604729652404783
2026-04-28 07:11:34.479257,2026-04-28 07:11:34.479257,13.497613906860352
2026-04-28 07:11:34.678869,2026-04-28 07:11:34.678869,13.58234691619873
2026-04-28 07:11:47.778980,2026-04-28 07:11:47.778980,13.478588104248049
2026-04-28 07:11:47.978387,2026-04-28 07:11:47.978387,13.74195671081543
2026-04-28 07:11:48.180184,2026-04-28 07:11:48.180184,14.141600608825684
2026-04-28 07:11:48.378895,2026-04-28 07:11:48.378895,14.481297492980955
2026-04-28 07:11:48.582113,2026-04-28 07:11:48.582113,14.94582176208496
2026-04-28 07:11:48.779437,2026-04-28 07:11:48.779437,16.395355224609375
2026-04-28 07:11:48.983420,2026-04-28 07:11:48.983420,17.627458572387695
2026-04-28 07:11:49.183780,2026-04-28 07:11:49.183780,18.674745559692383
2026-04-28 07:11:49.378347,2026-04-28 07:11:49.378347,19.564939498901367
2026-04-28 07:11:49.578564,2026-04-28 07:11:49.578564,20.145824432373047
2026-04-28 07:11:49.779078,2026-04-28 07:11:49.779078,20.639575958251957
2026-04-28 07:11:49.978674,2026-04-28 07:11:49.978674,21.05926322937012
2026-04-28 07:11:50.178747,2026-04-28 07:11:50.178747,21.416000366210938
2026-04-28 07:11:50.378909,2026-04-28 07:11:50.378909,21.71922492980957
2026-04-28 07:11:50.579437,2026-04-28 07:11:50.579437,21.976964950561523
2026-04-28 07:11:50.785850,2026-04-28 07:11:50.785850,22.020265579223636
2026-04-28 07:11:50.987623,2026-04-28 07:11:50.987623,22.05706787109375
2026-04-28 07:11:51.180076,2026-04-28 07:11:51.180076,22.08835220336914
2026-04-28 07:11:51.384355,2026-04-28 07:11:51.384355,22.11494255065918
2026-04-28 07:11:51.578929,2026-04-28 07:11:51.578929,22.137544631958008
2026-04-28 07:11:51.778612,2026-04-28 07:11:51.778612,22.156757354736328
2026-04-28 07:11:51.980890,2026-04-28 07:11:51.980890,22.17308807373047
2026-04-28 07:11:52.178431,2026-04-28 07:11:52.178431,22.186967849731445
2026-04-28 07:11:52.383321,2026-04-28 07:11:52.383321,22.374547958374023
2026-04-28 07:11:52.578995,2026-04-28 07:11:52.578995,22.53399085998535
2026-04-28 07:11:52.779112,2026-04-28 07:11:52.779112,22.669517517089844
2026-04-28 07:11:52.979252,2026-04-28 07:11:52.979252,22.784713745117188
2026-04-28 07:11:53.178616,2026-04-28 07:11:53.178616,22.88263320922852
2026-04-28 07:11:53.380454,2026-04-28 07:11:53.380454,22.96586227416992
2026-04-28 07:11:53.578920,2026-04-28 07:11:53.578920,23.03660774230957
2026-04-28 07:11:53.778934,2026-04-28 07:11:53.778934,23.272523880004883
2026-04-28 07:11:53.979423,2026-04-28 07:11:53.979423,23.473051071166992
2026-04-28 07:11:54.178941,2026-04-28 07:11:54.178941,23.64349937438965
2026-04-28 07:11:54.380516,2026-04-28 07:11:54.380516,23.78838157653809
2026-04-28 07:11:54.578449,2026-04-28 07:11:54.578449,23.911529541015625
2026-04-28 07:11:54.782179,2026-04-28 07:11:54.782179,24.016206741333008
2026-04-28 07:11:54.978306,2026-04-28 07:11:54.978306,24.10518264770508
2026-04-28 07:11:55.178596,2026-04-28 07:11:55.178596,24.180810928344727
2026-04-28 07:11:55.382205,2026-04-28 07:11:55.382205,24.24509620666504
2026-04-28 07:11:55.580541,2026-04-28 07:11:55.580541,24.29973793029785
2026-04-28 07:11:55.781695,2026-04-28 07:11:55.781695,24.34618377685547
2026-04-28 07:11:55.983032,2026-04-28 07:11:55.983032,24.385662078857425
2026-04-28 07:11:56.185236,2026-04-28 07:11:56.185236,24.41921806335449
2026-04-28 07:11:56.378793,2026-04-28 07:11:56.378793,24.447742462158203
2026-04-28 07:11:56.579051,2026-04-28 07:11:56.579051,24.471986770629883
2026-04-28 07:11:56.780250,2026-04-28 07:11:56.780250,24.492595672607425
2026-04-28 07:11:56.984632,2026-04-28 07:11:56.984632,24.51011276245117
2026-04-28 07:11:57.180071,2026-04-28 07:11:57.180071,24.525001525878903
2026-04-28 07:11:57.378935,2026-04-28 07:11:57.378935,24.537656784057617
2026-04-28 07:11:57.579069,2026-04-28 07:11:57.579069,24.548416137695312
2026-04-28 07:11:57.778561,2026-04-28 07:11:57.778561,24.557559967041016
2026-04-28 07:11:57.980998,2026-04-28 07:11:57.980998,24.565332412719727
2026-04-28 07:11:58.185583,2026-04-28 07:11:58.185583,24.39615631103516
2026-04-28 07:11:58.378825,2026-04-28 07:11:58.378825,24.25235748291016
2026-04-28 07:11:58.580349,2026-04-28 07:11:58.580349,24.305910110473636
2026-04-28 07:11:58.784217,2026-04-28 07:11:58.784217,24.175649642944336
2026-04-28 07:11:58.980350,2026-04-28 07:11:58.980350,24.240707397460938
2026-04-28 07:11:59.179061,2026-04-28 07:11:59.179061,24.296009063720703
2026-04-28 07:11:59.381130,2026-04-28 07:11:59.381130,24.16723251342773
2026-04-28 07:11:59.581875,2026-04-28 07:11:59.581875,24.057771682739254
2026-04-28 07:11:59.782836,2026-04-28 07:11:59.782836,23.964731216430664
2026-04-28 07:11:59.979884,2026-04-28 07:11:59.979884,23.88564682006836
2026-04-28 07:12:00.178773,2026-04-28 07:12:00.178773,23.81842422485352
2026-04-28 07:12:00.379453,2026-04-28 07:12:00.379453,23.76128578186035
2026-04-28 07:12:00.579691,2026-04-28 07:12:00.579691,23.712718963623047
2026-04-28 07:12:00.778462,2026-04-28 07:12:00.778462,23.67143440246582
2026-04-28 07:12:00.978355,2026-04-28 07:12:00.978355,23.63634490966797
2026-04-28 07:12:01.181274,2026-04-28 07:12:01.181274,23.606517791748047
2026-04-28 07:12:01.382910,2026-04-28 07:12:01.382910,23.581165313720703
2026-04-28 07:12:01.580467,2026-04-28 07:12:01.580467,23.559616088867188
2026-04-28 07:12:01.784948,2026-04-28 07:12:01.784948,23.365516662597656
2026-04-28 07:12:01.987091,2026-04-28 07:12:01.987091,23.200532913208008
2026-04-28 07:12:02.180277,2026-04-28 07:12:02.180277,23.0602970123291
2026-04-28 07:12:02.381727,2026-04-28 07:12:02.381727,22.94109535217285
2026-04-28 07:12:02.581885,2026-04-28 07:12:02.581885,22.83977508544922
2026-04-28 07:12:02.788912,2026-04-28 07:12:02.788912,22.75365257263184
2026-04-28 07:12:02.982776,2026-04-28 07:12:02.982776,22.50466728210449
2026-04-28 07:12:03.181848,2026-04-28 07:12:03.181848,22.29302978515625
2026-04-28 07:12:03.381425,2026-04-28 07:12:03.381425,22.11313819885254
2026-04-28 07:12:03.579511,2026-04-28 07:12:03.579511,21.784448623657227
2026-04-28 07:12:03.786739,2026-04-28 07:12:03.786739,21.505062103271484
2026-04-28 07:12:03.978413,2026-04-28 07:12:03.978413,21.2675838470459
2026-04-28 07:12:04.181674,2026-04-28 07:12:04.181674,21.06572723388672
2026-04-28 07:12:04.382623,2026-04-28 07:12:04.382623,20.89414978027344
2026-04-28 07:12:04.581939,2026-04-28 07:12:04.581939,20.74830818176269
2026-04-28 07:12:04.782532,2026-04-28 07:12:04.782532,20.624343872070312
2026-04-28 07:12:04.983538,2026-04-28 07:12:04.983538,20.51897430419922
2026-04-28 07:12:05.179511,2026-04-28 07:12:05.179511,20.42940902709961
2026-04-28 07:12:05.380320,2026-04-28 07:12:05.380320,20.35327911376953
2026-04-28 07:12:05.579628,2026-04-28 07:12:05.579628,20.2885684967041
2026-04-28 07:12:05.779555,2026-04-28 07:12:05.779555,20.23356437683105
2026-04-28 07:12:05.982125,2026-04-28 07:12:05.982125,20.186811447143555
2026-04-28 07:12:06.180987,2026-04-28 07:12:06.180987,20.147069931030277
2026-04-28 07:12:06.379412,2026-04-28 07:12:06.379412,20.113290786743164
2026-04-28 07:12:06.580905,2026-04-28 07:12:06.580905,20.08457946777344
2026-04-28 07:12:06.779800,2026-04-28 07:12:06.779800,20.06017303466797
2026-04-28 07:12:06.980688,2026-04-28 07:12:06.980688,20.0394287109375
2026-04-28 07:12:07.186472,2026-04-28 07:12:07.186472,20.02179527282715
2026-04-28 07:12:07.388879,2026-04-28 07:12:07.388879,20.006807327270508
2026-04-28 07:12:07.580737,2026-04-28 07:12:07.580737,19.994068145751957
2026-04-28 07:12:07.779872,2026-04-28 07:12:07.779872,19.983238220214844
2026-04-28 07:12:07.979882,2026-04-28 07:12:07.979882,19.97403335571289
2026-04-28 07:12:08.178408,2026-04-28 07:12:08.178408,19.966209411621094
2026-04-28 07:12:08.379792,2026-04-28 07:12:08.379792,19.95956039428711
2026-04-28 07:12:08.579906,2026-04-28 07:12:08.579906,19.953907012939453
2026-04-28 07:12:08.781626,2026-04-28 07:12:08.781626,19.9491024017334
2026-04-28 07:12:08.983930,2026-04-28 07:12:08.983930,19.945018768310547
2026-04-28 07:12:09.185085,2026-04-28 07:12:09.185085,19.941547393798828
2026-04-28 07:12:09.380115,2026-04-28 07:12:09.380115,19.938596725463867
2026-04-28 07:12:09.578517,2026-04-28 07:12:09.578517,19.93608856201172
2026-04-28 07:12:09.785499,2026-04-28 07:12:09.785499,19.933956146240234
2026-04-28 07:12:09.978592,2026-04-28 07:12:09.978592,19.932144165039062
2026-04-28 07:12:10.186360,2026-04-28 07:12:10.186360,19.93060302734375
2026-04-28 07:12:10.382365,2026-04-28 07:12:10.382365,19.92929458618164
2026-04-28 07:12:10.580029,2026-04-28 07:12:10.580029,19.92818069458008
2026-04-28 07:12:10.779965,2026-04-28 07:12:10.779965,19.751453399658203
2026-04-28 07:12:10.985477,2026-04-28 07:12:10.985477,19.60123634338379
2026-04-28 07:12:11.179498,2026-04-28 07:12:11.179498,19.47355079650879
2026-04-28 07:12:11.379598,2026-04-28 07:12:11.379598,19.36501884460449
2026-04-28 07:12:11.584457,2026-04-28 07:12:11.584457,19.44854736328125
2026-04-28 07:12:11.779375,2026-04-28 07:12:11.779375,19.519546508789062
2026-04-28 07:12:11.979105,2026-04-28 07:12:11.979105,19.57989501953125
2026-04-28 07:12:12.178827,2026-04-28 07:12:12.178827,19.63119125366211
2026-04-28 07:12:12.379877,2026-04-28 07:12:12.379877,19.67479515075684
2026-04-28 07:12:12.579434,2026-04-28 07:12:12.579434,19.711856842041016
2026-04-28 07:12:12.779184,2026-04-28 07:12:12.779184,19.743358612060547
2026-04-28 07:12:12.980051,2026-04-28 07:12:12.980051,19.9459171295166
2026-04-28 07:12:26.080507,2026-04-28 07:12:26.080507,20.118093490600582
2026-04-28 07:12:26.279103,2026-04-28 07:12:26.279103,20.440221786499023
2026-04-28 07:12:26.479205,2026-04-28 07:12:26.479205,20.71403312683105
2026-04-28 07:12:26.682632,2026-04-28 07:12:26.682632,20.9467716217041
2026-04-28 07:12:26.882448,2026-04-28 07:12:26.882448,21.14459991455078
2026-04-28 07:12:27.078777,2026-04-28 07:12:27.078777,21.312753677368164
2026-04-28 07:12:27.279180,2026-04-28 07:12:27.279180,19.346309661865234
2026-04-28 07:12:27.479964,2026-04-28 07:12:27.479964,19.78420639038086
2026-04-28 07:12:27.680138,2026-04-28 07:12:27.680138,20.33220100402832
2026-04-28 07:12:27.879952,2026-04-28 07:12:27.879952,20.79799461364746
2026-04-28 07:12:28.086552,2026-04-28 07:12:28.086552,21.19392204284668
2026-04-28 07:12:28.281611,2026-04-28 07:12:28.281611,21.530458450317383
2026-04-28 07:12:28.480446,2026-04-28 07:12:28.480446,21.81651496887207
2026-04-28 07:12:28.678864,2026-04-28 07:12:28.678864,21.88388061523437
2026-04-28 07:12:28.881908,2026-04-28 07:12:28.881908,22.116924285888672
2026-04-28 07:12:29.078499,2026-04-28 07:12:29.078499,22.31501007080078
2026-04-28 07:12:29.279730,2026-04-28 07:12:29.279730,22.483383178710938
2026-04-28 07:12:29.486742,2026-04-28 07:12:29.486742,22.626501083374023
2026-04-28 07:12:29.682740,2026-04-28 07:12:29.682740,22.748151779174805
2026-04-28 07:12:29.878876,2026-04-28 07:12:29.878876,22.85155296325684
2026-04-28 07:12:30.080739,2026-04-28 07:12:30.080739,22.93944549560547
2026-04-28 07:12:30.279136,2026-04-28 07:12:30.279136,23.0141544342041
2026-04-28 07:12:30.481193,2026-04-28 07:12:30.481193,20.616718292236328
2026-04-28 07:12:30.680186,2026-04-28 07:12:30.680186,18.57889747619629
2026-04-28 07:12:30.880093,2026-04-28 07:12:30.880093,16.846750259399414
2026-04-28 07:12:31.079609,2026-04-28 07:12:31.079609,15.374425888061523
2026-04-28 07:12:31.280526,2026-04-28 07:12:31.280526,14.122949600219728
2026-04-28 07:12:31.481364,2026-04-28 07:12:31.481364,13.059194564819336
2026-04-28 07:12:31.680922,2026-04-28 07:12:31.680922,12.15500259399414
2026-04-28 07:12:31.879766,2026-04-28 07:12:31.879766,11.386439323425291
2026-04-28 07:12:32.080171,2026-04-28 07:12:32.080171,10.733160972595217
2026-04-28 07:12:32.279864,2026-04-28 07:12:32.279864,10.177874565124512
2026-04-28 07:12:32.482162,2026-04-28 07:12:32.482162,9.705881118774414
2026-04-28 07:12:32.678783,2026-04-28 07:12:32.678783,9.480467796325684
2026-04-28 07:12:32.879868,2026-04-28 07:12:32.879868,9.28886604309082
2026-04-28 07:12:33.081051,2026-04-28 07:12:33.081051,9.301786422729492
2026-04-28 07:12:33.281605,2026-04-28 07:12:33.281605,9.13698673248291
2026-04-28 07:12:33.478882,2026-04-28 07:12:33.478882,9.172689437866213
2026-04-28 07:12:33.680484,2026-04-28 07:12:33.680484,9.203035354614258
2026-04-28 07:12:33.879390,2026-04-28 07:12:33.879390,9.053049087524414
2026-04-28 07:12:34.081743,2026-04-28 07:12:34.081743,8.925559997558594
2026-04-28 07:12:34.280223,2026-04-28 07:12:34.280223,8.992976188659668
2026-04-28 07:12:34.480788,2026-04-28 07:12:34.480788,9.22606086730957
2026-04-28 07:12:34.678982,2026-04-28 07:12:34.678982,9.248401641845703
2026-04-28 07:12:34.880548,2026-04-28 07:12:34.880548,9.2673921585083
2026-04-28 07:12:35.082848,2026-04-28 07:12:35.082848,9.283533096313477
2026-04-28 07:12:35.279746,2026-04-28 07:12:35.279746,9.297252655029297
2026-04-28 07:12:35.478849,2026-04-28 07:12:35.478849,9.308915138244627
2026-04-28 07:12:35.680534,2026-04-28 07:12:35.680534,9.318827629089355
2026-04-28 07:12:35.879441,2026-04-28 07:12:35.879441,9.327253341674805
2026-04-28 07:12:36.086105,2026-04-28 07:12:36.086105,9.334415435791016
2026-04-28 07:12:36.282588,2026-04-28 07:12:36.282588,9.340503692626951
2026-04-28 07:12:36.481551,2026-04-28 07:12:36.481551,9.345677375793455
2026-04-28 07:12:36.678728,2026-04-28 07:12:36.678728,9.350075721740724
2026-04-28 07:12:36.878451,2026-04-28 07:12:36.878451,9.353815078735352
2026-04-28 07:12:37.078616,2026-04-28 07:12:37.078616,9.356992721557615
2026-04-28 07:12:37.278524,2026-04-28 07:12:37.278524,9.35969352722168
2026-04-28 07:12:37.478817,2026-04-28 07:12:37.478817,10.065114974975586
2026-04-28 07:12:37.679859,2026-04-28 07:12:37.679859,10.137378692626951
2026-04-28 07:12:37.880675,2026-04-28 07:12:37.880675,10.550365447998049
2026-04-28 07:12:38.079469,2026-04-28 07:12:38.079469,10.54984188079834
2026-04-28 07:12:38.278867,2026-04-28 07:12:38.278867,10.549396514892578
2026-04-28 07:12:38.478679,2026-04-28 07:12:38.478679,10.54901885986328
2026-04-28 07:12:38.679956,2026-04-28 07:12:38.679956,10.548697471618652
2026-04-28 07:12:38.880349,2026-04-28 07:12:38.880349,10.548423767089844
2026-04-28 07:12:39.078490,2026-04-28 07:12:39.078490,10.54819107055664
2026-04-28 07:12:39.278537,2026-04-28 07:12:39.278537,10.547993659973145
2026-04-28 07:12:39.479053,2026-04-28 07:12:39.479053,10.547825813293455
2026-04-28 07:12:39.678602,2026-04-28 07:12:39.678602,10.547683715820312
2026-04-28 07:12:39.879506,2026-04-28 07:12:39.879506,10.547562599182127
2026-04-28 07:12:40.078809,2026-04-28 07:12:40.078809,10.547459602355955
2026-04-28 07:12:40.280154,2026-04-28 07:12:40.280154,10.547371864318848
2026-04-28 07:12:40.479890,2026-04-28 07:12:40.479890,10.547297477722168
2026-04-28 07:12:40.678634,2026-04-28 07:12:40.678634,10.547233581542969
2026-04-28 07:12:40.882392,2026-04-28 07:12:40.882392,10.72296142578125
2026-04-28 07:12:41.078903,2026-04-28 07:12:41.078903,10.872329711914062
2026-04-28 07:12:41.278593,2026-04-28 07:12:41.278593,10.999292373657228
2026-04-28 07:12:41.480890,2026-04-28 07:12:41.480890,11.107211112976074
2026-04-28 07:12:41.680341,2026-04-28 07:12:41.680341,11.198942184448242
2026-04-28 07:12:41.878862,2026-04-28 07:12:41.878862,11.2769136428833
2026-04-28 07:12:42.079769,2026-04-28 07:12:42.079769,11.343188285827637
2026-04-28 07:12:42.278487,2026-04-28 07:12:42.278487,11.39952278137207
2026-04-28 07:12:42.479292,2026-04-28 07:12:42.479292,11.623188018798828
2026-04-28 07:12:42.678876,2026-04-28 07:12:42.678876,11.81330394744873
2026-04-28 07:12:42.878914,2026-04-28 07:12:42.878914,12.150683403015137
2026-04-28 07:12:43.080710,2026-04-28 07:12:43.080710,12.437456130981444
2026-04-28 07:12:43.279098,2026-04-28 07:12:43.279098,12.505431175231934
2026-04-28 07:12:43.478890,2026-04-28 07:12:43.478890,12.563210487365724
2026-04-28 07:12:43.684606,2026-04-28 07:12:43.684606,12.612322807312012
2026-04-28 07:12:43.884529,2026-04-28 07:12:43.884529,12.829849243164062
2026-04-28 07:12:44.081923,2026-04-28 07:12:44.081923,13.19052791595459
2026-04-28 07:12:44.279015,2026-04-28 07:12:44.279015,13.32132339477539
2026-04-28 07:12:44.479719,2026-04-28 07:12:44.479719,13.432499885559082
2026-04-28 07:12:44.679347,2026-04-28 07:12:44.679347,13.702781677246094
2026-04-28 07:12:44.879217,2026-04-28 07:12:44.879217,13.932520866394045
2026-04-28 07:12:45.083543,2026-04-28 07:12:45.083543,14.303580284118652
2026-04-28 07:12:45.279866,2026-04-28 07:12:45.279866,14.618980407714844
2026-04-28 07:12:45.479547,2026-04-28 07:12:45.479547,14.887070655822754
2026-04-28 07:12:45.678815,2026-04-28 07:12:45.678815,15.114947319030762
2026-04-28 07:12:45.880047,2026-04-28 07:12:45.880047,15.484424591064451
2026-04-28 07:12:46.081197,2026-04-28 07:12:46.081197,15.798479080200195
2026-04-28 07:12:46.281361,2026-04-28 07:12:46.281361,16.065425872802734
2026-04-28 07:12:46.479455,2026-04-28 07:12:46.479455,16.29233169555664
2026-04-28 07:12:46.679166,2026-04-28 07:12:46.679166,16.485200881958008
2026-04-28 07:12:46.880775,2026-04-28 07:12:46.880775,16.824920654296875
2026-04-28 07:12:47.079597,2026-04-28 07:12:47.079597,17.11368179321289
2026-04-28 07:12:47.282104,2026-04-28 07:12:47.282104,17.359128952026367
2026-04-28 07:12:47.479649,2026-04-28 07:12:47.479649,17.567760467529297
2026-04-28 07:12:47.684839,2026-04-28 07:12:47.684839,17.74509620666504
2026-04-28 07:12:47.882820,2026-04-28 07:12:47.882820,17.895832061767578
2026-04-28 07:12:48.081529,2026-04-28 07:12:48.081529,18.199737548828125
2026-04-28 07:12:48.283450,2026-04-28 07:12:48.283450,18.28227806091309
2026-04-28 07:12:48.479349,2026-04-28 07:12:48.479349,18.528217315673828
2026-04-28 07:12:48.678594,2026-04-28 07:12:48.678594,18.561485290527344
2026-04-28 07:12:48.881719,2026-04-28 07:12:48.881719,18.76554298400879
2026-04-28 07:12:49.080063,2026-04-28 07:12:49.080063,18.93899345397949
2026-04-28 07:12:49.281826,2026-04-28 07:12:49.281826,19.26220703125
2026-04-28 07:12:49.479736,2026-04-28 07:12:49.479736,19.536937713623047
2026-04-28 07:12:49.680258,2026-04-28 07:12:49.680258,19.77046012878418
2026-04-28 07:12:49.879238,2026-04-28 07:12:49.879238,20.14473533630371
2026-04-28 07:12:50.079164,2026-04-28 07:12:50.079164,20.462867736816406
2026-04-28 07:12:50.278562,2026-04-28 07:12:50.278562,20.7332820892334
2026-04-28 07:12:50.479102,2026-04-28 07:12:50.479102,20.963132858276367
2026-04-28 07:12:50.678537,2026-04-28 07:12:50.678537,20.982725143432617
2026-04-28 07:12:50.879130,2026-04-28 07:12:50.879130,20.999380111694336
2026-04-28 07:12:51.080853,2026-04-28 07:12:51.080853,21.01353454589844
2026-04-28 07:12:51.278524,2026-04-28 07:12:51.278524,21.02556800842285
2026-04-28 07:13:04.381524,2026-04-28 07:13:04.381524,21.035795211791992
2026-04-28 07:13:04.583706,2026-04-28 07:13:04.583706,21.04448699951172
2026-04-28 07:13:04.780322,2026-04-28 07:13:04.780322,21.051877975463867
2026-04-28 07:13:04.980580,2026-04-28 07:13:04.980580,21.05815887451172
2026-04-28 07:13:05.179020,2026-04-28 07:13:05.179020,20.88771629333496
2026-04-28 07:13:05.385592,2026-04-28 07:13:05.385592,20.742839813232425
2026-04-28 07:13:05.578548,2026-04-28 07:13:05.578548,20.61969566345215
2026-04-28 07:13:05.781229,2026-04-28 07:13:05.781229,20.51502227783203
2026-04-28 07:13:05.978365,2026-04-28 07:13:05.978365,20.426050186157227
2026-04-28 07:13:06.179277,2026-04-28 07:13:06.179277,20.35042381286621
2026-04-28 07:13:06.379755,2026-04-28 07:13:06.379755,20.28614044189453
2026-04-28 07:13:06.578700,2026-04-28 07:13:06.578700,20.23150062561035
2026-04-28 07:13:06.785527,2026-04-28 07:13:06.785527,20.185056686401367
2026-04-28 07:13:06.979578,2026-04-28 07:13:06.979578,20.145580291748047
2026-04-28 07:13:07.183017,2026-04-28 07:13:07.183017,20.112024307250977
2026-04-28 07:13:07.380997,2026-04-28 07:13:07.380997,20.0835018157959
2026-04-28 07:13:07.582120,2026-04-28 07:13:07.582120,20.23503875732422
2026-04-28 07:13:07.778458,2026-04-28 07:13:07.778458,20.188064575195312
2026-04-28 07:13:07.981418,2026-04-28 07:13:07.981418,20.148136138916016
2026-04-28 07:13:08.179433,2026-04-28 07:13:08.179433,20.11419677734375
2026-04-28 07:13:08.380504,2026-04-28 07:13:08.380504,20.26112937927246
2026-04-28 07:13:08.579900,2026-04-28 07:13:08.579900,20.210241317749023
2026-04-28 07:13:08.779846,2026-04-28 07:13:08.779846,20.1669864654541
2026-04-28 07:13:08.979126,2026-04-28 07:13:08.979126,20.306001663208008
2026-04-28 07:13:09.179884,2026-04-28 07:13:09.179884,20.42416381835937
2026-04-28 07:13:09.379043,2026-04-28 07:13:09.379043,20.524600982666016
2026-04-28 07:13:09.579731,2026-04-28 07:13:09.579731,20.609973907470703
2026-04-28 07:13:09.779807,2026-04-28 07:13:09.779807,20.682540893554688
2026-04-28 07:13:09.980326,2026-04-28 07:13:09.980326,20.744220733642575
2026-04-28 07:13:10.179507,2026-04-28 07:13:10.179507,20.79665184020996
2026-04-28 07:13:10.379749,2026-04-28 07:13:10.379749,20.841215133666992
2026-04-28 07:13:10.580085,2026-04-28 07:13:10.580085,20.87909507751465
2026-04-28 07:13:10.779079,2026-04-28 07:13:10.779079,20.91129493713379
2026-04-28 07:13:10.979485,2026-04-28 07:13:10.979485,21.114442825317383
2026-04-28 07:13:11.179363,2026-04-28 07:13:11.179363,21.1113395690918
2026-04-28 07:13:11.379395,2026-04-28 07:13:11.379395,21.108701705932617
2026-04-28 07:13:11.580633,2026-04-28 07:13:11.580633,21.10645866394043
2026-04-28 07:13:11.781791,2026-04-28 07:13:11.781791,21.104551315307617
2026-04-28 07:13:11.978967,2026-04-28 07:13:11.978967,21.10293197631836
2026-04-28 07:13:12.179938,2026-04-28 07:13:12.179938,21.27733612060547
2026-04-28 07:13:12.378591,2026-04-28 07:13:12.378591,21.42557907104492
2026-04-28 07:13:12.578317,2026-04-28 07:13:12.578317,21.551586151123047
2026-04-28 07:13:12.779813,2026-04-28 07:13:12.779813,21.65869140625
2026-04-28 07:13:12.980977,2026-04-28 07:13:12.980977,21.749731063842773
2026-04-28 07:13:13.178838,2026-04-28 07:13:13.178838,21.82711601257324
2026-04-28 07:13:13.378756,2026-04-28 07:13:13.378756,21.89289283752441
2026-04-28 07:13:13.578720,2026-04-28 07:13:13.578720,21.948802947998047
2026-04-28 07:13:13.778742,2026-04-28 07:13:13.778742,21.996326446533203
2026-04-28 07:13:13.980374,2026-04-28 07:13:13.980374,22.036720275878903
2026-04-28 07:13:14.179268,2026-04-28 07:13:14.179268,22.2468376159668
2026-04-28 07:13:14.382161,2026-04-28 07:13:14.382161,22.42543601989746
2026-04-28 07:13:14.579723,2026-04-28 07:13:14.579723,22.401464462280277
2026-04-28 07:13:14.783111,2026-04-28 07:13:14.783111,22.381088256835938
2026-04-28 07:13:14.978893,2026-04-28 07:13:14.978893,22.36376953125
2026-04-28 07:13:15.178705,2026-04-28 07:13:15.178705,22.349048614501957
2026-04-28 07:13:15.378594,2026-04-28 07:13:15.378594,22.33653450012207
2026-04-28 07:13:15.579374,2026-04-28 07:13:15.579374,22.325897216796875
2026-04-28 07:13:15.780728,2026-04-28 07:13:15.780728,22.316856384277344
2026-04-28 07:13:15.983248,2026-04-28 07:13:15.983248,22.309171676635746
2026-04-28 07:13:16.183602,2026-04-28 07:13:16.183602,22.302640914916992
2026-04-28 07:13:16.379037,2026-04-28 07:13:16.379037,22.297088623046875
2026-04-28 07:13:16.579072,2026-04-28 07:13:16.579072,22.116586685180664
2026-04-28 07:13:16.779546,2026-04-28 07:13:16.779546,21.96316146850586
2026-04-28 07:13:16.978752,2026-04-28 07:13:16.978752,21.83275032043457
2026-04-28 07:13:17.179879,2026-04-28 07:13:17.179879,21.721899032592773
2026-04-28 07:13:17.380200,2026-04-28 07:13:17.380200,21.45189666748047
2026-04-28 07:13:17.583599,2026-04-28 07:13:17.583599,21.222393035888672
2026-04-28 07:13:17.780016,2026-04-28 07:13:17.780016,21.027315139770508
2026-04-28 07:13:17.979110,2026-04-28 07:13:17.979110,20.861499786376957
2026-04-28 07:13:18.182602,2026-04-28 07:13:18.182602,20.720556259155277
2026-04-28 07:13:18.382645,2026-04-28 07:13:18.382645,20.600753784179688
2026-04-28 07:13:18.579153,2026-04-28 07:13:18.579153,20.49892234802246
2026-04-28 07:13:18.780607,2026-04-28 07:13:18.780607,20.4123649597168
2026-04-28 07:13:18.978508,2026-04-28 07:13:18.978508,20.338790893554688
2026-04-28 07:13:19.180750,2026-04-28 07:13:19.180750,20.100473403930664
2026-04-28 07:13:19.379863,2026-04-28 07:13:19.379863,19.89790153503418
2026-04-28 07:13:19.582849,2026-04-28 07:13:19.582849,19.72571563720703
2026-04-28 07:13:19.782680,2026-04-28 07:13:19.782680,19.57935905456543
2026-04-28 07:13:19.978566,2026-04-28 07:13:19.978566,19.6307373046875
2026-04-28 07:13:20.181304,2026-04-28 07:13:20.181304,19.67440795898437
2026-04-28 07:13:20.384124,2026-04-28 07:13:20.384124,19.71152687072754
2026-04-28 07:13:20.578830,2026-04-28 07:13:20.578830,19.74308013916016
2026-04-28 07:13:20.781327,2026-04-28 07:13:20.781327,19.594118118286133
2026-04-28 07:13:20.980938,2026-04-28 07:13:20.980938,19.115938186645508
2026-04-28 07:13:21.181862,2026-04-28 07:13:21.181862,19.2368278503418
2026-04-28 07:13:21.379158,2026-04-28 07:13:21.379158,19.339584350585938
2026-04-28 07:13:21.580815,2026-04-28 07:13:21.580815,19.251148223876957
2026-04-28 07:13:21.785533,2026-04-28 07:13:21.785533,19.000194549560547
2026-04-28 07:13:21.980570,2026-04-28 07:13:21.980570,18.962665557861328
2026-04-28 07:13:22.183960,2026-04-28 07:13:22.183960,18.93076515197754
2026-04-28 07:13:22.379475,2026-04-28 07:13:22.379475,18.90365028381348
2026-04-28 07:13:22.578860,2026-04-28 07:13:22.578860,18.88060188293457
2026-04-28 07:13:22.780565,2026-04-28 07:13:22.780565,18.861011505126957
2026-04-28 07:13:22.982963,2026-04-28 07:13:22.982963,18.8443603515625
2026-04-28 07:13:23.180639,2026-04-28 07:13:23.180639,18.8302059173584
2026-04-28 07:13:23.380865,2026-04-28 07:13:23.380865,18.81817626953125
2026-04-28 07:13:23.583661,2026-04-28 07:13:23.583661,18.80794906616211
2026-04-28 07:13:23.779921,2026-04-28 07:13:23.779921,18.799257278442383
2026-04-28 07:13:23.984264,2026-04-28 07:13:23.984264,18.616086959838867
2026-04-28 07:13:24.180132,2026-04-28 07:13:24.180132,18.460391998291016
2026-04-28 07:13:24.382636,2026-04-28 07:13:24.382636,18.328052520751957
2026-04-28 07:13:24.582113,2026-04-28 07:13:24.582113,18.21556282043457
2026-04-28 07:13:24.780911,2026-04-28 07:13:24.780911,17.94416618347168
2026-04-28 07:13:24.981725,2026-04-28 07:13:24.981725,17.713478088378906
2026-04-28 07:13:25.183618,2026-04-28 07:13:25.183618,17.51739501953125
2026-04-28 07:13:25.389746,2026-04-28 07:13:25.389746,17.350723266601562
2026-04-28 07:13:25.582630,2026-04-28 07:13:25.582630,17.20905113220215
2026-04-28 07:13:25.780425,2026-04-28 07:13:25.780425,17.088632583618164
2026-04-28 07:13:25.982678,2026-04-28 07:13:25.982678,17.16205596923828
2026-04-28 07:13:26.182192,2026-04-28 07:13:26.182192,17.04868507385254
2026-04-28 07:13:26.381580,2026-04-28 07:13:26.381580,16.952320098876953
2026-04-28 07:13:26.579024,2026-04-28 07:13:26.579024,17.04619026184082
2026-04-28 07:13:26.783689,2026-04-28 07:13:26.783689,17.125980377197266
2026-04-28 07:13:26.982803,2026-04-28 07:13:26.982803,17.193801879882812
2026-04-28 07:13:27.179080,2026-04-28 07:13:27.179080,17.25145149230957
2026-04-28 07:13:27.384917,2026-04-28 07:13:27.384917,17.300451278686523
2026-04-28 07:13:27.582168,2026-04-28 07:13:27.582168,17.34210205078125
2026-04-28 07:13:27.778463,2026-04-28 07:13:27.778463,17.377506256103516
2026-04-28 07:13:27.979182,2026-04-28 07:13:27.979182,17.4075984954834
2026-04-28 07:13:28.178691,2026-04-28 07:13:28.178691,17.433177947998047
2026-04-28 07:13:28.380704,2026-04-28 07:13:28.380704,17.454919815063477
2026-04-28 07:13:28.578389,2026-04-28 07:13:28.578389,17.473400115966797
2026-04-28 07:13:28.783632,2026-04-28 07:13:28.783632,17.48910903930664
2026-04-28 07:13:28.979831,2026-04-28 07:13:28.979831,17.50246238708496
2026-04-28 07:13:29.178422,2026-04-28 07:13:29.178422,17.513811111450195
2026-04-28 07:13:29.379719,2026-04-28 07:13:29.379719,17.52345848083496
2026-04-28 07:13:29.580554,2026-04-28 07:13:29.580554,17.531658172607422
2026-04-28 07:13:42.682494,2026-04-28 07:13:42.682494,17.53862762451172
2026-04-28 07:13:42.882522,2026-04-28 07:13:42.882522,17.544551849365234
2026-04-28 07:13:43.080298,2026-04-28 07:13:43.080298,17.373807907104492
2026-04-28 07:13:43.280085,2026-04-28 07:13:43.280085,17.228673934936523
2026-04-28 07:13:43.479053,2026-04-28 07:13:43.479053,17.105310440063477
2026-04-28 07:13:43.681123,2026-04-28 07:13:43.681123,17.176233291625977
2026-04-28 07:13:43.878527,2026-04-28 07:13:43.878527,17.23651695251465
2026-04-28 07:13:44.078420,2026-04-28 07:13:44.078420,17.287757873535156
2026-04-28 07:13:44.282910,2026-04-28 07:13:44.282910,17.33131217956543
2026-04-28 07:13:44.479203,2026-04-28 07:13:44.479203,17.36833381652832
2026-04-28 07:13:44.680168,2026-04-28 07:13:44.680168,17.399803161621094
2026-04-28 07:13:44.884506,2026-04-28 07:13:44.884506,17.426551818847656
2026-04-28 07:13:45.083774,2026-04-28 07:13:45.083774,17.44928741455078
2026-04-28 07:13:45.278989,2026-04-28 07:13:45.278989,17.468612670898438
2026-04-28 07:13:45.479682,2026-04-28 07:13:45.479682,17.48504066467285
2026-04-28 07:13:45.680713,2026-04-28 07:13:45.680713,17.49900245666504
2026-04-28 07:13:45.880664,2026-04-28 07:13:45.880664,17.51087188720703
2026-04-28 07:13:46.081022,2026-04-28 07:13:46.081022,17.520959854125977
2026-04-28 07:13:46.278980,2026-04-28 07:13:46.278980,17.52953338623047
2026-04-28 07:13:46.479288,2026-04-28 07:13:46.479288,17.536823272705078
2026-04-28 07:13:46.685447,2026-04-28 07:13:46.685447,17.543018341064453
2026-04-28 07:13:46.878742,2026-04-28 07:13:46.878742,17.54828453063965
2026-04-28 07:13:47.080872,2026-04-28 07:13:47.080872,17.37697982788086
2026-04-28 07:13:47.280137,2026-04-28 07:13:47.280137,17.407150268554688
2026-04-28 07:13:47.479328,2026-04-28 07:13:47.479328,17.432796478271484
2026-04-28 07:13:47.680619,2026-04-28 07:13:47.680619,17.4545955657959
2026-04-28 07:13:47.879029,2026-04-28 07:13:47.879029,17.473125457763672
2026-04-28 07:13:48.089441,2026-04-28 07:13:48.089441,17.488876342773438
2026-04-28 07:13:48.288537,2026-04-28 07:13:48.288537,17.502262115478516
2026-04-28 07:13:48.481945,2026-04-28 07:13:48.481945,17.513641357421875
2026-04-28 07:13:48.678565,2026-04-28 07:13:48.678565,17.5233154296875
2026-04-28 07:13:48.879864,2026-04-28 07:13:48.879864,17.531536102294922
2026-04-28 07:13:49.078975,2026-04-28 07:13:49.078975,17.538524627685547
2026-04-28 07:13:49.279745,2026-04-28 07:13:49.279745,17.544464111328125
2026-04-28 07:13:49.480771,2026-04-28 07:13:49.480771,17.54951286315918
2026-04-28 07:13:49.691071,2026-04-28 07:13:49.691071,17.553804397583008
2026-04-28 07:13:49.882727,2026-04-28 07:13:49.882727,17.557453155517578
2026-04-28 07:13:50.082711,2026-04-28 07:13:50.082711,17.38477325439453
2026-04-28 07:13:50.280881,2026-04-28 07:13:50.280881,17.237995147705078
2026-04-28 07:13:50.478609,2026-04-28 07:13:50.478609,17.11323356628418
2026-04-28 07:13:50.679080,2026-04-28 07:13:50.679080,17.007184982299805
2026-04-28 07:13:50.878467,2026-04-28 07:13:50.878467,16.91704559326172
2026-04-28 07:13:51.079778,2026-04-28 07:13:51.079778,16.840425491333008
2026-04-28 07:13:51.284171,2026-04-28 07:13:51.284171,16.775299072265625
2026-04-28 07:13:51.488524,2026-04-28 07:13:51.488524,16.719942092895508
2026-04-28 07:13:51.679084,2026-04-28 07:13:51.679084,16.672887802124023
2026-04-28 07:13:51.878511,2026-04-28 07:13:51.878511,16.632892608642578
2026-04-28 07:13:52.087904,2026-04-28 07:13:52.087904,16.598896026611328
2026-04-28 07:13:52.280829,2026-04-28 07:13:52.280829,16.56999969482422
2026-04-28 07:13:52.483624,2026-04-28 07:13:52.483624,16.54543685913086
2026-04-28 07:13:52.682316,2026-04-28 07:13:52.682316,16.524559020996094
2026-04-28 07:13:52.880258,2026-04-28 07:13:52.880258,16.506813049316406
2026-04-28 07:13:53.081547,2026-04-28 07:13:53.081547,16.491727828979492
2026-04-28 07:13:53.278719,2026-04-28 07:13:53.278719,16.478906631469727
2026-04-28 07:13:53.478670,2026-04-28 07:13:53.478670,16.468008041381836
2026-04-28 07:13:53.680453,2026-04-28 07:13:53.680453,16.282962799072266
2026-04-28 07:13:53.882454,2026-04-28 07:13:53.882454,16.125675201416016
2026-04-28 07:13:54.079529,2026-04-28 07:13:54.079529,15.991979598999023
2026-04-28 07:13:54.280571,2026-04-28 07:13:54.280571,15.878338813781738
2026-04-28 07:13:54.478910,2026-04-28 07:13:54.478910,15.781744956970217
2026-04-28 07:13:54.678967,2026-04-28 07:13:54.678967,15.699639320373535
2026-04-28 07:13:54.878727,2026-04-28 07:13:54.878727,15.805630683898926
2026-04-28 07:13:55.084056,2026-04-28 07:13:55.084056,15.895723342895508
2026-04-28 07:13:55.281948,2026-04-28 07:13:55.281948,15.972302436828612
2026-04-28 07:13:55.480485,2026-04-28 07:13:55.480485,16.037395477294922
2026-04-28 07:13:55.689634,2026-04-28 07:13:55.689634,16.092723846435547
2026-04-28 07:13:55.883202,2026-04-28 07:13:55.883202,16.139751434326172
2026-04-28 07:13:56.079078,2026-04-28 07:13:56.079078,16.17972755432129
2026-04-28 07:13:56.279104,2026-04-28 07:13:56.279104,16.21370506286621
2026-04-28 07:13:56.480366,2026-04-28 07:13:56.480366,16.242586135864258
2026-04-28 07:13:56.684752,2026-04-28 07:13:56.684752,16.267135620117188
2026-04-28 07:13:56.883111,2026-04-28 07:13:56.883111,16.11222267150879
2026-04-28 07:13:57.078986,2026-04-28 07:13:57.078986,15.980545043945312
2026-04-28 07:13:57.278389,2026-04-28 07:13:57.278389,15.868619918823242
2026-04-28 07:13:57.490979,2026-04-28 07:13:57.490979,15.773483276367188
2026-04-28 07:13:57.689458,2026-04-28 07:13:57.689458,15.86839771270752
2026-04-28 07:13:57.879018,2026-04-28 07:13:57.879018,15.94907569885254
2026-04-28 07:13:58.081550,2026-04-28 07:13:58.081550,16.01765251159668
2026-04-28 07:13:58.284771,2026-04-28 07:13:58.284771,16.25172233581543
2026-04-28 07:13:58.478396,2026-04-28 07:13:58.478396,16.27490234375
2026-04-28 07:13:58.690004,2026-04-28 07:13:58.690004,16.29460334777832
2026-04-28 07:13:58.879151,2026-04-28 07:13:58.879151,16.487133026123047
2026-04-28 07:13:59.078431,2026-04-28 07:13:59.078431,16.650781631469727
2026-04-28 07:13:59.279554,2026-04-28 07:13:59.279554,16.78988265991211
2026-04-28 07:13:59.494791,2026-04-28 07:13:59.494791,17.083900451660156
2026-04-28 07:13:59.681678,2026-04-28 07:13:59.681678,17.33381462097168
2026-04-28 07:13:59.882466,2026-04-28 07:13:59.882466,17.54624366760254
2026-04-28 07:14:00.080746,2026-04-28 07:14:00.080746,17.726806640625
2026-04-28 07:14:00.288536,2026-04-28 07:14:00.288536,17.880285263061523
2026-04-28 07:14:00.492696,2026-04-28 07:14:00.492696,18.0107421875
2026-04-28 07:14:00.688471,2026-04-28 07:14:00.688471,18.121631622314453
2026-04-28 07:14:00.879941,2026-04-28 07:14:00.879941,18.21588706970215
2026-04-28 07:14:01.080210,2026-04-28 07:14:01.080210,18.296003341674805
2026-04-28 07:14:01.281647,2026-04-28 07:14:01.281647,18.364103317260746
2026-04-28 07:14:01.482641,2026-04-28 07:14:01.482641,18.421987533569336
2026-04-28 07:14:01.681897,2026-04-28 07:14:01.681897,18.646970748901367
2026-04-28 07:14:01.880861,2026-04-28 07:14:01.880861,18.838207244873047
2026-04-28 07:14:02.082028,2026-04-28 07:14:02.082028,19.000757217407227
2026-04-28 07:14:02.280235,2026-04-28 07:14:02.280235,18.96314239501953
2026-04-28 07:14:02.488405,2026-04-28 07:14:02.488405,19.106952667236328
2026-04-28 07:14:02.682307,2026-04-28 07:14:02.682307,19.229190826416016
2026-04-28 07:14:02.882254,2026-04-28 07:14:02.882254,19.33309364318848
2026-04-28 07:14:03.082356,2026-04-28 07:14:03.082356,19.421411514282227
2026-04-28 07:14:03.280603,2026-04-28 07:14:03.280603,19.49648094177246
2026-04-28 07:14:03.490034,2026-04-28 07:14:03.490034,19.73607063293457
2026-04-28 07:14:03.679842,2026-04-28 07:14:03.679842,19.939722061157227
2026-04-28 07:14:03.892271,2026-04-28 07:14:03.892271,20.11282730102539
2026-04-28 07:14:04.088960,2026-04-28 07:14:04.088960,20.259965896606445
2026-04-28 07:14:04.288504,2026-04-28 07:14:04.288504,20.385032653808597
2026-04-28 07:14:04.488873,2026-04-28 07:14:04.488873,20.49134063720703
2026-04-28 07:14:04.688776,2026-04-28 07:14:04.688776,20.581701278686523
2026-04-28 07:14:04.888732,2026-04-28 07:14:04.888732,20.65850830078125
2026-04-28 07:14:05.088694,2026-04-28 07:14:05.088694,20.72379493713379
2026-04-28 07:14:05.292693,2026-04-28 07:14:05.292693,20.77928924560547
2026-04-28 07:14:05.489866,2026-04-28 07:14:05.489866,20.82645797729492
2026-04-28 07:14:05.682832,2026-04-28 07:14:05.682832,20.866552352905277
2026-04-28 07:14:05.890506,2026-04-28 07:14:05.890506,20.90063095092773
2026-04-28 07:14:06.089628,2026-04-28 07:14:06.089628,20.92959976196289
2026-04-28 07:14:06.291832,2026-04-28 07:14:06.291832,20.954221725463867
2026-04-28 07:14:06.490062,2026-04-28 07:14:06.490062,20.97515106201172
2026-04-28 07:14:06.689666,2026-04-28 07:14:06.689666,20.99294090270996
2026-04-28 07:14:06.890325,2026-04-28 07:14:06.890325,21.0080623626709
2026-04-28 07:14:07.089302,2026-04-28 07:14:07.089302,21.020915985107425
2026-04-28 07:14:07.294608,2026-04-28 07:14:07.294608,21.03184127807617
2026-04-28 07:14:07.488467,2026-04-28 07:14:07.488467,21.041126251220703
2026-04-28 07:14:07.688447,2026-04-28 07:14:07.688447,21.049020767211918
2026-04-28 07:14:07.881846,2026-04-28 07:14:07.881846,21.05573081970215
2026-04-28 07:14:20.991667,2026-04-28 07:14:20.991667,21.061433792114254
2026-04-28 07:14:21.189874,2026-04-28 07:14:21.189874,21.066280364990234
2026-04-28 07:14:21.389796,2026-04-28 07:14:21.389796,21.07040023803711
2026-04-28 07:14:21.588767,2026-04-28 07:14:21.588767,20.898122787475582
2026-04-28 07:14:21.791054,2026-04-28 07:14:21.791054,20.927465438842773
2026-04-28 07:14:21.988578,2026-04-28 07:14:21.988578,20.776626586914062
2026-04-28 07:14:22.188568,2026-04-28 07:14:22.188568,20.648414611816406
2026-04-28 07:14:22.388652,2026-04-28 07:14:22.388652,20.5394344329834
2026-04-28 07:14:22.588452,2026-04-28 07:14:22.588452,20.446800231933597
2026-04-28 07:14:22.789295,2026-04-28 07:14:22.789295,20.368061065673828
2026-04-28 07:14:22.988599,2026-04-28 07:14:22.988599,20.30113410949707
2026-04-28 07:14:23.188807,2026-04-28 07:14:23.188807,20.24424362182617
2026-04-28 07:14:23.390755,2026-04-28 07:14:23.390755,20.19588851928711
2026-04-28 07:14:23.589691,2026-04-28 07:14:23.589691,20.154787063598636
2026-04-28 07:14:23.789652,2026-04-28 07:14:23.789652,20.119850158691406
2026-04-28 07:14:23.989052,2026-04-28 07:14:23.989052,20.09015464782715
2026-04-28 07:14:24.188892,2026-04-28 07:14:24.188892,20.064912796020508
2026-04-28 07:14:24.395856,2026-04-28 07:14:24.395856,20.04345703125
2026-04-28 07:14:24.591380,2026-04-28 07:14:24.591380,20.025218963623047
2026-04-28 07:14:24.790412,2026-04-28 07:14:24.790412,20.00971794128418
2026-04-28 07:14:24.989309,2026-04-28 07:14:24.989309,19.99654197692871
2026-04-28 07:14:25.191876,2026-04-28 07:14:25.191876,19.98534202575684
2026-04-28 07:14:25.389549,2026-04-28 07:14:25.389549,20.15160179138184
2026-04-28 07:14:25.590134,2026-04-28 07:14:25.590134,20.292924880981445
2026-04-28 07:14:25.788435,2026-04-28 07:14:25.788435,20.413047790527344
2026-04-28 07:14:25.990588,2026-04-28 07:14:25.990588,20.51515388488769
2026-04-28 07:14:26.189115,2026-04-28 07:14:26.189115,20.60194396972656
2026-04-28 07:14:26.390539,2026-04-28 07:14:26.390539,20.85149574279785
2026-04-28 07:14:26.592950,2026-04-28 07:14:26.592950,21.063615798950195
2026-04-28 07:14:26.791158,2026-04-28 07:14:26.791158,21.243915557861328
2026-04-28 07:14:26.990582,2026-04-28 07:14:26.990582,21.397172927856445
2026-04-28 07:14:27.192199,2026-04-28 07:14:27.192199,21.527441024780277
2026-04-28 07:14:27.391131,2026-04-28 07:14:27.391131,21.638168334960938
2026-04-28 07:14:27.588478,2026-04-28 07:14:27.588478,21.73228645324707
2026-04-28 07:14:27.790504,2026-04-28 07:14:27.790504,21.63650703430176
2026-04-28 07:14:27.989167,2026-04-28 07:14:27.989167,21.55509185791016
2026-04-28 07:14:28.193312,2026-04-28 07:14:28.193312,21.48589134216309
2026-04-28 07:14:28.389776,2026-04-28 07:14:28.389776,21.42707061767578
2026-04-28 07:14:28.596889,2026-04-28 07:14:28.596889,21.377071380615234
2026-04-28 07:14:28.790345,2026-04-28 07:14:28.790345,21.33457374572754
2026-04-28 07:14:28.994585,2026-04-28 07:14:28.994585,21.298450469970703
2026-04-28 07:14:29.194383,2026-04-28 07:14:29.194383,21.267745971679688
2026-04-28 07:14:29.388525,2026-04-28 07:14:29.388525,21.24164581298828
2026-04-28 07:14:29.589591,2026-04-28 07:14:29.589591,21.21946144104004
2026-04-28 07:14:29.791166,2026-04-28 07:14:29.791166,21.37638664245605
2026-04-28 07:14:29.990930,2026-04-28 07:14:29.990930,21.5097713470459
2026-04-28 07:14:30.190491,2026-04-28 07:14:30.190491,21.62314987182617
2026-04-28 07:14:30.395161,2026-04-28 07:14:30.395161,21.719520568847656
2026-04-28 07:14:30.591474,2026-04-28 07:14:30.591474,21.801437377929688
2026-04-28 07:14:30.789371,2026-04-28 07:14:30.789371,21.871065139770508
2026-04-28 07:14:30.988578,2026-04-28 07:14:30.988578,21.930248260498047
2026-04-28 07:14:31.190857,2026-04-28 07:14:31.190857,21.98055458068848
2026-04-28 07:14:31.399036,2026-04-28 07:14:31.399036,22.0233154296875
2026-04-28 07:14:31.592713,2026-04-28 07:14:31.592713,22.23544311523437
2026-04-28 07:14:31.789579,2026-04-28 07:14:31.789579,22.239971160888672
2026-04-28 07:14:31.990837,2026-04-28 07:14:31.990837,22.41959953308105
2026-04-28 07:14:32.193466,2026-04-28 07:14:32.193466,22.572284698486328
2026-04-28 07:14:32.394477,2026-04-28 07:14:32.394477,22.70206642150879
2026-04-28 07:14:32.595377,2026-04-28 07:14:32.595377,22.81238174438477
2026-04-28 07:14:32.790671,2026-04-28 07:14:32.790671,22.906150817871094
2026-04-28 07:14:32.997159,2026-04-28 07:14:32.997159,22.98585319519043
2026-04-28 07:14:33.191487,2026-04-28 07:14:33.191487,23.053600311279297
2026-04-28 07:14:33.394592,2026-04-28 07:14:33.394592,23.11118507385254
2026-04-28 07:14:33.593357,2026-04-28 07:14:33.593357,23.335912704467773
2026-04-28 07:14:33.789088,2026-04-28 07:14:33.789088,23.526931762695312
2026-04-28 07:14:33.995491,2026-04-28 07:14:33.995491,23.689298629760746
2026-04-28 07:14:34.192013,2026-04-28 07:14:34.192013,23.82731056213379
2026-04-28 07:14:34.394038,2026-04-28 07:14:34.394038,23.94462013244629
2026-04-28 07:14:34.593111,2026-04-28 07:14:34.593111,24.04433250427246
2026-04-28 07:14:34.788563,2026-04-28 07:14:34.788563,24.12908935546875
2026-04-28 07:14:34.993123,2026-04-28 07:14:34.993123,24.20113182067871
2026-04-28 07:14:35.192310,2026-04-28 07:14:35.192310,24.26236915588379
2026-04-28 07:14:35.393507,2026-04-28 07:14:35.393507,24.31441879272461
2026-04-28 07:14:35.591083,2026-04-28 07:14:35.591083,24.35866355895996
2026-04-28 07:14:35.789462,2026-04-28 07:14:35.789462,24.39626884460449
2026-04-28 07:14:35.990509,2026-04-28 07:14:35.990509,24.42823600769043
2026-04-28 07:14:36.189436,2026-04-28 07:14:36.189436,24.631187438964844
2026-04-28 07:14:36.389347,2026-04-28 07:14:36.389347,24.62791633605957
2026-04-28 07:14:36.595021,2026-04-28 07:14:36.595021,24.80091667175293
2026-04-28 07:14:36.788999,2026-04-28 07:14:36.788999,24.77218437194824
2026-04-28 07:14:36.988362,2026-04-28 07:14:36.988362,24.74776268005371
2026-04-28 07:14:37.195513,2026-04-28 07:14:37.195513,24.90278625488281
2026-04-28 07:14:37.390774,2026-04-28 07:14:37.390774,25.034555435180664
2026-04-28 07:14:37.589087,2026-04-28 07:14:37.589087,25.146560668945312
2026-04-28 07:14:37.788440,2026-04-28 07:14:37.788440,25.24176406860352
2026-04-28 07:14:37.988353,2026-04-28 07:14:37.988353,25.32268714904785
2026-04-28 07:14:38.195493,2026-04-28 07:14:38.195493,25.56725311279297
2026-04-28 07:14:38.391684,2026-04-28 07:14:38.391684,25.77513313293457
2026-04-28 07:14:38.591835,2026-04-28 07:14:38.591835,25.951831817626957
2026-04-28 07:14:38.794195,2026-04-28 07:14:38.794195,26.102025985717773
2026-04-28 07:14:38.990869,2026-04-28 07:14:38.990869,26.22969055175781
2026-04-28 07:14:39.189249,2026-04-28 07:14:39.189249,26.33820533752441
2026-04-28 07:14:39.388450,2026-04-28 07:14:39.388450,26.430444717407227
2026-04-28 07:14:39.588976,2026-04-28 07:14:39.588976,26.508846282958984
2026-04-28 07:14:39.788766,2026-04-28 07:14:39.788766,26.75126838684082
2026-04-28 07:14:39.988867,2026-04-28 07:14:39.988867,26.95732879638672
2026-04-28 07:14:40.188631,2026-04-28 07:14:40.188631,27.132478713989254
2026-04-28 07:14:40.391732,2026-04-28 07:14:40.391732,27.28135681152344
2026-04-28 07:14:40.588858,2026-04-28 07:14:40.588858,27.40790367126465
2026-04-28 07:14:40.788559,2026-04-28 07:14:40.788559,27.69124984741211
2026-04-28 07:14:40.990206,2026-04-28 07:14:40.990206,27.932092666625977
2026-04-28 07:14:41.189737,2026-04-28 07:14:41.189737,28.13681030273437
2026-04-28 07:14:41.389431,2026-04-28 07:14:41.389431,28.31081962585449
2026-04-28 07:14:41.592383,2026-04-28 07:14:41.592383,28.458728790283203
2026-04-28 07:14:41.789977,2026-04-28 07:14:41.789977,28.584449768066406
2026-04-28 07:14:41.989132,2026-04-28 07:14:41.989132,28.691314697265625
2026-04-28 07:14:42.188793,2026-04-28 07:14:42.188793,28.78214836120605
2026-04-28 07:14:42.388546,2026-04-28 07:14:42.388546,28.859357833862305
2026-04-28 07:14:42.594685,2026-04-28 07:14:42.594685,28.74920463562012
2026-04-28 07:14:42.789007,2026-04-28 07:14:42.789007,28.83135414123535
2026-04-28 07:14:42.989974,2026-04-28 07:14:42.989974,28.901182174682617
2026-04-28 07:14:43.188802,2026-04-28 07:14:43.188802,28.96053695678711
2026-04-28 07:14:43.399752,2026-04-28 07:14:43.399752,29.010986328125
2026-04-28 07:14:43.588540,2026-04-28 07:14:43.588540,29.05387115478516
2026-04-28 07:14:43.789501,2026-04-28 07:14:43.789501,28.914539337158203
2026-04-28 07:14:43.988549,2026-04-28 07:14:43.988549,28.97188949584961
2026-04-28 07:14:44.188402,2026-04-28 07:14:44.188402,29.02063751220703
2026-04-28 07:14:44.390983,2026-04-28 07:14:44.390983,29.06207275390625
2026-04-28 07:14:44.591640,2026-04-28 07:14:44.591640,28.92151260375977
2026-04-28 07:14:44.790769,2026-04-28 07:14:44.790769,28.80203628540039
2026-04-28 07:14:44.988871,2026-04-28 07:14:44.988871,28.70047950744629
2026-04-28 07:14:45.188830,2026-04-28 07:14:45.188830,28.614158630371094
2026-04-28 07:14:45.393348,2026-04-28 07:14:45.393348,28.54078483581543
2026-04-28 07:14:45.590717,2026-04-28 07:14:45.590717,28.478416442871094
2026-04-28 07:14:45.793754,2026-04-28 07:14:45.793754,28.425403594970703
2026-04-28 07:14:45.990612,2026-04-28 07:14:45.990612,28.38034439086914
2026-04-28 07:14:46.200220,2026-04-28 07:14:46.200220,28.342042922973636
2026-04-28 07:14:59.290817,2026-04-28 07:14:59.290817,28.30948638916016
2026-04-28 07:14:59.490543,2026-04-28 07:14:59.490543,28.10603141784668
2026-04-28 07:14:59.689197,2026-04-28 07:14:59.689197,27.93309593200684
2026-04-28 07:14:59.889210,2026-04-28 07:14:59.889210,27.78610038757324
2026-04-28 07:15:00.090512,2026-04-28 07:15:00.090512,27.66115379333496
2026-04-28 07:15:00.294188,2026-04-28 07:15:00.294188,27.55494880676269
2026-04-28 07:15:00.492231,2026-04-28 07:15:00.492231,27.464675903320312
2026-04-28 07:15:00.690827,2026-04-28 07:15:00.690827,27.387943267822266
2026-04-28 07:15:00.892475,2026-04-28 07:15:00.892475,27.32271957397461
2026-04-28 07:15:01.091100,2026-04-28 07:15:01.091100,27.26728057861328
2026-04-28 07:15:01.293538,2026-04-28 07:15:01.293538,27.395938873291016
2026-04-28 07:15:01.490671,2026-04-28 07:15:01.490671,27.505298614501957
2026-04-28 07:15:01.691791,2026-04-28 07:15:01.691791,27.59825325012207
2026-04-28 07:15:01.888516,2026-04-28 07:15:01.888516,27.501483917236328
2026-04-28 07:15:02.088461,2026-04-28 07:15:02.088461,27.41922950744629
2026-04-28 07:15:02.288423,2026-04-28 07:15:02.288423,27.349313735961918
2026-04-28 07:15:02.493410,2026-04-28 07:15:02.493410,27.28988647460937
2026-04-28 07:15:02.688432,2026-04-28 07:15:02.688432,27.23937225341797
2026-04-28 07:15:02.889044,2026-04-28 07:15:02.889044,27.020652770996094
2026-04-28 07:15:03.088479,2026-04-28 07:15:03.088479,26.65896224975586
2026-04-28 07:15:03.288391,2026-04-28 07:15:03.288391,26.351524353027344
2026-04-28 07:15:03.489213,2026-04-28 07:15:03.489213,26.09020233154297
2026-04-28 07:15:03.695912,2026-04-28 07:15:03.695912,25.692296981811523
2026-04-28 07:15:03.893719,2026-04-28 07:15:03.893719,25.354076385498047
2026-04-28 07:15:04.093364,2026-04-28 07:15:04.093364,25.06658935546875
2026-04-28 07:15:04.299184,2026-04-28 07:15:04.299184,24.646446228027344
2026-04-28 07:15:04.492494,2026-04-28 07:15:04.492494,24.289321899414062
2026-04-28 07:15:04.688280,2026-04-28 07:15:04.688280,23.985767364501957
2026-04-28 07:15:04.889404,2026-04-28 07:15:04.889404,23.727746963500977
2026-04-28 07:15:05.090975,2026-04-28 07:15:05.090975,23.5084285736084
2026-04-28 07:15:05.289448,2026-04-28 07:15:05.289448,23.32200813293457
2026-04-28 07:15:05.490008,2026-04-28 07:15:05.490008,23.163549423217773
2026-04-28 07:15:05.689600,2026-04-28 07:15:05.689600,23.02886199951172
2026-04-28 07:15:05.888513,2026-04-28 07:15:05.888513,22.91437530517578
2026-04-28 07:15:06.091426,2026-04-28 07:15:06.091426,22.64128303527832
2026-04-28 07:15:06.298050,2026-04-28 07:15:06.298050,22.58493423461914
2026-04-28 07:15:06.490088,2026-04-28 07:15:06.490088,22.537036895751957
2026-04-28 07:15:06.690568,2026-04-28 07:15:06.690568,22.49632453918457
2026-04-28 07:15:06.888495,2026-04-28 07:15:06.888495,22.461719512939453
2026-04-28 07:15:07.088710,2026-04-28 07:15:07.088710,22.25652503967285
2026-04-28 07:15:07.290114,2026-04-28 07:15:07.290114,22.257890701293945
2026-04-28 07:15:07.488602,2026-04-28 07:15:07.488602,22.25905036926269
2026-04-28 07:15:07.691999,2026-04-28 07:15:07.691999,22.26003646850586
2026-04-28 07:15:07.888447,2026-04-28 07:15:07.888447,22.260873794555664
2026-04-28 07:15:08.088932,2026-04-28 07:15:08.088932,22.261587142944336
2026-04-28 07:15:08.290287,2026-04-28 07:15:08.290287,22.26219367980957
2026-04-28 07:15:08.488827,2026-04-28 07:15:08.488827,22.0869255065918
2026-04-28 07:15:08.698240,2026-04-28 07:15:08.698240,22.113731384277344
2026-04-28 07:15:08.890238,2026-04-28 07:15:08.890238,21.96073341369629
2026-04-28 07:15:09.089215,2026-04-28 07:15:09.089215,21.830686569213867
2026-04-28 07:15:09.292280,2026-04-28 07:15:09.292280,21.72014617919922
2026-04-28 07:15:09.489032,2026-04-28 07:15:09.489032,21.62618637084961
2026-04-28 07:15:09.688847,2026-04-28 07:15:09.688847,21.546321868896484
2026-04-28 07:15:09.890213,2026-04-28 07:15:09.890213,21.478435516357425
2026-04-28 07:15:10.088362,2026-04-28 07:15:10.088362,21.420732498168945
2026-04-28 07:15:10.288414,2026-04-28 07:15:10.288414,21.37168502807617
2026-04-28 07:15:10.490226,2026-04-28 07:15:10.490226,21.32999420166016
2026-04-28 07:15:10.692281,2026-04-28 07:15:10.692281,21.294557571411133
2026-04-28 07:15:10.889247,2026-04-28 07:15:10.889247,21.26443672180176
2026-04-28 07:15:11.088486,2026-04-28 07:15:11.088486,21.23883438110352
2026-04-28 07:15:11.290639,2026-04-28 07:15:11.290639,21.217071533203125
2026-04-28 07:15:11.488305,2026-04-28 07:15:11.488305,21.19857406616211
2026-04-28 07:15:11.691142,2026-04-28 07:15:11.691142,21.182849884033203
2026-04-28 07:15:11.892341,2026-04-28 07:15:11.892341,21.16948509216309
2026-04-28 07:15:12.094786,2026-04-28 07:15:12.094786,21.15812492370605
2026-04-28 07:15:12.290864,2026-04-28 07:15:12.290864,21.148468017578125
2026-04-28 07:15:12.490088,2026-04-28 07:15:12.490088,21.140260696411133
2026-04-28 07:15:12.688462,2026-04-28 07:15:12.688462,21.133283615112305
2026-04-28 07:15:12.892091,2026-04-28 07:15:12.892091,21.12735366821289
2026-04-28 07:15:13.091018,2026-04-28 07:15:13.091018,21.122312545776367
2026-04-28 07:15:13.298864,2026-04-28 07:15:13.298864,21.11802864074707
2026-04-28 07:15:13.488504,2026-04-28 07:15:13.488504,21.11438751220703
2026-04-28 07:15:13.689981,2026-04-28 07:15:13.689981,21.111291885375977
2026-04-28 07:15:13.890192,2026-04-28 07:15:13.890192,21.10865974426269
2026-04-28 07:15:14.094712,2026-04-28 07:15:14.094712,21.10642433166504
2026-04-28 07:15:14.296234,2026-04-28 07:15:14.296234,21.104522705078125
2026-04-28 07:15:14.495047,2026-04-28 07:15:14.495047,21.102907180786133
2026-04-28 07:15:14.689898,2026-04-28 07:15:14.689898,21.101533889770508
2026-04-28 07:15:14.894334,2026-04-28 07:15:14.894334,21.100366592407227
2026-04-28 07:15:15.089828,2026-04-28 07:15:15.089828,21.09937286376953
2026-04-28 07:15:15.292075,2026-04-28 07:15:15.292075,21.098529815673828
2026-04-28 07:15:15.490649,2026-04-28 07:15:15.490649,20.92203140258789
2026-04-28 07:15:15.696674,2026-04-28 07:15:15.696674,20.772008895874023
2026-04-28 07:15:15.889703,2026-04-28 07:15:15.889703,20.644487380981445
2026-04-28 07:15:16.089957,2026-04-28 07:15:16.089957,20.536096572875977
2026-04-28 07:15:16.291762,2026-04-28 07:15:16.291762,20.44396209716797
2026-04-28 07:15:16.493355,2026-04-28 07:15:16.493355,20.189868927001957
2026-04-28 07:15:16.689308,2026-04-28 07:15:16.689308,19.9738883972168
2026-04-28 07:15:16.891078,2026-04-28 07:15:16.891078,19.96608543395996
2026-04-28 07:15:17.088408,2026-04-28 07:15:17.088408,19.959455490112305
2026-04-28 07:15:17.288774,2026-04-28 07:15:17.288774,19.95381736755371
2026-04-28 07:15:17.494507,2026-04-28 07:15:17.494507,19.94902610778809
2026-04-28 07:15:17.690417,2026-04-28 07:15:17.690417,19.94495391845703
2026-04-28 07:15:17.889654,2026-04-28 07:15:17.889654,19.76571083068848
2026-04-28 07:15:18.089566,2026-04-28 07:15:18.089566,19.613353729248047
2026-04-28 07:15:18.291204,2026-04-28 07:15:18.291204,19.483850479125977
2026-04-28 07:15:18.488768,2026-04-28 07:15:18.488768,19.3737735748291
2026-04-28 07:15:18.690831,2026-04-28 07:15:18.690831,19.10442543029785
2026-04-28 07:15:18.888620,2026-04-28 07:15:18.888620,18.87548065185547
2026-04-28 07:15:19.088656,2026-04-28 07:15:19.088656,18.505096435546875
2026-04-28 07:15:19.290263,2026-04-28 07:15:19.290263,18.190269470214844
2026-04-28 07:15:19.489492,2026-04-28 07:15:19.489492,17.746885299682617
2026-04-28 07:15:19.688409,2026-04-28 07:15:19.688409,17.37000846862793
2026-04-28 07:15:19.888455,2026-04-28 07:15:19.888455,17.049663543701172
2026-04-28 07:15:20.089783,2026-04-28 07:15:20.089783,16.77737045288086
2026-04-28 07:15:20.290295,2026-04-28 07:15:20.290295,16.545921325683594
2026-04-28 07:15:20.488428,2026-04-28 07:15:20.488428,16.34918975830078
2026-04-28 07:15:20.691709,2026-04-28 07:15:20.691709,16.18196678161621
2026-04-28 07:15:20.889941,2026-04-28 07:15:20.889941,16.039827346801758
2026-04-28 07:15:21.095529,2026-04-28 07:15:21.095529,15.919010162353516
2026-04-28 07:15:21.289698,2026-04-28 07:15:21.289698,15.640533447265623
2026-04-28 07:15:21.490876,2026-04-28 07:15:21.490876,15.403828620910645
2026-04-28 07:15:21.698717,2026-04-28 07:15:21.698717,15.202629089355469
2026-04-28 07:15:21.888385,2026-04-28 07:15:21.888385,14.855828285217283
2026-04-28 07:15:22.088533,2026-04-28 07:15:22.088533,14.73682975769043
2026-04-28 07:15:22.288768,2026-04-28 07:15:22.288768,14.635680198669434
2026-04-28 07:15:22.492863,2026-04-28 07:15:22.492863,14.549702644348145
2026-04-28 07:15:22.692202,2026-04-28 07:15:22.692202,14.476622581481934
2026-04-28 07:15:22.888449,2026-04-28 07:15:22.888449,14.414504051208496
2026-04-28 07:15:23.088340,2026-04-28 07:15:23.088340,14.361703872680664
2026-04-28 07:15:23.293712,2026-04-28 07:15:23.293712,14.31682300567627
2026-04-28 07:15:23.488338,2026-04-28 07:15:23.488338,14.102892875671388
2026-04-28 07:15:23.689710,2026-04-28 07:15:23.689710,13.921052932739258
2026-04-28 07:15:23.888903,2026-04-28 07:15:23.888903,13.766489028930664
2026-04-28 07:15:24.089035,2026-04-28 07:15:24.089035,13.635108947753906
2026-04-28 07:15:24.289366,2026-04-28 07:15:24.289366,13.523436546325684
2026-04-28 07:15:24.489526,2026-04-28 07:15:24.489526,13.42851448059082
2026-04-28 07:15:37.590144,2026-04-28 07:15:37.590144,13.34783172607422
2026-04-28 07:15:37.789056,2026-04-28 07:15:37.789056,13.279250144958496
2026-04-28 07:15:37.988495,2026-04-28 07:15:37.988495,13.220956802368164
2026-04-28 07:15:38.189060,2026-04-28 07:15:38.189060,12.995625495910645
2026-04-28 07:15:38.388775,2026-04-28 07:15:38.388775,12.804094314575195
2026-04-28 07:15:38.590643,2026-04-28 07:15:38.590643,12.641292572021484
2026-04-28 07:15:38.788985,2026-04-28 07:15:38.788985,12.502911567687988
2026-04-28 07:15:38.988645,2026-04-28 07:15:38.988645,12.385287284851074
2026-04-28 07:15:39.188262,2026-04-28 07:15:39.188262,12.285306930541992
2026-04-28 07:15:39.391266,2026-04-28 07:15:39.391266,12.200323104858398
2026-04-28 07:15:39.591571,2026-04-28 07:15:39.591571,12.128087043762209
2026-04-28 07:15:39.789020,2026-04-28 07:15:39.789020,12.066686630249023
2026-04-28 07:15:39.989277,2026-04-28 07:15:39.989277,14.651214599609377
2026-04-28 07:15:40.188380,2026-04-28 07:15:40.188380,16.672283172607422
2026-04-28 07:15:40.392488,2026-04-28 07:15:40.392488,18.39019012451172
2026-04-28 07:15:40.588915,2026-04-28 07:15:40.588915,19.85041236877441
2026-04-28 07:15:40.788584,2026-04-28 07:15:40.788584,21.09160041809082
2026-04-28 07:15:40.989056,2026-04-28 07:15:40.989056,21.97082901000977
2026-04-28 07:15:41.189648,2026-04-28 07:15:41.189648,22.71817398071289
2026-04-28 07:15:41.388352,2026-04-28 07:15:41.388352,23.353416442871094
2026-04-28 07:15:41.589170,2026-04-28 07:15:41.589170,23.89337158203125
2026-04-28 07:15:41.788397,2026-04-28 07:15:41.788397,24.35233497619629
2026-04-28 07:15:41.991058,2026-04-28 07:15:41.991058,24.742454528808597
2026-04-28 07:15:42.188695,2026-04-28 07:15:42.188695,25.074054718017575
2026-04-28 07:15:42.389081,2026-04-28 07:15:42.389081,25.35591506958008
2026-04-28 07:15:42.588320,2026-04-28 07:15:42.588320,25.595497131347656
2026-04-28 07:15:42.791447,2026-04-28 07:15:42.791447,25.79914093017578
2026-04-28 07:15:42.988848,2026-04-28 07:15:42.988848,25.97223854064941
2026-04-28 07:15:43.190502,2026-04-28 07:15:43.190502,26.11937141418457
2026-04-28 07:15:43.389988,2026-04-28 07:15:43.389988,26.244434356689453
2026-04-28 07:15:43.590295,2026-04-28 07:15:43.590295,26.174957275390625
2026-04-28 07:15:43.788446,2026-04-28 07:15:43.788446,26.11590003967285
2026-04-28 07:15:43.993474,2026-04-28 07:15:43.993474,26.24148368835449
2026-04-28 07:15:44.190197,2026-04-28 07:15:44.190197,26.34823036193848
2026-04-28 07:15:44.391687,2026-04-28 07:15:44.391687,26.26318359375
2026-04-28 07:15:44.588942,2026-04-28 07:15:44.588942,26.190893173217773
2026-04-28 07:15:44.790366,2026-04-28 07:15:44.790366,26.12944602966309
2026-04-28 07:15:44.992538,2026-04-28 07:15:44.992538,26.07721710205078
2026-04-28 07:15:45.192006,2026-04-28 07:15:45.192006,26.03282165527344
2026-04-28 07:15:45.390869,2026-04-28 07:15:45.390869,25.995086669921875
2026-04-28 07:15:45.588691,2026-04-28 07:15:45.588691,25.963010787963867
2026-04-28 07:15:45.791077,2026-04-28 07:15:45.791077,25.935747146606445
2026-04-28 07:15:45.993114,2026-04-28 07:15:45.993114,25.912572860717773
2026-04-28 07:15:46.191776,2026-04-28 07:15:46.191776,25.89287376403809
2026-04-28 07:15:46.391390,2026-04-28 07:15:46.391390,25.876131057739254
2026-04-28 07:15:46.588733,2026-04-28 07:15:46.588733,25.86189842224121
2026-04-28 07:15:46.792728,2026-04-28 07:15:46.792728,25.67401885986328
2026-04-28 07:15:46.989392,2026-04-28 07:15:46.989392,25.51432228088379
2026-04-28 07:15:47.190711,2026-04-28 07:15:47.190711,25.37858009338379
2026-04-28 07:15:47.389344,2026-04-28 07:15:47.389344,25.26320075988769
2026-04-28 07:15:47.592382,2026-04-28 07:15:47.592382,25.16512680053711
2026-04-28 07:15:47.788519,2026-04-28 07:15:47.788519,25.081764221191406
2026-04-28 07:15:47.991242,2026-04-28 07:15:47.991242,25.010906219482425
2026-04-28 07:15:48.189193,2026-04-28 07:15:48.189193,24.77489471435547
2026-04-28 07:15:48.390668,2026-04-28 07:15:48.390668,24.57428550720215
2026-04-28 07:15:48.592600,2026-04-28 07:15:48.592600,24.22798538208008
2026-04-28 07:15:48.789540,2026-04-28 07:15:48.789540,23.933631896972656
2026-04-28 07:15:48.991355,2026-04-28 07:15:48.991355,23.68343162536621
2026-04-28 07:15:49.189173,2026-04-28 07:15:49.189173,23.470760345458984
2026-04-28 07:15:49.388388,2026-04-28 07:15:49.388388,23.289989471435547
2026-04-28 07:15:49.590242,2026-04-28 07:15:49.590242,23.136335372924805
2026-04-28 07:15:49.790799,2026-04-28 07:15:49.790799,22.829946517944336
2026-04-28 07:15:49.989921,2026-04-28 07:15:49.989921,22.39373588562012
2026-04-28 07:15:50.190577,2026-04-28 07:15:50.190577,21.84717559814453
2026-04-28 07:15:50.389153,2026-04-28 07:15:50.389153,21.558380126953125
2026-04-28 07:15:50.588405,2026-04-28 07:15:50.588405,21.13712310791016
2026-04-28 07:15:50.788886,2026-04-28 07:15:50.788886,20.779054641723636
2026-04-28 07:15:50.989156,2026-04-28 07:15:50.989156,20.47469711303711
2026-04-28 07:15:51.189948,2026-04-28 07:15:51.189948,20.215991973876957
2026-04-28 07:15:51.390415,2026-04-28 07:15:51.390415,19.99609375
2026-04-28 07:15:51.589232,2026-04-28 07:15:51.589232,19.809179306030277
2026-04-28 07:15:51.793518,2026-04-28 07:15:51.793518,19.47452163696289
2026-04-28 07:15:51.990535,2026-04-28 07:15:51.990535,19.190061569213867
2026-04-28 07:15:52.189186,2026-04-28 07:15:52.189186,18.94827079772949
2026-04-28 07:15:52.390902,2026-04-28 07:15:52.390902,18.56696891784668
2026-04-28 07:15:52.589991,2026-04-28 07:15:52.589991,18.242860794067383
2026-04-28 07:15:52.790277,2026-04-28 07:15:52.790277,17.967369079589844
2026-04-28 07:15:52.990446,2026-04-28 07:15:52.990446,17.733200073242188
2026-04-28 07:15:53.190284,2026-04-28 07:15:53.190284,17.53415870666504
2026-04-28 07:15:53.389640,2026-04-28 07:15:53.389640,17.364973068237305
2026-04-28 07:15:53.588830,2026-04-28 07:15:53.588830,17.22116470336914
2026-04-28 07:15:53.790293,2026-04-28 07:15:53.790293,17.098926544189453
2026-04-28 07:15:53.990994,2026-04-28 07:15:53.990994,16.819244384765625
2026-04-28 07:15:54.192280,2026-04-28 07:15:54.192280,16.581514358520508
2026-04-28 07:15:54.388260,2026-04-28 07:15:54.388260,16.37944221496582
2026-04-28 07:15:54.588930,2026-04-28 07:15:54.588930,16.207683563232422
2026-04-28 07:15:54.792104,2026-04-28 07:15:54.792104,16.06168556213379
2026-04-28 07:15:54.993980,2026-04-28 07:15:54.993980,15.761808395385742
2026-04-28 07:15:55.188504,2026-04-28 07:15:55.188504,15.506912231445312
2026-04-28 07:15:55.390501,2026-04-28 07:15:55.390501,15.114469528198242
2026-04-28 07:15:55.588689,2026-04-28 07:15:55.588689,14.956673622131348
2026-04-28 07:15:55.790409,2026-04-28 07:15:55.790409,14.646766662597656
2026-04-28 07:15:55.988880,2026-04-28 07:15:55.988880,14.383345603942873
2026-04-28 07:15:56.189436,2026-04-28 07:15:56.189436,14.15943717956543
2026-04-28 07:15:56.390509,2026-04-28 07:15:56.390509,13.969115257263184
2026-04-28 07:15:56.591016,2026-04-28 07:15:56.591016,13.80734157562256
2026-04-28 07:15:56.789519,2026-04-28 07:15:56.789519,13.66983413696289
2026-04-28 07:15:56.990227,2026-04-28 07:15:56.990227,13.552952766418455
2026-04-28 07:15:57.188910,2026-04-28 07:15:57.188910,13.453603744506836
2026-04-28 07:15:57.389110,2026-04-28 07:15:57.389110,13.19337558746338
2026-04-28 07:15:57.589739,2026-04-28 07:15:57.589739,13.147963523864746
2026-04-28 07:15:57.788513,2026-04-28 07:15:57.788513,12.933581352233888
2026-04-28 07:15:57.988748,2026-04-28 07:15:57.988748,12.75135612487793
2026-04-28 07:15:58.190301,2026-04-28 07:15:58.190301,12.596465110778809
2026-04-28 07:15:58.388954,2026-04-28 07:15:58.388954,12.640589714050291
2026-04-28 07:15:58.588429,2026-04-28 07:15:58.588429,12.502313613891602
2026-04-28 07:15:58.791450,2026-04-28 07:15:58.791450,12.38477897644043
2026-04-28 07:15:58.992749,2026-04-28 07:15:58.992749,12.28487491607666
2026-04-28 07:15:59.188725,2026-04-28 07:15:59.188725,12.199955940246582
2026-04-28 07:15:59.389100,2026-04-28 07:15:59.389100,12.127775192260742
2026-04-28 07:15:59.588638,2026-04-28 07:15:59.588638,12.066421508789062
2026-04-28 07:15:59.788711,2026-04-28 07:15:59.788711,12.014270782470703
2026-04-28 07:15:59.992185,2026-04-28 07:15:59.992185,11.969942092895508
2026-04-28 07:16:00.189239,2026-04-28 07:16:00.189239,11.932263374328612
2026-04-28 07:16:00.391278,2026-04-28 07:16:00.391278,11.900236129760742
2026-04-28 07:16:00.590844,2026-04-28 07:16:00.590844,11.873013496398926
2026-04-28 07:16:00.790804,2026-04-28 07:16:00.790804,11.84987449645996
2026-04-28 07:16:00.993577,2026-04-28 07:16:00.993577,11.830205917358398
2026-04-28 07:16:01.189828,2026-04-28 07:16:01.189828,11.98926830291748
2026-04-28 07:16:01.388545,2026-04-28 07:16:01.388545,12.124471664428713
2026-04-28 07:16:01.589820,2026-04-28 07:16:01.589820,12.239395141601562
2026-04-28 07:16:01.788769,2026-04-28 07:16:01.788769,12.161297798156738
2026-04-28 07:16:01.990300,2026-04-28 07:16:01.990300,12.094916343688965
2026-04-28 07:16:02.189149,2026-04-28 07:16:02.189149,12.038491249084473
2026-04-28 07:16:02.388986,2026-04-28 07:16:02.388986,12.166311264038086
2026-04-28 07:16:02.592035,2026-04-28 07:16:02.592035,12.274958610534668
2026-04-28 07:16:02.788642,2026-04-28 07:16:02.788642,12.367308616638184
2026-04-28 07:16:15.890257,2026-04-28 07:16:15.890257,12.445805549621582
2026-04-28 07:16:16.088923,2026-04-28 07:16:16.088923,12.512528419494627
2026-04-28 07:16:16.290256,2026-04-28 07:16:16.290256,12.569243431091309
2026-04-28 07:16:16.490605,2026-04-28 07:16:16.490605,12.793231964111328
2026-04-28 07:16:16.689211,2026-04-28 07:16:16.689211,12.98362159729004
2026-04-28 07:16:16.891283,2026-04-28 07:16:16.891283,13.321234703063965
2026-04-28 07:16:17.091407,2026-04-28 07:16:17.091407,13.432424545288086
2026-04-28 07:16:17.291499,2026-04-28 07:16:17.291499,13.526935577392578
2026-04-28 07:16:17.489444,2026-04-28 07:16:17.489444,13.607270240783691
2026-04-28 07:16:17.692457,2026-04-28 07:16:17.692457,13.675555229187012
2026-04-28 07:16:17.889750,2026-04-28 07:16:17.889750,13.733596801757812
2026-04-28 07:16:18.089719,2026-04-28 07:16:18.089719,13.78293228149414
2026-04-28 07:16:18.289760,2026-04-28 07:16:18.289760,14.000648498535156
2026-04-28 07:16:18.491011,2026-04-28 07:16:18.491011,14.185708045959473
2026-04-28 07:16:18.692229,2026-04-28 07:16:18.692229,14.343008041381836
2026-04-28 07:16:18.893108,2026-04-28 07:16:18.893108,14.476713180541992
2026-04-28 07:16:19.088840,2026-04-28 07:16:19.088840,14.590362548828123
2026-04-28 07:16:19.289150,2026-04-28 07:16:19.289150,14.68696403503418
2026-04-28 07:16:19.493846,2026-04-28 07:16:19.493846,14.769075393676758
2026-04-28 07:16:19.689769,2026-04-28 07:16:19.689769,14.838871002197266
2026-04-28 07:16:19.889011,2026-04-28 07:16:19.889011,14.89819622039795
2026-04-28 07:16:20.088352,2026-04-28 07:16:20.088352,14.948622703552246
2026-04-28 07:16:20.288568,2026-04-28 07:16:20.288568,14.991485595703123
2026-04-28 07:16:20.492923,2026-04-28 07:16:20.492923,15.027918815612791
2026-04-28 07:16:20.690825,2026-04-28 07:16:20.690825,15.234668731689451
2026-04-28 07:16:20.888990,2026-04-28 07:16:20.888990,15.410406112670898
2026-04-28 07:16:21.088675,2026-04-28 07:16:21.088675,15.55978298187256
2026-04-28 07:16:21.291389,2026-04-28 07:16:21.291389,15.686752319335938
2026-04-28 07:16:21.488517,2026-04-28 07:16:21.488517,15.794677734375
2026-04-28 07:16:21.695438,2026-04-28 07:16:21.695438,15.88641357421875
2026-04-28 07:16:21.888633,2026-04-28 07:16:21.888633,15.964388847351074
2026-04-28 07:16:22.088645,2026-04-28 07:16:22.088645,16.030668258666992
2026-04-28 07:16:22.290668,2026-04-28 07:16:22.290668,16.087005615234375
2026-04-28 07:16:22.488979,2026-04-28 07:16:22.488979,16.134891510009766
2026-04-28 07:16:22.689541,2026-04-28 07:16:22.689541,16.175596237182617
2026-04-28 07:16:22.889458,2026-04-28 07:16:22.889458,16.210193634033203
2026-04-28 07:16:23.089007,2026-04-28 07:16:23.089007,16.23960304260254
2026-04-28 07:16:23.288447,2026-04-28 07:16:23.288447,16.264598846435547
2026-04-28 07:16:23.490625,2026-04-28 07:16:23.490625,16.285846710205078
2026-04-28 07:16:23.688370,2026-04-28 07:16:23.688370,16.30390739440918
2026-04-28 07:16:23.888794,2026-04-28 07:16:23.888794,16.319259643554688
2026-04-28 07:16:24.088626,2026-04-28 07:16:24.088626,16.332307815551758
2026-04-28 07:16:24.288388,2026-04-28 07:16:24.288388,16.343399047851562
2026-04-28 07:16:24.491081,2026-04-28 07:16:24.491081,16.352827072143555
2026-04-28 07:16:24.688316,2026-04-28 07:16:24.688316,16.36083984375
2026-04-28 07:16:24.888943,2026-04-28 07:16:24.888943,16.191869735717773
2026-04-28 07:16:25.090597,2026-04-28 07:16:25.090597,16.048246383666992
2026-04-28 07:16:25.288655,2026-04-28 07:16:25.288655,15.926165580749512
2026-04-28 07:16:25.490684,2026-04-28 07:16:25.490684,15.822397232055664
2026-04-28 07:16:25.688739,2026-04-28 07:16:25.688739,15.734193801879885
2026-04-28 07:16:25.891740,2026-04-28 07:16:25.891740,15.659220695495604
2026-04-28 07:16:26.088613,2026-04-28 07:16:26.088613,15.771275520324709
2026-04-28 07:16:26.289141,2026-04-28 07:16:26.289141,15.866521835327148
2026-04-28 07:16:26.488856,2026-04-28 07:16:26.488856,15.947480201721191
2026-04-28 07:16:26.689257,2026-04-28 07:16:26.689257,16.01629638671875
2026-04-28 07:16:26.889295,2026-04-28 07:16:26.889295,16.07478904724121
2026-04-28 07:16:27.091140,2026-04-28 07:16:27.091140,16.124507904052734
2026-04-28 07:16:27.294468,2026-04-28 07:16:27.294468,16.16676902770996
2026-04-28 07:16:27.490940,2026-04-28 07:16:27.490940,16.20269203186035
2026-04-28 07:16:27.688408,2026-04-28 07:16:27.688408,16.233224868774414
2026-04-28 07:16:27.889961,2026-04-28 07:16:27.889961,16.259178161621094
2026-04-28 07:16:28.088864,2026-04-28 07:16:28.088864,16.281240463256836
2026-04-28 07:16:28.289054,2026-04-28 07:16:28.289054,16.299991607666016
2026-04-28 07:16:28.488958,2026-04-28 07:16:28.488958,16.315929412841797
2026-04-28 07:16:28.689706,2026-04-28 07:16:28.689706,16.329477310180664
2026-04-28 07:16:28.889568,2026-04-28 07:16:28.889568,16.340993881225586
2026-04-28 07:16:29.089232,2026-04-28 07:16:29.089232,16.17500114440918
2026-04-28 07:16:29.288435,2026-04-28 07:16:29.288435,16.209688186645508
2026-04-28 07:16:29.488446,2026-04-28 07:16:29.488446,16.239171981811523
2026-04-28 07:16:29.690411,2026-04-28 07:16:29.690411,16.08845329284668
2026-04-28 07:16:29.888451,2026-04-28 07:16:29.888451,15.960341453552246
2026-04-28 07:16:30.090716,2026-04-28 07:16:30.090716,15.851446151733398
2026-04-28 07:16:30.288696,2026-04-28 07:16:30.288696,15.758885383605955
2026-04-28 07:16:30.491230,2026-04-28 07:16:30.491230,15.680209159851074
2026-04-28 07:16:30.690732,2026-04-28 07:16:30.690732,15.613333702087402
2026-04-28 07:16:30.893116,2026-04-28 07:16:30.893116,15.556489944458008
2026-04-28 07:16:31.089613,2026-04-28 07:16:31.089613,15.508172988891602
2026-04-28 07:16:31.294608,2026-04-28 07:16:31.294608,15.467103004455566
2026-04-28 07:16:31.493327,2026-04-28 07:16:31.493327,15.432193756103516
2026-04-28 07:16:31.688542,2026-04-28 07:16:31.688542,15.402521133422852
2026-04-28 07:16:31.888590,2026-04-28 07:16:31.888590,15.377299308776855
2026-04-28 07:16:32.088459,2026-04-28 07:16:32.088459,15.355860710144045
2026-04-28 07:16:32.288567,2026-04-28 07:16:32.288567,15.337637901306152
2026-04-28 07:16:32.492638,2026-04-28 07:16:32.492638,15.497929573059082
2026-04-28 07:16:32.688769,2026-04-28 07:16:32.688769,15.634177207946776
2026-04-28 07:16:32.889415,2026-04-28 07:16:32.889415,15.574207305908203
2026-04-28 07:16:33.090630,2026-04-28 07:16:33.090630,15.699013710021973
2026-04-28 07:16:33.288471,2026-04-28 07:16:33.288471,15.629318237304688
2026-04-28 07:16:33.491583,2026-04-28 07:16:33.491583,15.745857238769531
2026-04-28 07:16:33.688673,2026-04-28 07:16:33.688673,15.844916343688965
2026-04-28 07:16:33.888768,2026-04-28 07:16:33.888768,15.929116249084473
2026-04-28 07:16:34.091649,2026-04-28 07:16:34.091649,16.000686645507812
2026-04-28 07:16:34.288507,2026-04-28 07:16:34.288507,16.061521530151367
2026-04-28 07:16:34.488719,2026-04-28 07:16:34.488719,16.113229751586914
2026-04-28 07:16:34.688531,2026-04-28 07:16:34.688531,16.157182693481445
2026-04-28 07:16:34.890690,2026-04-28 07:16:34.890690,16.194543838500977
2026-04-28 07:16:35.091245,2026-04-28 07:16:35.091245,16.226299285888672
2026-04-28 07:16:35.288859,2026-04-28 07:16:35.288859,16.253292083740234
2026-04-28 07:16:35.491370,2026-04-28 07:16:35.491370,16.276235580444336
2026-04-28 07:16:35.690300,2026-04-28 07:16:35.690300,16.295738220214844
2026-04-28 07:16:35.889122,2026-04-28 07:16:35.889122,16.312314987182617
2026-04-28 07:16:36.089410,2026-04-28 07:16:36.089410,16.326404571533203
2026-04-28 07:16:36.288900,2026-04-28 07:16:36.288900,16.338380813598633
2026-04-28 07:16:36.489548,2026-04-28 07:16:36.489548,16.524343490600586
2026-04-28 07:16:36.689231,2026-04-28 07:16:36.689231,16.682411193847656
2026-04-28 07:16:36.903809,2026-04-28 07:16:36.903809,16.8167667388916
2026-04-28 07:16:37.090298,2026-04-28 07:16:37.090298,16.930971145629883
2026-04-28 07:16:37.288453,2026-04-28 07:16:37.288453,17.028043746948242
2026-04-28 07:16:37.489739,2026-04-28 07:16:37.489739,17.11055564880371
2026-04-28 07:16:37.689504,2026-04-28 07:16:37.689504,17.18069076538086
2026-04-28 07:16:37.888463,2026-04-28 07:16:37.888463,17.240306854248047
2026-04-28 07:16:38.088344,2026-04-28 07:16:38.088344,17.290979385375977
2026-04-28 07:16:38.290638,2026-04-28 07:16:38.290638,17.33405113220215
2026-04-28 07:16:38.489235,2026-04-28 07:16:38.489235,17.194881439208984
2026-04-28 07:16:38.689088,2026-04-28 07:16:38.689088,17.07658576965332
2026-04-28 07:16:38.890466,2026-04-28 07:16:38.890466,16.976036071777344
2026-04-28 07:16:39.092246,2026-04-28 07:16:39.092246,16.890567779541016
2026-04-28 07:16:39.289938,2026-04-28 07:16:39.289938,16.817920684814453
2026-04-28 07:16:39.489364,2026-04-28 07:16:39.489364,16.58038902282715
2026-04-28 07:16:39.690158,2026-04-28 07:16:39.690158,16.37848663330078
2026-04-28 07:16:39.888797,2026-04-28 07:16:39.888797,16.20686912536621
2026-04-28 07:16:40.089926,2026-04-28 07:16:40.089926,16.06099510192871
2026-04-28 07:16:40.288468,2026-04-28 07:16:40.288468,15.937002182006836
2026-04-28 07:16:40.490777,2026-04-28 07:16:40.490777,15.831608772277832
2026-04-28 07:16:40.690305,2026-04-28 07:16:40.690305,15.742023468017578
2026-04-28 07:16:40.890623,2026-04-28 07:16:40.890623,15.665876388549805
2026-04-28 07:16:41.089638,2026-04-28 07:16:41.089638,15.601150512695312
2026-04-28 07:16:54.188656,2026-04-28 07:16:54.188656,15.546134948730469
2026-04-28 07:16:54.388791,2026-04-28 07:16:54.388791,15.499370574951172
2026-04-28 07:16:54.590878,2026-04-28 07:16:54.590878,15.28384017944336
2026-04-28 07:16:54.789431,2026-04-28 07:16:54.789431,14.92485809326172
2026-04-28 07:16:54.988808,2026-04-28 07:16:54.988808,14.795504570007324
2026-04-28 07:16:55.191043,2026-04-28 07:16:55.191043,14.861334800720217
2026-04-28 07:16:55.391301,2026-04-28 07:16:55.391301,14.741509437561035
2026-04-28 07:16:55.588637,2026-04-28 07:16:55.588637,14.463876724243164
2026-04-28 07:16:55.792964,2026-04-28 07:16:55.792964,14.40367031097412
2026-04-28 07:16:55.989317,2026-04-28 07:16:55.989317,14.176713943481444
2026-04-28 07:16:56.190446,2026-04-28 07:16:56.190446,13.983799934387209
2026-04-28 07:16:56.394609,2026-04-28 07:16:56.394609,13.99560546875
2026-04-28 07:16:56.590866,2026-04-28 07:16:56.590866,14.00563907623291
2026-04-28 07:16:56.791858,2026-04-28 07:16:56.791858,14.014168739318848
2026-04-28 07:16:56.988620,2026-04-28 07:16:56.988620,14.021418571472168
2026-04-28 07:16:57.191310,2026-04-28 07:16:57.191310,14.027580261230469
2026-04-28 07:16:57.394976,2026-04-28 07:16:57.394976,14.032818794250488
2026-04-28 07:16:57.588488,2026-04-28 07:16:57.588488,14.037270545959473
2026-04-28 07:16:57.789886,2026-04-28 07:16:57.789886,14.041054725646973
2026-04-28 07:16:57.990644,2026-04-28 07:16:57.990644,14.044271469116213
2026-04-28 07:16:58.189382,2026-04-28 07:16:58.189382,13.695443153381348
2026-04-28 07:16:58.389941,2026-04-28 07:16:58.389941,13.92628288269043
2026-04-28 07:16:58.588502,2026-04-28 07:16:58.588502,14.298277854919434
2026-04-28 07:16:58.788301,2026-04-28 07:16:58.788301,14.614474296569824
2026-04-28 07:16:58.990152,2026-04-28 07:16:58.990152,14.004334449768066
2026-04-28 07:16:59.188803,2026-04-28 07:16:59.188803,14.54040241241455
2026-04-28 07:16:59.389174,2026-04-28 07:16:59.389174,14.996061325073242
2026-04-28 07:16:59.588620,2026-04-28 07:16:59.588620,15.383370399475098
2026-04-28 07:16:59.788656,2026-04-28 07:16:59.788656,15.888364791870115
2026-04-28 07:16:59.991721,2026-04-28 07:16:59.991721,16.317609786987305
2026-04-28 07:17:00.188375,2026-04-28 07:17:00.188375,16.68246841430664
2026-04-28 07:17:00.390822,2026-04-28 07:17:00.390822,16.992597579956055
2026-04-28 07:17:00.588588,2026-04-28 07:17:00.588588,17.256208419799805
2026-04-28 07:17:00.788341,2026-04-28 07:17:00.788341,17.48027801513672
2026-04-28 07:17:00.991444,2026-04-28 07:17:00.991444,17.84651756286621
2026-04-28 07:17:01.189104,2026-04-28 07:17:01.189104,18.15782165527344
2026-04-28 07:17:01.388555,2026-04-28 07:17:01.388555,18.42242813110352
2026-04-28 07:17:01.589115,2026-04-28 07:17:01.589115,18.64734649658203
2026-04-28 07:17:01.789511,2026-04-28 07:17:01.789511,18.838525772094727
2026-04-28 07:17:01.988542,2026-04-28 07:17:01.988542,19.00102806091309
2026-04-28 07:17:02.190749,2026-04-28 07:17:02.190749,19.1391544342041
2026-04-28 07:17:02.389702,2026-04-28 07:17:02.389702,19.256563186645508
2026-04-28 07:17:02.592168,2026-04-28 07:17:02.592168,19.356359481811523
2026-04-28 07:17:02.795300,2026-04-28 07:17:02.795300,19.616968154907227
2026-04-28 07:17:02.988410,2026-04-28 07:17:02.988410,19.83848571777344
2026-04-28 07:17:03.188607,2026-04-28 07:17:03.188607,20.026775360107425
2026-04-28 07:17:03.390472,2026-04-28 07:17:03.390472,20.18682098388672
2026-04-28 07:17:03.588991,2026-04-28 07:17:03.588991,20.32286071777344
2026-04-28 07:17:03.790371,2026-04-28 07:17:03.790371,20.43849372863769
2026-04-28 07:17:03.989808,2026-04-28 07:17:03.989808,20.53678321838379
2026-04-28 07:17:04.188798,2026-04-28 07:17:04.188798,20.62032699584961
2026-04-28 07:17:04.388499,2026-04-28 07:17:04.388499,20.691341400146484
2026-04-28 07:17:04.591562,2026-04-28 07:17:04.591562,20.75170135498047
2026-04-28 07:17:04.788606,2026-04-28 07:17:04.788606,20.803009033203125
2026-04-28 07:17:04.990707,2026-04-28 07:17:04.990707,20.846620559692383
2026-04-28 07:17:05.188281,2026-04-28 07:17:05.188281,20.883689880371094
2026-04-28 07:17:05.389832,2026-04-28 07:17:05.389832,20.91519927978516
2026-04-28 07:17:05.589275,2026-04-28 07:17:05.589275,20.94198226928711
2026-04-28 07:17:05.794420,2026-04-28 07:17:05.794420,20.964746475219727
2026-04-28 07:17:05.988436,2026-04-28 07:17:05.988436,20.98409652709961
2026-04-28 07:17:06.189644,2026-04-28 07:17:06.189644,21.000545501708984
2026-04-28 07:17:06.390022,2026-04-28 07:17:06.390022,21.0145263671875
2026-04-28 07:17:06.590276,2026-04-28 07:17:06.590276,21.02640914916992
2026-04-28 07:17:06.788797,2026-04-28 07:17:06.788797,21.036510467529297
2026-04-28 07:17:06.989655,2026-04-28 07:17:06.989655,21.04509735107422
2026-04-28 07:17:07.188709,2026-04-28 07:17:07.188709,21.05239486694336
2026-04-28 07:17:07.399069,2026-04-28 07:17:07.399069,21.058597564697266
2026-04-28 07:17:07.590051,2026-04-28 07:17:07.590051,21.063871383666992
2026-04-28 07:17:07.789770,2026-04-28 07:17:07.789770,21.06835174560547
2026-04-28 07:17:07.991110,2026-04-28 07:17:07.991110,21.247943878173828
2026-04-28 07:17:08.191219,2026-04-28 07:17:08.191219,21.400596618652344
2026-04-28 07:17:08.395194,2026-04-28 07:17:08.395194,21.530349731445312
2026-04-28 07:17:08.588436,2026-04-28 07:17:08.588436,21.64064216613769
2026-04-28 07:17:08.789758,2026-04-28 07:17:08.789758,21.73438835144043
2026-04-28 07:17:08.988844,2026-04-28 07:17:08.988844,21.81407356262207
2026-04-28 07:17:09.189106,2026-04-28 07:17:09.189106,21.881807327270508
2026-04-28 07:17:09.389009,2026-04-28 07:17:09.389009,21.93937873840332
2026-04-28 07:17:09.588753,2026-04-28 07:17:09.588753,21.98831558227539
2026-04-28 07:17:09.806889,2026-04-28 07:17:09.806889,22.0299129486084
2026-04-28 07:17:09.992724,2026-04-28 07:17:09.992724,22.065269470214844
2026-04-28 07:17:10.189047,2026-04-28 07:17:10.189047,22.09532356262207
2026-04-28 07:17:10.388664,2026-04-28 07:17:10.388664,22.120868682861328
2026-04-28 07:17:10.591360,2026-04-28 07:17:10.591360,22.142581939697266
2026-04-28 07:17:10.789510,2026-04-28 07:17:10.789510,22.16103744506836
2026-04-28 07:17:10.989249,2026-04-28 07:17:10.989249,22.17672538757324
2026-04-28 07:17:11.190069,2026-04-28 07:17:11.190069,22.190061569213867
2026-04-28 07:17:11.388331,2026-04-28 07:17:11.388331,22.20139503479004
2026-04-28 07:17:11.588554,2026-04-28 07:17:11.588554,22.211030960083008
2026-04-28 07:17:11.790022,2026-04-28 07:17:11.790022,22.219219207763672
2026-04-28 07:17:11.995493,2026-04-28 07:17:11.995493,22.22618103027344
2026-04-28 07:17:12.192043,2026-04-28 07:17:12.192043,22.232097625732425
2026-04-28 07:17:12.389157,2026-04-28 07:17:12.389157,22.23712539672852
2026-04-28 07:17:12.588449,2026-04-28 07:17:12.588449,22.24140167236328
2026-04-28 07:17:12.788697,2026-04-28 07:17:12.788697,22.24503517150879
2026-04-28 07:17:12.990475,2026-04-28 07:17:12.990475,22.248123168945312
2026-04-28 07:17:13.190140,2026-04-28 07:17:13.190140,22.250747680664062
2026-04-28 07:17:13.392150,2026-04-28 07:17:13.392150,22.252979278564453
2026-04-28 07:17:13.589011,2026-04-28 07:17:13.589011,22.2548770904541
2026-04-28 07:17:13.790028,2026-04-28 07:17:13.790028,22.256488800048828
2026-04-28 07:17:13.988556,2026-04-28 07:17:13.988556,22.25786018371582
2026-04-28 07:17:14.191442,2026-04-28 07:17:14.191442,22.25902366638184
2026-04-28 07:17:14.390769,2026-04-28 07:17:14.390769,22.260013580322266
2026-04-28 07:17:14.589442,2026-04-28 07:17:14.589442,22.26085662841797
2026-04-28 07:17:14.789374,2026-04-28 07:17:14.789374,22.261571884155277
2026-04-28 07:17:14.992074,2026-04-28 07:17:14.992074,22.262178421020508
2026-04-28 07:17:15.188849,2026-04-28 07:17:15.188849,22.2626953125
2026-04-28 07:17:15.389414,2026-04-28 07:17:15.389414,22.26313591003418
2026-04-28 07:17:15.589249,2026-04-28 07:17:15.589249,22.26350975036621
2026-04-28 07:17:15.788622,2026-04-28 07:17:15.788622,22.263826370239254
2026-04-28 07:17:15.992716,2026-04-28 07:17:15.992716,22.264095306396484
2026-04-28 07:17:16.192003,2026-04-28 07:17:16.192003,22.26432609558105
2026-04-28 07:17:16.389577,2026-04-28 07:17:16.389577,22.2645206451416
2026-04-28 07:17:16.593644,2026-04-28 07:17:16.593644,22.264686584472656
2026-04-28 07:17:16.793972,2026-04-28 07:17:16.793972,22.264827728271484
2026-04-28 07:17:16.988892,2026-04-28 07:17:16.988892,22.26494598388672
2026-04-28 07:17:17.189985,2026-04-28 07:17:17.189985,22.26504898071289
2026-04-28 07:17:17.389855,2026-04-28 07:17:17.389855,22.265134811401367
2026-04-28 07:17:17.589382,2026-04-28 07:17:17.589382,22.265209197998047
2026-04-28 07:17:17.792975,2026-04-28 07:17:17.792975,22.265270233154297
2026-04-28 07:17:17.998626,2026-04-28 07:17:17.998626,22.265323638916016
2026-04-28 07:17:18.190314,2026-04-28 07:17:18.190314,22.265369415283203
2026-04-28 07:17:18.388373,2026-04-28 07:17:18.388373,22.26540756225586
2026-04-28 07:17:18.588453,2026-04-28 07:17:18.588453,22.089658737182617
2026-04-28 07:17:18.789215,2026-04-28 07:17:18.789215,21.94027328491211
2026-04-28 07:17:18.988339,2026-04-28 07:17:18.988339,21.81329345703125
2026-04-28 07:17:19.188965,2026-04-28 07:17:19.188965,21.70536231994629
2026-04-28 07:17:19.390648,2026-04-28 07:17:19.390648,21.61362075805664
2026-04-28 07:17:32.492283,2026-04-28 07:17:32.492283,21.53564071655273
2026-04-28 07:17:32.693753,2026-04-28 07:17:32.693753,21.469356536865234
2026-04-28 07:17:32.891619,2026-04-28 07:17:32.891619,21.237234115600582
2026-04-28 07:17:33.091292,2026-04-28 07:17:33.091292,21.03993034362793
2026-04-28 07:17:33.295414,2026-04-28 07:17:33.295414,20.872222900390625
2026-04-28 07:17:33.495114,2026-04-28 07:17:33.495114,20.72966957092285
2026-04-28 07:17:33.696964,2026-04-28 07:17:33.696964,20.60850143432617
2026-04-28 07:17:33.890476,2026-04-28 07:17:33.890476,20.50550651550293
2026-04-28 07:17:34.093605,2026-04-28 07:17:34.093605,20.4179630279541
2026-04-28 07:17:34.288768,2026-04-28 07:17:34.288768,20.343549728393555
2026-04-28 07:17:34.490134,2026-04-28 07:17:34.490134,20.280298233032227
2026-04-28 07:17:34.695150,2026-04-28 07:17:34.695150,20.226533889770508
2026-04-28 07:17:34.890660,2026-04-28 07:17:34.890660,20.180835723876957
2026-04-28 07:17:35.089812,2026-04-28 07:17:35.089812,20.141990661621094
2026-04-28 07:17:35.290776,2026-04-28 07:17:35.290776,20.10897445678711
2026-04-28 07:17:35.490449,2026-04-28 07:17:35.490449,20.080909729003903
2026-04-28 07:17:35.690226,2026-04-28 07:17:35.690226,20.05705451965332
2026-04-28 07:17:35.891935,2026-04-28 07:17:35.891935,20.03677749633789
2026-04-28 07:17:36.092231,2026-04-28 07:17:36.092231,20.0195426940918
2026-04-28 07:17:36.289495,2026-04-28 07:17:36.289495,20.004892349243164
2026-04-28 07:17:36.488249,2026-04-28 07:17:36.488249,19.99243927001953
2026-04-28 07:17:36.688516,2026-04-28 07:17:36.688516,19.98185539245605
2026-04-28 07:17:36.900171,2026-04-28 07:17:36.900171,19.97285842895508
2026-04-28 07:17:37.090903,2026-04-28 07:17:37.090903,19.7894287109375
2026-04-28 07:17:37.290290,2026-04-28 07:17:37.290290,19.633514404296875
2026-04-28 07:17:37.489557,2026-04-28 07:17:37.489557,19.5009880065918
2026-04-28 07:17:37.694590,2026-04-28 07:17:37.694590,19.38833999633789
2026-04-28 07:17:37.890006,2026-04-28 07:17:37.890006,19.29258918762207
2026-04-28 07:17:38.090618,2026-04-28 07:17:38.090618,19.211200714111328
2026-04-28 07:17:38.288713,2026-04-28 07:17:38.288713,19.142019271850582
2026-04-28 07:17:38.490247,2026-04-28 07:17:38.490247,19.08321762084961
2026-04-28 07:17:38.689179,2026-04-28 07:17:38.689179,19.033233642578125
2026-04-28 07:17:38.898960,2026-04-28 07:17:38.898960,18.99074935913086
2026-04-28 07:17:39.088532,2026-04-28 07:17:39.088532,18.95463752746582
2026-04-28 07:17:39.288539,2026-04-28 07:17:39.288539,18.923940658569336
2026-04-28 07:17:39.491258,2026-04-28 07:17:39.491258,18.897850036621094
2026-04-28 07:17:39.691576,2026-04-28 07:17:39.691576,18.875673294067383
2026-04-28 07:17:39.892260,2026-04-28 07:17:39.892260,19.032602310180664
2026-04-28 07:17:40.089479,2026-04-28 07:17:40.089479,19.16599464416504
2026-04-28 07:17:40.288623,2026-04-28 07:17:40.288623,19.279375076293945
2026-04-28 07:17:40.488456,2026-04-28 07:17:40.488456,19.375751495361328
2026-04-28 07:17:40.688343,2026-04-28 07:17:40.688343,19.457670211791992
2026-04-28 07:17:40.896822,2026-04-28 07:17:40.896822,19.527299880981445
2026-04-28 07:17:41.089932,2026-04-28 07:17:41.089932,19.58648681640625
2026-04-28 07:17:41.299645,2026-04-28 07:17:41.299645,19.636795043945312
2026-04-28 07:17:41.488743,2026-04-28 07:17:41.488743,19.679555892944336
2026-04-28 07:17:41.690524,2026-04-28 07:17:41.690524,19.715904235839844
2026-04-28 07:17:41.889607,2026-04-28 07:17:41.889607,19.92258071899414
2026-04-28 07:17:42.095913,2026-04-28 07:17:42.095913,20.098257064819336
2026-04-28 07:17:42.290970,2026-04-28 07:17:42.290970,20.247581481933597
2026-04-28 07:17:42.490191,2026-04-28 07:17:42.490191,20.3745059967041
2026-04-28 07:17:42.689766,2026-04-28 07:17:42.689766,20.482393264770508
2026-04-28 07:17:42.892576,2026-04-28 07:17:42.892576,20.5740966796875
2026-04-28 07:17:43.088454,2026-04-28 07:17:43.088454,20.47626304626465
2026-04-28 07:17:43.290341,2026-04-28 07:17:43.290341,20.568885803222656
2026-04-28 07:17:43.489233,2026-04-28 07:17:43.489233,20.647615432739254
2026-04-28 07:17:43.688527,2026-04-28 07:17:43.688527,20.89031791687012
2026-04-28 07:17:43.888261,2026-04-28 07:17:43.888261,21.27239418029785
2026-04-28 07:17:44.089156,2026-04-28 07:17:44.089156,21.59716033935547
2026-04-28 07:17:44.288824,2026-04-28 07:17:44.288824,22.048992156982425
2026-04-28 07:17:44.488933,2026-04-28 07:17:44.488933,22.43305015563965
2026-04-28 07:17:44.702000,2026-04-28 07:17:44.702000,22.583717346191406
2026-04-28 07:17:44.888861,2026-04-28 07:17:44.888861,22.88756561279297
2026-04-28 07:17:45.093355,2026-04-28 07:17:45.093355,22.97005653381348
2026-04-28 07:17:45.290646,2026-04-28 07:17:45.290646,23.215953826904297
2026-04-28 07:17:45.490492,2026-04-28 07:17:45.490492,23.42496681213379
2026-04-28 07:17:45.691658,2026-04-28 07:17:45.691658,23.602628707885746
2026-04-28 07:17:45.889101,2026-04-28 07:17:45.889101,23.92942237854004
2026-04-28 07:17:46.088334,2026-04-28 07:17:46.088334,24.207195281982425
2026-04-28 07:17:46.293761,2026-04-28 07:17:46.293761,24.44330406188965
2026-04-28 07:17:46.491455,2026-04-28 07:17:46.491455,24.64399528503418
2026-04-28 07:17:46.688577,2026-04-28 07:17:46.688577,24.814584732055664
2026-04-28 07:17:46.889661,2026-04-28 07:17:46.889661,24.959583282470703
2026-04-28 07:17:47.089394,2026-04-28 07:17:47.089394,25.08283424377441
2026-04-28 07:17:47.288635,2026-04-28 07:17:47.288635,25.18759536743164
2026-04-28 07:17:47.489151,2026-04-28 07:17:47.489151,25.27664375305176
2026-04-28 07:17:47.702995,2026-04-28 07:17:47.702995,25.35233497619629
2026-04-28 07:17:47.888357,2026-04-28 07:17:47.888357,25.416671752929688
2026-04-28 07:17:48.088875,2026-04-28 07:17:48.088875,25.471359252929688
2026-04-28 07:17:48.290318,2026-04-28 07:17:48.290318,25.51784324645996
2026-04-28 07:17:48.488917,2026-04-28 07:17:48.488917,25.557353973388672
2026-04-28 07:17:48.694792,2026-04-28 07:17:48.694792,25.590938568115234
2026-04-28 07:17:48.891936,2026-04-28 07:17:48.891936,25.61948585510254
2026-04-28 07:17:49.091987,2026-04-28 07:17:49.091987,25.643749237060547
2026-04-28 07:17:49.289732,2026-04-28 07:17:49.289732,25.66437530517578
2026-04-28 07:17:49.489784,2026-04-28 07:17:49.489784,25.68190574645996
2026-04-28 07:17:49.692679,2026-04-28 07:17:49.692679,25.696807861328125
2026-04-28 07:17:49.894209,2026-04-28 07:17:49.894209,25.709474563598636
2026-04-28 07:17:50.091377,2026-04-28 07:17:50.091377,25.896020889282227
2026-04-28 07:17:50.289254,2026-04-28 07:17:50.289254,26.05458641052246
2026-04-28 07:17:50.488276,2026-04-28 07:17:50.488276,26.189367294311523
2026-04-28 07:17:50.691051,2026-04-28 07:17:50.691051,26.303932189941406
2026-04-28 07:17:50.891536,2026-04-28 07:17:50.891536,26.401309967041016
2026-04-28 07:17:51.090939,2026-04-28 07:17:51.090939,26.48408317565918
2026-04-28 07:17:51.291851,2026-04-28 07:17:51.291851,26.55443954467773
2026-04-28 07:17:51.494125,2026-04-28 07:17:51.494125,26.614242553710938
2026-04-28 07:17:51.694880,2026-04-28 07:17:51.694880,26.665075302124023
2026-04-28 07:17:51.891988,2026-04-28 07:17:51.891988,26.708282470703125
2026-04-28 07:17:52.100600,2026-04-28 07:17:52.100600,26.74500846862793
2026-04-28 07:17:52.298108,2026-04-28 07:17:52.298108,26.77622604370117
2026-04-28 07:17:52.492925,2026-04-28 07:17:52.492925,26.80276107788086
2026-04-28 07:17:52.691943,2026-04-28 07:17:52.691943,26.825315475463867
2026-04-28 07:17:52.898990,2026-04-28 07:17:52.898990,26.844486236572266
2026-04-28 07:17:53.091192,2026-04-28 07:17:53.091192,26.860782623291016
2026-04-28 07:17:53.291551,2026-04-28 07:17:53.291551,26.8746337890625
2026-04-28 07:17:53.488576,2026-04-28 07:17:53.488576,26.88640785217285
2026-04-28 07:17:53.692095,2026-04-28 07:17:53.692095,26.89641571044922
2026-04-28 07:17:53.890574,2026-04-28 07:17:53.890574,26.90492248535156
2026-04-28 07:17:54.096106,2026-04-28 07:17:54.096106,26.91215133666992
2026-04-28 07:17:54.292518,2026-04-28 07:17:54.292518,26.74251747131348
2026-04-28 07:17:54.490062,2026-04-28 07:17:54.490062,26.77410888671875
2026-04-28 07:17:54.691617,2026-04-28 07:17:54.691617,26.800960540771484
2026-04-28 07:17:54.892740,2026-04-28 07:17:54.892740,26.64800453186035
2026-04-28 07:17:55.090275,2026-04-28 07:17:55.090275,26.517990112304688
2026-04-28 07:17:55.293601,2026-04-28 07:17:55.293601,26.407480239868164
2026-04-28 07:17:55.500956,2026-04-28 07:17:55.500956,26.31354522705078
2026-04-28 07:17:55.692918,2026-04-28 07:17:55.692918,26.233701705932617
2026-04-28 07:17:55.889320,2026-04-28 07:17:55.889320,26.16583251953125
2026-04-28 07:17:56.090289,2026-04-28 07:17:56.090289,25.93236541748047
2026-04-28 07:17:56.294115,2026-04-28 07:17:56.294115,25.73391532897949
2026-04-28 07:17:56.498328,2026-04-28 07:17:56.498328,25.565235137939453
2026-04-28 07:17:56.689047,2026-04-28 07:17:56.689047,25.246074676513672
2026-04-28 07:17:56.891419,2026-04-28 07:17:56.891419,24.974788665771484
2026-04-28 07:17:57.093676,2026-04-28 07:17:57.093676,24.74419593811035
2026-04-28 07:17:57.289990,2026-04-28 07:17:57.289990,24.54819107055664
2026-04-28 07:17:57.488907,2026-04-28 07:17:57.488907,24.20580673217773
2026-04-28 07:17:57.698931,2026-04-28 07:17:57.698931,23.914779663085938
2026-04-28 07:18:10.801467,2026-04-28 07:18:10.801467,23.66740608215332
2026-04-28 07:18:10.990283,2026-04-28 07:18:10.990283,23.45713806152344
2026-04-28 07:18:11.201863,2026-04-28 07:18:11.201863,23.27841186523437
2026-04-28 07:18:11.402450,2026-04-28 07:18:11.402450,23.12649345397949
2026-04-28 07:18:11.589768,2026-04-28 07:18:11.589768,22.997364044189453
2026-04-28 07:18:11.792513,2026-04-28 07:18:11.792513,22.887601852416992
2026-04-28 07:18:11.999508,2026-04-28 07:18:11.999508,22.6185245513916
2026-04-28 07:18:12.193356,2026-04-28 07:18:12.193356,22.38980865478516
2026-04-28 07:18:12.398512,2026-04-28 07:18:12.398512,22.19540023803711
2026-04-28 07:18:12.591126,2026-04-28 07:18:12.591126,22.0301513671875
2026-04-28 07:18:12.799743,2026-04-28 07:18:12.799743,21.889692306518555
2026-04-28 07:18:12.998566,2026-04-28 07:18:12.998566,21.594518661499023
2026-04-28 07:18:13.202209,2026-04-28 07:18:13.202209,21.3436222076416
2026-04-28 07:18:13.399393,2026-04-28 07:18:13.399393,21.130359649658203
2026-04-28 07:18:13.598449,2026-04-28 07:18:13.598449,20.949087142944336
2026-04-28 07:18:13.791670,2026-04-28 07:18:13.791670,20.795005798339844
2026-04-28 07:18:14.005392,2026-04-28 07:18:14.005392,20.66403579711914
2026-04-28 07:18:14.190180,2026-04-28 07:18:14.190180,20.552711486816406
2026-04-28 07:18:14.402406,2026-04-28 07:18:14.402406,20.458086013793945
2026-04-28 07:18:14.600062,2026-04-28 07:18:14.600062,20.377655029296875
2026-04-28 07:18:14.799184,2026-04-28 07:18:14.799184,20.309288024902344
2026-04-28 07:18:15.002824,2026-04-28 07:18:15.002824,20.25117492675781
2026-04-28 07:18:15.198373,2026-04-28 07:18:15.198373,20.201780319213867
2026-04-28 07:18:15.398934,2026-04-28 07:18:15.398934,20.1597957611084
2026-04-28 07:18:15.600395,2026-04-28 07:18:15.600395,20.124107360839844
2026-04-28 07:18:15.799715,2026-04-28 07:18:15.799715,20.093772888183597
2026-04-28 07:18:15.999883,2026-04-28 07:18:15.999883,20.0679874420166
2026-04-28 07:18:16.204735,2026-04-28 07:18:16.204735,20.046070098876957
2026-04-28 07:18:16.398602,2026-04-28 07:18:16.398602,19.851659774780277
2026-04-28 07:18:16.598432,2026-04-28 07:18:16.598432,19.686410903930664
2026-04-28 07:18:16.799079,2026-04-28 07:18:16.799079,19.54594993591309
2026-04-28 07:18:17.001688,2026-04-28 07:18:17.001688,19.426557540893555
2026-04-28 07:18:17.198545,2026-04-28 07:18:17.198545,19.3250732421875
2026-04-28 07:18:17.399152,2026-04-28 07:18:17.399152,19.23881149291992
2026-04-28 07:18:17.600429,2026-04-28 07:18:17.600429,19.165491104125977
2026-04-28 07:18:17.800816,2026-04-28 07:18:17.800816,19.103166580200195
2026-04-28 07:18:18.005390,2026-04-28 07:18:18.005390,19.05019187927246
2026-04-28 07:18:18.202874,2026-04-28 07:18:18.202874,19.005163192749023
2026-04-28 07:18:18.398509,2026-04-28 07:18:18.398509,18.96688842773437
2026-04-28 07:18:18.601370,2026-04-28 07:18:18.601370,18.93435478210449
2026-04-28 07:18:18.802169,2026-04-28 07:18:18.802169,18.730920791625977
2026-04-28 07:18:19.000197,2026-04-28 07:18:19.000197,18.733781814575195
2026-04-28 07:18:19.199869,2026-04-28 07:18:19.199869,18.560434341430664
2026-04-28 07:18:19.398403,2026-04-28 07:18:19.398403,18.588869094848636
2026-04-28 07:18:19.599074,2026-04-28 07:18:19.599074,18.437257766723636
2026-04-28 07:18:19.801923,2026-04-28 07:18:19.801923,18.308387756347656
2026-04-28 07:18:20.000669,2026-04-28 07:18:20.000669,18.198848724365234
2026-04-28 07:18:20.198687,2026-04-28 07:18:20.198687,18.10573959350586
2026-04-28 07:18:20.400217,2026-04-28 07:18:20.400217,18.02659797668457
2026-04-28 07:18:20.601894,2026-04-28 07:18:20.601894,17.959325790405273
2026-04-28 07:18:20.798482,2026-04-28 07:18:20.798482,17.90214729309082
2026-04-28 07:18:20.999396,2026-04-28 07:18:20.999396,17.85354232788086
2026-04-28 07:18:21.201615,2026-04-28 07:18:21.201615,17.812231063842773
2026-04-28 07:18:21.402777,2026-04-28 07:18:21.402777,17.777114868164062
2026-04-28 07:18:21.601914,2026-04-28 07:18:21.601914,17.74726676940918
2026-04-28 07:18:21.805752,2026-04-28 07:18:21.805752,17.546113967895508
2026-04-28 07:18:22.000035,2026-04-28 07:18:22.000035,17.375133514404297
2026-04-28 07:18:22.200097,2026-04-28 07:18:22.200097,17.229801177978516
2026-04-28 07:18:22.401437,2026-04-28 07:18:22.401437,17.10626792907715
2026-04-28 07:18:22.603782,2026-04-28 07:18:22.603782,17.001266479492188
2026-04-28 07:18:22.791150,2026-04-28 07:18:22.791150,16.91201400756836
2026-04-28 07:18:23.001777,2026-04-28 07:18:23.001777,16.836149215698242
2026-04-28 07:18:23.199563,2026-04-28 07:18:23.199563,16.771663665771484
2026-04-28 07:18:23.400405,2026-04-28 07:18:23.400405,16.71685218811035
2026-04-28 07:18:23.603569,2026-04-28 07:18:23.603569,16.67026138305664
2026-04-28 07:18:23.800654,2026-04-28 07:18:23.800654,16.630659103393555
2026-04-28 07:18:24.000889,2026-04-28 07:18:24.000889,16.77277946472168
2026-04-28 07:18:24.206218,2026-04-28 07:18:24.206218,16.89358139038086
2026-04-28 07:18:24.402561,2026-04-28 07:18:24.402561,16.99626350402832
2026-04-28 07:18:24.589826,2026-04-28 07:18:24.589826,16.907760620117188
2026-04-28 07:18:24.804720,2026-04-28 07:18:24.804720,17.008316040039062
2026-04-28 07:18:24.999115,2026-04-28 07:18:24.999115,16.918004989624023
2026-04-28 07:18:25.200732,2026-04-28 07:18:25.200732,17.01702308654785
2026-04-28 07:18:25.399428,2026-04-28 07:18:25.399428,17.10118865966797
2026-04-28 07:18:25.603955,2026-04-28 07:18:25.603955,16.9969482421875
2026-04-28 07:18:25.805289,2026-04-28 07:18:25.805289,16.908344268798828
2026-04-28 07:18:26.001163,2026-04-28 07:18:26.001163,17.00881004333496
2026-04-28 07:18:26.201200,2026-04-28 07:18:26.201200,17.094207763671875
2026-04-28 07:18:26.390626,2026-04-28 07:18:26.390626,17.16679573059082
2026-04-28 07:18:26.599173,2026-04-28 07:18:26.599173,17.22849464416504
2026-04-28 07:18:26.801715,2026-04-28 07:18:26.801715,17.28093910217285
2026-04-28 07:18:27.000825,2026-04-28 07:18:27.000825,17.325517654418945
2026-04-28 07:18:27.199209,2026-04-28 07:18:27.199209,17.3634090423584
2026-04-28 07:18:27.404357,2026-04-28 07:18:27.404357,17.39561653137207
2026-04-28 07:18:27.599287,2026-04-28 07:18:27.599287,17.422992706298828
2026-04-28 07:18:27.792270,2026-04-28 07:18:27.792270,17.44626235961914
2026-04-28 07:18:28.003274,2026-04-28 07:18:28.003274,17.466041564941406
2026-04-28 07:18:28.201340,2026-04-28 07:18:28.201340,17.30707359313965
2026-04-28 07:18:28.403199,2026-04-28 07:18:28.403199,16.99616813659668
2026-04-28 07:18:28.599610,2026-04-28 07:18:28.599610,16.90768051147461
2026-04-28 07:18:28.799718,2026-04-28 07:18:28.799718,16.83246612548828
2026-04-28 07:18:28.991234,2026-04-28 07:18:28.991234,16.94431495666504
2026-04-28 07:18:29.200644,2026-04-28 07:18:29.200644,16.863605499267578
2026-04-28 07:18:29.404011,2026-04-28 07:18:29.404011,16.970783233642578
2026-04-28 07:18:29.599442,2026-04-28 07:18:29.599442,17.0618839263916
2026-04-28 07:18:29.799688,2026-04-28 07:18:29.799688,16.963539123535156
2026-04-28 07:18:30.001250,2026-04-28 07:18:30.001250,17.055727005004883
2026-04-28 07:18:30.203051,2026-04-28 07:18:30.203051,16.95830535888672
2026-04-28 07:18:30.401394,2026-04-28 07:18:30.401394,16.875497817993164
2026-04-28 07:18:30.602600,2026-04-28 07:18:30.602600,16.805110931396484
2026-04-28 07:18:30.800698,2026-04-28 07:18:30.800698,16.745281219482422
2026-04-28 07:18:30.994038,2026-04-28 07:18:30.994038,16.694425582885742
2026-04-28 07:18:31.200810,2026-04-28 07:18:31.200810,16.651199340820312
2026-04-28 07:18:31.398347,2026-04-28 07:18:31.398347,16.614458084106445
2026-04-28 07:18:31.600579,2026-04-28 07:18:31.600579,16.759008407592773
2026-04-28 07:18:31.791059,2026-04-28 07:18:31.791059,16.70609474182129
2026-04-28 07:18:31.999234,2026-04-28 07:18:31.999234,16.836898803710938
2026-04-28 07:18:32.198931,2026-04-28 07:18:32.198931,16.772300720214844
2026-04-28 07:18:32.399238,2026-04-28 07:18:32.399238,16.71739387512207
2026-04-28 07:18:32.599191,2026-04-28 07:18:32.599191,16.67072296142578
2026-04-28 07:18:32.794655,2026-04-28 07:18:32.794655,16.631052017211914
2026-04-28 07:18:32.999064,2026-04-28 07:18:32.999064,16.597332000732422
2026-04-28 07:18:33.201637,2026-04-28 07:18:33.201637,16.568668365478516
2026-04-28 07:18:33.399636,2026-04-28 07:18:33.399636,16.5443058013916
2026-04-28 07:18:33.598968,2026-04-28 07:18:33.598968,16.523597717285156
2026-04-28 07:18:33.799177,2026-04-28 07:18:33.799177,16.50599479675293
2026-04-28 07:18:34.001111,2026-04-28 07:18:34.001111,16.49103355407715
2026-04-28 07:18:34.198631,2026-04-28 07:18:34.198631,16.478315353393555
2026-04-28 07:18:34.399926,2026-04-28 07:18:34.399926,16.291725158691406
2026-04-28 07:18:34.598639,2026-04-28 07:18:34.598639,15.781559944152832
2026-04-28 07:18:34.798462,2026-04-28 07:18:34.798462,15.172138214111328
2026-04-28 07:18:34.998556,2026-04-28 07:18:34.998556,14.654129981994627
2026-04-28 07:18:35.199549,2026-04-28 07:18:35.199549,14.213823318481444
2026-04-28 07:18:35.406837,2026-04-28 07:18:35.406837,13.66378116607666
2026-04-28 07:18:35.598986,2026-04-28 07:18:35.598986,13.196245193481444
2026-04-28 07:18:35.801815,2026-04-28 07:18:35.801815,12.798839569091797
2026-04-28 07:18:35.998793,2026-04-28 07:18:35.998793,12.461045265197754
2026-04-28 07:18:49.100857,2026-04-28 07:18:49.100857,12.173919677734377
2026-04-28 07:18:49.299669,2026-04-28 07:18:49.299669,11.92986297607422
2026-04-28 07:18:49.499024,2026-04-28 07:18:49.499024,11.72241497039795
2026-04-28 07:18:49.698940,2026-04-28 07:18:49.698940,11.546083450317385
2026-04-28 07:18:49.899467,2026-04-28 07:18:49.899467,11.220420837402344
2026-04-28 07:18:50.099010,2026-04-28 07:18:50.099010,10.943608283996582
2026-04-28 07:18:50.301393,2026-04-28 07:18:50.301393,10.708316802978516
2026-04-28 07:18:50.507576,2026-04-28 07:18:50.507576,10.508318901062012
2026-04-28 07:18:50.700108,2026-04-28 07:18:50.700108,10.338321685791016
2026-04-28 07:18:50.898706,2026-04-28 07:18:50.898706,10.193822860717772
2026-04-28 07:18:51.098687,2026-04-28 07:18:51.098687,10.071000099182127
2026-04-28 07:18:51.295721,2026-04-28 07:18:51.295721,9.966599464416504
2026-04-28 07:18:51.501541,2026-04-28 07:18:51.501541,9.877860069274902
2026-04-28 07:18:51.699552,2026-04-28 07:18:51.699552,9.802431106567385
2026-04-28 07:18:51.899271,2026-04-28 07:18:51.899271,9.738316535949709
2026-04-28 07:18:52.100196,2026-04-28 07:18:52.100196,9.683818817138672
2026-04-28 07:18:52.300207,2026-04-28 07:18:52.300207,9.637495994567873
2026-04-28 07:18:52.500986,2026-04-28 07:18:52.500986,9.598121643066406
2026-04-28 07:18:52.699484,2026-04-28 07:18:52.699484,9.564653396606444
2026-04-28 07:18:52.899130,2026-04-28 07:18:52.899130,9.536205291748049
2026-04-28 07:18:53.100318,2026-04-28 07:18:53.100318,9.512024879455566
2026-04-28 07:18:53.307587,2026-04-28 07:18:53.307587,11.24928379058838
2026-04-28 07:18:53.498483,2026-04-28 07:18:53.498483,12.725953102111816
2026-04-28 07:18:53.700268,2026-04-28 07:18:53.700268,13.981122970581056
2026-04-28 07:18:53.899129,2026-04-28 07:18:53.899129,15.048016548156738
2026-04-28 07:18:54.105129,2026-04-28 07:18:54.105129,15.954876899719238
2026-04-28 07:18:54.300099,2026-04-28 07:18:54.300099,16.7257080078125
2026-04-28 07:18:54.500242,2026-04-28 07:18:54.500242,17.38091468811035
2026-04-28 07:18:54.700692,2026-04-28 07:18:54.700692,17.93783950805664
2026-04-28 07:18:54.903675,2026-04-28 07:18:54.903675,18.411226272583008
2026-04-28 07:18:55.100517,2026-04-28 07:18:55.100517,18.8136043548584
2026-04-28 07:18:55.302638,2026-04-28 07:18:55.302638,18.97984504699707
2026-04-28 07:18:55.499695,2026-04-28 07:18:55.499695,19.12114906311035
2026-04-28 07:18:55.700560,2026-04-28 07:18:55.700560,19.41703987121582
2026-04-28 07:18:55.902226,2026-04-28 07:18:55.902226,19.492765426635746
2026-04-28 07:18:56.105025,2026-04-28 07:18:56.105025,19.732912063598636
2026-04-28 07:18:56.300804,2026-04-28 07:18:56.300804,19.93703842163086
2026-04-28 07:18:56.501558,2026-04-28 07:18:56.501558,20.110544204711918
2026-04-28 07:18:56.698488,2026-04-28 07:18:56.698488,20.258026123046875
2026-04-28 07:18:56.898754,2026-04-28 07:18:56.898754,20.383384704589844
2026-04-28 07:18:57.101776,2026-04-28 07:18:57.101776,20.489938735961918
2026-04-28 07:18:57.301691,2026-04-28 07:18:57.301691,20.58051109313965
2026-04-28 07:18:57.498702,2026-04-28 07:18:57.498702,20.65749740600586
2026-04-28 07:18:57.701252,2026-04-28 07:18:57.701252,20.72293472290039
2026-04-28 07:18:57.899700,2026-04-28 07:18:57.899700,20.77855682373047
2026-04-28 07:18:58.100218,2026-04-28 07:18:58.100218,20.825836181640625
2026-04-28 07:18:58.299334,2026-04-28 07:18:58.299334,20.866024017333984
2026-04-28 07:18:58.501206,2026-04-28 07:18:58.501206,20.900182723999023
2026-04-28 07:18:58.698612,2026-04-28 07:18:58.698612,20.92921638488769
2026-04-28 07:18:58.892477,2026-04-28 07:18:58.892477,20.95389747619629
2026-04-28 07:18:59.099597,2026-04-28 07:18:59.099597,20.97487449645996
2026-04-28 07:18:59.298431,2026-04-28 07:18:59.298431,20.992706298828125
2026-04-28 07:18:59.499295,2026-04-28 07:18:59.499295,21.007862091064453
2026-04-28 07:18:59.703485,2026-04-28 07:18:59.703485,21.0207462310791
2026-04-28 07:18:59.898944,2026-04-28 07:18:59.898944,21.03169631958008
2026-04-28 07:19:00.098433,2026-04-28 07:19:00.098433,21.041004180908203
2026-04-28 07:19:00.303285,2026-04-28 07:19:00.303285,21.04891586303711
2026-04-28 07:19:00.499296,2026-04-28 07:19:00.499296,21.055641174316406
2026-04-28 07:19:00.701118,2026-04-28 07:19:00.701118,21.061357498168945
2026-04-28 07:19:00.905145,2026-04-28 07:19:00.905145,21.06621742248535
2026-04-28 07:19:01.098535,2026-04-28 07:19:01.098535,21.07034683227539
2026-04-28 07:19:01.300147,2026-04-28 07:19:01.300147,21.07385635375977
2026-04-28 07:19:01.499551,2026-04-28 07:19:01.499551,21.07684135437012
2026-04-28 07:19:01.702237,2026-04-28 07:19:01.702237,21.07937812805176
2026-04-28 07:19:01.898974,2026-04-28 07:19:01.898974,21.08153343200684
2026-04-28 07:19:02.098645,2026-04-28 07:19:02.098645,21.25914764404297
2026-04-28 07:19:02.299748,2026-04-28 07:19:02.299748,21.410118103027344
2026-04-28 07:19:02.501723,2026-04-28 07:19:02.501723,21.53844451904297
2026-04-28 07:19:02.701504,2026-04-28 07:19:02.701504,21.47174072265625
2026-04-28 07:19:02.899739,2026-04-28 07:19:02.899739,21.415040969848636
2026-04-28 07:19:03.103160,2026-04-28 07:19:03.103160,21.36684799194336
2026-04-28 07:19:03.302800,2026-04-28 07:19:03.302800,21.325883865356445
2026-04-28 07:19:03.499157,2026-04-28 07:19:03.499157,21.29106330871582
2026-04-28 07:19:03.700200,2026-04-28 07:19:03.700200,21.26146697998047
2026-04-28 07:19:03.903630,2026-04-28 07:19:03.903630,21.236309051513672
2026-04-28 07:19:04.103794,2026-04-28 07:19:04.103794,21.03914451599121
2026-04-28 07:19:04.301604,2026-04-28 07:19:04.301604,20.871553421020508
2026-04-28 07:19:04.500833,2026-04-28 07:19:04.500833,20.729101181030277
2026-04-28 07:19:04.701881,2026-04-28 07:19:04.701881,20.60801696777344
2026-04-28 07:19:04.901936,2026-04-28 07:19:04.901936,20.505096435546875
2026-04-28 07:19:05.099075,2026-04-28 07:19:05.099075,20.417613983154297
2026-04-28 07:19:05.308046,2026-04-28 07:19:05.308046,20.16747093200684
2026-04-28 07:19:05.502095,2026-04-28 07:19:05.502095,19.95485115051269
2026-04-28 07:19:05.698875,2026-04-28 07:19:05.698875,19.77412223815918
2026-04-28 07:19:05.898519,2026-04-28 07:19:05.898519,19.62050437927246
2026-04-28 07:19:06.101725,2026-04-28 07:19:06.101725,19.48992919921875
2026-04-28 07:19:06.300415,2026-04-28 07:19:06.300415,19.20315742492676
2026-04-28 07:19:06.498791,2026-04-28 07:19:06.498791,18.95940399169922
2026-04-28 07:19:06.700438,2026-04-28 07:19:06.700438,18.75221061706543
2026-04-28 07:19:06.901992,2026-04-28 07:19:06.901992,18.576099395751957
2026-04-28 07:19:07.101569,2026-04-28 07:19:07.101569,18.426403045654297
2026-04-28 07:19:07.301692,2026-04-28 07:19:07.301692,18.12337875366211
2026-04-28 07:19:07.506677,2026-04-28 07:19:07.506677,17.86581039428711
2026-04-28 07:19:07.701286,2026-04-28 07:19:07.701286,17.646875381469727
2026-04-28 07:19:07.900983,2026-04-28 07:19:07.900983,17.460783004760742
2026-04-28 07:19:08.103530,2026-04-28 07:19:08.103530,17.302602767944336
2026-04-28 07:19:08.300344,2026-04-28 07:19:08.300344,17.168149948120117
2026-04-28 07:19:08.500449,2026-04-28 07:19:08.500449,17.053865432739258
2026-04-28 07:19:08.698671,2026-04-28 07:19:08.698671,16.956722259521484
2026-04-28 07:19:08.903106,2026-04-28 07:19:08.903106,16.6983699798584
2026-04-28 07:19:09.101012,2026-04-28 07:19:09.101012,16.478771209716797
2026-04-28 07:19:09.301427,2026-04-28 07:19:09.301427,16.292112350463867
2026-04-28 07:19:09.499081,2026-04-28 07:19:09.499081,16.133451461791992
2026-04-28 07:19:09.698549,2026-04-28 07:19:09.698549,15.998589515686035
2026-04-28 07:19:09.898478,2026-04-28 07:19:09.898478,15.883957862854004
2026-04-28 07:19:10.098406,2026-04-28 07:19:10.098406,15.78652000427246
2026-04-28 07:19:10.302905,2026-04-28 07:19:10.302905,15.70369815826416
2026-04-28 07:19:10.498966,2026-04-28 07:19:10.498966,15.633299827575684
2026-04-28 07:19:10.698906,2026-04-28 07:19:10.698906,15.573461532592772
2026-04-28 07:19:10.902569,2026-04-28 07:19:10.902569,15.522598266601562
2026-04-28 07:19:11.105799,2026-04-28 07:19:11.105799,15.479364395141602
2026-04-28 07:19:11.299667,2026-04-28 07:19:11.299667,15.44261646270752
2026-04-28 07:19:11.498575,2026-04-28 07:19:11.498575,15.41137981414795
2026-04-28 07:19:11.699095,2026-04-28 07:19:11.699095,15.3848295211792
2026-04-28 07:19:11.898973,2026-04-28 07:19:11.898973,15.186479568481444
2026-04-28 07:19:12.101177,2026-04-28 07:19:12.101177,15.19366455078125
2026-04-28 07:19:12.298940,2026-04-28 07:19:12.298940,15.1997709274292
2026-04-28 07:19:12.499570,2026-04-28 07:19:12.499570,15.204961776733398
2026-04-28 07:19:12.702157,2026-04-28 07:19:12.702157,15.209373474121094
2026-04-28 07:19:12.899089,2026-04-28 07:19:12.899089,15.213123321533203
2026-04-28 07:19:13.098500,2026-04-28 07:19:13.098500,15.21631145477295
2026-04-28 07:19:13.298833,2026-04-28 07:19:13.298833,15.21902084350586
2026-04-28 07:19:13.499097,2026-04-28 07:19:13.499097,15.22132396697998
2026-04-28 07:19:13.698619,2026-04-28 07:19:13.698619,15.223281860351562
2026-04-28 07:19:13.900563,2026-04-28 07:19:13.900563,15.224946022033691
2026-04-28 07:19:14.099222,2026-04-28 07:19:14.099222,15.226360321044922
2026-04-28 07:19:14.298599,2026-04-28 07:19:14.298599,15.227561950683594
2026-04-28 07:19:27.399925,2026-04-28 07:19:27.399925,15.22858428955078
2026-04-28 07:19:27.603788,2026-04-28 07:19:27.603788,15.229453086853027
2026-04-28 07:19:27.801982,2026-04-28 07:19:27.801982,15.230191230773926
2026-04-28 07:19:28.003042,2026-04-28 07:19:28.003042,15.23081874847412
2026-04-28 07:19:28.199737,2026-04-28 07:19:28.199737,15.231351852416992
2026-04-28 07:19:28.412093,2026-04-28 07:19:28.412093,15.231805801391602
2026-04-28 07:19:28.601707,2026-04-28 07:19:28.601707,15.05640983581543
2026-04-28 07:19:28.802550,2026-04-28 07:19:28.802550,15.083104133605955
2026-04-28 07:19:29.000626,2026-04-28 07:19:29.000626,15.105794906616213
2026-04-28 07:19:29.204267,2026-04-28 07:19:29.204267,15.125082015991213
2026-04-28 07:19:29.399239,2026-04-28 07:19:29.399239,15.141475677490234
2026-04-28 07:19:29.599477,2026-04-28 07:19:29.599477,15.155410766601562
2026-04-28 07:19:29.798756,2026-04-28 07:19:29.798756,15.167255401611328
2026-04-28 07:19:29.999020,2026-04-28 07:19:29.999020,15.177323341369627
2026-04-28 07:19:30.205521,2026-04-28 07:19:30.205521,15.18588161468506
2026-04-28 07:19:30.407379,2026-04-28 07:19:30.407379,15.193155288696287
2026-04-28 07:19:30.605435,2026-04-28 07:19:30.605435,15.02355670928955
2026-04-28 07:19:30.799710,2026-04-28 07:19:30.799710,14.879398345947266
2026-04-28 07:19:31.006142,2026-04-28 07:19:31.006142,14.756863594055176
2026-04-28 07:19:31.201466,2026-04-28 07:19:31.201466,14.652709007263184
2026-04-28 07:19:31.398862,2026-04-28 07:19:31.398862,14.56417751312256
2026-04-28 07:19:31.602105,2026-04-28 07:19:31.602105,14.48892593383789
2026-04-28 07:19:31.800727,2026-04-28 07:19:31.800727,14.424962043762209
2026-04-28 07:19:32.006542,2026-04-28 07:19:32.006542,14.370593070983888
2026-04-28 07:19:32.198895,2026-04-28 07:19:32.198895,14.324378967285156
2026-04-28 07:19:32.402932,2026-04-28 07:19:32.402932,14.285097122192385
2026-04-28 07:19:32.600762,2026-04-28 07:19:32.600762,14.075925827026367
2026-04-28 07:19:32.798658,2026-04-28 07:19:32.798658,13.898131370544434
2026-04-28 07:19:32.998545,2026-04-28 07:19:32.998545,13.747005462646484
2026-04-28 07:19:33.201279,2026-04-28 07:19:33.201279,13.442767143249512
2026-04-28 07:19:33.403089,2026-04-28 07:19:33.403089,13.184164047241213
2026-04-28 07:19:33.598690,2026-04-28 07:19:33.598690,13.14013385772705
2026-04-28 07:19:33.800851,2026-04-28 07:19:33.800851,13.102706909179688
2026-04-28 07:19:33.998909,2026-04-28 07:19:33.998909,13.070895195007324
2026-04-28 07:19:34.201672,2026-04-28 07:19:34.201672,12.86807346343994
2026-04-28 07:19:34.399568,2026-04-28 07:19:34.399568,12.695674896240234
2026-04-28 07:19:34.601813,2026-04-28 07:19:34.601813,12.5491361618042
2026-04-28 07:19:34.800491,2026-04-28 07:19:34.800491,15.061296463012695
2026-04-28 07:19:34.998899,2026-04-28 07:19:34.998899,17.19663429260254
2026-04-28 07:19:35.198925,2026-04-28 07:19:35.198925,19.011669158935547
2026-04-28 07:19:35.398759,2026-04-28 07:19:35.398759,20.55445098876953
2026-04-28 07:19:35.602220,2026-04-28 07:19:35.602220,21.86581420898437
2026-04-28 07:19:35.800637,2026-04-28 07:19:35.800637,22.980472564697266
2026-04-28 07:19:35.999781,2026-04-28 07:19:35.999781,23.92793273925781
2026-04-28 07:19:36.199786,2026-04-28 07:19:36.199786,24.733274459838867
2026-04-28 07:19:36.401366,2026-04-28 07:19:36.401366,25.417814254760746
2026-04-28 07:19:36.599338,2026-04-28 07:19:36.599338,23.18717384338379
2026-04-28 07:19:36.799972,2026-04-28 07:19:36.799972,21.291128158569336
2026-04-28 07:19:36.999110,2026-04-28 07:19:36.999110,19.67949104309082
2026-04-28 07:19:37.198820,2026-04-28 07:19:37.198820,18.30959892272949
2026-04-28 07:19:37.399316,2026-04-28 07:19:37.399316,17.14518928527832
2026-04-28 07:19:37.599837,2026-04-28 07:19:37.599837,16.15544319152832
2026-04-28 07:19:37.799389,2026-04-28 07:19:37.799389,15.314157485961914
2026-04-28 07:19:37.998847,2026-04-28 07:19:37.998847,14.599064826965332
2026-04-28 07:19:38.200179,2026-04-28 07:19:38.200179,13.991236686706545
2026-04-28 07:19:38.398802,2026-04-28 07:19:38.398802,13.47458267211914
2026-04-28 07:19:38.601867,2026-04-28 07:19:38.601867,13.035426139831545
2026-04-28 07:19:38.798325,2026-04-28 07:19:38.798325,12.66214370727539
2026-04-28 07:19:38.998446,2026-04-28 07:19:38.998446,12.344853401184082
2026-04-28 07:19:39.202211,2026-04-28 07:19:39.202211,12.075156211853027
2026-04-28 07:19:39.404063,2026-04-28 07:19:39.404063,11.845913887023926
2026-04-28 07:19:39.599476,2026-04-28 07:19:39.599476,11.651058197021484
2026-04-28 07:19:39.798686,2026-04-28 07:19:39.798686,11.485430717468262
2026-04-28 07:19:39.998455,2026-04-28 07:19:39.998455,11.344647407531738
2026-04-28 07:19:40.202585,2026-04-28 07:19:40.202585,11.049200057983398
2026-04-28 07:19:40.399445,2026-04-28 07:19:40.399445,10.798069953918455
2026-04-28 07:19:40.599470,2026-04-28 07:19:40.599470,10.408828735351562
2026-04-28 07:19:40.798520,2026-04-28 07:19:40.798520,10.253754615783691
2026-04-28 07:19:40.999765,2026-04-28 07:19:40.999765,10.297722816467283
2026-04-28 07:19:41.199294,2026-04-28 07:19:41.199294,10.159314155578612
2026-04-28 07:19:41.399732,2026-04-28 07:19:41.399732,10.217448234558104
2026-04-28 07:19:41.603940,2026-04-28 07:19:41.603940,10.44264316558838
2026-04-28 07:19:41.807095,2026-04-28 07:19:41.807095,10.634058952331545
2026-04-28 07:19:42.001202,2026-04-28 07:19:42.001202,10.79676342010498
2026-04-28 07:19:42.200502,2026-04-28 07:19:42.200502,10.93506145477295
2026-04-28 07:19:42.401502,2026-04-28 07:19:42.401502,11.228395462036133
2026-04-28 07:19:42.601011,2026-04-28 07:19:42.601011,11.47772979736328
2026-04-28 07:19:42.799052,2026-04-28 07:19:42.799052,11.513882637023926
2026-04-28 07:19:43.006518,2026-04-28 07:19:43.006518,11.544612884521484
2026-04-28 07:19:43.200534,2026-04-28 07:19:43.200534,11.570734024047852
2026-04-28 07:19:43.401434,2026-04-28 07:19:43.401434,11.592936515808104
2026-04-28 07:19:43.598932,2026-04-28 07:19:43.598932,11.611807823181152
2026-04-28 07:19:43.800157,2026-04-28 07:19:43.800157,11.627849578857422
2026-04-28 07:19:44.000912,2026-04-28 07:19:44.000912,11.641484260559082
2026-04-28 07:19:44.198931,2026-04-28 07:19:44.198931,11.653074264526367
2026-04-28 07:19:44.400789,2026-04-28 07:19:44.400789,11.838706970214844
2026-04-28 07:19:44.599942,2026-04-28 07:19:44.599942,11.82071304321289
2026-04-28 07:19:44.799153,2026-04-28 07:19:44.799153,11.981200218200684
2026-04-28 07:19:45.002195,2026-04-28 07:19:45.002195,12.117613792419434
2026-04-28 07:19:45.199796,2026-04-28 07:19:45.199796,12.409346580505373
2026-04-28 07:19:45.400692,2026-04-28 07:19:45.400692,12.657320022583008
2026-04-28 07:19:45.599129,2026-04-28 07:19:45.599129,12.868096351623535
2026-04-28 07:19:45.798570,2026-04-28 07:19:45.798570,13.22303867340088
2026-04-28 07:19:46.001742,2026-04-28 07:19:46.001742,13.876301765441896
2026-04-28 07:19:46.199530,2026-04-28 07:19:46.199530,14.080012321472168
2026-04-28 07:19:46.402196,2026-04-28 07:19:46.402196,14.428948402404783
2026-04-28 07:19:46.603113,2026-04-28 07:19:46.603113,14.549761772155762
2026-04-28 07:19:46.800796,2026-04-28 07:19:46.800796,14.652454376220703
2026-04-28 07:19:47.006470,2026-04-28 07:19:47.006470,14.739742279052734
2026-04-28 07:19:47.206299,2026-04-28 07:19:47.206299,14.813937187194824
2026-04-28 07:19:47.400253,2026-04-28 07:19:47.400253,15.052783966064451
2026-04-28 07:19:47.605912,2026-04-28 07:19:47.605912,15.255804061889648
2026-04-28 07:19:47.803771,2026-04-28 07:19:47.803771,15.428370475769045
2026-04-28 07:19:47.999385,2026-04-28 07:19:47.999385,15.575053215026855
2026-04-28 07:19:48.202599,2026-04-28 07:19:48.202599,15.699732780456545
2026-04-28 07:19:48.400234,2026-04-28 07:19:48.400234,15.805709838867188
2026-04-28 07:19:48.602575,2026-04-28 07:19:48.602575,16.071571350097656
2026-04-28 07:19:48.802162,2026-04-28 07:19:48.802162,16.121774673461914
2026-04-28 07:19:49.002887,2026-04-28 07:19:49.002887,16.340227127075195
2026-04-28 07:19:49.201831,2026-04-28 07:19:49.201831,16.525911331176758
2026-04-28 07:19:49.403334,2026-04-28 07:19:49.403334,16.50796127319336
2026-04-28 07:19:49.604622,2026-04-28 07:19:49.604622,16.668485641479492
2026-04-28 07:19:49.799135,2026-04-28 07:19:49.799135,16.629150390625
2026-04-28 07:19:50.001697,2026-04-28 07:19:50.001697,16.77149772644043
2026-04-28 07:19:50.203489,2026-04-28 07:19:50.203489,16.89249038696289
2026-04-28 07:19:50.398845,2026-04-28 07:19:50.398845,16.995336532592773
2026-04-28 07:19:50.600096,2026-04-28 07:19:50.600096,17.082754135131836
2026-04-28 07:19:50.800583,2026-04-28 07:19:50.800583,17.332841873168945
2026-04-28 07:19:50.999283,2026-04-28 07:19:50.999283,17.5454158782959
2026-04-28 07:19:51.203747,2026-04-28 07:19:51.203747,17.901884078979492
2026-04-28 07:19:51.398425,2026-04-28 07:19:51.398425,18.204883575439453
2026-04-28 07:19:51.604949,2026-04-28 07:19:51.604949,18.28664970397949
2026-04-28 07:19:51.799492,2026-04-28 07:19:51.799492,18.35615348815918
2026-04-28 07:19:51.998853,2026-04-28 07:19:51.998853,18.41522979736328
2026-04-28 07:19:52.207350,2026-04-28 07:19:52.207350,18.465444564819336
2026-04-28 07:19:52.408488,2026-04-28 07:19:52.408488,18.508129119873047
2026-04-28 07:19:52.600154,2026-04-28 07:19:52.600154,18.544408798217773
2026-04-28 07:20:05.701310,2026-04-28 07:20:05.701310,18.57524871826172
2026-04-28 07:20:05.901605,2026-04-28 07:20:05.901605,18.60146141052246
2026-04-28 07:20:06.098281,2026-04-28 07:20:06.098281,18.623741149902344
2026-04-28 07:20:06.304603,2026-04-28 07:20:06.304603,18.64268112182617
2026-04-28 07:20:06.499831,2026-04-28 07:20:06.499831,18.65877914428711
2026-04-28 07:20:06.698994,2026-04-28 07:20:06.698994,18.672462463378903
2026-04-28 07:20:06.900429,2026-04-28 07:20:06.900429,18.684091567993164
2026-04-28 07:20:07.098743,2026-04-28 07:20:07.098743,18.693979263305664
2026-04-28 07:20:07.302854,2026-04-28 07:20:07.302854,18.702381134033203
2026-04-28 07:20:07.503951,2026-04-28 07:20:07.503951,18.70952415466309
2026-04-28 07:20:07.702004,2026-04-28 07:20:07.702004,18.715595245361328
2026-04-28 07:20:07.900242,2026-04-28 07:20:07.900242,18.72075653076172
2026-04-28 07:20:08.099414,2026-04-28 07:20:08.099414,18.725143432617188
2026-04-28 07:20:08.299018,2026-04-28 07:20:08.299018,18.728872299194336
2026-04-28 07:20:08.499274,2026-04-28 07:20:08.499274,18.73204040527344
2026-04-28 07:20:08.699394,2026-04-28 07:20:08.699394,18.7347354888916
2026-04-28 07:20:08.899567,2026-04-28 07:20:08.899567,18.737024307250977
2026-04-28 07:20:09.099225,2026-04-28 07:20:09.099225,18.73897171020508
2026-04-28 07:20:09.298661,2026-04-28 07:20:09.298661,18.740625381469727
2026-04-28 07:20:09.499026,2026-04-28 07:20:09.499026,18.74203109741211
2026-04-28 07:20:09.700593,2026-04-28 07:20:09.700593,18.743227005004883
2026-04-28 07:20:09.899924,2026-04-28 07:20:09.899924,18.74424362182617
2026-04-28 07:20:10.098724,2026-04-28 07:20:10.098724,18.745105743408203
2026-04-28 07:20:10.301220,2026-04-28 07:20:10.301220,18.74584007263184
2026-04-28 07:20:10.498583,2026-04-28 07:20:10.498583,18.74646377563477
2026-04-28 07:20:10.704129,2026-04-28 07:20:10.704129,18.746994018554688
2026-04-28 07:20:10.902166,2026-04-28 07:20:10.902166,18.747446060180664
2026-04-28 07:20:11.099358,2026-04-28 07:20:11.099358,18.74782943725586
2026-04-28 07:20:11.300529,2026-04-28 07:20:11.300529,18.92393493652344
2026-04-28 07:20:11.498414,2026-04-28 07:20:11.498414,19.073625564575195
2026-04-28 07:20:11.699344,2026-04-28 07:20:11.699344,19.200862884521484
2026-04-28 07:20:11.900786,2026-04-28 07:20:11.900786,19.30901527404785
2026-04-28 07:20:12.099720,2026-04-28 07:20:12.099720,19.40094375610352
2026-04-28 07:20:12.300462,2026-04-28 07:20:12.300462,19.479084014892575
2026-04-28 07:20:12.503493,2026-04-28 07:20:12.503493,19.36972045898437
2026-04-28 07:20:12.703001,2026-04-28 07:20:12.703001,19.452545166015625
2026-04-28 07:20:12.899529,2026-04-28 07:20:12.899529,19.5229434967041
2026-04-28 07:20:13.108852,2026-04-28 07:20:13.108852,19.582782745361328
2026-04-28 07:20:13.301912,2026-04-28 07:20:13.301912,19.63364791870117
2026-04-28 07:20:13.498579,2026-04-28 07:20:13.498579,19.676881790161133
2026-04-28 07:20:13.698906,2026-04-28 07:20:13.698906,19.88941192626953
2026-04-28 07:20:13.899135,2026-04-28 07:20:13.899135,20.0700626373291
2026-04-28 07:20:14.105276,2026-04-28 07:20:14.105276,20.399396896362305
2026-04-28 07:20:14.299274,2026-04-28 07:20:14.299274,20.855112075805664
2026-04-28 07:20:14.499047,2026-04-28 07:20:14.499047,21.242469787597656
2026-04-28 07:20:14.700302,2026-04-28 07:20:14.700302,21.571725845336918
2026-04-28 07:20:14.899584,2026-04-28 07:20:14.899584,22.02737236022949
2026-04-28 07:20:15.114315,2026-04-28 07:20:15.114315,22.4146728515625
2026-04-28 07:20:15.302847,2026-04-28 07:20:15.302847,22.743877410888672
2026-04-28 07:20:15.501566,2026-04-28 07:20:15.501566,23.02370262145996
2026-04-28 07:20:15.699101,2026-04-28 07:20:15.699101,23.437334060668945
2026-04-28 07:20:15.911894,2026-04-28 07:20:15.911894,21.67954635620117
2026-04-28 07:20:16.099119,2026-04-28 07:20:16.099119,22.294801712036133
2026-04-28 07:20:16.300666,2026-04-28 07:20:16.300666,22.81777000427246
2026-04-28 07:20:16.499005,2026-04-28 07:20:16.499005,23.262290954589844
2026-04-28 07:20:16.700912,2026-04-28 07:20:16.700912,21.530759811401367
2026-04-28 07:20:16.900264,2026-04-28 07:20:16.900264,20.058958053588867
2026-04-28 07:20:17.101586,2026-04-28 07:20:17.101586,18.98370933532715
2026-04-28 07:20:17.300192,2026-04-28 07:20:17.300192,17.893964767456055
2026-04-28 07:20:17.502596,2026-04-28 07:20:17.502596,16.967681884765625
2026-04-28 07:20:17.702520,2026-04-28 07:20:17.702520,16.356124877929688
2026-04-28 07:20:17.898609,2026-04-28 07:20:17.898609,15.836298942565918
2026-04-28 07:20:18.098391,2026-04-28 07:20:18.098391,17.152259826660156
2026-04-28 07:20:18.300328,2026-04-28 07:20:18.300328,16.513015747070312
2026-04-28 07:20:18.502813,2026-04-28 07:20:18.502813,17.727468490600586
2026-04-28 07:20:18.702227,2026-04-28 07:20:18.702227,18.759754180908203
2026-04-28 07:20:18.899126,2026-04-28 07:20:18.899126,17.703603744506836
2026-04-28 07:20:19.108541,2026-04-28 07:20:19.108541,18.91525077819824
2026-04-28 07:20:19.298963,2026-04-28 07:20:19.298963,19.94515037536621
2026-04-28 07:20:19.503527,2026-04-28 07:20:19.503527,20.820566177368164
2026-04-28 07:20:19.702607,2026-04-28 07:20:19.702607,21.564668655395508
2026-04-28 07:20:19.899648,2026-04-28 07:20:19.899648,22.197154998779297
2026-04-28 07:20:20.099835,2026-04-28 07:20:20.099835,22.734769821166992
2026-04-28 07:20:20.299270,2026-04-28 07:20:20.299270,23.19174194335937
2026-04-28 07:20:20.504877,2026-04-28 07:20:20.504877,23.404386520385746
2026-04-28 07:20:20.699459,2026-04-28 07:20:20.699459,23.760915756225582
2026-04-28 07:20:20.901970,2026-04-28 07:20:20.901970,24.063966751098636
2026-04-28 07:20:21.101441,2026-04-28 07:20:21.101441,24.321557998657227
2026-04-28 07:20:21.302162,2026-04-28 07:20:21.302162,24.540512084960938
2026-04-28 07:20:21.509822,2026-04-28 07:20:21.509822,24.72662353515625
2026-04-28 07:20:21.702062,2026-04-28 07:20:21.702062,24.88481712341309
2026-04-28 07:20:21.899046,2026-04-28 07:20:21.899046,25.0192813873291
2026-04-28 07:20:22.101056,2026-04-28 07:20:22.101056,25.13357734680176
2026-04-28 07:20:22.301541,2026-04-28 07:20:22.301541,25.230728149414062
2026-04-28 07:20:22.499417,2026-04-28 07:20:22.499417,25.31330680847168
2026-04-28 07:20:22.703838,2026-04-28 07:20:22.703838,25.38349723815918
2026-04-28 07:20:22.900301,2026-04-28 07:20:22.900301,25.267379760742188
2026-04-28 07:20:23.100563,2026-04-28 07:20:23.100563,25.168678283691406
2026-04-28 07:20:23.300549,2026-04-28 07:20:23.300549,25.08478355407715
2026-04-28 07:20:23.501387,2026-04-28 07:20:23.501387,25.013471603393555
2026-04-28 07:20:23.700832,2026-04-28 07:20:23.700832,24.952857971191406
2026-04-28 07:20:23.901923,2026-04-28 07:20:23.901923,24.90133476257324
2026-04-28 07:20:24.104684,2026-04-28 07:20:24.104684,24.857542037963867
2026-04-28 07:20:24.301307,2026-04-28 07:20:24.301307,24.644535064697266
2026-04-28 07:20:24.502388,2026-04-28 07:20:24.502388,24.46347999572754
2026-04-28 07:20:24.706291,2026-04-28 07:20:24.706291,24.13380241394043
2026-04-28 07:20:24.902888,2026-04-28 07:20:24.902888,23.853574752807617
2026-04-28 07:20:25.100058,2026-04-28 07:20:25.100058,23.79116439819336
2026-04-28 07:20:25.302728,2026-04-28 07:20:25.302728,23.738113403320312
2026-04-28 07:20:25.501157,2026-04-28 07:20:25.501157,23.693021774291992
2026-04-28 07:20:25.703813,2026-04-28 07:20:25.703813,23.654693603515625
2026-04-28 07:20:25.901733,2026-04-28 07:20:25.901733,23.622114181518555
2026-04-28 07:20:26.104248,2026-04-28 07:20:26.104248,23.594423294067383
2026-04-28 07:20:26.311080,2026-04-28 07:20:26.311080,23.746665954589844
2026-04-28 07:20:26.502232,2026-04-28 07:20:26.502232,23.70029067993164
2026-04-28 07:20:26.701899,2026-04-28 07:20:26.701899,23.836652755737305
2026-04-28 07:20:26.900179,2026-04-28 07:20:26.900179,23.95256233215332
2026-04-28 07:20:27.100208,2026-04-28 07:20:27.100208,24.226863861083984
2026-04-28 07:20:27.303300,2026-04-28 07:20:27.303300,24.46002197265625
2026-04-28 07:20:27.499139,2026-04-28 07:20:27.499139,24.658206939697266
2026-04-28 07:20:27.710195,2026-04-28 07:20:27.710195,24.826663970947266
2026-04-28 07:20:27.904587,2026-04-28 07:20:27.904587,24.969850540161133
2026-04-28 07:20:28.103098,2026-04-28 07:20:28.103098,25.09156036376953
2026-04-28 07:20:28.298830,2026-04-28 07:20:28.298830,25.19501495361328
2026-04-28 07:20:28.500477,2026-04-28 07:20:28.500477,25.28294944763184
2026-04-28 07:20:28.708580,2026-04-28 07:20:28.708580,25.35769462585449
2026-04-28 07:20:28.911338,2026-04-28 07:20:28.911338,25.42122840881348
2026-04-28 07:20:29.104043,2026-04-28 07:20:29.104043,25.475231170654297
2026-04-28 07:20:29.299225,2026-04-28 07:20:29.299225,25.52113342285156
2026-04-28 07:20:29.500771,2026-04-28 07:20:29.500771,25.560152053833008
2026-04-28 07:20:29.699653,2026-04-28 07:20:29.699653,25.59331703186035
2026-04-28 07:20:29.899742,2026-04-28 07:20:29.899742,25.621505737304688
2026-04-28 07:20:30.104581,2026-04-28 07:20:30.104581,25.64546775817871
2026-04-28 07:20:30.301249,2026-04-28 07:20:30.301249,25.665834426879883
2026-04-28 07:20:30.508899,2026-04-28 07:20:30.508899,25.68314743041992
2026-04-28 07:20:30.711786,2026-04-28 07:20:30.711786,25.69786262512207
2026-04-28 07:20:30.910637,2026-04-28 07:20:30.910637,25.71037101745605
2026-04-28 07:20:44.003268,2026-04-28 07:20:44.003268,25.72100257873535
2026-04-28 07:20:44.211471,2026-04-28 07:20:44.211471,25.730039596557617
2026-04-28 07:20:44.401750,2026-04-28 07:20:44.401750,25.561939239501957
2026-04-28 07:20:44.602976,2026-04-28 07:20:44.602976,25.594837188720703
2026-04-28 07:20:44.806183,2026-04-28 07:20:44.806183,25.44701766967773
2026-04-28 07:20:45.003212,2026-04-28 07:20:45.003212,25.49715232849121
2026-04-28 07:20:45.199285,2026-04-28 07:20:45.199285,25.539766311645508
2026-04-28 07:20:45.400313,2026-04-28 07:20:45.400313,25.57598876953125
2026-04-28 07:20:45.611372,2026-04-28 07:20:45.611372,25.606779098510746
2026-04-28 07:20:45.808495,2026-04-28 07:20:45.808495,25.63294982910156
2026-04-28 07:20:46.009077,2026-04-28 07:20:46.009077,25.65519523620605
2026-04-28 07:20:46.204606,2026-04-28 07:20:46.204606,25.674102783203125
2026-04-28 07:20:46.408327,2026-04-28 07:20:46.408327,25.514392852783203
2026-04-28 07:20:46.617031,2026-04-28 07:20:46.617031,25.37864112854004
2026-04-28 07:20:46.812635,2026-04-28 07:20:46.812635,23.32965660095215
2026-04-28 07:20:47.011455,2026-04-28 07:20:47.011455,21.76380157470703
2026-04-28 07:20:47.210906,2026-04-28 07:20:47.210906,20.432825088500977
2026-04-28 07:20:47.400844,2026-04-28 07:20:47.400844,19.301496505737305
2026-04-28 07:20:47.603334,2026-04-28 07:20:47.603334,18.33986473083496
2026-04-28 07:20:47.810471,2026-04-28 07:20:47.810471,17.522478103637695
2026-04-28 07:20:48.010897,2026-04-28 07:20:48.010897,16.827701568603516
2026-04-28 07:20:48.208799,2026-04-28 07:20:48.208799,16.237138748168945
2026-04-28 07:20:48.408384,2026-04-28 07:20:48.408384,15.735162734985352
2026-04-28 07:20:48.611515,2026-04-28 07:20:48.611515,15.30848217010498
2026-04-28 07:20:48.810295,2026-04-28 07:20:48.810295,14.94580364227295
2026-04-28 07:20:49.012664,2026-04-28 07:20:49.012664,14.813307762145996
2026-04-28 07:20:49.212000,2026-04-28 07:20:49.212000,15.22803020477295
2026-04-28 07:20:49.408437,2026-04-28 07:20:49.408437,15.053200721740724
2026-04-28 07:20:49.611143,2026-04-28 07:20:49.611143,14.904595375061035
2026-04-28 07:20:49.810895,2026-04-28 07:20:49.810895,14.778281211853027
2026-04-28 07:20:50.011404,2026-04-28 07:20:50.011404,14.670913696289062
2026-04-28 07:20:50.209724,2026-04-28 07:20:50.209724,14.755433082580566
2026-04-28 07:20:50.410781,2026-04-28 07:20:50.410781,14.827274322509766
2026-04-28 07:20:50.611565,2026-04-28 07:20:50.611565,14.71255874633789
2026-04-28 07:20:50.808854,2026-04-28 07:20:50.808854,14.790830612182615
2026-04-28 07:20:51.002704,2026-04-28 07:20:51.002704,14.857362747192385
2026-04-28 07:20:51.208713,2026-04-28 07:20:51.208713,14.913914680480955
2026-04-28 07:20:51.409148,2026-04-28 07:20:51.409148,14.961983680725098
2026-04-28 07:20:51.602666,2026-04-28 07:20:51.602666,15.00284194946289
2026-04-28 07:20:51.814574,2026-04-28 07:20:51.814574,15.037571907043455
2026-04-28 07:20:52.008632,2026-04-28 07:20:52.008632,15.067092895507812
2026-04-28 07:20:52.210236,2026-04-28 07:20:52.210236,15.267966270446776
2026-04-28 07:20:52.409889,2026-04-28 07:20:52.409889,15.438708305358888
2026-04-28 07:20:52.611464,2026-04-28 07:20:52.611464,15.583840370178224
2026-04-28 07:20:52.811744,2026-04-28 07:20:52.811744,15.70720100402832
2026-04-28 07:20:53.011106,2026-04-28 07:20:53.011106,15.636277198791504
2026-04-28 07:20:53.209869,2026-04-28 07:20:53.209869,15.7517728805542
2026-04-28 07:20:53.411441,2026-04-28 07:20:53.411441,15.849945068359377
2026-04-28 07:20:53.613643,2026-04-28 07:20:53.613643,15.933390617370604
2026-04-28 07:20:53.810915,2026-04-28 07:20:53.810915,16.00432014465332
2026-04-28 07:20:54.014357,2026-04-28 07:20:54.014357,16.06460952758789
2026-04-28 07:20:54.214262,2026-04-28 07:20:54.214262,16.115856170654297
2026-04-28 07:20:54.400355,2026-04-28 07:20:54.400355,16.159414291381836
2026-04-28 07:20:54.618347,2026-04-28 07:20:54.618347,16.196439743041992
2026-04-28 07:20:54.816082,2026-04-28 07:20:54.816082,16.2279109954834
2026-04-28 07:20:55.015102,2026-04-28 07:20:55.015102,16.430442810058594
2026-04-28 07:20:55.215148,2026-04-28 07:20:55.215148,16.602596282958984
2026-04-28 07:20:55.415929,2026-04-28 07:20:55.415929,16.748924255371094
2026-04-28 07:20:55.613906,2026-04-28 07:20:55.613906,16.87330436706543
2026-04-28 07:20:55.815320,2026-04-28 07:20:55.815320,16.979028701782227
2026-04-28 07:20:56.015447,2026-04-28 07:20:56.015447,17.068893432617188
2026-04-28 07:20:56.212898,2026-04-28 07:20:56.212898,17.14527702331543
2026-04-28 07:20:56.412148,2026-04-28 07:20:56.412148,17.210205078125
2026-04-28 07:20:56.608408,2026-04-28 07:20:56.608408,17.265392303466797
2026-04-28 07:20:56.809503,2026-04-28 07:20:56.809503,17.312301635742188
2026-04-28 07:20:57.011611,2026-04-28 07:20:57.011611,17.527957916259766
2026-04-28 07:20:57.211640,2026-04-28 07:20:57.211640,17.71126365661621
2026-04-28 07:20:57.400851,2026-04-28 07:20:57.400851,17.867074966430664
2026-04-28 07:20:57.612927,2026-04-28 07:20:57.612927,17.999513626098633
2026-04-28 07:20:57.806542,2026-04-28 07:20:57.806542,18.112085342407227
2026-04-28 07:20:58.014480,2026-04-28 07:20:58.014480,18.207773208618164
2026-04-28 07:20:58.215356,2026-04-28 07:20:58.215356,18.464887619018555
2026-04-28 07:20:58.401314,2026-04-28 07:20:58.401314,18.68343544006348
2026-04-28 07:20:58.608423,2026-04-28 07:20:58.608423,19.57232666015625
2026-04-28 07:20:58.809011,2026-04-28 07:20:58.809011,19.624759674072266
2026-04-28 07:20:59.027003,2026-04-28 07:20:59.027003,19.66932678222656
2026-04-28 07:20:59.213396,2026-04-28 07:20:59.213396,20.58611488342285
2026-04-28 07:20:59.410648,2026-04-28 07:20:59.410648,21.189603805541992
2026-04-28 07:20:59.611226,2026-04-28 07:20:59.611226,21.87835121154785
2026-04-28 07:20:59.809091,2026-04-28 07:20:59.809091,22.46378517150879
2026-04-28 07:21:00.002349,2026-04-28 07:21:00.002349,22.96140480041504
2026-04-28 07:21:00.201635,2026-04-28 07:21:00.201635,23.384382247924805
2026-04-28 07:21:00.412718,2026-04-28 07:21:00.412718,23.743911743164062
2026-04-28 07:21:00.612546,2026-04-28 07:21:00.612546,24.04951286315918
2026-04-28 07:21:00.809630,2026-04-28 07:21:00.809630,24.30927276611328
2026-04-28 07:21:01.018362,2026-04-28 07:21:01.018362,24.53006935119629
2026-04-28 07:21:01.216277,2026-04-28 07:21:01.216277,24.71774673461914
2026-04-28 07:21:01.401386,2026-04-28 07:21:01.401386,24.87727165222168
2026-04-28 07:21:01.611520,2026-04-28 07:21:01.611520,25.188650131225582
2026-04-28 07:21:01.811368,2026-04-28 07:21:01.811368,25.27754020690918
2026-04-28 07:21:02.010764,2026-04-28 07:21:02.010764,25.35309600830078
2026-04-28 07:21:02.203729,2026-04-28 07:21:02.203729,25.417320251464844
2026-04-28 07:21:02.412913,2026-04-28 07:21:02.412913,25.647689819335938
2026-04-28 07:21:02.610286,2026-04-28 07:21:02.610286,23.382568359375
2026-04-28 07:21:02.809964,2026-04-28 07:21:02.809964,21.45721435546875
2026-04-28 07:21:03.013219,2026-04-28 07:21:03.013219,19.99644470214844
2026-04-28 07:21:03.210368,2026-04-28 07:21:03.210368,18.754791259765625
2026-04-28 07:21:03.406241,2026-04-28 07:21:03.406241,17.699384689331055
2026-04-28 07:21:03.609344,2026-04-28 07:21:03.609344,16.802289962768555
2026-04-28 07:21:03.809293,2026-04-28 07:21:03.809293,16.039758682250977
2026-04-28 07:21:04.009741,2026-04-28 07:21:04.009741,15.391607284545898
2026-04-28 07:21:04.216138,2026-04-28 07:21:04.216138,14.840678215026855
2026-04-28 07:21:04.409563,2026-04-28 07:21:04.409563,14.37238883972168
2026-04-28 07:21:04.601800,2026-04-28 07:21:04.601800,13.974343299865724
2026-04-28 07:21:04.803744,2026-04-28 07:21:04.803744,13.811785697937012
2026-04-28 07:21:05.008353,2026-04-28 07:21:05.008353,13.673611640930176
2026-04-28 07:21:05.209984,2026-04-28 07:21:05.209984,13.556163787841797
2026-04-28 07:21:05.408734,2026-04-28 07:21:05.408734,13.45633316040039
2026-04-28 07:21:05.611081,2026-04-28 07:21:05.611081,13.37147617340088
2026-04-28 07:21:05.808263,2026-04-28 07:21:05.808263,13.123567581176758
2026-04-28 07:21:06.010226,2026-04-28 07:21:06.010226,12.91284465789795
2026-04-28 07:21:06.210359,2026-04-28 07:21:06.210359,12.73373031616211
2026-04-28 07:21:06.411165,2026-04-28 07:21:06.411165,12.581483840942385
2026-04-28 07:21:06.605646,2026-04-28 07:21:06.605646,12.452073097229004
2026-04-28 07:21:06.822753,2026-04-28 07:21:06.822753,12.34207534790039
2026-04-28 07:21:07.010925,2026-04-28 07:21:07.010925,12.248576164245604
2026-04-28 07:21:07.208797,2026-04-28 07:21:07.208797,12.344883918762209
2026-04-28 07:21:07.414068,2026-04-28 07:21:07.414068,12.42674446105957
2026-04-28 07:21:07.608433,2026-04-28 07:21:07.608433,12.496326446533203
2026-04-28 07:21:07.809185,2026-04-28 07:21:07.809185,12.555471420288086
2026-04-28 07:21:08.013785,2026-04-28 07:21:08.013785,12.60574436187744
2026-04-28 07:21:08.211627,2026-04-28 07:21:08.211627,12.648476600646973
2026-04-28 07:21:08.412814,2026-04-28 07:21:08.412814,12.684799194335938
2026-04-28 07:21:08.610184,2026-04-28 07:21:08.610184,12.715672492980955
2026-04-28 07:21:08.809886,2026-04-28 07:21:08.809886,12.741915702819824
2026-04-28 07:21:09.012979,2026-04-28 07:21:09.012979,12.764222145080566
2026-04-28 07:21:09.210218,2026-04-28 07:21:09.210218,12.78318214416504
2026-04-28 07:21:22.312207,2026-04-28 07:21:22.312207,12.799299240112305
2026-04-28 07:21:22.511738,2026-04-28 07:21:22.511738,12.812997817993164
2026-04-28 07:21:22.710181,2026-04-28 07:21:22.710181,12.824642181396484
2026-04-28 07:21:22.904672,2026-04-28 07:21:22.904672,12.834539413452148
2026-04-28 07:21:23.115758,2026-04-28 07:21:23.115758,12.842951774597168
2026-04-28 07:21:23.311018,2026-04-28 07:21:23.311018,12.850103378295898
2026-04-28 07:21:23.513385,2026-04-28 07:21:23.513385,12.856181144714355
2026-04-28 07:21:23.710123,2026-04-28 07:21:23.710123,13.037129402160645
2026-04-28 07:21:23.913213,2026-04-28 07:21:23.913213,13.190935134887695
2026-04-28 07:21:24.109498,2026-04-28 07:21:24.109498,13.321669578552246
2026-04-28 07:21:24.309481,2026-04-28 07:21:24.309481,13.432794570922852
2026-04-28 07:21:24.509948,2026-04-28 07:21:24.509948,13.351469039916992
2026-04-28 07:21:24.710531,2026-04-28 07:21:24.710531,13.458123207092283
2026-04-28 07:21:24.909136,2026-04-28 07:21:24.909136,13.372998237609863
2026-04-28 07:21:25.111492,2026-04-28 07:21:25.111492,13.30064296722412
2026-04-28 07:21:25.324955,2026-04-28 07:21:25.324955,13.239139556884766
2026-04-28 07:21:25.510343,2026-04-28 07:21:25.510343,13.18686294555664
2026-04-28 07:21:25.709809,2026-04-28 07:21:25.709809,13.142427444458008
2026-04-28 07:21:25.908278,2026-04-28 07:21:25.908278,13.104657173156738
2026-04-28 07:21:26.108583,2026-04-28 07:21:26.108583,13.072551727294922
2026-04-28 07:21:26.310486,2026-04-28 07:21:26.310486,13.045263290405272
2026-04-28 07:21:26.508425,2026-04-28 07:21:26.508425,13.022067070007324
2026-04-28 07:21:26.710457,2026-04-28 07:21:26.710457,13.00235080718994
2026-04-28 07:21:26.910792,2026-04-28 07:21:26.910792,12.809810638427734
2026-04-28 07:21:27.109061,2026-04-28 07:21:27.109061,12.821932792663574
2026-04-28 07:21:27.309209,2026-04-28 07:21:27.309209,12.656455039978027
2026-04-28 07:21:27.511198,2026-04-28 07:21:27.511198,12.515799522399902
2026-04-28 07:21:27.711831,2026-04-28 07:21:27.711831,12.396242141723633
2026-04-28 07:21:27.908383,2026-04-28 07:21:27.908383,12.294618606567385
2026-04-28 07:21:28.114720,2026-04-28 07:21:28.114720,12.208237648010254
2026-04-28 07:21:28.308412,2026-04-28 07:21:28.308412,12.134815216064451
2026-04-28 07:21:28.509063,2026-04-28 07:21:28.509063,12.072404861450195
2026-04-28 07:21:28.715281,2026-04-28 07:21:28.715281,12.019356727600098
2026-04-28 07:21:28.911840,2026-04-28 07:21:28.911840,11.974266052246094
2026-04-28 07:21:29.109250,2026-04-28 07:21:29.109250,11.935938835144045
2026-04-28 07:21:29.311260,2026-04-28 07:21:29.311260,11.903360366821287
2026-04-28 07:21:29.510299,2026-04-28 07:21:29.510299,11.8756685256958
2026-04-28 07:21:29.710516,2026-04-28 07:21:29.710516,11.852130889892578
2026-04-28 07:21:29.909031,2026-04-28 07:21:29.909031,11.832123756408691
2026-04-28 07:21:30.111455,2026-04-28 07:21:30.111455,11.815117835998535
2026-04-28 07:21:30.309393,2026-04-28 07:21:30.309393,11.800662994384766
2026-04-28 07:21:30.508361,2026-04-28 07:21:30.508361,11.788375854492188
2026-04-28 07:21:30.709800,2026-04-28 07:21:30.709800,11.777932167053224
2026-04-28 07:21:30.909227,2026-04-28 07:21:30.909227,11.769054412841797
2026-04-28 07:21:31.110033,2026-04-28 07:21:31.110033,11.76150894165039
2026-04-28 07:21:31.308831,2026-04-28 07:21:31.308831,11.75509548187256
2026-04-28 07:21:31.519120,2026-04-28 07:21:31.519120,11.749643325805664
2026-04-28 07:21:31.714423,2026-04-28 07:21:31.714423,11.745009422302246
2026-04-28 07:21:31.910268,2026-04-28 07:21:31.910268,11.741070747375488
2026-04-28 07:21:32.114207,2026-04-28 07:21:32.114207,11.737722396850586
2026-04-28 07:21:32.314440,2026-04-28 07:21:32.314440,11.73487663269043
2026-04-28 07:21:32.511806,2026-04-28 07:21:32.511806,11.908238410949709
2026-04-28 07:21:32.711494,2026-04-28 07:21:32.711494,12.055596351623535
2026-04-28 07:21:32.908375,2026-04-28 07:21:32.908375,12.180850982666016
2026-04-28 07:21:33.110478,2026-04-28 07:21:33.110478,12.287317276000977
2026-04-28 07:21:33.315423,2026-04-28 07:21:33.315423,12.377813339233398
2026-04-28 07:21:33.510577,2026-04-28 07:21:33.510577,12.454734802246094
2026-04-28 07:21:33.710677,2026-04-28 07:21:33.710677,12.520118713378906
2026-04-28 07:21:33.913415,2026-04-28 07:21:33.913415,12.75147533416748
2026-04-28 07:21:34.110849,2026-04-28 07:21:34.110849,12.948129653930664
2026-04-28 07:21:34.316833,2026-04-28 07:21:34.316833,13.29106616973877
2026-04-28 07:21:34.512177,2026-04-28 07:21:34.512177,13.582562446594238
2026-04-28 07:21:34.710640,2026-04-28 07:21:34.710640,13.830334663391112
2026-04-28 07:21:34.910569,2026-04-28 07:21:34.910569,14.040940284729004
2026-04-28 07:21:35.108600,2026-04-28 07:21:35.108600,14.219955444335938
2026-04-28 07:21:35.312896,2026-04-28 07:21:35.312896,14.372118949890137
2026-04-28 07:21:35.511833,2026-04-28 07:21:35.511833,14.677238464355469
2026-04-28 07:21:35.710929,2026-04-28 07:21:35.710929,14.936590194702148
2026-04-28 07:21:35.909551,2026-04-28 07:21:35.909551,15.157038688659668
2026-04-28 07:21:36.112338,2026-04-28 07:21:36.112338,15.344420433044434
2026-04-28 07:21:36.312535,2026-04-28 07:21:36.312535,15.503695487976074
2026-04-28 07:21:36.508852,2026-04-28 07:21:36.508852,15.639078140258787
2026-04-28 07:21:36.713207,2026-04-28 07:21:36.713207,15.754154205322266
2026-04-28 07:21:36.913448,2026-04-28 07:21:36.913448,15.851968765258787
2026-04-28 07:21:37.108994,2026-04-28 07:21:37.108994,15.935111045837402
2026-04-28 07:21:37.314056,2026-04-28 07:21:37.314056,16.005781173706055
2026-04-28 07:21:37.512153,2026-04-28 07:21:37.512153,16.06585121154785
2026-04-28 07:21:37.714731,2026-04-28 07:21:37.714731,16.116910934448242
2026-04-28 07:21:37.910016,2026-04-28 07:21:37.910016,16.16031265258789
2026-04-28 07:21:38.116290,2026-04-28 07:21:38.116290,16.197202682495117
2026-04-28 07:21:38.314915,2026-04-28 07:21:38.314915,16.052778244018555
2026-04-28 07:21:38.519022,2026-04-28 07:21:38.519022,15.930018424987791
2026-04-28 07:21:38.702692,2026-04-28 07:21:38.702692,15.825672149658203
2026-04-28 07:21:38.915802,2026-04-28 07:21:38.915802,15.561196327209473
2026-04-28 07:21:39.114243,2026-04-28 07:21:39.114243,15.33639144897461
2026-04-28 07:21:39.311615,2026-04-28 07:21:39.311615,15.145307540893556
2026-04-28 07:21:39.510173,2026-04-28 07:21:39.510173,14.98288631439209
2026-04-28 07:21:39.709072,2026-04-28 07:21:39.709072,14.844828605651855
2026-04-28 07:21:39.915750,2026-04-28 07:21:39.915750,14.727478981018066
2026-04-28 07:21:40.111634,2026-04-28 07:21:40.111634,14.627732276916504
2026-04-28 07:21:40.313088,2026-04-28 07:21:40.313088,14.54294776916504
2026-04-28 07:21:40.511439,2026-04-28 07:21:40.511439,14.470880508422852
2026-04-28 07:21:40.709890,2026-04-28 07:21:40.709890,14.409623146057127
2026-04-28 07:21:40.908542,2026-04-28 07:21:40.908542,14.35755443572998
2026-04-28 07:21:41.110622,2026-04-28 07:21:41.110622,14.4890775680542
2026-04-28 07:21:41.308427,2026-04-28 07:21:41.308427,14.425090789794922
2026-04-28 07:21:41.512907,2026-04-28 07:21:41.512907,14.546483993530272
2026-04-28 07:21:41.709347,2026-04-28 07:21:41.709347,14.649667739868164
2026-04-28 07:21:41.913950,2026-04-28 07:21:41.913950,14.73737335205078
2026-04-28 07:21:42.108873,2026-04-28 07:21:42.108873,14.81192398071289
2026-04-28 07:21:42.308415,2026-04-28 07:21:42.308415,14.87529182434082
2026-04-28 07:21:42.508850,2026-04-28 07:21:42.508850,14.929154396057127
2026-04-28 07:21:42.713943,2026-04-28 07:21:42.713943,14.974937438964844
2026-04-28 07:21:42.914493,2026-04-28 07:21:42.914493,15.013853073120115
2026-04-28 07:21:43.113223,2026-04-28 07:21:43.113223,15.046931266784668
2026-04-28 07:21:43.309814,2026-04-28 07:21:43.309814,15.075047492980955
2026-04-28 07:21:43.510443,2026-04-28 07:21:43.510443,14.923165321350098
2026-04-28 07:21:43.708954,2026-04-28 07:21:43.708954,14.794065475463867
2026-04-28 07:21:43.911745,2026-04-28 07:21:43.911745,14.684330940246582
2026-04-28 07:21:44.108882,2026-04-28 07:21:44.108882,14.591055870056152
2026-04-28 07:21:44.308537,2026-04-28 07:21:44.308537,14.511773109436035
2026-04-28 07:21:44.509745,2026-04-28 07:21:44.509745,14.444381713867188
2026-04-28 07:21:44.709191,2026-04-28 07:21:44.709191,14.387099266052246
2026-04-28 07:21:44.919734,2026-04-28 07:21:44.919734,14.338409423828123
2026-04-28 07:21:45.109095,2026-04-28 07:21:45.109095,14.297022819519045
2026-04-28 07:21:45.308334,2026-04-28 07:21:45.308334,14.261844635009766
2026-04-28 07:21:45.514804,2026-04-28 07:21:45.514804,14.231943130493164
2026-04-28 07:21:45.704684,2026-04-28 07:21:45.704684,14.03074550628662
2026-04-28 07:21:45.908725,2026-04-28 07:21:45.908725,13.859726905822754
2026-04-28 07:21:46.108435,2026-04-28 07:21:46.108435,13.714362144470217
2026-04-28 07:21:46.309114,2026-04-28 07:21:46.309114,13.590801239013672
2026-04-28 07:21:46.508982,2026-04-28 07:21:46.508982,13.485774993896484
2026-04-28 07:21:46.708915,2026-04-28 07:21:46.708915,13.396502494812012
2026-04-28 07:21:46.911553,2026-04-28 07:21:46.911553,13.3206205368042
2026-04-28 07:21:47.109683,2026-04-28 07:21:47.109683,13.256121635437012
2026-04-28 07:21:47.314217,2026-04-28 07:21:47.314217,13.20129680633545
2026-04-28 07:21:47.509219,2026-04-28 07:21:47.509219,13.154696464538574
2026-04-28 07:22:00.609166,2026-04-28 07:22:00.609166,13.11508560180664
2026-04-28 07:22:00.811484,2026-04-28 07:22:00.811484,13.081416130065918
2026-04-28 07:22:01.016457,2026-04-28 07:22:01.016457,13.052797317504885
2026-04-28 07:22:01.214066,2026-04-28 07:22:01.214066,13.028471946716309
2026-04-28 07:22:01.408817,2026-04-28 07:22:01.408817,13.007794380187988
2026-04-28 07:22:01.611961,2026-04-28 07:22:01.611961,12.990219116210938
2026-04-28 07:22:01.813014,2026-04-28 07:22:01.813014,12.975279808044434
2026-04-28 07:22:02.010346,2026-04-28 07:22:02.010346,12.786800384521484
2026-04-28 07:22:02.212205,2026-04-28 07:22:02.212205,12.802373886108398
2026-04-28 07:22:02.408561,2026-04-28 07:22:02.408561,12.639830589294434
2026-04-28 07:22:02.611063,2026-04-28 07:22:02.611063,12.325887680053713
2026-04-28 07:22:02.812441,2026-04-28 07:22:02.812441,12.059035301208496
2026-04-28 07:22:03.008660,2026-04-28 07:22:03.008660,11.8322114944458
2026-04-28 07:22:03.212182,2026-04-28 07:22:03.212182,11.639410972595217
2026-04-28 07:22:03.409976,2026-04-28 07:22:03.409976,11.299749374389648
2026-04-28 07:22:03.615045,2026-04-28 07:22:03.615045,11.01103687286377
2026-04-28 07:22:03.809763,2026-04-28 07:22:03.809763,10.941412925720217
2026-04-28 07:22:04.011609,2026-04-28 07:22:04.011609,10.882231712341309
2026-04-28 07:22:04.210392,2026-04-28 07:22:04.210392,10.656147003173828
2026-04-28 07:22:04.409372,2026-04-28 07:22:04.409372,10.463974952697754
2026-04-28 07:22:04.609616,2026-04-28 07:22:04.609616,10.300628662109377
2026-04-28 07:22:04.811183,2026-04-28 07:22:04.811183,10.161784172058104
2026-04-28 07:22:05.008554,2026-04-28 07:22:05.008554,10.043766975402832
2026-04-28 07:22:05.210561,2026-04-28 07:22:05.210561,9.943451881408691
2026-04-28 07:22:05.410810,2026-04-28 07:22:05.410810,9.858183860778809
2026-04-28 07:22:05.608371,2026-04-28 07:22:05.608371,9.609925270080566
2026-04-28 07:22:05.809976,2026-04-28 07:22:05.809976,9.57468605041504
2026-04-28 07:22:06.009009,2026-04-28 07:22:06.009009,9.368951797485352
2026-04-28 07:22:06.209430,2026-04-28 07:22:06.209430,9.19407844543457
2026-04-28 07:22:06.408998,2026-04-28 07:22:06.408998,9.045434951782228
2026-04-28 07:22:06.609336,2026-04-28 07:22:06.609336,8.919088363647461
2026-04-28 07:22:06.808732,2026-04-28 07:22:06.808732,8.811694145202637
2026-04-28 07:22:07.011032,2026-04-28 07:22:07.011032,8.72040843963623
2026-04-28 07:22:07.208627,2026-04-28 07:22:07.208627,8.642816543579102
2026-04-28 07:22:07.410757,2026-04-28 07:22:07.410757,8.576862335205078
2026-04-28 07:22:07.609459,2026-04-28 07:22:07.609459,8.520801544189453
2026-04-28 07:22:07.811605,2026-04-28 07:22:07.811605,8.473150253295898
2026-04-28 07:22:08.009531,2026-04-28 07:22:08.009531,8.432646751403809
2026-04-28 07:22:08.218915,2026-04-28 07:22:08.218915,8.398218154907227
2026-04-28 07:22:08.420327,2026-04-28 07:22:08.420327,8.3689546585083
2026-04-28 07:22:08.609938,2026-04-28 07:22:08.609938,8.344079971313477
2026-04-28 07:22:08.814365,2026-04-28 07:22:08.814365,8.14715576171875
2026-04-28 07:22:09.012387,2026-04-28 07:22:09.012387,7.979769706726074
2026-04-28 07:22:09.212296,2026-04-28 07:22:09.212296,7.837491512298584
2026-04-28 07:22:09.410053,2026-04-28 07:22:09.410053,7.716555595397949
2026-04-28 07:22:09.611008,2026-04-28 07:22:09.611008,7.613759517669678
2026-04-28 07:22:09.811393,2026-04-28 07:22:09.811393,7.526383399963379
2026-04-28 07:22:10.015259,2026-04-28 07:22:10.015259,7.452113151550293
2026-04-28 07:22:10.219326,2026-04-28 07:22:10.219326,7.388983726501465
2026-04-28 07:22:10.412113,2026-04-28 07:22:10.412113,7.511105060577393
2026-04-28 07:22:10.616356,2026-04-28 07:22:10.616356,7.614907741546631
2026-04-28 07:22:10.808765,2026-04-28 07:22:10.808765,7.7031402587890625
2026-04-28 07:22:11.013423,2026-04-28 07:22:11.013423,7.778138160705566
2026-04-28 07:22:11.209633,2026-04-28 07:22:11.209633,11.005949020385742
2026-04-28 07:22:11.411207,2026-04-28 07:22:11.411207,10.585525512695312
2026-04-28 07:22:11.609832,2026-04-28 07:22:11.609832,10.228164672851562
2026-04-28 07:22:11.810564,2026-04-28 07:22:11.810564,9.924408912658691
2026-04-28 07:22:12.010236,2026-04-28 07:22:12.010236,9.666216850280762
2026-04-28 07:22:12.210464,2026-04-28 07:22:12.210464,9.446752548217772
2026-04-28 07:22:12.408575,2026-04-28 07:22:12.408575,9.084426879882812
2026-04-28 07:22:12.613197,2026-04-28 07:22:12.613197,8.952232360839844
2026-04-28 07:22:12.808811,2026-04-28 07:22:12.808811,8.839865684509277
2026-04-28 07:22:13.008456,2026-04-28 07:22:13.008456,8.568573951721191
2026-04-28 07:22:13.215557,2026-04-28 07:22:13.215557,8.513755798339844
2026-04-28 07:22:13.414495,2026-04-28 07:22:13.414495,8.467161178588867
2026-04-28 07:22:13.609134,2026-04-28 07:22:13.609134,8.251774787902832
2026-04-28 07:22:13.816257,2026-04-28 07:22:13.816257,8.068696022033691
2026-04-28 07:22:14.012069,2026-04-28 07:22:14.012069,7.913079261779785
2026-04-28 07:22:14.210189,2026-04-28 07:22:14.210189,11.120648384094238
2026-04-28 07:22:14.408378,2026-04-28 07:22:14.408378,13.847082138061523
2026-04-28 07:22:14.608330,2026-04-28 07:22:14.608330,13.000489234924316
2026-04-28 07:22:14.809931,2026-04-28 07:22:14.809931,15.444947242736816
2026-04-28 07:22:15.009086,2026-04-28 07:22:15.009086,14.358673095703123
2026-04-28 07:22:15.209676,2026-04-28 07:22:15.209676,13.435340881347656
2026-04-28 07:22:15.410465,2026-04-28 07:22:15.410465,15.814571380615234
2026-04-28 07:22:15.609185,2026-04-28 07:22:15.609185,14.67285442352295
2026-04-28 07:22:15.812099,2026-04-28 07:22:15.812099,15.46020793914795
2026-04-28 07:22:16.009311,2026-04-28 07:22:16.009311,16.129457473754883
2026-04-28 07:22:16.210345,2026-04-28 07:22:16.210345,14.940507888793944
2026-04-28 07:22:16.408467,2026-04-28 07:22:16.408467,13.92990016937256
2026-04-28 07:22:16.610578,2026-04-28 07:22:16.610578,14.828696250915527
2026-04-28 07:22:16.810257,2026-04-28 07:22:16.810257,13.834860801696776
2026-04-28 07:22:17.020232,2026-04-28 07:22:17.020232,12.990100860595703
2026-04-28 07:22:17.208745,2026-04-28 07:22:17.208745,12.272053718566896
2026-04-28 07:22:17.412799,2026-04-28 07:22:17.412799,11.661714553833008
2026-04-28 07:22:17.609134,2026-04-28 07:22:17.609134,12.724957466125488
2026-04-28 07:22:17.817539,2026-04-28 07:22:17.817539,12.046682357788086
2026-04-28 07:22:18.009902,2026-04-28 07:22:18.009902,11.470149040222168
2026-04-28 07:22:18.213346,2026-04-28 07:22:18.213346,12.562127113342283
2026-04-28 07:22:18.410958,2026-04-28 07:22:18.410958,13.314526557922363
2026-04-28 07:22:18.609736,2026-04-28 07:22:18.609736,13.954066276550291
2026-04-28 07:22:18.808685,2026-04-28 07:22:18.808685,14.497674942016602
2026-04-28 07:22:19.009598,2026-04-28 07:22:19.009598,14.959742546081545
2026-04-28 07:22:19.209130,2026-04-28 07:22:19.209130,15.352499961853027
2026-04-28 07:22:19.409999,2026-04-28 07:22:19.409999,15.5105619430542
2026-04-28 07:22:19.608780,2026-04-28 07:22:19.608780,15.293353080749512
2026-04-28 07:22:19.810038,2026-04-28 07:22:19.810038,14.932944297790527
2026-04-28 07:22:20.008659,2026-04-28 07:22:20.008659,14.099252700805664
2026-04-28 07:22:20.208486,2026-04-28 07:22:20.208486,13.21483325958252
2026-04-28 07:22:20.408339,2026-04-28 07:22:20.408339,14.3966703414917
2026-04-28 07:22:20.609736,2026-04-28 07:22:20.609736,13.291857719421388
2026-04-28 07:22:20.810465,2026-04-28 07:22:20.810465,14.462141036987305
2026-04-28 07:22:21.012568,2026-04-28 07:22:21.012568,15.45688247680664
2026-04-28 07:22:21.214849,2026-04-28 07:22:21.214849,15.950850486755373
2026-04-28 07:22:21.410156,2026-04-28 07:22:21.410156,16.722286224365234
2026-04-28 07:22:21.610154,2026-04-28 07:22:21.610154,17.02644157409668
2026-04-28 07:22:21.810961,2026-04-28 07:22:21.810961,17.109195709228516
2026-04-28 07:22:22.010769,2026-04-28 07:22:22.010769,17.179534912109375
2026-04-28 07:22:22.210277,2026-04-28 07:22:22.210277,17.239322662353516
2026-04-28 07:22:22.408703,2026-04-28 07:22:22.408703,17.290143966674805
2026-04-28 07:22:22.608321,2026-04-28 07:22:22.608321,17.33333969116211
2026-04-28 07:22:22.810720,2026-04-28 07:22:22.810720,17.370058059692383
2026-04-28 07:22:23.011790,2026-04-28 07:22:23.011790,17.401268005371094
2026-04-28 07:22:23.210655,2026-04-28 07:22:23.210655,17.427797317504883
2026-04-28 07:22:23.411865,2026-04-28 07:22:23.411865,17.450345993041992
2026-04-28 07:22:23.610636,2026-04-28 07:22:23.610636,17.469512939453125
2026-04-28 07:22:23.811169,2026-04-28 07:22:23.811169,17.48580551147461
2026-04-28 07:22:24.008475,2026-04-28 07:22:24.008475,17.499652862548828
2026-04-28 07:22:24.210624,2026-04-28 07:22:24.210624,17.687204360961914
2026-04-28 07:22:24.408546,2026-04-28 07:22:24.408546,17.84662437438965
2026-04-28 07:22:24.609032,2026-04-28 07:22:24.609032,17.80634880065918
2026-04-28 07:22:24.811585,2026-04-28 07:22:24.811585,17.77211570739746
2026-04-28 07:22:25.009154,2026-04-28 07:22:25.009154,17.743017196655273
2026-04-28 07:22:25.211504,2026-04-28 07:22:25.211504,17.71828269958496
2026-04-28 07:22:25.410906,2026-04-28 07:22:25.410906,17.6972599029541
2026-04-28 07:22:25.608990,2026-04-28 07:22:25.608990,16.09735870361328
2026-04-28 07:22:25.810169,2026-04-28 07:22:25.810169,14.737442016601562
2026-04-28 07:22:38.910069,2026-04-28 07:22:38.910069,14.987763404846191
2026-04-28 07:22:39.113936,2026-04-28 07:22:39.113936,15.200535774230955
2026-04-28 07:22:39.309212,2026-04-28 07:22:39.309212,14.150924682617188
2026-04-28 07:22:39.509212,2026-04-28 07:22:39.509212,13.25875473022461
2026-04-28 07:22:39.709308,2026-04-28 07:22:39.709308,13.555097579956056
2026-04-28 07:22:39.909488,2026-04-28 07:22:39.909488,12.928083419799805
2026-04-28 07:22:40.108551,2026-04-28 07:22:40.108551,13.09824562072754
2026-04-28 07:22:40.310070,2026-04-28 07:22:40.310070,13.242883682250977
2026-04-28 07:22:40.508437,2026-04-28 07:22:40.508437,13.365826606750488
2026-04-28 07:22:40.708388,2026-04-28 07:22:40.708388,13.294546127319336
2026-04-28 07:22:40.909103,2026-04-28 07:22:40.909103,13.23395824432373
2026-04-28 07:22:41.110318,2026-04-28 07:22:41.110318,13.18245792388916
2026-04-28 07:22:41.312859,2026-04-28 07:22:41.312859,12.962902069091797
2026-04-28 07:22:41.510455,2026-04-28 07:22:41.510455,12.600497245788574
2026-04-28 07:22:41.708583,2026-04-28 07:22:41.708583,12.468235969543455
2026-04-28 07:22:41.909930,2026-04-28 07:22:41.909930,12.180031776428224
2026-04-28 07:22:42.111117,2026-04-28 07:22:42.111117,12.110838890075684
2026-04-28 07:22:42.312469,2026-04-28 07:22:42.312469,12.05202579498291
2026-04-28 07:22:42.508497,2026-04-28 07:22:42.508497,12.002034187316896
2026-04-28 07:22:42.708989,2026-04-28 07:22:42.708989,11.959542274475098
2026-04-28 07:22:42.909457,2026-04-28 07:22:42.909457,11.923422813415527
2026-04-28 07:22:43.109460,2026-04-28 07:22:43.109460,11.892722129821776
2026-04-28 07:22:43.309008,2026-04-28 07:22:43.309008,11.866626739501951
2026-04-28 07:22:43.508772,2026-04-28 07:22:43.508772,11.84444522857666
2026-04-28 07:22:43.711296,2026-04-28 07:22:43.711296,11.825590133666992
2026-04-28 07:22:43.909090,2026-04-28 07:22:43.909090,11.809564590454102
2026-04-28 07:22:44.108451,2026-04-28 07:22:44.108451,11.620161056518556
2026-04-28 07:22:44.309071,2026-04-28 07:22:44.309071,11.459168434143066
2026-04-28 07:22:44.510324,2026-04-28 07:22:44.510324,11.3223237991333
2026-04-28 07:22:44.709888,2026-04-28 07:22:44.709888,11.38178825378418
2026-04-28 07:22:44.908489,2026-04-28 07:22:44.908489,11.432332038879396
2026-04-28 07:22:45.109124,2026-04-28 07:22:45.109124,11.475295066833496
2026-04-28 07:22:45.310491,2026-04-28 07:22:45.310491,11.511813163757324
2026-04-28 07:22:45.509737,2026-04-28 07:22:45.509737,11.542853355407717
2026-04-28 07:22:45.709864,2026-04-28 07:22:45.709864,11.393457412719728
2026-04-28 07:22:45.908907,2026-04-28 07:22:45.908907,11.442251205444336
2026-04-28 07:22:46.109057,2026-04-28 07:22:46.109057,11.483725547790527
2026-04-28 07:22:46.310987,2026-04-28 07:22:46.310987,11.5189790725708
2026-04-28 07:22:46.508508,2026-04-28 07:22:46.508508,11.548945426940918
2026-04-28 07:22:46.708848,2026-04-28 07:22:46.708848,11.574416160583496
2026-04-28 07:22:46.909518,2026-04-28 07:22:46.909518,11.596065521240234
2026-04-28 07:22:47.109690,2026-04-28 07:22:47.109690,11.614468574523926
2026-04-28 07:22:47.309010,2026-04-28 07:22:47.309010,11.63011074066162
2026-04-28 07:22:47.510884,2026-04-28 07:22:47.510884,11.643406867980955
2026-04-28 07:22:47.708986,2026-04-28 07:22:47.708986,11.654707908630373
2026-04-28 07:22:47.909715,2026-04-28 07:22:47.909715,11.664314270019531
2026-04-28 07:22:48.108406,2026-04-28 07:22:48.108406,11.848260879516602
2026-04-28 07:22:48.311267,2026-04-28 07:22:48.311267,12.004615783691406
2026-04-28 07:22:48.516918,2026-04-28 07:22:48.516918,12.137516975402832
2026-04-28 07:22:48.711866,2026-04-28 07:22:48.711866,12.250483512878418
2026-04-28 07:22:48.912316,2026-04-28 07:22:48.912316,12.34650421142578
2026-04-28 07:22:49.111357,2026-04-28 07:22:49.111357,12.428122520446776
2026-04-28 07:22:49.308980,2026-04-28 07:22:49.308980,12.49749755859375
2026-04-28 07:22:49.509838,2026-04-28 07:22:49.509838,12.556467056274414
2026-04-28 07:22:49.714319,2026-04-28 07:22:49.714319,12.606590270996094
2026-04-28 07:22:49.911760,2026-04-28 07:22:49.911760,12.649195671081545
2026-04-28 07:22:50.111521,2026-04-28 07:22:50.111521,12.685410499572754
2026-04-28 07:22:50.315177,2026-04-28 07:22:50.315177,12.716192245483398
2026-04-28 07:22:50.509592,2026-04-28 07:22:50.509592,12.74235725402832
2026-04-28 07:22:50.710958,2026-04-28 07:22:50.710958,12.76459789276123
2026-04-28 07:22:50.909789,2026-04-28 07:22:50.909789,12.783501625061035
2026-04-28 07:22:51.112455,2026-04-28 07:22:51.112455,12.799570083618164
2026-04-28 07:22:51.309264,2026-04-28 07:22:51.309264,12.813228607177734
2026-04-28 07:22:51.509684,2026-04-28 07:22:51.509684,12.649056434631348
2026-04-28 07:22:51.709544,2026-04-28 07:22:51.709544,12.68529224395752
2026-04-28 07:22:51.909002,2026-04-28 07:22:51.909002,12.716092109680176
2026-04-28 07:22:52.110151,2026-04-28 07:22:52.110151,12.918052673339844
2026-04-28 07:22:52.310430,2026-04-28 07:22:52.310430,13.089719772338867
2026-04-28 07:22:52.508701,2026-04-28 07:22:52.508701,13.411417961120604
2026-04-28 07:22:52.708387,2026-04-28 07:22:52.708387,13.68486213684082
2026-04-28 07:22:52.908355,2026-04-28 07:22:52.908355,13.917288780212402
2026-04-28 07:22:53.109552,2026-04-28 07:22:53.109552,14.11485195159912
2026-04-28 07:22:53.311230,2026-04-28 07:22:53.311230,14.282780647277832
2026-04-28 07:22:53.508537,2026-04-28 07:22:53.508537,14.425518989562988
2026-04-28 07:22:53.709466,2026-04-28 07:22:53.709466,14.546847343444824
2026-04-28 07:22:53.912228,2026-04-28 07:22:53.912228,14.64997673034668
2026-04-28 07:22:54.109938,2026-04-28 07:22:54.109938,14.73763656616211
2026-04-28 07:22:54.310807,2026-04-28 07:22:54.310807,14.81214714050293
2026-04-28 07:22:54.510435,2026-04-28 07:22:54.510435,14.875481605529783
2026-04-28 07:22:54.710035,2026-04-28 07:22:54.710035,14.929315567016602
2026-04-28 07:22:54.909221,2026-04-28 07:22:54.909221,14.975074768066406
2026-04-28 07:22:55.111259,2026-04-28 07:22:55.111259,15.01396942138672
2026-04-28 07:22:55.308541,2026-04-28 07:22:55.308541,15.047030448913574
2026-04-28 07:22:55.508298,2026-04-28 07:22:55.508298,17.184507369995117
2026-04-28 07:22:55.709262,2026-04-28 07:22:55.709262,19.001361846923828
2026-04-28 07:22:55.908589,2026-04-28 07:22:55.908589,20.54568862915039
2026-04-28 07:22:56.109027,2026-04-28 07:22:56.109027,21.858367919921875
2026-04-28 07:22:56.308554,2026-04-28 07:22:56.308554,22.974143981933597
2026-04-28 07:22:56.519011,2026-04-28 07:22:56.519011,23.92255210876465
2026-04-28 07:22:56.710165,2026-04-28 07:22:56.710165,24.728700637817383
2026-04-28 07:22:56.909549,2026-04-28 07:22:56.909549,25.41392707824707
2026-04-28 07:22:57.108799,2026-04-28 07:22:57.108799,25.99637031555176
2026-04-28 07:22:57.313261,2026-04-28 07:22:57.313261,26.49144554138184
2026-04-28 07:22:57.514029,2026-04-28 07:22:57.514029,26.912260055541992
2026-04-28 07:22:57.710288,2026-04-28 07:22:57.710288,27.26995277404785
2026-04-28 07:22:57.909570,2026-04-28 07:22:57.909570,27.573989868164062
2026-04-28 07:22:58.110133,2026-04-28 07:22:58.110133,27.832422256469727
2026-04-28 07:22:58.314457,2026-04-28 07:22:58.314457,28.052091598510746
2026-04-28 07:22:58.509443,2026-04-28 07:22:58.509443,28.238807678222656
2026-04-28 07:22:58.708519,2026-04-28 07:22:58.708519,28.397518157958984
2026-04-28 07:22:58.908563,2026-04-28 07:22:58.908563,28.532421112060547
2026-04-28 07:22:59.109372,2026-04-28 07:22:59.109372,28.4713077545166
2026-04-28 07:22:59.310455,2026-04-28 07:22:59.310455,28.419363021850582
2026-04-28 07:22:59.509344,2026-04-28 07:22:59.509344,28.375207901000977
2026-04-28 07:22:59.709929,2026-04-28 07:22:59.709929,28.337677001953125
2026-04-28 07:22:59.911168,2026-04-28 07:22:59.911168,28.305774688720703
2026-04-28 07:23:00.113172,2026-04-28 07:23:00.113172,25.81772232055664
2026-04-28 07:23:00.308358,2026-04-28 07:23:00.308358,23.7028751373291
2026-04-28 07:23:00.508261,2026-04-28 07:23:00.508261,21.905256271362305
2026-04-28 07:23:00.712907,2026-04-28 07:23:00.712907,20.377281188964844
2026-04-28 07:23:00.908802,2026-04-28 07:23:00.908802,19.078500747680664
2026-04-28 07:23:01.108395,2026-04-28 07:23:01.108395,18.150320053100582
2026-04-28 07:23:01.308393,2026-04-28 07:23:01.308393,17.361366271972656
2026-04-28 07:23:01.509924,2026-04-28 07:23:01.509924,16.690753936767578
2026-04-28 07:23:01.709638,2026-04-28 07:23:01.709638,16.12073516845703
2026-04-28 07:23:01.909779,2026-04-28 07:23:01.909779,15.636219024658203
2026-04-28 07:23:02.112913,2026-04-28 07:23:02.112913,15.224379539489746
2026-04-28 07:23:02.308624,2026-04-28 07:23:02.308624,14.874316215515137
2026-04-28 07:23:02.509557,2026-04-28 07:23:02.509557,14.576762199401855
2026-04-28 07:23:02.711544,2026-04-28 07:23:02.711544,14.32384204864502
2026-04-28 07:23:02.911195,2026-04-28 07:23:02.911195,14.108859062194824
2026-04-28 07:23:03.111551,2026-04-28 07:23:03.111551,14.101905822753906
2026-04-28 07:23:03.311479,2026-04-28 07:23:03.311479,13.92021369934082
2026-04-28 07:23:03.510724,2026-04-28 07:23:03.510724,13.941555976867676
2026-04-28 07:23:03.708490,2026-04-28 07:23:03.708490,13.959697723388672
2026-04-28 07:23:03.911624,2026-04-28 07:23:03.911624,13.97511863708496
2026-04-28 07:23:04.108714,2026-04-28 07:23:04.108714,13.988225936889648
2026-04-28 07:23:17.209427,2026-04-28 07:23:17.209427,13.999366760253906
2026-04-28 07:23:17.416166,2026-04-28 07:23:17.416166,14.00883674621582
2026-04-28 07:23:17.609149,2026-04-28 07:23:17.609149,14.016885757446287
2026-04-28 07:23:17.810115,2026-04-28 07:23:17.810115,14.023728370666504
2026-04-28 07:23:18.009064,2026-04-28 07:23:18.009064,14.02954387664795
2026-04-28 07:23:18.211150,2026-04-28 07:23:18.211150,14.2102689743042
2026-04-28 07:23:18.408867,2026-04-28 07:23:18.408867,14.363884925842283
2026-04-28 07:23:18.612859,2026-04-28 07:23:18.612859,14.670239448547363
2026-04-28 07:23:18.808350,2026-04-28 07:23:18.808350,15.106422424316406
2026-04-28 07:23:19.009647,2026-04-28 07:23:19.009647,15.477177619934082
2026-04-28 07:23:19.209233,2026-04-28 07:23:19.209233,15.968100547790527
2026-04-28 07:23:19.408962,2026-04-28 07:23:19.408962,16.209604263305664
2026-04-28 07:23:19.608380,2026-04-28 07:23:19.608380,16.41488265991211
2026-04-28 07:23:19.808920,2026-04-28 07:23:19.808920,16.76515007019043
2026-04-28 07:23:20.008951,2026-04-28 07:23:20.008951,17.062877655029297
2026-04-28 07:23:20.216559,2026-04-28 07:23:20.216559,17.315946578979492
2026-04-28 07:23:20.415245,2026-04-28 07:23:20.415245,17.53105354309082
2026-04-28 07:23:20.608937,2026-04-28 07:23:20.608937,17.713895797729492
2026-04-28 07:23:20.811644,2026-04-28 07:23:20.811644,17.869312286376953
2026-04-28 07:23:21.011570,2026-04-28 07:23:21.011570,18.001415252685547
2026-04-28 07:23:21.211854,2026-04-28 07:23:21.211854,18.11370277404785
2026-04-28 07:23:21.410548,2026-04-28 07:23:21.410548,18.03336524963379
2026-04-28 07:23:21.612014,2026-04-28 07:23:21.612014,17.96508026123047
2026-04-28 07:23:21.808466,2026-04-28 07:23:21.808466,17.90703582763672
2026-04-28 07:23:22.008839,2026-04-28 07:23:22.008839,18.03348159790039
2026-04-28 07:23:22.209420,2026-04-28 07:23:22.209420,17.965177536010742
2026-04-28 07:23:22.410362,2026-04-28 07:23:22.410362,17.907119750976562
2026-04-28 07:23:22.608747,2026-04-28 07:23:22.608747,17.857770919799805
2026-04-28 07:23:22.813652,2026-04-28 07:23:22.813652,17.815824508666992
2026-04-28 07:23:23.011486,2026-04-28 07:23:23.011486,17.780168533325195
2026-04-28 07:23:23.208473,2026-04-28 07:23:23.208473,17.749862670898438
2026-04-28 07:23:23.409243,2026-04-28 07:23:23.409243,17.724102020263672
2026-04-28 07:23:23.610784,2026-04-28 07:23:23.610784,17.702205657958984
2026-04-28 07:23:23.810083,2026-04-28 07:23:23.810083,17.68359375
2026-04-28 07:23:24.013153,2026-04-28 07:23:24.013153,17.49199104309082
2026-04-28 07:23:24.209465,2026-04-28 07:23:24.209465,17.329130172729492
2026-04-28 07:23:24.408636,2026-04-28 07:23:24.408636,17.190698623657227
2026-04-28 07:23:24.609386,2026-04-28 07:23:24.609386,17.073030471801758
2026-04-28 07:23:24.808941,2026-04-28 07:23:24.808941,16.97301483154297
2026-04-28 07:23:25.010336,2026-04-28 07:23:25.010336,16.887998580932617
2026-04-28 07:23:25.208901,2026-04-28 07:23:25.208901,16.815736770629883
2026-04-28 07:23:25.408530,2026-04-28 07:23:25.408530,16.754314422607422
2026-04-28 07:23:25.611231,2026-04-28 07:23:25.611231,16.526323318481445
2026-04-28 07:23:25.809563,2026-04-28 07:23:25.809563,16.508312225341797
2026-04-28 07:23:26.010091,2026-04-28 07:23:26.010091,16.31722068786621
2026-04-28 07:23:26.209023,2026-04-28 07:23:26.209023,16.154794692993164
2026-04-28 07:23:26.408795,2026-04-28 07:23:26.408795,16.01673126220703
2026-04-28 07:23:26.611582,2026-04-28 07:23:26.611582,16.075159072875977
2026-04-28 07:23:26.810649,2026-04-28 07:23:26.810649,16.12482261657715
2026-04-28 07:23:27.009330,2026-04-28 07:23:27.009330,16.167037963867188
2026-04-28 07:23:27.212739,2026-04-28 07:23:27.212739,16.202919006347656
2026-04-28 07:23:27.409290,2026-04-28 07:23:27.409290,16.23341941833496
2026-04-28 07:23:27.610798,2026-04-28 07:23:27.610798,16.25934410095215
2026-04-28 07:23:27.809729,2026-04-28 07:23:27.809729,16.28137969970703
2026-04-28 07:23:28.008892,2026-04-28 07:23:28.008892,16.30010986328125
2026-04-28 07:23:28.210314,2026-04-28 07:23:28.210314,16.316030502319336
2026-04-28 07:23:28.413541,2026-04-28 07:23:28.413541,16.32956314086914
2026-04-28 07:23:28.609804,2026-04-28 07:23:28.609804,16.341066360473633
2026-04-28 07:23:28.813545,2026-04-28 07:23:28.813545,16.35084342956543
2026-04-28 07:23:29.008909,2026-04-28 07:23:29.008909,16.359155654907227
2026-04-28 07:23:29.210373,2026-04-28 07:23:29.210373,16.36621856689453
2026-04-28 07:23:29.412183,2026-04-28 07:23:29.412183,16.372224807739258
2026-04-28 07:23:29.609654,2026-04-28 07:23:29.609654,16.37732696533203
2026-04-28 07:23:29.809533,2026-04-28 07:23:29.809533,16.38166618347168
2026-04-28 07:23:30.008945,2026-04-28 07:23:30.008945,16.385353088378906
2026-04-28 07:23:30.211503,2026-04-28 07:23:30.211503,16.38848876953125
2026-04-28 07:23:30.410450,2026-04-28 07:23:30.410450,16.39115333557129
2026-04-28 07:23:30.611197,2026-04-28 07:23:30.611197,16.393417358398438
2026-04-28 07:23:30.811712,2026-04-28 07:23:30.811712,16.395341873168945
2026-04-28 07:23:31.014236,2026-04-28 07:23:31.014236,16.5727596282959
2026-04-28 07:23:31.210718,2026-04-28 07:23:31.210718,16.72356414794922
2026-04-28 07:23:31.416552,2026-04-28 07:23:31.416552,16.851747512817383
2026-04-28 07:23:31.612299,2026-04-28 07:23:31.612299,17.136486053466797
2026-04-28 07:23:31.808838,2026-04-28 07:23:31.808838,17.37851333618164
2026-04-28 07:23:32.010597,2026-04-28 07:23:32.010597,18.28736114501953
2026-04-28 07:23:32.211954,2026-04-28 07:23:32.211954,19.05988121032715
2026-04-28 07:23:32.410825,2026-04-28 07:23:32.410825,19.540742874145508
2026-04-28 07:23:32.611274,2026-04-28 07:23:32.611274,19.77369499206543
2026-04-28 07:23:32.809912,2026-04-28 07:23:32.809912,19.971702575683597
2026-04-28 07:23:33.010381,2026-04-28 07:23:33.010381,20.1400089263916
2026-04-28 07:23:33.213359,2026-04-28 07:23:33.213359,20.283071517944336
2026-04-28 07:23:33.410633,2026-04-28 07:23:33.410633,20.756235122680664
2026-04-28 07:23:33.609639,2026-04-28 07:23:33.609639,21.334205627441406
2026-04-28 07:23:33.809589,2026-04-28 07:23:33.809589,22.00126266479492
2026-04-28 07:23:34.009502,2026-04-28 07:23:34.009502,22.216697692871094
2026-04-28 07:23:34.208913,2026-04-28 07:23:34.208913,22.39981842041016
2026-04-28 07:23:34.409968,2026-04-28 07:23:34.409968,22.55547142028809
2026-04-28 07:23:34.612356,2026-04-28 07:23:34.612356,22.687774658203125
2026-04-28 07:23:34.816780,2026-04-28 07:23:34.816780,22.800233840942383
2026-04-28 07:23:35.014263,2026-04-28 07:23:35.014263,22.895824432373047
2026-04-28 07:23:35.215696,2026-04-28 07:23:35.215696,23.152856826782227
2026-04-28 07:23:35.422434,2026-04-28 07:23:35.422434,23.37133407592773
2026-04-28 07:23:35.612373,2026-04-28 07:23:35.612373,23.38125991821289
2026-04-28 07:23:35.810127,2026-04-28 07:23:35.810127,23.38969612121582
2026-04-28 07:23:36.013308,2026-04-28 07:23:36.013308,23.39686584472656
2026-04-28 07:23:36.214219,2026-04-28 07:23:36.214219,23.40296173095703
2026-04-28 07:23:36.410261,2026-04-28 07:23:36.410261,23.40814208984375
2026-04-28 07:23:36.612213,2026-04-28 07:23:36.612213,23.412546157836918
2026-04-28 07:23:36.808437,2026-04-28 07:23:36.808437,23.41628837585449
2026-04-28 07:23:37.010482,2026-04-28 07:23:37.010482,23.419469833374023
2026-04-28 07:23:37.209980,2026-04-28 07:23:37.209980,23.42217445373535
2026-04-28 07:23:37.414121,2026-04-28 07:23:37.414121,23.42447280883789
2026-04-28 07:23:37.609900,2026-04-28 07:23:37.609900,23.426427841186523
2026-04-28 07:23:37.812239,2026-04-28 07:23:37.812239,23.428089141845703
2026-04-28 07:23:38.010871,2026-04-28 07:23:38.010871,23.429500579833984
2026-04-28 07:23:38.210680,2026-04-28 07:23:38.210680,23.430700302124023
2026-04-28 07:23:38.409440,2026-04-28 07:23:38.409440,23.431720733642575
2026-04-28 07:23:38.611945,2026-04-28 07:23:38.611945,23.432586669921875
2026-04-28 07:23:38.812890,2026-04-28 07:23:38.812890,23.433324813842773
2026-04-28 07:23:39.014163,2026-04-28 07:23:39.014163,23.433950424194336
2026-04-28 07:23:39.209831,2026-04-28 07:23:39.209831,23.43448257446289
2026-04-28 07:23:39.408928,2026-04-28 07:23:39.408928,23.434934616088867
2026-04-28 07:23:39.608689,2026-04-28 07:23:39.608689,23.43531990051269
2026-04-28 07:23:39.808940,2026-04-28 07:23:39.808940,23.43564796447754
2026-04-28 07:23:40.009526,2026-04-28 07:23:40.009526,23.435924530029297
2026-04-28 07:23:40.210588,2026-04-28 07:23:40.210588,23.43616104125977
2026-04-28 07:23:40.410733,2026-04-28 07:23:40.410733,23.43636131286621
2026-04-28 07:23:40.610389,2026-04-28 07:23:40.610389,23.436532974243164
2026-04-28 07:23:40.809570,2026-04-28 07:23:40.809570,23.260896682739254
2026-04-28 07:23:41.009127,2026-04-28 07:23:41.009127,23.11160659790039
2026-04-28 07:23:41.210215,2026-04-28 07:23:41.210215,22.984708786010746
2026-04-28 07:23:41.410253,2026-04-28 07:23:41.410253,22.87684631347656
2026-04-28 07:23:41.610526,2026-04-28 07:23:41.610526,22.78516387939453
2026-04-28 07:23:41.809084,2026-04-28 07:23:41.809084,22.707231521606445
2026-04-28 07:23:42.009744,2026-04-28 07:23:42.009744,22.4652099609375
2026-04-28 07:23:42.209082,2026-04-28 07:23:42.209082,22.435272216796875
2026-04-28 07:23:42.412490,2026-04-28 07:23:42.412490,22.40982437133789
2026-04-28 07:23:55.512567,2026-04-28 07:23:55.512567,22.3881950378418
2026-04-28 07:23:55.710440,2026-04-28 07:23:55.710440,22.19402885437012
2026-04-28 07:23:55.912228,2026-04-28 07:23:55.912228,22.02898597717285
2026-04-28 07:23:56.112597,2026-04-28 07:23:56.112597,21.88870048522949
2026-04-28 07:23:56.310756,2026-04-28 07:23:56.310756,21.769458770751957
2026-04-28 07:23:56.511464,2026-04-28 07:23:56.511464,21.668102264404297
2026-04-28 07:23:56.710088,2026-04-28 07:23:56.710088,21.40616798400879
2026-04-28 07:23:56.910552,2026-04-28 07:23:56.910552,21.18352508544922
2026-04-28 07:23:57.109170,2026-04-28 07:23:57.109170,20.99427604675293
2026-04-28 07:23:57.314078,2026-04-28 07:23:57.314078,20.833415985107425
2026-04-28 07:23:57.513504,2026-04-28 07:23:57.513504,20.696685791015625
2026-04-28 07:23:57.709905,2026-04-28 07:23:57.709905,20.404682159423828
2026-04-28 07:23:57.912848,2026-04-28 07:23:57.912848,20.15648078918457
2026-04-28 07:23:58.112262,2026-04-28 07:23:58.112262,19.94550895690918
2026-04-28 07:23:58.308867,2026-04-28 07:23:58.308867,19.76618194580078
2026-04-28 07:23:58.516545,2026-04-28 07:23:58.516545,19.613754272460938
2026-04-28 07:23:58.711568,2026-04-28 07:23:58.711568,19.65997314453125
2026-04-28 07:23:58.908419,2026-04-28 07:23:58.908419,19.69925880432129
2026-04-28 07:23:59.110231,2026-04-28 07:23:59.110231,19.732650756835938
2026-04-28 07:23:59.309162,2026-04-28 07:23:59.309162,19.76103401184082
2026-04-28 07:23:59.510667,2026-04-28 07:23:59.510667,19.960941314697266
2026-04-28 07:23:59.708595,2026-04-28 07:23:59.708595,20.130863189697266
2026-04-28 07:23:59.910558,2026-04-28 07:23:59.910558,20.27529525756836
2026-04-28 07:24:00.112615,2026-04-28 07:24:00.112615,20.39806365966797
2026-04-28 07:24:00.308506,2026-04-28 07:24:00.308506,20.502416610717773
2026-04-28 07:24:00.509058,2026-04-28 07:24:00.509058,20.59111595153809
2026-04-28 07:24:00.708864,2026-04-28 07:24:00.708864,20.66651153564453
2026-04-28 07:24:00.909158,2026-04-28 07:24:00.909158,20.73059844970703
2026-04-28 07:24:01.110286,2026-04-28 07:24:01.110286,20.785070419311523
2026-04-28 07:24:01.311313,2026-04-28 07:24:01.311313,20.83137321472168
2026-04-28 07:24:01.509445,2026-04-28 07:24:01.509445,20.870729446411133
2026-04-28 07:24:01.709183,2026-04-28 07:24:01.709183,21.07996368408203
2026-04-28 07:24:01.912185,2026-04-28 07:24:01.912185,21.2578125
2026-04-28 07:24:02.109126,2026-04-28 07:24:02.109126,21.408985137939453
2026-04-28 07:24:02.309647,2026-04-28 07:24:02.309647,21.5374813079834
2026-04-28 07:24:02.509796,2026-04-28 07:24:02.509796,21.64670181274414
2026-04-28 07:24:02.709826,2026-04-28 07:24:02.709826,21.739540100097656
2026-04-28 07:24:02.910992,2026-04-28 07:24:02.910992,21.818452835083008
2026-04-28 07:24:03.108809,2026-04-28 07:24:03.108809,21.885528564453125
2026-04-28 07:24:03.310282,2026-04-28 07:24:03.310282,21.94254302978516
2026-04-28 07:24:03.508548,2026-04-28 07:24:03.508548,21.991004943847656
2026-04-28 07:24:03.709159,2026-04-28 07:24:03.709159,22.032197952270508
2026-04-28 07:24:03.909282,2026-04-28 07:24:03.909282,22.06721305847168
2026-04-28 07:24:04.108670,2026-04-28 07:24:04.108670,22.09697532653809
2026-04-28 07:24:04.312862,2026-04-28 07:24:04.312862,22.12227249145508
2026-04-28 07:24:04.511817,2026-04-28 07:24:04.511817,22.143774032592773
2026-04-28 07:24:04.711742,2026-04-28 07:24:04.711742,22.337833404541016
2026-04-28 07:24:04.911262,2026-04-28 07:24:04.911262,22.678564071655277
2026-04-28 07:24:05.109537,2026-04-28 07:24:05.109537,22.96818733215332
2026-04-28 07:24:05.313608,2026-04-28 07:24:05.313608,23.390146255493164
2026-04-28 07:24:05.510358,2026-04-28 07:24:05.510358,23.74881172180176
2026-04-28 07:24:05.711515,2026-04-28 07:24:05.711515,24.05367660522461
2026-04-28 07:24:05.909726,2026-04-28 07:24:05.909726,24.31281280517578
2026-04-28 07:24:06.112551,2026-04-28 07:24:06.112551,24.533079147338867
2026-04-28 07:24:06.308525,2026-04-28 07:24:06.308525,24.896085739135746
2026-04-28 07:24:06.508519,2026-04-28 07:24:06.508519,25.20464134216309
2026-04-28 07:24:06.712820,2026-04-28 07:24:06.712820,25.4669132232666
2026-04-28 07:24:06.908794,2026-04-28 07:24:06.908794,25.68984603881836
2026-04-28 07:24:07.110432,2026-04-28 07:24:07.110432,25.879337310791016
2026-04-28 07:24:07.311626,2026-04-28 07:24:07.311626,26.0404052734375
2026-04-28 07:24:07.509810,2026-04-28 07:24:07.509810,26.17731285095215
2026-04-28 07:24:07.714648,2026-04-28 07:24:07.714648,26.293685913085938
2026-04-28 07:24:07.911597,2026-04-28 07:24:07.911597,26.568382263183597
2026-04-28 07:24:08.108861,2026-04-28 07:24:08.108861,26.801876068115234
2026-04-28 07:24:08.311967,2026-04-28 07:24:08.311967,27.000343322753903
2026-04-28 07:24:08.509541,2026-04-28 07:24:08.509541,27.169042587280277
2026-04-28 07:24:08.709495,2026-04-28 07:24:08.709495,27.312435150146484
2026-04-28 07:24:08.909375,2026-04-28 07:24:08.909375,27.4343204498291
2026-04-28 07:24:09.109175,2026-04-28 07:24:09.109175,27.537921905517575
2026-04-28 07:24:09.309806,2026-04-28 07:24:09.309806,24.98926544189453
2026-04-28 07:24:09.509133,2026-04-28 07:24:09.509133,22.822906494140625
2026-04-28 07:24:09.709168,2026-04-28 07:24:09.709168,20.981502532958984
2026-04-28 07:24:09.909905,2026-04-28 07:24:09.909905,19.59208869934082
2026-04-28 07:24:10.108976,2026-04-28 07:24:10.108976,18.586870193481445
2026-04-28 07:24:10.308825,2026-04-28 07:24:10.308825,17.732433319091797
2026-04-28 07:24:10.512788,2026-04-28 07:24:10.512788,16.830381393432617
2026-04-28 07:24:10.708456,2026-04-28 07:24:10.708456,16.239418029785156
2026-04-28 07:24:10.910928,2026-04-28 07:24:10.910928,15.737098693847656
2026-04-28 07:24:11.109593,2026-04-28 07:24:11.109593,15.13434600830078
2026-04-28 07:24:11.311973,2026-04-28 07:24:11.311973,14.7977876663208
2026-04-28 07:24:11.509134,2026-04-28 07:24:11.509134,14.511713027954102
2026-04-28 07:24:11.708902,2026-04-28 07:24:11.708902,14.268549919128418
2026-04-28 07:24:11.909839,2026-04-28 07:24:11.909839,14.061861038208008
2026-04-28 07:24:12.112728,2026-04-28 07:24:12.112728,13.886176109313965
2026-04-28 07:24:12.309553,2026-04-28 07:24:12.309553,13.73684310913086
2026-04-28 07:24:12.508456,2026-04-28 07:24:12.508456,13.60991096496582
2026-04-28 07:24:12.709311,2026-04-28 07:24:12.709311,13.502017974853516
2026-04-28 07:24:12.910194,2026-04-28 07:24:12.910194,13.410308837890623
2026-04-28 07:24:13.108448,2026-04-28 07:24:13.108448,13.332356452941896
2026-04-28 07:24:13.309572,2026-04-28 07:24:13.309572,13.266096115112305
2026-04-28 07:24:13.509648,2026-04-28 07:24:13.509648,13.209775924682615
2026-04-28 07:24:13.709593,2026-04-28 07:24:13.709593,13.161903381347656
2026-04-28 07:24:13.910391,2026-04-28 07:24:13.910391,13.121211051940918
2026-04-28 07:24:14.111436,2026-04-28 07:24:14.111436,13.086623191833496
2026-04-28 07:24:14.311165,2026-04-28 07:24:14.311165,13.057223320007324
2026-04-28 07:24:14.509032,2026-04-28 07:24:14.509032,13.032234191894531
2026-04-28 07:24:14.710329,2026-04-28 07:24:14.710329,13.010993003845217
2026-04-28 07:24:14.908490,2026-04-28 07:24:14.908490,13.168718338012695
2026-04-28 07:24:15.109627,2026-04-28 07:24:15.109627,13.127004623413086
2026-04-28 07:24:15.311388,2026-04-28 07:24:15.311388,13.267329216003418
2026-04-28 07:24:15.511807,2026-04-28 07:24:15.511807,13.386604309082031
2026-04-28 07:24:15.709750,2026-04-28 07:24:15.709750,13.487988471984863
2026-04-28 07:24:15.908543,2026-04-28 07:24:15.908543,13.74994659423828
2026-04-28 07:24:16.108691,2026-04-28 07:24:16.108691,13.972611427307127
2026-04-28 07:24:16.309016,2026-04-28 07:24:16.309016,14.33765697479248
2026-04-28 07:24:16.510610,2026-04-28 07:24:16.510610,14.647945404052734
2026-04-28 07:24:16.710833,2026-04-28 07:24:16.710833,14.911691665649414
2026-04-28 07:24:16.909003,2026-04-28 07:24:16.909003,15.135875701904297
2026-04-28 07:24:17.108514,2026-04-28 07:24:17.108514,15.326431274414062
2026-04-28 07:24:17.309074,2026-04-28 07:24:17.309074,15.488404273986816
2026-04-28 07:24:17.508628,2026-04-28 07:24:17.508628,15.801862716674805
2026-04-28 07:24:17.708838,2026-04-28 07:24:17.708838,16.068302154541016
2026-04-28 07:24:17.912284,2026-04-28 07:24:17.912284,16.118993759155273
2026-04-28 07:24:18.113072,2026-04-28 07:24:18.113072,16.33786392211914
2026-04-28 07:24:18.314276,2026-04-28 07:24:18.314276,16.523902893066406
2026-04-28 07:24:18.509025,2026-04-28 07:24:18.509025,16.682035446166992
2026-04-28 07:24:18.709470,2026-04-28 07:24:18.709470,16.640668869018555
2026-04-28 07:24:18.912769,2026-04-28 07:24:18.912769,16.781286239624023
2026-04-28 07:24:19.110356,2026-04-28 07:24:19.110356,16.72503089904785
2026-04-28 07:24:19.311703,2026-04-28 07:24:19.311703,16.677213668823242
2026-04-28 07:24:19.510817,2026-04-28 07:24:19.510817,16.63656997680664
2026-04-28 07:24:19.709120,2026-04-28 07:24:19.709120,16.602022171020508
2026-04-28 07:24:19.909636,2026-04-28 07:24:19.909636,16.572656631469727
2026-04-28 07:24:20.111504,2026-04-28 07:24:20.111504,16.54769515991211
2026-04-28 07:24:20.309082,2026-04-28 07:24:20.309082,16.526477813720703
2026-04-28 07:24:20.510420,2026-04-28 07:24:20.510420,16.50844383239746
2026-04-28 07:24:20.708992,2026-04-28 07:24:20.708992,16.493114471435547
2026-04-28 07:24:33.809157,2026-04-28 07:24:33.809157,16.480085372924805
2026-04-28 07:24:34.009453,2026-04-28 07:24:34.009453,16.469009399414062
2026-04-28 07:24:34.212523,2026-04-28 07:24:34.212523,16.459596633911133
2026-04-28 07:24:34.409621,2026-04-28 07:24:34.409621,16.45159339904785
2026-04-28 07:24:34.608672,2026-04-28 07:24:34.608672,16.444791793823242
2026-04-28 07:24:34.809695,2026-04-28 07:24:34.809695,16.439010620117188
2026-04-28 07:24:35.011875,2026-04-28 07:24:35.011875,16.434097290039062
2026-04-28 07:24:35.209484,2026-04-28 07:24:35.209484,16.429920196533203
2026-04-28 07:24:35.412670,2026-04-28 07:24:35.412670,16.426368713378906
2026-04-28 07:24:35.610112,2026-04-28 07:24:35.610112,16.423351287841797
2026-04-28 07:24:35.809968,2026-04-28 07:24:35.809968,16.420785903930664
2026-04-28 07:24:36.011532,2026-04-28 07:24:36.011532,16.41860580444336
2026-04-28 07:24:36.211227,2026-04-28 07:24:36.211227,16.592533111572266
2026-04-28 07:24:36.412288,2026-04-28 07:24:36.412288,16.564590454101562
2026-04-28 07:24:36.611288,2026-04-28 07:24:36.611288,16.54084014892578
2026-04-28 07:24:36.808726,2026-04-28 07:24:36.808726,16.52065086364746
2026-04-28 07:24:37.009426,2026-04-28 07:24:37.009426,16.679271697998047
2026-04-28 07:24:37.212093,2026-04-28 07:24:37.212093,16.63831901550293
2026-04-28 07:24:37.408996,2026-04-28 07:24:37.408996,16.77928924560547
2026-04-28 07:24:37.616957,2026-04-28 07:24:37.616957,16.89911460876465
2026-04-28 07:24:37.808920,2026-04-28 07:24:37.808920,17.176748275756836
2026-04-28 07:24:38.009037,2026-04-28 07:24:38.009037,17.412734985351562
2026-04-28 07:24:38.209024,2026-04-28 07:24:38.209024,17.613325119018555
2026-04-28 07:24:38.409909,2026-04-28 07:24:38.409909,17.78382682800293
2026-04-28 07:24:38.611167,2026-04-28 07:24:38.611167,17.928752899169922
2026-04-28 07:24:38.811568,2026-04-28 07:24:38.811568,18.05193901062012
2026-04-28 07:24:39.008939,2026-04-28 07:24:39.008939,18.156648635864254
2026-04-28 07:24:39.209284,2026-04-28 07:24:39.209284,18.245651245117188
2026-04-28 07:24:39.413201,2026-04-28 07:24:39.413201,18.321304321289062
2026-04-28 07:24:39.609886,2026-04-28 07:24:39.609886,18.385608673095703
2026-04-28 07:24:39.817727,2026-04-28 07:24:39.817727,18.44026756286621
2026-04-28 07:24:40.011370,2026-04-28 07:24:40.011370,18.486726760864254
2026-04-28 07:24:40.208966,2026-04-28 07:24:40.208966,18.52621841430664
2026-04-28 07:24:40.410976,2026-04-28 07:24:40.410976,18.735567092895508
2026-04-28 07:24:40.610260,2026-04-28 07:24:40.610260,18.73773193359375
2026-04-28 07:24:40.810701,2026-04-28 07:24:40.810701,18.91535377502441
2026-04-28 07:24:41.008675,2026-04-28 07:24:41.008675,19.06633186340332
2026-04-28 07:24:41.210545,2026-04-28 07:24:41.210545,19.19466209411621
2026-04-28 07:24:41.416874,2026-04-28 07:24:41.416874,19.30374526977539
2026-04-28 07:24:41.608873,2026-04-28 07:24:41.608873,19.22068214416504
2026-04-28 07:24:41.809121,2026-04-28 07:24:41.809121,19.32586097717285
2026-04-28 07:24:42.011734,2026-04-28 07:24:42.011734,19.239482879638672
2026-04-28 07:24:42.209543,2026-04-28 07:24:42.209543,19.166059494018555
2026-04-28 07:24:42.412576,2026-04-28 07:24:42.412576,19.10365104675293
2026-04-28 07:24:42.612546,2026-04-28 07:24:42.612546,19.05060386657715
2026-04-28 07:24:42.809490,2026-04-28 07:24:42.809490,19.005512237548828
2026-04-28 07:24:43.008841,2026-04-28 07:24:43.008841,18.967185974121094
2026-04-28 07:24:43.209535,2026-04-28 07:24:43.209535,18.934608459472656
2026-04-28 07:24:43.408307,2026-04-28 07:24:43.408307,18.906917572021484
2026-04-28 07:24:43.608980,2026-04-28 07:24:43.608980,18.883378982543945
2026-04-28 07:24:43.808582,2026-04-28 07:24:43.808582,18.86337280273437
2026-04-28 07:24:44.011522,2026-04-28 07:24:44.011522,18.84636688232422
2026-04-28 07:24:44.211624,2026-04-28 07:24:44.211624,18.831911087036133
2026-04-28 07:24:44.413217,2026-04-28 07:24:44.413217,18.819623947143555
2026-04-28 07:24:44.608999,2026-04-28 07:24:44.608999,18.809181213378903
2026-04-28 07:24:44.811835,2026-04-28 07:24:44.811835,18.8003044128418
2026-04-28 07:24:45.010846,2026-04-28 07:24:45.010846,18.79275894165039
2026-04-28 07:24:45.210292,2026-04-28 07:24:45.210292,18.78634452819824
2026-04-28 07:24:45.415983,2026-04-28 07:24:45.415983,18.780893325805664
2026-04-28 07:24:45.609020,2026-04-28 07:24:45.609020,18.77625846862793
2026-04-28 07:24:45.811917,2026-04-28 07:24:45.811917,18.77231979370117
2026-04-28 07:24:46.011014,2026-04-28 07:24:46.011014,18.593191146850582
2026-04-28 07:24:46.208757,2026-04-28 07:24:46.208757,18.44093132019043
2026-04-28 07:24:46.409216,2026-04-28 07:24:46.409216,18.31151008605957
2026-04-28 07:24:46.611017,2026-04-28 07:24:46.611017,18.02572059631348
2026-04-28 07:24:46.820516,2026-04-28 07:24:46.820516,17.958581924438477
2026-04-28 07:24:47.014458,2026-04-28 07:24:47.014458,17.901514053344727
2026-04-28 07:24:47.208610,2026-04-28 07:24:47.208610,17.853004455566406
2026-04-28 07:24:47.408392,2026-04-28 07:24:47.408392,17.6359920501709
2026-04-28 07:24:47.609515,2026-04-28 07:24:47.609515,17.45153045654297
2026-04-28 07:24:47.809954,2026-04-28 07:24:47.809954,17.29473876953125
2026-04-28 07:24:48.011749,2026-04-28 07:24:48.011749,17.16146469116211
2026-04-28 07:24:48.209777,2026-04-28 07:24:48.209777,17.04818344116211
2026-04-28 07:24:48.408800,2026-04-28 07:24:48.408800,16.951892852783203
2026-04-28 07:24:48.609214,2026-04-28 07:24:48.609214,16.694265365600586
2026-04-28 07:24:48.809755,2026-04-28 07:24:48.809755,16.65106201171875
2026-04-28 07:24:49.009810,2026-04-28 07:24:49.009810,16.614341735839844
2026-04-28 07:24:49.210146,2026-04-28 07:24:49.210146,16.583127975463867
2026-04-28 07:24:49.410751,2026-04-28 07:24:49.410751,16.556594848632812
2026-04-28 07:24:49.611880,2026-04-28 07:24:49.611880,16.53404426574707
2026-04-28 07:24:49.809553,2026-04-28 07:24:49.809553,16.514875411987305
2026-04-28 07:24:50.012657,2026-04-28 07:24:50.012657,16.322799682617188
2026-04-28 07:24:50.213689,2026-04-28 07:24:50.213689,16.159536361694336
2026-04-28 07:24:50.409145,2026-04-28 07:24:50.409145,16.196542739868164
2026-04-28 07:24:50.609161,2026-04-28 07:24:50.609161,16.052217483520508
2026-04-28 07:24:50.809447,2026-04-28 07:24:50.809447,15.92954158782959
2026-04-28 07:24:51.008556,2026-04-28 07:24:51.008556,15.82526683807373
2026-04-28 07:24:51.209579,2026-04-28 07:24:51.209579,15.736632347106934
2026-04-28 07:24:51.409476,2026-04-28 07:24:51.409476,15.661293983459473
2026-04-28 07:24:51.609982,2026-04-28 07:24:51.609982,15.597256660461426
2026-04-28 07:24:51.808837,2026-04-28 07:24:51.808837,15.367042541503906
2026-04-28 07:24:52.011797,2026-04-28 07:24:52.011797,15.347142219543455
2026-04-28 07:24:52.219905,2026-04-28 07:24:52.219905,15.154446601867676
2026-04-28 07:24:52.412588,2026-04-28 07:24:52.412588,14.81487274169922
2026-04-28 07:24:52.611291,2026-04-28 07:24:52.611291,14.702016830444336
2026-04-28 07:24:52.808903,2026-04-28 07:24:52.808903,14.60608959197998
2026-04-28 07:24:53.019504,2026-04-28 07:24:53.019504,14.524551391601562
2026-04-28 07:24:53.209194,2026-04-28 07:24:53.209194,14.455243110656738
2026-04-28 07:24:53.409819,2026-04-28 07:24:53.409819,14.396331787109377
2026-04-28 07:24:53.609926,2026-04-28 07:24:53.609926,14.346257209777832
2026-04-28 07:24:53.811092,2026-04-28 07:24:53.811092,14.303693771362305
2026-04-28 07:24:54.008708,2026-04-28 07:24:54.008708,14.2675142288208
2026-04-28 07:24:54.209823,2026-04-28 07:24:54.209823,14.236762046813965
2026-04-28 07:24:54.410144,2026-04-28 07:24:54.410144,14.034841537475586
2026-04-28 07:24:54.609824,2026-04-28 07:24:54.609824,14.038990020751951
2026-04-28 07:24:54.808930,2026-04-28 07:24:54.808930,14.042516708374023
2026-04-28 07:24:55.009210,2026-04-28 07:24:55.009210,14.045514106750488
2026-04-28 07:24:55.210250,2026-04-28 07:24:55.210250,13.872281074523926
2026-04-28 07:24:55.414499,2026-04-28 07:24:55.414499,13.725032806396484
2026-04-28 07:24:55.610426,2026-04-28 07:24:55.610426,13.599871635437012
2026-04-28 07:24:55.809690,2026-04-28 07:24:55.809690,13.493484497070312
2026-04-28 07:24:56.014366,2026-04-28 07:24:56.014366,13.40305519104004
2026-04-28 07:24:56.210526,2026-04-28 07:24:56.210526,13.326190948486328
2026-04-28 07:24:56.410382,2026-04-28 07:24:56.410382,13.260855674743652
2026-04-28 07:24:56.609849,2026-04-28 07:24:56.609849,13.205321311950684
2026-04-28 07:24:56.810388,2026-04-28 07:24:56.810388,13.158117294311523
2026-04-28 07:24:57.008921,2026-04-28 07:24:57.008921,13.293774604797363
2026-04-28 07:24:57.208324,2026-04-28 07:24:57.208324,13.233302116394045
2026-04-28 07:24:57.409184,2026-04-28 07:24:57.409184,13.181900024414062
2026-04-28 07:24:57.609313,2026-04-28 07:24:57.609313,13.138209342956545
2026-04-28 07:24:57.810892,2026-04-28 07:24:57.810892,13.10107135772705
2026-04-28 07:24:58.008425,2026-04-28 07:24:58.008425,13.069504737854004
2026-04-28 07:24:58.227782,2026-04-28 07:24:58.227782,13.042672157287598
2026-04-28 07:24:58.409074,2026-04-28 07:24:58.409074,13.019865036010742
2026-04-28 07:24:58.610471,2026-04-28 07:24:58.610471,13.000479698181152
2026-04-28 07:24:58.808808,2026-04-28 07:24:58.808808,12.984001159667969
2026-04-28 07:24:59.009452,2026-04-28 07:24:59.009452,12.96999454498291
2026-04-28 07:25:12.113577,2026-04-28 07:25:12.113577,12.958088874816896
2026-04-28 07:25:12.312730,2026-04-28 07:25:12.312730,12.947969436645508
2026-04-28 07:25:12.514165,2026-04-28 07:25:12.514165,12.93936824798584
2026-04-28 07:25:12.712268,2026-04-28 07:25:12.712268,12.756275177001951
2026-04-28 07:25:12.911936,2026-04-28 07:25:12.911936,12.776427268981934
2026-04-28 07:25:13.110514,2026-04-28 07:25:13.110514,12.617775917053224
2026-04-28 07:25:13.313080,2026-04-28 07:25:13.313080,12.482922554016112
2026-04-28 07:25:13.508543,2026-04-28 07:25:13.508543,12.54407787322998
2026-04-28 07:25:13.711598,2026-04-28 07:25:13.711598,12.420278549194336
2026-04-28 07:25:13.911238,2026-04-28 07:25:13.911238,12.315049171447754
2026-04-28 07:25:14.109192,2026-04-28 07:25:14.109192,12.401385307312012
2026-04-28 07:25:14.309536,2026-04-28 07:25:14.309536,12.650552749633787
2026-04-28 07:25:14.516754,2026-04-28 07:25:14.516754,12.686563491821287
2026-04-28 07:25:14.711998,2026-04-28 07:25:14.711998,13.244516372680664
2026-04-28 07:25:14.908627,2026-04-28 07:25:14.908627,14.07033920288086
2026-04-28 07:25:15.110331,2026-04-28 07:25:15.110331,14.94806957244873
2026-04-28 07:25:15.322842,2026-04-28 07:25:15.322842,15.694140434265137
2026-04-28 07:25:15.511763,2026-04-28 07:25:15.511763,16.32830047607422
2026-04-28 07:25:15.711798,2026-04-28 07:25:15.711798,17.04311752319336
2026-04-28 07:25:15.910256,2026-04-28 07:25:15.910256,17.650712966918945
2026-04-28 07:25:16.115549,2026-04-28 07:25:16.115549,18.16716766357422
2026-04-28 07:25:16.311713,2026-04-28 07:25:16.311713,18.60615539550781
2026-04-28 07:25:16.512569,2026-04-28 07:25:16.512569,19.155075073242188
2026-04-28 07:25:16.711273,2026-04-28 07:25:16.711273,19.621658325195312
2026-04-28 07:25:16.908830,2026-04-28 07:25:16.908830,20.018253326416016
2026-04-28 07:25:17.108940,2026-04-28 07:25:17.108940,20.17957878112793
2026-04-28 07:25:17.315951,2026-04-28 07:25:17.315951,20.49248504638672
2026-04-28 07:25:17.512866,2026-04-28 07:25:17.512866,20.758455276489254
2026-04-28 07:25:17.718726,2026-04-28 07:25:17.718726,20.98453140258789
2026-04-28 07:25:17.912884,2026-04-28 07:25:17.912884,21.17669486999512
2026-04-28 07:25:18.115345,2026-04-28 07:25:18.115345,21.51581573486328
2026-04-28 07:25:18.311823,2026-04-28 07:25:18.311823,21.80406951904297
2026-04-28 07:25:18.514799,2026-04-28 07:25:18.514799,22.2248649597168
2026-04-28 07:25:18.712944,2026-04-28 07:25:18.712944,22.58254051208496
2026-04-28 07:25:18.912214,2026-04-28 07:25:18.912214,23.06234741210937
2026-04-28 07:25:19.115671,2026-04-28 07:25:19.115671,23.47018241882324
2026-04-28 07:25:19.309396,2026-04-28 07:25:19.309396,23.816843032836918
2026-04-28 07:25:19.510672,2026-04-28 07:25:19.510672,24.11150360107422
2026-04-28 07:25:19.710134,2026-04-28 07:25:19.710134,24.36196517944336
2026-04-28 07:25:19.911834,2026-04-28 07:25:19.911834,24.750638961791992
2026-04-28 07:25:20.110667,2026-04-28 07:25:20.110667,25.08101272583008
2026-04-28 07:25:20.310523,2026-04-28 07:25:20.310523,25.36182975769043
2026-04-28 07:25:20.513079,2026-04-28 07:25:20.513079,25.77630424499512
2026-04-28 07:25:20.712525,2026-04-28 07:25:20.712525,26.12860870361328
2026-04-28 07:25:20.912728,2026-04-28 07:25:20.912728,26.428068161010746
2026-04-28 07:25:21.112601,2026-04-28 07:25:21.112601,26.68260765075684
2026-04-28 07:25:21.310591,2026-04-28 07:25:21.310591,26.89896583557129
2026-04-28 07:25:21.510610,2026-04-28 07:25:21.510610,27.08287239074707
2026-04-28 07:25:21.711326,2026-04-28 07:25:21.711326,27.23919105529785
2026-04-28 07:25:21.912703,2026-04-28 07:25:21.912703,27.37206268310547
2026-04-28 07:25:22.111691,2026-04-28 07:25:22.111691,27.485002517700195
2026-04-28 07:25:22.313370,2026-04-28 07:25:22.313370,27.581003189086918
2026-04-28 07:25:22.508977,2026-04-28 07:25:22.508977,27.662601470947266
2026-04-28 07:25:22.719414,2026-04-28 07:25:22.719414,27.73196220397949
2026-04-28 07:25:22.911239,2026-04-28 07:25:22.911239,27.790918350219727
2026-04-28 07:25:23.111704,2026-04-28 07:25:23.111704,27.84103012084961
2026-04-28 07:25:23.312388,2026-04-28 07:25:23.312388,27.883625030517575
2026-04-28 07:25:23.513042,2026-04-28 07:25:23.513042,27.919832229614254
2026-04-28 07:25:23.713124,2026-04-28 07:25:23.713124,27.950607299804688
2026-04-28 07:25:23.911746,2026-04-28 07:25:23.911746,27.97676658630371
2026-04-28 07:25:24.108692,2026-04-28 07:25:24.108692,27.999000549316406
2026-04-28 07:25:24.310566,2026-04-28 07:25:24.310566,28.017900466918945
2026-04-28 07:25:24.508373,2026-04-28 07:25:24.508373,28.033966064453125
2026-04-28 07:25:24.711375,2026-04-28 07:25:24.711375,28.04762077331543
2026-04-28 07:25:24.908333,2026-04-28 07:25:24.908333,28.059226989746094
2026-04-28 07:25:25.108474,2026-04-28 07:25:25.108474,27.893312454223636
2026-04-28 07:25:25.309099,2026-04-28 07:25:25.309099,27.92806625366211
2026-04-28 07:25:25.509198,2026-04-28 07:25:25.509198,27.95760536193848
2026-04-28 07:25:25.709302,2026-04-28 07:25:25.709302,27.982715606689453
2026-04-28 07:25:25.909039,2026-04-28 07:25:25.909039,28.004056930541992
2026-04-28 07:25:26.120525,2026-04-28 07:25:26.120525,27.846418380737305
2026-04-28 07:25:26.308808,2026-04-28 07:25:26.308808,27.71242332458496
2026-04-28 07:25:26.508435,2026-04-28 07:25:26.508435,27.598529815673828
2026-04-28 07:25:26.709041,2026-04-28 07:25:26.709041,27.501718521118164
2026-04-28 07:25:26.908608,2026-04-28 07:25:26.908608,27.41942977905273
2026-04-28 07:25:27.109148,2026-04-28 07:25:27.109148,27.349483489990234
2026-04-28 07:25:27.311133,2026-04-28 07:25:27.311133,27.29002952575684
2026-04-28 07:25:27.510521,2026-04-28 07:25:27.510521,27.23949432373047
2026-04-28 07:25:27.711325,2026-04-28 07:25:27.711325,27.1965389251709
2026-04-28 07:25:27.910125,2026-04-28 07:25:27.910125,27.16002655029297
2026-04-28 07:25:28.108390,2026-04-28 07:25:28.108390,27.12899208068848
2026-04-28 07:25:28.308958,2026-04-28 07:25:28.308958,27.102611541748047
2026-04-28 07:25:28.508751,2026-04-28 07:25:28.508751,26.904407501220703
2026-04-28 07:25:28.712919,2026-04-28 07:25:28.712919,26.911714553833008
2026-04-28 07:25:28.910245,2026-04-28 07:25:28.910245,26.91792678833008
2026-04-28 07:25:29.108458,2026-04-28 07:25:29.108458,26.747425079345703
2026-04-28 07:25:29.308620,2026-04-28 07:25:29.308620,26.60249900817871
2026-04-28 07:25:29.508463,2026-04-28 07:25:29.508463,26.303529739379883
2026-04-28 07:25:29.711373,2026-04-28 07:25:29.711373,26.049406051635746
2026-04-28 07:25:29.909040,2026-04-28 07:25:29.909040,25.833402633666992
2026-04-28 07:25:30.108460,2026-04-28 07:25:30.108460,25.649797439575195
2026-04-28 07:25:30.308507,2026-04-28 07:25:30.308507,25.49373435974121
2026-04-28 07:25:30.518587,2026-04-28 07:25:30.518587,25.18529891967773
2026-04-28 07:25:30.710990,2026-04-28 07:25:30.710990,24.92313003540039
2026-04-28 07:25:30.909390,2026-04-28 07:25:30.909390,24.700284957885746
2026-04-28 07:25:31.112538,2026-04-28 07:25:31.112538,24.51086807250977
2026-04-28 07:25:31.314139,2026-04-28 07:25:31.314139,24.174081802368164
2026-04-28 07:25:31.508485,2026-04-28 07:25:31.508485,23.8878116607666
2026-04-28 07:25:31.709770,2026-04-28 07:25:31.709770,23.64448356628418
2026-04-28 07:25:31.908885,2026-04-28 07:25:31.908885,23.43765640258789
2026-04-28 07:25:32.108469,2026-04-28 07:25:32.108469,23.261850357055664
2026-04-28 07:25:32.313814,2026-04-28 07:25:32.313814,23.112417221069336
2026-04-28 07:25:32.510756,2026-04-28 07:25:32.510756,22.985397338867188
2026-04-28 07:25:32.710652,2026-04-28 07:25:32.710652,23.05321311950684
2026-04-28 07:25:32.912106,2026-04-28 07:25:32.912106,23.11085700988769
2026-04-28 07:25:33.112629,2026-04-28 07:25:33.112629,22.984071731567383
2026-04-28 07:25:33.311757,2026-04-28 07:25:33.311757,23.052085876464844
2026-04-28 07:25:33.511027,2026-04-28 07:25:33.511027,23.10989761352539
2026-04-28 07:25:33.715582,2026-04-28 07:25:33.715582,23.15903854370117
2026-04-28 07:25:33.909635,2026-04-28 07:25:33.909635,23.200807571411133
2026-04-28 07:25:34.112690,2026-04-28 07:25:34.112690,23.236310958862305
2026-04-28 07:25:34.311090,2026-04-28 07:25:34.311090,23.266489028930664
2026-04-28 07:25:34.511182,2026-04-28 07:25:34.511182,23.29214096069336
2026-04-28 07:25:34.709568,2026-04-28 07:25:34.709568,23.313945770263672
2026-04-28 07:25:34.909511,2026-04-28 07:25:34.909511,23.33247756958008
2026-04-28 07:25:35.109684,2026-04-28 07:25:35.109684,23.34823226928711
2026-04-28 07:25:35.312331,2026-04-28 07:25:35.312331,23.185840606689453
2026-04-28 07:25:35.509815,2026-04-28 07:25:35.509815,23.047807693481445
2026-04-28 07:25:35.710521,2026-04-28 07:25:35.710521,22.93048095703125
2026-04-28 07:25:35.911575,2026-04-28 07:25:35.911575,22.830753326416016
2026-04-28 07:25:36.110692,2026-04-28 07:25:36.110692,20.988170623779297
2026-04-28 07:25:36.311922,2026-04-28 07:25:36.311922,19.42197608947754
2026-04-28 07:25:36.511251,2026-04-28 07:25:36.511251,19.84852409362793
2026-04-28 07:25:36.711836,2026-04-28 07:25:36.711836,20.211088180541992
2026-04-28 07:25:36.912037,2026-04-28 07:25:36.912037,20.519269943237305
2026-04-28 07:25:37.108603,2026-04-28 07:25:37.108603,20.78122329711914
2026-04-28 07:25:37.309094,2026-04-28 07:25:37.309094,20.828102111816406
2026-04-28 07:25:50.409980,2026-04-28 07:25:50.409980,20.86794853210449
2026-04-28 07:25:50.624317,2026-04-28 07:25:50.624317,20.726037979125977
2026-04-28 07:25:50.810304,2026-04-28 07:25:50.810304,20.60541343688965
2026-04-28 07:25:51.016637,2026-04-28 07:25:51.016637,18.92085075378418
2026-04-28 07:25:51.208854,2026-04-28 07:25:51.208854,17.48897361755371
2026-04-28 07:25:51.409580,2026-04-28 07:25:51.409580,16.27187728881836
2026-04-28 07:25:51.618839,2026-04-28 07:25:51.618839,15.237345695495604
2026-04-28 07:25:51.818566,2026-04-28 07:25:51.818566,14.357994079589844
2026-04-28 07:25:52.011214,2026-04-28 07:25:52.011214,16.598825454711914
2026-04-28 07:25:52.217315,2026-04-28 07:25:52.217315,16.9215030670166
2026-04-28 07:25:52.411473,2026-04-28 07:25:52.411473,17.195777893066406
2026-04-28 07:25:52.608903,2026-04-28 07:25:52.608903,17.253129959106445
2026-04-28 07:25:52.811430,2026-04-28 07:25:52.811430,17.126096725463867
2026-04-28 07:25:53.020227,2026-04-28 07:25:53.020227,17.19390106201172
2026-04-28 07:25:53.214926,2026-04-28 07:25:53.214926,17.075754165649414
2026-04-28 07:25:53.409104,2026-04-28 07:25:53.409104,18.90892219543457
2026-04-28 07:25:53.611091,2026-04-28 07:25:53.611091,18.70930290222168
2026-04-28 07:25:53.819541,2026-04-28 07:25:53.819541,18.53962516784668
2026-04-28 07:25:54.009030,2026-04-28 07:25:54.009030,20.15321350097656
2026-04-28 07:25:54.211454,2026-04-28 07:25:54.211454,18.888044357299805
2026-04-28 07:25:54.416980,2026-04-28 07:25:54.416980,17.81264877319336
2026-04-28 07:25:54.610058,2026-04-28 07:25:54.610058,16.8985652923584
2026-04-28 07:25:54.808702,2026-04-28 07:25:54.808702,18.758310317993164
2026-04-28 07:25:55.011437,2026-04-28 07:25:55.011437,17.702377319335938
2026-04-28 07:25:55.210614,2026-04-28 07:25:55.210614,16.804832458496094
2026-04-28 07:25:55.410493,2026-04-28 07:25:55.410493,18.678638458251957
2026-04-28 07:25:55.610270,2026-04-28 07:25:55.610270,20.271373748779297
2026-04-28 07:25:55.820942,2026-04-28 07:25:55.820942,18.988481521606445
2026-04-28 07:25:56.013886,2026-04-28 07:25:56.013886,18.073802947998047
2026-04-28 07:25:56.218893,2026-04-28 07:25:56.218893,17.29632568359375
2026-04-28 07:25:56.414359,2026-04-28 07:25:56.414359,16.28390884399414
2026-04-28 07:25:56.612746,2026-04-28 07:25:56.612746,15.59913444519043
2026-04-28 07:25:56.812944,2026-04-28 07:25:56.812944,14.66551399230957
2026-04-28 07:25:57.010174,2026-04-28 07:25:57.010174,14.223499298095703
2026-04-28 07:25:57.211203,2026-04-28 07:25:57.211203,13.672005653381348
2026-04-28 07:25:57.414277,2026-04-28 07:25:57.414277,16.015735626220703
2026-04-28 07:25:57.612308,2026-04-28 07:25:57.612308,18.00790786743164
2026-04-28 07:25:57.810985,2026-04-28 07:25:57.810985,17.064533233642578
2026-04-28 07:25:58.009224,2026-04-28 07:25:58.009224,16.086885452270508
2026-04-28 07:25:58.209712,2026-04-28 07:25:58.209712,15.25588321685791
2026-04-28 07:25:58.421292,2026-04-28 07:25:58.421292,17.362031936645508
2026-04-28 07:25:58.618525,2026-04-28 07:25:58.618525,16.515539169311523
2026-04-28 07:25:58.819444,2026-04-28 07:25:58.819444,15.620240211486816
2026-04-28 07:25:59.027559,2026-04-28 07:25:59.027559,14.859235763549805
2026-04-28 07:25:59.212295,2026-04-28 07:25:59.212295,14.21238136291504
2026-04-28 07:25:59.411349,2026-04-28 07:25:59.411349,13.662555694580078
2026-04-28 07:25:59.608616,2026-04-28 07:25:59.608616,13.195202827453612
2026-04-28 07:25:59.824218,2026-04-28 07:25:59.824218,12.797953605651855
2026-04-28 07:26:00.009726,2026-04-28 07:26:00.009726,12.284510612487791
2026-04-28 07:26:00.208799,2026-04-28 07:26:00.208799,12.023865699768066
2026-04-28 07:26:00.410953,2026-04-28 07:26:00.410953,11.802316665649414
2026-04-28 07:26:00.609176,2026-04-28 07:26:00.609176,11.61400032043457
2026-04-28 07:26:00.819109,2026-04-28 07:26:00.819109,11.45393180847168
2026-04-28 07:26:01.013573,2026-04-28 07:26:01.013573,11.317873001098633
2026-04-28 07:26:01.208915,2026-04-28 07:26:01.208915,11.202223777770996
2026-04-28 07:26:01.422706,2026-04-28 07:26:01.422706,11.103920936584473
2026-04-28 07:26:01.609283,2026-04-28 07:26:01.609283,11.02036476135254
2026-04-28 07:26:01.808579,2026-04-28 07:26:01.808579,10.9493408203125
2026-04-28 07:26:02.008564,2026-04-28 07:26:02.008564,10.888971328735352
2026-04-28 07:26:02.208894,2026-04-28 07:26:02.208894,10.83765697479248
2026-04-28 07:26:02.421578,2026-04-28 07:26:02.421578,10.618258476257324
2026-04-28 07:26:02.611017,2026-04-28 07:26:02.611017,10.607550621032717
2026-04-28 07:26:02.809127,2026-04-28 07:26:02.809127,10.59844970703125
2026-04-28 07:26:03.008888,2026-04-28 07:26:03.008888,10.590713500976562
2026-04-28 07:26:03.225872,2026-04-28 07:26:03.225872,10.58413791656494
2026-04-28 07:26:03.419436,2026-04-28 07:26:03.419436,10.754329681396484
2026-04-28 07:26:03.610649,2026-04-28 07:26:03.610649,11.074773788452148
2026-04-28 07:26:03.811218,2026-04-28 07:26:03.811218,11.52293300628662
2026-04-28 07:26:04.011554,2026-04-28 07:26:04.011554,11.903867721557615
2026-04-28 07:26:04.223228,2026-04-28 07:26:04.223228,12.051881790161133
2026-04-28 07:26:04.409854,2026-04-28 07:26:04.409854,12.177692413330078
2026-04-28 07:26:04.618931,2026-04-28 07:26:04.618931,12.284632682800291
2026-04-28 07:26:04.809998,2026-04-28 07:26:04.809998,12.375531196594238
2026-04-28 07:26:05.009317,2026-04-28 07:26:05.009317,12.45279598236084
2026-04-28 07:26:05.210089,2026-04-28 07:26:05.210089,12.51846981048584
2026-04-28 07:26:05.408898,2026-04-28 07:26:05.408898,12.57429313659668
2026-04-28 07:26:05.609310,2026-04-28 07:26:05.609310,12.797524452209473
2026-04-28 07:26:05.810883,2026-04-28 07:26:05.810883,12.98727035522461
2026-04-28 07:26:06.010320,2026-04-28 07:26:06.010320,13.148554801940918
2026-04-28 07:26:06.208730,2026-04-28 07:26:06.208730,13.285646438598633
2026-04-28 07:26:06.416685,2026-04-28 07:26:06.416685,13.577956199645996
2026-04-28 07:26:06.609823,2026-04-28 07:26:06.609823,14.35376262664795
2026-04-28 07:26:06.820550,2026-04-28 07:26:06.820550,15.013197898864746
2026-04-28 07:26:07.029616,2026-04-28 07:26:07.029616,15.573718070983888
2026-04-28 07:26:07.219686,2026-04-28 07:26:07.219686,16.050161361694336
2026-04-28 07:26:07.421385,2026-04-28 07:26:07.421385,16.279356002807617
2026-04-28 07:26:07.620119,2026-04-28 07:26:07.620119,16.474170684814453
2026-04-28 07:26:07.810023,2026-04-28 07:26:07.810023,16.6397647857666
2026-04-28 07:26:08.009106,2026-04-28 07:26:08.009106,16.604736328125
2026-04-28 07:26:08.212637,2026-04-28 07:26:08.212637,16.75074577331543
2026-04-28 07:26:08.411322,2026-04-28 07:26:08.411322,16.87485122680664
2026-04-28 07:26:08.620814,2026-04-28 07:26:08.620814,16.980342864990234
2026-04-28 07:26:08.814473,2026-04-28 07:26:08.814473,17.070011138916016
2026-04-28 07:26:09.010758,2026-04-28 07:26:09.010758,17.14622688293457
2026-04-28 07:26:09.220560,2026-04-28 07:26:09.220560,17.03523063659668
2026-04-28 07:26:09.418812,2026-04-28 07:26:09.418812,16.94088363647461
2026-04-28 07:26:09.611928,2026-04-28 07:26:09.611928,16.860689163208008
2026-04-28 07:26:09.820570,2026-04-28 07:26:09.820570,16.968303680419922
2026-04-28 07:26:10.019061,2026-04-28 07:26:10.019061,16.883996963500977
2026-04-28 07:26:10.218982,2026-04-28 07:26:10.218982,16.988115310668945
2026-04-28 07:26:10.419040,2026-04-28 07:26:10.419040,17.076616287231445
2026-04-28 07:26:10.609407,2026-04-28 07:26:10.609407,17.15184211730957
2026-04-28 07:26:10.819211,2026-04-28 07:26:10.819211,17.39156723022461
2026-04-28 07:26:11.020223,2026-04-28 07:26:11.020223,17.4195499420166
2026-04-28 07:26:11.211800,2026-04-28 07:26:11.211800,17.619117736816406
2026-04-28 07:26:11.421019,2026-04-28 07:26:11.421019,17.61296844482422
2026-04-28 07:26:11.609208,2026-04-28 07:26:11.609208,17.783523559570312
2026-04-28 07:26:11.818654,2026-04-28 07:26:11.818654,17.928495407104492
2026-04-28 07:26:12.008984,2026-04-28 07:26:12.008984,18.051721572875977
2026-04-28 07:26:12.214022,2026-04-28 07:26:12.214022,18.15646171569824
2026-04-28 07:26:12.419594,2026-04-28 07:26:12.419594,18.245492935180664
2026-04-28 07:26:12.615312,2026-04-28 07:26:12.615312,18.321168899536133
2026-04-28 07:26:12.810734,2026-04-28 07:26:12.810734,18.38549423217773
2026-04-28 07:26:13.009536,2026-04-28 07:26:13.009536,18.440170288085938
2026-04-28 07:26:13.222077,2026-04-28 07:26:13.222077,18.486644744873047
2026-04-28 07:26:13.419213,2026-04-28 07:26:13.419213,18.701929092407227
2026-04-28 07:26:13.611529,2026-04-28 07:26:13.611529,18.884920120239254
2026-04-28 07:26:13.809427,2026-04-28 07:26:13.809427,19.04046440124512
2026-04-28 07:26:14.010705,2026-04-28 07:26:14.010705,19.17267608642578
2026-04-28 07:26:14.210933,2026-04-28 07:26:14.210933,19.28505516052246
2026-04-28 07:26:14.410671,2026-04-28 07:26:14.410671,19.556360244750977
2026-04-28 07:26:14.618547,2026-04-28 07:26:14.618547,19.61118698120117
2026-04-28 07:26:14.818921,2026-04-28 07:26:14.818921,19.833572387695312
2026-04-28 07:26:15.018484,2026-04-28 07:26:15.018484,20.02259826660156
2026-04-28 07:26:15.213911,2026-04-28 07:26:15.213911,20.18327140808105
2026-04-28 07:26:15.423046,2026-04-28 07:26:15.423046,20.319843292236328
2026-04-28 07:26:15.619825,2026-04-28 07:26:15.619825,20.43592834472656
2026-04-28 07:26:28.719469,2026-04-28 07:26:28.719469,20.53460121154785
2026-04-28 07:26:28.921187,2026-04-28 07:26:28.921187,20.79425621032715
2026-04-28 07:26:29.119089,2026-04-28 07:26:29.119089,21.01496124267578
2026-04-28 07:26:29.319650,2026-04-28 07:26:29.319650,21.202560424804688
2026-04-28 07:26:29.512258,2026-04-28 07:26:29.512258,21.36202049255371
2026-04-28 07:26:29.723300,2026-04-28 07:26:29.723300,21.497560501098636
2026-04-28 07:26:29.920241,2026-04-28 07:26:29.920241,21.612770080566406
2026-04-28 07:26:30.120857,2026-04-28 07:26:30.120857,21.7106990814209
2026-04-28 07:26:30.323148,2026-04-28 07:26:30.323148,21.79393768310547
2026-04-28 07:26:30.522024,2026-04-28 07:26:30.522024,21.86469078063965
2026-04-28 07:26:30.718689,2026-04-28 07:26:30.718689,21.92483139038086
2026-04-28 07:26:30.911821,2026-04-28 07:26:30.911821,22.151731491088867
2026-04-28 07:26:31.121709,2026-04-28 07:26:31.121709,22.34459686279297
2026-04-28 07:26:31.320117,2026-04-28 07:26:31.320117,22.68431282043457
2026-04-28 07:26:31.523319,2026-04-28 07:26:31.523319,22.973072052001957
2026-04-28 07:26:31.710526,2026-04-28 07:26:31.710526,23.2185173034668
2026-04-28 07:26:31.923793,2026-04-28 07:26:31.923793,23.602928161621094
2026-04-28 07:26:32.121853,2026-04-28 07:26:32.121853,23.929676055908203
2026-04-28 07:26:32.320931,2026-04-28 07:26:32.320931,24.38319396972656
2026-04-28 07:26:32.520355,2026-04-28 07:26:32.520355,24.9444637298584
2026-04-28 07:26:32.720743,2026-04-28 07:26:32.720743,25.421545028686523
2026-04-28 07:26:32.919584,2026-04-28 07:26:32.919584,25.827062606811523
2026-04-28 07:26:33.122010,2026-04-28 07:26:33.122010,26.1717529296875
2026-04-28 07:26:33.319102,2026-04-28 07:26:33.319102,26.464740753173828
2026-04-28 07:26:33.510361,2026-04-28 07:26:33.510361,26.71377944946289
2026-04-28 07:26:33.719635,2026-04-28 07:26:33.719635,26.92546272277832
2026-04-28 07:26:33.920958,2026-04-28 07:26:33.920958,27.105392456054688
2026-04-28 07:26:34.120604,2026-04-28 07:26:34.120604,27.25833511352539
2026-04-28 07:26:34.312691,2026-04-28 07:26:34.312691,27.388334274291992
2026-04-28 07:26:34.522684,2026-04-28 07:26:34.522684,27.49883460998535
2026-04-28 07:26:34.719503,2026-04-28 07:26:34.719503,27.416976928710938
2026-04-28 07:26:34.921292,2026-04-28 07:26:34.921292,27.347400665283203
2026-04-28 07:26:35.120245,2026-04-28 07:26:35.120245,27.288257598876957
2026-04-28 07:26:35.318924,2026-04-28 07:26:35.318924,27.41377067565918
2026-04-28 07:26:35.519417,2026-04-28 07:26:35.519417,27.52045440673828
2026-04-28 07:26:35.720388,2026-04-28 07:26:35.720388,27.61113548278809
2026-04-28 07:26:35.921093,2026-04-28 07:26:35.921093,27.512434005737305
2026-04-28 07:26:36.125565,2026-04-28 07:26:36.125565,27.42853736877441
2026-04-28 07:26:36.321672,2026-04-28 07:26:36.321672,27.35722541809082
2026-04-28 07:26:36.522479,2026-04-28 07:26:36.522479,27.296611785888672
2026-04-28 07:26:36.720300,2026-04-28 07:26:36.720300,27.245088577270508
2026-04-28 07:26:36.914848,2026-04-28 07:26:36.914848,27.2012939453125
2026-04-28 07:26:37.110926,2026-04-28 07:26:37.110926,26.9882869720459
2026-04-28 07:26:37.318604,2026-04-28 07:26:37.318604,26.80723190307617
2026-04-28 07:26:37.511981,2026-04-28 07:26:37.511981,26.65333366394043
2026-04-28 07:26:37.719673,2026-04-28 07:26:37.719673,26.52252197265625
2026-04-28 07:26:37.918886,2026-04-28 07:26:37.918886,26.41133117675781
2026-04-28 07:26:38.120275,2026-04-28 07:26:38.120275,26.316818237304688
2026-04-28 07:26:38.320710,2026-04-28 07:26:38.320710,26.060701370239254
2026-04-28 07:26:38.525233,2026-04-28 07:26:38.525233,25.667221069335938
2026-04-28 07:26:38.722053,2026-04-28 07:26:38.722053,25.332763671875
2026-04-28 07:26:38.920018,2026-04-28 07:26:38.920018,25.048473358154297
2026-04-28 07:26:39.111991,2026-04-28 07:26:39.111991,24.806827545166016
2026-04-28 07:26:39.315262,2026-04-28 07:26:39.315262,24.601428985595703
2026-04-28 07:26:39.521220,2026-04-28 07:26:39.521220,24.25105857849121
2026-04-28 07:26:39.718660,2026-04-28 07:26:39.718660,23.953243255615234
2026-04-28 07:26:39.918834,2026-04-28 07:26:39.918834,23.70009994506836
2026-04-28 07:26:40.120288,2026-04-28 07:26:40.120288,23.48493003845215
2026-04-28 07:26:40.318711,2026-04-28 07:26:40.318711,23.30203437805176
2026-04-28 07:26:40.519295,2026-04-28 07:26:40.519295,23.14657211303711
2026-04-28 07:26:40.712156,2026-04-28 07:26:40.712156,23.01443099975586
2026-04-28 07:26:40.922575,2026-04-28 07:26:40.922575,22.902109146118164
2026-04-28 07:26:41.124125,2026-04-28 07:26:41.124125,22.80663681030273
2026-04-28 07:26:41.316084,2026-04-28 07:26:41.316084,22.54970359802246
2026-04-28 07:26:41.511442,2026-04-28 07:26:41.511442,22.3313102722168
2026-04-28 07:26:41.719727,2026-04-28 07:26:41.719727,22.145675659179688
2026-04-28 07:26:41.921368,2026-04-28 07:26:41.921368,21.98788833618164
2026-04-28 07:26:42.124996,2026-04-28 07:26:42.124996,21.85376739501953
2026-04-28 07:26:42.314047,2026-04-28 07:26:42.314047,21.563983917236328
2026-04-28 07:26:42.523766,2026-04-28 07:26:42.523766,21.31766700744629
2026-04-28 07:26:42.718319,2026-04-28 07:26:42.718319,21.10829734802246
2026-04-28 07:26:42.921924,2026-04-28 07:26:42.921924,20.930334091186523
2026-04-28 07:26:43.118383,2026-04-28 07:26:43.118383,20.77906608581543
2026-04-28 07:26:43.313129,2026-04-28 07:26:43.313129,20.650487899780277
2026-04-28 07:26:43.518687,2026-04-28 07:26:43.518687,20.541194915771484
2026-04-28 07:26:43.720618,2026-04-28 07:26:43.720618,20.44829750061035
2026-04-28 07:26:43.919682,2026-04-28 07:26:43.919682,20.369333267211918
2026-04-28 07:26:44.119338,2026-04-28 07:26:44.119338,20.302215576171875
2026-04-28 07:26:44.326386,2026-04-28 07:26:44.326386,20.24516487121582
2026-04-28 07:26:44.521594,2026-04-28 07:26:44.521594,20.19667053222656
2026-04-28 07:26:44.719012,2026-04-28 07:26:44.719012,20.15545082092285
2026-04-28 07:26:44.918990,2026-04-28 07:26:44.918990,20.12041473388672
2026-04-28 07:26:45.119782,2026-04-28 07:26:45.119782,20.090633392333984
2026-04-28 07:26:45.321772,2026-04-28 07:26:45.321772,20.24110221862793
2026-04-28 07:26:45.519751,2026-04-28 07:26:45.519751,20.36899948120117
2026-04-28 07:26:45.720066,2026-04-28 07:26:45.720066,20.477710723876957
2026-04-28 07:26:45.923484,2026-04-28 07:26:45.923484,20.570117950439453
2026-04-28 07:26:46.127567,2026-04-28 07:26:46.127567,20.648662567138672
2026-04-28 07:26:46.319849,2026-04-28 07:26:46.319849,20.715425491333008
2026-04-28 07:26:46.520865,2026-04-28 07:26:46.520865,20.77217483520508
2026-04-28 07:26:46.713533,2026-04-28 07:26:46.713533,20.820409774780277
2026-04-28 07:26:46.919014,2026-04-28 07:26:46.919014,21.037193298339844
2026-04-28 07:26:47.121215,2026-04-28 07:26:47.121215,21.22145652770996
2026-04-28 07:26:47.318887,2026-04-28 07:26:47.318887,21.378082275390625
2026-04-28 07:26:47.523051,2026-04-28 07:26:47.523051,21.686994552612305
2026-04-28 07:26:47.721206,2026-04-28 07:26:47.721206,21.94957160949707
2026-04-28 07:26:47.920453,2026-04-28 07:26:47.920453,22.172760009765625
2026-04-28 07:26:48.123262,2026-04-28 07:26:48.123262,22.53825187683105
2026-04-28 07:26:48.318736,2026-04-28 07:26:48.318736,22.848920822143555
2026-04-28 07:26:48.520290,2026-04-28 07:26:48.520290,23.11298942565918
2026-04-28 07:26:48.726809,2026-04-28 07:26:48.726809,23.337446212768555
2026-04-28 07:26:48.929911,2026-04-28 07:26:48.929911,23.52823638916016
2026-04-28 07:26:49.123596,2026-04-28 07:26:49.123596,23.866188049316406
2026-04-28 07:26:49.322708,2026-04-28 07:26:49.322708,23.9776668548584
2026-04-28 07:26:49.521853,2026-04-28 07:26:49.521853,24.24820327758789
2026-04-28 07:26:49.719645,2026-04-28 07:26:49.719645,24.478160858154297
2026-04-28 07:26:49.924384,2026-04-28 07:26:49.924384,24.67362403869629
2026-04-28 07:26:50.119993,2026-04-28 07:26:50.119993,24.839767456054688
2026-04-28 07:26:50.320340,2026-04-28 07:26:50.320340,24.98098945617676
2026-04-28 07:26:50.525053,2026-04-28 07:26:50.525053,25.10102844238281
2026-04-28 07:26:50.719626,2026-04-28 07:26:50.719626,25.20306205749512
2026-04-28 07:26:50.920729,2026-04-28 07:26:50.920729,25.46557235717773
2026-04-28 07:26:51.124122,2026-04-28 07:26:51.124122,25.512924194335938
2026-04-28 07:26:51.321114,2026-04-28 07:26:51.321114,25.728954315185547
2026-04-28 07:26:51.523216,2026-04-28 07:26:51.523216,25.736797332763672
2026-04-28 07:26:51.723237,2026-04-28 07:26:51.723237,25.919246673583984
2026-04-28 07:26:51.920063,2026-04-28 07:26:51.920063,25.898548126220703
2026-04-28 07:26:52.123261,2026-04-28 07:26:52.123261,26.056734085083008
2026-04-28 07:26:52.326602,2026-04-28 07:26:52.326602,26.191192626953125
2026-04-28 07:26:52.512015,2026-04-28 07:26:52.512015,26.305482864379883
2026-04-28 07:26:52.725299,2026-04-28 07:26:52.725299,26.40262985229492
2026-04-28 07:26:52.918322,2026-04-28 07:26:52.918322,26.48520278930664
2026-04-28 07:26:53.110912,2026-04-28 07:26:53.110912,26.555391311645508
2026-04-28 07:26:53.322639,2026-04-28 07:26:53.322639,26.61505126953125
2026-04-28 07:26:53.522176,2026-04-28 07:26:53.522176,26.66576194763184
2026-04-28 07:26:53.718293,2026-04-28 07:26:53.718293,26.70886611938477
2026-04-28 07:26:53.923268,2026-04-28 07:26:53.923268,26.745506286621094
2026-04-28 07:27:07.021081,2026-04-28 07:27:07.021081,26.776649475097656
2026-04-28 07:27:07.219080,2026-04-28 07:27:07.219080,26.978900909423828
2026-04-28 07:27:07.417271,2026-04-28 07:27:07.417271,26.97503471374512
2026-04-28 07:27:07.618249,2026-04-28 07:27:07.618249,26.97174835205078
2026-04-28 07:27:07.819737,2026-04-28 07:27:07.819737,26.96895408630371
2026-04-28 07:27:08.011514,2026-04-28 07:27:08.011514,27.14236259460449
2026-04-28 07:27:08.218657,2026-04-28 07:27:08.218657,27.289756774902344
2026-04-28 07:27:08.420329,2026-04-28 07:27:08.420329,27.239261627197266
2026-04-28 07:27:08.622130,2026-04-28 07:27:08.622130,27.19634246826172
2026-04-28 07:27:08.822245,2026-04-28 07:27:08.822245,27.15985870361328
2026-04-28 07:27:09.031198,2026-04-28 07:27:09.031198,27.128849029541016
2026-04-28 07:27:09.219154,2026-04-28 07:27:09.219154,26.92671012878418
2026-04-28 07:27:09.421523,2026-04-28 07:27:09.421523,26.75489044189453
2026-04-28 07:27:09.620010,2026-04-28 07:27:09.620010,26.60884475708008
2026-04-28 07:27:09.820288,2026-04-28 07:27:09.820288,26.48470497131348
2026-04-28 07:27:10.021549,2026-04-28 07:27:10.021549,26.379186630249023
2026-04-28 07:27:10.222154,2026-04-28 07:27:10.222154,26.28949546813965
2026-04-28 07:27:10.423865,2026-04-28 07:27:10.423865,23.752321243286133
2026-04-28 07:27:10.626518,2026-04-28 07:27:10.626518,21.59572410583496
2026-04-28 07:27:10.811148,2026-04-28 07:27:10.811148,19.586833953857425
2026-04-28 07:27:11.011762,2026-04-28 07:27:11.011762,17.8792781829834
2026-04-28 07:27:11.222260,2026-04-28 07:27:11.222260,16.427854537963867
2026-04-28 07:27:11.422852,2026-04-28 07:27:11.422852,15.36992645263672
2026-04-28 07:27:11.621527,2026-04-28 07:27:11.621527,14.470687866210938
2026-04-28 07:27:11.818422,2026-04-28 07:27:11.818422,13.530552864074709
2026-04-28 07:27:12.021253,2026-04-28 07:27:12.021253,12.731438636779783
2026-04-28 07:27:12.224946,2026-04-28 07:27:12.224946,12.052191734313965
2026-04-28 07:27:12.424908,2026-04-28 07:27:12.424908,11.474831581115724
2026-04-28 07:27:12.615414,2026-04-28 07:27:12.615414,10.984075546264648
2026-04-28 07:27:12.822638,2026-04-28 07:27:12.822638,10.742713928222656
2026-04-28 07:27:13.020404,2026-04-28 07:27:13.020404,10.537557601928713
2026-04-28 07:27:13.223275,2026-04-28 07:27:13.223275,10.363173484802246
2026-04-28 07:27:13.422924,2026-04-28 07:27:13.422924,10.390728950500488
2026-04-28 07:27:13.623201,2026-04-28 07:27:13.623201,10.238369941711426
2026-04-28 07:27:13.820412,2026-04-28 07:27:13.820412,10.108863830566406
2026-04-28 07:27:14.011147,2026-04-28 07:27:14.011147,9.998784065246582
2026-04-28 07:27:14.220325,2026-04-28 07:27:14.220325,9.905217170715332
2026-04-28 07:27:14.420987,2026-04-28 07:27:14.420987,9.825684547424316
2026-04-28 07:27:14.621100,2026-04-28 07:27:14.621100,9.758081436157228
2026-04-28 07:27:14.821358,2026-04-28 07:27:14.821358,9.7006196975708
2026-04-28 07:27:15.021876,2026-04-28 07:27:15.021876,9.651776313781738
2026-04-28 07:27:15.218651,2026-04-28 07:27:15.218651,9.610260009765623
2026-04-28 07:27:15.419262,2026-04-28 07:27:15.419262,9.574971199035645
2026-04-28 07:27:15.622186,2026-04-28 07:27:15.622186,9.54497528076172
2026-04-28 07:27:15.819534,2026-04-28 07:27:15.819534,9.519478797912598
2026-04-28 07:27:16.019731,2026-04-28 07:27:16.019731,9.497807502746582
2026-04-28 07:27:16.210788,2026-04-28 07:27:16.210788,9.47938632965088
2026-04-28 07:27:16.418495,2026-04-28 07:27:16.418495,9.463727951049805
2026-04-28 07:27:16.619201,2026-04-28 07:27:16.619201,9.450419425964355
2026-04-28 07:27:16.813000,2026-04-28 07:27:16.813000,9.439105987548828
2026-04-28 07:27:17.013272,2026-04-28 07:27:17.013272,9.429490089416504
2026-04-28 07:27:17.216007,2026-04-28 07:27:17.216007,9.421317100524902
2026-04-28 07:27:17.413874,2026-04-28 07:27:17.413874,9.414369583129885
2026-04-28 07:27:17.619742,2026-04-28 07:27:17.619742,9.40846347808838
2026-04-28 07:27:17.828481,2026-04-28 07:27:17.828481,9.403444290161133
2026-04-28 07:27:18.019994,2026-04-28 07:27:18.019994,9.399177551269531
2026-04-28 07:27:18.218930,2026-04-28 07:27:18.218930,9.395550727844238
2026-04-28 07:27:18.419351,2026-04-28 07:27:18.419351,9.392468452453612
2026-04-28 07:27:18.619181,2026-04-28 07:27:18.619181,9.389847755432127
2026-04-28 07:27:18.822054,2026-04-28 07:27:18.822054,9.38762092590332
2026-04-28 07:27:19.023827,2026-04-28 07:27:19.023827,9.385727882385254
2026-04-28 07:27:19.221447,2026-04-28 07:27:19.221447,9.384119033813477
2026-04-28 07:27:19.420260,2026-04-28 07:27:19.420260,9.558531761169434
2026-04-28 07:27:19.614118,2026-04-28 07:27:19.614118,9.706783294677734
2026-04-28 07:27:19.820300,2026-04-28 07:27:19.820300,9.832797050476074
2026-04-28 07:27:20.025490,2026-04-28 07:27:20.025490,9.939908981323242
2026-04-28 07:27:20.222803,2026-04-28 07:27:20.222803,10.030953407287598
2026-04-28 07:27:20.422409,2026-04-28 07:27:20.422409,10.108342170715332
2026-04-28 07:27:20.611478,2026-04-28 07:27:20.611478,10.174121856689451
2026-04-28 07:27:20.818628,2026-04-28 07:27:20.818628,10.230034828186035
2026-04-28 07:27:21.025396,2026-04-28 07:27:21.025396,10.27756118774414
2026-04-28 07:27:21.226516,2026-04-28 07:27:21.226516,10.317957878112791
2026-04-28 07:27:21.415620,2026-04-28 07:27:21.415620,10.352295875549316
2026-04-28 07:27:21.618452,2026-04-28 07:27:21.618452,10.557263374328612
2026-04-28 07:27:21.822332,2026-04-28 07:27:21.822332,10.731486320495604
2026-04-28 07:27:22.019006,2026-04-28 07:27:22.019006,10.879575729370115
2026-04-28 07:27:22.219110,2026-04-28 07:27:22.219110,11.005452156066896
2026-04-28 07:27:22.426439,2026-04-28 07:27:22.426439,11.112446784973145
2026-04-28 07:27:22.619272,2026-04-28 07:27:22.619272,11.203392028808594
2026-04-28 07:27:22.825965,2026-04-28 07:27:22.825965,11.280695915222168
2026-04-28 07:27:23.019423,2026-04-28 07:27:23.019423,11.34640407562256
2026-04-28 07:27:23.219618,2026-04-28 07:27:23.219618,11.40225601196289
2026-04-28 07:27:23.420993,2026-04-28 07:27:23.420993,11.449729919433594
2026-04-28 07:27:23.618601,2026-04-28 07:27:23.618601,11.490082740783691
2026-04-28 07:27:23.820831,2026-04-28 07:27:23.820831,11.524383544921877
2026-04-28 07:27:24.021710,2026-04-28 07:27:24.021710,11.55353832244873
2026-04-28 07:27:24.220464,2026-04-28 07:27:24.220464,11.578319549560549
2026-04-28 07:27:24.418766,2026-04-28 07:27:24.418766,11.599384307861328
2026-04-28 07:27:24.620458,2026-04-28 07:27:24.620458,11.617289543151855
2026-04-28 07:27:24.819299,2026-04-28 07:27:24.819299,11.632508277893066
2026-04-28 07:27:25.016838,2026-04-28 07:27:25.016838,11.645444869995115
2026-04-28 07:27:25.217356,2026-04-28 07:27:25.217356,11.65644073486328
2026-04-28 07:27:25.420916,2026-04-28 07:27:25.420916,11.665786743164062
2026-04-28 07:27:25.629505,2026-04-28 07:27:25.629505,11.673731803894045
2026-04-28 07:27:25.818386,2026-04-28 07:27:25.818386,11.5047025680542
2026-04-28 07:27:26.019289,2026-04-28 07:27:26.019289,11.361028671264648
2026-04-28 07:27:26.219700,2026-04-28 07:27:26.219700,11.238905906677246
2026-04-28 07:27:26.418533,2026-04-28 07:27:26.418533,11.135101318359377
2026-04-28 07:27:26.618588,2026-04-28 07:27:26.618588,11.222648620605469
2026-04-28 07:27:26.825997,2026-04-28 07:27:26.825997,11.121282577514648
2026-04-28 07:27:27.020048,2026-04-28 07:27:27.020048,11.210902214050291
2026-04-28 07:27:27.219802,2026-04-28 07:27:27.219802,11.287079811096191
2026-04-28 07:27:27.421925,2026-04-28 07:27:27.421925,11.35183048248291
2026-04-28 07:27:27.624358,2026-04-28 07:27:27.624358,11.406867980957031
2026-04-28 07:27:27.822026,2026-04-28 07:27:27.822026,11.45365047454834
2026-04-28 07:27:28.022772,2026-04-28 07:27:28.022772,11.493415832519531
2026-04-28 07:27:28.219519,2026-04-28 07:27:28.219519,11.527215957641602
2026-04-28 07:27:28.421210,2026-04-28 07:27:28.421210,11.55594539642334
2026-04-28 07:27:28.615865,2026-04-28 07:27:28.615865,11.756147384643556
2026-04-28 07:27:28.818541,2026-04-28 07:27:28.818541,11.926319122314451
2026-04-28 07:27:29.018348,2026-04-28 07:27:29.018348,12.070964813232422
2026-04-28 07:27:29.222301,2026-04-28 07:27:29.222301,12.193914413452148
2026-04-28 07:27:29.422311,2026-04-28 07:27:29.422311,12.298420906066896
2026-04-28 07:27:29.623951,2026-04-28 07:27:29.623951,12.387250900268556
2026-04-28 07:27:29.820747,2026-04-28 07:27:29.820747,12.462757110595703
2026-04-28 07:27:30.021887,2026-04-28 07:27:30.021887,12.526937484741213
2026-04-28 07:27:30.224456,2026-04-28 07:27:30.224456,12.581490516662598
2026-04-28 07:27:30.419704,2026-04-28 07:27:30.419704,12.62786102294922
2026-04-28 07:27:30.610674,2026-04-28 07:27:30.610674,12.667275428771973
2026-04-28 07:27:30.820121,2026-04-28 07:27:30.820121,12.700778007507324
2026-04-28 07:27:31.023566,2026-04-28 07:27:31.023566,12.553473472595217
2026-04-28 07:27:31.222708,2026-04-28 07:27:31.222708,12.604046821594238
2026-04-28 07:27:31.421601,2026-04-28 07:27:31.421601,12.647032737731934
2026-04-28 07:27:31.621293,2026-04-28 07:27:31.621293,12.683571815490724
2026-04-28 07:27:31.820025,2026-04-28 07:27:31.820025,12.714630126953123
2026-04-28 07:27:32.019618,2026-04-28 07:27:32.019618,12.741028785705566
2026-04-28 07:27:32.222206,2026-04-28 07:27:32.222206,12.763468742370604
2026-04-28 07:27:45.318928,2026-04-28 07:27:45.318928,12.78254222869873
2026-04-28 07:27:45.518980,2026-04-28 07:27:45.518980,12.798754692077637
2026-04-28 07:27:45.719945,2026-04-28 07:27:45.719945,12.812535285949709
2026-04-28 07:27:45.922680,2026-04-28 07:27:45.922680,12.824248313903809
2026-04-28 07:27:46.120264,2026-04-28 07:27:46.120264,12.83420467376709
2026-04-28 07:27:46.322954,2026-04-28 07:27:46.322954,12.84266757965088
2026-04-28 07:27:46.521790,2026-04-28 07:27:46.521790,12.849861145019531
2026-04-28 07:27:46.721345,2026-04-28 07:27:46.721345,12.855976104736328
2026-04-28 07:27:46.924876,2026-04-28 07:27:46.924876,12.861173629760742
2026-04-28 07:27:47.118935,2026-04-28 07:27:47.118935,12.865591049194336
2026-04-28 07:27:47.319323,2026-04-28 07:27:47.319323,12.869346618652344
2026-04-28 07:27:47.519549,2026-04-28 07:27:47.519549,12.87253761291504
2026-04-28 07:27:47.721793,2026-04-28 07:27:47.721793,12.875250816345217
2026-04-28 07:27:47.919037,2026-04-28 07:27:47.919037,12.877556800842283
2026-04-28 07:27:48.119952,2026-04-28 07:27:48.119952,12.879517555236816
2026-04-28 07:27:48.320631,2026-04-28 07:27:48.320631,12.881183624267578
2026-04-28 07:27:48.520103,2026-04-28 07:27:48.520103,12.88259983062744
2026-04-28 07:27:48.722301,2026-04-28 07:27:48.722301,12.883803367614746
2026-04-28 07:27:48.919104,2026-04-28 07:27:48.919104,12.88482666015625
2026-04-28 07:27:49.126891,2026-04-28 07:27:49.126891,12.885696411132812
2026-04-28 07:27:49.327091,2026-04-28 07:27:49.327091,13.062216758728027
2026-04-28 07:27:49.526201,2026-04-28 07:27:49.526201,13.21225929260254
2026-04-28 07:27:49.719616,2026-04-28 07:27:49.719616,13.339795112609863
2026-04-28 07:27:49.920911,2026-04-28 07:27:49.920911,13.623982429504396
2026-04-28 07:27:50.120483,2026-04-28 07:27:50.120483,13.865541458129885
2026-04-28 07:27:50.323275,2026-04-28 07:27:50.323275,14.070866584777832
2026-04-28 07:27:50.524314,2026-04-28 07:27:50.524314,14.24539279937744
2026-04-28 07:27:50.721737,2026-04-28 07:27:50.721737,14.569520950317385
2026-04-28 07:27:50.923386,2026-04-28 07:27:50.923386,14.845030784606934
2026-04-28 07:27:51.124151,2026-04-28 07:27:51.124151,14.90343189239502
2026-04-28 07:27:51.324506,2026-04-28 07:27:51.324506,15.128854751586914
2026-04-28 07:27:51.523693,2026-04-28 07:27:51.523693,15.320464134216309
2026-04-28 07:27:51.723673,2026-04-28 07:27:51.723673,15.483331680297852
2026-04-28 07:27:51.922210,2026-04-28 07:27:51.922210,15.621769905090332
2026-04-28 07:27:52.118657,2026-04-28 07:27:52.118657,15.739441871643066
2026-04-28 07:27:52.318434,2026-04-28 07:27:52.318434,15.839463233947754
2026-04-28 07:27:52.519761,2026-04-28 07:27:52.519761,15.924481391906738
2026-04-28 07:27:52.721665,2026-04-28 07:27:52.721665,15.996746063232422
2026-04-28 07:27:52.922036,2026-04-28 07:27:52.922036,16.05817222595215
2026-04-28 07:27:53.121916,2026-04-28 07:27:53.121916,16.110383987426758
2026-04-28 07:27:53.321762,2026-04-28 07:27:53.321762,16.15476417541504
2026-04-28 07:27:53.521623,2026-04-28 07:27:53.521623,16.192485809326172
2026-04-28 07:27:53.722379,2026-04-28 07:27:53.722379,16.224550247192383
2026-04-28 07:27:53.921961,2026-04-28 07:27:53.921961,16.251806259155273
2026-04-28 07:27:54.123772,2026-04-28 07:27:54.123772,16.274972915649414
2026-04-28 07:27:54.324810,2026-04-28 07:27:54.324810,16.29466438293457
2026-04-28 07:27:54.520920,2026-04-28 07:27:54.520920,16.3114013671875
2026-04-28 07:27:54.721047,2026-04-28 07:27:54.721047,16.32562828063965
2026-04-28 07:27:54.921118,2026-04-28 07:27:54.921118,16.337722778320312
2026-04-28 07:27:55.122065,2026-04-28 07:27:55.122065,16.52378273010254
2026-04-28 07:27:55.325007,2026-04-28 07:27:55.325007,16.681934356689453
2026-04-28 07:27:55.520317,2026-04-28 07:27:55.520317,16.816362380981445
2026-04-28 07:27:55.721096,2026-04-28 07:27:55.721096,16.930627822875977
2026-04-28 07:27:55.925500,2026-04-28 07:27:55.925500,17.027751922607422
2026-04-28 07:27:56.120654,2026-04-28 07:27:56.120654,17.110307693481445
2026-04-28 07:27:56.320179,2026-04-28 07:27:56.320179,17.18048095703125
2026-04-28 07:27:56.525806,2026-04-28 07:27:56.525806,17.240127563476562
2026-04-28 07:27:56.724541,2026-04-28 07:27:56.724541,17.29082679748535
2026-04-28 07:27:56.924224,2026-04-28 07:27:56.924224,17.333921432495117
2026-04-28 07:27:57.127576,2026-04-28 07:27:57.127576,17.37055206298828
2026-04-28 07:27:57.319099,2026-04-28 07:27:57.319099,17.401687622070312
2026-04-28 07:27:57.524494,2026-04-28 07:27:57.524494,17.42815399169922
2026-04-28 07:27:57.728704,2026-04-28 07:27:57.728704,17.45064926147461
2026-04-28 07:27:57.925508,2026-04-28 07:27:57.925508,17.469770431518555
2026-04-28 07:27:58.130024,2026-04-28 07:27:58.130024,17.48602294921875
2026-04-28 07:27:58.319204,2026-04-28 07:27:58.319204,17.499839782714844
2026-04-28 07:27:58.519717,2026-04-28 07:27:58.519717,17.511581420898438
2026-04-28 07:27:58.731057,2026-04-28 07:27:58.731057,17.521562576293945
2026-04-28 07:27:58.919250,2026-04-28 07:27:58.919250,17.530048370361328
2026-04-28 07:27:59.128684,2026-04-28 07:27:59.128684,17.537260055541992
2026-04-28 07:27:59.319903,2026-04-28 07:27:59.319903,17.54338836669922
2026-04-28 07:27:59.522521,2026-04-28 07:27:59.522521,17.548599243164062
2026-04-28 07:27:59.721109,2026-04-28 07:27:59.721109,17.553028106689453
2026-04-28 07:27:59.919764,2026-04-28 07:27:59.919764,17.556793212890625
2026-04-28 07:28:00.126593,2026-04-28 07:28:00.126593,17.55999183654785
2026-04-28 07:28:00.322436,2026-04-28 07:28:00.322436,17.562711715698242
2026-04-28 07:28:00.521770,2026-04-28 07:28:00.521770,17.56502342224121
