log_time,publish_time,data
2026-04-29 06:00:04.533273,2026-04-29 06:00:04.533273,25.056501388549805
2026-04-29 06:00:04.731662,2026-04-29 06:00:04.731662,25.340993881225582
2026-04-29 06:00:04.934187,2026-04-29 06:00:04.934187,25.582813262939453
2026-04-29 06:00:05.132186,2026-04-29 06:00:05.132186,25.788360595703125
2026-04-29 06:00:05.332639,2026-04-29 06:00:05.332639,25.963075637817383
2026-04-29 06:00:05.531505,2026-04-29 06:00:05.531505,26.1115837097168
2026-04-29 06:00:05.733816,2026-04-29 06:00:05.733816,26.23781394958496
2026-04-29 06:00:05.932479,2026-04-29 06:00:05.932479,26.345109939575195
2026-04-29 06:00:06.132037,2026-04-29 06:00:06.132037,26.43631362915039
2026-04-29 06:00:06.332577,2026-04-29 06:00:06.332577,26.51383399963379
2026-04-29 06:00:06.535294,2026-04-29 06:00:06.535294,26.579729080200195
2026-04-29 06:00:06.738435,2026-04-29 06:00:06.738435,26.63573837280273
2026-04-29 06:00:06.942180,2026-04-29 06:00:06.942180,26.68334579467773
2026-04-29 06:00:07.131976,2026-04-29 06:00:07.131976,26.723812103271484
2026-04-29 06:00:07.335719,2026-04-29 06:00:07.335719,26.758209228515625
2026-04-29 06:00:07.532569,2026-04-29 06:00:07.532569,26.787446975708008
2026-04-29 06:00:07.731846,2026-04-29 06:00:07.731846,26.81229782104492
2026-04-29 06:00:07.936706,2026-04-29 06:00:07.936706,26.83342170715332
2026-04-29 06:00:08.132566,2026-04-29 06:00:08.132566,26.851377487182617
2026-04-29 06:00:08.336516,2026-04-29 06:00:08.336516,26.866640090942383
2026-04-29 06:00:08.532833,2026-04-29 06:00:08.532833,26.87961196899414
2026-04-29 06:00:08.747526,2026-04-29 06:00:08.747526,26.890640258789062
2026-04-29 06:00:08.943443,2026-04-29 06:00:08.943443,26.900012969970703
2026-04-29 06:00:09.133596,2026-04-29 06:00:09.133596,26.90797996520996
2026-04-29 06:00:09.348049,2026-04-29 06:00:09.348049,26.914751052856445
2026-04-29 06:00:09.544794,2026-04-29 06:00:09.544794,26.920507431030277
2026-04-29 06:00:09.733252,2026-04-29 06:00:09.733252,26.92539978027344
2026-04-29 06:00:09.946531,2026-04-29 06:00:09.946531,26.92955780029297
2026-04-29 06:00:10.150613,2026-04-29 06:00:10.150613,26.933094024658203
2026-04-29 06:00:10.344344,2026-04-29 06:00:10.344344,26.936098098754883
2026-04-29 06:00:10.543892,2026-04-29 06:00:10.543892,26.93865203857422
2026-04-29 06:00:10.744245,2026-04-29 06:00:10.744245,26.94082260131836
2026-04-29 06:00:10.946748,2026-04-29 06:00:10.946748,26.94266891479492
2026-04-29 06:00:11.134085,2026-04-29 06:00:11.134085,26.768455505371094
2026-04-29 06:00:11.332473,2026-04-29 06:00:11.332473,26.62037467956543
2026-04-29 06:00:11.535627,2026-04-29 06:00:11.535627,26.4945068359375
2026-04-29 06:00:11.744818,2026-04-29 06:00:11.744818,26.38751792907715
2026-04-29 06:00:11.935852,2026-04-29 06:00:11.935852,26.29657745361328
2026-04-29 06:00:12.132406,2026-04-29 06:00:12.132406,26.21927833557129
2026-04-29 06:00:12.342215,2026-04-29 06:00:12.342215,26.153573989868164
2026-04-29 06:00:12.538568,2026-04-29 06:00:12.538568,26.09772491455078
2026-04-29 06:00:12.734796,2026-04-29 06:00:12.734796,26.050254821777344
2026-04-29 06:00:12.936816,2026-04-29 06:00:12.936816,26.00990295410156
2026-04-29 06:00:13.143279,2026-04-29 06:00:13.143279,25.975605010986328
2026-04-29 06:00:13.336224,2026-04-29 06:00:13.336224,25.770671844482425
2026-04-29 06:00:13.544628,2026-04-29 06:00:13.544628,25.59647750854492
2026-04-29 06:00:13.752303,2026-04-29 06:00:13.752303,25.44841194152832
2026-04-29 06:00:13.934184,2026-04-29 06:00:13.934184,25.322555541992188
2026-04-29 06:00:14.143722,2026-04-29 06:00:14.143722,25.039796829223636
2026-04-29 06:00:14.342448,2026-04-29 06:00:14.342448,24.97523498535156
2026-04-29 06:00:14.535398,2026-04-29 06:00:14.535398,24.74457359313965
2026-04-29 06:00:14.742020,2026-04-29 06:00:14.742020,24.372732162475582
2026-04-29 06:00:14.935657,2026-04-29 06:00:14.935657,24.056665420532227
2026-04-29 06:00:15.146693,2026-04-29 06:00:15.146693,23.612228393554688
2026-04-29 06:00:15.333124,2026-04-29 06:00:15.333124,23.23445701599121
2026-04-29 06:00:15.551463,2026-04-29 06:00:15.551463,22.91335105895996
2026-04-29 06:00:15.743980,2026-04-29 06:00:15.743980,22.816192626953125
2026-04-29 06:00:15.949789,2026-04-29 06:00:15.949789,22.557825088500977
2026-04-29 06:00:16.144106,2026-04-29 06:00:16.144106,22.513996124267575
2026-04-29 06:00:16.342046,2026-04-29 06:00:16.342046,22.30095863342285
2026-04-29 06:00:16.542522,2026-04-29 06:00:16.542522,22.295658111572266
2026-04-29 06:00:16.746178,2026-04-29 06:00:16.746178,22.46693420410156
2026-04-29 06:00:16.942070,2026-04-29 06:00:16.942070,22.788301467895508
2026-04-29 06:00:17.142054,2026-04-29 06:00:17.142054,23.06146240234375
2026-04-29 06:00:17.347702,2026-04-29 06:00:17.347702,23.293649673461918
2026-04-29 06:00:17.543896,2026-04-29 06:00:17.543896,23.49100875854492
2026-04-29 06:00:17.752918,2026-04-29 06:00:17.752918,23.83454322814941
2026-04-29 06:00:17.941936,2026-04-29 06:00:17.941936,23.95076942443848
2026-04-29 06:00:18.148843,2026-04-29 06:00:18.148843,24.049560546875
2026-04-29 06:00:18.342479,2026-04-29 06:00:18.342479,24.13353157043457
2026-04-29 06:00:18.544177,2026-04-29 06:00:18.544177,24.20490837097168
2026-04-29 06:00:18.744380,2026-04-29 06:00:18.744380,24.26557922363281
2026-04-29 06:00:18.946334,2026-04-29 06:00:18.946334,22.559335708618164
2026-04-29 06:00:19.143024,2026-04-29 06:00:19.143024,21.28481101989746
2026-04-29 06:00:19.342512,2026-04-29 06:00:19.342512,20.20146369934082
2026-04-29 06:00:19.544243,2026-04-29 06:00:19.544243,19.28061866760254
2026-04-29 06:00:19.736971,2026-04-29 06:00:19.736971,18.322120666503903
2026-04-29 06:00:19.945948,2026-04-29 06:00:19.945948,17.507394790649414
2026-04-29 06:00:20.143583,2026-04-29 06:00:20.143583,16.99066162109375
2026-04-29 06:00:20.343512,2026-04-29 06:00:20.343512,16.551437377929688
2026-04-29 06:00:20.542458,2026-04-29 06:00:20.542458,16.353878021240234
2026-04-29 06:00:20.746803,2026-04-29 06:00:20.746803,16.01017189025879
2026-04-29 06:00:20.942510,2026-04-29 06:00:20.942510,15.71802043914795
2026-04-29 06:00:21.141729,2026-04-29 06:00:21.141729,15.46969223022461
2026-04-29 06:00:21.344505,2026-04-29 06:00:21.344505,15.08283233642578
2026-04-29 06:00:21.549026,2026-04-29 06:00:21.549026,14.75400161743164
2026-04-29 06:00:21.741592,2026-04-29 06:00:21.741592,14.474494934082031
2026-04-29 06:00:21.945264,2026-04-29 06:00:21.945264,14.23691463470459
2026-04-29 06:00:22.145321,2026-04-29 06:00:22.145321,14.034971237182615
2026-04-29 06:00:22.341642,2026-04-29 06:00:22.341642,13.863319396972656
2026-04-29 06:00:22.549917,2026-04-29 06:00:22.549917,13.717414855957031
2026-04-29 06:00:22.742702,2026-04-29 06:00:22.742702,13.593396186828612
2026-04-29 06:00:22.943185,2026-04-29 06:00:22.943185,13.487980842590332
2026-04-29 06:00:23.144877,2026-04-29 06:00:23.144877,13.398377418518066
2026-04-29 06:00:23.343058,2026-04-29 06:00:23.343058,13.146432876586914
2026-04-29 06:00:23.545346,2026-04-29 06:00:23.545346,12.932280540466309
2026-04-29 06:00:23.742006,2026-04-29 06:00:23.742006,12.750250816345217
2026-04-29 06:00:23.943228,2026-04-29 06:00:23.943228,12.595525741577148
2026-04-29 06:00:37.041805,2026-04-29 06:00:37.041805,12.288228034973145
2026-04-29 06:00:37.241643,2026-04-29 06:00:37.241643,12.02702522277832
2026-04-29 06:00:37.443623,2026-04-29 06:00:37.443623,11.80500316619873
2026-04-29 06:00:37.642428,2026-04-29 06:00:37.642428,11.616283416748049
2026-04-29 06:00:37.846366,2026-04-29 06:00:37.846366,11.455872535705566
2026-04-29 06:00:38.041739,2026-04-29 06:00:38.041739,11.319522857666016
2026-04-29 06:00:38.243809,2026-04-29 06:00:38.243809,11.203625679016112
2026-04-29 06:00:38.442385,2026-04-29 06:00:38.442385,11.10511302947998
2026-04-29 06:00:38.641680,2026-04-29 06:00:38.641680,13.833877563476562
2026-04-29 06:00:38.841714,2026-04-29 06:00:38.841714,15.977545738220217
2026-04-29 06:00:39.044144,2026-04-29 06:00:39.044144,17.799663543701172
2026-04-29 06:00:39.243781,2026-04-29 06:00:39.243781,19.348464965820312
2026-04-29 06:00:39.446434,2026-04-29 06:00:39.446434,18.02822494506836
2026-04-29 06:00:39.647550,2026-04-29 06:00:39.647550,19.54274177551269
2026-04-29 06:00:39.842454,2026-04-29 06:00:39.842454,20.830080032348636
2026-04-29 06:00:40.041889,2026-04-29 06:00:40.041889,21.748537063598636
2026-04-29 06:00:40.242391,2026-04-29 06:00:40.242391,22.529226303100582
2026-04-29 06:00:40.445931,2026-04-29 06:00:40.445931,23.19281005859375
2026-04-29 06:00:40.646083,2026-04-29 06:00:40.646083,23.75685691833496
2026-04-29 06:00:40.843117,2026-04-29 06:00:40.843117,24.060516357421875
2026-04-29 06:00:41.045072,2026-04-29 06:00:41.045072,24.318626403808597
2026-04-29 06:00:41.241872,2026-04-29 06:00:41.241872,24.53801918029785
2026-04-29 06:00:41.446501,2026-04-29 06:00:41.446501,24.724504470825195
2026-04-29 06:00:41.644892,2026-04-29 06:00:41.644892,24.88301658630371
2026-04-29 06:00:41.844608,2026-04-29 06:00:41.844608,25.017751693725582
2026-04-29 06:00:42.045796,2026-04-29 06:00:42.045796,24.95649528503418
2026-04-29 06:00:42.248670,2026-04-29 06:00:42.248670,24.90442657470703
2026-04-29 06:00:42.443766,2026-04-29 06:00:42.443766,24.86016845703125
2026-04-29 06:00:42.647712,2026-04-29 06:00:42.647712,22.71317481994629
2026-04-29 06:00:42.846196,2026-04-29 06:00:42.846196,22.997604370117188
2026-04-29 06:00:43.042942,2026-04-29 06:00:43.042942,21.129995346069336
2026-04-29 06:00:43.247144,2026-04-29 06:00:43.247144,19.54252815246582
2026-04-29 06:00:43.442915,2026-04-29 06:00:43.442915,18.19318008422852
2026-04-29 06:00:43.644356,2026-04-29 06:00:43.644356,17.046234130859375
2026-04-29 06:00:43.847120,2026-04-29 06:00:43.847120,16.07132911682129
2026-04-29 06:00:44.046538,2026-04-29 06:00:44.046538,17.70359992980957
2026-04-29 06:00:44.245396,2026-04-29 06:00:44.245396,19.266809463500977
2026-04-29 06:00:44.450117,2026-04-29 06:00:44.450117,20.595537185668945
2026-04-29 06:00:44.642785,2026-04-29 06:00:44.642785,21.72495651245117
2026-04-29 06:00:44.846099,2026-04-29 06:00:44.846099,22.68496322631836
2026-04-29 06:00:45.045883,2026-04-29 06:00:45.045883,21.04003143310547
2026-04-29 06:00:45.245778,2026-04-29 06:00:45.245778,19.6418399810791
2026-04-29 06:00:45.444735,2026-04-29 06:00:45.444735,18.45337677001953
2026-04-29 06:00:45.646981,2026-04-29 06:00:45.646981,17.44318199157715
2026-04-29 06:00:45.843394,2026-04-29 06:00:45.843394,16.584516525268555
2026-04-29 06:00:46.046019,2026-04-29 06:00:46.046019,16.030433654785156
2026-04-29 06:00:46.244281,2026-04-29 06:00:46.244281,15.559462547302246
2026-04-29 06:00:46.448433,2026-04-29 06:00:46.448433,15.159136772155762
2026-04-29 06:00:46.643195,2026-04-29 06:00:46.643195,14.818860054016112
2026-04-29 06:00:46.843381,2026-04-29 06:00:46.843381,14.529624938964844
2026-04-29 06:00:47.048234,2026-04-29 06:00:47.048234,14.283774375915527
2026-04-29 06:00:47.248716,2026-04-29 06:00:47.248716,13.89902114868164
2026-04-29 06:00:47.443685,2026-04-29 06:00:47.443685,13.571980476379396
2026-04-29 06:00:47.646531,2026-04-29 06:00:47.646531,13.46977710723877
2026-04-29 06:00:47.844778,2026-04-29 06:00:47.844778,13.382904052734377
2026-04-29 06:00:48.041858,2026-04-29 06:00:48.041858,13.309062004089355
2026-04-29 06:00:48.245650,2026-04-29 06:00:48.245650,13.422078132629396
2026-04-29 06:00:48.441864,2026-04-29 06:00:48.441864,13.518141746520996
2026-04-29 06:00:48.641724,2026-04-29 06:00:48.641724,13.5997953414917
2026-04-29 06:00:48.850171,2026-04-29 06:00:48.850171,13.669200897216797
2026-04-29 06:00:49.042094,2026-04-29 06:00:49.042094,13.728196144104004
2026-04-29 06:00:49.243988,2026-04-29 06:00:49.243988,13.95412254333496
2026-04-29 06:00:49.441573,2026-04-29 06:00:49.441573,13.970378875732422
2026-04-29 06:00:49.641874,2026-04-29 06:00:49.641874,14.159978866577148
2026-04-29 06:00:49.843518,2026-04-29 06:00:49.843518,14.145357131958008
2026-04-29 06:00:50.043044,2026-04-29 06:00:50.043044,14.132927894592283
2026-04-29 06:00:50.241742,2026-04-29 06:00:50.241742,14.122364044189451
2026-04-29 06:00:50.442120,2026-04-29 06:00:50.442120,14.113384246826172
2026-04-29 06:00:50.646182,2026-04-29 06:00:50.646182,14.105751991271973
2026-04-29 06:00:50.843303,2026-04-29 06:00:50.843303,14.09926414489746
2026-04-29 06:00:51.044331,2026-04-29 06:00:51.044331,14.093749046325684
2026-04-29 06:00:51.243362,2026-04-29 06:00:51.243362,14.089061737060549
2026-04-29 06:00:51.444848,2026-04-29 06:00:51.444848,14.085077285766602
2026-04-29 06:00:51.645899,2026-04-29 06:00:51.645899,14.081690788269045
2026-04-29 06:00:51.842051,2026-04-29 06:00:51.842051,14.078812599182127
2026-04-29 06:00:52.042511,2026-04-29 06:00:52.042511,14.07636547088623
2026-04-29 06:00:52.244519,2026-04-29 06:00:52.244519,14.074285507202148
2026-04-29 06:00:52.442255,2026-04-29 06:00:52.442255,14.072517395019531
2026-04-29 06:00:52.641737,2026-04-29 06:00:52.641737,14.071015357971191
2026-04-29 06:00:52.842042,2026-04-29 06:00:52.842042,14.069737434387209
2026-04-29 06:00:53.042600,2026-04-29 06:00:53.042600,14.068652153015137
2026-04-29 06:00:53.246918,2026-04-29 06:00:53.246918,14.243510246276855
2026-04-29 06:00:53.443753,2026-04-29 06:00:53.443753,14.21635913848877
2026-04-29 06:00:53.642025,2026-04-29 06:00:53.642025,14.193280220031738
2026-04-29 06:00:53.842185,2026-04-29 06:00:53.842185,14.349444389343262
2026-04-29 06:00:54.045115,2026-04-29 06:00:54.045115,14.482184410095217
2026-04-29 06:00:54.243370,2026-04-29 06:00:54.243370,14.595012664794922
2026-04-29 06:00:54.443342,2026-04-29 06:00:54.443342,14.690917015075684
2026-04-29 06:00:54.642436,2026-04-29 06:00:54.642436,14.772436141967772
2026-04-29 06:00:54.841842,2026-04-29 06:00:54.841842,15.017507553100586
2026-04-29 06:00:55.042558,2026-04-29 06:00:55.042558,15.22581958770752
2026-04-29 06:00:55.243541,2026-04-29 06:00:55.243541,15.402883529663086
2026-04-29 06:00:55.441769,2026-04-29 06:00:55.441769,15.553388595581056
2026-04-29 06:00:55.647706,2026-04-29 06:00:55.647706,15.681318283081056
2026-04-29 06:00:55.846961,2026-04-29 06:00:55.846961,15.790058135986328
2026-04-29 06:00:56.049061,2026-04-29 06:00:56.049061,15.882486343383787
2026-04-29 06:00:56.248105,2026-04-29 06:00:56.248105,15.961050987243652
2026-04-29 06:00:56.442093,2026-04-29 06:00:56.442093,16.027830123901367
2026-04-29 06:00:56.645296,2026-04-29 06:00:56.645296,16.0845947265625
2026-04-29 06:00:56.841751,2026-04-29 06:00:56.841751,16.132843017578125
2026-04-29 06:00:57.043474,2026-04-29 06:00:57.043474,16.173852920532227
2026-04-29 06:00:57.241549,2026-04-29 06:00:57.241549,16.20871353149414
2026-04-29 06:00:57.444674,2026-04-29 06:00:57.444674,16.062562942504883
2026-04-29 06:00:57.643366,2026-04-29 06:00:57.643366,15.938334465026855
2026-04-29 06:00:57.843527,2026-04-29 06:00:57.843527,15.83273983001709
2026-04-29 06:00:58.044712,2026-04-29 06:00:58.044712,15.742985725402832
2026-04-29 06:00:58.243714,2026-04-29 06:00:58.243714,15.666693687438965
2026-04-29 06:00:58.445487,2026-04-29 06:00:58.445487,15.601845741271973
2026-04-29 06:00:58.641881,2026-04-29 06:00:58.641881,15.546725273132324
2026-04-29 06:00:58.842033,2026-04-29 06:00:58.842033,15.499873161315918
2026-04-29 06:00:59.045205,2026-04-29 06:00:59.045205,15.284266471862791
2026-04-29 06:00:59.245325,2026-04-29 06:00:59.245325,15.101001739501951
2026-04-29 06:00:59.445882,2026-04-29 06:00:59.445882,14.945226669311523
2026-04-29 06:00:59.644441,2026-04-29 06:00:59.644441,14.812817573547363
2026-04-29 06:00:59.845212,2026-04-29 06:00:59.845212,14.70026969909668
2026-04-29 06:01:00.045948,2026-04-29 06:01:00.045948,14.604604721069336
2026-04-29 06:01:00.244259,2026-04-29 06:01:00.244259,14.52328872680664
2026-04-29 06:01:00.446753,2026-04-29 06:01:00.446753,14.45417022705078
2026-04-29 06:01:00.643876,2026-04-29 06:01:00.643876,14.21963882446289
2026-04-29 06:01:00.844315,2026-04-29 06:01:00.844315,14.020286560058594
2026-04-29 06:01:01.042329,2026-04-29 06:01:01.042329,14.026618957519531
2026-04-29 06:01:01.244995,2026-04-29 06:01:01.244995,13.856219291687012
2026-04-29 06:01:01.445961,2026-04-29 06:01:01.445961,13.711380004882812
2026-04-29 06:01:01.645107,2026-04-29 06:01:01.645107,13.58826732635498
2026-04-29 06:01:01.845841,2026-04-29 06:01:01.845841,13.483620643615724
2026-04-29 06:01:02.042659,2026-04-29 06:01:02.042659,13.394671440124512
2026-04-29 06:01:02.244565,2026-04-29 06:01:02.244565,13.143282890319824
2026-04-29 06:01:15.344223,2026-04-29 06:01:15.344223,13.105384826660156
2026-04-29 06:01:15.545696,2026-04-29 06:01:15.545696,13.07317066192627
2026-04-29 06:01:15.741647,2026-04-29 06:01:15.741647,13.045788764953612
2026-04-29 06:01:15.946319,2026-04-29 06:01:15.946319,13.02251434326172
2026-04-29 06:01:16.142279,2026-04-29 06:01:16.142279,13.002730369567873
2026-04-29 06:01:16.342710,2026-04-29 06:01:16.342710,12.985915184020996
2026-04-29 06:01:16.541732,2026-04-29 06:01:16.541732,12.9716215133667
2026-04-29 06:01:16.745402,2026-04-29 06:01:16.745402,12.959471702575684
2026-04-29 06:01:16.942357,2026-04-29 06:01:16.942357,12.773364067077637
2026-04-29 06:01:17.146464,2026-04-29 06:01:17.146464,14.724546432495115
2026-04-29 06:01:17.343018,2026-04-29 06:01:17.343018,14.273676872253418
2026-04-29 06:01:17.546124,2026-04-29 06:01:17.546124,15.999813079833984
2026-04-29 06:01:17.745987,2026-04-29 06:01:17.745987,17.46702766418457
2026-04-29 06:01:17.944679,2026-04-29 06:01:17.944679,18.714160919189453
2026-04-29 06:01:18.141652,2026-04-29 06:01:18.141652,19.77422523498535
2026-04-29 06:01:18.346300,2026-04-29 06:01:18.346300,18.39012336730957
2026-04-29 06:01:18.541910,2026-04-29 06:01:18.541910,19.4987907409668
2026-04-29 06:01:18.742673,2026-04-29 06:01:18.742673,20.441160202026367
2026-04-29 06:01:18.946834,2026-04-29 06:01:18.946834,21.24217414855957
2026-04-29 06:01:19.141776,2026-04-29 06:01:19.141776,21.92303466796875
2026-04-29 06:01:19.343434,2026-04-29 06:01:19.343434,22.501768112182617
2026-04-29 06:01:19.543137,2026-04-29 06:01:19.543137,22.993690490722656
2026-04-29 06:01:19.742261,2026-04-29 06:01:19.742261,23.41182327270508
2026-04-29 06:01:19.945590,2026-04-29 06:01:19.945590,23.76723861694336
2026-04-29 06:01:20.145901,2026-04-29 06:01:20.145901,24.069339752197266
2026-04-29 06:01:20.348952,2026-04-29 06:01:20.348952,24.32612609863281
2026-04-29 06:01:20.544061,2026-04-29 06:01:20.544061,24.544395446777344
2026-04-29 06:01:20.744668,2026-04-29 06:01:20.744668,24.729923248291016
2026-04-29 06:01:20.944067,2026-04-29 06:01:20.944067,24.887622833251957
2026-04-29 06:01:21.143600,2026-04-29 06:01:21.143600,25.02166557312012
2026-04-29 06:01:21.342362,2026-04-29 06:01:21.342362,25.135602951049805
2026-04-29 06:01:21.545286,2026-04-29 06:01:21.545286,25.23245048522949
2026-04-29 06:01:21.745288,2026-04-29 06:01:21.745288,25.314769744873047
2026-04-29 06:01:21.945076,2026-04-29 06:01:21.945076,25.384742736816406
2026-04-29 06:01:22.146095,2026-04-29 06:01:22.146095,25.4442195892334
2026-04-29 06:01:22.348192,2026-04-29 06:01:22.348192,25.494773864746094
2026-04-29 06:01:22.549139,2026-04-29 06:01:22.549139,25.537744522094727
2026-04-29 06:01:22.748082,2026-04-29 06:01:22.748082,25.57427024841309
2026-04-29 06:01:22.942611,2026-04-29 06:01:22.942611,25.605318069458008
2026-04-29 06:01:23.145257,2026-04-29 06:01:23.145257,25.6317081451416
2026-04-29 06:01:23.342194,2026-04-29 06:01:23.342194,25.82991981506348
2026-04-29 06:01:23.546188,2026-04-29 06:01:23.546188,25.822620391845703
2026-04-29 06:01:23.743576,2026-04-29 06:01:23.743576,25.81641387939453
2026-04-29 06:01:23.946241,2026-04-29 06:01:23.946241,25.811140060424805
2026-04-29 06:01:24.145521,2026-04-29 06:01:24.145521,25.982437133789062
2026-04-29 06:01:24.341815,2026-04-29 06:01:24.341815,26.128040313720703
2026-04-29 06:01:24.542111,2026-04-29 06:01:24.542111,26.251802444458008
2026-04-29 06:01:24.742090,2026-04-29 06:01:24.742090,26.35700225830078
2026-04-29 06:01:24.945410,2026-04-29 06:01:24.945410,26.446420669555664
2026-04-29 06:01:25.142487,2026-04-29 06:01:25.142487,26.52242660522461
2026-04-29 06:01:25.341631,2026-04-29 06:01:25.341631,26.5870304107666
2026-04-29 06:01:25.542151,2026-04-29 06:01:25.542151,26.641944885253903
2026-04-29 06:01:25.742696,2026-04-29 06:01:25.742696,26.864402770996094
2026-04-29 06:01:25.942994,2026-04-29 06:01:25.942994,26.87771224975586
2026-04-29 06:01:26.143171,2026-04-29 06:01:26.143171,27.06480407714844
2026-04-29 06:01:26.342388,2026-04-29 06:01:26.342388,27.223833084106445
2026-04-29 06:01:26.543591,2026-04-29 06:01:26.543591,27.3590087890625
2026-04-29 06:01:26.742215,2026-04-29 06:01:26.742215,27.473907470703125
2026-04-29 06:01:26.947773,2026-04-29 06:01:26.947773,27.571571350097656
2026-04-29 06:01:27.142099,2026-04-29 06:01:27.142099,27.654584884643555
2026-04-29 06:01:27.341787,2026-04-29 06:01:27.341787,27.725147247314453
2026-04-29 06:01:27.544445,2026-04-29 06:01:27.544445,27.785125732421875
2026-04-29 06:01:27.742687,2026-04-29 06:01:27.742687,28.01188850402832
2026-04-29 06:01:27.942271,2026-04-29 06:01:27.942271,28.204635620117188
2026-04-29 06:01:28.144544,2026-04-29 06:01:28.144544,28.368471145629883
2026-04-29 06:01:28.342319,2026-04-29 06:01:28.342319,28.507732391357425
2026-04-29 06:01:28.544303,2026-04-29 06:01:28.544303,28.6261043548584
2026-04-29 06:01:28.742410,2026-04-29 06:01:28.742410,28.72671890258789
2026-04-29 06:01:28.942723,2026-04-29 06:01:28.942723,28.81224250793457
2026-04-29 06:01:29.142213,2026-04-29 06:01:29.142213,28.884937286376957
2026-04-29 06:01:29.344208,2026-04-29 06:01:29.344208,28.946727752685547
2026-04-29 06:01:29.542325,2026-04-29 06:01:29.542325,28.999250411987305
2026-04-29 06:01:29.742381,2026-04-29 06:01:29.742381,29.043893814086918
2026-04-29 06:01:29.943113,2026-04-29 06:01:29.943113,29.08184051513672
2026-04-29 06:01:30.141839,2026-04-29 06:01:30.141839,29.11409568786621
2026-04-29 06:01:30.343069,2026-04-29 06:01:30.343069,29.14151382446289
2026-04-29 06:01:30.547088,2026-04-29 06:01:30.547088,29.164817810058597
2026-04-29 06:01:30.742645,2026-04-29 06:01:30.742645,29.18462562561035
2026-04-29 06:01:30.941554,2026-04-29 06:01:30.941554,29.20146369934082
2026-04-29 06:01:31.145576,2026-04-29 06:01:31.145576,29.21577453613281
2026-04-29 06:01:31.342937,2026-04-29 06:01:31.342937,26.41543960571289
2026-04-29 06:01:31.541806,2026-04-29 06:01:31.541806,23.859375
2026-04-29 06:01:31.742202,2026-04-29 06:01:31.742202,21.686717987060547
2026-04-29 06:01:31.943643,2026-04-29 06:01:31.943643,20.0157413482666
2026-04-29 06:01:32.144801,2026-04-29 06:01:32.144801,18.41963005065918
2026-04-29 06:01:32.341852,2026-04-29 06:01:32.341852,17.06293487548828
2026-04-29 06:01:32.542666,2026-04-29 06:01:32.542666,15.909745216369627
2026-04-29 06:01:32.743918,2026-04-29 06:01:32.743918,16.160001754760742
2026-04-29 06:01:32.942197,2026-04-29 06:01:32.942197,15.142251968383787
2026-04-29 06:01:33.143776,2026-04-29 06:01:33.143776,14.452945709228516
2026-04-29 06:01:33.341623,2026-04-29 06:01:33.341623,14.218597412109377
2026-04-29 06:01:33.542071,2026-04-29 06:01:33.542071,14.019401550292969
2026-04-29 06:01:33.743617,2026-04-29 06:01:33.743617,14.025866508483888
2026-04-29 06:01:33.943336,2026-04-29 06:01:33.943336,14.03136157989502
2026-04-29 06:01:34.142789,2026-04-29 06:01:34.142789,14.03603172302246
2026-04-29 06:01:34.342502,2026-04-29 06:01:34.342502,14.04000186920166
2026-04-29 06:01:34.542080,2026-04-29 06:01:34.542080,14.043376922607422
2026-04-29 06:01:34.745280,2026-04-29 06:01:34.745280,14.046245574951172
2026-04-29 06:01:34.948171,2026-04-29 06:01:34.948171,14.048683166503906
2026-04-29 06:01:35.141677,2026-04-29 06:01:35.141677,14.050756454467772
2026-04-29 06:01:35.342463,2026-04-29 06:01:35.342463,14.052517890930176
2026-04-29 06:01:35.549667,2026-04-29 06:01:35.549667,14.054015159606934
2026-04-29 06:01:35.748161,2026-04-29 06:01:35.748161,14.05528736114502
2026-04-29 06:01:35.944955,2026-04-29 06:01:35.944955,13.88058853149414
2026-04-29 06:01:36.144303,2026-04-29 06:01:36.144303,13.907875061035156
2026-04-29 06:01:36.344412,2026-04-29 06:01:36.344412,13.755287170410156
2026-04-29 06:01:36.542847,2026-04-29 06:01:36.542847,13.625588417053224
2026-04-29 06:01:36.743767,2026-04-29 06:01:36.743767,13.51534366607666
2026-04-29 06:01:36.946919,2026-04-29 06:01:36.946919,13.421635627746582
2026-04-29 06:01:37.143173,2026-04-29 06:01:37.143173,13.341983795166016
2026-04-29 06:01:37.342948,2026-04-29 06:01:37.342948,13.450061798095703
2026-04-29 06:01:37.544536,2026-04-29 06:01:37.544536,13.541927337646484
2026-04-29 06:01:37.745630,2026-04-29 06:01:37.745630,13.620013236999512
2026-04-29 06:01:37.952538,2026-04-29 06:01:37.952538,13.686386108398438
2026-04-29 06:01:38.143647,2026-04-29 06:01:38.143647,13.742803573608398
2026-04-29 06:01:38.345265,2026-04-29 06:01:38.345265,13.79075813293457
2026-04-29 06:01:38.545050,2026-04-29 06:01:38.545050,13.83151912689209
2026-04-29 06:01:38.743844,2026-04-29 06:01:38.743844,13.866166114807127
2026-04-29 06:01:38.945322,2026-04-29 06:01:38.945322,13.89561653137207
2026-04-29 06:01:39.157324,2026-04-29 06:01:39.157324,14.096429824829102
2026-04-29 06:01:39.343218,2026-04-29 06:01:39.343218,14.267122268676758
2026-04-29 06:01:39.550008,2026-04-29 06:01:39.550008,14.587990760803224
2026-04-29 06:01:39.744617,2026-04-29 06:01:39.744617,14.684948921203612
2026-04-29 06:01:39.944274,2026-04-29 06:01:39.944274,14.943143844604492
2026-04-29 06:01:40.146975,2026-04-29 06:01:40.146975,15.162610054016112
2026-04-29 06:01:40.344054,2026-04-29 06:01:40.344054,15.34915542602539
2026-04-29 06:01:40.554063,2026-04-29 06:01:40.554063,15.507719993591309
2026-04-29 06:01:53.655360,2026-04-29 06:01:53.655360,15.818281173706056
2026-04-29 06:01:53.845412,2026-04-29 06:01:53.845412,15.906476020812988
2026-04-29 06:01:54.051635,2026-04-29 06:01:54.051635,15.98144245147705
2026-04-29 06:01:54.252056,2026-04-29 06:01:54.252056,16.220945358276367
2026-04-29 06:01:54.444722,2026-04-29 06:01:54.444722,16.424522399902344
2026-04-29 06:01:54.651934,2026-04-29 06:01:54.651934,16.597562789916992
2026-04-29 06:01:54.853300,2026-04-29 06:01:54.853300,16.744646072387695
2026-04-29 06:01:55.056692,2026-04-29 06:01:55.056692,16.86966896057129
2026-04-29 06:01:55.255664,2026-04-29 06:01:55.255664,16.975936889648438
2026-04-29 06:01:55.452323,2026-04-29 06:01:55.452323,17.066265106201172
2026-04-29 06:01:55.654344,2026-04-29 06:01:55.654344,17.143043518066406
2026-04-29 06:01:55.853107,2026-04-29 06:01:55.853107,17.20830535888672
2026-04-29 06:01:56.051999,2026-04-29 06:01:56.051999,17.263778686523438
2026-04-29 06:01:56.252007,2026-04-29 06:01:56.252007,17.310930252075195
2026-04-29 06:01:56.451600,2026-04-29 06:01:56.451600,17.351009368896484
2026-04-29 06:01:56.651623,2026-04-29 06:01:56.651623,17.38507652282715
2026-04-29 06:01:56.859701,2026-04-29 06:01:56.859701,17.414033889770508
2026-04-29 06:01:57.056949,2026-04-29 06:01:57.056949,17.438648223876953
2026-04-29 06:01:57.255733,2026-04-29 06:01:57.255733,17.459569931030273
2026-04-29 06:01:57.454547,2026-04-29 06:01:57.454547,17.301570892333984
2026-04-29 06:01:57.652181,2026-04-29 06:01:57.652181,17.343053817749023
2026-04-29 06:01:57.851646,2026-04-29 06:01:57.851646,17.378314971923828
2026-04-29 06:01:58.059220,2026-04-29 06:01:58.059220,17.408287048339844
2026-04-29 06:01:58.244381,2026-04-29 06:01:58.244381,17.433761596679688
2026-04-29 06:01:58.444659,2026-04-29 06:01:58.444659,17.45541763305664
2026-04-29 06:01:58.657499,2026-04-29 06:01:58.657499,17.47382354736328
2026-04-29 06:01:58.855245,2026-04-29 06:01:58.855245,17.48946762084961
2026-04-29 06:01:59.053972,2026-04-29 06:01:59.053972,17.50276756286621
2026-04-29 06:01:59.256736,2026-04-29 06:01:59.256736,17.514070510864258
2026-04-29 06:01:59.451592,2026-04-29 06:01:59.451592,17.523677825927734
2026-04-29 06:01:59.646378,2026-04-29 06:01:59.646378,17.531845092773438
2026-04-29 06:01:59.851568,2026-04-29 06:01:59.851568,17.538787841796875
2026-04-29 06:02:00.053843,2026-04-29 06:02:00.053843,17.544687271118164
2026-04-29 06:02:00.251716,2026-04-29 06:02:00.251716,17.37392234802246
2026-04-29 06:02:00.454490,2026-04-29 06:02:00.454490,17.228771209716797
2026-04-29 06:02:00.653853,2026-04-29 06:02:00.653853,17.105392456054688
2026-04-29 06:02:00.853603,2026-04-29 06:02:00.853603,16.82474136352539
2026-04-29 06:02:01.044557,2026-04-29 06:02:01.044557,16.586185455322266
2026-04-29 06:02:01.252470,2026-04-29 06:02:01.252470,16.383413314819336
2026-04-29 06:02:01.455652,2026-04-29 06:02:01.455652,16.386838912963867
2026-04-29 06:02:01.647791,2026-04-29 06:02:01.647791,16.389751434326172
2026-04-29 06:02:01.851994,2026-04-29 06:02:01.851994,16.39222526550293
2026-04-29 06:02:02.052080,2026-04-29 06:02:02.052080,16.394329071044922
2026-04-29 06:02:02.254740,2026-04-29 06:02:02.254740,16.3961181640625
2026-04-29 06:02:02.452617,2026-04-29 06:02:02.452617,16.57341957092285
2026-04-29 06:02:02.653492,2026-04-29 06:02:02.653492,16.724124908447266
2026-04-29 06:02:02.852135,2026-04-29 06:02:02.852135,16.852224349975586
2026-04-29 06:02:03.056944,2026-04-29 06:02:03.056944,16.961109161376953
2026-04-29 06:02:03.253582,2026-04-29 06:02:03.253582,17.053661346435547
2026-04-29 06:02:03.459719,2026-04-29 06:02:03.459719,17.13233184814453
2026-04-29 06:02:03.654771,2026-04-29 06:02:03.654771,17.199199676513672
2026-04-29 06:02:03.854521,2026-04-29 06:02:03.854521,17.256038665771484
2026-04-29 06:02:04.052749,2026-04-29 06:02:04.052749,17.304351806640625
2026-04-29 06:02:04.252915,2026-04-29 06:02:04.252915,17.34541893005371
2026-04-29 06:02:04.454819,2026-04-29 06:02:04.454819,17.38032341003418
2026-04-29 06:02:04.655606,2026-04-29 06:02:04.655606,17.58577537536621
2026-04-29 06:02:04.855586,2026-04-29 06:02:04.855586,17.584627151489258
2026-04-29 06:02:05.057613,2026-04-29 06:02:05.057613,17.58365249633789
2026-04-29 06:02:05.251642,2026-04-29 06:02:05.251642,17.582822799682617
2026-04-29 06:02:05.451992,2026-04-29 06:02:05.451992,17.75790023803711
2026-04-29 06:02:05.661847,2026-04-29 06:02:05.661847,17.730934143066406
2026-04-29 06:02:05.854596,2026-04-29 06:02:05.854596,17.883792877197266
2026-04-29 06:02:06.056523,2026-04-29 06:02:06.056523,18.01372528076172
2026-04-29 06:02:06.253682,2026-04-29 06:02:06.253682,18.12416648864746
2026-04-29 06:02:06.451973,2026-04-29 06:02:06.451973,18.218040466308597
2026-04-29 06:02:06.653527,2026-04-29 06:02:06.653527,18.297834396362305
2026-04-29 06:02:06.851657,2026-04-29 06:02:06.851657,18.36565971374512
2026-04-29 06:02:07.052777,2026-04-29 06:02:07.052777,18.423311233520508
2026-04-29 06:02:07.252271,2026-04-29 06:02:07.252271,18.472314834594727
2026-04-29 06:02:07.454294,2026-04-29 06:02:07.454294,18.51396751403809
2026-04-29 06:02:07.658851,2026-04-29 06:02:07.658851,18.54937171936035
2026-04-29 06:02:07.855179,2026-04-29 06:02:07.855179,18.579465866088867
2026-04-29 06:02:08.053284,2026-04-29 06:02:08.053284,18.60504531860352
2026-04-29 06:02:08.257512,2026-04-29 06:02:08.257512,20.208820343017575
2026-04-29 06:02:08.455424,2026-04-29 06:02:08.455424,21.57202911376953
2026-04-29 06:02:08.653031,2026-04-29 06:02:08.653031,22.73075485229492
2026-04-29 06:02:08.856165,2026-04-29 06:02:08.856165,23.715673446655277
2026-04-29 06:02:09.055202,2026-04-29 06:02:09.055202,24.552854537963867
2026-04-29 06:02:09.256682,2026-04-29 06:02:09.256682,25.26445770263672
2026-04-29 06:02:09.452835,2026-04-29 06:02:09.452835,25.869319915771484
2026-04-29 06:02:09.652367,2026-04-29 06:02:09.652367,26.383453369140625
2026-04-29 06:02:09.855009,2026-04-29 06:02:09.855009,26.820466995239254
2026-04-29 06:02:10.053403,2026-04-29 06:02:10.053403,27.19192695617676
2026-04-29 06:02:10.254399,2026-04-29 06:02:10.254399,27.50766944885254
2026-04-29 06:02:10.456289,2026-04-29 06:02:10.456289,27.776050567626957
2026-04-29 06:02:10.655192,2026-04-29 06:02:10.655192,27.828392028808597
2026-04-29 06:02:10.857475,2026-04-29 06:02:10.857475,27.87288475036621
2026-04-29 06:02:11.055076,2026-04-29 06:02:11.055076,27.910701751708984
2026-04-29 06:02:11.252778,2026-04-29 06:02:11.252778,27.942846298217773
2026-04-29 06:02:11.451931,2026-04-29 06:02:11.451931,27.97016906738281
2026-04-29 06:02:11.652313,2026-04-29 06:02:11.652313,27.993392944335938
2026-04-29 06:02:11.854453,2026-04-29 06:02:11.854453,28.013134002685547
2026-04-29 06:02:12.053677,2026-04-29 06:02:12.053677,28.02991485595703
2026-04-29 06:02:12.254214,2026-04-29 06:02:12.254214,28.044178009033203
2026-04-29 06:02:12.452412,2026-04-29 06:02:12.452412,28.05630111694336
2026-04-29 06:02:12.655767,2026-04-29 06:02:12.655767,28.066606521606445
2026-04-29 06:02:12.852999,2026-04-29 06:02:12.852999,28.07536506652832
2026-04-29 06:02:13.056429,2026-04-29 06:02:13.056429,28.082809448242188
2026-04-29 06:02:13.255545,2026-04-29 06:02:13.255545,28.08913803100586
2026-04-29 06:02:13.455419,2026-04-29 06:02:13.455419,28.094518661499023
2026-04-29 06:02:13.651669,2026-04-29 06:02:13.651669,28.099090576171875
2026-04-29 06:02:13.856453,2026-04-29 06:02:13.856453,28.102975845336918
2026-04-29 06:02:14.060544,2026-04-29 06:02:14.060544,28.106279373168945
2026-04-29 06:02:14.254911,2026-04-29 06:02:14.254911,28.10908889770508
2026-04-29 06:02:14.457836,2026-04-29 06:02:14.457836,28.111474990844727
2026-04-29 06:02:14.652405,2026-04-29 06:02:14.652405,28.11350440979004
2026-04-29 06:02:14.852688,2026-04-29 06:02:14.852688,28.1152286529541
2026-04-29 06:02:15.055498,2026-04-29 06:02:15.055498,28.1166934967041
2026-04-29 06:02:15.255703,2026-04-29 06:02:15.255703,25.832782745361328
2026-04-29 06:02:15.454009,2026-04-29 06:02:15.454009,23.89146041870117
2026-04-29 06:02:15.653529,2026-04-29 06:02:15.653529,22.241334915161133
2026-04-29 06:02:15.852354,2026-04-29 06:02:15.852354,20.838727951049805
2026-04-29 06:02:16.053534,2026-04-29 06:02:16.053534,19.82229423522949
2026-04-29 06:02:16.254645,2026-04-29 06:02:16.254645,18.958324432373047
2026-04-29 06:02:16.453592,2026-04-29 06:02:16.453592,18.04817008972168
2026-04-29 06:02:16.655537,2026-04-29 06:02:16.655537,17.274538040161133
2026-04-29 06:02:16.857077,2026-04-29 06:02:16.857077,16.79273223876953
2026-04-29 06:02:17.053249,2026-04-29 06:02:17.053249,16.383197784423828
2026-04-29 06:02:17.255984,2026-04-29 06:02:17.255984,16.035093307495117
2026-04-29 06:02:17.451746,2026-04-29 06:02:17.451746,15.73920440673828
2026-04-29 06:02:17.652953,2026-04-29 06:02:17.652953,15.487698554992676
2026-04-29 06:02:17.854572,2026-04-29 06:02:17.854572,15.098136901855469
2026-04-29 06:02:18.052533,2026-04-29 06:02:18.052533,14.767010688781738
2026-04-29 06:02:18.251889,2026-04-29 06:02:18.251889,14.661334037780762
2026-04-29 06:02:18.453950,2026-04-29 06:02:18.453950,14.571508407592772
2026-04-29 06:02:18.652722,2026-04-29 06:02:18.652722,14.495157241821287
2026-04-29 06:02:18.852327,2026-04-29 06:02:18.852327,14.430258750915527
2026-04-29 06:02:31.952012,2026-04-29 06:02:31.952012,14.37509536743164
2026-04-29 06:02:32.155054,2026-04-29 06:02:32.155054,14.328206062316896
2026-04-29 06:02:32.355674,2026-04-29 06:02:32.355674,14.288350105285645
2026-04-29 06:02:32.552078,2026-04-29 06:02:32.552078,14.254472732543944
2026-04-29 06:02:32.754527,2026-04-29 06:02:32.754527,14.40145778656006
2026-04-29 06:02:32.952484,2026-04-29 06:02:32.952484,14.526395797729492
2026-04-29 06:02:33.154694,2026-04-29 06:02:33.154694,14.63259220123291
2026-04-29 06:02:33.351615,2026-04-29 06:02:33.351615,14.722859382629396
2026-04-29 06:02:33.551673,2026-04-29 06:02:33.551673,14.79958724975586
2026-04-29 06:02:33.754544,2026-04-29 06:02:33.754544,14.864805221557615
2026-04-29 06:02:33.952554,2026-04-29 06:02:33.952554,14.92024040222168
2026-04-29 06:02:34.153538,2026-04-29 06:02:34.153538,14.967360496520996
2026-04-29 06:02:34.352404,2026-04-29 06:02:34.352404,15.007412910461426
2026-04-29 06:02:34.554258,2026-04-29 06:02:34.554258,15.041457176208496
2026-04-29 06:02:34.753562,2026-04-29 06:02:34.753562,15.070394515991213
2026-04-29 06:02:34.952233,2026-04-29 06:02:34.952233,15.09499168395996
2026-04-29 06:02:35.152860,2026-04-29 06:02:35.152860,15.291680335998535
2026-04-29 06:02:35.352444,2026-04-29 06:02:35.352444,15.458866119384766
2026-04-29 06:02:35.551899,2026-04-29 06:02:35.551899,15.600974082946776
2026-04-29 06:02:35.753453,2026-04-29 06:02:35.753453,15.545984268188477
2026-04-29 06:02:35.954586,2026-04-29 06:02:35.954586,15.675024032592772
2026-04-29 06:02:36.151931,2026-04-29 06:02:36.151931,15.784708023071287
2026-04-29 06:02:36.352197,2026-04-29 06:02:36.352197,15.877939224243164
2026-04-29 06:02:36.552290,2026-04-29 06:02:36.552290,15.781404495239258
2026-04-29 06:02:36.752108,2026-04-29 06:02:36.752108,15.699350357055664
2026-04-29 06:02:36.954560,2026-04-29 06:02:36.954560,15.629603385925291
2026-04-29 06:02:37.155645,2026-04-29 06:02:37.155645,15.570319175720217
2026-04-29 06:02:37.353691,2026-04-29 06:02:37.353691,15.519927978515623
2026-04-29 06:02:37.561058,2026-04-29 06:02:37.561058,15.477094650268556
2026-04-29 06:02:37.755967,2026-04-29 06:02:37.755967,15.44068717956543
2026-04-29 06:02:37.952710,2026-04-29 06:02:37.952710,15.409740447998049
2026-04-29 06:02:38.157454,2026-04-29 06:02:38.157454,15.383435249328612
2026-04-29 06:02:38.352271,2026-04-29 06:02:38.352271,15.185295104980469
2026-04-29 06:02:38.553316,2026-04-29 06:02:38.553316,15.016876220703123
2026-04-29 06:02:38.755892,2026-04-29 06:02:38.755892,14.873719215393066
2026-04-29 06:02:38.951810,2026-04-29 06:02:38.951810,14.576254844665527
2026-04-29 06:02:39.155540,2026-04-29 06:02:39.155540,14.323410987854004
2026-04-29 06:02:39.357256,2026-04-29 06:02:39.357256,14.108492851257324
2026-04-29 06:02:39.552233,2026-04-29 06:02:39.552233,13.92581272125244
2026-04-29 06:02:39.751892,2026-04-29 06:02:39.751892,13.77053451538086
2026-04-29 06:02:39.952706,2026-04-29 06:02:39.952706,13.638547897338867
2026-04-29 06:02:40.152859,2026-04-29 06:02:40.152859,13.526359558105469
2026-04-29 06:02:40.354424,2026-04-29 06:02:40.354424,13.430999755859377
2026-04-29 06:02:40.558297,2026-04-29 06:02:40.558297,13.349943161010742
2026-04-29 06:02:40.752329,2026-04-29 06:02:40.752329,13.281045913696287
2026-04-29 06:02:40.954054,2026-04-29 06:02:40.954054,13.222482681274414
2026-04-29 06:02:41.153309,2026-04-29 06:02:41.153309,13.172703742980955
2026-04-29 06:02:41.351632,2026-04-29 06:02:41.351632,13.13039207458496
2026-04-29 06:02:41.556921,2026-04-29 06:02:41.556921,13.094427108764648
2026-04-29 06:02:41.752620,2026-04-29 06:02:41.752620,13.063857078552246
2026-04-29 06:02:41.954638,2026-04-29 06:02:41.954638,13.037872314453123
2026-04-29 06:02:42.152101,2026-04-29 06:02:42.152101,13.015785217285156
2026-04-29 06:02:42.352469,2026-04-29 06:02:42.352469,12.997011184692385
2026-04-29 06:02:42.551907,2026-04-29 06:02:42.551907,12.981053352355955
2026-04-29 06:02:42.755145,2026-04-29 06:02:42.755145,12.967489242553713
2026-04-29 06:02:42.953356,2026-04-29 06:02:42.953356,12.95595932006836
2026-04-29 06:02:43.153500,2026-04-29 06:02:43.153500,12.946159362792969
2026-04-29 06:02:43.354162,2026-04-29 06:02:43.354162,13.11361026763916
2026-04-29 06:02:43.559842,2026-04-29 06:02:43.559842,13.080162048339844
2026-04-29 06:02:43.752145,2026-04-29 06:02:43.752145,13.051732063293455
2026-04-29 06:02:43.951988,2026-04-29 06:02:43.951988,13.027565956115724
2026-04-29 06:02:44.155279,2026-04-29 06:02:44.155279,13.007024765014648
2026-04-29 06:02:44.353266,2026-04-29 06:02:44.353266,13.165346145629885
2026-04-29 06:02:44.556279,2026-04-29 06:02:44.556279,13.299919128417969
2026-04-29 06:02:44.752438,2026-04-29 06:02:44.752438,13.414306640625
2026-04-29 06:02:44.953639,2026-04-29 06:02:44.953639,13.51153564453125
2026-04-29 06:02:45.155715,2026-04-29 06:02:45.155715,13.5941801071167
2026-04-29 06:02:45.355267,2026-04-29 06:02:45.355267,13.664427757263184
2026-04-29 06:02:45.556252,2026-04-29 06:02:45.556252,13.724139213562012
2026-04-29 06:02:45.755576,2026-04-29 06:02:45.755576,13.774892807006836
2026-04-29 06:02:45.956502,2026-04-29 06:02:45.956502,13.642252922058104
2026-04-29 06:02:46.155337,2026-04-29 06:02:46.155337,13.529508590698242
2026-04-29 06:02:46.354154,2026-04-29 06:02:46.354154,13.433675765991213
2026-04-29 06:02:46.552041,2026-04-29 06:02:46.552041,13.352218627929688
2026-04-29 06:02:46.754567,2026-04-29 06:02:46.754567,13.458760261535645
2026-04-29 06:02:46.957639,2026-04-29 06:02:46.957639,13.373539924621582
2026-04-29 06:02:47.152991,2026-04-29 06:02:47.152991,13.301102638244627
2026-04-29 06:02:47.359637,2026-04-29 06:02:47.359637,13.239531517028809
2026-04-29 06:02:47.556631,2026-04-29 06:02:47.556631,13.187195777893066
2026-04-29 06:02:47.753334,2026-04-29 06:02:47.753334,13.318490982055664
2026-04-29 06:02:47.954925,2026-04-29 06:02:47.954925,13.430092811584473
2026-04-29 06:02:48.155770,2026-04-29 06:02:48.155770,13.524953842163086
2026-04-29 06:02:48.357583,2026-04-29 06:02:48.357583,13.605585098266602
2026-04-29 06:02:48.554755,2026-04-29 06:02:48.554755,13.67412281036377
2026-04-29 06:02:48.753294,2026-04-29 06:02:48.753294,13.908160209655762
2026-04-29 06:02:48.957479,2026-04-29 06:02:48.957479,16.216466903686523
2026-04-29 06:02:49.152281,2026-04-29 06:02:49.152281,18.178529739379883
2026-04-29 06:02:49.352851,2026-04-29 06:02:49.352851,19.846281051635746
2026-04-29 06:02:49.553990,2026-04-29 06:02:49.553990,21.26387023925781
2026-04-29 06:02:49.756686,2026-04-29 06:02:49.756686,22.46882057189941
2026-04-29 06:02:49.955613,2026-04-29 06:02:49.955613,23.49302864074707
2026-04-29 06:02:50.157613,2026-04-29 06:02:50.157613,24.363605499267575
2026-04-29 06:02:50.352044,2026-04-29 06:02:50.352044,25.103595733642575
2026-04-29 06:02:50.552062,2026-04-29 06:02:50.552062,25.73258781433105
2026-04-29 06:02:50.758146,2026-04-29 06:02:50.758146,26.267230987548828
2026-04-29 06:02:50.957038,2026-04-29 06:02:50.957038,26.721677780151367
2026-04-29 06:02:51.152574,2026-04-29 06:02:51.152574,27.10795783996582
2026-04-29 06:02:51.358955,2026-04-29 06:02:51.358955,27.436294555664062
2026-04-29 06:02:51.558683,2026-04-29 06:02:51.558683,27.715381622314453
2026-04-29 06:02:51.751664,2026-04-29 06:02:51.751664,27.952606201171875
2026-04-29 06:02:51.952274,2026-04-29 06:02:51.952274,28.154245376586918
2026-04-29 06:02:52.151580,2026-04-29 06:02:52.151580,28.325639724731445
2026-04-29 06:02:52.353001,2026-04-29 06:02:52.353001,28.471324920654297
2026-04-29 06:02:52.551969,2026-04-29 06:02:52.551969,28.419376373291016
2026-04-29 06:02:52.754556,2026-04-29 06:02:52.754556,28.375221252441406
2026-04-29 06:02:52.951842,2026-04-29 06:02:52.951842,28.33768653869629
2026-04-29 06:02:53.151688,2026-04-29 06:02:53.151688,28.305784225463867
2026-04-29 06:02:53.351629,2026-04-29 06:02:53.351629,28.27866744995117
2026-04-29 06:02:53.552619,2026-04-29 06:02:53.552619,28.255617141723636
2026-04-29 06:02:53.753460,2026-04-29 06:02:53.753460,28.236024856567383
2026-04-29 06:02:53.953348,2026-04-29 06:02:53.953348,28.219369888305664
2026-04-29 06:02:54.152653,2026-04-29 06:02:54.152653,28.20521545410156
2026-04-29 06:02:54.354594,2026-04-29 06:02:54.354594,28.19318199157715
2026-04-29 06:02:54.554484,2026-04-29 06:02:54.554484,28.007173538208008
2026-04-29 06:02:54.752501,2026-04-29 06:02:54.752501,27.84906578063965
2026-04-29 06:02:54.952068,2026-04-29 06:02:54.952068,25.956863403320312
2026-04-29 06:02:55.153879,2026-04-29 06:02:55.153879,24.34848976135254
2026-04-29 06:02:55.352370,2026-04-29 06:02:55.352370,22.981372833251957
2026-04-29 06:02:55.551708,2026-04-29 06:02:55.551708,21.81932258605957
2026-04-29 06:02:55.751606,2026-04-29 06:02:55.751606,20.831581115722656
2026-04-29 06:02:55.952622,2026-04-29 06:02:55.952622,19.992000579833984
2026-04-29 06:02:56.157725,2026-04-29 06:02:56.157725,19.278356552124023
2026-04-29 06:02:56.353312,2026-04-29 06:02:56.353312,18.8475399017334
2026-04-29 06:02:56.552969,2026-04-29 06:02:56.552969,18.305564880371094
2026-04-29 06:02:56.753954,2026-04-29 06:02:56.753954,17.844886779785156
2026-04-29 06:02:56.951795,2026-04-29 06:02:56.951795,17.453310012817383
2026-04-29 06:02:57.152514,2026-04-29 06:02:57.152514,17.29625129699707
2026-04-29 06:03:10.252285,2026-04-29 06:03:10.252285,17.162750244140625
2026-04-29 06:03:10.452423,2026-04-29 06:03:10.452423,17.22505760192871
2026-04-29 06:03:10.653909,2026-04-29 06:03:10.653909,17.453798294067383
2026-04-29 06:03:10.851796,2026-04-29 06:03:10.851796,17.824010848999023
2026-04-29 06:03:11.052748,2026-04-29 06:03:11.052748,18.13868904113769
2026-04-29 06:03:11.252171,2026-04-29 06:03:11.252171,18.58194923400879
2026-04-29 06:03:11.454301,2026-04-29 06:03:11.454301,18.78293800354004
2026-04-29 06:03:11.651600,2026-04-29 06:03:11.651600,18.60221672058105
2026-04-29 06:03:11.851603,2026-04-29 06:03:11.851603,18.6243839263916
2026-04-29 06:03:12.053701,2026-04-29 06:03:12.053701,18.99478912353516
2026-04-29 06:03:12.254182,2026-04-29 06:03:12.254182,18.430727005004883
2026-04-29 06:03:12.456611,2026-04-29 06:03:12.456611,17.59971046447754
2026-04-29 06:03:12.652947,2026-04-29 06:03:12.652947,17.244911193847656
2026-04-29 06:03:12.852981,2026-04-29 06:03:12.852981,16.943330764770508
2026-04-29 06:03:13.053706,2026-04-29 06:03:13.053706,16.335424423217773
2026-04-29 06:03:13.252623,2026-04-29 06:03:13.252623,15.64292335510254
2026-04-29 06:03:13.455530,2026-04-29 06:03:13.455530,15.05429744720459
2026-04-29 06:03:13.655511,2026-04-29 06:03:13.655511,14.55396556854248
2026-04-29 06:03:13.853579,2026-04-29 06:03:13.853579,14.12868309020996
2026-04-29 06:03:14.053999,2026-04-29 06:03:14.053999,13.767192840576172
2026-04-29 06:03:14.252150,2026-04-29 06:03:14.252150,13.45992660522461
2026-04-29 06:03:14.456081,2026-04-29 06:03:14.456081,13.022969245910645
2026-04-29 06:03:14.652505,2026-04-29 06:03:14.652505,12.651555061340332
2026-04-29 06:03:14.852524,2026-04-29 06:03:14.852524,12.51163387298584
2026-04-29 06:03:15.052491,2026-04-29 06:03:15.052491,12.392701148986816
2026-04-29 06:03:15.256773,2026-04-29 06:03:15.256773,12.291608810424805
2026-04-29 06:03:15.453186,2026-04-29 06:03:15.453186,12.029898643493652
2026-04-29 06:03:15.651827,2026-04-29 06:03:15.651827,11.807445526123049
2026-04-29 06:03:15.852057,2026-04-29 06:03:15.852057,11.618359565734863
2026-04-29 06:03:16.052253,2026-04-29 06:03:16.052253,11.457636833190918
2026-04-29 06:03:16.254974,2026-04-29 06:03:16.254974,11.145241737365724
2026-04-29 06:03:16.453887,2026-04-29 06:03:16.453887,10.879705429077148
2026-04-29 06:03:16.652211,2026-04-29 06:03:16.652211,10.65399932861328
2026-04-29 06:03:16.852479,2026-04-29 06:03:16.852479,10.462149620056152
2026-04-29 06:03:17.052500,2026-04-29 06:03:17.052500,10.299077033996582
2026-04-29 06:03:17.255982,2026-04-29 06:03:17.255982,10.160465240478516
2026-04-29 06:03:17.451835,2026-04-29 06:03:17.451835,10.042645454406738
2026-04-29 06:03:17.652243,2026-04-29 06:03:17.652243,9.942499160766602
2026-04-29 06:03:17.852451,2026-04-29 06:03:17.852451,9.85737419128418
2026-04-29 06:03:18.052411,2026-04-29 06:03:18.052411,9.78501796722412
2026-04-29 06:03:18.254361,2026-04-29 06:03:18.254361,9.723515510559082
2026-04-29 06:03:18.452055,2026-04-29 06:03:18.452055,9.67123794555664
2026-04-29 06:03:18.653996,2026-04-29 06:03:18.653996,9.626802444458008
2026-04-29 06:03:18.853247,2026-04-29 06:03:18.853247,9.589032173156738
2026-04-29 06:03:19.054725,2026-04-29 06:03:19.054725,9.381145477294922
2026-04-29 06:03:19.253204,2026-04-29 06:03:19.253204,9.204442977905272
2026-04-29 06:03:19.454735,2026-04-29 06:03:19.454735,9.054244995117188
2026-04-29 06:03:19.654388,2026-04-29 06:03:19.654388,9.102357864379885
2026-04-29 06:03:19.854363,2026-04-29 06:03:19.854363,8.967473030090332
2026-04-29 06:03:20.056267,2026-04-29 06:03:20.056267,8.852821350097656
2026-04-29 06:03:20.252298,2026-04-29 06:03:20.252298,8.755366325378418
2026-04-29 06:03:20.455302,2026-04-29 06:03:20.455302,8.672530174255371
2026-04-29 06:03:20.653149,2026-04-29 06:03:20.653149,8.602119445800781
2026-04-29 06:03:20.852113,2026-04-29 06:03:20.852113,8.54227066040039
2026-04-29 06:03:21.056779,2026-04-29 06:03:21.056779,8.491398811340332
2026-04-29 06:03:21.254735,2026-04-29 06:03:21.254735,8.44815731048584
2026-04-29 06:03:21.456994,2026-04-29 06:03:21.456994,8.411402702331543
2026-04-29 06:03:21.654196,2026-04-29 06:03:21.654196,8.38016128540039
2026-04-29 06:03:21.854679,2026-04-29 06:03:21.854679,8.353605270385742
2026-04-29 06:03:22.052144,2026-04-29 06:03:22.052144,8.331033706665039
2026-04-29 06:03:22.253700,2026-04-29 06:03:22.253700,8.487628936767578
2026-04-29 06:03:22.456475,2026-04-29 06:03:22.456475,8.620734214782715
2026-04-29 06:03:22.657176,2026-04-29 06:03:22.657176,8.733874320983887
2026-04-29 06:03:22.862280,2026-04-29 06:03:22.862280,8.830042839050293
2026-04-29 06:03:23.056773,2026-04-29 06:03:23.056773,8.911786079406738
2026-04-29 06:03:23.251894,2026-04-29 06:03:23.251894,8.981268882751465
2026-04-29 06:03:23.455974,2026-04-29 06:03:23.455974,9.040328025817873
2026-04-29 06:03:23.657728,2026-04-29 06:03:23.657728,9.090529441833496
2026-04-29 06:03:23.851744,2026-04-29 06:03:23.851744,9.13319969177246
2026-04-29 06:03:24.054144,2026-04-29 06:03:24.054144,9.169469833374023
2026-04-29 06:03:24.253940,2026-04-29 06:03:24.253940,9.200299263000488
2026-04-29 06:03:24.455663,2026-04-29 06:03:24.455663,9.2265043258667
2026-04-29 06:03:24.655322,2026-04-29 06:03:24.655322,9.248778343200684
2026-04-29 06:03:24.858672,2026-04-29 06:03:24.858672,9.267711639404297
2026-04-29 06:03:25.056819,2026-04-29 06:03:25.056819,9.283804893493652
2026-04-29 06:03:25.257016,2026-04-29 06:03:25.257016,9.297484397888184
2026-04-29 06:03:25.459563,2026-04-29 06:03:25.459563,9.309111595153809
2026-04-29 06:03:25.655324,2026-04-29 06:03:25.655324,9.318994522094728
2026-04-29 06:03:25.854998,2026-04-29 06:03:25.854998,9.32739543914795
2026-04-29 06:03:26.057366,2026-04-29 06:03:26.057366,9.3345365524292
2026-04-29 06:03:26.256673,2026-04-29 06:03:26.256673,9.340605735778809
2026-04-29 06:03:26.455261,2026-04-29 06:03:26.455261,9.345765113830566
2026-04-29 06:03:26.653667,2026-04-29 06:03:26.653667,9.350150108337402
2026-04-29 06:03:26.852332,2026-04-29 06:03:26.852332,9.353878021240234
2026-04-29 06:03:27.056082,2026-04-29 06:03:27.056082,9.357046127319336
2026-04-29 06:03:27.253591,2026-04-29 06:03:27.253591,9.359739303588867
2026-04-29 06:03:27.458855,2026-04-29 06:03:27.458855,9.362028121948242
2026-04-29 06:03:27.653410,2026-04-29 06:03:27.653410,9.363973617553713
2026-04-29 06:03:27.852602,2026-04-29 06:03:27.852602,9.365628242492676
2026-04-29 06:03:28.057810,2026-04-29 06:03:28.057810,9.36703395843506
2026-04-29 06:03:28.251869,2026-04-29 06:03:28.251869,9.368228912353516
2026-04-29 06:03:28.452024,2026-04-29 06:03:28.452024,9.369244575500488
2026-04-29 06:03:28.654258,2026-04-29 06:03:28.654258,9.370107650756836
2026-04-29 06:03:28.857170,2026-04-29 06:03:28.857170,9.546623229980469
2026-04-29 06:03:29.055344,2026-04-29 06:03:29.055344,9.696660995483398
2026-04-29 06:03:29.252224,2026-04-29 06:03:29.252224,9.824193000793455
2026-04-29 06:03:29.454369,2026-04-29 06:03:29.454369,9.932595252990724
2026-04-29 06:03:29.651697,2026-04-29 06:03:29.651697,10.024737358093262
2026-04-29 06:03:29.854794,2026-04-29 06:03:29.854794,10.103057861328123
2026-04-29 06:03:30.054261,2026-04-29 06:03:30.054261,10.16963005065918
2026-04-29 06:03:30.252983,2026-04-29 06:03:30.252983,10.40199851989746
2026-04-29 06:03:30.451633,2026-04-29 06:03:30.451633,10.42372989654541
2026-04-29 06:03:30.653329,2026-04-29 06:03:30.653329,10.617982864379885
2026-04-29 06:03:30.852456,2026-04-29 06:03:30.852456,10.783098220825195
2026-04-29 06:03:31.052284,2026-04-29 06:03:31.052284,10.92344570159912
2026-04-29 06:03:31.251608,2026-04-29 06:03:31.251608,13.152116775512695
2026-04-29 06:03:31.455429,2026-04-29 06:03:31.455429,15.046486854553224
2026-04-29 06:03:31.651955,2026-04-29 06:03:31.651955,16.656700134277344
2026-04-29 06:03:31.852993,2026-04-29 06:03:31.852993,18.02538299560547
2026-04-29 06:03:32.051665,2026-04-29 06:03:32.051665,19.18876266479492
2026-04-29 06:03:32.260465,2026-04-29 06:03:32.260465,20.353418350219727
2026-04-29 06:03:32.451638,2026-04-29 06:03:32.451638,21.167593002319336
2026-04-29 06:03:32.651506,2026-04-29 06:03:32.651506,22.03542137145996
2026-04-29 06:03:32.852452,2026-04-29 06:03:32.852452,22.7730770111084
2026-04-29 06:03:33.061939,2026-04-29 06:03:33.061939,23.40008544921875
2026-04-29 06:03:33.251916,2026-04-29 06:03:33.251916,24.108821868896484
2026-04-29 06:03:33.452254,2026-04-29 06:03:33.452254,24.71124839782715
2026-04-29 06:03:33.651833,2026-04-29 06:03:33.651833,25.399093627929688
2026-04-29 06:03:33.854151,2026-04-29 06:03:33.854151,25.807979583740234
2026-04-29 06:03:34.052485,2026-04-29 06:03:34.052485,26.155532836914062
2026-04-29 06:03:34.251951,2026-04-29 06:03:34.251951,26.450952529907227
2026-04-29 06:03:34.452968,2026-04-29 06:03:34.452968,26.702058792114254
2026-04-29 06:03:34.655738,2026-04-29 06:03:34.655738,26.73971939086914
2026-04-29 06:03:34.853279,2026-04-29 06:03:34.853279,26.947511672973636
2026-04-29 06:03:35.052408,2026-04-29 06:03:35.052408,27.124134063720703
2026-04-29 06:03:35.253331,2026-04-29 06:03:35.253331,27.27426528930664
2026-04-29 06:03:35.452473,2026-04-29 06:03:35.452473,27.577655792236328
2026-04-29 06:03:48.552272,2026-04-29 06:03:48.552272,27.835538864135746
2026-04-29 06:03:48.757309,2026-04-29 06:03:48.757309,28.05473899841309
2026-04-29 06:03:48.951684,2026-04-29 06:03:48.951684,28.065279006958008
2026-04-29 06:03:49.152787,2026-04-29 06:03:49.152787,27.72267341613769
2026-04-29 06:03:49.352668,2026-04-29 06:03:49.352668,26.90411758422852
2026-04-29 06:03:49.563483,2026-04-29 06:03:49.563483,26.03256225585937
2026-04-29 06:03:49.755771,2026-04-29 06:03:49.755771,25.29174041748047
2026-04-29 06:03:49.953041,2026-04-29 06:03:49.953041,24.66204071044922
2026-04-29 06:03:50.154706,2026-04-29 06:03:50.154706,24.126798629760746
2026-04-29 06:03:50.351524,2026-04-29 06:03:50.351524,23.67184066772461
2026-04-29 06:03:50.551591,2026-04-29 06:03:50.551591,23.285127639770508
2026-04-29 06:03:50.751654,2026-04-29 06:03:50.751654,22.9564208984375
2026-04-29 06:03:50.956725,2026-04-29 06:03:50.956725,22.67701911926269
2026-04-29 06:03:51.163347,2026-04-29 06:03:51.163347,22.439529418945312
2026-04-29 06:03:51.352459,2026-04-29 06:03:51.352459,22.23766326904297
2026-04-29 06:03:51.552598,2026-04-29 06:03:51.552598,22.066076278686523
2026-04-29 06:03:51.752534,2026-04-29 06:03:51.752534,21.92022705078125
2026-04-29 06:03:51.952906,2026-04-29 06:03:51.952906,21.796255111694336
2026-04-29 06:03:52.151752,2026-04-29 06:03:52.151752,21.690879821777344
2026-04-29 06:03:52.351561,2026-04-29 06:03:52.351561,21.42552947998047
2026-04-29 06:03:52.552540,2026-04-29 06:03:52.552540,21.19997978210449
2026-04-29 06:03:52.751961,2026-04-29 06:03:52.751961,21.008264541625977
2026-04-29 06:03:52.952682,2026-04-29 06:03:52.952682,20.84530639648437
2026-04-29 06:03:53.152904,2026-04-29 06:03:53.152904,20.706790924072266
2026-04-29 06:03:53.352106,2026-04-29 06:03:53.352106,20.589054107666016
2026-04-29 06:03:53.563059,2026-04-29 06:03:53.563059,20.488977432250977
2026-04-29 06:03:53.753077,2026-04-29 06:03:53.753077,20.40391159057617
2026-04-29 06:03:53.954391,2026-04-29 06:03:53.954391,20.331605911254883
2026-04-29 06:03:54.154622,2026-04-29 06:03:54.154622,20.2701473236084
2026-04-29 06:03:54.354867,2026-04-29 06:03:54.354867,20.217905044555664
2026-04-29 06:03:54.553441,2026-04-29 06:03:54.553441,20.17350196838379
2026-04-29 06:03:54.752084,2026-04-29 06:03:54.752084,20.135757446289062
2026-04-29 06:03:54.965141,2026-04-29 06:03:54.965141,20.10367584228516
2026-04-29 06:03:55.155458,2026-04-29 06:03:55.155458,20.076404571533203
2026-04-29 06:03:55.352674,2026-04-29 06:03:55.352674,20.053224563598636
2026-04-29 06:03:55.554763,2026-04-29 06:03:55.554763,20.033523559570312
2026-04-29 06:03:55.763174,2026-04-29 06:03:55.763174,20.016775131225582
2026-04-29 06:03:55.956928,2026-04-29 06:03:55.956928,20.002540588378903
2026-04-29 06:03:56.154305,2026-04-29 06:03:56.154305,19.990440368652344
2026-04-29 06:03:56.362076,2026-04-29 06:03:56.362076,19.98015594482422
2026-04-29 06:03:56.553218,2026-04-29 06:03:56.553218,19.97141456604004
2026-04-29 06:03:56.765680,2026-04-29 06:03:56.765680,20.1397647857666
2026-04-29 06:03:56.962281,2026-04-29 06:03:56.962281,20.282861709594727
2026-04-29 06:03:57.152915,2026-04-29 06:03:57.152915,20.40449523925781
2026-04-29 06:03:57.364619,2026-04-29 06:03:57.364619,20.50788307189941
2026-04-29 06:03:57.562820,2026-04-29 06:03:57.562820,20.77154541015625
2026-04-29 06:03:57.753325,2026-04-29 06:03:57.753325,20.99565696716309
2026-04-29 06:03:57.953876,2026-04-29 06:03:57.953876,21.3619327545166
2026-04-29 06:03:58.161728,2026-04-29 06:03:58.161728,21.673267364501957
2026-04-29 06:03:58.362482,2026-04-29 06:03:58.362482,21.937902450561523
2026-04-29 06:03:58.553429,2026-04-29 06:03:58.553429,22.338623046875
2026-04-29 06:03:58.761941,2026-04-29 06:03:58.761941,22.855018615722656
2026-04-29 06:03:58.954646,2026-04-29 06:03:58.954646,23.11817169189453
2026-04-29 06:03:59.166314,2026-04-29 06:03:59.166314,23.34185218811035
2026-04-29 06:03:59.363365,2026-04-29 06:03:59.363365,23.531980514526367
2026-04-29 06:03:59.555385,2026-04-29 06:03:59.555385,23.69359016418457
2026-04-29 06:03:59.755706,2026-04-29 06:03:59.755706,23.830957412719727
2026-04-29 06:03:59.962114,2026-04-29 06:03:59.962114,23.94771957397461
2026-04-29 06:04:00.161831,2026-04-29 06:04:00.161831,24.046968460083008
2026-04-29 06:04:00.361622,2026-04-29 06:04:00.361622,24.131328582763672
2026-04-29 06:04:00.554506,2026-04-29 06:04:00.554506,24.203035354614254
2026-04-29 06:04:00.762933,2026-04-29 06:04:00.762933,24.43976783752441
2026-04-29 06:04:00.954049,2026-04-29 06:04:00.954049,24.4652099609375
2026-04-29 06:04:01.163111,2026-04-29 06:04:01.163111,24.48683357238769
2026-04-29 06:04:01.366157,2026-04-29 06:04:01.366157,24.50521469116211
2026-04-29 06:04:01.562389,2026-04-29 06:04:01.562389,24.52083969116211
2026-04-29 06:04:01.760195,2026-04-29 06:04:01.760195,24.53411865234375
2026-04-29 06:04:01.967207,2026-04-29 06:04:01.967207,24.545408248901367
2026-04-29 06:04:02.163555,2026-04-29 06:04:02.163555,24.55500221252441
2026-04-29 06:04:02.355086,2026-04-29 06:04:02.355086,24.56315803527832
2026-04-29 06:04:02.557375,2026-04-29 06:04:02.557375,24.570091247558597
2026-04-29 06:04:02.761993,2026-04-29 06:04:02.761993,24.40020179748535
2026-04-29 06:04:02.962394,2026-04-29 06:04:02.962394,24.43157768249512
2026-04-29 06:04:03.164424,2026-04-29 06:04:03.164424,24.28246688842773
2026-04-29 06:04:03.364052,2026-04-29 06:04:03.364052,24.15572166442871
2026-04-29 06:04:03.561810,2026-04-29 06:04:03.561810,24.04798889160156
2026-04-29 06:04:03.765710,2026-04-29 06:04:03.765710,24.1321964263916
2026-04-29 06:04:03.962194,2026-04-29 06:04:03.962194,24.02799224853516
2026-04-29 06:04:04.160200,2026-04-29 06:04:04.160200,23.93941879272461
2026-04-29 06:04:04.365592,2026-04-29 06:04:04.365592,23.8641300201416
2026-04-29 06:04:04.566571,2026-04-29 06:04:04.566571,23.80013656616211
2026-04-29 06:04:04.764592,2026-04-29 06:04:04.764592,23.74574089050293
2026-04-29 06:04:04.962251,2026-04-29 06:04:04.962251,23.52372360229492
2026-04-29 06:04:05.165507,2026-04-29 06:04:05.165507,23.33500862121582
2026-04-29 06:04:05.367260,2026-04-29 06:04:05.367260,23.17460060119629
2026-04-29 06:04:05.565411,2026-04-29 06:04:05.565411,22.862472534179688
2026-04-29 06:04:05.764235,2026-04-29 06:04:05.764235,22.59716415405273
2026-04-29 06:04:05.962388,2026-04-29 06:04:05.962388,22.37165260314941
2026-04-29 06:04:06.156581,2026-04-29 06:04:06.156581,22.179967880249023
2026-04-29 06:04:06.373676,2026-04-29 06:04:06.373676,22.01703453063965
2026-04-29 06:04:06.561991,2026-04-29 06:04:06.561991,21.878541946411133
2026-04-29 06:04:06.761942,2026-04-29 06:04:06.761942,21.760822296142575
2026-04-29 06:04:06.964580,2026-04-29 06:04:06.964580,21.660762786865234
2026-04-29 06:04:07.163472,2026-04-29 06:04:07.163472,21.39992904663086
2026-04-29 06:04:07.361721,2026-04-29 06:04:07.361721,21.178220748901367
2026-04-29 06:04:07.562012,2026-04-29 06:04:07.562012,20.989768981933597
2026-04-29 06:04:07.762265,2026-04-29 06:04:07.762265,20.6538028717041
2026-04-29 06:04:07.962130,2026-04-29 06:04:07.962130,20.36823272705078
2026-04-29 06:04:08.164921,2026-04-29 06:04:08.164921,20.125497817993164
2026-04-29 06:04:08.365259,2026-04-29 06:04:08.365259,19.919174194335938
2026-04-29 06:04:08.562443,2026-04-29 06:04:08.562443,19.743797302246094
2026-04-29 06:04:08.762413,2026-04-29 06:04:08.762413,19.594728469848636
2026-04-29 06:04:08.962787,2026-04-29 06:04:08.962787,19.468019485473636
2026-04-29 06:04:09.165757,2026-04-29 06:04:09.165757,19.360315322875977
2026-04-29 06:04:09.362289,2026-04-29 06:04:09.362289,19.092987060546875
2026-04-29 06:04:09.561580,2026-04-29 06:04:09.561580,18.86575698852539
2026-04-29 06:04:09.764998,2026-04-29 06:04:09.764998,18.6726131439209
2026-04-29 06:04:09.963928,2026-04-29 06:04:09.963928,18.508440017700195
2026-04-29 06:04:10.162595,2026-04-29 06:04:10.162595,18.36889266967773
2026-04-29 06:04:10.354787,2026-04-29 06:04:10.354787,18.25027656555176
2026-04-29 06:04:10.561853,2026-04-29 06:04:10.561853,18.14945411682129
2026-04-29 06:04:10.762270,2026-04-29 06:04:10.762270,18.06375503540039
2026-04-29 06:04:10.962278,2026-04-29 06:04:10.962278,17.99091148376465
2026-04-29 06:04:11.162138,2026-04-29 06:04:11.162138,17.928993225097656
2026-04-29 06:04:11.362116,2026-04-29 06:04:11.362116,17.700580596923828
2026-04-29 06:04:11.569519,2026-04-29 06:04:11.569519,17.506431579589844
2026-04-29 06:04:11.765924,2026-04-29 06:04:11.765924,17.34140396118164
2026-04-29 06:04:11.962195,2026-04-29 06:04:11.962195,17.20113182067871
2026-04-29 06:04:12.163410,2026-04-29 06:04:12.163410,17.081899642944336
2026-04-29 06:04:12.365195,2026-04-29 06:04:12.365195,16.98055076599121
2026-04-29 06:04:12.561982,2026-04-29 06:04:12.561982,16.894407272338867
2026-04-29 06:04:12.766863,2026-04-29 06:04:12.766863,16.821182250976562
2026-04-29 06:04:12.966802,2026-04-29 06:04:12.966802,16.758943557739258
2026-04-29 06:04:13.166038,2026-04-29 06:04:13.166038,16.706039428710938
2026-04-29 06:04:13.366705,2026-04-29 06:04:13.366705,16.661069869995117
2026-04-29 06:04:13.566464,2026-04-29 06:04:13.566464,16.622848510742188
2026-04-29 06:04:13.767975,2026-04-29 06:04:13.767975,16.59035873413086
2026-04-29 06:04:26.863432,2026-04-29 06:04:26.863432,16.562742233276367
2026-04-29 06:04:27.064393,2026-04-29 06:04:27.064393,16.539268493652344
2026-04-29 06:04:27.263148,2026-04-29 06:04:27.263148,16.519315719604492
2026-04-29 06:04:27.465239,2026-04-29 06:04:27.465239,16.502355575561523
2026-04-29 06:04:27.663695,2026-04-29 06:04:27.663695,16.312158584594727
2026-04-29 06:04:27.862134,2026-04-29 06:04:27.862134,16.32627296447754
2026-04-29 06:04:28.062524,2026-04-29 06:04:28.062524,16.162487030029297
2026-04-29 06:04:28.261994,2026-04-29 06:04:28.261994,16.023271560668945
2026-04-29 06:04:28.462048,2026-04-29 06:04:28.462048,16.080717086791992
2026-04-29 06:04:28.667110,2026-04-29 06:04:28.667110,15.953765869140623
2026-04-29 06:04:28.863761,2026-04-29 06:04:28.863761,15.845857620239258
2026-04-29 06:04:29.065449,2026-04-29 06:04:29.065449,15.754135131835938
2026-04-29 06:04:29.261827,2026-04-29 06:04:29.261827,15.67617130279541
2026-04-29 06:04:29.462705,2026-04-29 06:04:29.462705,15.609901428222656
2026-04-29 06:04:29.663504,2026-04-29 06:04:29.663504,15.55357265472412
2026-04-29 06:04:29.863789,2026-04-29 06:04:29.863789,15.505693435668944
2026-04-29 06:04:30.067185,2026-04-29 06:04:30.067185,15.464995384216309
2026-04-29 06:04:30.265276,2026-04-29 06:04:30.265276,15.430402755737305
2026-04-29 06:04:30.463094,2026-04-29 06:04:30.463094,15.40099811553955
2026-04-29 06:04:30.664357,2026-04-29 06:04:30.664357,15.376005172729492
2026-04-29 06:04:30.867069,2026-04-29 06:04:30.867069,15.17897891998291
2026-04-29 06:04:31.066584,2026-04-29 06:04:31.066584,15.011507034301758
2026-04-29 06:04:31.265066,2026-04-29 06:04:31.265066,14.869155883789062
2026-04-29 06:04:31.462003,2026-04-29 06:04:31.462003,14.923938751220703
2026-04-29 06:04:31.663213,2026-04-29 06:04:31.663213,14.970504760742188
2026-04-29 06:04:31.865696,2026-04-29 06:04:31.865696,15.010085105895996
2026-04-29 06:04:32.062004,2026-04-29 06:04:32.062004,15.219510078430176
2026-04-29 06:04:32.265529,2026-04-29 06:04:32.265529,15.221739768981934
2026-04-29 06:04:32.462965,2026-04-29 06:04:32.462965,15.223634719848633
2026-04-29 06:04:32.664002,2026-04-29 06:04:32.664002,15.225245475769045
2026-04-29 06:04:32.863281,2026-04-29 06:04:32.863281,15.226614952087402
2026-04-29 06:04:33.061892,2026-04-29 06:04:33.061892,15.227779388427734
2026-04-29 06:04:33.264017,2026-04-29 06:04:33.264017,15.228768348693848
2026-04-29 06:04:33.464260,2026-04-29 06:04:33.464260,15.229609489440918
2026-04-29 06:04:33.664019,2026-04-29 06:04:33.664019,15.230324745178224
2026-04-29 06:04:33.861847,2026-04-29 06:04:33.861847,15.230932235717772
2026-04-29 06:04:34.065909,2026-04-29 06:04:34.065909,15.23144817352295
2026-04-29 06:04:34.263901,2026-04-29 06:04:34.263901,15.231887817382812
2026-04-29 06:04:34.466472,2026-04-29 06:04:34.466472,15.232260704040527
2026-04-29 06:04:34.662877,2026-04-29 06:04:34.662877,15.232577323913574
2026-04-29 06:04:34.865260,2026-04-29 06:04:34.865260,15.232847213745115
2026-04-29 06:04:35.062193,2026-04-29 06:04:35.062193,15.233076095581056
2026-04-29 06:04:35.269307,2026-04-29 06:04:35.269307,15.409052848815918
2026-04-29 06:04:35.462890,2026-04-29 06:04:35.462890,15.558631896972656
2026-04-29 06:04:35.666372,2026-04-29 06:04:35.666372,15.68577480316162
2026-04-29 06:04:35.863065,2026-04-29 06:04:35.863065,15.793846130371094
2026-04-29 06:04:36.067346,2026-04-29 06:04:36.067346,15.885706901550291
2026-04-29 06:04:36.264197,2026-04-29 06:04:36.264197,15.963788032531738
2026-04-29 06:04:36.462357,2026-04-29 06:04:36.462357,16.2059383392334
2026-04-29 06:04:36.661981,2026-04-29 06:04:36.661981,16.411766052246094
2026-04-29 06:04:36.862298,2026-04-29 06:04:36.862298,16.410938262939453
2026-04-29 06:04:37.070410,2026-04-29 06:04:37.070410,16.410236358642578
2026-04-29 06:04:37.262348,2026-04-29 06:04:37.262348,16.409637451171875
2026-04-29 06:04:37.462071,2026-04-29 06:04:37.462071,16.409130096435547
2026-04-29 06:04:37.662283,2026-04-29 06:04:37.662283,16.5844783782959
2026-04-29 06:04:37.864545,2026-04-29 06:04:37.864545,16.7335262298584
2026-04-29 06:04:38.071747,2026-04-29 06:04:38.071747,16.68443489074707
2026-04-29 06:04:38.264366,2026-04-29 06:04:38.264366,16.6427059173584
2026-04-29 06:04:38.468815,2026-04-29 06:04:38.468815,16.60723876953125
2026-04-29 06:04:38.661668,2026-04-29 06:04:38.661668,16.577089309692383
2026-04-29 06:04:38.862304,2026-04-29 06:04:38.862304,16.551464080810547
2026-04-29 06:04:39.064807,2026-04-29 06:04:39.064807,16.529682159423828
2026-04-29 06:04:39.261724,2026-04-29 06:04:39.261724,16.511167526245117
2026-04-29 06:04:39.462535,2026-04-29 06:04:39.462535,16.49542999267578
2026-04-29 06:04:39.661532,2026-04-29 06:04:39.661532,16.482051849365234
2026-04-29 06:04:39.862335,2026-04-29 06:04:39.862335,16.47068214416504
2026-04-29 06:04:40.063846,2026-04-29 06:04:40.063846,16.461017608642578
2026-04-29 06:04:40.262403,2026-04-29 06:04:40.262403,16.452802658081055
2026-04-29 06:04:40.461523,2026-04-29 06:04:40.461523,16.445819854736328
2026-04-29 06:04:40.663003,2026-04-29 06:04:40.663003,16.615665435791016
2026-04-29 06:04:40.861617,2026-04-29 06:04:40.861617,16.760034561157227
2026-04-29 06:04:41.065203,2026-04-29 06:04:41.065203,16.882747650146484
2026-04-29 06:04:41.265310,2026-04-29 06:04:41.265310,16.9870548248291
2026-04-29 06:04:41.463705,2026-04-29 06:04:41.463705,17.075714111328125
2026-04-29 06:04:41.661835,2026-04-29 06:04:41.661835,17.151077270507812
2026-04-29 06:04:41.866838,2026-04-29 06:04:41.866838,17.215133666992188
2026-04-29 06:04:42.063169,2026-04-29 06:04:42.063169,17.269582748413086
2026-04-29 06:04:42.261649,2026-04-29 06:04:42.261649,17.31586456298828
2026-04-29 06:04:42.462200,2026-04-29 06:04:42.462200,17.35520362854004
2026-04-29 06:04:42.664681,2026-04-29 06:04:42.664681,17.388641357421875
2026-04-29 06:04:42.863944,2026-04-29 06:04:42.863944,17.241283416748047
2026-04-29 06:04:43.063151,2026-04-29 06:04:43.063151,17.11602783203125
2026-04-29 06:04:43.262526,2026-04-29 06:04:43.262526,16.83378028869629
2026-04-29 06:04:43.463281,2026-04-29 06:04:43.463281,16.769649505615234
2026-04-29 06:04:43.666667,2026-04-29 06:04:43.666667,16.715139389038086
2026-04-29 06:04:43.862074,2026-04-29 06:04:43.862074,16.668806076049805
2026-04-29 06:04:44.065894,2026-04-29 06:04:44.065894,16.629423141479492
2026-04-29 06:04:44.261617,2026-04-29 06:04:44.261617,16.595947265625
2026-04-29 06:04:44.462407,2026-04-29 06:04:44.462407,16.567493438720703
2026-04-29 06:04:44.663645,2026-04-29 06:04:44.663645,16.543306350708008
2026-04-29 06:04:44.862004,2026-04-29 06:04:44.862004,16.522747039794922
2026-04-29 06:04:45.062212,2026-04-29 06:04:45.062212,16.505273818969727
2026-04-29 06:04:45.266590,2026-04-29 06:04:45.266590,16.490419387817383
2026-04-29 06:04:45.462038,2026-04-29 06:04:45.462038,16.477794647216797
2026-04-29 06:04:45.664572,2026-04-29 06:04:45.664572,16.29128074645996
2026-04-29 06:04:45.862612,2026-04-29 06:04:45.862612,16.30852699279785
2026-04-29 06:04:46.065485,2026-04-29 06:04:46.065485,15.971622467041016
2026-04-29 06:04:46.267197,2026-04-29 06:04:46.267197,15.685254096984863
2026-04-29 06:04:46.466584,2026-04-29 06:04:46.466584,15.09027862548828
2026-04-29 06:04:46.662226,2026-04-29 06:04:46.662226,14.584548950195312
2026-04-29 06:04:46.863834,2026-04-29 06:04:46.863834,14.15467929840088
2026-04-29 06:04:47.062452,2026-04-29 06:04:47.062452,13.78929042816162
2026-04-29 06:04:47.266717,2026-04-29 06:04:47.266717,13.47870922088623
2026-04-29 06:04:47.462244,2026-04-29 06:04:47.462244,13.214715003967283
2026-04-29 06:04:47.664941,2026-04-29 06:04:47.664941,12.814538955688477
2026-04-29 06:04:47.862993,2026-04-29 06:04:47.862993,12.47438907623291
2026-04-29 06:04:48.065839,2026-04-29 06:04:48.065839,12.185262680053713
2026-04-29 06:04:48.264534,2026-04-29 06:04:48.264534,11.939504623413086
2026-04-29 06:04:48.464684,2026-04-29 06:04:48.464684,11.730609893798828
2026-04-29 06:04:48.665218,2026-04-29 06:04:48.665218,11.55305004119873
2026-04-29 06:04:48.864335,2026-04-29 06:04:48.864335,11.22634220123291
2026-04-29 06:04:49.062370,2026-04-29 06:04:49.062370,10.948640823364258
2026-04-29 06:04:49.265182,2026-04-29 06:04:49.265182,10.712594985961914
2026-04-29 06:04:49.467676,2026-04-29 06:04:49.467676,10.511955261230469
2026-04-29 06:04:49.665700,2026-04-29 06:04:49.665700,10.341412544250488
2026-04-29 06:04:49.862388,2026-04-29 06:04:49.862388,10.196450233459473
2026-04-29 06:04:50.065351,2026-04-29 06:04:50.065351,10.073232650756836
2026-04-29 06:04:50.264589,2026-04-29 06:04:50.264589,9.968498229980469
2026-04-29 06:04:50.467635,2026-04-29 06:04:50.467635,9.879472732543944
2026-04-29 06:04:50.662626,2026-04-29 06:04:50.662626,9.803802490234377
2026-04-29 06:04:50.863683,2026-04-29 06:04:50.863683,9.739481925964355
2026-04-29 06:04:51.065809,2026-04-29 06:04:51.065809,9.684809684753418
2026-04-29 06:04:51.267825,2026-04-29 06:04:51.267825,9.638338088989258
2026-04-29 06:04:51.466437,2026-04-29 06:04:51.466437,11.708212852478027
2026-04-29 06:04:51.663400,2026-04-29 06:04:51.663400,13.467605590820312
2026-04-29 06:04:51.864691,2026-04-29 06:04:51.864691,14.963089942932127
2026-04-29 06:04:52.064201,2026-04-29 06:04:52.064201,16.234251022338867
2026-04-29 06:05:05.162907,2026-04-29 06:05:05.162907,17.490520477294922
2026-04-29 06:05:05.362354,2026-04-29 06:05:05.362354,18.558347702026367
2026-04-29 06:05:05.561803,2026-04-29 06:05:05.561803,19.46600151062012
2026-04-29 06:05:05.764277,2026-04-29 06:05:05.764277,20.23750877380371
2026-04-29 06:05:05.963963,2026-04-29 06:05:05.963963,20.893287658691406
2026-04-29 06:05:06.165014,2026-04-29 06:05:06.165014,21.45070075988769
2026-04-29 06:05:06.365541,2026-04-29 06:05:06.365541,21.924501419067383
2026-04-29 06:05:06.565178,2026-04-29 06:05:06.565178,22.327232360839844
2026-04-29 06:05:06.764719,2026-04-29 06:05:06.764719,22.669553756713867
2026-04-29 06:05:06.964848,2026-04-29 06:05:06.964848,22.960527420043945
2026-04-29 06:05:07.163818,2026-04-29 06:05:07.163818,23.20785522460937
2026-04-29 06:05:07.363556,2026-04-29 06:05:07.363556,23.41808319091797
2026-04-29 06:05:07.571054,2026-04-29 06:05:07.571054,23.596776962280277
2026-04-29 06:05:07.764060,2026-04-29 06:05:07.764060,23.748666763305664
2026-04-29 06:05:07.964327,2026-04-29 06:05:07.964327,23.87777328491211
2026-04-29 06:05:08.166184,2026-04-29 06:05:08.166184,23.987512588500977
2026-04-29 06:05:08.363269,2026-04-29 06:05:08.363269,24.080791473388672
2026-04-29 06:05:08.565776,2026-04-29 06:05:08.565776,24.160079956054688
2026-04-29 06:05:08.764896,2026-04-29 06:05:08.764896,24.227474212646484
2026-04-29 06:05:08.965080,2026-04-29 06:05:08.965080,24.28475952148437
2026-04-29 06:05:09.168441,2026-04-29 06:05:09.168441,24.333452224731445
2026-04-29 06:05:09.363854,2026-04-29 06:05:09.363854,24.374839782714844
2026-04-29 06:05:09.565726,2026-04-29 06:05:09.565726,24.41002082824707
2026-04-29 06:05:09.766260,2026-04-29 06:05:09.766260,24.439924240112305
2026-04-29 06:05:09.973118,2026-04-29 06:05:09.973118,24.465341567993164
2026-04-29 06:05:10.171768,2026-04-29 06:05:10.171768,24.48694610595703
2026-04-29 06:05:10.362117,2026-04-29 06:05:10.362117,24.50531005859375
2026-04-29 06:05:10.565141,2026-04-29 06:05:10.565141,24.520919799804688
2026-04-29 06:05:10.765340,2026-04-29 06:05:10.765340,24.534189224243164
2026-04-29 06:05:10.964786,2026-04-29 06:05:10.964786,24.545467376708984
2026-04-29 06:05:11.164234,2026-04-29 06:05:11.164234,24.555051803588867
2026-04-29 06:05:11.369362,2026-04-29 06:05:11.369362,24.738983154296875
2026-04-29 06:05:11.564990,2026-04-29 06:05:11.564990,24.895322799682617
2026-04-29 06:05:11.771877,2026-04-29 06:05:11.771877,25.02821159362793
2026-04-29 06:05:11.972463,2026-04-29 06:05:11.972463,22.68022918701172
2026-04-29 06:05:12.172183,2026-04-29 06:05:12.172183,20.684444427490234
2026-04-29 06:05:12.375044,2026-04-29 06:05:12.375044,21.62474822998047
2026-04-29 06:05:12.575468,2026-04-29 06:05:12.575468,22.42400360107422
2026-04-29 06:05:12.779394,2026-04-29 06:05:12.779394,23.10337257385254
2026-04-29 06:05:12.972192,2026-04-29 06:05:12.972192,23.680835723876957
2026-04-29 06:05:13.162514,2026-04-29 06:05:13.162514,21.53495979309082
2026-04-29 06:05:13.362580,2026-04-29 06:05:13.362580,19.71096611022949
2026-04-29 06:05:13.572330,2026-04-29 06:05:13.572330,18.16057014465332
2026-04-29 06:05:13.773690,2026-04-29 06:05:13.773690,19.655235290527344
2026-04-29 06:05:13.971685,2026-04-29 06:05:13.971685,20.92569923400879
2026-04-29 06:05:14.173758,2026-04-29 06:05:14.173758,22.00559425354004
2026-04-29 06:05:14.376861,2026-04-29 06:05:14.376861,23.09928703308105
2026-04-29 06:05:14.566094,2026-04-29 06:05:14.566094,24.0289249420166
2026-04-29 06:05:14.776562,2026-04-29 06:05:14.776562,24.81911849975586
2026-04-29 06:05:14.962698,2026-04-29 06:05:14.962698,25.490781784057617
2026-04-29 06:05:15.163266,2026-04-29 06:05:15.163266,26.061695098876957
2026-04-29 06:05:15.362369,2026-04-29 06:05:15.362369,26.371191024780277
2026-04-29 06:05:15.563176,2026-04-29 06:05:15.563176,26.810043334960938
2026-04-29 06:05:15.761839,2026-04-29 06:05:15.761839,27.183069229125977
2026-04-29 06:05:15.963542,2026-04-29 06:05:15.963542,27.500139236450195
2026-04-29 06:05:16.161587,2026-04-29 06:05:16.161587,27.769649505615234
2026-04-29 06:05:16.372649,2026-04-29 06:05:16.372649,27.82295227050781
2026-04-29 06:05:16.565190,2026-04-29 06:05:16.565190,28.04404067993164
2026-04-29 06:05:16.773963,2026-04-29 06:05:16.773963,28.05618476867676
2026-04-29 06:05:16.966493,2026-04-29 06:05:16.966493,28.24228858947754
2026-04-29 06:05:17.162827,2026-04-29 06:05:17.162827,28.22469520568848
2026-04-29 06:05:17.365153,2026-04-29 06:05:17.365153,28.209741592407227
2026-04-29 06:05:17.573763,2026-04-29 06:05:17.573763,28.19702911376953
2026-04-29 06:05:17.774852,2026-04-29 06:05:17.774852,28.18622589111328
2026-04-29 06:05:17.962130,2026-04-29 06:05:17.962130,28.17704200744629
2026-04-29 06:05:18.176090,2026-04-29 06:05:18.176090,28.345016479492188
2026-04-29 06:05:18.373279,2026-04-29 06:05:18.373279,28.312013626098636
2026-04-29 06:05:18.574800,2026-04-29 06:05:18.574800,28.28396224975586
2026-04-29 06:05:18.773249,2026-04-29 06:05:18.773249,28.26011848449707
2026-04-29 06:05:18.972014,2026-04-29 06:05:18.972014,28.23984909057617
2026-04-29 06:05:19.169010,2026-04-29 06:05:19.169010,28.22262191772461
2026-04-29 06:05:19.372184,2026-04-29 06:05:19.372184,28.207979202270508
2026-04-29 06:05:19.575939,2026-04-29 06:05:19.575939,28.195531845092773
2026-04-29 06:05:19.776203,2026-04-29 06:05:19.776203,28.18495178222656
2026-04-29 06:05:19.962174,2026-04-29 06:05:19.962174,28.17595863342285
2026-04-29 06:05:20.164449,2026-04-29 06:05:20.164449,25.35581588745117
2026-04-29 06:05:20.374364,2026-04-29 06:05:20.374364,25.77119255065918
2026-04-29 06:05:20.564484,2026-04-29 06:05:20.564484,26.12426376342773
2026-04-29 06:05:20.774966,2026-04-29 06:05:20.774966,26.424375534057617
2026-04-29 06:05:20.977899,2026-04-29 06:05:20.977899,26.679468154907227
2026-04-29 06:05:21.174852,2026-04-29 06:05:21.174852,26.896297454833984
2026-04-29 06:05:21.377513,2026-04-29 06:05:21.377513,27.080602645874023
2026-04-29 06:05:21.574873,2026-04-29 06:05:21.574873,27.23726272583008
2026-04-29 06:05:21.762636,2026-04-29 06:05:21.762636,27.370424270629883
2026-04-29 06:05:21.962636,2026-04-29 06:05:21.962636,27.48361015319824
2026-04-29 06:05:22.177016,2026-04-29 06:05:22.177016,27.579818725585938
2026-04-29 06:05:22.376252,2026-04-29 06:05:22.376252,27.661596298217773
2026-04-29 06:05:22.574167,2026-04-29 06:05:22.574167,27.73110580444336
2026-04-29 06:05:22.774442,2026-04-29 06:05:22.774442,27.790189743041992
2026-04-29 06:05:22.971895,2026-04-29 06:05:22.971895,27.840412139892575
2026-04-29 06:05:23.173703,2026-04-29 06:05:23.173703,27.883100509643555
2026-04-29 06:05:23.373548,2026-04-29 06:05:23.373548,27.91938591003418
2026-04-29 06:05:23.562476,2026-04-29 06:05:23.562476,27.95022773742676
2026-04-29 06:05:23.774566,2026-04-29 06:05:23.774566,27.976442337036133
2026-04-29 06:05:23.973238,2026-04-29 06:05:23.973238,27.82294464111328
2026-04-29 06:05:24.162719,2026-04-29 06:05:24.162719,27.868253707885746
2026-04-29 06:05:24.381124,2026-04-29 06:05:24.381124,27.73098373413086
2026-04-29 06:05:24.573738,2026-04-29 06:05:24.573738,27.61430549621582
2026-04-29 06:05:24.774668,2026-04-29 06:05:24.774668,27.51512908935547
2026-04-29 06:05:24.972625,2026-04-29 06:05:24.972625,27.430828094482425
2026-04-29 06:05:25.173522,2026-04-29 06:05:25.173522,27.35917282104492
2026-04-29 06:05:25.366529,2026-04-29 06:05:25.366529,27.29826545715332
2026-04-29 06:05:25.573734,2026-04-29 06:05:25.573734,27.24649429321289
2026-04-29 06:05:25.772638,2026-04-29 06:05:25.772638,27.20248794555664
2026-04-29 06:05:25.973359,2026-04-29 06:05:25.973359,27.165084838867188
2026-04-29 06:05:26.169194,2026-04-29 06:05:26.169194,27.13329124450684
2026-04-29 06:05:26.378065,2026-04-29 06:05:26.378065,27.10626602172852
2026-04-29 06:05:26.576217,2026-04-29 06:05:26.576217,27.08329391479492
2026-04-29 06:05:26.775198,2026-04-29 06:05:26.775198,27.06376838684082
2026-04-29 06:05:26.976054,2026-04-29 06:05:26.976054,27.04717254638672
2026-04-29 06:05:27.173408,2026-04-29 06:05:27.173408,27.03306579589844
2026-04-29 06:05:27.374885,2026-04-29 06:05:27.374885,27.021074295043945
2026-04-29 06:05:27.561558,2026-04-29 06:05:27.561558,27.010881423950195
2026-04-29 06:05:27.766508,2026-04-29 06:05:27.766508,27.00221824645996
2026-04-29 06:05:27.972464,2026-04-29 06:05:27.972464,26.819072723388672
2026-04-29 06:05:28.173982,2026-04-29 06:05:28.173982,26.66339874267578
2026-04-29 06:05:28.376155,2026-04-29 06:05:28.376155,26.53107643127441
2026-04-29 06:05:28.579703,2026-04-29 06:05:28.579703,26.594385147094727
2026-04-29 06:05:28.774115,2026-04-29 06:05:28.774115,26.472414016723636
2026-04-29 06:05:28.976583,2026-04-29 06:05:28.976583,26.36874008178711
2026-04-29 06:05:29.174551,2026-04-29 06:05:29.174551,26.280616760253903
2026-04-29 06:05:29.377076,2026-04-29 06:05:29.377076,26.205711364746094
2026-04-29 06:05:29.571802,2026-04-29 06:05:29.571802,23.50532341003418
2026-04-29 06:05:29.775251,2026-04-29 06:05:29.775251,21.38577461242676
2026-04-29 06:05:29.972196,2026-04-29 06:05:29.972196,19.584157943725582
2026-04-29 06:05:30.177016,2026-04-29 06:05:30.177016,18.052783966064453
2026-04-29 06:05:30.374573,2026-04-29 06:05:30.374573,16.751117706298828
2026-04-29 06:05:43.474134,2026-04-29 06:05:43.474134,15.644699096679688
2026-04-29 06:05:43.673090,2026-04-29 06:05:43.673090,14.70424461364746
2026-04-29 06:05:43.871878,2026-04-29 06:05:43.871878,13.904857635498049
2026-04-29 06:05:44.073824,2026-04-29 06:05:44.073824,13.22537899017334
2026-04-29 06:05:44.271983,2026-04-29 06:05:44.271983,12.823603630065918
2026-04-29 06:05:44.474054,2026-04-29 06:05:44.474054,12.482094764709473
2026-04-29 06:05:44.671744,2026-04-29 06:05:44.671744,12.191811561584473
2026-04-29 06:05:44.877029,2026-04-29 06:05:44.877029,11.94507122039795
2026-04-29 06:05:45.075751,2026-04-29 06:05:45.075751,11.73534107208252
2026-04-29 06:05:45.272286,2026-04-29 06:05:45.272286,11.557071685791016
2026-04-29 06:05:45.472460,2026-04-29 06:05:45.472460,11.405542373657228
2026-04-29 06:05:45.673451,2026-04-29 06:05:45.673451,11.276741981506348
2026-04-29 06:05:45.872169,2026-04-29 06:05:45.872169,11.167262077331545
2026-04-29 06:05:46.072548,2026-04-29 06:05:46.072548,11.074203491210938
2026-04-29 06:05:46.274627,2026-04-29 06:05:46.274627,10.995104789733888
2026-04-29 06:05:46.472559,2026-04-29 06:05:46.472559,10.92786979675293
2026-04-29 06:05:46.672450,2026-04-29 06:05:46.672450,11.046502113342283
2026-04-29 06:05:46.872487,2026-04-29 06:05:46.872487,11.1473388671875
2026-04-29 06:05:47.072486,2026-04-29 06:05:47.072486,11.408832550048828
2026-04-29 06:05:47.272166,2026-04-29 06:05:47.272166,11.80688190460205
2026-04-29 06:05:47.477474,2026-04-29 06:05:47.477474,12.145224571228027
2026-04-29 06:05:47.672573,2026-04-29 06:05:47.672573,12.608597755432127
2026-04-29 06:05:47.872131,2026-04-29 06:05:47.872131,13.002464294433594
2026-04-29 06:05:48.078566,2026-04-29 06:05:48.078566,13.337250709533691
2026-04-29 06:05:48.271693,2026-04-29 06:05:48.271693,13.621819496154783
2026-04-29 06:05:48.469906,2026-04-29 06:05:48.469906,13.863702774047852
2026-04-29 06:05:48.672014,2026-04-29 06:05:48.672014,14.069303512573242
2026-04-29 06:05:48.872412,2026-04-29 06:05:48.872412,14.244064331054688
2026-04-29 06:05:49.073775,2026-04-29 06:05:49.073775,14.392610549926758
2026-04-29 06:05:49.272201,2026-04-29 06:05:49.272201,14.518875122070312
2026-04-29 06:05:49.471858,2026-04-29 06:05:49.471858,14.626200675964355
2026-04-29 06:05:49.672163,2026-04-29 06:05:49.672163,14.717426300048828
2026-04-29 06:05:49.872400,2026-04-29 06:05:49.872400,14.794968605041504
2026-04-29 06:05:50.072205,2026-04-29 06:05:50.072205,14.860879898071287
2026-04-29 06:05:50.274454,2026-04-29 06:05:50.274454,14.91690444946289
2026-04-29 06:05:50.474175,2026-04-29 06:05:50.474175,14.964524269104004
2026-04-29 06:05:50.673335,2026-04-29 06:05:50.673335,14.82922077178955
2026-04-29 06:05:50.874623,2026-04-29 06:05:50.874623,14.71421241760254
2026-04-29 06:05:51.074229,2026-04-29 06:05:51.074229,14.792237281799316
2026-04-29 06:05:51.272735,2026-04-29 06:05:51.272735,14.68277645111084
2026-04-29 06:05:51.472006,2026-04-29 06:05:51.472006,14.58973503112793
2026-04-29 06:05:51.672491,2026-04-29 06:05:51.672491,14.510649681091309
2026-04-29 06:05:51.872693,2026-04-29 06:05:51.872693,14.443427085876465
2026-04-29 06:05:52.078871,2026-04-29 06:05:52.078871,14.3862886428833
2026-04-29 06:05:52.275138,2026-04-29 06:05:52.275138,14.337719917297363
2026-04-29 06:05:52.472436,2026-04-29 06:05:52.472436,14.29643726348877
2026-04-29 06:05:52.672977,2026-04-29 06:05:52.672977,14.261346817016602
2026-04-29 06:05:52.871886,2026-04-29 06:05:52.871886,14.23151969909668
2026-04-29 06:05:53.073932,2026-04-29 06:05:53.073932,14.20616626739502
2026-04-29 06:05:53.273116,2026-04-29 06:05:53.273116,14.360398292541504
2026-04-29 06:05:53.473366,2026-04-29 06:05:53.473366,14.315712928771973
2026-04-29 06:05:53.672025,2026-04-29 06:05:53.672025,14.27773094177246
2026-04-29 06:05:53.873129,2026-04-29 06:05:53.873129,14.42122745513916
2026-04-29 06:05:54.071618,2026-04-29 06:05:54.071618,14.36741828918457
2026-04-29 06:05:54.273971,2026-04-29 06:05:54.273971,14.321681022644045
2026-04-29 06:05:54.474192,2026-04-29 06:05:54.474192,14.282803535461426
2026-04-29 06:05:54.671547,2026-04-29 06:05:54.671547,14.249757766723633
2026-04-29 06:05:54.872115,2026-04-29 06:05:54.872115,14.04588794708252
2026-04-29 06:05:55.072458,2026-04-29 06:05:55.072458,13.696817398071287
2026-04-29 06:05:55.274994,2026-04-29 06:05:55.274994,13.400107383728027
2026-04-29 06:05:55.473641,2026-04-29 06:05:55.473641,12.972122192382812
2026-04-29 06:05:55.674010,2026-04-29 06:05:55.674010,12.784116744995115
2026-04-29 06:05:55.873098,2026-04-29 06:05:55.873098,12.624311447143556
2026-04-29 06:05:56.074553,2026-04-29 06:05:56.074553,12.66425895690918
2026-04-29 06:05:56.272238,2026-04-29 06:05:56.272238,12.522432327270508
2026-04-29 06:05:56.472185,2026-04-29 06:05:56.472185,12.577661514282228
2026-04-29 06:05:56.679636,2026-04-29 06:05:56.679636,12.448824882507324
2026-04-29 06:05:56.874623,2026-04-29 06:05:56.874623,12.339313507080078
2026-04-29 06:05:57.074139,2026-04-29 06:05:57.074139,12.24622917175293
2026-04-29 06:05:57.277199,2026-04-29 06:05:57.277199,12.167106628417969
2026-04-29 06:05:57.474466,2026-04-29 06:05:57.474466,12.099853515625
2026-04-29 06:05:57.673766,2026-04-29 06:05:57.673766,12.042688369750977
2026-04-29 06:05:57.878383,2026-04-29 06:05:57.878383,11.994097709655762
2026-04-29 06:05:58.075062,2026-04-29 06:05:58.075062,11.952795028686523
2026-04-29 06:05:58.273098,2026-04-29 06:05:58.273098,11.917688369750977
2026-04-29 06:05:58.473511,2026-04-29 06:05:58.473511,11.887847900390623
2026-04-29 06:05:58.677502,2026-04-29 06:05:58.677502,12.038264274597168
2026-04-29 06:05:58.873667,2026-04-29 06:05:58.873667,11.990337371826172
2026-04-29 06:05:59.076053,2026-04-29 06:05:59.076053,11.949599266052246
2026-04-29 06:05:59.275425,2026-04-29 06:05:59.275425,11.914971351623535
2026-04-29 06:05:59.475969,2026-04-29 06:05:59.475969,11.885538101196287
2026-04-29 06:05:59.673692,2026-04-29 06:05:59.673692,11.860520362854004
2026-04-29 06:05:59.878374,2026-04-29 06:05:59.878374,11.83925437927246
2026-04-29 06:06:00.076360,2026-04-29 06:06:00.076360,11.996960639953612
2026-04-29 06:06:00.274359,2026-04-29 06:06:00.274359,12.131010055541992
2026-04-29 06:06:00.472309,2026-04-29 06:06:00.472309,12.244952201843262
2026-04-29 06:06:00.676099,2026-04-29 06:06:00.676099,12.517584800720217
2026-04-29 06:06:00.873867,2026-04-29 06:06:00.873867,12.749321937561035
2026-04-29 06:06:01.076557,2026-04-29 06:06:01.076557,12.946298599243164
2026-04-29 06:06:01.274592,2026-04-29 06:06:01.274592,13.113728523254396
2026-04-29 06:06:01.476942,2026-04-29 06:06:01.476942,13.256044387817385
2026-04-29 06:06:01.676470,2026-04-29 06:06:01.676470,13.377012252807615
2026-04-29 06:06:01.875535,2026-04-29 06:06:01.875535,13.304054260253906
2026-04-29 06:06:02.073179,2026-04-29 06:06:02.073179,13.242039680480955
2026-04-29 06:06:02.275166,2026-04-29 06:06:02.275166,13.18932819366455
2026-04-29 06:06:02.474865,2026-04-29 06:06:02.474865,13.144522666931152
2026-04-29 06:06:02.674369,2026-04-29 06:06:02.674369,13.106437683105469
2026-04-29 06:06:02.871939,2026-04-29 06:06:02.871939,13.074066162109377
2026-04-29 06:06:03.080324,2026-04-29 06:06:03.080324,13.046549797058104
2026-04-29 06:06:03.271660,2026-04-29 06:06:03.271660,13.023160934448242
2026-04-29 06:06:03.476645,2026-04-29 06:06:03.476645,12.827499389648438
2026-04-29 06:06:03.673148,2026-04-29 06:06:03.673148,12.661187171936035
2026-04-29 06:06:03.880595,2026-04-29 06:06:03.880595,12.519821166992188
2026-04-29 06:06:04.076073,2026-04-29 06:06:04.076073,12.39966106414795
2026-04-29 06:06:04.271688,2026-04-29 06:06:04.271688,12.473305702209473
2026-04-29 06:06:04.471716,2026-04-29 06:06:04.471716,12.360121726989746
2026-04-29 06:06:04.671623,2026-04-29 06:06:04.671623,12.263916015625
2026-04-29 06:06:04.874151,2026-04-29 06:06:04.874151,12.182141304016112
2026-04-29 06:06:05.072766,2026-04-29 06:06:05.072766,12.112632751464844
2026-04-29 06:06:05.271598,2026-04-29 06:06:05.271598,12.053549766540527
2026-04-29 06:06:05.472626,2026-04-29 06:06:05.472626,12.00333023071289
2026-04-29 06:06:05.672546,2026-04-29 06:06:05.672546,11.96064281463623
2026-04-29 06:06:05.873177,2026-04-29 06:06:05.873177,11.924359321594238
2026-04-29 06:06:06.073475,2026-04-29 06:06:06.073475,11.89351749420166
2026-04-29 06:06:06.280471,2026-04-29 06:06:06.280471,11.867302894592283
2026-04-29 06:06:06.476226,2026-04-29 06:06:06.476226,11.845019340515137
2026-04-29 06:06:06.674953,2026-04-29 06:06:06.674953,11.826079368591309
2026-04-29 06:06:06.872955,2026-04-29 06:06:06.872955,11.809979438781738
2026-04-29 06:06:07.076394,2026-04-29 06:06:07.076394,11.796295166015623
2026-04-29 06:06:07.271660,2026-04-29 06:06:07.271660,11.608881950378418
2026-04-29 06:06:07.472509,2026-04-29 06:06:07.472509,11.449581146240234
2026-04-29 06:06:07.671631,2026-04-29 06:06:07.671631,11.314175605773926
2026-04-29 06:06:07.875286,2026-04-29 06:06:07.875286,11.37486171722412
2026-04-29 06:06:08.072489,2026-04-29 06:06:08.072489,11.42644500732422
2026-04-29 06:06:08.273840,2026-04-29 06:06:08.273840,11.470290184020996
2026-04-29 06:06:08.474744,2026-04-29 06:06:08.474744,11.331778526306152
2026-04-29 06:06:08.672540,2026-04-29 06:06:08.672540,11.21404266357422
2026-04-29 06:06:21.772645,2026-04-29 06:06:21.772645,11.289749145507812
2026-04-29 06:06:21.974600,2026-04-29 06:06:21.974600,11.17831802368164
2026-04-29 06:06:22.177447,2026-04-29 06:06:22.177447,11.083600997924805
2026-04-29 06:06:22.375170,2026-04-29 06:06:22.375170,11.003092765808104
2026-04-29 06:06:22.575087,2026-04-29 06:06:22.575087,10.934659957885742
2026-04-29 06:06:22.775792,2026-04-29 06:06:22.775792,10.876492500305176
2026-04-29 06:06:22.972056,2026-04-29 06:06:22.972056,10.827049255371094
2026-04-29 06:06:23.172978,2026-04-29 06:06:23.172978,10.96080493927002
2026-04-29 06:06:23.372059,2026-04-29 06:06:23.372059,11.074496269226074
2026-04-29 06:06:23.573740,2026-04-29 06:06:23.573740,11.171133995056152
2026-04-29 06:06:23.775515,2026-04-29 06:06:23.775515,11.253276824951172
2026-04-29 06:06:23.974621,2026-04-29 06:06:23.974621,11.323098182678224
2026-04-29 06:06:24.175703,2026-04-29 06:06:24.175703,11.382445335388184
2026-04-29 06:06:24.373646,2026-04-29 06:06:24.373646,11.432890892028809
2026-04-29 06:06:24.576068,2026-04-29 06:06:24.576068,11.475769996643066
2026-04-29 06:06:24.771681,2026-04-29 06:06:24.771681,11.51221752166748
2026-04-29 06:06:24.975815,2026-04-29 06:06:24.975815,11.54319667816162
2026-04-29 06:06:25.172458,2026-04-29 06:06:25.172458,11.56952953338623
2026-04-29 06:06:25.373518,2026-04-29 06:06:25.373518,11.416131973266602
2026-04-29 06:06:25.571699,2026-04-29 06:06:25.571699,11.46152400970459
2026-04-29 06:06:25.774710,2026-04-29 06:06:25.774710,11.50010871887207
2026-04-29 06:06:25.971776,2026-04-29 06:06:25.971776,11.357123374938965
2026-04-29 06:06:26.177161,2026-04-29 06:06:26.177161,11.235586166381836
2026-04-29 06:06:26.372614,2026-04-29 06:06:26.372614,11.132279396057127
2026-04-29 06:06:26.572223,2026-04-29 06:06:26.572223,11.044468879699709
2026-04-29 06:06:26.771687,2026-04-29 06:06:26.771687,10.969829559326172
2026-04-29 06:06:26.972207,2026-04-29 06:06:26.972207,10.906386375427246
2026-04-29 06:06:27.174558,2026-04-29 06:06:27.174558,10.852459907531738
2026-04-29 06:06:27.372629,2026-04-29 06:06:27.372629,10.806622505187988
2026-04-29 06:06:27.573274,2026-04-29 06:06:27.573274,10.767660140991213
2026-04-29 06:06:27.773223,2026-04-29 06:06:27.773223,10.734541893005373
2026-04-29 06:06:27.975788,2026-04-29 06:06:27.975788,10.706392288208008
2026-04-29 06:06:28.173217,2026-04-29 06:06:28.173217,10.682464599609377
2026-04-29 06:06:28.374534,2026-04-29 06:06:28.374534,10.837907791137695
2026-04-29 06:06:28.572510,2026-04-29 06:06:28.572510,10.794252395629885
2026-04-29 06:06:28.774233,2026-04-29 06:06:28.774233,10.932927131652832
2026-04-29 06:06:28.975483,2026-04-29 06:06:28.975483,11.050800323486328
2026-04-29 06:06:29.171550,2026-04-29 06:06:29.171550,11.150993347167969
2026-04-29 06:06:29.372677,2026-04-29 06:06:29.372677,11.236156463623049
2026-04-29 06:06:29.572306,2026-04-29 06:06:29.572306,11.308545112609863
2026-04-29 06:06:29.772514,2026-04-29 06:06:29.772514,11.545857429504396
2026-04-29 06:06:29.972697,2026-04-29 06:06:29.972697,11.571791648864746
2026-04-29 06:06:30.174192,2026-04-29 06:06:30.174192,11.59383487701416
2026-04-29 06:06:30.371634,2026-04-29 06:06:30.371634,13.89772891998291
2026-04-29 06:06:30.576751,2026-04-29 06:06:30.576751,15.856038093566896
2026-04-29 06:06:30.771694,2026-04-29 06:06:30.771694,17.520601272583008
2026-04-29 06:06:30.973355,2026-04-29 06:06:30.973355,18.93548011779785
2026-04-29 06:06:31.174026,2026-04-29 06:06:31.174026,20.138126373291016
2026-04-29 06:06:31.372025,2026-04-29 06:06:31.372025,20.984594345092773
2026-04-29 06:06:31.572554,2026-04-29 06:06:31.572554,21.52831268310547
2026-04-29 06:06:31.773091,2026-04-29 06:06:31.773091,21.99047088623047
2026-04-29 06:06:31.973348,2026-04-29 06:06:31.973348,22.3833065032959
2026-04-29 06:06:32.172677,2026-04-29 06:06:32.172677,22.71721649169922
2026-04-29 06:06:32.375173,2026-04-29 06:06:32.375173,23.00104141235352
2026-04-29 06:06:32.574275,2026-04-29 06:06:32.574275,23.24229049682617
2026-04-29 06:06:32.772703,2026-04-29 06:06:32.772703,23.27157211303711
2026-04-29 06:06:32.973042,2026-04-29 06:06:32.973042,23.29646110534668
2026-04-29 06:06:33.174093,2026-04-29 06:06:33.174093,23.31761741638184
2026-04-29 06:06:33.373552,2026-04-29 06:06:33.373552,23.511381149291992
2026-04-29 06:06:33.571821,2026-04-29 06:06:33.571821,23.85186195373535
2026-04-29 06:06:33.773345,2026-04-29 06:06:33.773345,23.96548843383789
2026-04-29 06:06:33.973051,2026-04-29 06:06:33.973051,24.237852096557617
2026-04-29 06:06:34.174574,2026-04-29 06:06:34.174574,24.293581008911133
2026-04-29 06:06:34.373301,2026-04-29 06:06:34.373301,24.51673126220703
2026-04-29 06:06:34.575580,2026-04-29 06:06:34.575580,24.530628204345703
2026-04-29 06:06:34.775661,2026-04-29 06:06:34.775661,24.54244041442871
2026-04-29 06:06:34.972790,2026-04-29 06:06:34.972790,24.55248069763184
2026-04-29 06:06:35.175365,2026-04-29 06:06:35.175365,24.56101417541504
2026-04-29 06:06:35.376101,2026-04-29 06:06:35.376101,24.744049072265625
2026-04-29 06:06:35.573711,2026-04-29 06:06:35.573711,24.899629592895508
2026-04-29 06:06:35.772495,2026-04-29 06:06:35.772495,24.85609245300293
2026-04-29 06:06:35.975677,2026-04-29 06:06:35.975677,24.81908416748047
2026-04-29 06:06:36.173245,2026-04-29 06:06:36.173245,24.787628173828125
2026-04-29 06:06:36.373959,2026-04-29 06:06:36.373959,24.760889053344727
2026-04-29 06:06:36.572220,2026-04-29 06:06:36.572220,24.73816299438477
2026-04-29 06:06:36.773505,2026-04-29 06:06:36.773505,24.71884536743164
2026-04-29 06:06:36.974221,2026-04-29 06:06:36.974221,24.702423095703125
2026-04-29 06:06:37.172135,2026-04-29 06:06:37.172135,24.68846702575684
2026-04-29 06:06:37.373761,2026-04-29 06:06:37.373761,24.676603317260746
2026-04-29 06:06:37.573439,2026-04-29 06:06:37.573439,24.666519165039062
2026-04-29 06:06:37.776517,2026-04-29 06:06:37.776517,24.657947540283203
2026-04-29 06:06:37.976274,2026-04-29 06:06:37.976274,24.65066146850586
2026-04-29 06:06:38.174488,2026-04-29 06:06:38.174488,24.64446830749512
2026-04-29 06:06:38.375315,2026-04-29 06:06:38.375315,24.639204025268555
2026-04-29 06:06:38.574811,2026-04-29 06:06:38.574811,24.634729385375977
2026-04-29 06:06:38.774119,2026-04-29 06:06:38.774119,24.63092613220215
2026-04-29 06:06:38.981439,2026-04-29 06:06:38.981439,24.45191192626953
2026-04-29 06:06:39.175581,2026-04-29 06:06:39.175581,24.29975128173828
2026-04-29 06:06:39.380108,2026-04-29 06:06:39.380108,24.170413970947266
2026-04-29 06:06:39.575335,2026-04-29 06:06:39.575335,24.060476303100582
2026-04-29 06:06:39.774820,2026-04-29 06:06:39.774820,23.967029571533203
2026-04-29 06:06:39.973434,2026-04-29 06:06:39.973434,23.88759994506836
2026-04-29 06:06:40.176759,2026-04-29 06:06:40.176759,23.82008552551269
2026-04-29 06:06:40.378614,2026-04-29 06:06:40.378614,23.762697219848636
2026-04-29 06:06:40.572885,2026-04-29 06:06:40.572885,23.71391868591309
2026-04-29 06:06:40.774217,2026-04-29 06:06:40.774217,23.67245483398437
2026-04-29 06:06:40.974714,2026-04-29 06:06:40.974714,23.6372127532959
2026-04-29 06:06:41.174750,2026-04-29 06:06:41.174750,23.607255935668945
2026-04-29 06:06:41.379983,2026-04-29 06:06:41.379983,23.581790924072266
2026-04-29 06:06:41.580184,2026-04-29 06:06:41.580184,23.560148239135746
2026-04-29 06:06:41.774344,2026-04-29 06:06:41.774344,23.541749954223636
2026-04-29 06:06:41.978286,2026-04-29 06:06:41.978286,23.52611351013184
2026-04-29 06:06:42.172870,2026-04-29 06:06:42.172870,23.51282119750977
2026-04-29 06:06:42.371601,2026-04-29 06:06:42.371601,23.501523971557617
2026-04-29 06:06:42.572324,2026-04-29 06:06:42.572324,23.491920471191406
2026-04-29 06:06:42.780848,2026-04-29 06:06:42.780848,23.48375701904297
2026-04-29 06:06:42.973156,2026-04-29 06:06:42.973156,23.4768180847168
2026-04-29 06:06:43.175239,2026-04-29 06:06:43.175239,23.47092056274414
2026-04-29 06:06:43.373772,2026-04-29 06:06:43.373772,23.46590805053711
2026-04-29 06:06:43.574783,2026-04-29 06:06:43.574783,23.461647033691406
2026-04-29 06:06:43.773426,2026-04-29 06:06:43.773426,23.45802497863769
2026-04-29 06:06:43.975042,2026-04-29 06:06:43.975042,23.454946517944336
2026-04-29 06:06:44.174828,2026-04-29 06:06:44.174828,23.45232963562012
2026-04-29 06:06:44.372737,2026-04-29 06:06:44.372737,23.450103759765625
2026-04-29 06:06:44.572604,2026-04-29 06:06:44.572604,23.448213577270508
2026-04-29 06:06:44.773251,2026-04-29 06:06:44.773251,23.44660758972168
2026-04-29 06:06:44.973181,2026-04-29 06:06:44.973181,23.445240020751957
2026-04-29 06:06:45.171671,2026-04-29 06:06:45.171671,23.444080352783203
2026-04-29 06:06:45.374835,2026-04-29 06:06:45.374835,23.443092346191406
2026-04-29 06:06:45.572608,2026-04-29 06:06:45.572608,23.44225311279297
2026-04-29 06:06:45.773903,2026-04-29 06:06:45.773903,23.617321014404297
2026-04-29 06:06:45.974174,2026-04-29 06:06:45.974174,23.76613044738769
2026-04-29 06:06:46.172089,2026-04-29 06:06:46.172089,23.892616271972656
2026-04-29 06:06:46.374467,2026-04-29 06:06:46.374467,24.00012969970703
2026-04-29 06:06:46.572727,2026-04-29 06:06:46.572727,24.091516494750977
2026-04-29 06:06:46.772382,2026-04-29 06:06:46.772382,24.1691951751709
2026-04-29 06:06:46.973377,2026-04-29 06:06:46.973377,24.23522186279297
2026-04-29 06:07:00.073879,2026-04-29 06:07:00.073879,24.46712684631348
2026-04-29 06:07:00.273754,2026-04-29 06:07:00.273754,24.66424560546875
2026-04-29 06:07:00.473973,2026-04-29 06:07:00.473973,24.831796646118164
2026-04-29 06:07:00.674100,2026-04-29 06:07:00.674100,24.974214553833008
2026-04-29 06:07:00.874503,2026-04-29 06:07:00.874503,24.91948890686035
2026-04-29 06:07:01.075644,2026-04-29 06:07:01.075644,25.048751831054688
2026-04-29 06:07:01.272393,2026-04-29 06:07:01.272393,24.982845306396484
2026-04-29 06:07:01.474069,2026-04-29 06:07:01.474069,25.10260581970215
2026-04-29 06:07:01.675729,2026-04-29 06:07:01.675729,25.028621673583984
2026-04-29 06:07:01.871681,2026-04-29 06:07:01.871681,25.141515731811523
2026-04-29 06:07:02.073342,2026-04-29 06:07:02.073342,25.413257598876957
2026-04-29 06:07:02.272010,2026-04-29 06:07:02.272010,25.995800018310547
2026-04-29 06:07:02.476656,2026-04-29 06:07:02.476656,26.4909610748291
2026-04-29 06:07:02.673931,2026-04-29 06:07:02.673931,26.911848068237305
2026-04-29 06:07:02.875588,2026-04-29 06:07:02.875588,27.26960182189941
2026-04-29 06:07:03.075171,2026-04-29 06:07:03.075171,27.222129821777344
2026-04-29 06:07:03.273150,2026-04-29 06:07:03.273150,24.720842361450195
2026-04-29 06:07:03.477873,2026-04-29 06:07:03.477873,22.59474754333496
2026-04-29 06:07:03.671734,2026-04-29 06:07:03.671734,20.787567138671875
2026-04-29 06:07:03.873672,2026-04-29 06:07:03.873672,21.536619186401367
2026-04-29 06:07:04.076745,2026-04-29 06:07:04.076745,19.88815689086914
2026-04-29 06:07:04.276424,2026-04-29 06:07:04.276424,18.48696517944336
2026-04-29 06:07:04.471621,2026-04-29 06:07:04.471621,17.29595184326172
2026-04-29 06:07:04.673546,2026-04-29 06:07:04.673546,18.39296531677246
2026-04-29 06:07:04.875247,2026-04-29 06:07:04.875247,19.32542610168457
2026-04-29 06:07:05.074975,2026-04-29 06:07:05.074975,18.008644104003906
2026-04-29 06:07:05.273956,2026-04-29 06:07:05.273956,16.88937759399414
2026-04-29 06:07:05.478040,2026-04-29 06:07:05.478040,15.938002586364746
2026-04-29 06:07:05.671961,2026-04-29 06:07:05.671961,15.12933349609375
2026-04-29 06:07:05.871780,2026-04-29 06:07:05.871780,14.441965103149414
2026-04-29 06:07:06.073659,2026-04-29 06:07:06.073659,13.857701301574709
2026-04-29 06:07:06.271652,2026-04-29 06:07:06.271652,13.361077308654783
2026-04-29 06:07:06.472933,2026-04-29 06:07:06.472933,12.938946723937988
2026-04-29 06:07:06.672196,2026-04-29 06:07:06.672196,12.5801362991333
2026-04-29 06:07:06.872679,2026-04-29 06:07:06.872679,12.275147438049316
2026-04-29 06:07:07.081439,2026-04-29 06:07:07.081439,12.01590633392334
2026-04-29 06:07:07.271695,2026-04-29 06:07:07.271695,11.795551300048828
2026-04-29 06:07:07.472018,2026-04-29 06:07:07.472018,11.60824966430664
2026-04-29 06:07:07.671624,2026-04-29 06:07:07.671624,11.449044227600098
2026-04-29 06:07:07.872747,2026-04-29 06:07:07.872747,11.313718795776367
2026-04-29 06:07:08.071823,2026-04-29 06:07:08.071823,11.022911071777344
2026-04-29 06:07:08.276072,2026-04-29 06:07:08.276072,10.599943161010742
2026-04-29 06:07:08.473176,2026-04-29 06:07:08.473176,10.2404203414917
2026-04-29 06:07:08.676287,2026-04-29 06:07:08.676287,9.759044647216797
2026-04-29 06:07:08.872068,2026-04-29 06:07:08.872068,9.349875450134276
2026-04-29 06:07:09.075311,2026-04-29 06:07:09.075311,9.002081871032715
2026-04-29 06:07:09.271934,2026-04-29 06:07:09.271934,8.706457138061523
2026-04-29 06:07:09.472195,2026-04-29 06:07:09.472195,8.455175399780273
2026-04-29 06:07:09.672189,2026-04-29 06:07:09.672189,8.241586685180664
2026-04-29 06:07:09.872738,2026-04-29 06:07:09.872738,8.060036659240723
2026-04-29 06:07:10.073011,2026-04-29 06:07:10.073011,9.311968803405762
2026-04-29 06:07:10.272279,2026-04-29 06:07:10.272279,10.551892280578612
2026-04-29 06:07:10.473974,2026-04-29 06:07:10.473974,11.781608581542969
2026-04-29 06:07:10.672318,2026-04-29 06:07:10.672318,12.82686710357666
2026-04-29 06:07:10.872344,2026-04-29 06:07:10.872344,13.715336799621582
2026-04-29 06:07:11.072239,2026-04-29 06:07:11.072239,14.294754981994627
2026-04-29 06:07:11.272119,2026-04-29 06:07:11.272119,14.963042259216309
2026-04-29 06:07:11.474243,2026-04-29 06:07:11.474243,15.531085968017578
2026-04-29 06:07:11.673066,2026-04-29 06:07:11.673066,16.01392364501953
2026-04-29 06:07:11.874331,2026-04-29 06:07:11.874331,16.424333572387695
2026-04-29 06:07:12.073076,2026-04-29 06:07:12.073076,16.773183822631836
2026-04-29 06:07:12.271600,2026-04-29 06:07:12.271600,17.069705963134766
2026-04-29 06:07:12.472162,2026-04-29 06:07:12.472162,17.32175064086914
2026-04-29 06:07:12.672329,2026-04-29 06:07:12.672329,17.535987854003906
2026-04-29 06:07:12.876020,2026-04-29 06:07:12.876020,17.893871307373047
2026-04-29 06:07:13.072884,2026-04-29 06:07:13.072884,18.19807243347168
2026-04-29 06:07:13.274159,2026-04-29 06:07:13.274159,18.632423400878903
2026-04-29 06:07:13.472939,2026-04-29 06:07:13.472939,19.177404403686523
2026-04-29 06:07:13.675300,2026-04-29 06:07:13.675300,19.6406364440918
2026-04-29 06:07:13.873027,2026-04-29 06:07:13.873027,20.034385681152344
2026-04-29 06:07:14.072314,2026-04-29 06:07:14.072314,20.54485321044922
2026-04-29 06:07:14.272585,2026-04-29 06:07:14.272585,20.97875022888184
2026-04-29 06:07:14.473283,2026-04-29 06:07:14.473283,21.523344039916992
2026-04-29 06:07:14.673339,2026-04-29 06:07:14.673339,21.810466766357425
2026-04-29 06:07:14.874635,2026-04-29 06:07:14.874635,22.230302810668945
2026-04-29 06:07:15.072603,2026-04-29 06:07:15.072603,22.4113826751709
2026-04-29 06:07:15.274472,2026-04-29 06:07:15.274472,22.56529998779297
2026-04-29 06:07:15.472448,2026-04-29 06:07:15.472448,22.69613075256348
2026-04-29 06:07:15.672204,2026-04-29 06:07:15.672204,22.807334899902344
2026-04-29 06:07:15.872602,2026-04-29 06:07:15.872602,22.9018611907959
2026-04-29 06:07:16.075051,2026-04-29 06:07:16.075051,22.98220634460449
2026-04-29 06:07:16.276813,2026-04-29 06:07:16.276813,22.874719619750977
2026-04-29 06:07:16.472818,2026-04-29 06:07:16.472818,22.959136962890625
2026-04-29 06:07:16.673625,2026-04-29 06:07:16.673625,23.90979766845703
2026-04-29 06:07:16.872960,2026-04-29 06:07:16.872960,24.71785926818848
2026-04-29 06:07:17.077782,2026-04-29 06:07:17.077782,25.40471076965332
2026-04-29 06:07:17.272182,2026-04-29 06:07:17.272182,25.988534927368164
2026-04-29 06:07:17.471848,2026-04-29 06:07:17.471848,25.605880737304688
2026-04-29 06:07:17.673879,2026-04-29 06:07:17.673879,26.159528732299805
2026-04-29 06:07:17.874618,2026-04-29 06:07:17.874618,26.630130767822266
2026-04-29 06:07:18.072320,2026-04-29 06:07:18.072320,27.03014373779297
2026-04-29 06:07:18.272094,2026-04-29 06:07:18.272094,27.370153427124023
2026-04-29 06:07:18.476626,2026-04-29 06:07:18.476626,27.659160614013672
2026-04-29 06:07:18.671817,2026-04-29 06:07:18.671817,27.90481758117676
2026-04-29 06:07:18.872006,2026-04-29 06:07:18.872006,28.11362648010254
2026-04-29 06:07:19.073579,2026-04-29 06:07:19.073579,28.291114807128903
2026-04-29 06:07:19.272458,2026-04-29 06:07:19.272458,28.441978454589844
2026-04-29 06:07:19.473505,2026-04-29 06:07:19.473505,28.570213317871094
2026-04-29 06:07:19.672565,2026-04-29 06:07:19.672565,28.67921257019043
2026-04-29 06:07:19.871848,2026-04-29 06:07:19.871848,28.771862030029297
2026-04-29 06:07:20.072124,2026-04-29 06:07:20.072124,28.85061264038086
2026-04-29 06:07:20.272845,2026-04-29 06:07:20.272845,28.917552947998047
2026-04-29 06:07:20.472060,2026-04-29 06:07:20.472060,28.97445106506348
2026-04-29 06:07:20.671940,2026-04-29 06:07:20.671940,29.02281379699707
2026-04-29 06:07:20.876887,2026-04-29 06:07:20.876887,29.06392288208008
2026-04-29 06:07:21.075395,2026-04-29 06:07:21.075395,29.098865509033203
2026-04-29 06:07:21.276207,2026-04-29 06:07:21.276207,29.12856674194336
2026-04-29 06:07:21.478380,2026-04-29 06:07:21.478380,29.1538143157959
2026-04-29 06:07:21.674980,2026-04-29 06:07:21.674980,29.175273895263672
2026-04-29 06:07:21.875051,2026-04-29 06:07:21.875051,29.193513870239254
2026-04-29 06:07:22.075093,2026-04-29 06:07:22.075093,29.20901679992676
2026-04-29 06:07:22.276421,2026-04-29 06:07:22.276421,29.22219657897949
2026-04-29 06:07:22.472708,2026-04-29 06:07:22.472708,29.2333984375
2026-04-29 06:07:22.672090,2026-04-29 06:07:22.672090,29.242919921875
2026-04-29 06:07:22.873872,2026-04-29 06:07:22.873872,29.251012802124023
2026-04-29 06:07:23.074423,2026-04-29 06:07:23.074423,29.257892608642575
2026-04-29 06:07:23.271648,2026-04-29 06:07:23.271648,29.26374053955078
2026-04-29 06:07:23.478683,2026-04-29 06:07:23.478683,29.268709182739254
2026-04-29 06:07:23.674783,2026-04-29 06:07:23.674783,29.272933959960938
2026-04-29 06:07:23.880461,2026-04-29 06:07:23.880461,29.276525497436523
2026-04-29 06:07:24.079120,2026-04-29 06:07:24.079120,29.103796005249023
2026-04-29 06:07:24.274800,2026-04-29 06:07:24.274800,28.95697784423828
2026-04-29 06:07:24.476446,2026-04-29 06:07:24.476446,28.83218002319336
2026-04-29 06:07:24.676094,2026-04-29 06:07:24.676094,28.72610282897949
2026-04-29 06:07:24.877398,2026-04-29 06:07:24.877398,28.63593864440918
2026-04-29 06:07:25.072885,2026-04-29 06:07:25.072885,28.559297561645508
2026-04-29 06:07:25.273884,2026-04-29 06:07:25.273884,28.4941520690918
2026-04-29 06:07:38.371674,2026-04-29 06:07:38.371674,28.438779830932617
2026-04-29 06:07:38.573077,2026-04-29 06:07:38.573077,28.391712188720703
2026-04-29 06:07:38.772628,2026-04-29 06:07:38.772628,28.35170555114746
2026-04-29 06:07:38.972432,2026-04-29 06:07:38.972432,28.317699432373047
2026-04-29 06:07:39.176175,2026-04-29 06:07:39.176175,28.288795471191406
2026-04-29 06:07:39.374144,2026-04-29 06:07:39.374144,28.26422500610352
2026-04-29 06:07:39.574128,2026-04-29 06:07:39.574128,28.24334144592285
2026-04-29 06:07:39.771576,2026-04-29 06:07:39.771576,28.225589752197266
2026-04-29 06:07:39.974424,2026-04-29 06:07:39.974424,28.21050262451172
2026-04-29 06:07:40.175888,2026-04-29 06:07:40.175888,28.197677612304688
2026-04-29 06:07:40.373582,2026-04-29 06:07:40.373582,28.18677520751953
2026-04-29 06:07:40.574344,2026-04-29 06:07:40.574344,28.177509307861328
2026-04-29 06:07:40.775327,2026-04-29 06:07:40.775327,28.16963195800781
2026-04-29 06:07:40.972163,2026-04-29 06:07:40.972163,28.16293716430664
2026-04-29 06:07:41.174618,2026-04-29 06:07:41.174618,28.15724754333496
2026-04-29 06:07:41.379191,2026-04-29 06:07:41.379191,28.15241050720215
2026-04-29 06:07:41.575354,2026-04-29 06:07:41.575354,27.972517013549805
2026-04-29 06:07:41.772098,2026-04-29 06:07:41.772098,27.81960868835449
2026-04-29 06:07:41.976430,2026-04-29 06:07:41.976430,27.68963623046875
2026-04-29 06:07:42.173138,2026-04-29 06:07:42.173138,27.579158782958984
2026-04-29 06:07:42.374121,2026-04-29 06:07:42.374121,27.485254287719727
2026-04-29 06:07:42.572309,2026-04-29 06:07:42.572309,27.40543556213379
2026-04-29 06:07:42.772463,2026-04-29 06:07:42.772463,27.337587356567383
2026-04-29 06:07:42.979541,2026-04-29 06:07:42.979541,27.279918670654297
2026-04-29 06:07:43.173996,2026-04-29 06:07:43.173996,27.230899810791016
2026-04-29 06:07:43.374515,2026-04-29 06:07:43.374515,27.189233779907227
2026-04-29 06:07:43.571610,2026-04-29 06:07:43.571610,27.153818130493164
2026-04-29 06:07:43.774465,2026-04-29 06:07:43.774465,27.12371253967285
2026-04-29 06:07:43.981985,2026-04-29 06:07:43.981985,27.098125457763672
2026-04-29 06:07:44.173234,2026-04-29 06:07:44.173234,27.07637596130371
2026-04-29 06:07:44.374001,2026-04-29 06:07:44.374001,27.05788803100586
2026-04-29 06:07:44.577458,2026-04-29 06:07:44.577458,25.10857963562012
2026-04-29 06:07:44.773998,2026-04-29 06:07:44.773998,25.38526153564453
2026-04-29 06:07:44.973974,2026-04-29 06:07:44.973974,25.620441436767575
2026-04-29 06:07:45.172443,2026-04-29 06:07:45.172443,25.820343017578125
2026-04-29 06:07:45.377779,2026-04-29 06:07:45.377779,23.88088607788086
2026-04-29 06:07:45.575095,2026-04-29 06:07:45.575095,22.40812873840332
2026-04-29 06:07:45.775462,2026-04-29 06:07:45.775462,21.15628433227539
2026-04-29 06:07:45.974865,2026-04-29 06:07:45.974865,20.09221649169922
2026-04-29 06:07:46.174656,2026-04-29 06:07:46.174656,19.187759399414062
2026-04-29 06:07:46.375618,2026-04-29 06:07:46.375618,18.243188858032227
2026-04-29 06:07:46.573298,2026-04-29 06:07:46.573298,17.440303802490234
2026-04-29 06:07:46.774342,2026-04-29 06:07:46.774342,16.75785255432129
2026-04-29 06:07:46.976555,2026-04-29 06:07:46.976555,16.17776870727539
2026-04-29 06:07:47.172632,2026-04-29 06:07:47.172632,15.684697151184082
2026-04-29 06:07:47.376271,2026-04-29 06:07:47.376271,15.265585899353027
2026-04-29 06:07:47.571972,2026-04-29 06:07:47.571972,14.909341812133787
2026-04-29 06:07:47.772102,2026-04-29 06:07:47.772102,14.606534004211426
2026-04-29 06:07:47.971889,2026-04-29 06:07:47.971889,14.34914779663086
2026-04-29 06:07:48.171721,2026-04-29 06:07:48.171721,14.130369186401367
2026-04-29 06:07:48.372575,2026-04-29 06:07:48.372575,13.94440746307373
2026-04-29 06:07:48.576225,2026-04-29 06:07:48.576225,13.786340713500977
2026-04-29 06:07:48.772788,2026-04-29 06:07:48.772788,13.651983261108398
2026-04-29 06:07:48.978071,2026-04-29 06:07:48.978071,13.537779808044434
2026-04-29 06:07:49.174211,2026-04-29 06:07:49.174211,13.440706253051758
2026-04-29 06:07:49.373095,2026-04-29 06:07:49.373095,13.358194351196287
2026-04-29 06:07:49.573959,2026-04-29 06:07:49.573959,13.288058280944824
2026-04-29 06:07:49.773138,2026-04-29 06:07:49.773138,13.228443145751951
2026-04-29 06:07:49.971689,2026-04-29 06:07:49.971689,13.001989364624023
2026-04-29 06:07:50.172429,2026-04-29 06:07:50.172429,12.809503555297852
2026-04-29 06:07:50.371796,2026-04-29 06:07:50.371796,12.64589023590088
2026-04-29 06:07:50.575533,2026-04-29 06:07:50.575533,12.33103847503662
2026-04-29 06:07:50.772074,2026-04-29 06:07:50.772074,12.063413619995115
2026-04-29 06:07:50.972627,2026-04-29 06:07:50.972627,12.011713981628418
2026-04-29 06:07:51.172394,2026-04-29 06:07:51.172394,11.967769622802734
2026-04-29 06:07:51.378148,2026-04-29 06:07:51.378148,11.75463581085205
2026-04-29 06:07:51.573232,2026-04-29 06:07:51.573232,11.573471069335938
2026-04-29 06:07:51.774030,2026-04-29 06:07:51.774030,11.595263481140137
2026-04-29 06:07:51.972269,2026-04-29 06:07:51.972269,12.49269199371338
2026-04-29 06:07:52.175507,2026-04-29 06:07:52.175507,13.431288719177246
2026-04-29 06:07:52.377816,2026-04-29 06:07:52.377816,14.229095458984377
2026-04-29 06:07:52.573386,2026-04-29 06:07:52.573386,15.083012580871582
2026-04-29 06:07:52.771581,2026-04-29 06:07:52.771581,15.633060455322266
2026-04-29 06:07:52.974242,2026-04-29 06:07:52.974242,16.100601196289062
2026-04-29 06:07:53.172791,2026-04-29 06:07:53.172791,16.498010635375977
2026-04-29 06:07:53.372602,2026-04-29 06:07:53.372602,16.8358097076416
2026-04-29 06:07:53.572314,2026-04-29 06:07:53.572314,17.12293815612793
2026-04-29 06:07:53.772245,2026-04-29 06:07:53.772245,17.36699676513672
2026-04-29 06:07:53.974932,2026-04-29 06:07:53.974932,17.574447631835938
2026-04-29 06:07:54.173412,2026-04-29 06:07:54.173412,17.75078010559082
2026-04-29 06:07:54.372162,2026-04-29 06:07:54.372162,17.900663375854492
2026-04-29 06:07:54.572896,2026-04-29 06:07:54.572896,18.028064727783203
2026-04-29 06:07:54.773485,2026-04-29 06:07:54.773485,18.136354446411133
2026-04-29 06:07:54.973790,2026-04-29 06:07:54.973790,18.22840118408203
2026-04-29 06:07:55.172357,2026-04-29 06:07:55.172357,18.306640625
2026-04-29 06:07:55.373270,2026-04-29 06:07:55.373270,18.373144149780277
2026-04-29 06:07:55.572114,2026-04-29 06:07:55.572114,18.429672241210938
2026-04-29 06:07:55.771722,2026-04-29 06:07:55.771722,18.47772216796875
2026-04-29 06:07:55.972252,2026-04-29 06:07:55.972252,18.518564224243164
2026-04-29 06:07:56.177108,2026-04-29 06:07:56.177108,18.553279876708984
2026-04-29 06:07:56.375602,2026-04-29 06:07:56.375602,18.582786560058597
2026-04-29 06:07:56.573776,2026-04-29 06:07:56.573776,18.60787010192871
2026-04-29 06:07:56.774201,2026-04-29 06:07:56.774201,18.629188537597656
2026-04-29 06:07:56.971670,2026-04-29 06:07:56.971670,18.647310256958008
2026-04-29 06:07:57.174005,2026-04-29 06:07:57.174005,18.6627140045166
2026-04-29 06:07:57.373729,2026-04-29 06:07:57.373729,18.675806045532227
2026-04-29 06:07:57.574132,2026-04-29 06:07:57.574132,18.686935424804688
2026-04-29 06:07:57.772066,2026-04-29 06:07:57.772066,18.69639587402344
2026-04-29 06:07:57.974940,2026-04-29 06:07:57.974940,18.704435348510746
2026-04-29 06:07:58.176950,2026-04-29 06:07:58.176950,18.711271286010746
2026-04-29 06:07:58.375530,2026-04-29 06:07:58.375530,18.541297912597656
2026-04-29 06:07:58.574468,2026-04-29 06:07:58.574468,18.396821975708008
2026-04-29 06:07:58.776619,2026-04-29 06:07:58.776619,18.27401733398437
2026-04-29 06:07:58.975873,2026-04-29 06:07:58.975873,17.993852615356445
2026-04-29 06:07:59.172678,2026-04-29 06:07:59.172678,17.755712509155273
2026-04-29 06:07:59.373483,2026-04-29 06:07:59.373483,17.553293228149414
2026-04-29 06:07:59.575936,2026-04-29 06:07:59.575936,17.381237030029297
2026-04-29 06:07:59.772192,2026-04-29 06:07:59.772192,17.234989166259766
2026-04-29 06:07:59.979169,2026-04-29 06:07:59.979169,17.11067771911621
2026-04-29 06:08:00.178052,2026-04-29 06:08:00.178052,17.005014419555664
2026-04-29 06:08:00.373395,2026-04-29 06:08:00.373395,16.915199279785156
2026-04-29 06:08:00.574342,2026-04-29 06:08:00.574342,16.838857650756836
2026-04-29 06:08:00.778345,2026-04-29 06:08:00.778345,16.77396583557129
2026-04-29 06:08:00.974131,2026-04-29 06:08:00.974131,16.718809127807617
2026-04-29 06:08:01.175413,2026-04-29 06:08:01.175413,16.496143341064453
2026-04-29 06:08:01.372170,2026-04-29 06:08:01.372170,16.3068790435791
2026-04-29 06:08:01.574823,2026-04-29 06:08:01.574823,16.1460018157959
2026-04-29 06:08:01.775357,2026-04-29 06:08:01.775357,16.009258270263672
2026-04-29 06:08:01.974412,2026-04-29 06:08:01.974412,15.717245101928713
2026-04-29 06:08:02.171996,2026-04-29 06:08:02.171996,15.469033241271973
2026-04-29 06:08:02.372635,2026-04-29 06:08:02.372635,15.258052825927734
2026-04-29 06:08:02.575395,2026-04-29 06:08:02.575395,15.078720092773438
2026-04-29 06:08:02.774700,2026-04-29 06:08:02.774700,14.926286697387695
2026-04-29 06:08:02.972294,2026-04-29 06:08:02.972294,14.79671859741211
2026-04-29 06:08:03.174016,2026-04-29 06:08:03.174016,14.686586380004885
2026-04-29 06:08:03.374837,2026-04-29 06:08:03.374837,14.592973709106444
2026-04-29 06:08:03.575306,2026-04-29 06:08:03.575306,14.513401985168455
2026-04-29 06:08:16.673041,2026-04-29 06:08:16.673041,14.44576644897461
2026-04-29 06:08:16.871639,2026-04-29 06:08:16.871639,14.388277053833008
2026-04-29 06:08:17.072180,2026-04-29 06:08:17.072180,14.339410781860352
2026-04-29 06:08:17.271503,2026-04-29 06:08:17.271503,14.297873497009276
2026-04-29 06:08:17.471985,2026-04-29 06:08:17.471985,14.438348770141602
2026-04-29 06:08:17.672061,2026-04-29 06:08:17.672061,14.38197135925293
2026-04-29 06:08:17.874646,2026-04-29 06:08:17.874646,14.334051132202148
2026-04-29 06:08:18.073704,2026-04-29 06:08:18.073704,14.293317794799805
2026-04-29 06:08:18.271680,2026-04-29 06:08:18.271680,14.258695602416992
2026-04-29 06:08:18.473062,2026-04-29 06:08:18.473062,14.229266166687012
2026-04-29 06:08:18.678433,2026-04-29 06:08:18.678433,14.204251289367676
2026-04-29 06:08:18.871699,2026-04-29 06:08:18.871699,14.182988166809082
2026-04-29 06:08:19.071973,2026-04-29 06:08:19.071973,14.340696334838867
2026-04-29 06:08:19.271541,2026-04-29 06:08:19.271541,14.474748611450195
2026-04-29 06:08:19.473616,2026-04-29 06:08:19.473616,14.588692665100098
2026-04-29 06:08:19.673061,2026-04-29 06:08:19.673061,14.685544967651367
2026-04-29 06:08:19.872610,2026-04-29 06:08:19.872610,14.592087745666504
2026-04-29 06:08:20.073529,2026-04-29 06:08:20.073529,14.688430786132812
2026-04-29 06:08:20.274212,2026-04-29 06:08:20.274212,14.770322799682615
2026-04-29 06:08:20.474260,2026-04-29 06:08:20.474260,14.839930534362791
2026-04-29 06:08:20.675319,2026-04-29 06:08:20.675319,14.899097442626951
2026-04-29 06:08:20.876480,2026-04-29 06:08:20.876480,14.77360725402832
2026-04-29 06:08:21.073944,2026-04-29 06:08:21.073944,14.66694164276123
2026-04-29 06:08:21.281342,2026-04-29 06:08:21.281342,14.752056121826172
2026-04-29 06:08:21.475262,2026-04-29 06:08:21.475262,14.8244047164917
2026-04-29 06:08:21.681597,2026-04-29 06:08:21.681597,14.885899543762209
2026-04-29 06:08:21.875495,2026-04-29 06:08:21.875495,14.93817138671875
2026-04-29 06:08:22.073582,2026-04-29 06:08:22.073582,14.9826021194458
2026-04-29 06:08:22.273524,2026-04-29 06:08:22.273524,15.020367622375488
2026-04-29 06:08:22.475011,2026-04-29 06:08:22.475011,15.05246925354004
2026-04-29 06:08:22.675440,2026-04-29 06:08:22.675440,15.079754829406738
2026-04-29 06:08:22.872992,2026-04-29 06:08:22.872992,15.102948188781738
2026-04-29 06:08:23.078240,2026-04-29 06:08:23.078240,15.122661590576172
2026-04-29 06:08:23.272200,2026-04-29 06:08:23.272200,15.139418601989746
2026-04-29 06:08:23.473583,2026-04-29 06:08:23.473583,15.15366268157959
2026-04-29 06:08:23.674037,2026-04-29 06:08:23.674037,15.165769577026367
2026-04-29 06:08:23.877696,2026-04-29 06:08:23.877696,15.17605972290039
2026-04-29 06:08:24.076938,2026-04-29 06:08:24.076938,15.360588073730469
2026-04-29 06:08:24.277881,2026-04-29 06:08:24.277881,15.517437934875488
2026-04-29 06:08:24.471576,2026-04-29 06:08:24.471576,15.65075969696045
2026-04-29 06:08:24.677011,2026-04-29 06:08:24.677011,15.764082908630373
2026-04-29 06:08:24.875574,2026-04-29 06:08:24.875574,15.860407829284668
2026-04-29 06:08:25.074916,2026-04-29 06:08:25.074916,15.94228458404541
2026-04-29 06:08:25.271902,2026-04-29 06:08:25.271902,16.011878967285156
2026-04-29 06:08:25.474327,2026-04-29 06:08:25.474327,16.071035385131836
2026-04-29 06:08:25.672708,2026-04-29 06:08:25.672708,15.94553565979004
2026-04-29 06:08:25.873472,2026-04-29 06:08:25.873472,16.0146427154541
2026-04-29 06:08:26.072373,2026-04-29 06:08:26.072373,16.073383331298828
2026-04-29 06:08:26.274385,2026-04-29 06:08:26.274385,15.947532653808594
2026-04-29 06:08:26.473011,2026-04-29 06:08:26.473011,16.016340255737305
2026-04-29 06:08:26.677693,2026-04-29 06:08:26.677693,16.074827194213867
2026-04-29 06:08:26.874868,2026-04-29 06:08:26.874868,15.948759078979492
2026-04-29 06:08:27.072211,2026-04-29 06:08:27.072211,16.017383575439453
2026-04-29 06:08:27.271542,2026-04-29 06:08:27.271542,16.075712203979492
2026-04-29 06:08:27.472857,2026-04-29 06:08:27.472857,16.125293731689453
2026-04-29 06:08:27.675890,2026-04-29 06:08:27.675890,16.167436599731445
2026-04-29 06:08:27.874072,2026-04-29 06:08:27.874072,16.203258514404297
2026-04-29 06:08:28.073292,2026-04-29 06:08:28.073292,16.233707427978516
2026-04-29 06:08:28.272091,2026-04-29 06:08:28.272091,16.25958824157715
2026-04-29 06:08:28.472501,2026-04-29 06:08:28.472501,16.281587600708008
2026-04-29 06:08:28.672150,2026-04-29 06:08:28.672150,16.3002872467041
2026-04-29 06:08:28.871666,2026-04-29 06:08:28.871666,16.316181182861328
2026-04-29 06:08:29.078065,2026-04-29 06:08:29.078065,16.329692840576172
2026-04-29 06:08:29.273549,2026-04-29 06:08:29.273549,16.341175079345703
2026-04-29 06:08:29.473946,2026-04-29 06:08:29.473946,16.350936889648438
2026-04-29 06:08:29.672108,2026-04-29 06:08:29.672108,16.183452606201172
2026-04-29 06:08:29.872276,2026-04-29 06:08:29.872276,16.04109001159668
2026-04-29 06:08:30.072669,2026-04-29 06:08:30.072669,15.920083999633787
2026-04-29 06:08:30.271581,2026-04-29 06:08:30.271581,15.993008613586426
2026-04-29 06:08:30.473639,2026-04-29 06:08:30.473639,15.879213333129885
2026-04-29 06:08:30.671722,2026-04-29 06:08:30.671722,15.782487869262695
2026-04-29 06:08:30.874537,2026-04-29 06:08:30.874537,15.700270652770996
2026-04-29 06:08:31.073020,2026-04-29 06:08:31.073020,15.806167602539062
2026-04-29 06:08:31.271543,2026-04-29 06:08:31.271543,15.896180152893066
2026-04-29 06:08:31.473532,2026-04-29 06:08:31.473532,15.97269058227539
2026-04-29 06:08:31.671572,2026-04-29 06:08:31.671572,16.037723541259766
2026-04-29 06:08:31.871598,2026-04-29 06:08:31.871598,16.09300422668457
2026-04-29 06:08:32.071826,2026-04-29 06:08:32.071826,16.139989852905273
2026-04-29 06:08:32.272763,2026-04-29 06:08:32.272763,16.179929733276367
2026-04-29 06:08:32.472356,2026-04-29 06:08:32.472356,16.213876724243164
2026-04-29 06:08:32.674171,2026-04-29 06:08:32.674171,16.242733001708984
2026-04-29 06:08:32.874224,2026-04-29 06:08:32.874224,16.267261505126953
2026-04-29 06:08:33.072000,2026-04-29 06:08:33.072000,16.112327575683594
2026-04-29 06:08:33.271749,2026-04-29 06:08:33.271749,15.980634689331056
2026-04-29 06:08:33.477501,2026-04-29 06:08:33.477501,15.868696212768556
2026-04-29 06:08:33.671561,2026-04-29 06:08:33.671561,15.773548126220703
2026-04-29 06:08:33.872007,2026-04-29 06:08:33.872007,15.692671775817873
2026-04-29 06:08:34.073510,2026-04-29 06:08:34.073510,15.623927116394045
2026-04-29 06:08:34.272712,2026-04-29 06:08:34.272712,15.565494537353516
2026-04-29 06:08:34.472963,2026-04-29 06:08:34.472963,15.340044975280762
2026-04-29 06:08:34.672562,2026-04-29 06:08:34.672562,15.14841365814209
2026-04-29 06:08:34.872774,2026-04-29 06:08:34.872774,14.985526084899902
2026-04-29 06:08:35.071930,2026-04-29 06:08:35.071930,14.84707260131836
2026-04-29 06:08:35.273073,2026-04-29 06:08:35.273073,14.72938632965088
2026-04-29 06:08:35.472241,2026-04-29 06:08:35.472241,14.629353523254396
2026-04-29 06:08:35.676117,2026-04-29 06:08:35.676117,14.544325828552246
2026-04-29 06:08:35.874987,2026-04-29 06:08:35.874987,14.472051620483398
2026-04-29 06:08:36.072697,2026-04-29 06:08:36.072697,14.234837532043455
2026-04-29 06:08:36.282600,2026-04-29 06:08:36.282600,14.03320598602295
2026-04-29 06:08:36.472916,2026-04-29 06:08:36.472916,13.861818313598633
2026-04-29 06:08:36.674015,2026-04-29 06:08:36.674015,13.716139793395996
2026-04-29 06:08:36.872449,2026-04-29 06:08:36.872449,13.592312812805176
2026-04-29 06:08:37.073480,2026-04-29 06:08:37.073480,13.487059593200684
2026-04-29 06:08:37.271873,2026-04-29 06:08:37.271873,13.397594451904297
2026-04-29 06:08:37.474046,2026-04-29 06:08:37.474046,13.321548461914062
2026-04-29 06:08:37.672422,2026-04-29 06:08:37.672422,13.25691032409668
2026-04-29 06:08:37.875955,2026-04-29 06:08:37.875955,13.201967239379885
2026-04-29 06:08:38.071953,2026-04-29 06:08:38.071953,13.155265808105469
2026-04-29 06:08:38.273876,2026-04-29 06:08:38.273876,13.115570068359377
2026-04-29 06:08:38.475941,2026-04-29 06:08:38.475941,13.081828117370604
2026-04-29 06:08:38.672381,2026-04-29 06:08:38.672381,13.053147315979004
2026-04-29 06:08:38.873039,2026-04-29 06:08:38.873039,13.028769493103027
2026-04-29 06:08:39.074150,2026-04-29 06:08:39.074150,13.008048057556152
2026-04-29 06:08:39.275698,2026-04-29 06:08:39.275698,12.990434646606444
2026-04-29 06:08:39.475997,2026-04-29 06:08:39.475997,12.975462913513184
2026-04-29 06:08:39.673492,2026-04-29 06:08:39.673492,12.96273708343506
2026-04-29 06:08:39.876979,2026-04-29 06:08:39.876979,12.95192050933838
2026-04-29 06:08:40.071769,2026-04-29 06:08:40.071769,12.942726135253906
2026-04-29 06:08:40.274217,2026-04-29 06:08:40.274217,12.934910774230955
2026-04-29 06:08:40.476286,2026-04-29 06:08:40.476286,12.752487182617188
2026-04-29 06:08:40.676618,2026-04-29 06:08:40.676618,12.597426414489746
2026-04-29 06:08:40.872704,2026-04-29 06:08:40.872704,12.641406059265137
2026-04-29 06:08:41.076590,2026-04-29 06:08:41.076590,12.503007888793944
2026-04-29 06:08:41.272647,2026-04-29 06:08:41.272647,12.561150550842283
2026-04-29 06:08:41.478363,2026-04-29 06:08:41.478363,12.78635311126709
2026-04-29 06:08:41.675830,2026-04-29 06:08:41.675830,13.153555870056152
2026-04-29 06:08:41.876519,2026-04-29 06:08:41.876519,12.938335418701172
2026-04-29 06:08:54.972250,2026-04-29 06:08:54.972250,12.75539779663086
2026-04-29 06:08:55.171828,2026-04-29 06:08:55.171828,13.127243995666504
2026-04-29 06:08:55.372491,2026-04-29 06:08:55.372491,12.740188598632812
2026-04-29 06:08:55.571628,2026-04-29 06:08:55.571628,12.411191940307615
2026-04-29 06:08:55.773182,2026-04-29 06:08:55.773182,11.95576286315918
2026-04-29 06:08:55.971656,2026-04-29 06:08:55.971656,11.568648338317873
2026-04-29 06:08:56.171960,2026-04-29 06:08:56.171960,11.239601135253906
2026-04-29 06:08:56.373253,2026-04-29 06:08:56.373253,10.959911346435549
2026-04-29 06:08:56.572278,2026-04-29 06:08:56.572278,10.722174644470217
2026-04-29 06:08:56.772894,2026-04-29 06:08:56.772894,10.520097732543944
2026-04-29 06:08:56.975945,2026-04-29 06:08:56.975945,10.172552108764648
2026-04-29 06:08:57.175987,2026-04-29 06:08:57.175987,9.877138137817385
2026-04-29 06:08:57.376409,2026-04-29 06:08:57.376409,9.626035690307615
2026-04-29 06:08:57.573249,2026-04-29 06:08:57.573249,9.412599563598633
2026-04-29 06:08:57.771893,2026-04-29 06:08:57.771893,9.231178283691406
2026-04-29 06:08:57.971694,2026-04-29 06:08:57.971694,9.076970100402832
2026-04-29 06:08:58.173201,2026-04-29 06:08:58.173201,8.945893287658691
2026-04-29 06:08:58.373734,2026-04-29 06:08:58.373734,8.834478378295898
2026-04-29 06:08:58.572148,2026-04-29 06:08:58.572148,8.739775657653809
2026-04-29 06:08:58.776629,2026-04-29 06:08:58.776629,10.41709041595459
2026-04-29 06:08:58.973568,2026-04-29 06:08:58.973568,11.84280776977539
2026-04-29 06:08:59.176295,2026-04-29 06:08:59.176295,13.054668426513672
2026-04-29 06:08:59.372778,2026-04-29 06:08:59.372778,14.084749221801758
2026-04-29 06:08:59.572969,2026-04-29 06:08:59.572969,14.960317611694336
2026-04-29 06:08:59.773988,2026-04-29 06:08:59.773988,15.704551696777344
2026-04-29 06:08:59.975372,2026-04-29 06:08:59.975372,16.51293182373047
2026-04-29 06:09:00.174333,2026-04-29 06:09:00.174333,17.200054168701172
2026-04-29 06:09:00.374569,2026-04-29 06:09:00.374569,17.608327865600586
2026-04-29 06:09:00.577789,2026-04-29 06:09:00.577789,17.955358505249023
2026-04-29 06:09:00.771842,2026-04-29 06:09:00.771842,18.426118850708008
2026-04-29 06:09:00.973331,2026-04-29 06:09:00.973331,18.65048217773437
2026-04-29 06:09:01.173463,2026-04-29 06:09:01.173463,19.01697158813477
2026-04-29 06:09:01.374810,2026-04-29 06:09:01.374810,19.328489303588867
2026-04-29 06:09:01.575181,2026-04-29 06:09:01.575181,19.593276977539062
2026-04-29 06:09:01.773772,2026-04-29 06:09:01.773772,19.818347930908203
2026-04-29 06:09:01.974589,2026-04-29 06:09:01.974589,20.00965881347656
2026-04-29 06:09:02.175168,2026-04-29 06:09:02.175168,20.172271728515625
2026-04-29 06:09:02.373988,2026-04-29 06:09:02.373988,20.31049346923828
2026-04-29 06:09:02.575070,2026-04-29 06:09:02.575070,20.427982330322266
2026-04-29 06:09:02.777412,2026-04-29 06:09:02.777412,20.527847290039062
2026-04-29 06:09:02.975620,2026-04-29 06:09:02.975620,20.612733840942383
2026-04-29 06:09:03.181179,2026-04-29 06:09:03.181179,20.68488502502441
2026-04-29 06:09:03.373405,2026-04-29 06:09:03.373405,20.7462158203125
2026-04-29 06:09:03.574456,2026-04-29 06:09:03.574456,20.7983455657959
2026-04-29 06:09:03.775670,2026-04-29 06:09:03.775670,20.84265518188477
2026-04-29 06:09:03.974344,2026-04-29 06:09:03.974344,21.056100845336918
2026-04-29 06:09:04.173645,2026-04-29 06:09:04.173645,19.655498504638672
2026-04-29 06:09:04.375158,2026-04-29 06:09:04.375158,20.04701805114746
2026-04-29 06:09:04.575451,2026-04-29 06:09:04.575451,20.20402717590332
2026-04-29 06:09:04.773619,2026-04-29 06:09:04.773619,20.337486267089844
2026-04-29 06:09:04.971603,2026-04-29 06:09:04.971603,20.450925827026367
2026-04-29 06:09:05.174829,2026-04-29 06:09:05.174829,20.54734992980957
2026-04-29 06:09:05.375298,2026-04-29 06:09:05.375298,20.629308700561523
2026-04-29 06:09:05.572791,2026-04-29 06:09:05.572791,19.468505859375
2026-04-29 06:09:05.772155,2026-04-29 06:09:05.772155,18.48182487487793
2026-04-29 06:09:05.974744,2026-04-29 06:09:05.974744,17.643144607543945
2026-04-29 06:09:06.171548,2026-04-29 06:09:06.171548,16.930267333984375
2026-04-29 06:09:06.380578,2026-04-29 06:09:06.380578,16.32431983947754
2026-04-29 06:09:06.575643,2026-04-29 06:09:06.575643,15.809266090393066
2026-04-29 06:09:06.775074,2026-04-29 06:09:06.775074,15.195688247680664
2026-04-29 06:09:06.977235,2026-04-29 06:09:06.977235,14.849928855895996
2026-04-29 06:09:07.174154,2026-04-29 06:09:07.174154,14.55603313446045
2026-04-29 06:09:07.376568,2026-04-29 06:09:07.376568,14.306221961975098
2026-04-29 06:09:07.573276,2026-04-29 06:09:07.573276,14.09388256072998
2026-04-29 06:09:07.776501,2026-04-29 06:09:07.776501,13.9133939743042
2026-04-29 06:09:07.972183,2026-04-29 06:09:07.972183,13.58419704437256
2026-04-29 06:09:08.174620,2026-04-29 06:09:08.174620,13.304380416870115
2026-04-29 06:09:08.373253,2026-04-29 06:09:08.373253,13.066535949707031
2026-04-29 06:09:08.575191,2026-04-29 06:09:08.575191,12.864367485046388
2026-04-29 06:09:08.773788,2026-04-29 06:09:08.773788,12.692524909973145
2026-04-29 06:09:08.971904,2026-04-29 06:09:08.971904,12.370677947998049
2026-04-29 06:09:09.178304,2026-04-29 06:09:09.178304,12.27288818359375
2026-04-29 06:09:09.372256,2026-04-29 06:09:09.372256,12.189767837524414
2026-04-29 06:09:09.572200,2026-04-29 06:09:09.572200,12.119114875793455
2026-04-29 06:09:09.772230,2026-04-29 06:09:09.772230,12.059060096740724
2026-04-29 06:09:09.972129,2026-04-29 06:09:09.972129,14.117388725280762
2026-04-29 06:09:10.172226,2026-04-29 06:09:10.172226,15.866968154907228
2026-04-29 06:09:10.372558,2026-04-29 06:09:10.372558,17.354110717773438
2026-04-29 06:09:10.571692,2026-04-29 06:09:10.571692,18.61818122863769
2026-04-29 06:09:10.773277,2026-04-29 06:09:10.773277,17.407485961914062
2026-04-29 06:09:10.971682,2026-04-29 06:09:10.971682,16.378393173217773
2026-04-29 06:09:11.179607,2026-04-29 06:09:11.179607,15.503665924072266
2026-04-29 06:09:11.378155,2026-04-29 06:09:11.378155,14.760147094726562
2026-04-29 06:09:11.571891,2026-04-29 06:09:11.571891,14.128156661987305
2026-04-29 06:09:11.773458,2026-04-29 06:09:11.773458,13.590964317321776
2026-04-29 06:09:11.971692,2026-04-29 06:09:11.971692,13.134350776672363
2026-04-29 06:09:12.173313,2026-04-29 06:09:12.173313,12.57044792175293
2026-04-29 06:09:12.372466,2026-04-29 06:09:12.372466,12.091131210327148
2026-04-29 06:09:12.575983,2026-04-29 06:09:12.575983,11.683711051940918
2026-04-29 06:09:12.781482,2026-04-29 06:09:12.781482,11.337404251098633
2026-04-29 06:09:12.971994,2026-04-29 06:09:12.971994,11.043044090270996
2026-04-29 06:09:13.173766,2026-04-29 06:09:13.173766,10.792837142944336
2026-04-29 06:09:13.371562,2026-04-29 06:09:13.371562,10.580162048339844
2026-04-29 06:09:13.572488,2026-04-29 06:09:13.572488,10.57516860961914
2026-04-29 06:09:13.773713,2026-04-29 06:09:13.773713,10.570924758911133
2026-04-29 06:09:13.972879,2026-04-29 06:09:13.972879,10.567317008972168
2026-04-29 06:09:14.172258,2026-04-29 06:09:14.172258,10.564250946044922
2026-04-29 06:09:14.372108,2026-04-29 06:09:14.372108,10.737425804138184
2026-04-29 06:09:14.572864,2026-04-29 06:09:14.572864,10.884624481201172
2026-04-29 06:09:14.772423,2026-04-29 06:09:14.772423,11.185524940490724
2026-04-29 06:09:14.973759,2026-04-29 06:09:14.973759,11.617071151733398
2026-04-29 06:09:15.173498,2026-04-29 06:09:15.173498,11.983884811401367
2026-04-29 06:09:15.372763,2026-04-29 06:09:15.372763,12.295677185058594
2026-04-29 06:09:15.572347,2026-04-29 06:09:15.572347,12.73648166656494
2026-04-29 06:09:15.774026,2026-04-29 06:09:15.774026,13.111166000366213
2026-04-29 06:09:15.972108,2026-04-29 06:09:15.972108,13.429647445678713
2026-04-29 06:09:16.174390,2026-04-29 06:09:16.174390,14.051918983459473
2026-04-29 06:09:16.372028,2026-04-29 06:09:16.372028,14.405068397521973
2026-04-29 06:09:16.571795,2026-04-29 06:09:16.571795,14.705245971679688
2026-04-29 06:09:16.775651,2026-04-29 06:09:16.775651,14.960396766662598
2026-04-29 06:09:16.974514,2026-04-29 06:09:16.974514,15.001493453979492
2026-04-29 06:09:17.176345,2026-04-29 06:09:17.176345,15.212206840515137
2026-04-29 06:09:17.372180,2026-04-29 06:09:17.372180,15.391313552856444
2026-04-29 06:09:17.573827,2026-04-29 06:09:17.573827,15.543553352355955
2026-04-29 06:09:17.777569,2026-04-29 06:09:17.777569,15.497177124023438
2026-04-29 06:09:17.974781,2026-04-29 06:09:17.974781,15.457756996154783
2026-04-29 06:09:18.177104,2026-04-29 06:09:18.177104,15.600030899047852
2026-04-29 06:09:18.372016,2026-04-29 06:09:18.372016,15.72096347808838
2026-04-29 06:09:18.573028,2026-04-29 06:09:18.573028,15.823756217956545
2026-04-29 06:09:18.778876,2026-04-29 06:09:18.778876,15.735349655151367
2026-04-29 06:09:18.972287,2026-04-29 06:09:18.972287,15.835984230041504
2026-04-29 06:09:19.177435,2026-04-29 06:09:19.177435,15.921524047851562
2026-04-29 06:09:19.371641,2026-04-29 06:09:19.371641,15.818451881408691
2026-04-29 06:09:19.573128,2026-04-29 06:09:19.573128,15.906621932983398
2026-04-29 06:09:19.771528,2026-04-29 06:09:19.771528,15.981565475463867
2026-04-29 06:09:19.972780,2026-04-29 06:09:19.972780,16.045269012451172
2026-04-29 06:09:20.180472,2026-04-29 06:09:20.180472,16.099414825439453
2026-04-29 06:09:33.274045,2026-04-29 06:09:33.274045,16.14544105529785
2026-04-29 06:09:33.471870,2026-04-29 06:09:33.471870,16.18456268310547
2026-04-29 06:09:33.678713,2026-04-29 06:09:33.678713,16.217815399169922
2026-04-29 06:09:33.872429,2026-04-29 06:09:33.872429,16.42186164855957
2026-04-29 06:09:34.078427,2026-04-29 06:09:34.078427,16.419519424438477
2026-04-29 06:09:34.272331,2026-04-29 06:09:34.272331,16.417530059814453
2026-04-29 06:09:34.472088,2026-04-29 06:09:34.472088,16.41583824157715
2026-04-29 06:09:34.672405,2026-04-29 06:09:34.672405,16.414400100708008
2026-04-29 06:09:34.872349,2026-04-29 06:09:34.872349,16.237396240234375
2026-04-29 06:09:35.071776,2026-04-29 06:09:35.071776,15.735380172729492
2026-04-29 06:09:35.274414,2026-04-29 06:09:35.274414,15.308667182922363
2026-04-29 06:09:35.472045,2026-04-29 06:09:35.472045,14.770179748535156
2026-04-29 06:09:35.672080,2026-04-29 06:09:35.672080,14.312464714050291
2026-04-29 06:09:35.873039,2026-04-29 06:09:35.873039,13.923407554626465
2026-04-29 06:09:36.072736,2026-04-29 06:09:36.072736,13.592708587646484
2026-04-29 06:09:36.273234,2026-04-29 06:09:36.273234,13.135833740234377
2026-04-29 06:09:36.479358,2026-04-29 06:09:36.479358,12.92327117919922
2026-04-29 06:09:36.672765,2026-04-29 06:09:36.672765,12.566811561584473
2026-04-29 06:09:36.872507,2026-04-29 06:09:36.872507,12.439602851867676
2026-04-29 06:09:37.071725,2026-04-29 06:09:37.071725,12.15569305419922
2026-04-29 06:09:37.271707,2026-04-29 06:09:37.271707,12.0901517868042
2026-04-29 06:09:37.474306,2026-04-29 06:09:37.474306,12.034441947937012
2026-04-29 06:09:37.673027,2026-04-29 06:09:37.673027,11.987088203430176
2026-04-29 06:09:37.877970,2026-04-29 06:09:37.877970,11.771056175231934
2026-04-29 06:09:38.073513,2026-04-29 06:09:38.073513,11.76321029663086
2026-04-29 06:09:38.272604,2026-04-29 06:09:38.272604,11.75654125213623
2026-04-29 06:09:38.476222,2026-04-29 06:09:38.476222,11.575091361999512
2026-04-29 06:09:38.673734,2026-04-29 06:09:38.673734,11.420858383178713
2026-04-29 06:09:38.872669,2026-04-29 06:09:38.872669,11.289761543273926
2026-04-29 06:09:39.072747,2026-04-29 06:09:39.072747,11.17832851409912
2026-04-29 06:09:39.273896,2026-04-29 06:09:39.273896,11.083610534667969
2026-04-29 06:09:39.482032,2026-04-29 06:09:39.482032,11.003100395202637
2026-04-29 06:09:39.673918,2026-04-29 06:09:39.673918,10.934666633605955
2026-04-29 06:09:39.872831,2026-04-29 06:09:39.872831,10.876497268676758
2026-04-29 06:09:40.071632,2026-04-29 06:09:40.071632,10.827054023742676
2026-04-29 06:09:40.273166,2026-04-29 06:09:40.273166,10.785027503967283
2026-04-29 06:09:40.478133,2026-04-29 06:09:40.478133,10.74930477142334
2026-04-29 06:09:40.672072,2026-04-29 06:09:40.672072,10.718939781188965
2026-04-29 06:09:40.874765,2026-04-29 06:09:40.874765,10.693130493164062
2026-04-29 06:09:41.072141,2026-04-29 06:09:41.072141,10.671192169189451
2026-04-29 06:09:41.273508,2026-04-29 06:09:41.273508,10.652544021606444
2026-04-29 06:09:41.473365,2026-04-29 06:09:41.473365,10.636693954467772
2026-04-29 06:09:41.671979,2026-04-29 06:09:41.671979,10.623221397399902
2026-04-29 06:09:41.876975,2026-04-29 06:09:41.876975,10.611769676208496
2026-04-29 06:09:42.072129,2026-04-29 06:09:42.072129,10.602035522460938
2026-04-29 06:09:42.275450,2026-04-29 06:09:42.275450,10.593761444091797
2026-04-29 06:09:42.473152,2026-04-29 06:09:42.473152,10.5867280960083
2026-04-29 06:09:42.677800,2026-04-29 06:09:42.677800,10.580750465393066
2026-04-29 06:09:42.874163,2026-04-29 06:09:42.874163,10.575669288635254
2026-04-29 06:09:43.075131,2026-04-29 06:09:43.075131,10.57135009765625
2026-04-29 06:09:43.274611,2026-04-29 06:09:43.274611,10.567678451538086
2026-04-29 06:09:43.481814,2026-04-29 06:09:43.481814,10.740339279174805
2026-04-29 06:09:43.675796,2026-04-29 06:09:43.675796,10.71131992340088
2026-04-29 06:09:43.874098,2026-04-29 06:09:43.874098,10.686653137207031
2026-04-29 06:09:44.073787,2026-04-29 06:09:44.073787,10.66568660736084
2026-04-29 06:09:44.277087,2026-04-29 06:09:44.277087,10.64786434173584
2026-04-29 06:09:44.472031,2026-04-29 06:09:44.472031,10.632716178894045
2026-04-29 06:09:44.677537,2026-04-29 06:09:44.677537,10.619839668273926
2026-04-29 06:09:44.877184,2026-04-29 06:09:44.877184,10.608895301818848
2026-04-29 06:09:45.076036,2026-04-29 06:09:45.076036,10.599592208862305
2026-04-29 06:09:45.274538,2026-04-29 06:09:45.274538,10.591684341430664
2026-04-29 06:09:45.477793,2026-04-29 06:09:45.477793,10.760744094848633
2026-04-29 06:09:45.676926,2026-04-29 06:09:45.676926,10.72866439819336
2026-04-29 06:09:45.877514,2026-04-29 06:09:45.877514,10.701395988464355
2026-04-29 06:09:46.075922,2026-04-29 06:09:46.075922,10.678217887878418
2026-04-29 06:09:46.271851,2026-04-29 06:09:46.271851,10.65851593017578
2026-04-29 06:09:46.473019,2026-04-29 06:09:46.473019,12.575364112854004
2026-04-29 06:09:46.674096,2026-04-29 06:09:46.674096,14.204684257507324
2026-04-29 06:09:46.872002,2026-04-29 06:09:46.872002,15.589606285095217
2026-04-29 06:09:47.078634,2026-04-29 06:09:47.078634,16.76679039001465
2026-04-29 06:09:47.275434,2026-04-29 06:09:47.275434,17.767396926879883
2026-04-29 06:09:47.472432,2026-04-29 06:09:47.472432,16.50853729248047
2026-04-29 06:09:47.678518,2026-04-29 06:09:47.678518,15.438507080078123
2026-04-29 06:09:47.875488,2026-04-29 06:09:47.875488,14.52898120880127
2026-04-29 06:09:48.072619,2026-04-29 06:09:48.072619,13.75588321685791
2026-04-29 06:09:48.271795,2026-04-29 06:09:48.271795,13.098751068115234
2026-04-29 06:09:48.472788,2026-04-29 06:09:48.472788,12.540188789367676
2026-04-29 06:09:48.672492,2026-04-29 06:09:48.672492,12.065410614013672
2026-04-29 06:09:48.871535,2026-04-29 06:09:48.871535,11.48606777191162
2026-04-29 06:09:49.072541,2026-04-29 06:09:49.072541,10.99362564086914
2026-04-29 06:09:49.273043,2026-04-29 06:09:49.273043,13.387551307678224
2026-04-29 06:09:49.472800,2026-04-29 06:09:49.472800,15.24660587310791
2026-04-29 06:09:49.673649,2026-04-29 06:09:49.673649,16.82680320739746
2026-04-29 06:09:49.873815,2026-04-29 06:09:49.873815,18.16996955871582
2026-04-29 06:09:50.072123,2026-04-29 06:09:50.072123,19.48744201660156
2026-04-29 06:09:50.272974,2026-04-29 06:09:50.272974,20.607295989990234
2026-04-29 06:09:50.472407,2026-04-29 06:09:50.472407,21.55916976928711
2026-04-29 06:09:50.671642,2026-04-29 06:09:50.671642,22.368263244628903
2026-04-29 06:09:50.872235,2026-04-29 06:09:50.872235,23.055992126464844
2026-04-29 06:09:51.072684,2026-04-29 06:09:51.072684,23.64056205749512
2026-04-29 06:09:51.274404,2026-04-29 06:09:51.274404,24.13744735717773
2026-04-29 06:09:51.472805,2026-04-29 06:09:51.472805,24.559799194335938
2026-04-29 06:09:51.672457,2026-04-29 06:09:51.672457,25.09457778930664
2026-04-29 06:09:51.872048,2026-04-29 06:09:51.872048,25.54914093017578
2026-04-29 06:09:52.072255,2026-04-29 06:09:52.072255,25.93552017211914
2026-04-29 06:09:52.273428,2026-04-29 06:09:52.273428,26.26394271850586
2026-04-29 06:09:52.473955,2026-04-29 06:09:52.473955,26.543100357055664
2026-04-29 06:09:52.672221,2026-04-29 06:09:52.672221,26.780385971069336
2026-04-29 06:09:52.873883,2026-04-29 06:09:52.873883,26.982078552246094
2026-04-29 06:09:53.071899,2026-04-29 06:09:53.071899,27.15351676940918
2026-04-29 06:09:53.272243,2026-04-29 06:09:53.272243,27.29923820495605
2026-04-29 06:09:53.471950,2026-04-29 06:09:53.471950,27.42310333251953
2026-04-29 06:09:53.674030,2026-04-29 06:09:53.674030,27.35260581970215
2026-04-29 06:09:53.876325,2026-04-29 06:09:53.876325,27.29268455505371
2026-04-29 06:09:54.077520,2026-04-29 06:09:54.077520,27.24175071716309
2026-04-29 06:09:54.272545,2026-04-29 06:09:54.272545,27.198455810546875
2026-04-29 06:09:54.472054,2026-04-29 06:09:54.472054,27.161657333374023
2026-04-29 06:09:54.673679,2026-04-29 06:09:54.673679,27.1303768157959
2026-04-29 06:09:54.874156,2026-04-29 06:09:54.874156,27.10378837585449
2026-04-29 06:09:55.072101,2026-04-29 06:09:55.072101,27.08119010925293
2026-04-29 06:09:55.273120,2026-04-29 06:09:55.273120,26.88619804382324
2026-04-29 06:09:55.472326,2026-04-29 06:09:55.472326,24.786863327026367
2026-04-29 06:09:55.672123,2026-04-29 06:09:55.672123,23.002426147460938
2026-04-29 06:09:55.871848,2026-04-29 06:09:55.871848,21.48565673828125
2026-04-29 06:09:56.074061,2026-04-29 06:09:56.074061,20.196401596069336
2026-04-29 06:09:56.275272,2026-04-29 06:09:56.275272,19.100534439086918
2026-04-29 06:09:56.471627,2026-04-29 06:09:56.471627,18.16904830932617
2026-04-29 06:09:56.675675,2026-04-29 06:09:56.675675,17.37728500366211
2026-04-29 06:09:56.873294,2026-04-29 06:09:56.873294,16.880067825317383
2026-04-29 06:09:57.072836,2026-04-29 06:09:57.072836,16.28165054321289
2026-04-29 06:09:57.273788,2026-04-29 06:09:57.273788,15.77299690246582
2026-04-29 06:09:57.475082,2026-04-29 06:09:57.475082,15.340641021728516
2026-04-29 06:09:57.674637,2026-04-29 06:09:57.674637,14.797357559204102
2026-04-29 06:09:57.871582,2026-04-29 06:09:57.871582,14.511347770690918
2026-04-29 06:09:58.075681,2026-04-29 06:09:58.075681,14.44402027130127
2026-04-29 06:09:58.272915,2026-04-29 06:09:58.272915,14.211010932922363
2026-04-29 06:09:58.472097,2026-04-29 06:09:58.472097,14.012953758239746
2026-04-29 06:10:11.572223,2026-04-29 06:10:11.572223,13.6688232421875
2026-04-29 06:10:11.774594,2026-04-29 06:10:11.774594,13.376312255859377
2026-04-29 06:10:11.972139,2026-04-29 06:10:11.972139,13.303459167480469
2026-04-29 06:10:12.176514,2026-04-29 06:10:12.176514,13.065752983093262
2026-04-29 06:10:12.373300,2026-04-29 06:10:12.373300,13.039483070373535
2026-04-29 06:10:12.571939,2026-04-29 06:10:12.571939,13.017154693603516
2026-04-29 06:10:12.772699,2026-04-29 06:10:12.772699,13.173956871032717
2026-04-29 06:10:12.972214,2026-04-29 06:10:12.972214,13.13145637512207
2026-04-29 06:10:13.171777,2026-04-29 06:10:13.171777,13.271113395690918
2026-04-29 06:10:13.374533,2026-04-29 06:10:13.374533,13.21403980255127
2026-04-29 06:10:13.571831,2026-04-29 06:10:13.571831,13.16552734375
2026-04-29 06:10:13.771689,2026-04-29 06:10:13.771689,13.124292373657228
2026-04-29 06:10:13.971558,2026-04-29 06:10:13.971558,13.089241981506348
2026-04-29 06:10:14.171617,2026-04-29 06:10:14.171617,13.059449195861816
2026-04-29 06:10:14.371661,2026-04-29 06:10:14.371661,13.03412628173828
2026-04-29 06:10:14.572005,2026-04-29 06:10:14.572005,13.012600898742676
2026-04-29 06:10:14.772813,2026-04-29 06:10:14.772813,12.994304656982422
2026-04-29 06:10:14.972936,2026-04-29 06:10:14.972936,12.978752136230469
2026-04-29 06:10:15.175662,2026-04-29 06:10:15.175662,12.965533256530762
2026-04-29 06:10:15.372305,2026-04-29 06:10:15.372305,12.954297065734863
2026-04-29 06:10:15.571670,2026-04-29 06:10:15.571670,12.944746017456056
2026-04-29 06:10:15.777197,2026-04-29 06:10:15.777197,12.936628341674805
2026-04-29 06:10:15.971700,2026-04-29 06:10:15.971700,12.753946304321287
2026-04-29 06:10:16.173538,2026-04-29 06:10:16.173538,12.59866714477539
2026-04-29 06:10:16.373811,2026-04-29 06:10:16.373811,12.466679573059082
2026-04-29 06:10:16.571792,2026-04-29 06:10:16.571792,12.354490280151367
2026-04-29 06:10:16.772064,2026-04-29 06:10:16.772064,12.25912857055664
2026-04-29 06:10:16.971830,2026-04-29 06:10:16.971830,12.178071975708008
2026-04-29 06:10:17.172545,2026-04-29 06:10:17.172545,12.109173774719238
2026-04-29 06:10:17.374299,2026-04-29 06:10:17.374299,12.050610542297363
2026-04-29 06:10:17.571972,2026-04-29 06:10:17.571972,12.000831604003906
2026-04-29 06:10:17.772563,2026-04-29 06:10:17.772563,11.958518981933594
2026-04-29 06:10:17.972137,2026-04-29 06:10:17.972137,11.92255401611328
2026-04-29 06:10:18.172565,2026-04-29 06:10:18.172565,11.891983032226562
2026-04-29 06:10:18.371729,2026-04-29 06:10:18.371729,11.86599826812744
2026-04-29 06:10:18.571752,2026-04-29 06:10:18.571752,11.843911170959473
2026-04-29 06:10:18.773452,2026-04-29 06:10:18.773452,11.8251371383667
2026-04-29 06:10:18.978283,2026-04-29 06:10:18.978283,11.809178352355955
2026-04-29 06:10:19.174516,2026-04-29 06:10:19.174516,11.795614242553713
2026-04-29 06:10:19.376573,2026-04-29 06:10:19.376573,11.78408432006836
2026-04-29 06:10:19.576496,2026-04-29 06:10:19.576496,11.774284362792969
2026-04-29 06:10:19.772654,2026-04-29 06:10:19.772654,11.76595401763916
2026-04-29 06:10:19.976531,2026-04-29 06:10:19.976531,11.75887393951416
2026-04-29 06:10:20.172471,2026-04-29 06:10:20.172471,11.75285530090332
2026-04-29 06:10:20.374369,2026-04-29 06:10:20.374369,11.747739791870115
2026-04-29 06:10:20.574769,2026-04-29 06:10:20.574769,11.743391036987305
2026-04-29 06:10:20.772247,2026-04-29 06:10:20.772247,11.915475845336914
2026-04-29 06:10:20.974658,2026-04-29 06:10:20.974658,12.061748504638672
2026-04-29 06:10:21.174706,2026-04-29 06:10:21.174706,12.186079978942873
2026-04-29 06:10:21.374513,2026-04-29 06:10:21.374513,12.29176139831543
2026-04-29 06:10:21.574413,2026-04-29 06:10:21.574413,12.381590843200684
2026-04-29 06:10:21.773463,2026-04-29 06:10:21.773463,12.457945823669434
2026-04-29 06:10:21.975856,2026-04-29 06:10:21.975856,12.52284812927246
2026-04-29 06:10:22.173282,2026-04-29 06:10:22.173282,12.578014373779297
2026-04-29 06:10:22.374704,2026-04-29 06:10:22.374704,12.624906539916992
2026-04-29 06:10:22.574764,2026-04-29 06:10:22.574764,12.664764404296877
2026-04-29 06:10:22.775351,2026-04-29 06:10:22.775351,12.87442398071289
2026-04-29 06:10:22.974377,2026-04-29 06:10:22.974377,12.87685489654541
2026-04-29 06:10:23.173557,2026-04-29 06:10:23.173557,12.87891960144043
2026-04-29 06:10:23.374507,2026-04-29 06:10:23.374507,12.88067626953125
2026-04-29 06:10:23.572702,2026-04-29 06:10:23.572702,12.88216781616211
2026-04-29 06:10:23.775324,2026-04-29 06:10:23.775324,12.883437156677246
2026-04-29 06:10:23.975062,2026-04-29 06:10:23.975062,12.884514808654783
2026-04-29 06:10:24.172624,2026-04-29 06:10:24.172624,12.885431289672852
2026-04-29 06:10:24.374438,2026-04-29 06:10:24.374438,12.886210441589355
2026-04-29 06:10:24.574760,2026-04-29 06:10:24.574760,12.88687229156494
2026-04-29 06:10:24.775495,2026-04-29 06:10:24.775495,12.887435913085938
2026-04-29 06:10:24.984517,2026-04-29 06:10:24.984517,12.887913703918455
2026-04-29 06:10:25.173149,2026-04-29 06:10:25.173149,12.888320922851562
2026-04-29 06:10:25.375086,2026-04-29 06:10:25.375086,12.888666152954102
2026-04-29 06:10:25.574270,2026-04-29 06:10:25.574270,12.888959884643556
2026-04-29 06:10:25.773534,2026-04-29 06:10:25.773534,12.889209747314451
2026-04-29 06:10:25.983007,2026-04-29 06:10:25.983007,13.065203666687012
2026-04-29 06:10:26.181933,2026-04-29 06:10:26.181933,13.039016723632812
2026-04-29 06:10:26.375601,2026-04-29 06:10:26.375601,13.19253921508789
2026-04-29 06:10:26.574925,2026-04-29 06:10:26.574925,13.147252082824709
2026-04-29 06:10:26.774567,2026-04-29 06:10:26.774567,13.108757972717283
2026-04-29 06:10:26.974278,2026-04-29 06:10:26.974278,13.076038360595703
2026-04-29 06:10:27.173707,2026-04-29 06:10:27.173707,13.048226356506348
2026-04-29 06:10:27.373067,2026-04-29 06:10:27.373067,13.024585723876951
2026-04-29 06:10:27.573537,2026-04-29 06:10:27.573537,13.004491806030272
2026-04-29 06:10:27.772368,2026-04-29 06:10:27.772368,12.987411499023438
2026-04-29 06:10:27.972169,2026-04-29 06:10:27.972169,12.972893714904783
2026-04-29 06:10:28.177867,2026-04-29 06:10:28.177867,12.960553169250488
2026-04-29 06:10:28.371964,2026-04-29 06:10:28.371964,12.950063705444336
2026-04-29 06:10:28.575779,2026-04-29 06:10:28.575779,12.94114875793457
2026-04-29 06:10:28.773233,2026-04-29 06:10:28.773233,12.93356990814209
2026-04-29 06:10:28.975056,2026-04-29 06:10:28.975056,12.927127838134766
2026-04-29 06:10:29.173243,2026-04-29 06:10:29.173243,12.921652793884276
2026-04-29 06:10:29.381643,2026-04-29 06:10:29.381643,12.916998863220217
2026-04-29 06:10:29.574816,2026-04-29 06:10:29.574816,12.913042068481444
2026-04-29 06:10:29.772136,2026-04-29 06:10:29.772136,12.909679412841797
2026-04-29 06:10:29.973589,2026-04-29 06:10:29.973589,12.906821250915527
2026-04-29 06:10:30.183257,2026-04-29 06:10:30.183257,13.08017349243164
2026-04-29 06:10:30.372281,2026-04-29 06:10:30.372281,13.051740646362305
2026-04-29 06:10:30.573907,2026-04-29 06:10:30.573907,13.027573585510254
2026-04-29 06:10:30.774254,2026-04-29 06:10:30.774254,13.007031440734863
2026-04-29 06:10:30.976440,2026-04-29 06:10:30.976440,12.98957061767578
2026-04-29 06:10:31.172590,2026-04-29 06:10:31.172590,13.15050983428955
2026-04-29 06:10:31.373203,2026-04-29 06:10:31.373203,13.287308692932127
2026-04-29 06:10:31.572104,2026-04-29 06:10:31.572104,13.403587341308594
2026-04-29 06:10:31.779018,2026-04-29 06:10:31.779018,13.502424240112305
2026-04-29 06:10:31.973297,2026-04-29 06:10:31.973297,13.762216567993164
2026-04-29 06:10:32.172243,2026-04-29 06:10:32.172243,13.983040809631348
2026-04-29 06:10:32.372271,2026-04-29 06:10:32.372271,14.170741081237791
2026-04-29 06:10:32.572168,2026-04-29 06:10:32.572168,14.330286026000977
2026-04-29 06:10:32.771568,2026-04-29 06:10:32.771568,14.465899467468262
2026-04-29 06:10:32.978313,2026-04-29 06:10:32.978313,14.581170082092283
2026-04-29 06:10:33.173522,2026-04-29 06:10:33.173522,14.67915153503418
2026-04-29 06:10:33.376628,2026-04-29 06:10:33.376628,14.58665370941162
2026-04-29 06:10:33.571806,2026-04-29 06:10:33.571806,14.508030891418455
2026-04-29 06:10:33.788535,2026-04-29 06:10:33.788535,14.441201210021973
2026-04-29 06:10:33.972240,2026-04-29 06:10:33.972240,14.208614349365234
2026-04-29 06:10:34.174662,2026-04-29 06:10:34.174662,14.010915756225586
2026-04-29 06:10:34.372262,2026-04-29 06:10:34.372262,13.667091369628906
2026-04-29 06:10:34.572235,2026-04-29 06:10:34.572235,13.374839782714844
2026-04-29 06:10:34.772731,2026-04-29 06:10:34.772731,13.126426696777344
2026-04-29 06:10:34.976168,2026-04-29 06:10:34.976168,12.915274620056152
2026-04-29 06:10:35.172410,2026-04-29 06:10:35.172410,12.735795974731444
2026-04-29 06:10:35.374308,2026-04-29 06:10:35.374308,12.583239555358888
2026-04-29 06:10:35.571614,2026-04-29 06:10:35.571614,12.45356559753418
2026-04-29 06:10:35.774428,2026-04-29 06:10:35.774428,13.925374984741213
2026-04-29 06:10:35.971955,2026-04-29 06:10:35.971955,15.17641258239746
2026-04-29 06:10:36.174534,2026-04-29 06:10:36.174534,16.23979377746582
2026-04-29 06:10:36.373133,2026-04-29 06:10:36.373133,17.14366912841797
2026-04-29 06:10:36.573926,2026-04-29 06:10:36.573926,17.911962509155273
2026-04-29 06:10:36.784085,2026-04-29 06:10:36.784085,18.56501197814941
2026-04-29 06:10:49.881715,2026-04-29 06:10:49.881715,19.12010383605957
2026-04-29 06:10:50.081771,2026-04-29 06:10:50.081771,19.59193229675293
2026-04-29 06:10:50.281566,2026-04-29 06:10:50.281566,19.99298667907715
2026-04-29 06:10:50.481620,2026-04-29 06:10:50.481620,20.333881378173828
2026-04-29 06:10:50.683570,2026-04-29 06:10:50.683570,20.62364387512207
2026-04-29 06:10:50.883460,2026-04-29 06:10:50.883460,20.86993980407715
2026-04-29 06:10:51.083067,2026-04-29 06:10:51.083067,21.07929229736328
2026-04-29 06:10:51.282319,2026-04-29 06:10:51.282319,21.25724220275879
2026-04-29 06:10:51.482285,2026-04-29 06:10:51.482285,21.40850067138672
2026-04-29 06:10:51.684980,2026-04-29 06:10:51.684980,21.53706932067871
2026-04-29 06:10:51.884866,2026-04-29 06:10:51.884866,19.888540267944336
2026-04-29 06:10:52.085605,2026-04-29 06:10:52.085605,20.245101928710938
2026-04-29 06:10:52.281969,2026-04-29 06:10:52.281969,18.79036903381348
2026-04-29 06:10:52.482594,2026-04-29 06:10:52.482594,19.311656951904297
2026-04-29 06:10:52.684750,2026-04-29 06:10:52.684750,19.75475311279297
2026-04-29 06:10:52.885007,2026-04-29 06:10:52.885007,20.131383895874023
2026-04-29 06:10:53.087119,2026-04-29 06:10:53.087119,20.45151901245117
2026-04-29 06:10:53.286023,2026-04-29 06:10:53.286023,20.723634719848636
2026-04-29 06:10:53.482255,2026-04-29 06:10:53.482255,20.954933166503903
2026-04-29 06:10:53.681765,2026-04-29 06:10:53.681765,21.32731819152832
2026-04-29 06:10:53.888170,2026-04-29 06:10:53.888170,21.64384651184082
2026-04-29 06:10:54.083159,2026-04-29 06:10:54.083159,21.91289329528809
2026-04-29 06:10:54.281801,2026-04-29 06:10:54.281801,22.141584396362305
2026-04-29 06:10:54.481687,2026-04-29 06:10:54.481687,22.33597183227539
2026-04-29 06:10:54.682106,2026-04-29 06:10:54.682106,22.501201629638672
2026-04-29 06:10:54.883632,2026-04-29 06:10:54.883632,22.641645431518555
2026-04-29 06:10:55.084302,2026-04-29 06:10:55.084302,22.761024475097656
2026-04-29 06:10:55.283231,2026-04-29 06:10:55.283231,22.86249542236328
2026-04-29 06:10:55.482997,2026-04-29 06:10:55.482997,22.772964477539062
2026-04-29 06:10:55.685900,2026-04-29 06:10:55.685900,22.69686317443848
2026-04-29 06:10:55.884269,2026-04-29 06:10:55.884269,22.632177352905277
2026-04-29 06:10:56.085044,2026-04-29 06:10:56.085044,22.57719612121582
2026-04-29 06:10:56.285041,2026-04-29 06:10:56.285041,22.530460357666016
2026-04-29 06:10:56.483905,2026-04-29 06:10:56.483905,22.4907341003418
2026-04-29 06:10:56.686188,2026-04-29 06:10:56.686188,22.63274955749512
2026-04-29 06:10:56.884386,2026-04-29 06:10:56.884386,22.577680587768555
2026-04-29 06:10:57.082477,2026-04-29 06:10:57.082477,22.530872344970703
2026-04-29 06:10:57.282911,2026-04-29 06:10:57.282911,22.491085052490234
2026-04-29 06:10:57.484552,2026-04-29 06:10:57.484552,22.45726585388184
2026-04-29 06:10:57.682962,2026-04-29 06:10:57.682962,22.25273895263672
2026-04-29 06:10:57.884567,2026-04-29 06:10:57.884567,22.07888984680176
2026-04-29 06:10:58.083382,2026-04-29 06:10:58.083382,21.93111991882324
2026-04-29 06:10:58.282981,2026-04-29 06:10:58.282981,21.805513381958008
2026-04-29 06:10:58.483113,2026-04-29 06:10:58.483113,21.698749542236328
2026-04-29 06:10:58.683918,2026-04-29 06:10:58.683918,21.607999801635746
2026-04-29 06:10:58.872112,2026-04-29 06:10:58.872112,21.53086280822754
2026-04-29 06:10:59.084613,2026-04-29 06:10:59.084613,21.289514541625977
2026-04-29 06:10:59.285402,2026-04-29 06:10:59.285402,21.260149002075195
2026-04-29 06:10:59.487354,2026-04-29 06:10:59.487354,21.23518943786621
2026-04-29 06:10:59.682590,2026-04-29 06:10:59.682590,21.03819274902344
2026-04-29 06:10:59.883868,2026-04-29 06:10:59.883868,20.870744705200195
2026-04-29 06:11:00.081539,2026-04-29 06:11:00.081539,20.72841453552246
2026-04-29 06:11:00.282343,2026-04-29 06:11:00.282343,20.7832145690918
2026-04-29 06:11:00.484985,2026-04-29 06:11:00.484985,20.654014587402344
2026-04-29 06:11:00.688851,2026-04-29 06:11:00.688851,20.719974517822266
2026-04-29 06:11:00.883003,2026-04-29 06:11:00.883003,20.77604103088379
2026-04-29 06:11:01.082107,2026-04-29 06:11:01.082107,20.64791488647461
2026-04-29 06:11:01.287318,2026-04-29 06:11:01.287318,20.53900909423828
2026-04-29 06:11:01.481848,2026-04-29 06:11:01.481848,20.446439743041992
2026-04-29 06:11:01.682678,2026-04-29 06:11:01.682678,20.367753982543945
2026-04-29 06:11:01.883438,2026-04-29 06:11:01.883438,20.30087280273437
2026-04-29 06:11:02.076002,2026-04-29 06:11:02.076002,20.24402236938477
2026-04-29 06:11:02.282002,2026-04-29 06:11:02.282002,20.195701599121094
2026-04-29 06:11:02.482772,2026-04-29 06:11:02.482772,19.97884559631348
2026-04-29 06:11:02.674584,2026-04-29 06:11:02.674584,19.79451942443848
2026-04-29 06:11:02.881720,2026-04-29 06:11:02.881720,19.637840270996094
2026-04-29 06:11:03.086003,2026-04-29 06:11:03.086003,19.50466537475586
2026-04-29 06:11:03.284097,2026-04-29 06:11:03.284097,19.39146423339844
2026-04-29 06:11:03.482282,2026-04-29 06:11:03.482282,19.295246124267575
2026-04-29 06:11:03.682962,2026-04-29 06:11:03.682962,19.213459014892575
2026-04-29 06:11:03.884404,2026-04-29 06:11:03.884404,19.143939971923828
2026-04-29 06:11:04.082182,2026-04-29 06:11:04.082182,19.084848403930664
2026-04-29 06:11:04.282531,2026-04-29 06:11:04.282531,19.03462219238281
2026-04-29 06:11:04.485126,2026-04-29 06:11:04.485126,18.991928100585938
2026-04-29 06:11:04.686505,2026-04-29 06:11:04.686505,18.955638885498047
2026-04-29 06:11:04.872453,2026-04-29 06:11:04.872453,18.924793243408203
2026-04-29 06:11:05.081542,2026-04-29 06:11:05.081542,18.72279357910156
2026-04-29 06:11:05.281668,2026-04-29 06:11:05.281668,18.37531089782715
2026-04-29 06:11:05.484298,2026-04-29 06:11:05.484298,17.728389739990234
2026-04-29 06:11:05.683443,2026-04-29 06:11:05.683443,17.53006935119629
2026-04-29 06:11:05.883191,2026-04-29 06:11:05.883191,16.658370971679688
2026-04-29 06:11:06.081583,2026-04-29 06:11:06.081583,15.917428016662598
2026-04-29 06:11:06.290586,2026-04-29 06:11:06.290586,16.342313766479492
2026-04-29 06:11:06.482353,2026-04-29 06:11:06.482353,15.472997665405272
2026-04-29 06:11:06.681786,2026-04-29 06:11:06.681786,14.734079360961914
2026-04-29 06:11:06.886744,2026-04-29 06:11:06.886744,14.105998992919922
2026-04-29 06:11:07.084215,2026-04-29 06:11:07.084215,13.57213020324707
2026-04-29 06:11:07.282304,2026-04-29 06:11:07.282304,13.118342399597168
2026-04-29 06:11:07.483926,2026-04-29 06:11:07.483926,12.732622146606444
2026-04-29 06:11:07.672818,2026-04-29 06:11:07.672818,12.228978157043455
2026-04-29 06:11:07.882297,2026-04-29 06:11:07.882297,11.800881385803224
2026-04-29 06:11:08.081773,2026-04-29 06:11:08.081773,11.436999320983888
2026-04-29 06:11:08.281565,2026-04-29 06:11:08.281565,11.127699851989746
2026-04-29 06:11:08.473464,2026-04-29 06:11:08.473464,10.864794731140137
2026-04-29 06:11:08.683797,2026-04-29 06:11:08.683797,10.641324996948242
2026-04-29 06:11:08.882308,2026-04-29 06:11:08.882308,10.451376914978027
2026-04-29 06:11:09.085537,2026-04-29 06:11:09.085537,10.28991985321045
2026-04-29 06:11:09.286983,2026-04-29 06:11:09.286983,10.152682304382324
2026-04-29 06:11:09.472363,2026-04-29 06:11:09.472363,10.036029815673828
2026-04-29 06:11:09.682167,2026-04-29 06:11:09.682167,9.936875343322754
2026-04-29 06:11:09.884779,2026-04-29 06:11:09.884779,9.852594375610352
2026-04-29 06:11:10.082836,2026-04-29 06:11:10.082836,9.78095531463623
2026-04-29 06:11:10.273292,2026-04-29 06:11:10.273292,11.47787380218506
2026-04-29 06:11:10.483787,2026-04-29 06:11:10.483787,12.920255661010742
2026-04-29 06:11:10.684172,2026-04-29 06:11:10.684172,14.146279335021973
2026-04-29 06:11:10.882885,2026-04-29 06:11:10.882885,15.188400268554688
2026-04-29 06:11:11.081919,2026-04-29 06:11:11.081919,16.074203491210938
2026-04-29 06:11:11.282310,2026-04-29 06:11:11.282310,16.82713508605957
2026-04-29 06:11:11.482070,2026-04-29 06:11:11.482070,17.467126846313477
2026-04-29 06:11:11.681972,2026-04-29 06:11:11.681972,18.011119842529297
2026-04-29 06:11:11.882483,2026-04-29 06:11:11.882483,18.47351455688477
2026-04-29 06:11:12.082204,2026-04-29 06:11:12.082204,18.86655044555664
2026-04-29 06:11:12.285191,2026-04-29 06:11:12.285191,19.20063018798828
2026-04-29 06:11:12.485897,2026-04-29 06:11:12.485897,19.48459815979004
2026-04-29 06:11:12.683585,2026-04-29 06:11:12.683585,19.725971221923828
2026-04-29 06:11:12.884104,2026-04-29 06:11:12.884104,19.931137084960938
2026-04-29 06:11:13.083767,2026-04-29 06:11:13.083767,20.28131103515625
2026-04-29 06:11:13.282210,2026-04-29 06:11:13.282210,20.57895851135254
2026-04-29 06:11:13.487928,2026-04-29 06:11:13.487928,21.007740020751957
2026-04-29 06:11:13.684250,2026-04-29 06:11:13.684250,21.372203826904297
2026-04-29 06:11:13.883173,2026-04-29 06:11:13.883173,21.681997299194336
2026-04-29 06:11:14.083727,2026-04-29 06:11:14.083727,21.9453239440918
2026-04-29 06:11:14.282398,2026-04-29 06:11:14.282398,21.99336814880371
2026-04-29 06:11:14.485756,2026-04-29 06:11:14.485756,22.20998764038086
2026-04-29 06:11:14.681602,2026-04-29 06:11:14.681602,22.394115447998047
2026-04-29 06:11:14.884838,2026-04-29 06:11:14.884838,22.55062294006348
2026-04-29 06:11:15.086714,2026-04-29 06:11:15.086714,22.68365478515625
2026-04-29 06:11:28.181720,2026-04-29 06:11:28.181720,22.79673194885254
2026-04-29 06:11:28.382274,2026-04-29 06:11:28.382274,22.717065811157227
2026-04-29 06:11:28.583684,2026-04-29 06:11:28.583684,22.473567962646484
2026-04-29 06:11:28.789897,2026-04-29 06:11:28.789897,22.4423770904541
2026-04-29 06:11:28.987453,2026-04-29 06:11:28.987453,22.59164428710937
2026-04-29 06:11:29.182102,2026-04-29 06:11:29.182102,22.71852302551269
2026-04-29 06:11:29.384680,2026-04-29 06:11:29.384680,22.65058898925781
2026-04-29 06:11:29.583283,2026-04-29 06:11:29.583283,22.59284400939941
2026-04-29 06:11:29.781709,2026-04-29 06:11:29.781709,22.543760299682617
2026-04-29 06:11:29.982561,2026-04-29 06:11:29.982561,22.50204086303711
2026-04-29 06:11:30.181642,2026-04-29 06:11:30.181642,22.466577529907227
2026-04-29 06:11:30.387406,2026-04-29 06:11:30.387406,22.43643569946289
2026-04-29 06:11:30.582689,2026-04-29 06:11:30.582689,22.41081428527832
2026-04-29 06:11:30.782308,2026-04-29 06:11:30.782308,22.389036178588867
2026-04-29 06:11:30.984555,2026-04-29 06:11:30.984555,22.37052345275879
2026-04-29 06:11:31.181685,2026-04-29 06:11:31.181685,22.35478973388672
2026-04-29 06:11:31.382443,2026-04-29 06:11:31.382443,22.34141540527344
2026-04-29 06:11:31.581577,2026-04-29 06:11:31.581577,22.15426445007324
2026-04-29 06:11:31.781612,2026-04-29 06:11:31.781612,21.99518775939941
2026-04-29 06:11:31.982020,2026-04-29 06:11:31.982020,22.03575325012207
2026-04-29 06:11:32.183032,2026-04-29 06:11:32.183032,22.07023429870605
2026-04-29 06:11:32.382146,2026-04-29 06:11:32.382146,22.09954261779785
2026-04-29 06:11:32.582584,2026-04-29 06:11:32.582584,22.124454498291016
2026-04-29 06:11:32.782097,2026-04-29 06:11:32.782097,22.1456298828125
2026-04-29 06:11:32.982801,2026-04-29 06:11:32.982801,22.16362953186035
2026-04-29 06:11:33.183996,2026-04-29 06:11:33.183996,22.17892837524414
2026-04-29 06:11:33.385343,2026-04-29 06:11:33.385343,22.191932678222656
2026-04-29 06:11:33.583000,2026-04-29 06:11:33.583000,22.20298767089844
2026-04-29 06:11:33.787495,2026-04-29 06:11:33.787495,22.212383270263672
2026-04-29 06:11:33.984568,2026-04-29 06:11:33.984568,22.220369338989254
2026-04-29 06:11:34.182606,2026-04-29 06:11:34.182606,22.22715759277344
2026-04-29 06:11:34.383221,2026-04-29 06:11:34.383221,22.23292732238769
2026-04-29 06:11:34.582808,2026-04-29 06:11:34.582808,22.23783302307129
2026-04-29 06:11:34.783618,2026-04-29 06:11:34.783618,22.242000579833984
2026-04-29 06:11:34.985047,2026-04-29 06:11:34.985047,22.42132568359375
2026-04-29 06:11:35.183299,2026-04-29 06:11:35.183299,22.57375144958496
2026-04-29 06:11:35.384967,2026-04-29 06:11:35.384967,22.70331382751465
2026-04-29 06:11:35.582476,2026-04-29 06:11:35.582476,22.81344223022461
2026-04-29 06:11:35.785363,2026-04-29 06:11:35.785363,22.90705108642578
2026-04-29 06:11:35.981855,2026-04-29 06:11:35.981855,22.986618041992188
2026-04-29 06:11:36.181661,2026-04-29 06:11:36.181661,23.23003196716309
2026-04-29 06:11:36.382782,2026-04-29 06:11:36.382782,23.43693351745605
2026-04-29 06:11:36.583503,2026-04-29 06:11:36.583503,23.6127986907959
2026-04-29 06:11:36.782645,2026-04-29 06:11:36.782645,23.762285232543945
2026-04-29 06:11:36.985168,2026-04-29 06:11:36.985168,23.88934898376465
2026-04-29 06:11:37.183901,2026-04-29 06:11:37.183901,23.997352600097656
2026-04-29 06:11:37.384167,2026-04-29 06:11:37.384167,24.089157104492188
2026-04-29 06:11:37.585385,2026-04-29 06:11:37.585385,24.16718864440918
2026-04-29 06:11:37.784536,2026-04-29 06:11:37.784536,24.233516693115234
2026-04-29 06:11:37.983037,2026-04-29 06:11:37.983037,24.28989601135254
2026-04-29 06:11:38.184888,2026-04-29 06:11:38.184888,24.337818145751957
2026-04-29 06:11:38.381653,2026-04-29 06:11:38.381653,24.554332733154297
2026-04-29 06:11:38.583405,2026-04-29 06:11:38.583405,24.738370895385746
2026-04-29 06:11:38.782344,2026-04-29 06:11:38.782344,24.89480209350586
2026-04-29 06:11:38.985261,2026-04-29 06:11:38.985261,25.02776908874512
2026-04-29 06:11:39.184816,2026-04-29 06:11:39.184816,25.14079093933105
2026-04-29 06:11:39.386357,2026-04-29 06:11:39.386357,25.236860275268555
2026-04-29 06:11:39.582103,2026-04-29 06:11:39.582103,25.31851959228516
2026-04-29 06:11:39.781629,2026-04-29 06:11:39.781629,25.212146759033203
2026-04-29 06:11:39.985876,2026-04-29 06:11:39.985876,25.29751205444336
2026-04-29 06:11:40.183334,2026-04-29 06:11:40.183334,25.194292068481445
2026-04-29 06:11:40.384167,2026-04-29 06:11:40.384167,25.28233528137207
2026-04-29 06:11:40.584247,2026-04-29 06:11:40.584247,25.3571720123291
2026-04-29 06:11:40.788859,2026-04-29 06:11:40.788859,25.24500274658203
2026-04-29 06:11:40.983134,2026-04-29 06:11:40.983134,25.149658203125
2026-04-29 06:11:41.182978,2026-04-29 06:11:41.182978,25.06861686706543
2026-04-29 06:11:41.382757,2026-04-29 06:11:41.382757,24.999731063842773
2026-04-29 06:11:41.582890,2026-04-29 06:11:41.582890,24.941177368164062
2026-04-29 06:11:41.783480,2026-04-29 06:11:41.783480,24.891407012939453
2026-04-29 06:11:41.986346,2026-04-29 06:11:41.986346,24.673320770263672
2026-04-29 06:11:42.187494,2026-04-29 06:11:42.187494,24.487947463989254
2026-04-29 06:11:42.384962,2026-04-29 06:11:42.384962,24.330379486083984
2026-04-29 06:11:42.581616,2026-04-29 06:11:42.581616,24.196447372436523
2026-04-29 06:11:42.783857,2026-04-29 06:11:42.783857,24.08260536193848
2026-04-29 06:11:42.990968,2026-04-29 06:11:42.990968,23.98583984375
2026-04-29 06:11:43.189167,2026-04-29 06:11:43.189167,23.727807998657227
2026-04-29 06:11:43.383533,2026-04-29 06:11:43.383533,23.508480072021484
2026-04-29 06:11:43.583517,2026-04-29 06:11:43.583517,23.322052001953125
2026-04-29 06:11:43.781611,2026-04-29 06:11:43.781611,22.98780632019043
2026-04-29 06:11:43.983829,2026-04-29 06:11:43.983829,22.70369911193848
2026-04-29 06:11:44.183495,2026-04-29 06:11:44.183495,22.46220588684082
2026-04-29 06:11:44.376870,2026-04-29 06:11:44.376870,22.25693702697754
2026-04-29 06:11:44.583295,2026-04-29 06:11:44.583295,22.082460403442383
2026-04-29 06:11:44.784132,2026-04-29 06:11:44.784132,21.93415260314941
2026-04-29 06:11:44.985563,2026-04-29 06:11:44.985563,21.63231086730957
2026-04-29 06:11:45.182360,2026-04-29 06:11:45.182360,21.37574577331543
2026-04-29 06:11:45.381675,2026-04-29 06:11:45.381675,21.157665252685547
2026-04-29 06:11:45.582347,2026-04-29 06:11:45.582347,20.97229766845703
2026-04-29 06:11:45.783825,2026-04-29 06:11:45.783825,20.638952255249023
2026-04-29 06:11:45.985194,2026-04-29 06:11:45.985194,20.355609893798828
2026-04-29 06:11:46.181848,2026-04-29 06:11:46.181848,20.11476707458496
2026-04-29 06:11:46.381795,2026-04-29 06:11:46.381795,19.910053253173828
2026-04-29 06:11:46.583647,2026-04-29 06:11:46.583647,19.73604393005371
2026-04-29 06:11:46.782642,2026-04-29 06:11:46.782642,19.588138580322266
2026-04-29 06:11:46.987609,2026-04-29 06:11:46.987609,19.462417602539062
2026-04-29 06:11:47.186464,2026-04-29 06:11:47.186464,19.17977333068848
2026-04-29 06:11:47.381512,2026-04-29 06:11:47.381512,18.939525604248047
2026-04-29 06:11:47.581574,2026-04-29 06:11:47.581574,18.735315322875977
2026-04-29 06:11:47.782907,2026-04-29 06:11:47.782907,18.561737060546875
2026-04-29 06:11:47.981698,2026-04-29 06:11:47.981698,18.414196014404297
2026-04-29 06:11:48.181587,2026-04-29 06:11:48.181587,18.11300277709961
2026-04-29 06:11:48.382202,2026-04-29 06:11:48.382202,17.681209564208984
2026-04-29 06:11:48.583752,2026-04-29 06:11:48.583752,17.314184188842773
2026-04-29 06:11:48.781767,2026-04-29 06:11:48.781767,17.002212524414062
2026-04-29 06:11:48.985713,2026-04-29 06:11:48.985713,16.561256408691406
2026-04-29 06:11:49.188351,2026-04-29 06:11:49.188351,16.186443328857422
2026-04-29 06:11:49.383357,2026-04-29 06:11:49.383357,15.86785125732422
2026-04-29 06:11:49.588338,2026-04-29 06:11:49.588338,15.59704875946045
2026-04-29 06:11:49.784214,2026-04-29 06:11:49.784214,15.366866111755373
2026-04-29 06:11:49.983927,2026-04-29 06:11:49.983927,15.17121124267578
2026-04-29 06:11:50.182689,2026-04-29 06:11:50.182689,15.004904747009276
2026-04-29 06:11:50.384784,2026-04-29 06:11:50.384784,14.863543510437012
2026-04-29 06:11:50.582348,2026-04-29 06:11:50.582348,14.74338722229004
2026-04-29 06:11:50.782962,2026-04-29 06:11:50.782962,14.465473175048828
2026-04-29 06:11:50.981782,2026-04-29 06:11:50.981782,14.229246139526367
2026-04-29 06:11:51.185544,2026-04-29 06:11:51.185544,14.02845287322998
2026-04-29 06:11:51.382491,2026-04-29 06:11:51.382491,13.857778549194336
2026-04-29 06:11:51.584657,2026-04-29 06:11:51.584657,13.712705612182615
2026-04-29 06:11:51.783637,2026-04-29 06:11:51.783637,13.589393615722656
2026-04-29 06:11:51.981804,2026-04-29 06:11:51.981804,13.484578132629396
2026-04-29 06:11:52.182270,2026-04-29 06:11:52.182270,13.395484924316406
2026-04-29 06:11:52.389337,2026-04-29 06:11:52.389337,13.319756507873535
2026-04-29 06:11:52.585010,2026-04-29 06:11:52.585010,13.255386352539062
2026-04-29 06:11:52.784203,2026-04-29 06:11:52.784203,13.200672149658203
2026-04-29 06:11:52.984129,2026-04-29 06:11:52.984129,13.154165267944336
2026-04-29 06:11:53.184283,2026-04-29 06:11:53.184283,13.11463451385498
2026-04-29 06:11:53.383826,2026-04-29 06:11:53.383826,14.663064002990724
2026-04-29 06:12:06.482831,2026-04-29 06:12:06.482831,15.979228973388672
2026-04-29 06:12:06.682086,2026-04-29 06:12:06.682086,17.09796905517578
2026-04-29 06:12:06.884078,2026-04-29 06:12:06.884078,18.04889869689941
2026-04-29 06:12:07.083019,2026-04-29 06:12:07.083019,18.8571891784668
2026-04-29 06:12:07.282946,2026-04-29 06:12:07.282946,19.544235229492188
2026-04-29 06:12:07.481715,2026-04-29 06:12:07.481715,20.12822532653809
2026-04-29 06:12:07.684896,2026-04-29 06:12:07.684896,20.624616622924805
2026-04-29 06:12:07.883479,2026-04-29 06:12:07.883479,21.04654884338379
2026-04-29 06:12:08.083116,2026-04-29 06:12:08.083116,21.40519142150879
2026-04-29 06:12:08.282682,2026-04-29 06:12:08.282682,21.710037231445312
2026-04-29 06:12:08.482019,2026-04-29 06:12:08.482019,21.969158172607425
2026-04-29 06:12:08.683079,2026-04-29 06:12:08.683079,20.431596755981445
2026-04-29 06:12:08.883804,2026-04-29 06:12:08.883804,20.882482528686523
2026-04-29 06:12:09.082323,2026-04-29 06:12:09.082323,19.50792121887207
2026-04-29 06:12:09.285543,2026-04-29 06:12:09.285543,18.33954620361328
2026-04-29 06:12:09.481999,2026-04-29 06:12:09.481999,17.346426010131836
2026-04-29 06:12:09.681426,2026-04-29 06:12:09.681426,18.084306716918945
2026-04-29 06:12:09.882455,2026-04-29 06:12:09.882455,18.711503982543945
2026-04-29 06:12:10.085084,2026-04-29 06:12:10.085084,19.2446231842041
2026-04-29 06:12:10.285174,2026-04-29 06:12:10.285174,19.697772979736328
2026-04-29 06:12:10.482988,2026-04-29 06:12:10.482988,20.082950592041016
2026-04-29 06:12:10.683217,2026-04-29 06:12:10.683217,20.41035270690918
2026-04-29 06:12:10.884425,2026-04-29 06:12:10.884425,20.68864250183105
2026-04-29 06:12:11.083564,2026-04-29 06:12:11.083564,20.925189971923828
2026-04-29 06:12:11.283458,2026-04-29 06:12:11.283458,20.95047378540039
2026-04-29 06:12:11.484111,2026-04-29 06:12:11.484111,20.97196578979492
2026-04-29 06:12:11.682224,2026-04-29 06:12:11.682224,20.990232467651367
2026-04-29 06:12:11.884267,2026-04-29 06:12:11.884267,20.829978942871094
2026-04-29 06:12:12.083047,2026-04-29 06:12:12.083047,20.69376373291016
2026-04-29 06:12:12.282197,2026-04-29 06:12:12.282197,20.577980041503903
2026-04-29 06:12:12.483940,2026-04-29 06:12:12.483940,20.479564666748047
2026-04-29 06:12:12.685748,2026-04-29 06:12:12.685748,20.395910263061523
2026-04-29 06:12:12.886293,2026-04-29 06:12:12.886293,20.149024963378903
2026-04-29 06:12:13.087776,2026-04-29 06:12:13.087776,19.939170837402344
2026-04-29 06:12:13.282204,2026-04-29 06:12:13.282204,19.76079559326172
2026-04-29 06:12:13.481655,2026-04-29 06:12:13.481655,19.609176635742188
2026-04-29 06:12:13.682763,2026-04-29 06:12:13.682763,19.48029899597168
2026-04-29 06:12:13.887060,2026-04-29 06:12:13.887060,19.37075424194336
2026-04-29 06:12:14.084881,2026-04-29 06:12:14.084881,19.27764129638672
2026-04-29 06:12:14.286458,2026-04-29 06:12:14.286458,19.198495864868164
2026-04-29 06:12:14.485076,2026-04-29 06:12:14.485076,19.131221771240234
2026-04-29 06:12:14.686507,2026-04-29 06:12:14.686507,19.074037551879883
2026-04-29 06:12:14.884763,2026-04-29 06:12:14.884763,19.20121383666992
2026-04-29 06:12:15.084790,2026-04-29 06:12:15.084790,19.30931282043457
2026-04-29 06:12:15.286648,2026-04-29 06:12:15.286648,19.40119743347168
2026-04-29 06:12:15.484956,2026-04-29 06:12:15.484956,19.47929954528809
2026-04-29 06:12:15.685944,2026-04-29 06:12:15.685944,19.545684814453125
2026-04-29 06:12:15.882832,2026-04-29 06:12:15.882832,19.602113723754883
2026-04-29 06:12:16.085523,2026-04-29 06:12:16.085523,19.65007781982422
2026-04-29 06:12:16.285083,2026-04-29 06:12:16.285083,19.690847396850582
2026-04-29 06:12:16.486600,2026-04-29 06:12:16.486600,19.72550201416016
2026-04-29 06:12:16.685665,2026-04-29 06:12:16.685665,19.75495719909668
2026-04-29 06:12:16.882173,2026-04-29 06:12:16.882173,19.77999496459961
2026-04-29 06:12:17.081848,2026-04-29 06:12:17.081848,19.80127716064453
2026-04-29 06:12:17.283162,2026-04-29 06:12:17.283162,19.819366455078125
2026-04-29 06:12:17.483931,2026-04-29 06:12:17.483931,19.83474349975586
2026-04-29 06:12:17.682506,2026-04-29 06:12:17.682506,19.84781265258789
2026-04-29 06:12:17.881926,2026-04-29 06:12:17.881926,19.858922958374023
2026-04-29 06:12:18.087274,2026-04-29 06:12:18.087274,19.868364334106445
2026-04-29 06:12:18.281601,2026-04-29 06:12:18.281601,19.876392364501957
2026-04-29 06:12:18.481550,2026-04-29 06:12:18.481550,19.883214950561523
2026-04-29 06:12:18.683379,2026-04-29 06:12:18.683379,19.889013290405277
2026-04-29 06:12:18.884296,2026-04-29 06:12:18.884296,19.89394187927246
2026-04-29 06:12:19.081526,2026-04-29 06:12:19.081526,19.89813232421875
2026-04-29 06:12:19.283970,2026-04-29 06:12:19.283970,19.90169334411621
2026-04-29 06:12:19.488260,2026-04-29 06:12:19.488260,19.904720306396484
2026-04-29 06:12:19.688754,2026-04-29 06:12:19.688754,19.90729331970215
2026-04-29 06:12:19.882161,2026-04-29 06:12:19.882161,19.909481048583984
2026-04-29 06:12:20.081910,2026-04-29 06:12:20.081910,20.087121963500977
2026-04-29 06:12:20.284174,2026-04-29 06:12:20.284174,20.238115310668945
2026-04-29 06:12:20.483081,2026-04-29 06:12:20.483081,20.3664608001709
2026-04-29 06:12:20.684453,2026-04-29 06:12:20.684453,20.47555351257324
2026-04-29 06:12:20.882746,2026-04-29 06:12:20.882746,20.744064331054688
2026-04-29 06:12:21.081915,2026-04-29 06:12:21.081915,20.796518325805664
2026-04-29 06:12:21.282207,2026-04-29 06:12:21.282207,20.841102600097656
2026-04-29 06:12:21.483282,2026-04-29 06:12:21.483282,21.054780960083008
2026-04-29 06:12:21.688704,2026-04-29 06:12:21.688704,21.236408233642575
2026-04-29 06:12:21.888249,2026-04-29 06:12:21.888249,21.39079093933105
2026-04-29 06:12:22.084779,2026-04-29 06:12:22.084779,21.52201461791992
2026-04-29 06:12:22.282917,2026-04-29 06:12:22.282917,21.2819938659668
2026-04-29 06:12:22.481826,2026-04-29 06:12:22.481826,21.60531997680664
2026-04-29 06:12:22.685044,2026-04-29 06:12:22.685044,21.35280418395996
2026-04-29 06:12:22.884154,2026-04-29 06:12:22.884154,21.665508270263672
2026-04-29 06:12:23.083253,2026-04-29 06:12:23.083253,22.107088088989254
2026-04-29 06:12:23.284920,2026-04-29 06:12:23.284920,22.306650161743164
2026-04-29 06:12:23.482487,2026-04-29 06:12:23.482487,22.65205764770508
2026-04-29 06:12:23.681680,2026-04-29 06:12:23.681680,22.945655822753903
2026-04-29 06:12:23.881810,2026-04-29 06:12:23.881810,23.370994567871094
2026-04-29 06:12:24.082929,2026-04-29 06:12:24.082929,23.732532501220703
2026-04-29 06:12:24.283611,2026-04-29 06:12:24.283611,24.039840698242188
2026-04-29 06:12:24.482235,2026-04-29 06:12:24.482235,22.71902084350586
2026-04-29 06:12:24.682297,2026-04-29 06:12:24.682297,23.354137420654297
2026-04-29 06:12:24.882447,2026-04-29 06:12:24.882447,23.893985748291016
2026-04-29 06:12:25.085258,2026-04-29 06:12:25.085258,24.352855682373047
2026-04-29 06:12:25.282787,2026-04-29 06:12:25.282787,24.742897033691406
2026-04-29 06:12:25.481555,2026-04-29 06:12:25.481555,23.31661796569824
2026-04-29 06:12:25.683929,2026-04-29 06:12:25.683929,21.92850112915039
2026-04-29 06:12:25.884674,2026-04-29 06:12:25.884674,20.74860000610352
2026-04-29 06:12:26.083744,2026-04-29 06:12:26.083744,19.745685577392575
2026-04-29 06:12:26.282835,2026-04-29 06:12:26.282835,18.893207550048828
2026-04-29 06:12:26.485153,2026-04-29 06:12:26.485153,18.168601989746094
2026-04-29 06:12:26.681571,2026-04-29 06:12:26.681571,19.83784294128418
2026-04-29 06:12:26.881508,2026-04-29 06:12:26.881508,18.971540451049805
2026-04-29 06:12:27.083621,2026-04-29 06:12:27.083621,18.235185623168945
2026-04-29 06:12:27.287995,2026-04-29 06:12:27.287995,17.609281539916992
2026-04-29 06:12:27.483646,2026-04-29 06:12:27.483646,16.9014835357666
2026-04-29 06:12:27.681860,2026-04-29 06:12:27.681860,16.475635528564453
2026-04-29 06:12:27.881778,2026-04-29 06:12:27.881778,16.113666534423828
2026-04-29 06:12:28.082187,2026-04-29 06:12:28.082187,15.805991172790527
2026-04-29 06:12:28.284415,2026-04-29 06:12:28.284415,15.544466972351074
2026-04-29 06:12:28.482807,2026-04-29 06:12:28.482807,15.322172164916992
2026-04-29 06:12:28.682258,2026-04-29 06:12:28.682258,15.133221626281738
2026-04-29 06:12:28.883488,2026-04-29 06:12:28.883488,14.972613334655762
2026-04-29 06:12:29.083907,2026-04-29 06:12:29.083907,14.836095809936523
2026-04-29 06:12:29.285206,2026-04-29 06:12:29.285206,14.720056533813477
2026-04-29 06:12:29.486255,2026-04-29 06:12:29.486255,14.79720401763916
2026-04-29 06:12:29.685159,2026-04-29 06:12:29.685159,14.86277961730957
2026-04-29 06:12:29.882032,2026-04-29 06:12:29.882032,14.918519020080566
2026-04-29 06:12:30.082535,2026-04-29 06:12:30.082535,14.965897560119627
2026-04-29 06:12:30.281633,2026-04-29 06:12:30.281633,15.006169319152832
2026-04-29 06:12:30.483623,2026-04-29 06:12:30.483623,15.040400505065918
2026-04-29 06:12:30.685326,2026-04-29 06:12:30.685326,15.069496154785156
2026-04-29 06:12:30.883837,2026-04-29 06:12:30.883837,15.09422779083252
2026-04-29 06:12:31.086628,2026-04-29 06:12:31.086628,15.11525058746338
2026-04-29 06:12:31.283555,2026-04-29 06:12:31.283555,15.133118629455566
2026-04-29 06:12:31.483302,2026-04-29 06:12:31.483302,15.324088096618652
2026-04-29 06:12:31.682859,2026-04-29 06:12:31.682859,15.48641300201416
2026-04-29 06:12:44.781679,2026-04-29 06:12:44.781679,15.448607444763184
2026-04-29 06:12:44.989605,2026-04-29 06:12:44.989605,15.59225368499756
2026-04-29 06:12:45.184520,2026-04-29 06:12:45.184520,15.89013385772705
2026-04-29 06:12:45.381957,2026-04-29 06:12:45.381957,16.319114685058594
2026-04-29 06:12:45.584388,2026-04-29 06:12:45.584388,16.683746337890625
2026-04-29 06:12:45.781726,2026-04-29 06:12:45.781726,16.993684768676758
2026-04-29 06:12:45.988816,2026-04-29 06:12:45.988816,17.257131576538086
2026-04-29 06:12:46.183147,2026-04-29 06:12:46.183147,17.481061935424805
2026-04-29 06:12:46.382049,2026-04-29 06:12:46.382049,17.671403884887695
2026-04-29 06:12:46.584539,2026-04-29 06:12:46.584539,17.833192825317383
2026-04-29 06:12:46.782179,2026-04-29 06:12:46.782179,17.970714569091797
2026-04-29 06:12:46.984720,2026-04-29 06:12:46.984720,18.08760643005371
2026-04-29 06:12:47.184200,2026-04-29 06:12:47.184200,18.18696594238281
2026-04-29 06:12:47.382079,2026-04-29 06:12:47.382079,18.27142143249512
2026-04-29 06:12:47.583082,2026-04-29 06:12:47.583082,18.34320831298828
2026-04-29 06:12:47.782366,2026-04-29 06:12:47.782366,18.404226303100582
2026-04-29 06:12:47.982759,2026-04-29 06:12:47.982759,18.456092834472656
2026-04-29 06:12:48.182469,2026-04-29 06:12:48.182469,18.500179290771484
2026-04-29 06:12:48.381698,2026-04-29 06:12:48.381698,18.53765106201172
2026-04-29 06:12:48.584383,2026-04-29 06:12:48.584383,18.393722534179688
2026-04-29 06:12:48.782533,2026-04-29 06:12:48.782533,18.27138328552246
2026-04-29 06:12:48.989676,2026-04-29 06:12:48.989676,18.167394638061523
2026-04-29 06:12:49.182945,2026-04-29 06:12:49.182945,18.254785537719727
2026-04-29 06:12:49.384208,2026-04-29 06:12:49.384208,18.15328598022461
2026-04-29 06:12:49.583527,2026-04-29 06:12:49.583527,18.067012786865234
2026-04-29 06:12:49.783402,2026-04-29 06:12:49.783402,17.99367904663086
2026-04-29 06:12:49.985240,2026-04-29 06:12:49.985240,17.931344985961914
2026-04-29 06:12:50.183040,2026-04-29 06:12:50.183040,17.87836265563965
2026-04-29 06:12:50.382612,2026-04-29 06:12:50.382612,17.83332633972168
2026-04-29 06:12:50.583750,2026-04-29 06:12:50.583750,17.795045852661133
2026-04-29 06:12:50.785170,2026-04-29 06:12:50.785170,17.762508392333984
2026-04-29 06:12:50.981986,2026-04-29 06:12:50.981986,17.910633087158203
2026-04-29 06:12:51.187751,2026-04-29 06:12:51.187751,17.860755920410156
2026-04-29 06:12:51.382053,2026-04-29 06:12:51.382053,17.818361282348633
2026-04-29 06:12:51.585252,2026-04-29 06:12:51.585252,17.782325744628906
2026-04-29 06:12:51.787827,2026-04-29 06:12:51.787827,17.92747688293457
2026-04-29 06:12:51.982495,2026-04-29 06:12:51.982495,18.05085563659668
2026-04-29 06:12:52.185323,2026-04-29 06:12:52.185323,18.15572738647461
2026-04-29 06:12:52.381720,2026-04-29 06:12:52.381720,18.2448673248291
2026-04-29 06:12:52.583656,2026-04-29 06:12:52.583656,18.32063865661621
2026-04-29 06:12:52.785152,2026-04-29 06:12:52.785152,18.20926094055176
2026-04-29 06:12:52.984589,2026-04-29 06:12:52.984589,18.11458969116211
2026-04-29 06:12:53.182342,2026-04-29 06:12:53.182342,18.034120559692383
2026-04-29 06:12:53.383781,2026-04-29 06:12:53.383781,17.965721130371094
2026-04-29 06:12:53.583448,2026-04-29 06:12:53.583448,17.907581329345703
2026-04-29 06:12:53.782545,2026-04-29 06:12:53.782545,17.858163833618164
2026-04-29 06:12:53.984710,2026-04-29 06:12:53.984710,17.991939544677734
2026-04-29 06:12:54.184033,2026-04-29 06:12:54.184033,17.929866790771484
2026-04-29 06:12:54.384778,2026-04-29 06:12:54.384778,17.877105712890625
2026-04-29 06:12:54.584458,2026-04-29 06:12:54.584458,17.832258224487305
2026-04-29 06:12:54.782995,2026-04-29 06:12:54.782995,17.794137954711914
2026-04-29 06:12:54.985103,2026-04-29 06:12:54.985103,17.761735916137695
2026-04-29 06:12:55.183311,2026-04-29 06:12:55.183311,17.734193801879883
2026-04-29 06:12:55.385144,2026-04-29 06:12:55.385144,17.710784912109375
2026-04-29 06:12:55.585072,2026-04-29 06:12:55.585072,17.690885543823242
2026-04-29 06:12:55.785283,2026-04-29 06:12:55.785283,17.67397117614746
2026-04-29 06:12:55.986941,2026-04-29 06:12:55.986941,17.65959358215332
2026-04-29 06:12:56.184176,2026-04-29 06:12:56.184176,17.64737319946289
2026-04-29 06:12:56.385899,2026-04-29 06:12:56.385899,17.636985778808594
2026-04-29 06:12:56.581662,2026-04-29 06:12:56.581662,17.628156661987305
2026-04-29 06:12:56.781997,2026-04-29 06:12:56.781997,17.62065315246582
2026-04-29 06:12:56.982586,2026-04-29 06:12:56.982586,17.614273071289062
2026-04-29 06:12:57.183371,2026-04-29 06:12:57.183371,17.608850479125977
2026-04-29 06:12:57.383497,2026-04-29 06:12:57.383497,17.4284610748291
2026-04-29 06:12:57.583477,2026-04-29 06:12:57.583477,17.275129318237305
2026-04-29 06:12:57.786331,2026-04-29 06:12:57.786331,17.144798278808594
2026-04-29 06:12:57.984989,2026-04-29 06:12:57.984989,17.034015655517578
2026-04-29 06:12:58.185314,2026-04-29 06:12:58.185314,16.939849853515625
2026-04-29 06:12:58.381627,2026-04-29 06:12:58.381627,16.85980987548828
2026-04-29 06:12:58.585397,2026-04-29 06:12:58.585397,16.791776657104492
2026-04-29 06:12:58.783288,2026-04-29 06:12:58.783288,16.73394775390625
2026-04-29 06:12:58.986860,2026-04-29 06:12:58.986860,16.50901222229004
2026-04-29 06:12:59.184281,2026-04-29 06:12:59.184281,16.31781578063965
2026-04-29 06:12:59.382016,2026-04-29 06:12:59.382016,16.15530014038086
2026-04-29 06:12:59.582608,2026-04-29 06:12:59.582608,16.017160415649414
2026-04-29 06:12:59.782499,2026-04-29 06:12:59.782499,15.89974308013916
2026-04-29 06:12:59.986288,2026-04-29 06:12:59.986288,15.799938201904297
2026-04-29 06:13:00.181998,2026-04-29 06:13:00.181998,15.715103149414062
2026-04-29 06:13:00.383064,2026-04-29 06:13:00.383064,15.642993927001951
2026-04-29 06:13:00.582151,2026-04-29 06:13:00.582151,15.581701278686523
2026-04-29 06:13:00.788096,2026-04-29 06:13:00.788096,15.52960205078125
2026-04-29 06:13:00.983496,2026-04-29 06:13:00.983496,15.485318183898926
2026-04-29 06:13:01.184523,2026-04-29 06:13:01.184523,15.447676658630373
2026-04-29 06:13:01.382149,2026-04-29 06:13:01.382149,15.415681838989258
2026-04-29 06:13:01.583270,2026-04-29 06:13:01.583270,15.2127046585083
2026-04-29 06:13:01.783191,2026-04-29 06:13:01.783191,15.040173530578612
2026-04-29 06:13:01.982516,2026-04-29 06:13:01.982516,14.893522262573242
2026-04-29 06:13:02.182801,2026-04-29 06:13:02.182801,14.768869400024414
2026-04-29 06:13:02.382312,2026-04-29 06:13:02.382312,14.662914276123049
2026-04-29 06:13:02.586797,2026-04-29 06:13:02.586797,14.57285213470459
2026-04-29 06:13:02.782328,2026-04-29 06:13:02.782328,14.496298789978027
2026-04-29 06:13:02.981597,2026-04-29 06:13:02.981597,14.431229591369627
2026-04-29 06:13:03.183255,2026-04-29 06:13:03.183255,14.200138092041016
2026-04-29 06:13:03.385512,2026-04-29 06:13:03.385512,14.003711700439451
2026-04-29 06:13:03.581691,2026-04-29 06:13:03.581691,13.836748123168944
2026-04-29 06:13:03.781614,2026-04-29 06:13:03.781614,13.694829940795898
2026-04-29 06:13:03.982774,2026-04-29 06:13:03.982774,13.574199676513672
2026-04-29 06:13:04.183248,2026-04-29 06:13:04.183248,13.47166347503662
2026-04-29 06:13:04.381626,2026-04-29 06:13:04.381626,13.384507179260254
2026-04-29 06:13:04.581465,2026-04-29 06:13:04.581465,13.3104248046875
2026-04-29 06:13:04.782578,2026-04-29 06:13:04.782578,13.247454643249512
2026-04-29 06:13:04.983099,2026-04-29 06:13:04.983099,13.193930625915527
2026-04-29 06:13:05.184934,2026-04-29 06:13:05.184934,13.14843463897705
2026-04-29 06:13:05.383523,2026-04-29 06:13:05.383523,13.109763145446776
2026-04-29 06:13:05.582305,2026-04-29 06:13:05.582305,12.901111602783203
2026-04-29 06:13:05.783336,2026-04-29 06:13:05.783336,12.723756790161133
2026-04-29 06:13:05.981902,2026-04-29 06:13:05.981902,12.573005676269531
2026-04-29 06:13:06.188100,2026-04-29 06:13:06.188100,12.444867134094238
2026-04-29 06:13:06.386237,2026-04-29 06:13:06.386237,12.335949897766112
2026-04-29 06:13:06.585546,2026-04-29 06:13:06.585546,12.243370056152344
2026-04-29 06:13:06.785627,2026-04-29 06:13:06.785627,12.164676666259766
2026-04-29 06:13:06.984259,2026-04-29 06:13:06.984259,12.097787857055664
2026-04-29 06:13:07.181813,2026-04-29 06:13:07.181813,12.216713905334473
2026-04-29 06:13:07.382211,2026-04-29 06:13:07.382211,12.142019271850586
2026-04-29 06:13:07.584571,2026-04-29 06:13:07.584571,12.07852840423584
2026-04-29 06:13:07.783277,2026-04-29 06:13:07.783277,12.024561882019045
2026-04-29 06:13:07.981875,2026-04-29 06:13:07.981875,11.978690147399902
2026-04-29 06:13:08.183804,2026-04-29 06:13:08.183804,11.939699172973633
2026-04-29 06:13:08.381873,2026-04-29 06:13:08.381873,11.906557083129885
2026-04-29 06:13:08.584733,2026-04-29 06:13:08.584733,11.878385543823242
2026-04-29 06:13:08.781920,2026-04-29 06:13:08.781920,11.854440689086914
2026-04-29 06:13:08.984904,2026-04-29 06:13:08.984904,11.834086418151855
2026-04-29 06:13:09.181882,2026-04-29 06:13:09.181882,11.81678581237793
2026-04-29 06:13:09.382038,2026-04-29 06:13:09.382038,11.802081108093262
2026-04-29 06:13:09.581756,2026-04-29 06:13:09.581756,11.789581298828123
2026-04-29 06:13:09.783633,2026-04-29 06:13:09.783633,11.778956413269045
2026-04-29 06:13:09.985351,2026-04-29 06:13:09.985351,11.769925117492676
2026-04-29 06:13:23.081737,2026-04-29 06:13:23.081737,11.762248992919922
2026-04-29 06:13:23.288234,2026-04-29 06:13:23.288234,11.75572395324707
2026-04-29 06:13:23.481692,2026-04-29 06:13:23.481692,11.750178337097168
2026-04-29 06:13:23.683218,2026-04-29 06:13:23.683218,11.745464324951172
2026-04-29 06:13:23.884646,2026-04-29 06:13:23.884646,11.741456985473633
2026-04-29 06:13:24.083070,2026-04-29 06:13:24.083070,11.73805046081543
2026-04-29 06:13:24.281854,2026-04-29 06:13:24.281854,11.735156059265137
2026-04-29 06:13:24.481804,2026-04-29 06:13:24.481804,11.732694625854492
2026-04-29 06:13:24.682083,2026-04-29 06:13:24.682083,11.730603218078612
2026-04-29 06:13:24.881679,2026-04-29 06:13:24.881679,11.728825569152832
2026-04-29 06:13:25.083471,2026-04-29 06:13:25.083471,11.727313995361328
2026-04-29 06:13:25.283562,2026-04-29 06:13:25.283562,11.726029396057127
2026-04-29 06:13:25.482511,2026-04-29 06:13:25.482511,11.724937438964844
2026-04-29 06:13:25.682185,2026-04-29 06:13:25.682185,11.72400951385498
2026-04-29 06:13:25.883325,2026-04-29 06:13:25.883325,11.723220825195312
2026-04-29 06:13:26.082093,2026-04-29 06:13:26.082093,11.722549438476562
2026-04-29 06:13:26.288074,2026-04-29 06:13:26.288074,11.721980094909668
2026-04-29 06:13:26.483783,2026-04-29 06:13:26.483783,11.721495628356934
2026-04-29 06:13:26.685289,2026-04-29 06:13:26.685289,11.721083641052246
2026-04-29 06:13:26.881834,2026-04-29 06:13:26.881834,11.544952392578123
2026-04-29 06:13:27.083787,2026-04-29 06:13:27.083787,11.571022033691406
2026-04-29 06:13:27.282438,2026-04-29 06:13:27.282438,11.593181610107422
2026-04-29 06:13:27.483029,2026-04-29 06:13:27.483029,11.612016677856444
2026-04-29 06:13:27.681877,2026-04-29 06:13:27.681877,11.452245712280272
2026-04-29 06:13:27.881627,2026-04-29 06:13:27.881627,11.316439628601074
2026-04-29 06:13:28.081768,2026-04-29 06:13:28.081768,11.201004981994627
2026-04-29 06:13:28.285922,2026-04-29 06:13:28.285922,11.102885246276855
2026-04-29 06:13:28.484427,2026-04-29 06:13:28.484427,11.01948356628418
2026-04-29 06:13:28.681737,2026-04-29 06:13:28.681737,10.77281093597412
2026-04-29 06:13:28.882523,2026-04-29 06:13:28.882523,10.738921165466309
2026-04-29 06:13:29.082692,2026-04-29 06:13:29.082692,10.71011447906494
2026-04-29 06:13:29.284550,2026-04-29 06:13:29.284550,10.685627937316896
2026-04-29 06:13:29.481683,2026-04-29 06:13:29.481683,10.664814949035645
2026-04-29 06:13:29.681831,2026-04-29 06:13:29.681831,10.647124290466309
2026-04-29 06:13:29.884695,2026-04-29 06:13:29.884695,10.632086753845217
2026-04-29 06:13:30.082506,2026-04-29 06:13:30.082506,10.619304656982422
2026-04-29 06:13:30.284683,2026-04-29 06:13:30.284683,10.608440399169922
2026-04-29 06:13:30.484637,2026-04-29 06:13:30.484637,10.59920597076416
2026-04-29 06:13:30.683857,2026-04-29 06:13:30.683857,10.59135627746582
2026-04-29 06:13:30.881776,2026-04-29 06:13:30.881776,10.584684371948242
2026-04-29 06:13:31.089951,2026-04-29 06:13:31.089951,10.579012870788574
2026-04-29 06:13:31.282156,2026-04-29 06:13:31.282156,10.57419204711914
2026-04-29 06:13:31.481867,2026-04-29 06:13:31.481867,10.570094108581545
2026-04-29 06:13:31.683423,2026-04-29 06:13:31.683423,10.566611289978027
2026-04-29 06:13:31.881908,2026-04-29 06:13:31.881908,10.563651084899902
2026-04-29 06:13:32.083447,2026-04-29 06:13:32.083447,10.736915588378906
2026-04-29 06:13:32.288061,2026-04-29 06:13:32.288061,10.884190559387209
2026-04-29 06:13:32.483212,2026-04-29 06:13:32.483212,11.009374618530272
2026-04-29 06:13:32.681879,2026-04-29 06:13:32.681879,11.1157808303833
2026-04-29 06:13:32.884215,2026-04-29 06:13:32.884215,11.206226348876951
2026-04-29 06:13:33.085531,2026-04-29 06:13:33.085531,11.28310489654541
2026-04-29 06:13:33.283756,2026-04-29 06:13:33.283756,11.348451614379885
2026-04-29 06:13:33.483451,2026-04-29 06:13:33.483451,11.403996467590332
2026-04-29 06:13:33.684104,2026-04-29 06:13:33.684104,11.45120906829834
2026-04-29 06:13:33.882097,2026-04-29 06:13:33.882097,11.667121887207031
2026-04-29 06:13:34.082067,2026-04-29 06:13:34.082067,11.67486572265625
2026-04-29 06:13:34.284061,2026-04-29 06:13:34.284061,11.681448936462402
2026-04-29 06:13:34.483881,2026-04-29 06:13:34.483881,11.862825393676758
2026-04-29 06:13:34.685517,2026-04-29 06:13:34.685517,12.016995429992676
2026-04-29 06:13:34.883155,2026-04-29 06:13:34.883155,12.14803981781006
2026-04-29 06:13:35.082278,2026-04-29 06:13:35.082278,12.259427070617676
2026-04-29 06:13:35.286108,2026-04-29 06:13:35.286108,12.354106903076172
2026-04-29 06:13:35.484826,2026-04-29 06:13:35.484826,12.610365867614746
2026-04-29 06:13:35.682548,2026-04-29 06:13:35.682548,12.82818603515625
2026-04-29 06:13:35.882374,2026-04-29 06:13:35.882374,13.013333320617676
2026-04-29 06:13:36.084074,2026-04-29 06:13:36.084074,13.170708656311035
2026-04-29 06:13:36.282134,2026-04-29 06:13:36.282134,13.304476737976074
2026-04-29 06:13:36.485074,2026-04-29 06:13:36.485074,13.418180465698242
2026-04-29 06:13:36.682258,2026-04-29 06:13:36.682258,13.6906099319458
2026-04-29 06:13:36.888994,2026-04-29 06:13:36.888994,13.922174453735352
2026-04-29 06:13:37.081682,2026-04-29 06:13:37.081682,14.119004249572754
2026-04-29 06:13:37.289488,2026-04-29 06:13:37.289488,14.110528945922852
2026-04-29 06:13:37.486435,2026-04-29 06:13:37.486435,14.10332489013672
2026-04-29 06:13:37.681873,2026-04-29 06:13:37.681873,14.097200393676758
2026-04-29 06:13:37.885386,2026-04-29 06:13:37.885386,14.091995239257812
2026-04-29 06:13:38.081930,2026-04-29 06:13:38.081930,14.087571144104004
2026-04-29 06:13:38.281748,2026-04-29 06:13:38.281748,14.083810806274414
2026-04-29 06:13:38.484355,2026-04-29 06:13:38.484355,14.08061408996582
2026-04-29 06:13:38.681836,2026-04-29 06:13:38.681836,14.07789707183838
2026-04-29 06:13:38.884932,2026-04-29 06:13:38.884932,14.075587272644045
2026-04-29 06:13:39.081717,2026-04-29 06:13:39.081717,14.07362461090088
2026-04-29 06:13:39.283358,2026-04-29 06:13:39.283358,14.071955680847168
2026-04-29 06:13:39.481983,2026-04-29 06:13:39.481983,13.894756317138672
2026-04-29 06:13:39.682389,2026-04-29 06:13:39.682389,13.744136810302734
2026-04-29 06:13:39.882047,2026-04-29 06:13:39.882047,13.61610984802246
2026-04-29 06:13:40.083047,2026-04-29 06:13:40.083047,13.33150577545166
2026-04-29 06:13:40.286006,2026-04-29 06:13:40.286006,13.089591979980469
2026-04-29 06:13:40.482364,2026-04-29 06:13:40.482364,12.883966445922852
2026-04-29 06:13:40.683473,2026-04-29 06:13:40.683473,12.709183692932127
2026-04-29 06:13:40.885184,2026-04-29 06:13:40.885184,12.56061840057373
2026-04-29 06:13:41.083190,2026-04-29 06:13:41.083190,12.434338569641112
2026-04-29 06:13:41.284817,2026-04-29 06:13:41.284817,12.32699966430664
2026-04-29 06:13:41.485785,2026-04-29 06:13:41.485785,12.235762596130373
2026-04-29 06:13:41.685187,2026-04-29 06:13:41.685187,11.982429504394531
2026-04-29 06:13:41.882103,2026-04-29 06:13:41.882103,11.767096519470217
2026-04-29 06:13:42.082281,2026-04-29 06:13:42.082281,11.584063529968262
2026-04-29 06:13:42.283169,2026-04-29 06:13:42.283169,11.428484916687012
2026-04-29 06:13:42.483237,2026-04-29 06:13:42.483237,11.29624366760254
2026-04-29 06:13:42.681781,2026-04-29 06:13:42.681781,11.183837890625
2026-04-29 06:13:42.882020,2026-04-29 06:13:42.882020,10.91251277923584
2026-04-29 06:13:43.085910,2026-04-29 06:13:43.085910,10.681885719299316
2026-04-29 06:13:43.282716,2026-04-29 06:13:43.282716,10.485852241516112
2026-04-29 06:13:43.484003,2026-04-29 06:13:43.484003,10.49500560760498
2026-04-29 06:13:43.682060,2026-04-29 06:13:43.682060,10.32700538635254
2026-04-29 06:13:43.884266,2026-04-29 06:13:43.884266,10.3599853515625
2026-04-29 06:13:44.082999,2026-04-29 06:13:44.082999,10.388018608093262
2026-04-29 06:13:44.281637,2026-04-29 06:13:44.281637,10.411847114562988
2026-04-29 06:13:44.482656,2026-04-29 06:13:44.482656,10.432101249694824
2026-04-29 06:13:44.681629,2026-04-29 06:13:44.681629,10.449317932128906
2026-04-29 06:13:44.884496,2026-04-29 06:13:44.884496,10.463951110839844
2026-04-29 06:13:45.082314,2026-04-29 06:13:45.082314,10.47638988494873
2026-04-29 06:13:45.282886,2026-04-29 06:13:45.282886,10.48696231842041
2026-04-29 06:13:45.483538,2026-04-29 06:13:45.483538,10.495949745178224
2026-04-29 06:13:45.682843,2026-04-29 06:13:45.682843,10.327807426452637
2026-04-29 06:13:45.882216,2026-04-29 06:13:45.882216,10.18488597869873
2026-04-29 06:13:46.081957,2026-04-29 06:13:46.081957,10.063403129577637
2026-04-29 06:13:46.282446,2026-04-29 06:13:46.282446,9.960142135620115
2026-04-29 06:13:46.483616,2026-04-29 06:13:46.483616,9.872371673583984
2026-04-29 06:13:46.681929,2026-04-29 06:13:46.681929,9.797765731811523
2026-04-29 06:13:46.881769,2026-04-29 06:13:46.881769,9.73435115814209
2026-04-29 06:13:47.084515,2026-04-29 06:13:47.084515,9.680448532104492
2026-04-29 06:13:47.282238,2026-04-29 06:13:47.282238,9.634631156921388
2026-04-29 06:13:47.485423,2026-04-29 06:13:47.485423,9.595685958862305
2026-04-29 06:13:47.683132,2026-04-29 06:13:47.683132,9.562582969665527
2026-04-29 06:13:47.884285,2026-04-29 06:13:47.884285,9.534445762634276
2026-04-29 06:13:48.082732,2026-04-29 06:13:48.082732,9.510528564453123
2026-04-29 06:13:48.284961,2026-04-29 06:13:48.284961,9.49020004272461
2026-04-29 06:14:01.382946,2026-04-29 06:14:01.382946,9.472919464111328
2026-04-29 06:14:01.583515,2026-04-29 06:14:01.583515,9.634013175964355
2026-04-29 06:14:01.784347,2026-04-29 06:14:01.784347,9.77094268798828
2026-04-29 06:14:01.984319,2026-04-29 06:14:01.984319,9.88733196258545
2026-04-29 06:14:02.182564,2026-04-29 06:14:02.182564,9.986263275146484
2026-04-29 06:14:02.381714,2026-04-29 06:14:02.381714,10.070355415344238
2026-04-29 06:14:02.583262,2026-04-29 06:14:02.583262,10.141833305358888
2026-04-29 06:14:02.782157,2026-04-29 06:14:02.782157,10.202589988708496
2026-04-29 06:14:02.982375,2026-04-29 06:14:02.982375,10.254232406616213
2026-04-29 06:14:03.182019,2026-04-29 06:14:03.182019,10.298129081726074
2026-04-29 06:14:03.381954,2026-04-29 06:14:03.381954,10.511221885681152
2026-04-29 06:14:03.581817,2026-04-29 06:14:03.581817,10.86813259124756
2026-04-29 06:14:03.782286,2026-04-29 06:14:03.782286,11.34728717803955
2026-04-29 06:14:03.981684,2026-04-29 06:14:03.981684,11.930350303649902
2026-04-29 06:14:04.184143,2026-04-29 06:14:04.184143,12.42595386505127
2026-04-29 06:14:04.381798,2026-04-29 06:14:04.381798,13.022998809814451
2026-04-29 06:14:04.581812,2026-04-29 06:14:04.581812,13.53048610687256
2026-04-29 06:14:04.781887,2026-04-29 06:14:04.781887,14.137632369995115
2026-04-29 06:14:04.981860,2026-04-29 06:14:04.981860,14.653706550598145
2026-04-29 06:14:05.181790,2026-04-29 06:14:05.181790,15.092369079589844
2026-04-29 06:14:05.382123,2026-04-29 06:14:05.382123,15.465231895446776
2026-04-29 06:14:05.581611,2026-04-29 06:14:05.581611,15.782166481018066
2026-04-29 06:14:05.781610,2026-04-29 06:14:05.781610,16.227340698242188
2026-04-29 06:14:05.981735,2026-04-29 06:14:05.981735,16.60573959350586
2026-04-29 06:14:06.182982,2026-04-29 06:14:06.182982,16.927379608154297
2026-04-29 06:14:06.382272,2026-04-29 06:14:06.382272,17.20077133178711
2026-04-29 06:14:06.581957,2026-04-29 06:14:06.581957,17.257375717163086
2026-04-29 06:14:06.782125,2026-04-29 06:14:06.782125,17.30548667907715
2026-04-29 06:14:06.982256,2026-04-29 06:14:06.982256,17.522165298461914
2026-04-29 06:14:07.183687,2026-04-29 06:14:07.183687,17.70633888244629
2026-04-29 06:14:07.384224,2026-04-29 06:14:07.384224,17.86288833618164
2026-04-29 06:14:07.583447,2026-04-29 06:14:07.583447,17.995956420898438
2026-04-29 06:14:07.784145,2026-04-29 06:14:07.784145,18.10906219482422
2026-04-29 06:14:07.983730,2026-04-29 06:14:07.983730,18.205202102661133
2026-04-29 06:14:08.183865,2026-04-29 06:14:08.183865,18.286922454833984
2026-04-29 06:14:08.382495,2026-04-29 06:14:08.382495,18.35638427734375
2026-04-29 06:14:08.583081,2026-04-29 06:14:08.583081,18.23964500427246
2026-04-29 06:14:08.785007,2026-04-29 06:14:08.785007,18.140417098999023
2026-04-29 06:14:08.983409,2026-04-29 06:14:08.983409,18.05607414245605
2026-04-29 06:14:09.182949,2026-04-29 06:14:09.182949,17.9843807220459
2026-04-29 06:14:09.384709,2026-04-29 06:14:09.384709,17.923442840576172
2026-04-29 06:14:09.583024,2026-04-29 06:14:09.583024,17.871644973754883
2026-04-29 06:14:09.785928,2026-04-29 06:14:09.785928,17.651836395263672
2026-04-29 06:14:09.983309,2026-04-29 06:14:09.983309,17.464998245239258
2026-04-29 06:14:10.182153,2026-04-29 06:14:10.182153,17.306184768676758
2026-04-29 06:14:10.383568,2026-04-29 06:14:10.383568,17.17119598388672
2026-04-29 06:14:10.582043,2026-04-29 06:14:10.582043,17.056453704833984
2026-04-29 06:14:10.792856,2026-04-29 06:14:10.792856,16.95892333984375
2026-04-29 06:14:10.986546,2026-04-29 06:14:10.986546,16.700241088867188
2026-04-29 06:14:11.183793,2026-04-29 06:14:11.183793,16.48036003112793
2026-04-29 06:14:11.384391,2026-04-29 06:14:11.384391,16.1176815032959
2026-04-29 06:14:11.584426,2026-04-29 06:14:11.584426,15.633623123168944
2026-04-29 06:14:11.784085,2026-04-29 06:14:11.784085,15.046392440795898
2026-04-29 06:14:11.981712,2026-04-29 06:14:11.981712,14.547245979309082
2026-04-29 06:14:12.188144,2026-04-29 06:14:12.188144,14.122971534729004
2026-04-29 06:14:12.382569,2026-04-29 06:14:12.382569,13.762338638305664
2026-04-29 06:14:12.584481,2026-04-29 06:14:12.584481,13.45580005645752
2026-04-29 06:14:12.782639,2026-04-29 06:14:12.782639,13.195242881774902
2026-04-29 06:14:12.983455,2026-04-29 06:14:12.983455,12.97376823425293
2026-04-29 06:14:13.182538,2026-04-29 06:14:13.182538,12.609734535217283
2026-04-29 06:14:13.384763,2026-04-29 06:14:13.384763,12.300305366516112
2026-04-29 06:14:13.584336,2026-04-29 06:14:13.584336,12.213072776794434
2026-04-29 06:14:13.784812,2026-04-29 06:14:13.784812,12.138923645019531
2026-04-29 06:14:13.984221,2026-04-29 06:14:13.984221,12.075898170471191
2026-04-29 06:14:14.186078,2026-04-29 06:14:14.186078,12.02232551574707
2026-04-29 06:14:14.386373,2026-04-29 06:14:14.386373,11.976789474487305
2026-04-29 06:14:14.585461,2026-04-29 06:14:14.585461,11.93808364868164
2026-04-29 06:14:14.784138,2026-04-29 06:14:14.784138,11.905183792114258
2026-04-29 06:14:14.983999,2026-04-29 06:14:14.983999,11.87721824645996
2026-04-29 06:14:15.185176,2026-04-29 06:14:15.185176,11.853447914123535
2026-04-29 06:14:15.392710,2026-04-29 06:14:15.392710,11.657462120056152
2026-04-29 06:14:15.582949,2026-04-29 06:14:15.582949,11.490874290466309
2026-04-29 06:14:15.782635,2026-04-29 06:14:15.782635,11.34927463531494
2026-04-29 06:14:15.983561,2026-04-29 06:14:15.983561,11.228914260864258
2026-04-29 06:14:16.181627,2026-04-29 06:14:16.181627,11.126608848571776
2026-04-29 06:14:16.382841,2026-04-29 06:14:16.382841,11.039648056030272
2026-04-29 06:14:16.584767,2026-04-29 06:14:16.584767,10.78995132446289
2026-04-29 06:14:16.782044,2026-04-29 06:14:16.782044,10.57770824432373
2026-04-29 06:14:16.983889,2026-04-29 06:14:16.983889,10.397302627563477
2026-04-29 06:14:17.184257,2026-04-29 06:14:17.184257,10.243956565856934
2026-04-29 06:14:17.382243,2026-04-29 06:14:17.382243,10.11361312866211
2026-04-29 06:14:17.586119,2026-04-29 06:14:17.586119,10.00282096862793
2026-04-29 06:14:17.783884,2026-04-29 06:14:17.783884,9.908648490905762
2026-04-29 06:14:17.982999,2026-04-29 06:14:17.982999,9.828600883483888
2026-04-29 06:14:18.182335,2026-04-29 06:14:18.182335,9.760560989379885
2026-04-29 06:14:18.386817,2026-04-29 06:14:18.386817,9.526945114135742
2026-04-29 06:14:18.585425,2026-04-29 06:14:18.585425,9.50415325164795
2026-04-29 06:14:18.782483,2026-04-29 06:14:18.782483,9.484780311584473
2026-04-29 06:14:18.982916,2026-04-29 06:14:18.982916,9.468313217163086
2026-04-29 06:14:19.182133,2026-04-29 06:14:19.182133,9.454316139221191
2026-04-29 06:14:19.384947,2026-04-29 06:14:19.384947,9.442419052124023
2026-04-29 06:14:19.587789,2026-04-29 06:14:19.587789,9.432306289672852
2026-04-29 06:14:19.781715,2026-04-29 06:14:19.781715,9.247928619384766
2026-04-29 06:14:19.982069,2026-04-29 06:14:19.982069,9.091208457946776
2026-04-29 06:14:20.185786,2026-04-29 06:14:20.185786,8.957995414733887
2026-04-29 06:14:20.390322,2026-04-29 06:14:20.390322,8.844765663146973
2026-04-29 06:14:20.581984,2026-04-29 06:14:20.581984,8.748518943786621
2026-04-29 06:14:20.782565,2026-04-29 06:14:20.782565,8.666709899902344
2026-04-29 06:14:20.983131,2026-04-29 06:14:20.983131,8.597172737121582
2026-04-29 06:14:21.183145,2026-04-29 06:14:21.183145,8.538064956665039
2026-04-29 06:14:21.383526,2026-04-29 06:14:21.383526,8.663605690002441
2026-04-29 06:14:21.582702,2026-04-29 06:14:21.582702,8.77031421661377
2026-04-29 06:14:21.782308,2026-04-29 06:14:21.782308,9.036798477172852
2026-04-29 06:14:21.981991,2026-04-29 06:14:21.981991,9.263310432434082
2026-04-29 06:14:22.192024,2026-04-29 06:14:22.192024,9.63162612915039
2026-04-29 06:14:22.381538,2026-04-29 06:14:22.381538,9.944694519042969
2026-04-29 06:14:22.584223,2026-04-29 06:14:22.584223,10.035021781921388
2026-04-29 06:14:22.783588,2026-04-29 06:14:22.783588,10.11180019378662
2026-04-29 06:14:22.983062,2026-04-29 06:14:22.983062,10.177061080932615
2026-04-29 06:14:23.183854,2026-04-29 06:14:23.183854,10.23253345489502
2026-04-29 06:14:23.384969,2026-04-29 06:14:23.384969,10.27968406677246
2026-04-29 06:14:23.581728,2026-04-29 06:14:23.581728,10.31976318359375
2026-04-29 06:14:23.784652,2026-04-29 06:14:23.784652,10.353829383850098
2026-04-29 06:14:23.982302,2026-04-29 06:14:23.982302,10.382786750793455
2026-04-29 06:14:24.187690,2026-04-29 06:14:24.187690,10.407400131225586
2026-04-29 06:14:24.383390,2026-04-29 06:14:24.383390,10.42832088470459
2026-04-29 06:14:24.583601,2026-04-29 06:14:24.583601,10.446104049682615
2026-04-29 06:14:24.782437,2026-04-29 06:14:24.782437,10.461219787597656
2026-04-29 06:14:24.982404,2026-04-29 06:14:24.982404,10.47406768798828
2026-04-29 06:14:25.181774,2026-04-29 06:14:25.181774,10.484989166259766
2026-04-29 06:14:25.382567,2026-04-29 06:14:25.382567,10.494272232055664
2026-04-29 06:14:25.582359,2026-04-29 06:14:25.582359,10.50216293334961
2026-04-29 06:14:25.783537,2026-04-29 06:14:25.783537,10.508869171142578
2026-04-29 06:14:25.985967,2026-04-29 06:14:25.985967,10.514570236206056
2026-04-29 06:14:26.182340,2026-04-29 06:14:26.182340,10.519415855407717
2026-04-29 06:14:26.383715,2026-04-29 06:14:26.383715,10.523534774780272
2026-04-29 06:14:26.585860,2026-04-29 06:14:26.585860,10.5270357131958
2026-04-29 06:14:39.684575,2026-04-29 06:14:39.684575,10.530012130737305
2026-04-29 06:14:39.881732,2026-04-29 06:14:39.881732,10.532541275024414
2026-04-29 06:14:40.081687,2026-04-29 06:14:40.081687,10.710472106933594
2026-04-29 06:14:40.282371,2026-04-29 06:14:40.282371,10.861714363098145
2026-04-29 06:14:40.481844,2026-04-29 06:14:40.481844,10.990269660949709
2026-04-29 06:14:40.683111,2026-04-29 06:14:40.683111,11.099541664123535
2026-04-29 06:14:40.883506,2026-04-29 06:14:40.883506,11.192422866821287
2026-04-29 06:14:41.083181,2026-04-29 06:14:41.083181,11.447153091430664
2026-04-29 06:14:41.285229,2026-04-29 06:14:41.285229,11.487893104553224
2026-04-29 06:14:41.481854,2026-04-29 06:14:41.481854,11.698302268981934
2026-04-29 06:14:41.681912,2026-04-29 06:14:41.681912,11.877150535583496
2026-04-29 06:14:41.888823,2026-04-29 06:14:41.888823,11.85339069366455
2026-04-29 06:14:42.082356,2026-04-29 06:14:42.082356,11.833194732666016
2026-04-29 06:14:42.282533,2026-04-29 06:14:42.282533,11.991808891296388
2026-04-29 06:14:42.485969,2026-04-29 06:14:42.485969,11.950850486755373
2026-04-29 06:14:42.682148,2026-04-29 06:14:42.682148,11.916035652160645
2026-04-29 06:14:42.883738,2026-04-29 06:14:42.883738,11.886442184448242
2026-04-29 06:14:43.082406,2026-04-29 06:14:43.082406,11.861289024353027
2026-04-29 06:14:43.282480,2026-04-29 06:14:43.282480,11.8399076461792
2026-04-29 06:14:43.482970,2026-04-29 06:14:43.482970,11.821734428405762
2026-04-29 06:14:43.684072,2026-04-29 06:14:43.684072,14.443005561828612
2026-04-29 06:14:43.881792,2026-04-29 06:14:43.881792,16.671085357666016
2026-04-29 06:14:44.082343,2026-04-29 06:14:44.082343,15.752453804016112
2026-04-29 06:14:44.282156,2026-04-29 06:14:44.282156,17.784116744995117
2026-04-29 06:14:44.481826,2026-04-29 06:14:44.481826,19.511030197143555
2026-04-29 06:14:44.685364,2026-04-29 06:14:44.685364,20.978906631469727
2026-04-29 06:14:44.881785,2026-04-29 06:14:44.881785,22.22660255432129
2026-04-29 06:14:45.082284,2026-04-29 06:14:45.082284,23.28714370727539
2026-04-29 06:14:45.282184,2026-04-29 06:14:45.282184,24.18860244750977
2026-04-29 06:14:45.481855,2026-04-29 06:14:45.481855,24.954843521118164
2026-04-29 06:14:45.682301,2026-04-29 06:14:45.682301,25.60614776611328
2026-04-29 06:14:45.890193,2026-04-29 06:14:45.890193,26.159757614135746
2026-04-29 06:14:46.083411,2026-04-29 06:14:46.083411,26.63032531738281
2026-04-29 06:14:46.281974,2026-04-29 06:14:46.281974,27.03030776977539
2026-04-29 06:14:46.485144,2026-04-29 06:14:46.485144,27.37029266357422
2026-04-29 06:14:46.685895,2026-04-29 06:14:46.685895,27.65928077697754
2026-04-29 06:14:46.882092,2026-04-29 06:14:46.882092,24.740856170654297
2026-04-29 06:14:47.081924,2026-04-29 06:14:47.081924,25.424259185791016
2026-04-29 06:14:47.283709,2026-04-29 06:14:47.283709,26.005151748657227
2026-04-29 06:14:47.484692,2026-04-29 06:14:47.484692,26.498910903930664
2026-04-29 06:14:47.683214,2026-04-29 06:14:47.683214,26.91860580444336
2026-04-29 06:14:47.884870,2026-04-29 06:14:47.884870,27.09956359863281
2026-04-29 06:14:48.093157,2026-04-29 06:14:48.093157,27.253379821777344
2026-04-29 06:14:48.282408,2026-04-29 06:14:48.282408,27.384122848510746
2026-04-29 06:14:48.483451,2026-04-29 06:14:48.483451,27.49525451660156
2026-04-29 06:14:48.682847,2026-04-29 06:14:48.682847,27.5897159576416
2026-04-29 06:14:48.882410,2026-04-29 06:14:48.882410,27.67000961303711
2026-04-29 06:14:49.084188,2026-04-29 06:14:49.084188,27.738258361816406
2026-04-29 06:14:49.283173,2026-04-29 06:14:49.283173,27.79626846313477
2026-04-29 06:14:49.487611,2026-04-29 06:14:49.487611,27.845579147338867
2026-04-29 06:14:49.688473,2026-04-29 06:14:49.688473,27.88749122619629
2026-04-29 06:14:49.885989,2026-04-29 06:14:49.885989,28.098899841308597
2026-04-29 06:14:50.082085,2026-04-29 06:14:50.082085,28.278594970703125
2026-04-29 06:14:50.284997,2026-04-29 06:14:50.284997,28.431337356567383
2026-04-29 06:14:50.482108,2026-04-29 06:14:50.482108,28.561168670654297
2026-04-29 06:14:50.682841,2026-04-29 06:14:50.682841,28.67152404785156
2026-04-29 06:14:50.892945,2026-04-29 06:14:50.892945,28.76532745361328
2026-04-29 06:14:51.083213,2026-04-29 06:14:51.083213,28.84505844116211
2026-04-29 06:14:51.284691,2026-04-29 06:14:51.284691,28.91283226013184
2026-04-29 06:14:51.487725,2026-04-29 06:14:51.487725,28.97043800354004
2026-04-29 06:14:51.692150,2026-04-29 06:14:51.692150,29.0194034576416
2026-04-29 06:14:51.885647,2026-04-29 06:14:51.885647,29.061023712158203
2026-04-29 06:14:52.086061,2026-04-29 06:14:52.086061,29.09640121459961
2026-04-29 06:14:52.291815,2026-04-29 06:14:52.291815,29.12647247314453
2026-04-29 06:14:52.485034,2026-04-29 06:14:52.485034,29.15203285217285
2026-04-29 06:14:52.685643,2026-04-29 06:14:52.685643,29.17375946044922
2026-04-29 06:14:52.885137,2026-04-29 06:14:52.885137,29.19222640991211
2026-04-29 06:14:53.093967,2026-04-29 06:14:53.093967,29.20792388916016
2026-04-29 06:14:53.292038,2026-04-29 06:14:53.292038,29.22126579284668
2026-04-29 06:14:53.487442,2026-04-29 06:14:53.487442,29.056827545166016
2026-04-29 06:14:53.686055,2026-04-29 06:14:53.686055,28.91705322265625
2026-04-29 06:14:53.893414,2026-04-29 06:14:53.893414,28.79824447631836
2026-04-29 06:14:54.092246,2026-04-29 06:14:54.092246,28.69725799560547
2026-04-29 06:14:54.285553,2026-04-29 06:14:54.285553,28.61141967773437
2026-04-29 06:14:54.485285,2026-04-29 06:14:54.485285,28.53845596313477
2026-04-29 06:14:54.699596,2026-04-29 06:14:54.699596,28.476438522338867
2026-04-29 06:14:54.889428,2026-04-29 06:14:54.889428,28.423723220825195
2026-04-29 06:14:55.085791,2026-04-29 06:14:55.085791,28.37891387939453
2026-04-29 06:14:55.291688,2026-04-29 06:14:55.291688,28.3408260345459
2026-04-29 06:14:55.493034,2026-04-29 06:14:55.493034,28.30845260620117
2026-04-29 06:14:55.686348,2026-04-29 06:14:55.686348,28.280935287475582
2026-04-29 06:14:55.884818,2026-04-29 06:14:55.884818,28.257545471191406
2026-04-29 06:14:56.095314,2026-04-29 06:14:56.095314,28.23766326904297
2026-04-29 06:14:56.295921,2026-04-29 06:14:56.295921,28.22076416015625
2026-04-29 06:14:56.493447,2026-04-29 06:14:56.493447,28.20639991760254
2026-04-29 06:14:56.687353,2026-04-29 06:14:56.687353,28.194189071655277
2026-04-29 06:14:56.894364,2026-04-29 06:14:56.894364,28.00802993774414
2026-04-29 06:14:57.093313,2026-04-29 06:14:57.093313,27.849794387817383
2026-04-29 06:14:57.285958,2026-04-29 06:14:57.285958,27.715293884277344
2026-04-29 06:14:57.487074,2026-04-29 06:14:57.487074,27.60096740722656
2026-04-29 06:14:57.686005,2026-04-29 06:14:57.686005,27.32801055908203
2026-04-29 06:14:57.891782,2026-04-29 06:14:57.891782,27.095996856689453
2026-04-29 06:14:58.095827,2026-04-29 06:14:58.095827,26.89878463745117
2026-04-29 06:14:58.291548,2026-04-29 06:14:58.291548,26.73115348815918
2026-04-29 06:14:58.484843,2026-04-29 06:14:58.484843,26.588668823242188
2026-04-29 06:14:58.694388,2026-04-29 06:14:58.694388,26.46755599975586
2026-04-29 06:14:58.883922,2026-04-29 06:14:58.883922,26.36461067199707
2026-04-29 06:14:59.097670,2026-04-29 06:14:59.097670,26.1013240814209
2026-04-29 06:14:59.295154,2026-04-29 06:14:59.295154,26.05331420898437
2026-04-29 06:14:59.493959,2026-04-29 06:14:59.493959,25.83672332763672
2026-04-29 06:14:59.691573,2026-04-29 06:14:59.691573,25.65262031555176
2026-04-29 06:14:59.885862,2026-04-29 06:14:59.885862,25.49613380432129
2026-04-29 06:15:00.091763,2026-04-29 06:15:00.091763,25.53890037536621
2026-04-29 06:15:00.292108,2026-04-29 06:15:00.292108,25.575254440307617
2026-04-29 06:15:00.483706,2026-04-29 06:15:00.483706,25.60615348815918
2026-04-29 06:15:00.693311,2026-04-29 06:15:00.693311,25.632417678833008
2026-04-29 06:15:00.892224,2026-04-29 06:15:00.892224,25.65474319458008
2026-04-29 06:15:01.092366,2026-04-29 06:15:01.092366,25.67371940612793
2026-04-29 06:15:01.294259,2026-04-29 06:15:01.294259,25.689847946166992
2026-04-29 06:15:01.495612,2026-04-29 06:15:01.495612,25.70355796813965
2026-04-29 06:15:01.693433,2026-04-29 06:15:01.693433,25.715211868286133
2026-04-29 06:15:01.897539,2026-04-29 06:15:01.897539,25.90089988708496
2026-04-29 06:15:02.094410,2026-04-29 06:15:02.094410,25.882951736450195
2026-04-29 06:15:02.293746,2026-04-29 06:15:02.293746,25.86769676208496
2026-04-29 06:15:02.492430,2026-04-29 06:15:02.492430,26.03050994873047
2026-04-29 06:15:02.692599,2026-04-29 06:15:02.692599,26.16890335083008
2026-04-29 06:15:02.894552,2026-04-29 06:15:02.894552,26.28653717041016
2026-04-29 06:15:03.093497,2026-04-29 06:15:03.093497,26.386524200439453
2026-04-29 06:15:03.292583,2026-04-29 06:15:03.292583,26.471513748168945
2026-04-29 06:15:03.493355,2026-04-29 06:15:03.493355,26.54375648498535
2026-04-29 06:15:03.695915,2026-04-29 06:15:03.695915,26.60516166687012
2026-04-29 06:15:03.893932,2026-04-29 06:15:03.893932,26.65735626220703
2026-04-29 06:15:04.092690,2026-04-29 06:15:04.092690,26.70172119140625
2026-04-29 06:15:04.292673,2026-04-29 06:15:04.292673,26.739431381225582
2026-04-29 06:15:04.492919,2026-04-29 06:15:04.492919,26.771486282348636
2026-04-29 06:15:04.695692,2026-04-29 06:15:04.695692,26.798730850219727
2026-04-29 06:15:04.892469,2026-04-29 06:15:04.892469,26.821889877319336
2026-04-29 06:15:17.992904,2026-04-29 06:15:17.992904,26.841575622558597
2026-04-29 06:15:18.197591,2026-04-29 06:15:18.197591,26.858308792114254
2026-04-29 06:15:18.393154,2026-04-29 06:15:18.393154,27.048311233520508
2026-04-29 06:15:18.594557,2026-04-29 06:15:18.594557,27.209815979003903
2026-04-29 06:15:18.791674,2026-04-29 06:15:18.791674,27.34709358215332
2026-04-29 06:15:18.995787,2026-04-29 06:15:18.995787,27.28799819946289
2026-04-29 06:15:19.192589,2026-04-29 06:15:19.192589,27.23776626586914
2026-04-29 06:15:19.392409,2026-04-29 06:15:19.392409,27.195070266723636
2026-04-29 06:15:19.594833,2026-04-29 06:15:19.594833,27.15877914428711
2026-04-29 06:15:19.795834,2026-04-29 06:15:19.795834,27.303712844848636
2026-04-29 06:15:19.987001,2026-04-29 06:15:19.987001,27.251123428344727
2026-04-29 06:15:20.191503,2026-04-29 06:15:20.191503,27.38220596313477
2026-04-29 06:15:20.393917,2026-04-29 06:15:20.393917,27.493623733520508
2026-04-29 06:15:20.595455,2026-04-29 06:15:20.595455,27.58833122253418
2026-04-29 06:15:20.794402,2026-04-29 06:15:20.794402,27.66883087158203
2026-04-29 06:15:20.992271,2026-04-29 06:15:20.992271,27.73725700378418
2026-04-29 06:15:21.193142,2026-04-29 06:15:21.193142,27.79541778564453
2026-04-29 06:15:21.393430,2026-04-29 06:15:21.393430,27.84485626220703
2026-04-29 06:15:21.591949,2026-04-29 06:15:21.591949,27.886877059936523
2026-04-29 06:15:21.797549,2026-04-29 06:15:21.797549,27.922595977783203
2026-04-29 06:15:21.995922,2026-04-29 06:15:21.995922,27.95295524597168
2026-04-29 06:15:22.191628,2026-04-29 06:15:22.191628,27.978763580322266
2026-04-29 06:15:22.398969,2026-04-29 06:15:22.398969,28.00069808959961
2026-04-29 06:15:22.593288,2026-04-29 06:15:22.593288,28.019344329833984
2026-04-29 06:15:22.794125,2026-04-29 06:15:22.794125,28.035192489624023
2026-04-29 06:15:22.998223,2026-04-29 06:15:22.998223,28.048664093017575
2026-04-29 06:15:23.195260,2026-04-29 06:15:23.195260,28.06011390686035
2026-04-29 06:15:23.393038,2026-04-29 06:15:23.393038,28.069847106933597
2026-04-29 06:15:23.593677,2026-04-29 06:15:23.593677,28.0781192779541
2026-04-29 06:15:23.793022,2026-04-29 06:15:23.793022,28.08515167236328
2026-04-29 06:15:23.991790,2026-04-29 06:15:23.991790,28.09112930297852
2026-04-29 06:15:24.199329,2026-04-29 06:15:24.199329,27.920429229736328
2026-04-29 06:15:24.394526,2026-04-29 06:15:24.394526,27.775333404541016
2026-04-29 06:15:24.595375,2026-04-29 06:15:24.595375,27.652002334594727
2026-04-29 06:15:24.793825,2026-04-29 06:15:24.793825,27.54717063903809
2026-04-29 06:15:24.996029,2026-04-29 06:15:24.996029,27.45806312561035
2026-04-29 06:15:25.194810,2026-04-29 06:15:25.194810,27.382322311401367
2026-04-29 06:15:25.393549,2026-04-29 06:15:25.393549,27.317943572998047
2026-04-29 06:15:25.591779,2026-04-29 06:15:25.591779,27.263219833374023
2026-04-29 06:15:25.792449,2026-04-29 06:15:25.792449,27.216705322265625
2026-04-29 06:15:25.992435,2026-04-29 06:15:25.992435,27.177169799804688
2026-04-29 06:15:26.187364,2026-04-29 06:15:26.187364,27.14356231689453
2026-04-29 06:15:26.398331,2026-04-29 06:15:26.398331,27.1149959564209
2026-04-29 06:15:26.592345,2026-04-29 06:15:26.592345,27.090715408325195
2026-04-29 06:15:26.794539,2026-04-29 06:15:26.794539,27.070077896118164
2026-04-29 06:15:26.992330,2026-04-29 06:15:26.992330,27.052534103393555
2026-04-29 06:15:27.196497,2026-04-29 06:15:27.196497,27.037622451782227
2026-04-29 06:15:27.393839,2026-04-29 06:15:27.393839,27.024948120117188
2026-04-29 06:15:27.596917,2026-04-29 06:15:27.596917,27.014175415039062
2026-04-29 06:15:27.791629,2026-04-29 06:15:27.791629,27.00501823425293
2026-04-29 06:15:27.992791,2026-04-29 06:15:27.992791,26.997234344482425
2026-04-29 06:15:28.191596,2026-04-29 06:15:28.191596,26.814836502075195
2026-04-29 06:15:28.395637,2026-04-29 06:15:28.395637,26.83557891845703
2026-04-29 06:15:28.600546,2026-04-29 06:15:28.600546,26.67742919921875
2026-04-29 06:15:28.795459,2026-04-29 06:15:28.795459,26.54300308227539
2026-04-29 06:15:28.992172,2026-04-29 06:15:28.992172,26.42873954772949
2026-04-29 06:15:29.191661,2026-04-29 06:15:29.191661,26.33161735534668
2026-04-29 06:15:29.392070,2026-04-29 06:15:29.392070,26.249061584472656
2026-04-29 06:15:29.596150,2026-04-29 06:15:29.596150,26.178890228271484
2026-04-29 06:15:29.791924,2026-04-29 06:15:29.791924,26.11924362182617
2026-04-29 06:15:30.000839,2026-04-29 06:15:30.000839,26.068544387817383
2026-04-29 06:15:30.195971,2026-04-29 06:15:30.195971,26.025449752807617
2026-04-29 06:15:30.396391,2026-04-29 06:15:30.396391,25.98882102966309
2026-04-29 06:15:30.594583,2026-04-29 06:15:30.594583,25.95768547058105
2026-04-29 06:15:30.784572,2026-04-29 06:15:30.784572,25.93121910095215
2026-04-29 06:15:30.989898,2026-04-29 06:15:30.989898,25.90872383117676
2026-04-29 06:15:31.192132,2026-04-29 06:15:31.192132,25.88960266113281
2026-04-29 06:15:31.391569,2026-04-29 06:15:31.391569,25.873350143432617
2026-04-29 06:15:31.593459,2026-04-29 06:15:31.593459,25.85953521728516
2026-04-29 06:15:31.791584,2026-04-29 06:15:31.791584,25.84779167175293
2026-04-29 06:15:31.991472,2026-04-29 06:15:31.991472,25.837810516357425
2026-04-29 06:15:32.195740,2026-04-29 06:15:32.195740,25.829326629638672
2026-04-29 06:15:32.392491,2026-04-29 06:15:32.392491,25.822114944458008
2026-04-29 06:15:32.596375,2026-04-29 06:15:32.596375,25.81598472595215
2026-04-29 06:15:32.792370,2026-04-29 06:15:32.792370,25.810775756835938
2026-04-29 06:15:32.993119,2026-04-29 06:15:32.993119,25.806346893310547
2026-04-29 06:15:33.195173,2026-04-29 06:15:33.195173,25.80258178710937
2026-04-29 06:15:33.392976,2026-04-29 06:15:33.392976,25.79938125610352
2026-04-29 06:15:33.592248,2026-04-29 06:15:33.592248,25.79666328430176
2026-04-29 06:15:33.792243,2026-04-29 06:15:33.792243,25.79434967041016
2026-04-29 06:15:34.000851,2026-04-29 06:15:34.000851,25.79238510131836
2026-04-29 06:15:34.191758,2026-04-29 06:15:34.191758,24.384464263916016
2026-04-29 06:15:34.391525,2026-04-29 06:15:34.391525,24.593982696533203
2026-04-29 06:15:34.591874,2026-04-29 06:15:34.591874,24.77207374572754
2026-04-29 06:15:34.792289,2026-04-29 06:15:34.792289,23.69297981262207
2026-04-29 06:15:34.991990,2026-04-29 06:15:34.991990,22.775753021240234
2026-04-29 06:15:35.193768,2026-04-29 06:15:35.193768,23.226577758789062
2026-04-29 06:15:35.393543,2026-04-29 06:15:35.393543,22.379308700561523
2026-04-29 06:15:35.592446,2026-04-29 06:15:35.592446,23.06538200378418
2026-04-29 06:15:35.794124,2026-04-29 06:15:35.794124,22.066511154174805
2026-04-29 06:15:35.993289,2026-04-29 06:15:35.993289,21.217472076416016
2026-04-29 06:15:36.192394,2026-04-29 06:15:36.192394,22.07781982421875
2026-04-29 06:15:36.395316,2026-04-29 06:15:36.395316,21.22708511352539
2026-04-29 06:15:36.593930,2026-04-29 06:15:36.593930,20.50395965576172
2026-04-29 06:15:36.791755,2026-04-29 06:15:36.791755,19.88930320739746
2026-04-29 06:15:36.995912,2026-04-29 06:15:36.995912,20.948877334594727
2026-04-29 06:15:37.197370,2026-04-29 06:15:37.197370,21.84951400756836
2026-04-29 06:15:37.392640,2026-04-29 06:15:37.392640,22.61505508422852
2026-04-29 06:15:37.594391,2026-04-29 06:15:37.594391,23.265766143798828
2026-04-29 06:15:37.791736,2026-04-29 06:15:37.791736,23.818870544433597
2026-04-29 06:15:37.992121,2026-04-29 06:15:37.992121,22.70697593688965
2026-04-29 06:15:38.194167,2026-04-29 06:15:38.194167,21.76186752319336
2026-04-29 06:15:38.391622,2026-04-29 06:15:38.391622,20.95852470397949
2026-04-29 06:15:38.594370,2026-04-29 06:15:38.594370,20.275684356689453
2026-04-29 06:15:38.792670,2026-04-29 06:15:38.792670,19.695268630981445
2026-04-29 06:15:38.992764,2026-04-29 06:15:38.992764,19.2019157409668
2026-04-29 06:15:39.192407,2026-04-29 06:15:39.192407,18.78256607055664
2026-04-29 06:15:39.392517,2026-04-29 06:15:39.392517,18.426118850708008
2026-04-29 06:15:39.593514,2026-04-29 06:15:39.593514,18.12313842773437
2026-04-29 06:15:39.793912,2026-04-29 06:15:39.793912,17.865604400634766
2026-04-29 06:15:39.991645,2026-04-29 06:15:39.991645,17.64670181274414
2026-04-29 06:15:40.193026,2026-04-29 06:15:40.193026,17.460634231567383
2026-04-29 06:15:40.393353,2026-04-29 06:15:40.393353,17.30247688293457
2026-04-29 06:15:40.593199,2026-04-29 06:15:40.593199,17.16804313659668
2026-04-29 06:15:40.796775,2026-04-29 06:15:40.796775,17.053773880004883
2026-04-29 06:15:40.992109,2026-04-29 06:15:40.992109,16.956645965576172
2026-04-29 06:15:41.195237,2026-04-29 06:15:41.195237,16.874086380004883
2026-04-29 06:15:41.392159,2026-04-29 06:15:41.392159,16.628129959106445
2026-04-29 06:15:41.592124,2026-04-29 06:15:41.592124,16.419065475463867
2026-04-29 06:15:41.795292,2026-04-29 06:15:41.795292,16.417142868041992
2026-04-29 06:15:41.991904,2026-04-29 06:15:41.991904,16.239728927612305
2026-04-29 06:15:42.186548,2026-04-29 06:15:42.186548,16.264705657958984
2026-04-29 06:15:42.396756,2026-04-29 06:15:42.396756,16.110157012939453
2026-04-29 06:15:42.593201,2026-04-29 06:15:42.593201,16.154571533203125
2026-04-29 06:15:42.794492,2026-04-29 06:15:42.794492,16.19232177734375
2026-04-29 06:15:42.994084,2026-04-29 06:15:42.994084,16.048629760742188
2026-04-29 06:15:43.194876,2026-04-29 06:15:43.194876,16.10227394104004
2026-04-29 06:15:56.291788,2026-04-29 06:15:56.291788,16.147869110107422
2026-04-29 06:15:56.491711,2026-04-29 06:15:56.491711,16.362407684326172
2026-04-29 06:15:56.693291,2026-04-29 06:15:56.693291,16.54476547241211
2026-04-29 06:15:56.896026,2026-04-29 06:15:56.896026,16.699769973754883
2026-04-29 06:15:57.093740,2026-04-29 06:15:57.093740,16.83152198791504
2026-04-29 06:15:57.294499,2026-04-29 06:15:57.294499,16.943513870239258
2026-04-29 06:15:57.492735,2026-04-29 06:15:57.492735,17.038705825805664
2026-04-29 06:15:57.691762,2026-04-29 06:15:57.691762,17.119617462158203
2026-04-29 06:15:57.894287,2026-04-29 06:15:57.894287,17.18839454650879
2026-04-29 06:15:58.092079,2026-04-29 06:15:58.092079,17.24685287475586
2026-04-29 06:15:58.292012,2026-04-29 06:15:58.292012,17.120763778686523
2026-04-29 06:15:58.493397,2026-04-29 06:15:58.493397,17.189367294311523
2026-04-29 06:15:58.695055,2026-04-29 06:15:58.695055,17.2476806640625
2026-04-29 06:15:58.892885,2026-04-29 06:15:58.892885,17.2972469329834
2026-04-29 06:15:59.092800,2026-04-29 06:15:59.092800,17.339378356933594
2026-04-29 06:15:59.296209,2026-04-29 06:15:59.296209,17.55097198486328
2026-04-29 06:15:59.492376,2026-04-29 06:15:59.492376,17.55504608154297
2026-04-29 06:15:59.692321,2026-04-29 06:15:59.692321,17.558507919311523
2026-04-29 06:15:59.891982,2026-04-29 06:15:59.891982,17.56144905090332
2026-04-29 06:16:00.095408,2026-04-29 06:16:00.095408,17.56395149230957
2026-04-29 06:16:00.291880,2026-04-29 06:16:00.291880,17.566076278686523
2026-04-29 06:16:00.493689,2026-04-29 06:16:00.493689,17.56788444519043
2026-04-29 06:16:00.698229,2026-04-29 06:16:00.698229,17.569419860839844
2026-04-29 06:16:00.893358,2026-04-29 06:16:00.893358,17.74650764465332
2026-04-29 06:16:01.091660,2026-04-29 06:16:01.091660,17.897031784057617
2026-04-29 06:16:01.295874,2026-04-29 06:16:01.295874,18.02497673034668
2026-04-29 06:16:01.496280,2026-04-29 06:16:01.496280,18.133729934692383
2026-04-29 06:16:01.697127,2026-04-29 06:16:01.697127,18.226171493530277
2026-04-29 06:16:01.894139,2026-04-29 06:16:01.894139,18.304744720458984
2026-04-29 06:16:02.095233,2026-04-29 06:16:02.095233,18.547313690185547
2026-04-29 06:16:02.295149,2026-04-29 06:16:02.295149,18.753498077392575
2026-04-29 06:16:02.495097,2026-04-29 06:16:02.495097,18.928754806518555
2026-04-29 06:16:02.695824,2026-04-29 06:16:02.695824,19.07772254943848
2026-04-29 06:16:02.896843,2026-04-29 06:16:02.896843,19.204345703125
2026-04-29 06:16:03.094825,2026-04-29 06:16:03.094825,19.311975479125977
2026-04-29 06:16:03.295652,2026-04-29 06:16:03.295652,19.403459548950195
2026-04-29 06:16:03.493937,2026-04-29 06:16:03.493937,19.65700340270996
2026-04-29 06:16:03.695998,2026-04-29 06:16:03.695998,19.872514724731445
2026-04-29 06:16:03.895918,2026-04-29 06:16:03.895918,20.055700302124023
2026-04-29 06:16:04.095275,2026-04-29 06:16:04.095275,20.211408615112305
2026-04-29 06:16:04.291994,2026-04-29 06:16:04.291994,20.343759536743164
2026-04-29 06:16:04.500345,2026-04-29 06:16:04.500345,20.63204002380371
2026-04-29 06:16:04.695713,2026-04-29 06:16:04.695713,20.877077102661133
2026-04-29 06:16:04.892529,2026-04-29 06:16:04.892529,21.085359573364254
2026-04-29 06:16:05.093376,2026-04-29 06:16:05.093376,21.262399673461918
2026-04-29 06:16:05.291704,2026-04-29 06:16:05.291704,21.41288375854492
2026-04-29 06:16:05.495778,2026-04-29 06:16:05.495778,21.540794372558597
2026-04-29 06:16:05.692871,2026-04-29 06:16:05.692871,21.649518966674805
2026-04-29 06:16:05.893004,2026-04-29 06:16:05.893004,21.74193572998047
2026-04-29 06:16:06.093535,2026-04-29 06:16:06.093535,21.82048797607422
2026-04-29 06:16:06.292126,2026-04-29 06:16:06.292126,21.88725852966309
2026-04-29 06:16:06.493511,2026-04-29 06:16:06.493511,21.94401359558105
2026-04-29 06:16:06.698020,2026-04-29 06:16:06.698020,21.99225616455078
2026-04-29 06:16:06.893719,2026-04-29 06:16:06.893719,22.033260345458984
2026-04-29 06:16:07.098611,2026-04-29 06:16:07.098611,22.068115234375
2026-04-29 06:16:07.295108,2026-04-29 06:16:07.295108,22.27352333068848
2026-04-29 06:16:07.491898,2026-04-29 06:16:07.491898,22.2723388671875
2026-04-29 06:16:07.696295,2026-04-29 06:16:07.696295,22.27133178710937
2026-04-29 06:16:07.896951,2026-04-29 06:16:07.896951,22.27047538757324
2026-04-29 06:16:08.092650,2026-04-29 06:16:08.092650,22.26974868774414
2026-04-29 06:16:08.299486,2026-04-29 06:16:08.299486,22.26912879943848
2026-04-29 06:16:08.498121,2026-04-29 06:16:08.498121,22.268604278564453
2026-04-29 06:16:08.693818,2026-04-29 06:16:08.693818,22.268156051635746
2026-04-29 06:16:08.891727,2026-04-29 06:16:08.891727,22.26777648925781
2026-04-29 06:16:09.096577,2026-04-29 06:16:09.096577,22.267454147338867
2026-04-29 06:16:09.292426,2026-04-29 06:16:09.292426,22.267179489135746
2026-04-29 06:16:09.492561,2026-04-29 06:16:09.492561,22.09116554260254
2026-04-29 06:16:09.691749,2026-04-29 06:16:09.691749,21.941553115844727
2026-04-29 06:16:09.893223,2026-04-29 06:16:09.893223,21.814382553100582
2026-04-29 06:16:10.092435,2026-04-29 06:16:10.092435,21.706287384033203
2026-04-29 06:16:10.295076,2026-04-29 06:16:10.295076,21.61440658569336
2026-04-29 06:16:10.492475,2026-04-29 06:16:10.492475,21.36052703857422
2026-04-29 06:16:10.695199,2026-04-29 06:16:10.695199,21.14472961425781
2026-04-29 06:16:10.892157,2026-04-29 06:16:10.892157,20.961301803588867
2026-04-29 06:16:11.091914,2026-04-29 06:16:11.091914,20.80538749694824
2026-04-29 06:16:11.292310,2026-04-29 06:16:11.292310,20.672861099243164
2026-04-29 06:16:11.492259,2026-04-29 06:16:11.492259,20.384431838989254
2026-04-29 06:16:11.692643,2026-04-29 06:16:11.692643,20.13926696777344
2026-04-29 06:16:11.893772,2026-04-29 06:16:11.893772,19.75509452819824
2026-04-29 06:16:12.093197,2026-04-29 06:16:12.093197,19.604331970214844
2026-04-29 06:16:12.291844,2026-04-29 06:16:12.291844,19.47618103027344
2026-04-29 06:16:12.491908,2026-04-29 06:16:12.491908,19.19147300720215
2026-04-29 06:16:12.694098,2026-04-29 06:16:12.694098,18.94947052001953
2026-04-29 06:16:12.892339,2026-04-29 06:16:12.892339,18.7437686920166
2026-04-29 06:16:13.097247,2026-04-29 06:16:13.097247,18.56892204284668
2026-04-29 06:16:13.295503,2026-04-29 06:16:13.295503,18.42030334472656
2026-04-29 06:16:13.494005,2026-04-29 06:16:13.494005,18.293975830078125
2026-04-29 06:16:13.691748,2026-04-29 06:16:13.691748,18.18659782409668
2026-04-29 06:16:13.892411,2026-04-29 06:16:13.892411,18.095327377319336
2026-04-29 06:16:14.093870,2026-04-29 06:16:14.093870,18.01774787902832
2026-04-29 06:16:14.296288,2026-04-29 06:16:14.296288,17.95180320739746
2026-04-29 06:16:14.491900,2026-04-29 06:16:14.491900,17.895751953125
2026-04-29 06:16:14.693133,2026-04-29 06:16:14.693133,17.672327041625977
2026-04-29 06:16:14.898156,2026-04-29 06:16:14.898156,17.65819549560547
2026-04-29 06:16:15.092888,2026-04-29 06:16:15.092888,17.64618492126465
2026-04-29 06:16:15.292392,2026-04-29 06:16:15.292392,17.460195541381836
2026-04-29 06:16:15.492198,2026-04-29 06:16:15.492198,17.30210304260254
2026-04-29 06:16:15.693866,2026-04-29 06:16:15.693866,17.167724609375
2026-04-29 06:16:15.891667,2026-04-29 06:16:15.891667,17.053504943847656
2026-04-29 06:16:16.092916,2026-04-29 06:16:16.092916,16.9564151763916
2026-04-29 06:16:16.291856,2026-04-29 06:16:16.291856,16.873891830444336
2026-04-29 06:16:16.492715,2026-04-29 06:16:16.492715,16.80374526977539
2026-04-29 06:16:16.694330,2026-04-29 06:16:16.694330,16.744121551513672
2026-04-29 06:16:16.892959,2026-04-29 06:16:16.892959,16.693439483642578
2026-04-29 06:16:17.092778,2026-04-29 06:16:17.092778,16.650362014770508
2026-04-29 06:16:17.298623,2026-04-29 06:16:17.298623,16.613744735717773
2026-04-29 06:16:17.492354,2026-04-29 06:16:17.492354,16.58262062072754
2026-04-29 06:16:17.694918,2026-04-29 06:16:17.694918,16.55616569519043
2026-04-29 06:16:17.892983,2026-04-29 06:16:17.892983,16.53367805480957
2026-04-29 06:16:18.100631,2026-04-29 06:16:18.100631,16.514564514160156
2026-04-29 06:16:18.291653,2026-04-29 06:16:18.291653,16.498315811157227
2026-04-29 06:16:18.492931,2026-04-29 06:16:18.492931,16.484506607055664
2026-04-29 06:16:18.698597,2026-04-29 06:16:18.698597,16.472768783569336
2026-04-29 06:16:18.891589,2026-04-29 06:16:18.891589,16.28700828552246
2026-04-29 06:16:19.095306,2026-04-29 06:16:19.095306,16.129114151000977
2026-04-29 06:16:19.291693,2026-04-29 06:16:19.291693,15.994903564453123
2026-04-29 06:16:19.492505,2026-04-29 06:16:19.492505,15.705042839050291
2026-04-29 06:16:19.695847,2026-04-29 06:16:19.695847,15.458661079406738
2026-04-29 06:16:19.895603,2026-04-29 06:16:19.895603,15.073455810546877
2026-04-29 06:16:20.094627,2026-04-29 06:16:20.094627,14.921812057495115
2026-04-29 06:16:20.296248,2026-04-29 06:16:20.296248,14.79291534423828
2026-04-29 06:16:20.494676,2026-04-29 06:16:20.494676,14.683353424072266
2026-04-29 06:16:20.701407,2026-04-29 06:16:20.701407,14.414443969726562
2026-04-29 06:16:20.894160,2026-04-29 06:16:20.894160,14.185871124267578
2026-04-29 06:16:21.095802,2026-04-29 06:16:21.095802,13.991583824157717
2026-04-29 06:16:21.296156,2026-04-29 06:16:21.296156,13.826440811157228
2026-04-29 06:16:21.497182,2026-04-29 06:16:21.497182,13.686067581176758
2026-04-29 06:16:34.593954,2026-04-29 06:16:34.593954,13.39097023010254
2026-04-29 06:16:34.793880,2026-04-29 06:16:34.793880,13.140137672424316
2026-04-29 06:16:34.992345,2026-04-29 06:16:34.992345,12.926929473876951
2026-04-29 06:16:35.194372,2026-04-29 06:16:35.194372,12.745702743530272
2026-04-29 06:16:35.393055,2026-04-29 06:16:35.393055,12.591659545898438
2026-04-29 06:16:35.593707,2026-04-29 06:16:35.593707,12.460722923278809
2026-04-29 06:16:35.793335,2026-04-29 06:16:35.793335,12.349427223205566
2026-04-29 06:16:35.997717,2026-04-29 06:16:35.997717,12.254825592041016
2026-04-29 06:16:36.191812,2026-04-29 06:16:36.191812,12.17441463470459
2026-04-29 06:16:36.396043,2026-04-29 06:16:36.396043,12.106064796447754
2026-04-29 06:16:36.591854,2026-04-29 06:16:36.591854,12.047966957092283
2026-04-29 06:16:36.807201,2026-04-29 06:16:36.807201,11.998584747314451
2026-04-29 06:16:37.005357,2026-04-29 06:16:37.005357,11.956609725952148
2026-04-29 06:16:37.191797,2026-04-29 06:16:37.191797,11.920930862426758
2026-04-29 06:16:37.391632,2026-04-29 06:16:37.391632,12.066384315490724
2026-04-29 06:16:37.592328,2026-04-29 06:16:37.592328,12.190020561218262
2026-04-29 06:16:37.796097,2026-04-29 06:16:37.796097,12.295111656188965
2026-04-29 06:16:37.991665,2026-04-29 06:16:37.991665,12.384438514709473
2026-04-29 06:16:38.193024,2026-04-29 06:16:38.193024,12.284584999084473
2026-04-29 06:16:38.394508,2026-04-29 06:16:38.394508,12.37549114227295
2026-04-29 06:16:38.601922,2026-04-29 06:16:38.601922,12.45276165008545
2026-04-29 06:16:38.792935,2026-04-29 06:16:38.792935,12.518441200256348
2026-04-29 06:16:39.006571,2026-04-29 06:16:39.006571,12.574268341064451
2026-04-29 06:16:39.196341,2026-04-29 06:16:39.196341,12.621722221374512
2026-04-29 06:16:39.396005,2026-04-29 06:16:39.396005,12.662056922912598
2026-04-29 06:16:39.591886,2026-04-29 06:16:39.591886,12.52056121826172
2026-04-29 06:16:39.793013,2026-04-29 06:16:39.793013,12.40028953552246
2026-04-29 06:16:39.992265,2026-04-29 06:16:39.992265,12.29805850982666
2026-04-29 06:16:40.192707,2026-04-29 06:16:40.192707,12.211162567138672
2026-04-29 06:16:40.394322,2026-04-29 06:16:40.394322,12.137300491333008
2026-04-29 06:16:40.596931,2026-04-29 06:16:40.596931,12.074518203735352
2026-04-29 06:16:40.795224,2026-04-29 06:16:40.795224,12.02115249633789
2026-04-29 06:16:40.997664,2026-04-29 06:16:40.997664,11.975791931152344
2026-04-29 06:16:41.193245,2026-04-29 06:16:41.193245,11.937235832214355
2026-04-29 06:16:41.395204,2026-04-29 06:16:41.395204,11.728681564331056
2026-04-29 06:16:41.592513,2026-04-29 06:16:41.592513,11.551410675048828
2026-04-29 06:16:41.792623,2026-04-29 06:16:41.792623,11.57651138305664
2026-04-29 06:16:41.993468,2026-04-29 06:16:41.993468,11.59784698486328
2026-04-29 06:16:42.193684,2026-04-29 06:16:42.193684,11.61598300933838
2026-04-29 06:16:42.392498,2026-04-29 06:16:42.392498,11.63139820098877
2026-04-29 06:16:42.596749,2026-04-29 06:16:42.596749,11.644500732421877
2026-04-29 06:16:42.791731,2026-04-29 06:16:42.791731,11.655637741088867
2026-04-29 06:16:42.994238,2026-04-29 06:16:42.994238,11.665104866027832
2026-04-29 06:16:43.192393,2026-04-29 06:16:43.192393,11.673151969909668
2026-04-29 06:16:43.392979,2026-04-29 06:16:43.392979,11.679991722106934
2026-04-29 06:16:43.592706,2026-04-29 06:16:43.592706,11.685805320739746
2026-04-29 06:16:43.797406,2026-04-29 06:16:43.797406,11.690747261047363
2026-04-29 06:16:43.994108,2026-04-29 06:16:43.994108,11.694947242736816
2026-04-29 06:16:44.201697,2026-04-29 06:16:44.201697,11.52273654937744
2026-04-29 06:16:44.394949,2026-04-29 06:16:44.394949,11.376357078552246
2026-04-29 06:16:44.593027,2026-04-29 06:16:44.593027,11.251935005187988
2026-04-29 06:16:44.794811,2026-04-29 06:16:44.794811,11.1461763381958
2026-04-29 06:16:44.997913,2026-04-29 06:16:44.997913,10.880499839782717
2026-04-29 06:16:45.196665,2026-04-29 06:16:45.196665,10.830455780029297
2026-04-29 06:16:45.394217,2026-04-29 06:16:45.394217,10.787919044494627
2026-04-29 06:16:45.593384,2026-04-29 06:16:45.593384,10.75176239013672
2026-04-29 06:16:45.795532,2026-04-29 06:16:45.795532,10.721029281616213
2026-04-29 06:16:45.995676,2026-04-29 06:16:45.995676,10.870687484741213
2026-04-29 06:16:46.201607,2026-04-29 06:16:46.201607,10.822114944458008
2026-04-29 06:16:46.395960,2026-04-29 06:16:46.395960,10.780829429626465
2026-04-29 06:16:46.604057,2026-04-29 06:16:46.604057,10.745736122131348
2026-04-29 06:16:46.792543,2026-04-29 06:16:46.792543,10.715907096862791
2026-04-29 06:16:47.001620,2026-04-29 06:16:47.001620,10.6905517578125
2026-04-29 06:16:47.193981,2026-04-29 06:16:47.193981,10.493219375610352
2026-04-29 06:16:47.392868,2026-04-29 06:16:47.392868,10.501267433166504
2026-04-29 06:16:47.594353,2026-04-29 06:16:47.594353,10.508109092712402
2026-04-29 06:16:47.804773,2026-04-29 06:16:47.804773,10.513923645019531
2026-04-29 06:16:48.000019,2026-04-29 06:16:48.000019,10.518866539001465
2026-04-29 06:16:48.202767,2026-04-29 06:16:48.202767,10.523067474365234
2026-04-29 06:16:48.393573,2026-04-29 06:16:48.393573,10.526638984680176
2026-04-29 06:16:48.593850,2026-04-29 06:16:48.593850,10.529674530029297
2026-04-29 06:16:48.803716,2026-04-29 06:16:48.803716,10.532254219055176
2026-04-29 06:16:49.001585,2026-04-29 06:16:49.001585,10.53444766998291
2026-04-29 06:16:49.206597,2026-04-29 06:16:49.206597,10.536311149597168
2026-04-29 06:16:49.396543,2026-04-29 06:16:49.396543,10.362114906311035
2026-04-29 06:16:49.603076,2026-04-29 06:16:49.603076,10.2140474319458
2026-04-29 06:16:49.804474,2026-04-29 06:16:49.804474,10.088190078735352
2026-04-29 06:16:50.004588,2026-04-29 06:16:50.004588,9.98121166229248
2026-04-29 06:16:50.202992,2026-04-29 06:16:50.202992,9.89027976989746
2026-04-29 06:16:50.411535,2026-04-29 06:16:50.411535,9.98876953125
2026-04-29 06:16:50.602358,2026-04-29 06:16:50.602358,9.896703720092772
2026-04-29 06:16:50.801538,2026-04-29 06:16:50.801538,9.818448066711426
2026-04-29 06:16:51.001600,2026-04-29 06:16:51.001600,9.751931190490724
2026-04-29 06:16:51.195429,2026-04-29 06:16:51.195429,9.695391654968262
2026-04-29 06:16:51.405625,2026-04-29 06:16:51.405625,9.647333145141602
2026-04-29 06:16:51.607195,2026-04-29 06:16:51.607195,9.60648250579834
2026-04-29 06:16:51.805221,2026-04-29 06:16:51.805221,9.571760177612305
2026-04-29 06:16:51.993639,2026-04-29 06:16:51.993639,9.542245864868164
2026-04-29 06:16:52.207510,2026-04-29 06:16:52.207510,9.517159461975098
2026-04-29 06:16:52.408308,2026-04-29 06:16:52.408308,9.495835304260254
2026-04-29 06:16:52.604409,2026-04-29 06:16:52.604409,9.653491020202637
2026-04-29 06:16:52.804145,2026-04-29 06:16:52.804145,9.787498474121094
2026-04-29 06:16:53.008929,2026-04-29 06:16:53.008929,9.901405334472656
2026-04-29 06:16:53.206623,2026-04-29 06:16:53.206623,9.998226165771484
2026-04-29 06:16:53.405618,2026-04-29 06:16:53.405618,10.080523490905762
2026-04-29 06:16:53.609567,2026-04-29 06:16:53.609567,10.15047550201416
2026-04-29 06:16:53.803296,2026-04-29 06:16:53.803296,10.209936141967772
2026-04-29 06:16:53.993243,2026-04-29 06:16:53.993243,10.26047706604004
2026-04-29 06:16:54.202897,2026-04-29 06:16:54.202897,10.303436279296877
2026-04-29 06:16:54.402218,2026-04-29 06:16:54.402218,10.33995246887207
2026-04-29 06:16:54.602983,2026-04-29 06:16:54.602983,10.370990753173828
2026-04-29 06:16:54.793877,2026-04-29 06:16:54.793877,12.15518569946289
2026-04-29 06:16:54.994830,2026-04-29 06:16:54.994830,11.913939476013184
2026-04-29 06:16:55.207088,2026-04-29 06:16:55.207088,13.466691970825195
2026-04-29 06:16:55.409533,2026-04-29 06:16:55.409533,14.786532402038574
2026-04-29 06:16:55.594110,2026-04-29 06:16:55.594110,15.908395767211914
2026-04-29 06:16:55.793868,2026-04-29 06:16:55.793868,16.861980438232422
2026-04-29 06:16:55.995334,2026-04-29 06:16:55.995334,17.672527313232422
2026-04-29 06:16:56.207928,2026-04-29 06:16:56.207928,18.361492156982425
2026-04-29 06:16:56.404508,2026-04-29 06:16:56.404508,18.947111129760746
2026-04-29 06:16:56.605466,2026-04-29 06:16:56.605466,19.44488906860352
2026-04-29 06:16:56.796682,2026-04-29 06:16:56.796682,19.692218780517575
2026-04-29 06:16:57.003261,2026-04-29 06:16:57.003261,20.078229904174805
2026-04-29 06:16:57.204830,2026-04-29 06:16:57.204830,20.40633773803711
2026-04-29 06:16:57.395800,2026-04-29 06:16:57.395800,20.685232162475582
2026-04-29 06:16:57.602786,2026-04-29 06:16:57.602786,20.922290802001957
2026-04-29 06:16:57.802081,2026-04-29 06:16:57.802081,21.1237907409668
2026-04-29 06:16:58.002086,2026-04-29 06:16:58.002086,21.11928367614746
2026-04-29 06:16:58.197471,2026-04-29 06:16:58.197471,21.115453720092773
2026-04-29 06:16:58.401915,2026-04-29 06:16:58.401915,21.11219787597656
2026-04-29 06:16:58.605861,2026-04-29 06:16:58.605861,21.109432220458984
2026-04-29 06:16:58.795149,2026-04-29 06:16:58.795149,21.107078552246094
2026-04-29 06:16:59.004506,2026-04-29 06:16:59.004506,21.105079650878903
2026-04-29 06:16:59.201946,2026-04-29 06:16:59.201946,21.10338020324707
2026-04-29 06:16:59.395144,2026-04-29 06:16:59.395144,21.10193634033203
2026-04-29 06:16:59.602468,2026-04-29 06:16:59.602468,20.9249267578125
2026-04-29 06:16:59.796465,2026-04-29 06:16:59.796465,20.77446937561035
2026-04-29 06:17:12.901727,2026-04-29 06:17:12.901727,20.82236099243164
2026-04-29 06:17:13.103096,2026-04-29 06:17:13.103096,20.68728828430176
2026-04-29 06:17:13.308790,2026-04-29 06:17:13.308790,20.39669418334961
2026-04-29 06:17:13.503580,2026-04-29 06:17:13.503580,20.14969062805176
2026-04-29 06:17:13.706234,2026-04-29 06:17:13.706234,19.93973731994629
2026-04-29 06:17:13.902639,2026-04-29 06:17:13.902639,19.761276245117188
2026-04-29 06:17:14.106698,2026-04-29 06:17:14.106698,19.60958480834961
2026-04-29 06:17:14.303272,2026-04-29 06:17:14.303272,19.480648040771484
2026-04-29 06:17:14.503665,2026-04-29 06:17:14.503665,19.546831130981445
2026-04-29 06:17:14.702711,2026-04-29 06:17:14.702711,19.60308837890625
2026-04-29 06:17:14.905202,2026-04-29 06:17:14.905202,19.65090560913086
2026-04-29 06:17:15.103659,2026-04-29 06:17:15.103659,19.691551208496094
2026-04-29 06:17:15.302531,2026-04-29 06:17:15.302531,19.550317764282227
2026-04-29 06:17:15.494092,2026-04-29 06:17:15.494092,19.43027114868164
2026-04-29 06:17:15.708009,2026-04-29 06:17:15.708009,19.152448654174805
2026-04-29 06:17:15.901705,2026-04-29 06:17:15.901705,19.44364356994629
2026-04-29 06:17:16.104187,2026-04-29 06:17:16.104187,20.042722702026367
2026-04-29 06:17:16.306386,2026-04-29 06:17:16.306386,20.55193901062012
2026-04-29 06:17:16.506054,2026-04-29 06:17:16.506054,21.160554885864254
2026-04-29 06:17:16.706612,2026-04-29 06:17:16.706612,21.67787742614746
2026-04-29 06:17:16.905055,2026-04-29 06:17:16.905055,22.11760139465332
2026-04-29 06:17:17.106382,2026-04-29 06:17:17.106382,22.49136734008789
2026-04-29 06:17:17.310410,2026-04-29 06:17:17.310410,22.80906867980957
2026-04-29 06:17:17.502231,2026-04-29 06:17:17.502231,23.07911491394043
2026-04-29 06:17:17.705406,2026-04-29 06:17:17.705406,23.30865478515625
2026-04-29 06:17:17.905034,2026-04-29 06:17:17.905034,23.503761291503903
2026-04-29 06:17:18.106916,2026-04-29 06:17:18.106916,23.66960334777832
2026-04-29 06:17:18.302134,2026-04-29 06:17:18.302134,23.810569763183597
2026-04-29 06:17:18.510309,2026-04-29 06:17:18.510309,21.821016311645508
2026-04-29 06:17:18.704210,2026-04-29 06:17:18.704210,20.1298942565918
2026-04-29 06:17:18.903649,2026-04-29 06:17:18.903649,18.692441940307617
2026-04-29 06:17:19.101717,2026-04-29 06:17:19.101717,17.470605850219727
2026-04-29 06:17:19.302299,2026-04-29 06:17:19.302299,16.43204689025879
2026-04-29 06:17:19.503401,2026-04-29 06:17:19.503401,15.549270629882812
2026-04-29 06:17:19.702509,2026-04-29 06:17:19.702509,14.798912048339844
2026-04-29 06:17:19.902200,2026-04-29 06:17:19.902200,14.16110610961914
2026-04-29 06:17:20.101889,2026-04-29 06:17:20.101889,13.618971824645996
2026-04-29 06:17:20.303173,2026-04-29 06:17:20.303173,13.158157348632812
2026-04-29 06:17:20.501685,2026-04-29 06:17:20.501685,12.766464233398438
2026-04-29 06:17:20.702334,2026-04-29 06:17:20.702334,12.433526039123535
2026-04-29 06:17:20.901735,2026-04-29 06:17:20.901735,12.15052890777588
2026-04-29 06:17:21.104547,2026-04-29 06:17:21.104547,11.90998077392578
2026-04-29 06:17:21.302534,2026-04-29 06:17:21.302534,11.705514907836914
2026-04-29 06:17:21.508622,2026-04-29 06:17:21.508622,11.531719207763672
2026-04-29 06:17:21.702057,2026-04-29 06:17:21.702057,11.383992195129396
2026-04-29 06:17:21.903713,2026-04-29 06:17:21.903713,11.258424758911133
2026-04-29 06:17:22.101730,2026-04-29 06:17:22.101730,11.151692390441896
2026-04-29 06:17:22.303198,2026-04-29 06:17:22.303198,11.060969352722168
2026-04-29 06:17:22.504073,2026-04-29 06:17:22.504073,10.98385524749756
2026-04-29 06:17:22.702373,2026-04-29 06:17:22.702373,10.91830825805664
2026-04-29 06:17:22.904032,2026-04-29 06:17:22.904032,10.862593650817873
2026-04-29 06:17:23.102612,2026-04-29 06:17:23.102612,10.815235137939451
2026-04-29 06:17:23.301778,2026-04-29 06:17:23.301778,10.774981498718262
2026-04-29 06:17:23.505618,2026-04-29 06:17:23.505618,10.740765571594238
2026-04-29 06:17:23.701566,2026-04-29 06:17:23.701566,10.711682319641112
2026-04-29 06:17:23.902727,2026-04-29 06:17:23.902727,10.68696117401123
2026-04-29 06:17:24.105932,2026-04-29 06:17:24.105932,10.665947914123535
2026-04-29 06:17:24.302128,2026-04-29 06:17:24.302128,10.64808750152588
2026-04-29 06:17:24.504432,2026-04-29 06:17:24.504432,10.632905006408691
2026-04-29 06:17:24.714839,2026-04-29 06:17:24.714839,10.620000839233398
2026-04-29 06:17:24.902543,2026-04-29 06:17:24.902543,10.609031677246094
2026-04-29 06:17:25.103227,2026-04-29 06:17:25.103227,10.423927307128906
2026-04-29 06:17:25.307961,2026-04-29 06:17:25.307961,10.26658821105957
2026-04-29 06:17:25.507441,2026-04-29 06:17:25.507441,10.13284969329834
2026-04-29 06:17:25.703024,2026-04-29 06:17:25.703024,10.019172668457031
2026-04-29 06:17:25.902534,2026-04-29 06:17:25.902534,9.92254638671875
2026-04-29 06:17:26.101672,2026-04-29 06:17:26.101672,9.840414047241213
2026-04-29 06:17:26.303811,2026-04-29 06:17:26.303811,9.946383476257324
2026-04-29 06:17:26.501736,2026-04-29 06:17:26.501736,10.036457061767578
2026-04-29 06:17:26.702676,2026-04-29 06:17:26.702676,10.113019943237305
2026-04-29 06:17:26.901662,2026-04-29 06:17:26.901662,10.178098678588867
2026-04-29 06:17:27.104902,2026-04-29 06:17:27.104902,10.23341464996338
2026-04-29 06:17:27.304155,2026-04-29 06:17:27.304155,10.280433654785156
2026-04-29 06:17:27.504057,2026-04-29 06:17:27.504057,10.32040023803711
2026-04-29 06:17:27.702804,2026-04-29 06:17:27.702804,11.584839820861816
2026-04-29 06:17:27.901560,2026-04-29 06:17:27.901560,11.429144859313965
2026-04-29 06:17:28.104556,2026-04-29 06:17:28.104556,11.296804428100586
2026-04-29 06:17:28.301665,2026-04-29 06:17:28.301665,11.18431568145752
2026-04-29 06:17:28.501661,2026-04-29 06:17:28.501661,11.088699340820312
2026-04-29 06:17:28.702163,2026-04-29 06:17:28.702163,10.83164405822754
2026-04-29 06:17:28.902856,2026-04-29 06:17:28.902856,10.613147735595703
2026-04-29 06:17:29.107830,2026-04-29 06:17:29.107830,10.603206634521484
2026-04-29 06:17:29.302629,2026-04-29 06:17:29.302629,12.001007080078123
2026-04-29 06:17:29.504252,2026-04-29 06:17:29.504252,11.78288745880127
2026-04-29 06:17:29.704011,2026-04-29 06:17:29.704011,13.003735542297363
2026-04-29 06:17:29.905322,2026-04-29 06:17:29.905322,14.21723747253418
2026-04-29 06:17:30.105174,2026-04-29 06:17:30.105174,15.248714447021484
2026-04-29 06:17:30.304950,2026-04-29 06:17:30.304950,16.125469207763672
2026-04-29 06:17:30.508330,2026-04-29 06:17:30.508330,17.046493530273438
2026-04-29 06:17:30.703187,2026-04-29 06:17:30.703187,17.653581619262695
2026-04-29 06:17:30.907733,2026-04-29 06:17:30.907733,18.169607162475582
2026-04-29 06:17:31.109472,2026-04-29 06:17:31.109472,18.60822868347168
2026-04-29 06:17:31.306231,2026-04-29 06:17:31.306231,18.981056213378903
2026-04-29 06:17:31.505628,2026-04-29 06:17:31.505628,19.29796028137207
2026-04-29 06:17:31.703117,2026-04-29 06:17:31.703117,19.56732940673828
2026-04-29 06:17:31.908597,2026-04-29 06:17:31.908597,19.79629135131836
2026-04-29 06:17:32.106150,2026-04-29 06:17:32.106150,19.99091148376465
2026-04-29 06:17:32.304213,2026-04-29 06:17:32.304213,20.15633583068848
2026-04-29 06:17:32.506518,2026-04-29 06:17:32.506518,20.29694938659668
2026-04-29 06:17:32.712128,2026-04-29 06:17:32.712128,20.41646957397461
2026-04-29 06:17:32.902184,2026-04-29 06:17:32.902184,20.5180606842041
2026-04-29 06:17:33.102702,2026-04-29 06:17:33.102702,20.60441398620605
2026-04-29 06:17:33.304411,2026-04-29 06:17:33.304411,20.853595733642575
2026-04-29 06:17:33.507699,2026-04-29 06:17:33.507699,21.065401077270508
2026-04-29 06:17:33.704516,2026-04-29 06:17:33.704516,21.245433807373047
2026-04-29 06:17:33.902597,2026-04-29 06:17:33.902597,19.464868545532227
2026-04-29 06:17:34.106553,2026-04-29 06:17:34.106553,17.95138931274414
2026-04-29 06:17:34.304602,2026-04-29 06:17:34.304602,18.59852409362793
2026-04-29 06:17:34.502535,2026-04-29 06:17:34.502535,17.214996337890625
2026-04-29 06:17:34.705872,2026-04-29 06:17:34.705872,16.03899574279785
2026-04-29 06:17:34.903955,2026-04-29 06:17:34.903955,15.039396286010742
2026-04-29 06:17:35.104045,2026-04-29 06:17:35.104045,14.189737319946287
2026-04-29 06:17:35.306131,2026-04-29 06:17:35.306131,13.46752643585205
2026-04-29 06:17:35.508172,2026-04-29 06:17:35.508172,12.853647232055664
2026-04-29 06:17:35.705107,2026-04-29 06:17:35.705107,12.331850051879885
2026-04-29 06:17:35.905668,2026-04-29 06:17:35.905668,11.888322830200195
2026-04-29 06:17:36.107695,2026-04-29 06:17:36.107695,11.511324882507324
2026-04-29 06:17:36.306510,2026-04-29 06:17:36.306510,11.190876007080078
2026-04-29 06:17:36.506797,2026-04-29 06:17:36.506797,11.09427547454834
2026-04-29 06:17:36.702515,2026-04-29 06:17:36.702515,11.012166023254396
2026-04-29 06:17:36.902453,2026-04-29 06:17:36.902453,10.76659107208252
2026-04-29 06:17:37.102386,2026-04-29 06:17:37.102386,10.733633041381836
2026-04-29 06:17:37.303097,2026-04-29 06:17:37.303097,10.70561981201172
2026-04-29 06:17:37.507806,2026-04-29 06:17:37.507806,10.681807518005373
2026-04-29 06:17:37.711342,2026-04-29 06:17:37.711342,10.66156768798828
2026-04-29 06:17:37.901793,2026-04-29 06:17:37.901793,10.644364356994627
2026-04-29 06:17:38.101855,2026-04-29 06:17:38.101855,10.629740715026855
2026-04-29 06:17:51.205277,2026-04-29 06:17:51.205277,10.617310523986816
2026-04-29 06:17:51.402407,2026-04-29 06:17:51.402407,10.606745719909668
2026-04-29 06:17:51.604085,2026-04-29 06:17:51.604085,10.59776496887207
2026-04-29 06:17:51.806432,2026-04-29 06:17:51.806432,10.414350509643556
2026-04-29 06:17:52.004950,2026-04-29 06:17:52.004950,10.258447647094728
2026-04-29 06:17:52.203905,2026-04-29 06:17:52.203905,10.125930786132812
2026-04-29 06:17:52.406171,2026-04-29 06:17:52.406171,10.013291358947754
2026-04-29 06:17:52.605021,2026-04-29 06:17:52.605021,9.917547225952148
2026-04-29 06:17:52.803939,2026-04-29 06:17:52.803939,9.83616542816162
2026-04-29 06:17:53.003711,2026-04-29 06:17:53.003711,9.766990661621094
2026-04-29 06:17:53.205285,2026-04-29 06:17:53.205285,12.520691871643066
2026-04-29 06:17:53.403674,2026-04-29 06:17:53.403674,12.048837661743164
2026-04-29 06:17:53.604065,2026-04-29 06:17:53.604065,14.460262298583984
2026-04-29 06:17:53.804665,2026-04-29 06:17:53.804665,16.509973526000977
2026-04-29 06:17:54.006329,2026-04-29 06:17:54.006329,18.252227783203125
2026-04-29 06:17:54.209406,2026-04-29 06:17:54.209406,19.733142852783203
2026-04-29 06:17:54.404602,2026-04-29 06:17:54.404602,20.99192237854004
2026-04-29 06:17:54.603713,2026-04-29 06:17:54.603713,22.0618839263916
2026-04-29 06:17:54.804713,2026-04-29 06:17:54.804713,22.97135162353516
2026-04-29 06:17:55.008266,2026-04-29 06:17:55.008266,23.92017936706543
2026-04-29 06:17:55.203614,2026-04-29 06:17:55.203614,24.7266845703125
2026-04-29 06:17:55.404766,2026-04-29 06:17:55.404766,25.41221237182617
2026-04-29 06:17:55.607873,2026-04-29 06:17:55.607873,25.994911193847656
2026-04-29 06:17:55.808622,2026-04-29 06:17:55.808622,26.490205764770508
2026-04-29 06:17:56.003201,2026-04-29 06:17:56.003201,26.91120719909668
2026-04-29 06:17:56.201694,2026-04-29 06:17:56.201694,27.26905632019043
2026-04-29 06:17:56.406656,2026-04-29 06:17:56.406656,27.57322883605957
2026-04-29 06:17:56.603632,2026-04-29 06:17:56.603632,27.831775665283203
2026-04-29 06:17:56.802849,2026-04-29 06:17:56.802849,28.05154037475586
2026-04-29 06:17:57.005692,2026-04-29 06:17:57.005692,28.062559127807617
2026-04-29 06:17:57.204205,2026-04-29 06:17:57.204205,28.24770736694336
2026-04-29 06:17:57.402035,2026-04-29 06:17:57.402035,28.22930145263672
2026-04-29 06:17:57.607955,2026-04-29 06:17:57.607955,28.21365547180176
2026-04-29 06:17:57.801768,2026-04-29 06:17:57.801768,28.20035743713379
2026-04-29 06:17:58.005739,2026-04-29 06:17:58.005739,28.189054489135746
2026-04-29 06:17:58.202759,2026-04-29 06:17:58.202759,28.179445266723636
2026-04-29 06:17:58.401682,2026-04-29 06:17:58.401682,27.99549865722656
2026-04-29 06:17:58.602446,2026-04-29 06:17:58.602446,28.014923095703125
2026-04-29 06:17:58.802310,2026-04-29 06:17:58.802310,28.031435012817383
2026-04-29 06:17:59.003828,2026-04-29 06:17:59.003828,28.045469284057617
2026-04-29 06:17:59.203539,2026-04-29 06:17:59.203539,27.88161849975586
2026-04-29 06:17:59.403675,2026-04-29 06:17:59.403675,27.74234390258789
2026-04-29 06:17:59.603121,2026-04-29 06:17:59.603121,27.62396049499512
2026-04-29 06:17:59.801762,2026-04-29 06:17:59.801762,27.52333641052246
2026-04-29 06:18:00.002004,2026-04-29 06:18:00.002004,27.437803268432617
2026-04-29 06:18:00.202399,2026-04-29 06:18:00.202399,27.365102767944336
2026-04-29 06:18:00.402342,2026-04-29 06:18:00.402342,27.47908592224121
2026-04-29 06:18:00.602389,2026-04-29 06:18:00.602389,27.400192260742188
2026-04-29 06:18:00.806154,2026-04-29 06:18:00.806154,27.333131790161133
2026-04-29 06:18:01.002536,2026-04-29 06:18:01.002536,27.45191192626953
2026-04-29 06:18:01.202043,2026-04-29 06:18:01.202043,27.552875518798828
2026-04-29 06:18:01.401621,2026-04-29 06:18:01.401621,27.638694763183597
2026-04-29 06:18:01.603740,2026-04-29 06:18:01.603740,27.711639404296875
2026-04-29 06:18:01.802343,2026-04-29 06:18:01.802343,27.773643493652344
2026-04-29 06:18:02.006428,2026-04-29 06:18:02.006428,27.82634735107422
2026-04-29 06:18:02.203868,2026-04-29 06:18:02.203868,28.04692649841309
2026-04-29 06:18:02.403630,2026-04-29 06:18:02.403630,27.179731369018555
2026-04-29 06:18:02.601960,2026-04-29 06:18:02.601960,26.442615509033203
2026-04-29 06:18:02.809161,2026-04-29 06:18:02.809161,25.64028549194336
2026-04-29 06:18:03.004471,2026-04-29 06:18:03.004471,24.95830535888672
2026-04-29 06:18:03.203160,2026-04-29 06:18:03.203160,24.37862205505371
2026-04-29 06:18:03.403457,2026-04-29 06:18:03.403457,23.88589096069336
2026-04-29 06:18:03.601942,2026-04-29 06:18:03.601942,23.46706962585449
2026-04-29 06:18:03.802786,2026-04-29 06:18:03.802786,23.111072540283203
2026-04-29 06:18:04.001688,2026-04-29 06:18:04.001688,22.808473587036133
2026-04-29 06:18:04.206204,2026-04-29 06:18:04.206204,22.55126571655273
2026-04-29 06:18:04.402666,2026-04-29 06:18:04.402666,22.332637786865234
2026-04-29 06:18:04.602021,2026-04-29 06:18:04.602021,22.146804809570312
2026-04-29 06:18:04.801860,2026-04-29 06:18:04.801860,21.988845825195312
2026-04-29 06:18:05.002397,2026-04-29 06:18:05.002397,21.854581832885746
2026-04-29 06:18:05.201798,2026-04-29 06:18:05.201798,21.74045753479004
2026-04-29 06:18:05.401744,2026-04-29 06:18:05.401744,21.643451690673828
2026-04-29 06:18:05.603839,2026-04-29 06:18:05.603839,21.56099510192871
2026-04-29 06:18:05.802810,2026-04-29 06:18:05.802810,21.490909576416016
2026-04-29 06:18:06.002217,2026-04-29 06:18:06.002217,21.43133544921875
2026-04-29 06:18:06.208038,2026-04-29 06:18:06.208038,21.38069725036621
2026-04-29 06:18:06.401940,2026-04-29 06:18:06.401940,21.337656021118164
2026-04-29 06:18:06.604678,2026-04-29 06:18:06.604678,21.301069259643555
2026-04-29 06:18:06.804449,2026-04-29 06:18:06.804449,21.09419059753418
2026-04-29 06:18:07.002392,2026-04-29 06:18:07.002392,20.91834259033203
2026-04-29 06:18:07.202468,2026-04-29 06:18:07.202468,20.94465446472168
2026-04-29 06:18:07.404006,2026-04-29 06:18:07.404006,20.791236877441406
2026-04-29 06:18:07.602870,2026-04-29 06:18:07.602870,20.66083335876465
2026-04-29 06:18:07.802692,2026-04-29 06:18:07.802692,20.549989700317383
2026-04-29 06:18:08.003082,2026-04-29 06:18:08.003082,20.631553649902344
2026-04-29 06:18:08.202767,2026-04-29 06:18:08.202767,20.70088195800781
2026-04-29 06:18:08.401702,2026-04-29 06:18:08.401702,20.75981330871582
2026-04-29 06:18:08.602031,2026-04-29 06:18:08.602031,20.809904098510746
2026-04-29 06:18:08.802191,2026-04-29 06:18:08.802191,20.852479934692383
2026-04-29 06:18:09.003920,2026-04-29 06:18:09.003920,20.888669967651367
2026-04-29 06:18:09.203714,2026-04-29 06:18:09.203714,20.91943359375
2026-04-29 06:18:09.402357,2026-04-29 06:18:09.402357,20.945579528808597
2026-04-29 06:18:09.603861,2026-04-29 06:18:09.603861,20.96780586242676
2026-04-29 06:18:09.803638,2026-04-29 06:18:09.803638,21.16247940063477
2026-04-29 06:18:10.004032,2026-04-29 06:18:10.004032,21.15217018127441
2026-04-29 06:18:10.206225,2026-04-29 06:18:10.206225,22.37387466430664
2026-04-29 06:18:10.405305,2026-04-29 06:18:10.405305,23.412324905395508
2026-04-29 06:18:10.606485,2026-04-29 06:18:10.606485,23.94344520568848
2026-04-29 06:18:10.804255,2026-04-29 06:18:10.804255,24.7464599609375
2026-04-29 06:18:11.005175,2026-04-29 06:18:11.005175,25.25324058532715
2026-04-29 06:18:11.207481,2026-04-29 06:18:11.207481,25.85978507995605
2026-04-29 06:18:11.406680,2026-04-29 06:18:11.406680,26.199567794799805
2026-04-29 06:18:11.604944,2026-04-29 06:18:11.604944,26.48838233947754
2026-04-29 06:18:11.802434,2026-04-29 06:18:11.802434,26.733875274658203
2026-04-29 06:18:12.005757,2026-04-29 06:18:12.005757,26.94254493713379
2026-04-29 06:18:12.205066,2026-04-29 06:18:12.205066,27.11991310119629
2026-04-29 06:18:12.405892,2026-04-29 06:18:12.405892,27.270675659179688
2026-04-29 06:18:12.609947,2026-04-29 06:18:12.609947,27.39882469177246
2026-04-29 06:18:12.803636,2026-04-29 06:18:12.803636,27.50775146484375
2026-04-29 06:18:13.007724,2026-04-29 06:18:13.007724,27.60033798217773
2026-04-29 06:18:13.210472,2026-04-29 06:18:13.210472,27.67903709411621
2026-04-29 06:18:13.403007,2026-04-29 06:18:13.403007,27.74593162536621
2026-04-29 06:18:13.604690,2026-04-29 06:18:13.604690,27.978572845458984
2026-04-29 06:18:13.803039,2026-04-29 06:18:13.803039,28.176319122314453
2026-04-29 06:18:14.002132,2026-04-29 06:18:14.002132,28.344402313232425
2026-04-29 06:18:14.204064,2026-04-29 06:18:14.204064,28.48727226257324
2026-04-29 06:18:14.403244,2026-04-29 06:18:14.403244,28.60871315002441
2026-04-29 06:18:14.602550,2026-04-29 06:18:14.602550,28.711936950683597
2026-04-29 06:18:14.806242,2026-04-29 06:18:14.806242,28.623897552490234
2026-04-29 06:18:15.006231,2026-04-29 06:18:15.006231,28.72484397888184
2026-04-29 06:18:15.202035,2026-04-29 06:18:15.202035,28.81064796447754
2026-04-29 06:18:15.401918,2026-04-29 06:18:15.401918,28.883583068847656
2026-04-29 06:18:15.602040,2026-04-29 06:18:15.602040,28.945575714111328
2026-04-29 06:18:15.802249,2026-04-29 06:18:15.802249,28.822490692138672
2026-04-29 06:18:16.004313,2026-04-29 06:18:16.004313,28.893648147583008
2026-04-29 06:18:16.207280,2026-04-29 06:18:16.207280,28.954132080078125
2026-04-29 06:18:16.405601,2026-04-29 06:18:16.405601,28.829761505126957
2026-04-29 06:18:29.504431,2026-04-29 06:18:29.504431,28.72404670715332
2026-04-29 06:18:29.703814,2026-04-29 06:18:29.703814,28.63418960571289
2026-04-29 06:18:29.905155,2026-04-29 06:18:29.905155,28.557811737060547
2026-04-29 06:18:30.105221,2026-04-29 06:18:30.105221,28.492889404296875
2026-04-29 06:18:30.306478,2026-04-29 06:18:30.306478,28.437705993652344
2026-04-29 06:18:30.503446,2026-04-29 06:18:30.503446,28.39080047607422
2026-04-29 06:18:30.704124,2026-04-29 06:18:30.704124,28.35093116760254
2026-04-29 06:18:30.902130,2026-04-29 06:18:30.902130,28.317041397094727
2026-04-29 06:18:31.105267,2026-04-29 06:18:31.105267,28.28823471069336
2026-04-29 06:18:31.303996,2026-04-29 06:18:31.303996,28.263750076293945
2026-04-29 06:18:31.505139,2026-04-29 06:18:31.505139,28.24293708801269
2026-04-29 06:18:31.709577,2026-04-29 06:18:31.709577,28.22524642944336
2026-04-29 06:18:31.907121,2026-04-29 06:18:31.907121,28.210208892822266
2026-04-29 06:18:32.103235,2026-04-29 06:18:32.103235,28.19742774963379
2026-04-29 06:18:32.304076,2026-04-29 06:18:32.304076,28.18656349182129
2026-04-29 06:18:32.504580,2026-04-29 06:18:32.504580,28.177330017089844
2026-04-29 06:18:32.706654,2026-04-29 06:18:32.706654,28.169479370117188
2026-04-29 06:18:32.902442,2026-04-29 06:18:32.902442,28.16280746459961
2026-04-29 06:18:33.104027,2026-04-29 06:18:33.104027,28.157136917114254
2026-04-29 06:18:33.304030,2026-04-29 06:18:33.304030,27.97653579711914
2026-04-29 06:18:33.506125,2026-04-29 06:18:33.506125,27.823022842407227
2026-04-29 06:18:33.701721,2026-04-29 06:18:33.701721,27.69253921508789
2026-04-29 06:18:33.902373,2026-04-29 06:18:33.902373,27.581626892089844
2026-04-29 06:18:34.109858,2026-04-29 06:18:34.109858,27.311569213867188
2026-04-29 06:18:34.305802,2026-04-29 06:18:34.305802,27.08202171325684
2026-04-29 06:18:34.506495,2026-04-29 06:18:34.506495,26.886905670166016
2026-04-29 06:18:34.703455,2026-04-29 06:18:34.703455,26.721057891845703
2026-04-29 06:18:34.907475,2026-04-29 06:18:34.907475,26.58008575439453
2026-04-29 06:18:35.104588,2026-04-29 06:18:35.104588,26.46026039123535
2026-04-29 06:18:35.305251,2026-04-29 06:18:35.305251,26.3584098815918
2026-04-29 06:18:35.501789,2026-04-29 06:18:35.501789,26.27183532714844
2026-04-29 06:18:35.702373,2026-04-29 06:18:35.702373,26.0224666595459
2026-04-29 06:18:35.905499,2026-04-29 06:18:35.905499,25.810503005981445
2026-04-29 06:18:36.101738,2026-04-29 06:18:36.101738,25.630332946777344
2026-04-29 06:18:36.302814,2026-04-29 06:18:36.302814,25.477190017700195
2026-04-29 06:18:36.501810,2026-04-29 06:18:36.501810,25.347017288208008
2026-04-29 06:18:36.701660,2026-04-29 06:18:36.701660,25.236371994018555
2026-04-29 06:18:36.906955,2026-04-29 06:18:36.906955,25.142322540283203
2026-04-29 06:18:37.107868,2026-04-29 06:18:37.107868,25.062379837036133
2026-04-29 06:18:37.301705,2026-04-29 06:18:37.301705,24.994428634643555
2026-04-29 06:18:37.513530,2026-04-29 06:18:37.513530,24.936670303344727
2026-04-29 06:18:37.704605,2026-04-29 06:18:37.704605,24.88757705688477
2026-04-29 06:18:37.903702,2026-04-29 06:18:37.903702,24.84584617614746
2026-04-29 06:18:38.103523,2026-04-29 06:18:38.103523,24.986156463623047
2026-04-29 06:18:38.302518,2026-04-29 06:18:38.302518,24.92963981628418
2026-04-29 06:18:38.501599,2026-04-29 06:18:38.501599,25.05738067626953
2026-04-29 06:18:38.703597,2026-04-29 06:18:38.703597,25.16596221923828
2026-04-29 06:18:38.901887,2026-04-29 06:18:38.901887,25.25825500488281
2026-04-29 06:18:39.102260,2026-04-29 06:18:39.102260,25.33670425415039
2026-04-29 06:18:39.305237,2026-04-29 06:18:39.305237,25.40338516235352
2026-04-29 06:18:39.503068,2026-04-29 06:18:39.503068,25.460065841674805
2026-04-29 06:18:39.701698,2026-04-29 06:18:39.701698,25.508243560791016
2026-04-29 06:18:39.902219,2026-04-29 06:18:39.902219,25.5491943359375
2026-04-29 06:18:40.101767,2026-04-29 06:18:40.101767,25.584003448486328
2026-04-29 06:18:40.303112,2026-04-29 06:18:40.303112,25.43780899047852
2026-04-29 06:18:40.503268,2026-04-29 06:18:40.503268,25.31354331970215
2026-04-29 06:18:40.704473,2026-04-29 06:18:40.704473,25.207918167114254
2026-04-29 06:18:40.908388,2026-04-29 06:18:40.908388,25.11813735961914
2026-04-29 06:18:41.101743,2026-04-29 06:18:41.101743,25.04182243347168
2026-04-29 06:18:41.304485,2026-04-29 06:18:41.304485,24.97695541381836
2026-04-29 06:18:41.502243,2026-04-29 06:18:41.502243,24.921817779541016
2026-04-29 06:18:41.702167,2026-04-29 06:18:41.702167,24.87495231628418
2026-04-29 06:18:41.902434,2026-04-29 06:18:41.902434,24.835115432739254
2026-04-29 06:18:42.107195,2026-04-29 06:18:42.107195,24.801254272460938
2026-04-29 06:18:42.305654,2026-04-29 06:18:42.305654,24.7724723815918
2026-04-29 06:18:42.502185,2026-04-29 06:18:42.502185,24.74800682067871
2026-04-29 06:18:42.703985,2026-04-29 06:18:42.703985,24.72721290588379
2026-04-29 06:18:42.907213,2026-04-29 06:18:42.907213,24.70953750610352
2026-04-29 06:18:43.102412,2026-04-29 06:18:43.102412,24.69451332092285
2026-04-29 06:18:43.302718,2026-04-29 06:18:43.302718,24.68174171447754
2026-04-29 06:18:43.503167,2026-04-29 06:18:43.503167,24.670886993408203
2026-04-29 06:18:43.701715,2026-04-29 06:18:43.701715,24.66166114807129
2026-04-29 06:18:43.905693,2026-04-29 06:18:43.905693,24.478036880493164
2026-04-29 06:18:44.103817,2026-04-29 06:18:44.103817,24.321956634521484
2026-04-29 06:18:44.304598,2026-04-29 06:18:44.304598,24.189287185668945
2026-04-29 06:18:44.502436,2026-04-29 06:18:44.502436,24.07651901245117
2026-04-29 06:18:44.704272,2026-04-29 06:18:44.704272,23.98066711425781
2026-04-29 06:18:44.902894,2026-04-29 06:18:44.902894,23.72340965270996
2026-04-29 06:18:45.103142,2026-04-29 06:18:45.103142,23.50474166870117
2026-04-29 06:18:45.302018,2026-04-29 06:18:45.302018,23.31887435913086
2026-04-29 06:18:45.504127,2026-04-29 06:18:45.504127,23.160886764526367
2026-04-29 06:18:45.705244,2026-04-29 06:18:45.705244,22.85081672668457
2026-04-29 06:18:45.903028,2026-04-29 06:18:45.903028,22.587257385253903
2026-04-29 06:18:46.102329,2026-04-29 06:18:46.102329,22.363231658935547
2026-04-29 06:18:46.303935,2026-04-29 06:18:46.303935,22.172807693481445
2026-04-29 06:18:46.501921,2026-04-29 06:18:46.501921,22.010950088500977
2026-04-29 06:18:46.701657,2026-04-29 06:18:46.701657,21.873369216918945
2026-04-29 06:18:46.901831,2026-04-29 06:18:46.901831,21.580646514892575
2026-04-29 06:18:47.101832,2026-04-29 06:18:47.101832,21.331830978393555
2026-04-29 06:18:47.309946,2026-04-29 06:18:47.309946,21.120336532592773
2026-04-29 06:18:47.505635,2026-04-29 06:18:47.505635,20.76478576660156
2026-04-29 06:18:47.703104,2026-04-29 06:18:47.703104,20.46256828308105
2026-04-29 06:18:47.904914,2026-04-29 06:18:47.904914,20.2056827545166
2026-04-29 06:18:48.105521,2026-04-29 06:18:48.105521,19.98733139038086
2026-04-29 06:18:48.303495,2026-04-29 06:18:48.303495,19.62594985961914
2026-04-29 06:18:48.503641,2026-04-29 06:18:48.503641,19.142993927001957
2026-04-29 06:18:48.705362,2026-04-29 06:18:48.705362,18.55670166015625
2026-04-29 06:18:48.909143,2026-04-29 06:18:48.909143,18.058353424072266
2026-04-29 06:18:49.104185,2026-04-29 06:18:49.104185,17.634756088256836
2026-04-29 06:18:49.305740,2026-04-29 06:18:49.305740,17.27469825744629
2026-04-29 06:18:49.502940,2026-04-29 06:18:49.502940,16.968650817871094
2026-04-29 06:18:49.705880,2026-04-29 06:18:49.705880,16.70850944519043
2026-04-29 06:18:49.901795,2026-04-29 06:18:49.901795,16.487388610839844
2026-04-29 06:18:50.105428,2026-04-29 06:18:50.105428,16.299436569213867
2026-04-29 06:18:50.309660,2026-04-29 06:18:50.309660,16.139677047729492
2026-04-29 06:18:50.505330,2026-04-29 06:18:50.505330,16.003881454467773
2026-04-29 06:18:50.702277,2026-04-29 06:18:50.702277,15.888456344604492
2026-04-29 06:18:50.905455,2026-04-29 06:18:50.905455,15.79034423828125
2026-04-29 06:18:51.108019,2026-04-29 06:18:51.108019,15.706948280334473
2026-04-29 06:18:51.305367,2026-04-29 06:18:51.305367,15.460281372070312
2026-04-29 06:18:51.504226,2026-04-29 06:18:51.504226,15.250614166259766
2026-04-29 06:18:51.703658,2026-04-29 06:18:51.703658,15.072397232055664
2026-04-29 06:18:51.903914,2026-04-29 06:18:51.903914,14.920912742614746
2026-04-29 06:18:52.107100,2026-04-29 06:18:52.107100,14.792150497436523
2026-04-29 06:18:52.304433,2026-04-29 06:18:52.304433,14.682703018188477
2026-04-29 06:18:52.503460,2026-04-29 06:18:52.503460,14.589672088623049
2026-04-29 06:18:52.705197,2026-04-29 06:18:52.705197,14.51059627532959
2026-04-29 06:18:52.903145,2026-04-29 06:18:52.903145,14.443382263183594
2026-04-29 06:18:53.106906,2026-04-29 06:18:53.106906,14.386249542236328
2026-04-29 06:18:53.304114,2026-04-29 06:18:53.304114,14.337687492370604
2026-04-29 06:18:53.502914,2026-04-29 06:18:53.502914,14.296409606933594
2026-04-29 06:18:53.702797,2026-04-29 06:18:53.702797,14.261322975158691
2026-04-29 06:18:53.906019,2026-04-29 06:18:53.906019,14.407280921936035
2026-04-29 06:18:54.105826,2026-04-29 06:18:54.105826,14.355563163757324
2026-04-29 06:18:54.305202,2026-04-29 06:18:54.305202,14.311604499816896
2026-04-29 06:18:54.504361,2026-04-29 06:18:54.504361,14.45001983642578
2026-04-29 06:18:54.707177,2026-04-29 06:18:54.707177,14.567672729492188
2026-04-29 06:19:07.802879,2026-04-29 06:19:07.802879,14.667677879333496
2026-04-29 06:19:08.005081,2026-04-29 06:19:08.005081,14.75268268585205
2026-04-29 06:19:08.203544,2026-04-29 06:19:08.203544,14.824936866760254
2026-04-29 06:19:08.402674,2026-04-29 06:19:08.402674,14.8863525390625
2026-04-29 06:19:08.605221,2026-04-29 06:19:08.605221,14.938555717468262
2026-04-29 06:19:08.806310,2026-04-29 06:19:08.806310,15.158709526062012
2026-04-29 06:19:09.003494,2026-04-29 06:19:09.003494,15.170059204101562
2026-04-29 06:19:09.204752,2026-04-29 06:19:09.204752,15.179706573486328
2026-04-29 06:19:09.403484,2026-04-29 06:19:09.403484,15.363688468933104
2026-04-29 06:19:09.605553,2026-04-29 06:19:09.605553,15.34429168701172
2026-04-29 06:19:09.805698,2026-04-29 06:19:09.805698,15.327803611755373
2026-04-29 06:19:10.007894,2026-04-29 06:19:10.007894,15.31378936767578
2026-04-29 06:19:10.202193,2026-04-29 06:19:10.202193,15.30187702178955
2026-04-29 06:19:10.403622,2026-04-29 06:19:10.403622,15.291751861572266
2026-04-29 06:19:10.602637,2026-04-29 06:19:10.602637,15.283145904541016
2026-04-29 06:19:10.805013,2026-04-29 06:19:10.805013,15.275830268859863
2026-04-29 06:19:11.006375,2026-04-29 06:19:11.006375,15.269611358642578
2026-04-29 06:19:11.203461,2026-04-29 06:19:11.203461,15.264326095581056
2026-04-29 06:19:11.404453,2026-04-29 06:19:11.404453,15.259833335876465
2026-04-29 06:19:11.601683,2026-04-29 06:19:11.601683,15.256014823913574
2026-04-29 06:19:11.805902,2026-04-29 06:19:11.805902,15.252768516540527
2026-04-29 06:19:12.004871,2026-04-29 06:19:12.004871,15.250009536743164
2026-04-29 06:19:12.203934,2026-04-29 06:19:12.203934,15.24766445159912
2026-04-29 06:19:12.409174,2026-04-29 06:19:12.409174,15.245671272277832
2026-04-29 06:19:12.604102,2026-04-29 06:19:12.604102,15.419757843017578
2026-04-29 06:19:12.803350,2026-04-29 06:19:12.803350,15.567731857299805
2026-04-29 06:19:13.002746,2026-04-29 06:19:13.002746,15.693509101867676
2026-04-29 06:19:13.208131,2026-04-29 06:19:13.208131,15.800420761108398
2026-04-29 06:19:13.403616,2026-04-29 06:19:13.403616,15.891295433044434
2026-04-29 06:19:13.602955,2026-04-29 06:19:13.602955,16.144319534301758
2026-04-29 06:19:13.803679,2026-04-29 06:19:13.803679,16.183609008789062
2026-04-29 06:19:14.002221,2026-04-29 06:19:14.002221,16.217004776000977
2026-04-29 06:19:14.205384,2026-04-29 06:19:14.205384,16.245391845703125
2026-04-29 06:19:14.401595,2026-04-29 06:19:14.401595,16.093738555908203
2026-04-29 06:19:14.602455,2026-04-29 06:19:14.602455,16.140615463256836
2026-04-29 06:19:14.805974,2026-04-29 06:19:14.805974,16.004680633544922
2026-04-29 06:19:15.010311,2026-04-29 06:19:15.010311,15.537571907043455
2026-04-29 06:19:15.203903,2026-04-29 06:19:15.203903,15.31631088256836
2026-04-29 06:19:15.405840,2026-04-29 06:19:15.405840,14.952458381652832
2026-04-29 06:19:15.602916,2026-04-29 06:19:15.602916,14.643182754516602
2026-04-29 06:19:15.803492,2026-04-29 06:19:15.803492,14.38029956817627
2026-04-29 06:19:16.002465,2026-04-29 06:19:16.002465,14.156847953796388
2026-04-29 06:19:16.204455,2026-04-29 06:19:16.204455,13.966915130615234
2026-04-29 06:19:16.404202,2026-04-29 06:19:16.404202,13.805471420288086
2026-04-29 06:19:16.603939,2026-04-29 06:19:16.603939,13.66824436187744
2026-04-29 06:19:16.803121,2026-04-29 06:19:16.803121,14.95785140991211
2026-04-29 06:19:17.002173,2026-04-29 06:19:17.002173,14.647767066955566
2026-04-29 06:19:17.203965,2026-04-29 06:19:17.203965,14.384196281433104
2026-04-29 06:19:17.407625,2026-04-29 06:19:17.407625,14.160160064697266
2026-04-29 06:19:17.604414,2026-04-29 06:19:17.604414,15.551761627197266
2026-04-29 06:19:17.805435,2026-04-29 06:19:17.805435,16.734622955322266
2026-04-29 06:19:18.001860,2026-04-29 06:19:18.001860,17.740053176879883
2026-04-29 06:19:18.202328,2026-04-29 06:19:18.202328,18.59467124938965
2026-04-29 06:19:18.401685,2026-04-29 06:19:18.401685,19.321094512939453
2026-04-29 06:19:18.603043,2026-04-29 06:19:18.603043,19.938556671142575
2026-04-29 06:19:18.803607,2026-04-29 06:19:18.803607,20.463397979736328
2026-04-29 06:19:19.004300,2026-04-29 06:19:19.004300,20.909513473510746
2026-04-29 06:19:19.202519,2026-04-29 06:19:19.202519,21.28871154785156
2026-04-29 06:19:19.402385,2026-04-29 06:19:19.402385,21.61102867126465
2026-04-29 06:19:19.604238,2026-04-29 06:19:19.604238,21.88500022888184
2026-04-29 06:19:19.809740,2026-04-29 06:19:19.809740,22.11787414550781
2026-04-29 06:19:20.004452,2026-04-29 06:19:20.004452,22.491600036621094
2026-04-29 06:19:20.201725,2026-04-29 06:19:20.201725,22.809267044067383
2026-04-29 06:19:20.405357,2026-04-29 06:19:20.405357,23.07928276062012
2026-04-29 06:19:20.601624,2026-04-29 06:19:20.601624,23.30879592895508
2026-04-29 06:19:20.803238,2026-04-29 06:19:20.803238,23.503883361816406
2026-04-29 06:19:21.003306,2026-04-29 06:19:21.003306,23.66970634460449
2026-04-29 06:19:21.201988,2026-04-29 06:19:21.201988,23.810657501220703
2026-04-29 06:19:21.402036,2026-04-29 06:19:21.402036,23.930465698242188
2026-04-29 06:19:21.602599,2026-04-29 06:19:21.602599,24.03230094909668
2026-04-29 06:19:21.803571,2026-04-29 06:19:21.803571,24.11886215209961
2026-04-29 06:19:22.004661,2026-04-29 06:19:22.004661,24.192440032958984
2026-04-29 06:19:22.201683,2026-04-29 06:19:22.201683,24.254980087280277
2026-04-29 06:19:22.404071,2026-04-29 06:19:22.404071,24.30813980102539
2026-04-29 06:19:22.602504,2026-04-29 06:19:22.602504,24.35332489013672
2026-04-29 06:19:22.804697,2026-04-29 06:19:22.804697,24.39173126220703
2026-04-29 06:19:23.001903,2026-04-29 06:19:23.001903,24.424379348754883
2026-04-29 06:19:23.203539,2026-04-29 06:19:23.203539,24.45212745666504
2026-04-29 06:19:23.409406,2026-04-29 06:19:23.409406,24.47571563720703
2026-04-29 06:19:23.603140,2026-04-29 06:19:23.603140,24.495763778686523
2026-04-29 06:19:23.802616,2026-04-29 06:19:23.802616,24.512805938720703
2026-04-29 06:19:24.003138,2026-04-29 06:19:24.003138,24.52729034423828
2026-04-29 06:19:24.204313,2026-04-29 06:19:24.204313,24.53960418701172
2026-04-29 06:19:24.401623,2026-04-29 06:19:24.401623,24.55006980895996
2026-04-29 06:19:24.602096,2026-04-29 06:19:24.602096,24.5589656829834
2026-04-29 06:19:24.805064,2026-04-29 06:19:24.805064,24.566526412963867
2026-04-29 06:19:25.005294,2026-04-29 06:19:25.005294,24.572954177856445
2026-04-29 06:19:25.203463,2026-04-29 06:19:25.203463,24.57841682434082
2026-04-29 06:19:25.403047,2026-04-29 06:19:25.403047,24.75884246826172
2026-04-29 06:19:25.606270,2026-04-29 06:19:25.606270,24.736421585083008
2026-04-29 06:19:25.803708,2026-04-29 06:19:25.803708,24.717365264892575
2026-04-29 06:19:26.004387,2026-04-29 06:19:26.004387,24.7011661529541
2026-04-29 06:19:26.201692,2026-04-29 06:19:26.201692,24.687397003173828
2026-04-29 06:19:26.403286,2026-04-29 06:19:26.403286,24.67569351196289
2026-04-29 06:19:26.605188,2026-04-29 06:19:26.605188,24.665746688842773
2026-04-29 06:19:26.801654,2026-04-29 06:19:26.801654,24.65729141235352
2026-04-29 06:19:27.002431,2026-04-29 06:19:27.002431,24.650102615356445
2026-04-29 06:19:27.202770,2026-04-29 06:19:27.202770,24.819774627685547
2026-04-29 06:19:27.404882,2026-04-29 06:19:27.404882,24.78821563720703
2026-04-29 06:19:27.602781,2026-04-29 06:19:27.602781,24.937170028686523
2026-04-29 06:19:27.803291,2026-04-29 06:19:27.803291,25.06378173828125
2026-04-29 06:19:28.002175,2026-04-29 06:19:28.002175,25.171401977539062
2026-04-29 06:19:28.205752,2026-04-29 06:19:28.205752,25.262880325317383
2026-04-29 06:19:28.404728,2026-04-29 06:19:28.404728,25.340635299682617
2026-04-29 06:19:28.608309,2026-04-29 06:19:28.608309,25.406726837158203
2026-04-29 06:19:28.803928,2026-04-29 06:19:28.803928,25.462905883789062
2026-04-29 06:19:29.004468,2026-04-29 06:19:29.004468,25.51065826416016
2026-04-29 06:19:29.204030,2026-04-29 06:19:29.204030,25.551246643066406
2026-04-29 06:19:29.402077,2026-04-29 06:19:29.402077,25.58574676513672
2026-04-29 06:19:29.605000,2026-04-29 06:19:29.605000,25.61507225036621
2026-04-29 06:19:29.808088,2026-04-29 06:19:29.808088,25.63999938964844
2026-04-29 06:19:30.004246,2026-04-29 06:19:30.004246,25.66118621826172
2026-04-29 06:19:30.203063,2026-04-29 06:19:30.203063,25.67919540405273
2026-04-29 06:19:30.404167,2026-04-29 06:19:30.404167,25.694503784179688
2026-04-29 06:19:30.605994,2026-04-29 06:19:30.605994,25.88329696655273
2026-04-29 06:19:30.809272,2026-04-29 06:19:30.809272,25.86799049377441
2026-04-29 06:19:31.003460,2026-04-29 06:19:31.003460,26.030759811401367
2026-04-29 06:19:31.206176,2026-04-29 06:19:31.206176,26.16911506652832
2026-04-29 06:19:31.408444,2026-04-29 06:19:31.408444,26.28671646118164
2026-04-29 06:19:31.603059,2026-04-29 06:19:31.603059,26.38667869567871
2026-04-29 06:19:31.804265,2026-04-29 06:19:31.804265,26.47164535522461
2026-04-29 06:19:32.006012,2026-04-29 06:19:32.006012,26.54386711120605
2026-04-29 06:19:32.202037,2026-04-29 06:19:32.202037,26.605255126953125
2026-04-29 06:19:32.411567,2026-04-29 06:19:32.411567,26.65743637084961
2026-04-29 06:19:32.605790,2026-04-29 06:19:32.605790,26.70178985595703
2026-04-29 06:19:32.803352,2026-04-29 06:19:32.803352,26.739490509033203
2026-04-29 06:19:33.006237,2026-04-29 06:19:33.006237,26.77153587341309
2026-04-29 06:19:46.107775,2026-04-29 06:19:46.107775,26.79877281188965
2026-04-29 06:19:46.308560,2026-04-29 06:19:46.308560,26.82192611694336
2026-04-29 06:19:46.501644,2026-04-29 06:19:46.501644,26.84160614013672
2026-04-29 06:19:46.703060,2026-04-29 06:19:46.703060,26.858333587646484
2026-04-29 06:19:46.904412,2026-04-29 06:19:46.904412,26.8725528717041
2026-04-29 06:19:47.103362,2026-04-29 06:19:47.103362,26.8846378326416
2026-04-29 06:19:47.305807,2026-04-29 06:19:47.305807,26.89491081237793
2026-04-29 06:19:47.503704,2026-04-29 06:19:47.503704,26.903642654418945
2026-04-29 06:19:47.706513,2026-04-29 06:19:47.706513,26.91106605529785
2026-04-29 06:19:47.907888,2026-04-29 06:19:47.907888,26.91737365722656
2026-04-29 06:19:48.108517,2026-04-29 06:19:48.108517,26.92273712158203
2026-04-29 06:19:48.306784,2026-04-29 06:19:48.306784,26.927295684814453
2026-04-29 06:19:48.502401,2026-04-29 06:19:48.502401,26.93116950988769
2026-04-29 06:19:48.713421,2026-04-29 06:19:48.713421,26.93446350097656
2026-04-29 06:19:48.909477,2026-04-29 06:19:48.909477,26.9372615814209
2026-04-29 06:19:49.105804,2026-04-29 06:19:49.105804,26.93964195251465
2026-04-29 06:19:49.305037,2026-04-29 06:19:49.305037,26.94166374206543
2026-04-29 06:19:49.509101,2026-04-29 06:19:49.509101,26.943384170532227
2026-04-29 06:19:49.710981,2026-04-29 06:19:49.710981,26.94484519958496
2026-04-29 06:19:49.901562,2026-04-29 06:19:49.901562,26.94608688354492
2026-04-29 06:19:50.107134,2026-04-29 06:19:50.107134,26.771360397338867
2026-04-29 06:19:50.305693,2026-04-29 06:19:50.305693,26.62284469604492
2026-04-29 06:19:50.505253,2026-04-29 06:19:50.505253,26.496604919433597
2026-04-29 06:19:50.703834,2026-04-29 06:19:50.703834,26.389301300048828
2026-04-29 06:19:50.904922,2026-04-29 06:19:50.904922,26.298093795776367
2026-04-29 06:19:51.103045,2026-04-29 06:19:51.103045,26.22056770324707
2026-04-29 06:19:51.306241,2026-04-29 06:19:51.306241,26.15467071533203
2026-04-29 06:19:51.507649,2026-04-29 06:19:51.507649,26.098657608032227
2026-04-29 06:19:51.702617,2026-04-29 06:19:51.702617,26.05104637145996
2026-04-29 06:19:51.906663,2026-04-29 06:19:51.906663,26.010576248168945
2026-04-29 06:19:52.104969,2026-04-29 06:19:52.104969,26.15195846557617
2026-04-29 06:19:52.309190,2026-04-29 06:19:52.309190,26.09635162353516
2026-04-29 06:19:52.509901,2026-04-29 06:19:52.509901,26.049087524414062
2026-04-29 06:19:52.706966,2026-04-29 06:19:52.706966,26.0089111328125
2026-04-29 06:19:52.905411,2026-04-29 06:19:52.905411,25.974761962890625
2026-04-29 06:19:53.104390,2026-04-29 06:19:53.104390,25.945735931396484
2026-04-29 06:19:53.319767,2026-04-29 06:19:53.319767,26.096843719482425
2026-04-29 06:19:53.509588,2026-04-29 06:19:53.509588,26.22528648376465
2026-04-29 06:19:53.709040,2026-04-29 06:19:53.709040,26.334461212158203
2026-04-29 06:19:53.908079,2026-04-29 06:19:53.908079,26.251480102539062
2026-04-29 06:19:54.104308,2026-04-29 06:19:54.104308,26.356727600097656
2026-04-29 06:19:54.315931,2026-04-29 06:19:54.315931,26.270404815673828
2026-04-29 06:19:54.507519,2026-04-29 06:19:54.507519,26.1970329284668
2026-04-29 06:19:54.710720,2026-04-29 06:19:54.710720,26.13466453552246
2026-04-29 06:19:54.905429,2026-04-29 06:19:54.905429,26.08165168762207
2026-04-29 06:19:55.105131,2026-04-29 06:19:55.105131,26.036592483520508
2026-04-29 06:19:55.303530,2026-04-29 06:19:55.303530,25.998291015625
2026-04-29 06:19:55.505999,2026-04-29 06:19:55.505999,25.965734481811523
2026-04-29 06:19:55.701858,2026-04-29 06:19:55.701858,25.93806266784668
2026-04-29 06:19:55.902580,2026-04-29 06:19:55.902580,25.914539337158203
2026-04-29 06:19:56.108832,2026-04-29 06:19:56.108832,25.894546508789062
2026-04-29 06:19:56.302186,2026-04-29 06:19:56.302186,25.877552032470703
2026-04-29 06:19:56.504670,2026-04-29 06:19:56.504670,25.86310768127441
2026-04-29 06:19:56.701882,2026-04-29 06:19:56.701882,25.850828170776367
2026-04-29 06:19:56.901548,2026-04-29 06:19:56.901548,25.840391159057617
2026-04-29 06:19:57.113080,2026-04-29 06:19:57.113080,25.831520080566406
2026-04-29 06:19:57.312877,2026-04-29 06:19:57.312877,25.8239803314209
2026-04-29 06:19:57.506315,2026-04-29 06:19:57.506315,25.817569732666016
2026-04-29 06:19:57.709553,2026-04-29 06:19:57.709553,25.812122344970703
2026-04-29 06:19:57.902890,2026-04-29 06:19:57.902890,25.807491302490234
2026-04-29 06:19:58.102230,2026-04-29 06:19:58.102230,25.80355453491211
2026-04-29 06:19:58.301575,2026-04-29 06:19:58.301575,25.80020904541016
2026-04-29 06:19:58.502923,2026-04-29 06:19:58.502923,25.797365188598636
2026-04-29 06:19:58.702879,2026-04-29 06:19:58.702879,25.79494857788086
2026-04-29 06:19:58.903005,2026-04-29 06:19:58.903005,25.79289436340332
2026-04-29 06:19:59.104309,2026-04-29 06:19:59.104309,25.615365982055664
2026-04-29 06:19:59.301910,2026-04-29 06:19:59.301910,25.464468002319336
2026-04-29 06:19:59.509686,2026-04-29 06:19:59.509686,25.33620262145996
2026-04-29 06:19:59.701628,2026-04-29 06:19:59.701628,25.2271785736084
2026-04-29 06:19:59.902664,2026-04-29 06:19:59.902664,25.13450813293457
2026-04-29 06:20:00.104117,2026-04-29 06:20:00.104117,25.05573844909668
2026-04-29 06:20:00.303247,2026-04-29 06:20:00.303247,24.988784790039062
2026-04-29 06:20:00.505063,2026-04-29 06:20:00.505063,24.931873321533203
2026-04-29 06:20:00.702765,2026-04-29 06:20:00.702765,24.70771598815918
2026-04-29 06:20:00.902093,2026-04-29 06:20:00.902093,24.517183303833008
2026-04-29 06:20:01.103188,2026-04-29 06:20:01.103188,24.35523223876953
2026-04-29 06:20:01.302502,2026-04-29 06:20:01.302502,24.21757125854492
2026-04-29 06:20:01.503148,2026-04-29 06:20:01.503148,24.100561141967773
2026-04-29 06:20:01.704816,2026-04-29 06:20:01.704816,24.00110244750977
2026-04-29 06:20:01.903770,2026-04-29 06:20:01.903770,23.916561126708984
2026-04-29 06:20:02.102655,2026-04-29 06:20:02.102655,23.844701766967773
2026-04-29 06:20:02.302813,2026-04-29 06:20:02.302813,23.78362274169922
2026-04-29 06:20:02.502064,2026-04-29 06:20:02.502064,23.73170280456543
2026-04-29 06:20:02.703988,2026-04-29 06:20:02.703988,23.687572479248047
2026-04-29 06:20:02.901751,2026-04-29 06:20:02.901751,23.47428131103516
2026-04-29 06:20:03.105398,2026-04-29 06:20:03.105398,23.29298210144043
2026-04-29 06:20:03.304142,2026-04-29 06:20:03.304142,23.138879776000977
2026-04-29 06:20:03.512330,2026-04-29 06:20:03.512330,23.007890701293945
2026-04-29 06:20:03.702896,2026-04-29 06:20:03.702896,22.89655113220215
2026-04-29 06:20:03.902358,2026-04-29 06:20:03.902358,22.801912307739254
2026-04-29 06:20:04.104467,2026-04-29 06:20:04.104467,22.72146987915039
2026-04-29 06:20:04.305631,2026-04-29 06:20:04.305631,22.65309333801269
2026-04-29 06:20:04.505350,2026-04-29 06:20:04.505350,22.594972610473636
2026-04-29 06:20:04.703245,2026-04-29 06:20:04.703245,22.54557037353516
2026-04-29 06:20:04.904912,2026-04-29 06:20:04.904912,22.50357818603516
2026-04-29 06:20:05.104648,2026-04-29 06:20:05.104648,22.467885971069336
2026-04-29 06:20:05.307608,2026-04-29 06:20:05.307608,22.437545776367188
2026-04-29 06:20:05.503346,2026-04-29 06:20:05.503346,22.41175842285156
2026-04-29 06:20:05.704645,2026-04-29 06:20:05.704645,22.38983726501465
2026-04-29 06:20:05.904710,2026-04-29 06:20:05.904710,22.371206283569336
2026-04-29 06:20:06.105244,2026-04-29 06:20:06.105244,22.355369567871094
2026-04-29 06:20:06.303096,2026-04-29 06:20:06.303096,22.341907501220703
2026-04-29 06:20:06.503566,2026-04-29 06:20:06.503566,22.33046531677246
2026-04-29 06:20:06.703538,2026-04-29 06:20:06.703538,22.32073974609375
2026-04-29 06:20:06.902229,2026-04-29 06:20:06.902229,22.312471389770508
2026-04-29 06:20:07.102541,2026-04-29 06:20:07.102541,22.305444717407227
2026-04-29 06:20:07.303339,2026-04-29 06:20:07.303339,22.29947280883789
2026-04-29 06:20:07.501601,2026-04-29 06:20:07.501601,22.294395446777344
2026-04-29 06:20:07.702254,2026-04-29 06:20:07.702254,22.29007911682129
2026-04-29 06:20:07.903306,2026-04-29 06:20:07.903306,22.28641128540039
2026-04-29 06:20:08.103164,2026-04-29 06:20:08.103164,22.283292770385746
2026-04-29 06:20:08.305125,2026-04-29 06:20:08.305125,22.28064346313477
2026-04-29 06:20:08.501782,2026-04-29 06:20:08.501782,22.27839088439941
2026-04-29 06:20:08.702914,2026-04-29 06:20:08.702914,22.27647590637207
2026-04-29 06:20:08.902188,2026-04-29 06:20:08.902188,22.27484703063965
2026-04-29 06:20:09.103622,2026-04-29 06:20:09.103622,22.27346420288086
2026-04-29 06:20:09.308609,2026-04-29 06:20:09.308609,22.448070526123047
2026-04-29 06:20:09.501757,2026-04-29 06:20:09.501757,22.596485137939453
2026-04-29 06:20:09.701606,2026-04-29 06:20:09.701606,22.722637176513672
2026-04-29 06:20:09.901721,2026-04-29 06:20:09.901721,22.82986640930176
2026-04-29 06:20:10.103490,2026-04-29 06:20:10.103490,23.096792221069336
2026-04-29 06:20:10.302730,2026-04-29 06:20:10.302730,23.323678970336918
2026-04-29 06:20:10.503237,2026-04-29 06:20:10.503237,23.51653480529785
2026-04-29 06:20:10.707856,2026-04-29 06:20:10.707856,23.68045997619629
2026-04-29 06:20:10.901695,2026-04-29 06:20:10.901695,23.81979751586914
2026-04-29 06:20:11.102657,2026-04-29 06:20:11.102657,23.938234329223636
2026-04-29 06:20:11.301603,2026-04-29 06:20:11.301603,24.03890609741211
