log_time,publish_time,data
2026-04-28 09:39:34.423060,2026-04-28 09:39:34.423060,21.622745513916016
2026-04-28 09:39:34.624069,2026-04-28 09:39:34.624069,21.71917724609375
2026-04-28 09:39:34.830164,2026-04-28 09:39:34.830164,21.801143646240234
2026-04-28 09:39:35.025164,2026-04-28 09:39:35.025164,21.87081527709961
2026-04-28 09:39:35.225196,2026-04-28 09:39:35.225196,21.930036544799805
2026-04-28 09:39:35.425110,2026-04-28 09:39:35.425110,21.980375289916992
2026-04-28 09:39:35.626821,2026-04-28 09:39:35.626821,22.023162841796875
2026-04-28 09:39:35.826169,2026-04-28 09:39:35.826169,22.059532165527344
2026-04-28 09:39:36.025569,2026-04-28 09:39:36.025569,22.09044647216797
2026-04-28 09:39:36.230764,2026-04-28 09:39:36.230764,22.116722106933597
2026-04-28 09:39:36.425828,2026-04-28 09:39:36.425828,22.13905906677246
2026-04-28 09:39:36.626837,2026-04-28 09:39:36.626837,21.982261657714844
2026-04-28 09:39:36.827757,2026-04-28 09:39:36.827757,22.02476692199707
2026-04-28 09:39:37.028409,2026-04-28 09:39:37.028409,21.885114669799805
2026-04-28 09:39:37.223624,2026-04-28 09:39:37.223624,21.94219017028809
2026-04-28 09:39:37.427371,2026-04-28 09:39:37.427371,21.814924240112305
2026-04-28 09:39:37.631184,2026-04-28 09:39:37.631184,21.706748962402344
2026-04-28 09:39:37.825363,2026-04-28 09:39:37.825363,21.61479949951172
2026-04-28 09:39:38.024190,2026-04-28 09:39:38.024190,21.53664207458496
2026-04-28 09:39:38.223251,2026-04-28 09:39:38.223251,21.47020721435547
2026-04-28 09:39:38.423985,2026-04-28 09:39:38.423985,19.831707000732425
2026-04-28 09:39:38.624509,2026-04-28 09:39:38.624509,18.43898200988769
2026-04-28 09:39:38.825877,2026-04-28 09:39:38.825877,17.07938575744629
2026-04-28 09:39:39.026279,2026-04-28 09:39:39.026279,15.923727989196776
2026-04-28 09:39:39.227597,2026-04-28 09:39:39.227597,14.941418647766112
2026-04-28 09:39:39.422783,2026-04-28 09:39:39.422783,14.10645580291748
2026-04-28 09:39:39.623141,2026-04-28 09:39:39.623141,13.396737098693848
2026-04-28 09:39:39.822677,2026-04-28 09:39:39.822677,12.793477058410645
2026-04-28 09:39:40.025529,2026-04-28 09:39:40.025529,12.280705451965332
2026-04-28 09:39:40.225508,2026-04-28 09:39:40.225508,11.844849586486816
2026-04-28 09:39:40.422489,2026-04-28 09:39:40.422489,11.474371910095217
2026-04-28 09:39:40.625925,2026-04-28 09:39:40.625925,11.335247039794922
2026-04-28 09:39:40.823158,2026-04-28 09:39:40.823158,11.216991424560549
2026-04-28 09:39:41.023017,2026-04-28 09:39:41.023017,11.116474151611328
2026-04-28 09:39:41.222319,2026-04-28 09:39:41.222319,11.031034469604492
2026-04-28 09:39:41.424883,2026-04-28 09:39:41.424883,11.134191513061523
2026-04-28 09:39:41.624956,2026-04-28 09:39:41.624956,11.221875190734863
2026-04-28 09:39:41.822439,2026-04-28 09:39:41.822439,11.823750495910645
2026-04-28 09:39:42.024956,2026-04-28 09:39:42.024956,12.511125564575195
2026-04-28 09:39:42.222008,2026-04-28 09:39:42.222008,12.919612884521484
2026-04-28 09:39:42.422907,2026-04-28 09:39:42.422907,13.442607879638672
2026-04-28 09:39:42.627723,2026-04-28 09:39:42.627723,13.887154579162598
2026-04-28 09:39:42.823097,2026-04-28 09:39:42.823097,14.089237213134766
2026-04-28 09:39:43.024211,2026-04-28 09:39:43.024211,14.436789512634276
2026-04-28 09:39:43.226140,2026-04-28 09:39:43.226140,14.732208251953123
2026-04-28 09:39:43.422175,2026-04-28 09:39:43.422175,14.807533264160156
2026-04-28 09:39:43.627944,2026-04-28 09:39:43.627944,14.871560096740724
2026-04-28 09:39:43.826789,2026-04-28 09:39:43.826789,14.925982475280762
2026-04-28 09:39:44.026011,2026-04-28 09:39:44.026011,14.972241401672363
2026-04-28 09:39:44.222655,2026-04-28 09:39:44.222655,15.011561393737791
2026-04-28 09:39:44.422873,2026-04-28 09:39:44.422873,15.04498291015625
2026-04-28 09:39:44.622773,2026-04-28 09:39:44.622773,15.073391914367676
2026-04-28 09:39:44.823188,2026-04-28 09:39:44.823188,14.921757698059082
2026-04-28 09:39:45.022215,2026-04-28 09:39:45.022215,14.792869567871094
2026-04-28 09:39:45.224165,2026-04-28 09:39:45.224165,14.683314323425291
2026-04-28 09:39:45.422916,2026-04-28 09:39:45.422916,14.590191841125488
2026-04-28 09:39:45.622546,2026-04-28 09:39:45.622546,14.511037826538086
2026-04-28 09:39:45.823222,2026-04-28 09:39:45.823222,14.44375705718994
2026-04-28 09:39:46.024517,2026-04-28 09:39:46.024517,14.386569023132324
2026-04-28 09:39:46.222791,2026-04-28 09:39:46.222791,14.337958335876465
2026-04-28 09:39:46.422772,2026-04-28 09:39:46.422772,14.296639442443848
2026-04-28 09:39:46.622531,2026-04-28 09:39:46.622531,14.261518478393556
2026-04-28 09:39:46.824098,2026-04-28 09:39:46.824098,14.40744686126709
2026-04-28 09:39:47.022621,2026-04-28 09:39:47.022621,14.531486511230469
2026-04-28 09:39:47.223003,2026-04-28 09:39:47.223003,14.636919975280762
2026-04-28 09:39:47.424176,2026-04-28 09:39:47.424176,14.726537704467772
2026-04-28 09:39:47.622802,2026-04-28 09:39:47.622802,14.62693214416504
2026-04-28 09:39:47.823020,2026-04-28 09:39:47.823020,14.71804904937744
2026-04-28 09:39:48.023711,2026-04-28 09:39:48.023711,14.79549789428711
2026-04-28 09:39:48.226362,2026-04-28 09:39:48.226362,14.861329078674316
2026-04-28 09:39:48.422640,2026-04-28 09:39:48.422640,14.917285919189451
2026-04-28 09:39:48.622750,2026-04-28 09:39:48.622750,14.964849472045898
2026-04-28 09:39:48.827431,2026-04-28 09:39:48.827431,15.005278587341309
2026-04-28 09:39:49.022787,2026-04-28 09:39:49.022787,15.039642333984377
2026-04-28 09:39:49.224714,2026-04-28 09:39:49.224714,15.068852424621582
2026-04-28 09:39:49.424420,2026-04-28 09:39:49.424420,15.09368133544922
2026-04-28 09:39:49.626630,2026-04-28 09:39:49.626630,15.114785194396973
2026-04-28 09:39:49.823074,2026-04-28 09:39:49.823074,14.956942558288574
2026-04-28 09:39:50.024366,2026-04-28 09:39:50.024366,14.998557090759276
2026-04-28 09:39:50.227152,2026-04-28 09:39:50.227152,14.858148574829102
2026-04-28 09:39:50.422580,2026-04-28 09:39:50.422580,14.73880100250244
2026-04-28 09:39:50.623518,2026-04-28 09:39:50.623518,14.63735580444336
2026-04-28 09:39:50.825807,2026-04-28 09:39:50.825807,14.375346183776855
2026-04-28 09:39:51.022794,2026-04-28 09:39:51.022794,14.32841968536377
2026-04-28 09:39:51.223023,2026-04-28 09:39:51.223023,14.288531303405762
2026-04-28 09:39:51.426626,2026-04-28 09:39:51.426626,14.254627227783203
2026-04-28 09:39:51.625207,2026-04-28 09:39:51.625207,14.225808143615724
2026-04-28 09:39:51.824208,2026-04-28 09:39:51.824208,14.201312065124512
2026-04-28 09:39:52.023812,2026-04-28 09:39:52.023812,14.356270790100098
2026-04-28 09:39:52.227090,2026-04-28 09:39:52.227090,14.48798656463623
2026-04-28 09:39:52.423649,2026-04-28 09:39:52.423649,14.599945068359377
2026-04-28 09:39:52.627035,2026-04-28 09:39:52.627035,14.695109367370604
2026-04-28 09:39:52.824469,2026-04-28 09:39:52.824469,14.951780319213867
2026-04-28 09:39:53.024828,2026-04-28 09:39:53.024828,15.169951438903809
2026-04-28 09:39:53.227391,2026-04-28 09:39:53.227391,15.355396270751951
2026-04-28 09:39:53.427089,2026-04-28 09:39:53.427089,15.51302433013916
2026-04-28 09:39:53.622490,2026-04-28 09:39:53.622490,15.647007942199709
2026-04-28 09:39:53.825920,2026-04-28 09:39:53.825920,15.760893821716309
2026-04-28 09:39:54.023257,2026-04-28 09:39:54.023257,15.85769748687744
2026-04-28 09:39:54.225373,2026-04-28 09:39:54.225373,16.115760803222656
2026-04-28 09:39:54.425219,2026-04-28 09:39:54.425219,16.335115432739258
2026-04-28 09:39:54.627453,2026-04-28 09:39:54.627453,16.521568298339844
2026-04-28 09:39:54.825620,2026-04-28 09:39:54.825620,16.680051803588867
2026-04-28 09:39:55.023478,2026-04-28 09:39:55.023478,16.814762115478516
2026-04-28 09:39:55.229164,2026-04-28 09:39:55.229164,16.92926597595215
2026-04-28 09:39:55.422981,2026-04-28 09:39:55.422981,17.026596069335938
2026-04-28 09:39:55.628680,2026-04-28 09:39:55.628680,17.109325408935547
2026-04-28 09:39:55.822088,2026-04-28 09:39:55.822088,17.179645538330078
2026-04-28 09:39:56.022089,2026-04-28 09:39:56.022089,17.239416122436523
2026-04-28 09:39:56.226624,2026-04-28 09:39:56.226624,17.29022216796875
2026-04-28 09:39:56.425643,2026-04-28 09:39:56.425643,17.33340835571289
2026-04-28 09:39:56.622177,2026-04-28 09:39:56.622177,17.545896530151367
2026-04-28 09:39:56.823190,2026-04-28 09:39:56.823190,17.726512908935547
2026-04-28 09:39:57.024676,2026-04-28 09:39:57.024676,17.880035400390625
2026-04-28 09:39:57.222424,2026-04-28 09:39:57.222424,18.010530471801758
2026-04-28 09:39:57.427993,2026-04-28 09:39:57.427993,18.121450424194336
2026-04-28 09:39:57.622614,2026-04-28 09:39:57.622614,18.21573257446289
2026-04-28 09:39:57.823520,2026-04-28 09:39:57.823520,18.295873641967773
2026-04-28 09:39:58.023290,2026-04-28 09:39:58.023290,18.36399269104004
2026-04-28 09:39:58.224094,2026-04-28 09:39:58.224094,18.421894073486328
2026-04-28 09:39:58.423517,2026-04-28 09:39:58.423517,18.29532814025879
2026-04-28 09:39:58.627931,2026-04-28 09:39:58.627931,18.187747955322266
2026-04-28 09:39:58.824480,2026-04-28 09:39:58.824480,17.920522689819336
2026-04-28 09:39:59.022766,2026-04-28 09:39:59.022766,17.693382263183594
2026-04-28 09:39:59.222499,2026-04-28 09:39:59.222499,17.50031280517578
2026-04-28 09:39:59.423498,2026-04-28 09:39:59.423498,17.33620262145996
2026-04-28 09:39:59.623068,2026-04-28 09:39:59.623068,17.19671058654785
2026-04-28 09:40:12.724163,2026-04-28 09:40:12.724163,17.078140258789062
2026-04-28 09:40:12.926652,2026-04-28 09:40:12.926652,17.153139114379883
2026-04-28 09:40:13.122348,2026-04-28 09:40:13.122348,17.392667770385742
2026-04-28 09:40:13.327533,2026-04-28 09:40:13.327533,17.772048950195312
2026-04-28 09:40:13.524248,2026-04-28 09:40:13.524248,17.91874122619629
2026-04-28 09:40:13.723993,2026-04-28 09:40:13.723993,18.04343032836914
2026-04-28 09:40:13.924857,2026-04-28 09:40:13.924857,18.149415969848636
2026-04-28 09:40:14.125693,2026-04-28 09:40:14.125693,18.239503860473636
2026-04-28 09:40:14.322374,2026-04-28 09:40:14.322374,18.31607818603516
2026-04-28 09:40:14.523115,2026-04-28 09:40:14.523115,18.381166458129883
2026-04-28 09:40:14.723430,2026-04-28 09:40:14.723430,18.43649101257324
2026-04-28 09:40:14.927123,2026-04-28 09:40:14.927123,18.483516693115234
2026-04-28 09:40:15.123410,2026-04-28 09:40:15.123410,18.52348899841309
2026-04-28 09:40:15.325884,2026-04-28 09:40:15.325884,18.733247756958008
2026-04-28 09:40:15.523854,2026-04-28 09:40:15.523854,18.911540985107425
2026-04-28 09:40:15.726794,2026-04-28 09:40:15.726794,19.06309127807617
2026-04-28 09:40:15.927678,2026-04-28 09:40:15.927678,19.016128540039062
2026-04-28 09:40:16.127047,2026-04-28 09:40:16.127047,18.97620964050293
2026-04-28 09:40:16.326806,2026-04-28 09:40:16.326806,18.942277908325195
2026-04-28 09:40:16.530022,2026-04-28 09:40:16.530022,18.913434982299805
2026-04-28 09:40:16.726331,2026-04-28 09:40:16.726331,18.888919830322266
2026-04-28 09:40:16.925901,2026-04-28 09:40:16.925901,18.86808204650879
2026-04-28 09:40:17.123793,2026-04-28 09:40:17.123793,19.02615165710449
2026-04-28 09:40:17.324657,2026-04-28 09:40:17.324657,19.16050910949707
2026-04-28 09:40:17.524525,2026-04-28 09:40:17.524525,19.274715423583984
2026-04-28 09:40:17.722066,2026-04-28 09:40:17.722066,19.371788024902344
2026-04-28 09:40:17.922812,2026-04-28 09:40:17.922812,19.454301834106445
2026-04-28 09:40:18.123380,2026-04-28 09:40:18.123380,19.524436950683597
2026-04-28 09:40:18.322312,2026-04-28 09:40:18.322312,19.58405303955078
2026-04-28 09:40:18.522299,2026-04-28 09:40:18.522299,19.63472557067871
2026-04-28 09:40:18.729885,2026-04-28 09:40:18.729885,19.67779922485352
2026-04-28 09:40:18.924611,2026-04-28 09:40:18.924611,19.71441078186035
2026-04-28 09:40:19.122802,2026-04-28 09:40:19.122802,19.745529174804688
2026-04-28 09:40:19.322425,2026-04-28 09:40:19.322425,19.771982192993164
2026-04-28 09:40:19.522744,2026-04-28 09:40:19.522744,19.97024726867676
2026-04-28 09:40:19.725794,2026-04-28 09:40:19.725794,20.13877296447754
2026-04-28 09:40:19.927451,2026-04-28 09:40:19.927451,20.282018661499023
2026-04-28 09:40:20.125565,2026-04-28 09:40:20.125565,20.403778076171875
2026-04-28 09:40:20.323794,2026-04-28 09:40:20.323794,20.507274627685547
2026-04-28 09:40:20.527202,2026-04-28 09:40:20.527202,20.595245361328125
2026-04-28 09:40:20.726918,2026-04-28 09:40:20.726918,20.670021057128903
2026-04-28 09:40:20.922428,2026-04-28 09:40:20.922428,20.73358154296875
2026-04-28 09:40:21.126912,2026-04-28 09:40:21.126912,20.78760528564453
2026-04-28 09:40:21.325994,2026-04-28 09:40:21.325994,20.83352851867676
2026-04-28 09:40:21.523512,2026-04-28 09:40:21.523512,20.696779251098636
2026-04-28 09:40:21.725541,2026-04-28 09:40:21.725541,20.580543518066406
2026-04-28 09:40:21.923694,2026-04-28 09:40:21.923694,20.48174285888672
2026-04-28 09:40:22.122340,2026-04-28 09:40:22.122340,20.397764205932617
2026-04-28 09:40:22.322757,2026-04-28 09:40:22.322757,20.326379776000977
2026-04-28 09:40:22.522074,2026-04-28 09:40:22.522074,20.089923858642575
2026-04-28 09:40:22.723315,2026-04-28 09:40:22.723315,19.888935089111328
2026-04-28 09:40:22.928530,2026-04-28 09:40:22.928530,19.718093872070312
2026-04-28 09:40:23.123804,2026-04-28 09:40:23.123804,19.57287979125977
2026-04-28 09:40:23.326755,2026-04-28 09:40:23.326755,19.449447631835938
2026-04-28 09:40:23.523418,2026-04-28 09:40:23.523418,19.34453010559082
2026-04-28 09:40:23.723891,2026-04-28 09:40:23.723891,19.255352020263672
2026-04-28 09:40:23.923006,2026-04-28 09:40:23.923006,19.003767013549805
2026-04-28 09:40:24.124175,2026-04-28 09:40:24.124175,18.96570205688477
2026-04-28 09:40:24.322673,2026-04-28 09:40:24.322673,18.933347702026367
2026-04-28 09:40:24.524395,2026-04-28 09:40:24.524395,18.905845642089844
2026-04-28 09:40:24.727519,2026-04-28 09:40:24.727519,18.70668601989746
2026-04-28 09:40:24.922803,2026-04-28 09:40:24.922803,18.537403106689453
2026-04-28 09:40:25.123328,2026-04-28 09:40:25.123328,18.393510818481445
2026-04-28 09:40:25.325362,2026-04-28 09:40:25.325362,18.271203994750977
2026-04-28 09:40:25.523166,2026-04-28 09:40:25.523166,18.1672420501709
2026-04-28 09:40:25.722397,2026-04-28 09:40:25.722397,18.07887458801269
2026-04-28 09:40:25.925543,2026-04-28 09:40:25.925543,17.827980041503906
2026-04-28 09:40:26.124607,2026-04-28 09:40:26.124607,17.790502548217773
2026-04-28 09:40:26.325105,2026-04-28 09:40:26.325105,17.75864601135254
2026-04-28 09:40:26.523653,2026-04-28 09:40:26.523653,17.7315673828125
2026-04-28 09:40:26.723716,2026-04-28 09:40:26.723716,17.53277015686035
2026-04-28 09:40:26.922488,2026-04-28 09:40:26.922488,17.363792419433594
2026-04-28 09:40:27.123103,2026-04-28 09:40:27.123103,17.22016143798828
2026-04-28 09:40:27.322414,2026-04-28 09:40:27.322414,17.098073959350586
2026-04-28 09:40:27.526216,2026-04-28 09:40:27.526216,16.994300842285156
2026-04-28 09:40:27.723358,2026-04-28 09:40:27.723358,16.90609359741211
2026-04-28 09:40:27.926785,2026-04-28 09:40:27.926785,16.83111572265625
2026-04-28 09:40:28.124694,2026-04-28 09:40:28.124694,16.767385482788086
2026-04-28 09:40:28.324923,2026-04-28 09:40:28.324923,16.71321678161621
2026-04-28 09:40:28.523605,2026-04-28 09:40:28.523605,16.667171478271484
2026-04-28 09:40:28.722386,2026-04-28 09:40:28.722386,16.628032684326172
2026-04-28 09:40:28.922634,2026-04-28 09:40:28.922634,16.594764709472656
2026-04-28 09:40:29.124629,2026-04-28 09:40:29.124629,16.56648826599121
2026-04-28 09:40:29.322739,2026-04-28 09:40:29.322739,16.542451858520508
2026-04-28 09:40:29.525273,2026-04-28 09:40:29.525273,16.522022247314453
2026-04-28 09:40:29.725102,2026-04-28 09:40:29.725102,16.504655838012695
2026-04-28 09:40:29.923621,2026-04-28 09:40:29.923621,16.48989486694336
2026-04-28 09:40:30.122658,2026-04-28 09:40:30.122658,16.47734832763672
2026-04-28 09:40:30.325676,2026-04-28 09:40:30.325676,16.466684341430664
2026-04-28 09:40:30.522358,2026-04-28 09:40:30.522358,16.457618713378906
2026-04-28 09:40:30.724075,2026-04-28 09:40:30.724075,16.449913024902344
2026-04-28 09:40:30.924546,2026-04-28 09:40:30.924546,16.443363189697266
2026-04-28 09:40:31.124663,2026-04-28 09:40:31.124663,16.61357879638672
2026-04-28 09:40:31.322941,2026-04-28 09:40:31.322941,16.75826072692871
2026-04-28 09:40:31.523177,2026-04-28 09:40:31.523177,16.70545768737793
2026-04-28 09:40:31.723742,2026-04-28 09:40:31.723742,16.83635902404785
2026-04-28 09:40:31.925124,2026-04-28 09:40:31.925124,16.77184295654297
2026-04-28 09:40:32.124316,2026-04-28 09:40:32.124316,16.717002868652344
2026-04-28 09:40:32.323915,2026-04-28 09:40:32.323915,16.670391082763672
2026-04-28 09:40:32.523607,2026-04-28 09:40:32.523607,16.454988479614258
2026-04-28 09:40:32.722086,2026-04-28 09:40:32.722086,16.271896362304688
2026-04-28 09:40:32.923845,2026-04-28 09:40:32.923845,16.116268157958984
2026-04-28 09:40:33.129077,2026-04-28 09:40:33.129077,15.808202743530272
2026-04-28 09:40:33.326022,2026-04-28 09:40:33.326022,15.546347618103027
2026-04-28 09:40:33.526441,2026-04-28 09:40:33.526441,15.147989273071287
2026-04-28 09:40:33.723184,2026-04-28 09:40:33.723184,14.8093843460083
2026-04-28 09:40:33.925103,2026-04-28 09:40:33.925103,14.521570205688477
2026-04-28 09:40:34.122211,2026-04-28 09:40:34.122211,14.276928901672363
2026-04-28 09:40:34.322366,2026-04-28 09:40:34.322366,14.24476432800293
2026-04-28 09:40:34.524776,2026-04-28 09:40:34.524776,15.799455642700195
2026-04-28 09:40:34.722233,2026-04-28 09:40:34.722233,15.363131523132324
2026-04-28 09:40:34.924586,2026-04-28 09:40:34.924586,14.992255210876465
2026-04-28 09:40:35.125512,2026-04-28 09:40:35.125512,14.677010536193848
2026-04-28 09:40:35.326219,2026-04-28 09:40:35.326219,14.409052848815918
2026-04-28 09:40:35.524312,2026-04-28 09:40:35.524312,14.181288719177246
2026-04-28 09:40:35.725929,2026-04-28 09:40:35.725929,13.987689018249512
2026-04-28 09:40:35.924448,2026-04-28 09:40:35.924448,13.823129653930664
2026-04-28 09:40:36.124273,2026-04-28 09:40:36.124273,13.68325424194336
2026-04-28 09:40:36.324016,2026-04-28 09:40:36.324016,13.564359664916992
2026-04-28 09:40:36.524643,2026-04-28 09:40:36.524643,13.463299751281738
2026-04-28 09:40:36.726766,2026-04-28 09:40:36.726766,13.377398490905762
2026-04-28 09:40:36.927705,2026-04-28 09:40:36.927705,13.30438232421875
2026-04-28 09:40:37.123898,2026-04-28 09:40:37.123898,13.242319107055664
2026-04-28 09:40:37.323479,2026-04-28 09:40:37.323479,13.18956470489502
2026-04-28 09:40:37.522090,2026-04-28 09:40:37.522090,13.144723892211914
2026-04-28 09:40:37.723876,2026-04-28 09:40:37.723876,13.106608390808104
2026-04-28 09:40:37.922925,2026-04-28 09:40:37.922925,13.074211120605469
2026-04-28 09:40:51.022979,2026-04-28 09:40:51.022979,13.222455024719238
2026-04-28 09:40:51.225989,2026-04-28 09:40:51.225989,13.172679901123049
2026-04-28 09:40:51.424223,2026-04-28 09:40:51.424223,13.130372047424316
2026-04-28 09:40:51.625070,2026-04-28 09:40:51.625070,13.094409942626951
2026-04-28 09:40:51.824426,2026-04-28 09:40:51.824426,13.239623069763184
2026-04-28 09:40:52.026057,2026-04-28 09:40:52.026057,13.363055229187012
2026-04-28 09:40:52.223650,2026-04-28 09:40:52.223650,13.467971801757812
2026-04-28 09:40:52.423832,2026-04-28 09:40:52.423832,13.557150840759276
2026-04-28 09:40:52.624198,2026-04-28 09:40:52.624198,13.808734893798828
2026-04-28 09:40:52.822467,2026-04-28 09:40:52.822467,13.84679889678955
2026-04-28 09:40:53.022017,2026-04-28 09:40:53.022017,14.054935455322266
2026-04-28 09:40:53.222792,2026-04-28 09:40:53.222792,14.231851577758787
2026-04-28 09:40:53.426296,2026-04-28 09:40:53.426296,14.382229804992676
2026-04-28 09:40:53.622221,2026-04-28 09:40:53.622221,14.510051727294922
2026-04-28 09:40:53.823741,2026-04-28 09:40:53.823741,14.61870002746582
2026-04-28 09:40:54.023216,2026-04-28 09:40:54.023216,14.711051940917969
2026-04-28 09:40:54.225793,2026-04-28 09:40:54.225793,14.965331077575684
2026-04-28 09:40:54.422921,2026-04-28 09:40:54.422921,15.005687713623049
2026-04-28 09:40:54.624540,2026-04-28 09:40:54.624540,15.03999137878418
2026-04-28 09:40:54.824435,2026-04-28 09:40:54.824435,15.244929313659668
2026-04-28 09:40:55.025438,2026-04-28 09:40:55.025438,15.594908714294434
2026-04-28 09:40:55.225553,2026-04-28 09:40:55.225553,15.892391204833984
2026-04-28 09:40:55.426942,2026-04-28 09:40:55.426942,16.145252227783203
2026-04-28 09:40:55.627250,2026-04-28 09:40:55.627250,16.36018180847168
2026-04-28 09:40:55.822438,2026-04-28 09:40:55.822438,16.36709213256836
2026-04-28 09:40:56.025540,2026-04-28 09:40:56.025540,16.548748016357422
2026-04-28 09:40:56.227318,2026-04-28 09:40:56.227318,16.703153610229492
2026-04-28 09:40:56.425227,2026-04-28 09:40:56.425227,16.834400177001953
2026-04-28 09:40:56.622167,2026-04-28 09:40:56.622167,16.945959091186523
2026-04-28 09:40:56.825776,2026-04-28 09:40:56.825776,17.040782928466797
2026-04-28 09:40:57.026562,2026-04-28 09:40:57.026562,17.12138557434082
2026-04-28 09:40:57.222250,2026-04-28 09:40:57.222250,17.189895629882812
2026-04-28 09:40:57.424562,2026-04-28 09:40:57.424562,17.423912048339844
2026-04-28 09:40:57.622227,2026-04-28 09:40:57.622227,17.622825622558594
2026-04-28 09:40:57.826826,2026-04-28 09:40:57.826826,17.791900634765625
2026-04-28 09:40:58.022711,2026-04-28 09:40:58.022711,17.93561553955078
2026-04-28 09:40:58.224462,2026-04-28 09:40:58.224462,18.05777359008789
2026-04-28 09:40:58.426196,2026-04-28 09:40:58.426196,18.16160774230957
2026-04-28 09:40:58.623528,2026-04-28 09:40:58.623528,18.249866485595703
2026-04-28 09:40:58.826167,2026-04-28 09:40:58.826167,18.324886322021484
2026-04-28 09:40:59.026515,2026-04-28 09:40:59.026515,18.388652801513672
2026-04-28 09:40:59.223049,2026-04-28 09:40:59.223049,18.442855834960938
2026-04-28 09:40:59.430131,2026-04-28 09:40:59.430131,18.488927841186523
2026-04-28 09:40:59.625265,2026-04-28 09:40:59.625265,18.5280876159668
2026-04-28 09:40:59.825941,2026-04-28 09:40:59.825941,18.56137466430664
2026-04-28 09:41:00.026494,2026-04-28 09:41:00.026494,18.41388702392578
2026-04-28 09:41:00.222520,2026-04-28 09:41:00.222520,18.112741470336918
2026-04-28 09:41:00.422681,2026-04-28 09:41:00.422681,18.032548904418945
2026-04-28 09:41:00.622138,2026-04-28 09:41:00.622138,17.964385986328125
2026-04-28 09:41:00.822742,2026-04-28 09:41:00.822742,17.90644645690918
2026-04-28 09:41:01.022770,2026-04-28 09:41:01.022770,18.03297996520996
2026-04-28 09:41:01.222151,2026-04-28 09:41:01.222151,17.964752197265625
2026-04-28 09:41:01.424073,2026-04-28 09:41:01.424073,18.082538604736328
2026-04-28 09:41:01.623517,2026-04-28 09:41:01.623517,18.18265724182129
2026-04-28 09:41:01.822591,2026-04-28 09:41:01.822591,18.26775932312012
2026-04-28 09:41:02.022249,2026-04-28 09:41:02.022249,18.34009552001953
2026-04-28 09:41:02.222719,2026-04-28 09:41:02.222719,18.401580810546875
2026-04-28 09:41:02.424003,2026-04-28 09:41:02.424003,18.45384407043457
2026-04-28 09:41:02.622283,2026-04-28 09:41:02.622283,18.674049377441406
2026-04-28 09:41:02.823811,2026-04-28 09:41:02.823811,18.861223220825195
2026-04-28 09:41:03.022656,2026-04-28 09:41:03.022656,19.020320892333984
2026-04-28 09:41:03.227024,2026-04-28 09:41:03.227024,18.979772567749023
2026-04-28 09:41:03.424944,2026-04-28 09:41:03.424944,18.9453067779541
2026-04-28 09:41:03.623388,2026-04-28 09:41:03.623388,18.9160099029541
2026-04-28 09:41:03.822442,2026-04-28 09:41:03.822442,18.89110946655273
2026-04-28 09:41:04.025170,2026-04-28 09:41:04.025170,17.11212921142578
2026-04-28 09:41:04.225455,2026-04-28 09:41:04.225455,15.599998474121094
2026-04-28 09:41:04.424016,2026-04-28 09:41:04.424016,15.896717071533203
2026-04-28 09:41:04.623691,2026-04-28 09:41:04.623691,14.56689739227295
2026-04-28 09:41:04.825522,2026-04-28 09:41:04.825522,15.01858139038086
2026-04-28 09:41:05.023875,2026-04-28 09:41:05.023875,15.402512550354004
2026-04-28 09:41:05.223301,2026-04-28 09:41:05.223301,16.95932388305664
2026-04-28 09:41:05.423878,2026-04-28 09:41:05.423878,18.282611846923828
2026-04-28 09:41:05.622506,2026-04-28 09:41:05.622506,19.40740776062012
2026-04-28 09:41:05.825027,2026-04-28 09:41:05.825027,20.36348342895508
2026-04-28 09:41:06.022222,2026-04-28 09:41:06.022222,21.176149368286133
2026-04-28 09:41:06.223557,2026-04-28 09:41:06.223557,21.866914749145508
2026-04-28 09:41:06.433925,2026-04-28 09:41:06.433925,22.454065322875977
2026-04-28 09:41:06.622802,2026-04-28 09:41:06.622802,22.95314216613769
2026-04-28 09:41:06.822189,2026-04-28 09:41:06.822189,23.37735939025879
2026-04-28 09:41:07.023124,2026-04-28 09:41:07.023124,22.15591049194336
2026-04-28 09:41:07.227142,2026-04-28 09:41:07.227142,21.1176815032959
2026-04-28 09:41:07.423794,2026-04-28 09:41:07.423794,20.235185623168945
2026-04-28 09:41:07.622160,2026-04-28 09:41:07.622160,19.485063552856445
2026-04-28 09:41:07.823174,2026-04-28 09:41:07.823174,18.84745979309082
2026-04-28 09:41:08.027285,2026-04-28 09:41:08.027285,18.305498123168945
2026-04-28 09:41:08.224498,2026-04-28 09:41:08.224498,17.844829559326172
2026-04-28 09:41:08.427761,2026-04-28 09:41:08.427761,17.27747917175293
2026-04-28 09:41:08.626264,2026-04-28 09:41:08.626264,16.97101402282715
2026-04-28 09:41:08.823115,2026-04-28 09:41:08.823115,16.71051788330078
2026-04-28 09:41:09.023875,2026-04-28 09:41:09.023875,16.31331443786621
2026-04-28 09:41:09.222096,2026-04-28 09:41:09.222096,15.975692749023438
2026-04-28 09:41:09.426032,2026-04-28 09:41:09.426032,15.688714027404783
2026-04-28 09:41:09.623244,2026-04-28 09:41:09.623244,15.444782257080078
2026-04-28 09:41:09.822809,2026-04-28 09:41:09.822809,15.23744010925293
2026-04-28 09:41:10.022212,2026-04-28 09:41:10.022212,15.061199188232422
2026-04-28 09:41:10.222365,2026-04-28 09:41:10.222365,14.911394119262695
2026-04-28 09:41:10.425672,2026-04-28 09:41:10.425672,14.784059524536133
2026-04-28 09:41:10.625268,2026-04-28 09:41:10.625268,14.675826072692873
2026-04-28 09:41:10.822814,2026-04-28 09:41:10.822814,14.583827018737791
2026-04-28 09:41:11.023780,2026-04-28 09:41:11.023780,14.505627632141112
2026-04-28 09:41:11.223297,2026-04-28 09:41:11.223297,14.61493968963623
2026-04-28 09:41:11.422924,2026-04-28 09:41:11.422924,14.707855224609377
2026-04-28 09:41:11.624668,2026-04-28 09:41:11.624668,14.786832809448242
2026-04-28 09:41:11.824861,2026-04-28 09:41:11.824861,14.853964805603027
2026-04-28 09:41:12.023244,2026-04-28 09:41:12.023244,14.911026000976562
2026-04-28 09:41:12.222691,2026-04-28 09:41:12.222691,14.959527969360352
2026-04-28 09:41:12.422498,2026-04-28 09:41:12.422498,15.176536560058594
2026-04-28 09:41:12.622729,2026-04-28 09:41:12.622729,16.767244338989258
2026-04-28 09:41:12.824603,2026-04-28 09:41:12.824603,18.11934471130371
2026-04-28 09:41:13.023544,2026-04-28 09:41:13.023544,19.268630981445312
2026-04-28 09:41:13.222020,2026-04-28 09:41:13.222020,20.24552345275879
2026-04-28 09:41:13.423856,2026-04-28 09:41:13.423856,21.07588195800781
2026-04-28 09:41:13.622994,2026-04-28 09:41:13.622994,21.605905532836918
2026-04-28 09:41:13.827464,2026-04-28 09:41:13.827464,21.529083251953125
2026-04-28 09:41:14.022586,2026-04-28 09:41:14.022586,21.46378326416016
2026-04-28 09:41:14.226392,2026-04-28 09:41:14.226392,21.75984001159668
2026-04-28 09:41:14.424060,2026-04-28 09:41:14.424060,22.011489868164062
2026-04-28 09:41:14.622298,2026-04-28 09:41:14.622298,22.049610137939453
2026-04-28 09:41:14.823334,2026-04-28 09:41:14.823334,22.257793426513672
2026-04-28 09:41:15.025668,2026-04-28 09:41:15.025668,22.434749603271484
2026-04-28 09:41:15.223934,2026-04-28 09:41:15.223934,22.585161209106445
2026-04-28 09:41:15.425523,2026-04-28 09:41:15.425523,22.7130126953125
2026-04-28 09:41:15.625432,2026-04-28 09:41:15.625432,22.821685791015625
2026-04-28 09:41:15.825436,2026-04-28 09:41:15.825436,22.91405868530273
2026-04-28 09:41:16.024571,2026-04-28 09:41:16.024571,22.99257469177246
2026-04-28 09:41:16.226471,2026-04-28 09:41:16.226471,23.05931282043457
2026-04-28 09:41:29.322724,2026-04-28 09:41:29.322724,23.11604118347168
2026-04-28 09:41:29.523406,2026-04-28 09:41:29.523406,23.16426086425781
2026-04-28 09:41:29.723230,2026-04-28 09:41:29.723230,23.205245971679688
2026-04-28 09:41:29.922068,2026-04-28 09:41:29.922068,23.240083694458008
2026-04-28 09:41:30.128987,2026-04-28 09:41:30.128987,23.26969718933105
2026-04-28 09:41:30.324908,2026-04-28 09:41:30.324908,23.29486656188965
2026-04-28 09:41:30.523580,2026-04-28 09:41:30.523580,23.316261291503903
2026-04-28 09:41:30.722549,2026-04-28 09:41:30.722549,23.334447860717773
2026-04-28 09:41:30.923228,2026-04-28 09:41:30.923228,23.34990501403809
2026-04-28 09:41:31.122433,2026-04-28 09:41:31.122433,23.36304473876953
2026-04-28 09:41:31.329781,2026-04-28 09:41:31.329781,23.37421226501465
2026-04-28 09:41:31.522083,2026-04-28 09:41:31.522083,23.38370513916016
2026-04-28 09:41:31.722652,2026-04-28 09:41:31.722652,23.391775131225582
2026-04-28 09:41:31.926500,2026-04-28 09:41:31.926500,23.39863395690918
2026-04-28 09:41:32.126604,2026-04-28 09:41:32.126604,23.404464721679688
2026-04-28 09:41:32.323853,2026-04-28 09:41:32.323853,23.40942001342773
2026-04-28 09:41:32.522396,2026-04-28 09:41:32.522396,23.413631439208984
2026-04-28 09:41:32.726114,2026-04-28 09:41:32.726114,23.417211532592773
2026-04-28 09:41:32.924245,2026-04-28 09:41:32.924245,23.420255661010746
2026-04-28 09:41:33.123639,2026-04-28 09:41:33.123639,23.42284202575684
2026-04-28 09:41:33.324646,2026-04-28 09:41:33.324646,23.42504119873047
2026-04-28 09:41:33.525452,2026-04-28 09:41:33.525452,23.426908493041992
2026-04-28 09:41:33.725153,2026-04-28 09:41:33.725153,23.428497314453125
2026-04-28 09:41:33.923977,2026-04-28 09:41:33.923977,23.42984771728516
2026-04-28 09:41:34.125081,2026-04-28 09:41:34.125081,23.43099594116211
2026-04-28 09:41:34.324744,2026-04-28 09:41:34.324744,23.43197250366211
2026-04-28 09:41:34.522488,2026-04-28 09:41:34.522488,23.43280029296875
2026-04-28 09:41:34.723788,2026-04-28 09:41:34.723788,23.43350601196289
2026-04-28 09:41:34.922343,2026-04-28 09:41:34.922343,23.434104919433597
2026-04-28 09:41:35.126289,2026-04-28 09:41:35.126289,23.434614181518555
2026-04-28 09:41:35.323424,2026-04-28 09:41:35.323424,23.435047149658203
2026-04-28 09:41:35.524076,2026-04-28 09:41:35.524076,23.435415267944336
2026-04-28 09:41:35.725917,2026-04-28 09:41:35.725917,23.43572807312012
2026-04-28 09:41:35.928374,2026-04-28 09:41:35.928374,23.43599319458008
2026-04-28 09:41:36.122054,2026-04-28 09:41:36.122054,23.436220169067383
2026-04-28 09:41:36.324868,2026-04-28 09:41:36.324868,23.436410903930664
2026-04-28 09:41:36.528049,2026-04-28 09:41:36.528049,23.43657493591309
2026-04-28 09:41:36.723159,2026-04-28 09:41:36.723159,23.26093292236328
2026-04-28 09:41:36.924285,2026-04-28 09:41:36.924285,23.28741836547852
2026-04-28 09:41:37.123529,2026-04-28 09:41:37.123529,23.3099308013916
2026-04-28 09:41:37.322050,2026-04-28 09:41:37.322050,23.329065322875977
2026-04-28 09:41:37.522437,2026-04-28 09:41:37.522437,23.3453311920166
2026-04-28 09:41:37.726679,2026-04-28 09:41:37.726679,23.359155654907227
2026-04-28 09:41:37.922083,2026-04-28 09:41:37.922083,23.370906829833984
2026-04-28 09:41:38.123859,2026-04-28 09:41:38.123859,23.380895614624023
2026-04-28 09:41:38.322702,2026-04-28 09:41:38.322702,23.389387130737305
2026-04-28 09:41:38.525505,2026-04-28 09:41:38.525505,23.396604537963867
2026-04-28 09:41:38.724143,2026-04-28 09:41:38.724143,23.402738571166992
2026-04-28 09:41:38.925610,2026-04-28 09:41:38.925610,23.4079532623291
2026-04-28 09:41:39.122554,2026-04-28 09:41:39.122554,23.236602783203125
2026-04-28 09:41:39.324636,2026-04-28 09:41:39.324636,23.26673889160156
2026-04-28 09:41:39.522463,2026-04-28 09:41:39.522463,22.9407901763916
2026-04-28 09:41:39.722184,2026-04-28 09:41:39.722184,23.54264068603516
2026-04-28 09:41:39.923618,2026-04-28 09:41:39.923618,24.05421257019043
2026-04-28 09:41:40.121940,2026-04-28 09:41:40.121940,24.664831161499023
2026-04-28 09:41:40.322016,2026-04-28 09:41:40.322016,25.183856964111328
2026-04-28 09:41:40.522349,2026-04-28 09:41:40.522349,25.62502861022949
2026-04-28 09:41:40.722352,2026-04-28 09:41:40.722352,26.175804138183597
2026-04-28 09:41:40.922218,2026-04-28 09:41:40.922218,26.46818351745605
2026-04-28 09:41:41.122395,2026-04-28 09:41:41.122395,26.716707229614254
2026-04-28 09:41:41.322513,2026-04-28 09:41:41.322513,26.927949905395508
2026-04-28 09:41:41.524754,2026-04-28 09:41:41.524754,27.28328895568848
2026-04-28 09:41:41.723449,2026-04-28 09:41:41.723449,27.5853271484375
2026-04-28 09:41:41.921983,2026-04-28 09:41:41.921983,27.842060089111328
2026-04-28 09:41:42.122438,2026-04-28 09:41:42.122438,28.06028175354004
2026-04-28 09:41:42.325930,2026-04-28 09:41:42.325930,28.24577140808105
2026-04-28 09:41:42.525559,2026-04-28 09:41:42.525559,28.4034366607666
2026-04-28 09:41:42.727468,2026-04-28 09:41:42.727468,28.537452697753903
2026-04-28 09:41:42.930310,2026-04-28 09:41:42.930310,28.651365280151367
2026-04-28 09:41:43.122676,2026-04-28 09:41:43.122676,28.748191833496094
2026-04-28 09:41:43.322047,2026-04-28 09:41:43.322047,28.830493927001957
2026-04-28 09:41:43.523488,2026-04-28 09:41:43.523488,28.90045166015625
2026-04-28 09:41:43.723366,2026-04-28 09:41:43.723366,28.95991516113281
2026-04-28 09:41:43.921996,2026-04-28 09:41:43.921996,29.010459899902344
2026-04-28 09:41:44.122277,2026-04-28 09:41:44.122277,29.05342102050781
2026-04-28 09:41:44.322367,2026-04-28 09:41:44.322367,29.08993911743164
2026-04-28 09:41:44.522586,2026-04-28 09:41:44.522586,29.12097930908203
2026-04-28 09:41:44.723434,2026-04-28 09:41:44.723434,29.147363662719727
2026-04-28 09:41:44.923661,2026-04-28 09:41:44.923661,26.884634017944336
2026-04-28 09:41:45.123973,2026-04-28 09:41:45.123973,24.961315155029297
2026-04-28 09:41:45.321963,2026-04-28 09:41:45.321963,23.326492309570312
2026-04-28 09:41:45.522576,2026-04-28 09:41:45.522576,21.93689346313477
2026-04-28 09:41:45.724726,2026-04-28 09:41:45.724726,20.755733489990234
2026-04-28 09:41:45.922385,2026-04-28 09:41:45.922385,19.75174903869629
2026-04-28 09:41:46.123752,2026-04-28 09:41:46.123752,18.898361206054688
2026-04-28 09:41:46.322641,2026-04-28 09:41:46.322641,18.172983169555664
2026-04-28 09:41:46.522735,2026-04-28 09:41:46.522735,17.38062858581543
2026-04-28 09:41:46.725771,2026-04-28 09:41:46.725771,16.882909774780273
2026-04-28 09:41:46.928505,2026-04-28 09:41:46.928505,16.284067153930664
2026-04-28 09:41:47.122668,2026-04-28 09:41:47.122668,15.950831413269045
2026-04-28 09:41:47.322127,2026-04-28 09:41:47.322127,15.491801261901855
2026-04-28 09:41:47.522441,2026-04-28 09:41:47.522441,15.277405738830566
2026-04-28 09:41:47.723516,2026-04-28 09:41:47.723516,14.919388771057127
2026-04-28 09:41:47.923438,2026-04-28 09:41:47.923438,14.615074157714844
2026-04-28 09:41:48.127586,2026-04-28 09:41:48.127586,14.356407165527344
2026-04-28 09:41:48.326799,2026-04-28 09:41:48.326799,14.312320709228516
2026-04-28 09:41:48.523158,2026-04-28 09:41:48.523158,14.274847984313965
2026-04-28 09:41:48.727175,2026-04-28 09:41:48.727175,14.242995262145996
2026-04-28 09:41:48.922529,2026-04-28 09:41:48.922529,14.21592140197754
2026-04-28 09:41:49.122121,2026-04-28 09:41:49.122121,14.19290828704834
2026-04-28 09:41:49.322781,2026-04-28 09:41:49.322781,14.173346519470217
2026-04-28 09:41:49.521938,2026-04-28 09:41:49.521938,14.332501411437988
2026-04-28 09:41:49.722392,2026-04-28 09:41:49.722392,14.292000770568848
2026-04-28 09:41:49.921971,2026-04-28 09:41:49.921971,14.433357238769531
2026-04-28 09:41:50.129552,2026-04-28 09:41:50.129552,14.553509712219238
2026-04-28 09:41:50.322630,2026-04-28 09:41:50.322630,14.6556396484375
2026-04-28 09:41:50.522882,2026-04-28 09:41:50.522882,14.742449760437012
2026-04-28 09:41:50.726178,2026-04-28 09:41:50.726178,14.816238403320312
2026-04-28 09:41:50.922372,2026-04-28 09:41:50.922372,15.054739952087402
2026-04-28 09:41:51.124996,2026-04-28 09:41:51.124996,15.257466316223145
2026-04-28 09:41:51.322442,2026-04-28 09:41:51.322442,15.605565071105955
2026-04-28 09:41:51.525163,2026-04-28 09:41:51.525163,15.725667953491213
2026-04-28 09:41:51.724856,2026-04-28 09:41:51.724856,16.003536224365234
2026-04-28 09:41:51.923363,2026-04-28 09:41:51.923363,16.06394386291504
2026-04-28 09:41:52.123271,2026-04-28 09:41:52.123271,16.29107093811035
2026-04-28 09:41:52.322586,2026-04-28 09:41:52.322586,16.308347702026367
2026-04-28 09:41:52.524900,2026-04-28 09:41:52.524900,16.49881362915039
2026-04-28 09:41:52.724728,2026-04-28 09:41:52.724728,16.83649253845215
2026-04-28 09:41:52.925293,2026-04-28 09:41:52.925293,17.123517990112305
2026-04-28 09:41:53.122725,2026-04-28 09:41:53.122725,17.367490768432617
2026-04-28 09:41:53.323152,2026-04-28 09:41:53.323152,17.574867248535156
2026-04-28 09:41:53.523543,2026-04-28 09:41:53.523543,17.751136779785156
2026-04-28 09:41:53.722195,2026-04-28 09:41:53.722195,17.90096664428711
2026-04-28 09:41:53.922177,2026-04-28 09:41:53.922177,18.028322219848636
2026-04-28 09:41:54.124253,2026-04-28 09:41:54.124253,18.312355041503903
2026-04-28 09:41:54.325343,2026-04-28 09:41:54.325343,18.553783416748047
2026-04-28 09:41:54.523136,2026-04-28 09:41:54.523136,18.758996963500977
2026-04-28 09:42:07.623253,2026-04-28 09:42:07.623253,19.109209060668945
2026-04-28 09:42:07.823982,2026-04-28 09:42:07.823982,19.406890869140625
2026-04-28 09:42:08.022680,2026-04-28 09:42:08.022680,19.65991973876953
2026-04-28 09:42:08.224919,2026-04-28 09:42:08.224919,20.0507755279541
2026-04-28 09:42:08.423053,2026-04-28 09:42:08.423053,20.38300323486328
2026-04-28 09:42:08.622221,2026-04-28 09:42:08.622221,21.192739486694336
2026-04-28 09:42:08.822665,2026-04-28 09:42:08.822665,22.05679702758789
2026-04-28 09:42:09.023693,2026-04-28 09:42:09.023693,22.43968391418457
2026-04-28 09:42:09.223216,2026-04-28 09:42:09.223216,22.940919876098636
2026-04-28 09:42:09.423086,2026-04-28 09:42:09.423086,23.191186904907227
2026-04-28 09:42:09.622836,2026-04-28 09:42:09.622836,23.40391540527344
2026-04-28 09:42:09.823481,2026-04-28 09:42:09.823481,23.58473396301269
2026-04-28 09:42:10.021877,2026-04-28 09:42:10.021877,23.91421127319336
2026-04-28 09:42:10.224733,2026-04-28 09:42:10.224733,24.19426727294922
2026-04-28 09:42:10.422904,2026-04-28 09:42:10.422904,24.432315826416016
2026-04-28 09:42:10.626481,2026-04-28 09:42:10.626481,24.634654998779297
2026-04-28 09:42:10.822176,2026-04-28 09:42:10.822176,24.806644439697266
2026-04-28 09:42:11.022370,2026-04-28 09:42:11.022370,24.95283508300781
2026-04-28 09:42:11.230598,2026-04-28 09:42:11.230598,25.077096939086918
2026-04-28 09:42:11.423279,2026-04-28 09:42:11.423279,25.18272018432617
2026-04-28 09:42:11.622733,2026-04-28 09:42:11.622733,25.272499084472656
2026-04-28 09:42:11.822849,2026-04-28 09:42:11.822849,25.348812103271484
2026-04-28 09:42:12.023491,2026-04-28 09:42:12.023491,25.41367721557617
2026-04-28 09:42:12.225292,2026-04-28 09:42:12.225292,25.468812942504883
2026-04-28 09:42:12.423055,2026-04-28 09:42:12.423055,25.51567840576172
2026-04-28 09:42:12.626038,2026-04-28 09:42:12.626038,25.55551528930664
2026-04-28 09:42:12.821930,2026-04-28 09:42:12.821930,25.589374542236328
2026-04-28 09:42:13.022566,2026-04-28 09:42:13.022566,25.61815643310547
2026-04-28 09:42:13.222502,2026-04-28 09:42:13.222502,25.64262008666992
2026-04-28 09:42:13.426232,2026-04-28 09:42:13.426232,25.663414001464844
2026-04-28 09:42:13.624849,2026-04-28 09:42:13.624849,25.68108940124512
2026-04-28 09:42:13.823337,2026-04-28 09:42:13.823337,25.87189483642578
2026-04-28 09:42:14.025105,2026-04-28 09:42:14.025105,26.034080505371094
2026-04-28 09:42:14.222553,2026-04-28 09:42:14.222553,26.17193603515625
2026-04-28 09:42:14.425766,2026-04-28 09:42:14.425766,26.28911399841309
2026-04-28 09:42:14.624023,2026-04-28 09:42:14.624023,26.388715744018555
2026-04-28 09:42:14.822919,2026-04-28 09:42:14.822919,26.473377227783203
2026-04-28 09:42:15.022812,2026-04-28 09:42:15.022812,26.545339584350582
2026-04-28 09:42:15.224571,2026-04-28 09:42:15.224571,26.606508255004883
2026-04-28 09:42:15.421981,2026-04-28 09:42:15.421981,26.65850067138672
2026-04-28 09:42:15.622121,2026-04-28 09:42:15.622121,26.702693939208984
2026-04-28 09:42:15.822303,2026-04-28 09:42:15.822303,26.740259170532227
2026-04-28 09:42:16.024989,2026-04-28 09:42:16.024989,26.772188186645508
2026-04-28 09:42:16.222325,2026-04-28 09:42:16.222325,26.79932975769043
2026-04-28 09:42:16.424942,2026-04-28 09:42:16.424942,26.822399139404297
2026-04-28 09:42:16.624848,2026-04-28 09:42:16.624848,26.84200668334961
2026-04-28 09:42:16.823760,2026-04-28 09:42:16.823760,26.85867500305176
2026-04-28 09:42:17.025801,2026-04-28 09:42:17.025801,26.87284278869629
2026-04-28 09:42:17.222114,2026-04-28 09:42:17.222114,26.884885787963867
2026-04-28 09:42:17.426505,2026-04-28 09:42:17.426505,26.89512062072754
2026-04-28 09:42:17.623563,2026-04-28 09:42:17.623563,26.90382194519043
2026-04-28 09:42:17.823137,2026-04-28 09:42:17.823137,26.911216735839844
2026-04-28 09:42:18.023155,2026-04-28 09:42:18.023155,26.917503356933597
2026-04-28 09:42:18.225916,2026-04-28 09:42:18.225916,26.9228458404541
2026-04-28 09:42:18.422062,2026-04-28 09:42:18.422062,26.92738914489746
2026-04-28 09:42:18.623645,2026-04-28 09:42:18.623645,26.931249618530277
2026-04-28 09:42:18.825482,2026-04-28 09:42:18.825482,26.93453025817871
2026-04-28 09:42:19.022907,2026-04-28 09:42:19.022907,26.937318801879883
2026-04-28 09:42:19.221961,2026-04-28 09:42:19.221961,26.93968963623047
2026-04-28 09:42:19.422752,2026-04-28 09:42:19.422752,26.94170570373535
2026-04-28 09:42:19.623465,2026-04-28 09:42:19.623465,26.943418502807617
2026-04-28 09:42:19.822757,2026-04-28 09:42:19.822757,26.944873809814453
2026-04-28 09:42:20.022609,2026-04-28 09:42:20.022609,26.94611167907715
2026-04-28 09:42:20.223661,2026-04-28 09:42:20.223661,26.94716453552246
2026-04-28 09:42:20.425499,2026-04-28 09:42:20.425499,26.948057174682617
2026-04-28 09:42:20.623332,2026-04-28 09:42:20.623332,26.94881820678711
2026-04-28 09:42:20.824577,2026-04-28 09:42:20.824577,26.949464797973636
2026-04-28 09:42:21.023649,2026-04-28 09:42:21.023649,26.950014114379883
2026-04-28 09:42:21.223922,2026-04-28 09:42:21.223922,26.95047950744629
2026-04-28 09:42:21.423684,2026-04-28 09:42:21.423684,26.950876235961918
2026-04-28 09:42:21.629534,2026-04-28 09:42:21.629534,26.95121383666992
2026-04-28 09:42:21.824618,2026-04-28 09:42:21.824618,26.775718688964844
2026-04-28 09:42:22.022977,2026-04-28 09:42:22.022977,26.626548767089844
2026-04-28 09:42:22.224973,2026-04-28 09:42:22.224973,26.499753952026367
2026-04-28 09:42:22.423777,2026-04-28 09:42:22.423777,26.391979217529297
2026-04-28 09:42:22.622779,2026-04-28 09:42:22.622779,26.300369262695312
2026-04-28 09:42:22.825363,2026-04-28 09:42:22.825363,26.222501754760746
2026-04-28 09:42:23.022437,2026-04-28 09:42:23.022437,26.156312942504883
2026-04-28 09:42:23.222240,2026-04-28 09:42:23.222240,26.100053787231445
2026-04-28 09:42:23.422295,2026-04-28 09:42:23.422295,26.05223274230957
2026-04-28 09:42:23.625850,2026-04-28 09:42:23.625850,26.011585235595703
2026-04-28 09:42:23.822493,2026-04-28 09:42:23.822493,25.977035522460938
2026-04-28 09:42:24.022947,2026-04-28 09:42:24.022947,25.947668075561523
2026-04-28 09:42:24.222060,2026-04-28 09:42:24.222060,25.922704696655277
2026-04-28 09:42:24.422153,2026-04-28 09:42:24.422153,25.725706100463867
2026-04-28 09:42:24.623700,2026-04-28 09:42:24.623700,25.558256149291992
2026-04-28 09:42:24.824971,2026-04-28 09:42:24.824971,25.415924072265625
2026-04-28 09:42:25.022465,2026-04-28 09:42:25.022465,25.294940948486328
2026-04-28 09:42:25.225280,2026-04-28 09:42:25.225280,25.19210624694824
2026-04-28 09:42:25.424566,2026-04-28 09:42:25.424566,25.10469627380371
2026-04-28 09:42:25.622569,2026-04-28 09:42:25.622569,25.03039932250977
2026-04-28 09:42:25.822109,2026-04-28 09:42:25.822109,24.96724510192871
2026-04-28 09:42:26.022133,2026-04-28 09:42:26.022133,24.91356468200684
2026-04-28 09:42:26.222652,2026-04-28 09:42:26.222652,24.867935180664062
2026-04-28 09:42:26.422542,2026-04-28 09:42:26.422542,24.829151153564453
2026-04-28 09:42:26.625166,2026-04-28 09:42:26.625166,24.79618453979492
2026-04-28 09:42:26.822795,2026-04-28 09:42:26.822795,24.768163681030277
2026-04-28 09:42:27.026560,2026-04-28 09:42:27.026560,24.74434471130371
2026-04-28 09:42:27.222564,2026-04-28 09:42:27.222564,24.72410011291504
2026-04-28 09:42:27.422048,2026-04-28 09:42:27.422048,24.706892013549805
2026-04-28 09:42:27.623575,2026-04-28 09:42:27.623575,24.69226455688477
2026-04-28 09:42:27.833862,2026-04-28 09:42:27.833862,24.67983055114746
2026-04-28 09:42:28.022005,2026-04-28 09:42:28.022005,24.669261932373047
2026-04-28 09:42:28.222132,2026-04-28 09:42:28.222132,24.6602783203125
2026-04-28 09:42:28.428003,2026-04-28 09:42:28.428003,24.65264320373535
2026-04-28 09:42:28.622117,2026-04-28 09:42:28.622117,24.47037124633789
2026-04-28 09:42:28.822764,2026-04-28 09:42:28.822764,24.3154411315918
2026-04-28 09:42:29.023243,2026-04-28 09:42:29.023243,24.18375015258789
2026-04-28 09:42:29.222190,2026-04-28 09:42:29.222190,24.07181167602539
2026-04-28 09:42:29.427990,2026-04-28 09:42:29.427990,23.97666549682617
2026-04-28 09:42:29.623250,2026-04-28 09:42:29.623250,23.895790100097656
2026-04-28 09:42:29.824580,2026-04-28 09:42:29.824580,23.82704734802246
2026-04-28 09:42:30.022058,2026-04-28 09:42:30.022058,23.76861572265625
2026-04-28 09:42:30.222657,2026-04-28 09:42:30.222657,23.71894836425781
2026-04-28 09:42:30.424870,2026-04-28 09:42:30.424870,23.67673110961914
2026-04-28 09:42:30.624509,2026-04-28 09:42:30.624509,23.640846252441406
2026-04-28 09:42:30.822966,2026-04-28 09:42:30.822966,23.61034393310547
2026-04-28 09:42:31.025062,2026-04-28 09:42:31.025062,23.58441734313965
2026-04-28 09:42:31.222675,2026-04-28 09:42:31.222675,23.562379837036133
2026-04-28 09:42:31.424582,2026-04-28 09:42:31.424582,23.54364776611328
2026-04-28 09:42:31.622661,2026-04-28 09:42:31.622661,23.52772521972656
2026-04-28 09:42:31.824874,2026-04-28 09:42:31.824874,23.51419258117676
2026-04-28 09:42:32.022959,2026-04-28 09:42:32.022959,23.678468704223636
2026-04-28 09:42:32.222462,2026-04-28 09:42:32.222462,23.81810569763184
2026-04-28 09:42:32.423832,2026-04-28 09:42:32.423832,23.93679618835449
2026-04-28 09:42:32.623686,2026-04-28 09:42:32.623686,24.03768348693848
2026-04-28 09:42:32.822090,2026-04-28 09:42:32.822090,24.123435974121094
2026-04-28 09:42:45.923958,2026-04-28 09:42:45.923958,24.196327209472656
2026-04-28 09:42:46.122713,2026-04-28 09:42:46.122713,24.258283615112305
2026-04-28 09:42:46.327457,2026-04-28 09:42:46.327457,24.31094741821289
2026-04-28 09:42:46.524014,2026-04-28 09:42:46.524014,24.355712890625
2026-04-28 09:42:46.724149,2026-04-28 09:42:46.724149,24.393760681152344
2026-04-28 09:42:46.923752,2026-04-28 09:42:46.923752,24.426103591918945
2026-04-28 09:42:47.123538,2026-04-28 09:42:47.123538,24.453594207763672
2026-04-28 09:42:47.323062,2026-04-28 09:42:47.323062,24.476961135864254
2026-04-28 09:42:47.523634,2026-04-28 09:42:47.523634,24.496824264526367
2026-04-28 09:42:47.722295,2026-04-28 09:42:47.722295,22.75589370727539
2026-04-28 09:42:47.923167,2026-04-28 09:42:47.923167,21.100322723388672
2026-04-28 09:42:48.122882,2026-04-28 09:42:48.122882,19.693086624145508
2026-04-28 09:42:48.322802,2026-04-28 09:42:48.322802,18.49693489074707
2026-04-28 09:42:48.525543,2026-04-28 09:42:48.525543,17.480207443237305
2026-04-28 09:42:48.725139,2026-04-28 09:42:48.725139,16.615989685058594
2026-04-28 09:42:48.924589,2026-04-28 09:42:48.924589,15.881402969360352
2026-04-28 09:42:49.124205,2026-04-28 09:42:49.124205,15.25700569152832
2026-04-28 09:42:49.328020,2026-04-28 09:42:49.328020,14.726266860961914
2026-04-28 09:42:49.524969,2026-04-28 09:42:49.524969,14.275139808654783
2026-04-28 09:42:49.726474,2026-04-28 09:42:49.726474,13.715899467468262
2026-04-28 09:42:49.922628,2026-04-28 09:42:49.922628,13.240546226501465
2026-04-28 09:42:50.122074,2026-04-28 09:42:50.122074,12.836495399475098
2026-04-28 09:42:50.324062,2026-04-28 09:42:50.324062,12.49305248260498
2026-04-28 09:42:50.522768,2026-04-28 09:42:50.522768,12.201126098632812
2026-04-28 09:42:50.721989,2026-04-28 09:42:50.721989,11.952988624572754
2026-04-28 09:42:50.924896,2026-04-28 09:42:50.924896,11.742071151733398
2026-04-28 09:42:51.123458,2026-04-28 09:42:51.123458,11.56279182434082
2026-04-28 09:42:51.326536,2026-04-28 09:42:51.326536,11.234622955322266
2026-04-28 09:42:51.525776,2026-04-28 09:42:51.525776,11.131461143493652
2026-04-28 09:42:51.726303,2026-04-28 09:42:51.726303,11.04377269744873
2026-04-28 09:42:51.922316,2026-04-28 09:42:51.922316,10.96923828125
2026-04-28 09:42:52.121935,2026-04-28 09:42:52.121935,10.9058837890625
2026-04-28 09:42:52.323851,2026-04-28 09:42:52.323851,10.852032661437988
2026-04-28 09:42:52.525222,2026-04-28 09:42:52.525222,10.806259155273438
2026-04-28 09:42:52.725721,2026-04-28 09:42:52.725721,10.767351150512695
2026-04-28 09:42:52.923833,2026-04-28 09:42:52.923833,10.73427963256836
2026-04-28 09:42:53.128524,2026-04-28 09:42:53.128524,10.706169128417969
2026-04-28 09:42:53.323099,2026-04-28 09:42:53.323099,10.68227481842041
2026-04-28 09:42:53.523443,2026-04-28 09:42:53.523443,10.661965370178224
2026-04-28 09:42:53.724527,2026-04-28 09:42:53.724527,10.820483207702637
2026-04-28 09:42:53.924016,2026-04-28 09:42:53.924016,10.955223083496094
2026-04-28 09:42:54.123369,2026-04-28 09:42:54.123369,11.069751739501951
2026-04-28 09:42:54.328200,2026-04-28 09:42:54.328200,11.167101860046388
2026-04-28 09:42:54.523569,2026-04-28 09:42:54.523569,11.425630569458008
2026-04-28 09:42:54.725726,2026-04-28 09:42:54.725726,11.645379066467283
2026-04-28 09:42:54.923878,2026-04-28 09:42:54.923878,11.83216667175293
2026-04-28 09:42:55.124722,2026-04-28 09:42:55.124722,11.99093532562256
2026-04-28 09:42:55.326898,2026-04-28 09:42:55.326898,12.12588882446289
2026-04-28 09:42:55.525921,2026-04-28 09:42:55.525921,12.240598678588867
2026-04-28 09:42:55.722411,2026-04-28 09:42:55.722411,12.33810329437256
2026-04-28 09:42:55.924216,2026-04-28 09:42:55.924216,12.420981407165527
2026-04-28 09:42:56.125158,2026-04-28 09:42:56.125158,12.491427421569824
2026-04-28 09:42:56.325599,2026-04-28 09:42:56.325599,12.551307678222656
2026-04-28 09:42:56.523728,2026-04-28 09:42:56.523728,12.777986526489258
2026-04-28 09:42:56.722088,2026-04-28 09:42:56.722088,12.970663070678713
2026-04-28 09:42:56.927215,2026-04-28 09:42:56.927215,13.134438514709473
2026-04-28 09:42:57.126895,2026-04-28 09:42:57.126895,13.273648262023926
2026-04-28 09:42:57.322657,2026-04-28 09:42:57.322657,13.567756652832031
2026-04-28 09:42:57.522667,2026-04-28 09:42:57.522667,13.641968727111816
2026-04-28 09:42:57.725809,2026-04-28 09:42:57.725809,13.705048561096191
2026-04-28 09:42:57.922465,2026-04-28 09:42:57.922465,13.758666038513184
2026-04-28 09:42:58.123919,2026-04-28 09:42:58.123919,13.980022430419922
2026-04-28 09:42:58.326978,2026-04-28 09:42:58.326978,14.16817569732666
2026-04-28 09:42:58.523348,2026-04-28 09:42:58.523348,14.328104972839355
2026-04-28 09:42:58.722428,2026-04-28 09:42:58.722428,14.464045524597168
2026-04-28 09:42:58.925140,2026-04-28 09:42:58.925140,14.579594612121582
2026-04-28 09:42:59.125458,2026-04-28 09:42:59.125458,14.677811622619627
2026-04-28 09:42:59.322872,2026-04-28 09:42:59.322872,14.937077522277832
2026-04-28 09:42:59.522671,2026-04-28 09:42:59.522671,15.157453536987305
2026-04-28 09:42:59.722687,2026-04-28 09:42:59.722687,15.344773292541504
2026-04-28 09:42:59.923127,2026-04-28 09:42:59.923127,15.503994941711426
2026-04-28 09:43:00.123343,2026-04-28 09:43:00.123343,15.63933277130127
2026-04-28 09:43:00.325985,2026-04-28 09:43:00.325985,15.93015193939209
2026-04-28 09:43:00.528035,2026-04-28 09:43:00.528035,16.17734718322754
2026-04-28 09:43:00.726285,2026-04-28 09:43:00.726285,16.38746452331543
2026-04-28 09:43:00.926534,2026-04-28 09:43:00.926534,16.566062927246094
2026-04-28 09:43:01.126706,2026-04-28 09:43:01.126706,16.717872619628906
2026-04-28 09:43:01.322607,2026-04-28 09:43:01.322607,16.84691047668457
2026-04-28 09:43:01.523442,2026-04-28 09:43:01.523442,16.956592559814453
2026-04-28 09:43:01.722462,2026-04-28 09:43:01.722462,17.049821853637695
2026-04-28 09:43:01.922447,2026-04-28 09:43:01.922447,16.95328712463379
2026-04-28 09:43:02.125337,2026-04-28 09:43:02.125337,17.047012329101562
2026-04-28 09:43:02.322085,2026-04-28 09:43:02.322085,16.950897216796875
2026-04-28 09:43:02.521961,2026-04-28 09:43:02.521961,17.04498291015625
2026-04-28 09:43:02.724000,2026-04-28 09:43:02.724000,17.124954223632812
2026-04-28 09:43:02.925118,2026-04-28 09:43:02.925118,17.192928314208984
2026-04-28 09:43:03.122877,2026-04-28 09:43:03.122877,17.250709533691406
2026-04-28 09:43:03.322752,2026-04-28 09:43:03.322752,17.124040603637695
2026-04-28 09:43:03.522731,2026-04-28 09:43:03.522731,17.19215202331543
2026-04-28 09:43:03.724798,2026-04-28 09:43:03.724798,17.07426643371582
2026-04-28 09:43:03.922139,2026-04-28 09:43:03.922139,16.974063873291016
2026-04-28 09:43:04.132210,2026-04-28 09:43:04.132210,16.888893127441406
2026-04-28 09:43:04.323657,2026-04-28 09:43:04.323657,16.992277145385742
2026-04-28 09:43:04.522964,2026-04-28 09:43:04.522964,16.904373168945312
2026-04-28 09:43:04.726094,2026-04-28 09:43:04.726094,16.829654693603516
2026-04-28 09:43:04.922909,2026-04-28 09:43:04.922909,16.766143798828125
2026-04-28 09:43:05.122053,2026-04-28 09:43:05.122053,16.009035110473633
2026-04-28 09:43:05.322423,2026-04-28 09:43:05.322423,15.36549186706543
2026-04-28 09:43:05.523383,2026-04-28 09:43:05.523383,14.818480491638184
2026-04-28 09:43:05.722680,2026-04-28 09:43:05.722680,14.353521347045898
2026-04-28 09:43:05.922660,2026-04-28 09:43:05.922660,13.95830535888672
2026-04-28 09:43:06.127663,2026-04-28 09:43:06.127663,13.4465913772583
2026-04-28 09:43:06.322019,2026-04-28 09:43:06.322019,13.01163387298584
2026-04-28 09:43:06.522647,2026-04-28 09:43:06.522647,12.64192008972168
2026-04-28 09:43:06.722020,2026-04-28 09:43:06.722020,12.32766342163086
2026-04-28 09:43:06.922088,2026-04-28 09:43:06.922088,12.060544967651367
2026-04-28 09:43:07.125620,2026-04-28 09:43:07.125620,11.833494186401367
2026-04-28 09:43:07.322004,2026-04-28 09:43:07.322004,11.640501022338867
2026-04-28 09:43:07.523295,2026-04-28 09:43:07.523295,11.476457595825195
2026-04-28 09:43:07.722291,2026-04-28 09:43:07.722291,11.51280117034912
2026-04-28 09:43:07.922722,2026-04-28 09:43:07.922722,11.543693542480469
2026-04-28 09:43:08.126487,2026-04-28 09:43:08.126487,11.569952011108398
2026-04-28 09:43:08.323104,2026-04-28 09:43:08.323104,11.41649055480957
2026-04-28 09:43:08.522685,2026-04-28 09:43:08.522685,11.28604793548584
2026-04-28 09:43:08.723071,2026-04-28 09:43:08.723071,11.175171852111816
2026-04-28 09:43:08.922048,2026-04-28 09:43:08.922048,11.256709098815918
2026-04-28 09:43:09.122374,2026-04-28 09:43:09.122374,11.32601547241211
2026-04-28 09:43:09.321956,2026-04-28 09:43:09.321956,11.38492488861084
2026-04-28 09:43:09.523703,2026-04-28 09:43:09.523703,11.434999465942385
2026-04-28 09:43:09.724151,2026-04-28 09:43:09.724151,11.477561950683594
2026-04-28 09:43:09.922444,2026-04-28 09:43:09.922444,11.513739585876465
2026-04-28 09:43:10.124589,2026-04-28 09:43:10.124589,11.5444917678833
2026-04-28 09:43:10.323021,2026-04-28 09:43:10.323021,11.570630073547363
2026-04-28 09:43:10.522831,2026-04-28 09:43:10.522831,11.59284782409668
2026-04-28 09:43:10.724771,2026-04-28 09:43:10.724771,11.611733436584473
2026-04-28 09:43:10.926067,2026-04-28 09:43:10.926067,11.627785682678224
2026-04-28 09:43:11.124667,2026-04-28 09:43:11.124667,11.641430854797363
2026-04-28 09:43:24.222152,2026-04-28 09:43:24.222152,11.65302848815918
2026-04-28 09:43:24.424227,2026-04-28 09:43:24.424227,11.662886619567873
2026-04-28 09:43:24.623870,2026-04-28 09:43:24.623870,11.671266555786133
2026-04-28 09:43:24.822603,2026-04-28 09:43:24.822603,11.678388595581056
2026-04-28 09:43:25.024710,2026-04-28 09:43:25.024710,11.684442520141602
2026-04-28 09:43:25.223425,2026-04-28 09:43:25.223425,11.68958854675293
2026-04-28 09:43:25.422928,2026-04-28 09:43:25.422928,11.518181800842283
2026-04-28 09:43:25.623096,2026-04-28 09:43:25.623096,11.548267364501951
2026-04-28 09:43:25.822555,2026-04-28 09:43:25.822555,11.39805793762207
2026-04-28 09:43:26.022041,2026-04-28 09:43:26.022041,11.270380973815918
2026-04-28 09:43:26.224594,2026-04-28 09:43:26.224594,11.16185474395752
2026-04-28 09:43:26.424075,2026-04-28 09:43:26.424075,11.069607734680176
2026-04-28 09:43:26.622516,2026-04-28 09:43:26.622516,11.16697883605957
2026-04-28 09:43:26.821983,2026-04-28 09:43:26.821983,11.249744415283203
2026-04-28 09:43:27.022387,2026-04-28 09:43:27.022387,11.320096015930176
2026-04-28 09:43:27.222456,2026-04-28 09:43:27.222456,11.379894256591797
2026-04-28 09:43:27.421962,2026-04-28 09:43:27.421962,11.4307222366333
2026-04-28 09:43:27.622885,2026-04-28 09:43:27.622885,11.473926544189451
2026-04-28 09:43:27.822114,2026-04-28 09:43:27.822114,11.334868431091309
2026-04-28 09:43:28.024369,2026-04-28 09:43:28.024369,11.392451286315918
2026-04-28 09:43:28.222074,2026-04-28 09:43:28.222074,11.44139575958252
2026-04-28 09:43:28.422110,2026-04-28 09:43:28.422110,11.482998847961426
2026-04-28 09:43:28.621975,2026-04-28 09:43:28.621975,11.51836109161377
2026-04-28 09:43:28.829747,2026-04-28 09:43:28.829747,11.548419952392578
2026-04-28 09:43:29.022487,2026-04-28 09:43:29.022487,11.573968887329102
2026-04-28 09:43:29.224427,2026-04-28 09:43:29.224427,11.59568691253662
2026-04-28 09:43:29.421996,2026-04-28 09:43:29.421996,11.61414623260498
2026-04-28 09:43:29.622155,2026-04-28 09:43:29.622155,12.332962036132812
2026-04-28 09:43:29.823845,2026-04-28 09:43:29.823845,12.416610717773438
2026-04-28 09:43:30.023229,2026-04-28 09:43:30.023229,12.487712860107422
2026-04-28 09:43:30.222948,2026-04-28 09:43:30.222948,12.548150062561035
2026-04-28 09:43:30.424325,2026-04-28 09:43:30.424325,12.42374038696289
2026-04-28 09:43:30.623318,2026-04-28 09:43:30.623318,12.317991256713867
2026-04-28 09:43:30.822832,2026-04-28 09:43:30.822832,12.052324295043944
2026-04-28 09:43:31.026470,2026-04-28 09:43:31.026470,12.00228786468506
2026-04-28 09:43:31.222679,2026-04-28 09:43:31.222679,12.135538101196287
2026-04-28 09:43:31.424485,2026-04-28 09:43:31.424485,12.248801231384276
2026-04-28 09:43:31.622749,2026-04-28 09:43:31.622749,12.169293403625488
2026-04-28 09:43:31.823696,2026-04-28 09:43:31.823696,12.277493476867676
2026-04-28 09:43:32.026416,2026-04-28 09:43:32.026416,12.369462966918944
2026-04-28 09:43:32.222181,2026-04-28 09:43:32.222181,12.447637557983398
2026-04-28 09:43:32.424597,2026-04-28 09:43:32.424597,12.51408576965332
2026-04-28 09:43:32.627745,2026-04-28 09:43:32.627745,12.570566177368164
2026-04-28 09:43:32.825655,2026-04-28 09:43:32.825655,12.442793846130373
2026-04-28 09:43:33.025700,2026-04-28 09:43:33.025700,12.509968757629396
2026-04-28 09:43:33.222603,2026-04-28 09:43:33.222603,12.39128589630127
2026-04-28 09:43:33.423846,2026-04-28 09:43:33.423846,12.2904052734375
2026-04-28 09:43:33.623336,2026-04-28 09:43:33.623336,12.204657554626465
2026-04-28 09:43:33.836477,2026-04-28 09:43:33.836477,12.131771087646484
2026-04-28 09:43:34.025644,2026-04-28 09:43:34.025644,12.069817543029783
2026-04-28 09:43:34.223592,2026-04-28 09:43:34.223592,12.017157554626465
2026-04-28 09:43:34.422147,2026-04-28 09:43:34.422147,11.972396850585938
2026-04-28 09:43:34.622090,2026-04-28 09:43:34.622090,11.93435001373291
2026-04-28 09:43:34.824785,2026-04-28 09:43:34.824785,11.902009963989258
2026-04-28 09:43:35.024102,2026-04-28 09:43:35.024102,11.874520301818848
2026-04-28 09:43:35.228040,2026-04-28 09:43:35.228040,11.675374031066896
2026-04-28 09:43:35.425584,2026-04-28 09:43:35.425584,11.506098747253418
2026-04-28 09:43:35.622376,2026-04-28 09:43:35.622376,11.362215042114258
2026-04-28 09:43:35.824014,2026-04-28 09:43:35.824014,11.239913940429688
2026-04-28 09:43:36.022047,2026-04-28 09:43:36.022047,11.135958671569824
2026-04-28 09:43:36.233292,2026-04-28 09:43:36.233292,11.047595977783203
2026-04-28 09:43:36.423829,2026-04-28 09:43:36.423829,10.972487449645996
2026-04-28 09:43:36.623836,2026-04-28 09:43:36.623836,10.908645629882812
2026-04-28 09:43:36.826646,2026-04-28 09:43:36.826646,10.85438060760498
2026-04-28 09:43:37.026260,2026-04-28 09:43:37.026260,10.63247299194336
2026-04-28 09:43:37.223568,2026-04-28 09:43:37.223568,10.619633674621582
2026-04-28 09:43:37.432715,2026-04-28 09:43:37.432715,10.608719825744627
2026-04-28 09:43:37.628148,2026-04-28 09:43:37.628148,10.599443435668944
2026-04-28 09:43:37.826728,2026-04-28 09:43:37.826728,10.415776252746582
2026-04-28 09:43:38.033644,2026-04-28 09:43:38.033644,10.43544101715088
2026-04-28 09:43:38.222226,2026-04-28 09:43:38.222226,10.452156066894531
2026-04-28 09:43:38.422435,2026-04-28 09:43:38.422435,10.290582656860352
2026-04-28 09:43:38.632039,2026-04-28 09:43:38.632039,10.15324592590332
2026-04-28 09:43:38.822940,2026-04-28 09:43:38.822940,10.036508560180664
2026-04-28 09:43:39.032431,2026-04-28 09:43:39.032431,9.93728256225586
2026-04-28 09:43:39.222907,2026-04-28 09:43:39.222907,9.85293960571289
2026-04-28 09:43:39.423391,2026-04-28 09:43:39.423391,9.781249046325684
2026-04-28 09:43:39.625480,2026-04-28 09:43:39.625480,9.720312118530272
2026-04-28 09:43:39.825393,2026-04-28 09:43:39.825393,9.6685152053833
2026-04-28 09:43:40.024101,2026-04-28 09:43:40.024101,9.62448787689209
2026-04-28 09:43:40.225069,2026-04-28 09:43:40.225069,9.587064743041992
2026-04-28 09:43:40.423203,2026-04-28 09:43:40.423203,9.555254936218262
2026-04-28 09:43:40.624220,2026-04-28 09:43:40.624220,9.528216361999512
2026-04-28 09:43:40.824461,2026-04-28 09:43:40.824461,9.505233764648438
2026-04-28 09:43:41.022750,2026-04-28 09:43:41.022750,9.485698699951172
2026-04-28 09:43:41.223632,2026-04-28 09:43:41.223632,9.293313026428224
2026-04-28 09:43:41.426888,2026-04-28 09:43:41.426888,9.12978458404541
2026-04-28 09:43:41.632527,2026-04-28 09:43:41.632527,8.990785598754883
2026-04-28 09:43:41.823893,2026-04-28 09:43:41.823893,8.872636795043945
2026-04-28 09:43:42.026805,2026-04-28 09:43:42.026805,8.596428871154785
2026-04-28 09:43:42.223194,2026-04-28 09:43:42.223194,8.361651420593262
2026-04-28 09:43:42.427321,2026-04-28 09:43:42.427321,8.162091255187988
2026-04-28 09:43:42.632787,2026-04-28 09:43:42.632787,7.992465496063232
2026-04-28 09:43:42.824662,2026-04-28 09:43:42.824662,7.848282814025879
2026-04-28 09:43:43.033573,2026-04-28 09:43:43.033573,7.725728034973144
2026-04-28 09:43:43.223761,2026-04-28 09:43:43.223761,7.621556282043457
2026-04-28 09:43:43.432792,2026-04-28 09:43:43.432792,7.533010482788086
2026-04-28 09:43:43.632354,2026-04-28 09:43:43.632354,7.457746505737305
2026-04-28 09:43:43.823593,2026-04-28 09:43:43.823593,7.393772125244141
2026-04-28 09:43:44.022388,2026-04-28 09:43:44.022388,7.339393615722656
2026-04-28 09:43:44.234351,2026-04-28 09:43:44.234351,7.293171882629394
2026-04-28 09:43:44.434609,2026-04-28 09:43:44.434609,7.2538838386535645
2026-04-28 09:43:44.625722,2026-04-28 09:43:44.625722,7.220488548278809
2026-04-28 09:43:44.823033,2026-04-28 09:43:44.823033,7.192102909088135
2026-04-28 09:43:45.034517,2026-04-28 09:43:45.034517,7.167974948883057
2026-04-28 09:43:45.232874,2026-04-28 09:43:45.232874,7.14746618270874
2026-04-28 09:43:45.432925,2026-04-28 09:43:45.432925,7.13003396987915
2026-04-28 09:43:45.622576,2026-04-28 09:43:45.622576,7.115216255187988
2026-04-28 09:43:45.836242,2026-04-28 09:43:45.836242,7.102621078491211
2026-04-28 09:43:46.023433,2026-04-28 09:43:46.023433,7.091915607452393
2026-04-28 09:43:46.233144,2026-04-28 09:43:46.233144,7.258596897125244
2026-04-28 09:43:46.435239,2026-04-28 09:43:46.435239,7.576057434082031
2026-04-28 09:43:46.623819,2026-04-28 09:43:46.623819,7.670117378234863
2026-04-28 09:43:46.825131,2026-04-28 09:43:46.825131,7.750068664550781
2026-04-28 09:43:47.024017,2026-04-28 09:43:47.024017,7.993808269500732
2026-04-28 09:43:47.232714,2026-04-28 09:43:47.232714,8.025205612182617
2026-04-28 09:43:47.432056,2026-04-28 09:43:47.432056,8.403456687927246
2026-04-28 09:43:47.635071,2026-04-28 09:43:47.635071,8.900750160217285
2026-04-28 09:43:47.833344,2026-04-28 09:43:47.833344,9.323450088500977
2026-04-28 09:43:48.023910,2026-04-28 09:43:48.023910,9.682744979858398
2026-04-28 09:43:48.237202,2026-04-28 09:43:48.237202,9.98814582824707
2026-04-28 09:43:48.435172,2026-04-28 09:43:48.435172,10.247736930847168
2026-04-28 09:43:48.639286,2026-04-28 09:43:48.639286,10.468388557434082
2026-04-28 09:43:48.834153,2026-04-28 09:43:48.834153,10.831724166870115
2026-04-28 09:43:49.025029,2026-04-28 09:43:49.025029,10.964777946472168
2026-04-28 09:43:49.233025,2026-04-28 09:43:49.233025,10.902092933654783
2026-04-28 09:43:49.423430,2026-04-28 09:43:49.423430,11.200372695922852
2026-04-28 09:44:02.532155,2026-04-28 09:44:02.532155,11.629691123962402
2026-04-28 09:44:02.735720,2026-04-28 09:44:02.735720,11.81883144378662
2026-04-28 09:44:02.923974,2026-04-28 09:44:02.923974,11.97960090637207
2026-04-28 09:44:03.125526,2026-04-28 09:44:03.125526,11.940472602844238
2026-04-28 09:44:03.332833,2026-04-28 09:44:03.332833,12.082995414733888
2026-04-28 09:44:03.534757,2026-04-28 09:44:03.534757,12.379920959472656
2026-04-28 09:44:03.737316,2026-04-28 09:44:03.737316,12.63230800628662
2026-04-28 09:44:03.932405,2026-04-28 09:44:03.932405,12.846837043762209
2026-04-28 09:44:04.136445,2026-04-28 09:44:04.136445,12.853404998779297
2026-04-28 09:44:04.333618,2026-04-28 09:44:04.333618,13.21055030822754
2026-04-28 09:44:04.533353,2026-04-28 09:44:04.533353,13.689905166625977
2026-04-28 09:44:04.734071,2026-04-28 09:44:04.734071,13.921575546264648
2026-04-28 09:44:04.923059,2026-04-28 09:44:04.923059,13.94271469116211
2026-04-28 09:44:05.127446,2026-04-28 09:44:05.127446,14.136463165283203
2026-04-28 09:44:05.335207,2026-04-28 09:44:05.335207,14.30115032196045
2026-04-28 09:44:05.537287,2026-04-28 09:44:05.537287,14.441134452819824
2026-04-28 09:44:05.735208,2026-04-28 09:44:05.735208,14.560120582580566
2026-04-28 09:44:05.923715,2026-04-28 09:44:05.923715,14.661258697509766
2026-04-28 09:44:06.137984,2026-04-28 09:44:06.137984,14.747225761413574
2026-04-28 09:44:06.336570,2026-04-28 09:44:06.336570,14.820298194885254
2026-04-28 09:44:06.534231,2026-04-28 09:44:06.534231,14.882410049438477
2026-04-28 09:44:06.736071,2026-04-28 09:44:06.736071,14.93520450592041
2026-04-28 09:44:06.923772,2026-04-28 09:44:06.923772,14.980079650878906
2026-04-28 09:44:07.136657,2026-04-28 09:44:07.136657,15.018224716186523
2026-04-28 09:44:07.341118,2026-04-28 09:44:07.341118,15.050646781921388
2026-04-28 09:44:07.536211,2026-04-28 09:44:07.536211,15.078206062316896
2026-04-28 09:44:07.737546,2026-04-28 09:44:07.737546,15.10163116455078
2026-04-28 09:44:07.939723,2026-04-28 09:44:07.939723,15.121542930603027
2026-04-28 09:44:08.124228,2026-04-28 09:44:08.124228,15.138467788696287
2026-04-28 09:44:08.337011,2026-04-28 09:44:08.337011,15.152853965759276
2026-04-28 09:44:08.532294,2026-04-28 09:44:08.532294,15.165081977844238
2026-04-28 09:44:08.733718,2026-04-28 09:44:08.733718,15.35125732421875
2026-04-28 09:44:08.926282,2026-04-28 09:44:08.926282,15.509506225585938
2026-04-28 09:44:09.123058,2026-04-28 09:44:09.123058,15.819799423217772
2026-04-28 09:44:09.332355,2026-04-28 09:44:09.332355,16.083547592163086
2026-04-28 09:44:09.532416,2026-04-28 09:44:09.532416,16.1319522857666
2026-04-28 09:44:09.724836,2026-04-28 09:44:09.724836,16.348878860473633
2026-04-28 09:44:09.934234,2026-04-28 09:44:09.934234,16.357484817504883
2026-04-28 09:44:10.124821,2026-04-28 09:44:10.124821,16.36479949951172
2026-04-28 09:44:10.337123,2026-04-28 09:44:10.337123,16.371017456054688
2026-04-28 09:44:10.522973,2026-04-28 09:44:10.522973,16.37630271911621
2026-04-28 09:44:10.734133,2026-04-28 09:44:10.734133,16.380794525146484
2026-04-28 09:44:10.937025,2026-04-28 09:44:10.937025,16.384613037109375
2026-04-28 09:44:11.126162,2026-04-28 09:44:11.126162,16.38785743713379
2026-04-28 09:44:11.334969,2026-04-28 09:44:11.334969,16.39061737060547
2026-04-28 09:44:11.536093,2026-04-28 09:44:11.536093,16.392961502075195
2026-04-28 09:44:11.735801,2026-04-28 09:44:11.735801,16.394954681396484
2026-04-28 09:44:11.933544,2026-04-28 09:44:11.933544,16.396648406982422
2026-04-28 09:44:12.133880,2026-04-28 09:44:12.133880,16.398090362548828
2026-04-28 09:44:12.332663,2026-04-28 09:44:12.332663,16.39931297302246
2026-04-28 09:44:12.538294,2026-04-28 09:44:12.538294,16.400354385375977
2026-04-28 09:44:12.736996,2026-04-28 09:44:12.736996,16.40123748779297
2026-04-28 09:44:12.926737,2026-04-28 09:44:12.926737,16.57777214050293
2026-04-28 09:44:13.133839,2026-04-28 09:44:13.133839,16.552043914794922
2026-04-28 09:44:13.333449,2026-04-28 09:44:13.333449,16.530174255371094
2026-04-28 09:44:13.533524,2026-04-28 09:44:13.533524,16.511585235595703
2026-04-28 09:44:13.723285,2026-04-28 09:44:13.723285,18.253597259521484
2026-04-28 09:44:13.936716,2026-04-28 09:44:13.936716,17.97649574279785
2026-04-28 09:44:14.132425,2026-04-28 09:44:14.132425,19.49877166748047
2026-04-28 09:44:14.334081,2026-04-28 09:44:14.334081,19.034893035888672
2026-04-28 09:44:14.534080,2026-04-28 09:44:14.534080,20.574190139770508
2026-04-28 09:44:14.723685,2026-04-28 09:44:14.723685,21.882593154907227
2026-04-28 09:44:14.933524,2026-04-28 09:44:14.933524,22.99473571777344
2026-04-28 09:44:15.135987,2026-04-28 09:44:15.135987,23.94005584716797
2026-04-28 09:44:15.336944,2026-04-28 09:44:15.336944,24.743579864501957
2026-04-28 09:44:15.531969,2026-04-28 09:44:15.531969,25.426572799682617
2026-04-28 09:44:15.738779,2026-04-28 09:44:15.738779,26.007118225097656
2026-04-28 09:44:15.937676,2026-04-28 09:44:15.937676,26.500581741333008
2026-04-28 09:44:16.133720,2026-04-28 09:44:16.133720,26.920026779174805
2026-04-28 09:44:16.332548,2026-04-28 09:44:16.332548,27.276554107666016
2026-04-28 09:44:16.528288,2026-04-28 09:44:16.528288,27.5796012878418
2026-04-28 09:44:16.732457,2026-04-28 09:44:16.732457,27.83719253540039
2026-04-28 09:44:16.932644,2026-04-28 09:44:16.932644,28.05614471435547
2026-04-28 09:44:17.124324,2026-04-28 09:44:17.124324,28.24225425720215
2026-04-28 09:44:17.332365,2026-04-28 09:44:17.332365,28.400447845458984
2026-04-28 09:44:17.533792,2026-04-28 09:44:17.533792,28.534912109375
2026-04-28 09:44:17.734468,2026-04-28 09:44:17.734468,28.649206161499023
2026-04-28 09:44:17.934745,2026-04-28 09:44:17.934745,28.746356964111328
2026-04-28 09:44:18.131985,2026-04-28 09:44:18.131985,28.828933715820312
2026-04-28 09:44:18.327353,2026-04-28 09:44:18.327353,28.899126052856445
2026-04-28 09:44:18.534268,2026-04-28 09:44:18.534268,28.95878791809082
2026-04-28 09:44:18.733768,2026-04-28 09:44:18.733768,29.00950050354004
2026-04-28 09:44:18.934446,2026-04-28 09:44:18.934446,29.0526065826416
2026-04-28 09:44:19.132521,2026-04-28 09:44:19.132521,29.08924674987793
2026-04-28 09:44:19.331994,2026-04-28 09:44:19.331994,29.120391845703125
2026-04-28 09:44:19.534725,2026-04-28 09:44:19.534725,29.14686393737793
2026-04-28 09:44:19.734352,2026-04-28 09:44:19.734352,29.16936492919922
2026-04-28 09:44:19.935668,2026-04-28 09:44:19.935668,29.188491821289062
2026-04-28 09:44:20.132406,2026-04-28 09:44:20.132406,29.20475006103516
2026-04-28 09:44:20.334550,2026-04-28 09:44:20.334550,29.218568801879883
2026-04-28 09:44:20.531914,2026-04-28 09:44:20.531914,29.230314254760746
2026-04-28 09:44:20.732554,2026-04-28 09:44:20.732554,29.24029922485352
2026-04-28 09:44:20.935730,2026-04-28 09:44:20.935730,29.2487850189209
2026-04-28 09:44:21.135123,2026-04-28 09:44:21.135123,29.255998611450195
2026-04-28 09:44:21.332383,2026-04-28 09:44:21.332383,29.262130737304688
2026-04-28 09:44:21.534108,2026-04-28 09:44:21.534108,29.26734161376953
2026-04-28 09:44:21.733334,2026-04-28 09:44:21.733334,29.271772384643555
2026-04-28 09:44:21.932022,2026-04-28 09:44:21.932022,29.275537490844727
2026-04-28 09:44:22.133347,2026-04-28 09:44:22.133347,29.278738021850582
2026-04-28 09:44:22.335805,2026-04-28 09:44:22.335805,29.281457901000977
2026-04-28 09:44:22.534066,2026-04-28 09:44:22.534066,29.283771514892575
2026-04-28 09:44:22.723700,2026-04-28 09:44:22.723700,29.28573608398437
2026-04-28 09:44:22.932170,2026-04-28 09:44:22.932170,29.28740692138672
2026-04-28 09:44:23.125054,2026-04-28 09:44:23.125054,29.288827896118164
2026-04-28 09:44:23.332746,2026-04-28 09:44:23.332746,29.29003524780273
2026-04-28 09:44:23.535475,2026-04-28 09:44:23.535475,29.291061401367188
2026-04-28 09:44:23.734212,2026-04-28 09:44:23.734212,29.291933059692383
2026-04-28 09:44:23.932283,2026-04-28 09:44:23.932283,28.765331268310547
2026-04-28 09:44:24.133513,2026-04-28 09:44:24.133513,28.31771850585937
2026-04-28 09:44:24.332796,2026-04-28 09:44:24.332796,27.76146697998047
2026-04-28 09:44:24.535681,2026-04-28 09:44:24.535681,27.288652420043945
2026-04-28 09:44:24.732485,2026-04-28 09:44:24.732485,26.88676071166992
2026-04-28 09:44:24.933484,2026-04-28 09:44:24.933484,26.54515266418457
2026-04-28 09:44:25.136306,2026-04-28 09:44:25.136306,26.07900619506836
2026-04-28 09:44:25.333492,2026-04-28 09:44:25.333492,25.68277931213379
2026-04-28 09:44:25.532517,2026-04-28 09:44:25.532517,25.17020606994629
2026-04-28 09:44:25.733022,2026-04-28 09:44:25.733022,24.558738708496094
2026-04-28 09:44:25.937699,2026-04-28 09:44:25.937699,24.038990020751957
2026-04-28 09:44:26.135979,2026-04-28 09:44:26.135979,23.069860458374023
2026-04-28 09:44:26.337489,2026-04-28 09:44:26.337489,22.7734432220459
2026-04-28 09:44:26.533615,2026-04-28 09:44:26.533615,22.5214900970459
2026-04-28 09:44:26.736650,2026-04-28 09:44:26.736650,22.131547927856445
2026-04-28 09:44:26.933332,2026-04-28 09:44:26.933332,21.97587776184082
2026-04-28 09:44:27.132229,2026-04-28 09:44:27.132229,21.84355926513672
2026-04-28 09:44:27.333204,2026-04-28 09:44:27.333204,21.73108673095703
2026-04-28 09:44:27.532212,2026-04-28 09:44:27.532212,21.635486602783203
2026-04-28 09:44:27.724067,2026-04-28 09:44:27.724067,21.55422592163086
2026-04-28 09:44:40.834469,2026-04-28 09:44:40.834469,21.30937385559082
2026-04-28 09:44:41.032711,2026-04-28 09:44:41.032711,21.101247787475582
2026-04-28 09:44:41.233202,2026-04-28 09:44:41.233202,20.92434310913086
2026-04-28 09:44:41.434787,2026-04-28 09:44:41.434787,20.59819221496582
2026-04-28 09:44:41.632168,2026-04-28 09:44:41.632168,20.32096290588379
2026-04-28 09:44:41.833046,2026-04-28 09:44:41.833046,20.085317611694336
2026-04-28 09:44:42.032592,2026-04-28 09:44:42.032592,19.8850212097168
2026-04-28 09:44:42.233818,2026-04-28 09:44:42.233818,19.714767456054688
2026-04-28 09:44:42.433151,2026-04-28 09:44:42.433151,19.570053100585938
2026-04-28 09:44:42.633004,2026-04-28 09:44:42.633004,19.271263122558597
2026-04-28 09:44:42.832317,2026-04-28 09:44:42.832317,19.01729202270508
2026-04-28 09:44:43.033350,2026-04-28 09:44:43.033350,18.801416397094727
2026-04-28 09:44:43.234848,2026-04-28 09:44:43.234848,18.617923736572266
2026-04-28 09:44:43.432928,2026-04-28 09:44:43.432928,18.46195411682129
2026-04-28 09:44:43.636331,2026-04-28 09:44:43.636331,18.32938003540039
2026-04-28 09:44:43.831963,2026-04-28 09:44:43.831963,18.040910720825195
2026-04-28 09:44:44.032746,2026-04-28 09:44:44.032746,17.795711517333984
2026-04-28 09:44:44.234094,2026-04-28 09:44:44.234094,17.763072967529297
2026-04-28 09:44:44.434126,2026-04-28 09:44:44.434126,17.55954933166504
2026-04-28 09:44:44.634836,2026-04-28 09:44:44.634836,17.386554718017578
2026-04-28 09:44:44.836933,2026-04-28 09:44:44.836933,17.23950958251953
2026-04-28 09:44:45.032657,2026-04-28 09:44:45.032657,17.114521026611328
2026-04-28 09:44:45.231970,2026-04-28 09:44:45.231970,17.00827980041504
2026-04-28 09:44:45.432156,2026-04-28 09:44:45.432156,16.9179744720459
2026-04-28 09:44:45.632313,2026-04-28 09:44:45.632313,16.841217041015625
2026-04-28 09:44:45.834514,2026-04-28 09:44:45.834514,16.775972366333008
2026-04-28 09:44:46.033170,2026-04-28 09:44:46.033170,16.72051239013672
2026-04-28 09:44:46.233199,2026-04-28 09:44:46.233199,16.67337417602539
2026-04-28 09:44:46.432119,2026-04-28 09:44:46.432119,16.809085845947266
2026-04-28 09:44:46.636943,2026-04-28 09:44:46.636943,16.924442291259766
2026-04-28 09:44:46.837939,2026-04-28 09:44:46.837939,17.02249526977539
2026-04-28 09:44:47.037263,2026-04-28 09:44:47.037263,17.105838775634766
2026-04-28 09:44:47.237924,2026-04-28 09:44:47.237924,17.176681518554688
2026-04-28 09:44:47.432240,2026-04-28 09:44:47.432240,17.23689842224121
2026-04-28 09:44:47.633800,2026-04-28 09:44:47.633800,17.288082122802734
2026-04-28 09:44:47.836340,2026-04-28 09:44:47.836340,17.331588745117188
2026-04-28 09:44:48.034114,2026-04-28 09:44:48.034114,17.368568420410156
2026-04-28 09:44:48.236320,2026-04-28 09:44:48.236320,17.40000343322754
2026-04-28 09:44:48.434744,2026-04-28 09:44:48.434744,17.426721572875977
2026-04-28 09:44:48.634145,2026-04-28 09:44:48.634145,17.625213623046875
2026-04-28 09:44:48.836533,2026-04-28 09:44:48.836533,17.793930053710938
2026-04-28 09:44:49.032987,2026-04-28 09:44:49.032987,17.937341690063477
2026-04-28 09:44:49.233716,2026-04-28 09:44:49.233716,18.059240341186523
2026-04-28 09:44:49.432918,2026-04-28 09:44:49.432918,18.1628532409668
2026-04-28 09:44:49.632930,2026-04-28 09:44:49.632930,18.250925064086918
2026-04-28 09:44:49.834969,2026-04-28 09:44:49.834969,18.32578659057617
2026-04-28 09:44:50.034244,2026-04-28 09:44:50.034244,18.389419555664062
2026-04-28 09:44:50.236421,2026-04-28 09:44:50.236421,18.443506240844727
2026-04-28 09:44:50.436747,2026-04-28 09:44:50.436747,18.48948097229004
2026-04-28 09:44:50.639846,2026-04-28 09:44:50.639846,18.5285587310791
2026-04-28 09:44:50.835820,2026-04-28 09:44:50.835820,18.73755645751953
2026-04-28 09:44:51.037197,2026-04-28 09:44:51.037197,18.915203094482425
2026-04-28 09:44:51.238789,2026-04-28 09:44:51.238789,19.06620407104492
2026-04-28 09:44:51.434743,2026-04-28 09:44:51.434743,19.194555282592773
2026-04-28 09:44:51.632011,2026-04-28 09:44:51.632011,19.303653717041016
2026-04-28 09:44:51.833798,2026-04-28 09:44:51.833798,19.396387100219727
2026-04-28 09:44:52.034292,2026-04-28 09:44:52.034292,19.475210189819336
2026-04-28 09:44:52.236588,2026-04-28 09:44:52.236588,19.54220962524414
2026-04-28 09:44:52.437985,2026-04-28 09:44:52.437985,19.774940490722656
2026-04-28 09:44:52.632915,2026-04-28 09:44:52.632915,20.148542404174805
2026-04-28 09:44:52.833072,2026-04-28 09:44:52.833072,20.64188575744629
2026-04-28 09:44:53.038809,2026-04-28 09:44:53.038809,21.237009048461918
2026-04-28 09:44:53.236647,2026-04-28 09:44:53.236647,21.91864585876465
2026-04-28 09:44:53.435850,2026-04-28 09:44:53.435850,22.49803733825684
2026-04-28 09:44:53.635777,2026-04-28 09:44:53.635777,22.99051856994629
2026-04-28 09:44:53.837067,2026-04-28 09:44:53.837067,23.409128189086918
2026-04-28 09:44:54.034152,2026-04-28 09:44:54.034152,23.94072723388672
2026-04-28 09:44:54.238080,2026-04-28 09:44:54.238080,24.392587661743164
2026-04-28 09:44:54.436980,2026-04-28 09:44:54.436980,24.776668548583984
2026-04-28 09:44:54.633469,2026-04-28 09:44:54.633469,25.10313606262207
2026-04-28 09:44:54.838328,2026-04-28 09:44:54.838328,25.380634307861328
2026-04-28 09:44:55.038193,2026-04-28 09:44:55.038193,25.61650848388672
2026-04-28 09:44:55.233306,2026-04-28 09:44:55.233306,25.81700134277344
2026-04-28 09:44:55.435288,2026-04-28 09:44:55.435288,25.98741912841797
2026-04-28 09:44:55.633738,2026-04-28 09:44:55.633738,26.132274627685547
2026-04-28 09:44:55.836651,2026-04-28 09:44:55.836651,26.25540351867676
2026-04-28 09:44:56.033247,2026-04-28 09:44:56.033247,26.36006164550781
2026-04-28 09:44:56.232209,2026-04-28 09:44:56.232209,26.449020385742188
2026-04-28 09:44:56.433175,2026-04-28 09:44:56.433175,26.52463722229004
2026-04-28 09:44:56.636062,2026-04-28 09:44:56.636062,26.58890914916992
2026-04-28 09:44:56.833153,2026-04-28 09:44:56.833153,26.64354133605957
2026-04-28 09:44:57.032410,2026-04-28 09:44:57.032410,26.689979553222656
2026-04-28 09:44:57.232792,2026-04-28 09:44:57.232792,26.72945213317871
2026-04-28 09:44:57.432544,2026-04-28 09:44:57.432544,26.763002395629883
2026-04-28 09:44:57.634484,2026-04-28 09:44:57.634484,26.96730232238769
2026-04-28 09:44:57.834273,2026-04-28 09:44:57.834273,27.14095687866211
2026-04-28 09:44:58.032180,2026-04-28 09:44:58.032180,27.288562774658203
2026-04-28 09:44:58.232526,2026-04-28 09:44:58.232526,27.41402816772461
2026-04-28 09:44:58.436843,2026-04-28 09:44:58.436843,27.52067375183105
2026-04-28 09:44:58.631937,2026-04-28 09:44:58.631937,27.6113224029541
2026-04-28 09:44:58.833791,2026-04-28 09:44:58.833791,27.68837547302246
2026-04-28 09:44:59.032523,2026-04-28 09:44:59.032523,27.753868103027344
2026-04-28 09:44:59.232022,2026-04-28 09:44:59.232022,27.80953788757324
2026-04-28 09:44:59.432927,2026-04-28 09:44:59.432927,27.856857299804688
2026-04-28 09:44:59.633490,2026-04-28 09:44:59.633490,27.89707946777344
2026-04-28 09:44:59.833915,2026-04-28 09:44:59.833915,27.93126678466797
2026-04-28 09:45:00.033044,2026-04-28 09:45:00.033044,27.9603271484375
2026-04-28 09:45:00.233928,2026-04-28 09:45:00.233928,27.985027313232425
2026-04-28 09:45:00.433225,2026-04-28 09:45:00.433225,28.006023406982425
2026-04-28 09:45:00.632714,2026-04-28 09:45:00.632714,28.02387046813965
2026-04-28 09:45:00.832680,2026-04-28 09:45:00.832680,28.039039611816406
2026-04-28 09:45:01.034317,2026-04-28 09:45:01.034317,28.05193328857422
2026-04-28 09:45:01.233790,2026-04-28 09:45:01.233790,28.06289291381836
2026-04-28 09:45:01.433265,2026-04-28 09:45:01.433265,28.07221031188965
2026-04-28 09:45:01.632491,2026-04-28 09:45:01.632491,28.080127716064453
2026-04-28 09:45:01.834848,2026-04-28 09:45:01.834848,28.08685874938965
2026-04-28 09:45:02.032393,2026-04-28 09:45:02.032393,28.09258079528809
2026-04-28 09:45:02.232822,2026-04-28 09:45:02.232822,28.097442626953125
2026-04-28 09:45:02.434819,2026-04-28 09:45:02.434819,28.10157585144043
2026-04-28 09:45:02.632121,2026-04-28 09:45:02.632121,28.10508918762207
2026-04-28 09:45:02.833751,2026-04-28 09:45:02.833751,28.10807609558105
2026-04-28 09:45:03.033605,2026-04-28 09:45:03.033605,28.110614776611328
2026-04-28 09:45:03.233473,2026-04-28 09:45:03.233473,28.11277198791504
2026-04-28 09:45:03.432013,2026-04-28 09:45:03.432013,28.114606857299805
2026-04-28 09:45:03.635880,2026-04-28 09:45:03.635880,28.11616516113281
2026-04-28 09:45:03.832904,2026-04-28 09:45:03.832904,27.941709518432617
2026-04-28 09:45:04.032524,2026-04-28 09:45:04.032524,27.79342269897461
2026-04-28 09:45:04.234972,2026-04-28 09:45:04.234972,27.667377471923828
2026-04-28 09:45:04.432484,2026-04-28 09:45:04.432484,27.56023979187012
2026-04-28 09:45:04.634549,2026-04-28 09:45:04.634549,27.46917152404785
2026-04-28 09:45:04.833121,2026-04-28 09:45:04.833121,27.215984344482425
2026-04-28 09:45:05.035206,2026-04-28 09:45:05.035206,27.00077438354492
2026-04-28 09:45:05.234215,2026-04-28 09:45:05.234215,26.466283798217773
2026-04-28 09:45:05.435419,2026-04-28 09:45:05.435419,26.011964797973636
2026-04-28 09:45:05.632482,2026-04-28 09:45:05.632482,25.625795364379883
2026-04-28 09:45:05.832503,2026-04-28 09:45:05.832503,25.12177085876465
2026-04-28 09:45:06.034930,2026-04-28 09:45:06.034930,24.693347930908203
2026-04-28 09:45:19.133163,2026-04-28 09:45:19.133163,24.32918930053711
2026-04-28 09:45:19.339339,2026-04-28 09:45:19.339339,23.843873977661133
2026-04-28 09:45:19.532546,2026-04-28 09:45:19.532546,23.43135452270508
2026-04-28 09:45:19.732171,2026-04-28 09:45:19.732171,23.08071517944336
2026-04-28 09:45:19.933197,2026-04-28 09:45:19.933197,22.78266906738281
2026-04-28 09:45:20.131996,2026-04-28 09:45:20.131996,22.52933120727539
2026-04-28 09:45:20.335992,2026-04-28 09:45:20.335992,22.313995361328125
2026-04-28 09:45:20.533276,2026-04-28 09:45:20.533276,21.955177307128903
2026-04-28 09:45:20.732287,2026-04-28 09:45:20.732287,21.65018081665039
2026-04-28 09:45:20.932686,2026-04-28 09:45:20.932686,21.39093589782715
2026-04-28 09:45:21.132389,2026-04-28 09:45:21.132389,21.17057609558105
2026-04-28 09:45:21.332379,2026-04-28 09:45:21.332379,20.9832706451416
2026-04-28 09:45:21.534984,2026-04-28 09:45:21.534984,20.82406234741211
2026-04-28 09:45:21.732472,2026-04-28 09:45:21.732472,20.68873405456543
2026-04-28 09:45:21.932762,2026-04-28 09:45:21.932762,20.573705673217773
2026-04-28 09:45:22.135123,2026-04-28 09:45:22.135123,20.47593116760254
2026-04-28 09:45:22.332548,2026-04-28 09:45:22.332548,20.392822265625
2026-04-28 09:45:22.532129,2026-04-28 09:45:22.532129,20.322179794311523
2026-04-28 09:45:22.732293,2026-04-28 09:45:22.732293,20.262134552001957
2026-04-28 09:45:22.934239,2026-04-28 09:45:22.934239,20.211095809936523
2026-04-28 09:45:23.133317,2026-04-28 09:45:23.133317,20.167713165283203
2026-04-28 09:45:23.336542,2026-04-28 09:45:23.336542,20.130836486816406
2026-04-28 09:45:23.532527,2026-04-28 09:45:23.532527,20.0994930267334
2026-04-28 09:45:23.735269,2026-04-28 09:45:23.735269,20.07284927368164
2026-04-28 09:45:23.933352,2026-04-28 09:45:23.933352,20.050203323364254
2026-04-28 09:45:24.134177,2026-04-28 09:45:24.134177,20.030954360961918
2026-04-28 09:45:24.332328,2026-04-28 09:45:24.332328,20.01459312438965
2026-04-28 09:45:24.533956,2026-04-28 09:45:24.533956,20.00068473815918
2026-04-28 09:45:24.737323,2026-04-28 09:45:24.737323,19.988862991333008
2026-04-28 09:45:24.934802,2026-04-28 09:45:24.934802,19.97881507873535
2026-04-28 09:45:25.135092,2026-04-28 09:45:25.135092,19.794492721557617
2026-04-28 09:45:25.338733,2026-04-28 09:45:25.338733,19.637819290161133
2026-04-28 09:45:25.534496,2026-04-28 09:45:25.534496,19.68042755126953
2026-04-28 09:45:25.732754,2026-04-28 09:45:25.732754,19.71664428710937
2026-04-28 09:45:25.936714,2026-04-28 09:45:25.936714,19.74742889404297
2026-04-28 09:45:26.132622,2026-04-28 09:45:26.132622,19.773595809936523
2026-04-28 09:45:26.338901,2026-04-28 09:45:26.338901,19.79583740234375
2026-04-28 09:45:26.534724,2026-04-28 09:45:26.534724,19.814743041992188
2026-04-28 09:45:26.736924,2026-04-28 09:45:26.736924,19.830812454223636
2026-04-28 09:45:26.934982,2026-04-28 09:45:26.934982,19.84447288513184
2026-04-28 09:45:27.132793,2026-04-28 09:45:27.132793,19.85608291625977
2026-04-28 09:45:27.335419,2026-04-28 09:45:27.335419,19.865951538085938
2026-04-28 09:45:27.537272,2026-04-28 09:45:27.537272,19.874340057373047
2026-04-28 09:45:27.736074,2026-04-28 09:45:27.736074,19.7056884765625
2026-04-28 09:45:27.935668,2026-04-28 09:45:27.935668,19.562335968017575
2026-04-28 09:45:28.138943,2026-04-28 09:45:28.138943,19.44048500061035
2026-04-28 09:45:28.336866,2026-04-28 09:45:28.336866,19.336912155151367
2026-04-28 09:45:28.534259,2026-04-28 09:45:28.534259,19.248876571655277
2026-04-28 09:45:28.733145,2026-04-28 09:45:28.733145,18.998262405395508
2026-04-28 09:45:28.936576,2026-04-28 09:45:28.936576,18.78524208068848
2026-04-28 09:45:29.132008,2026-04-28 09:45:29.132008,18.604175567626957
2026-04-28 09:45:29.335505,2026-04-28 09:45:29.335505,18.274486541748047
2026-04-28 09:45:29.537986,2026-04-28 09:45:29.537986,17.994251251220703
2026-04-28 09:45:29.738934,2026-04-28 09:45:29.738934,17.58026885986328
2026-04-28 09:45:29.932057,2026-04-28 09:45:29.932057,17.40416717529297
2026-04-28 09:45:30.132487,2026-04-28 09:45:30.132487,17.078697204589844
2026-04-28 09:45:30.334163,2026-04-28 09:45:30.334163,16.80204963684082
2026-04-28 09:45:30.536631,2026-04-28 09:45:30.536631,16.742679595947266
2026-04-28 09:45:30.734658,2026-04-28 09:45:30.734658,16.516433715820312
2026-04-28 09:45:30.937382,2026-04-28 09:45:30.937382,16.324125289916992
2026-04-28 09:45:31.132358,2026-04-28 09:45:31.132358,16.160661697387695
2026-04-28 09:45:31.334085,2026-04-28 09:45:31.334085,16.021718978881836
2026-04-28 09:45:31.535336,2026-04-28 09:45:31.535336,15.90361785888672
2026-04-28 09:45:31.736827,2026-04-28 09:45:31.736827,15.803231239318848
2026-04-28 09:45:31.932141,2026-04-28 09:45:31.932141,15.717903137207031
2026-04-28 09:45:32.135144,2026-04-28 09:45:32.135144,15.645373344421388
2026-04-28 09:45:32.335593,2026-04-28 09:45:32.335593,15.58372402191162
2026-04-28 09:45:32.532373,2026-04-28 09:45:32.532373,15.53132152557373
2026-04-28 09:45:32.735015,2026-04-28 09:45:32.735015,15.48677921295166
2026-04-28 09:45:32.932750,2026-04-28 09:45:32.932750,15.448919296264648
2026-04-28 09:45:33.133931,2026-04-28 09:45:33.133931,15.41673755645752
2026-04-28 09:45:33.332734,2026-04-28 09:45:33.332734,15.38938331604004
2026-04-28 09:45:33.533972,2026-04-28 09:45:33.533972,15.366131782531738
2026-04-28 09:45:33.742934,2026-04-28 09:45:33.742934,15.346367835998535
2026-04-28 09:45:33.937456,2026-04-28 09:45:33.937456,15.32956886291504
2026-04-28 09:45:34.133709,2026-04-28 09:45:34.133709,15.315290451049805
2026-04-28 09:45:34.337261,2026-04-28 09:45:34.337261,15.303153038024902
2026-04-28 09:45:34.537127,2026-04-28 09:45:34.537127,15.11705493927002
2026-04-28 09:45:34.734358,2026-04-28 09:45:34.734358,14.958871841430664
2026-04-28 09:45:34.934854,2026-04-28 09:45:34.934854,14.824416160583496
2026-04-28 09:45:35.138072,2026-04-28 09:45:35.138072,14.710128784179688
2026-04-28 09:45:35.333343,2026-04-28 09:45:35.333343,14.612984657287598
2026-04-28 09:45:35.533813,2026-04-28 09:45:35.533813,14.53041172027588
2026-04-28 09:45:35.733904,2026-04-28 09:45:35.733904,14.460225105285645
2026-04-28 09:45:35.932680,2026-04-28 09:45:35.932680,14.40056610107422
2026-04-28 09:45:36.133019,2026-04-28 09:45:36.133019,14.34985637664795
2026-04-28 09:45:36.332261,2026-04-28 09:45:36.332261,14.306753158569336
2026-04-28 09:45:36.534202,2026-04-28 09:45:36.534202,14.27011489868164
2026-04-28 09:45:36.733097,2026-04-28 09:45:36.733097,14.238972663879396
2026-04-28 09:45:36.932476,2026-04-28 09:45:36.932476,14.212501525878906
2026-04-28 09:45:37.137735,2026-04-28 09:45:37.137735,14.190001487731934
2026-04-28 09:45:37.336030,2026-04-28 09:45:37.336030,14.170876502990724
2026-04-28 09:45:37.538007,2026-04-28 09:45:37.538007,14.154620170593262
2026-04-28 09:45:37.732969,2026-04-28 09:45:37.732969,14.140801429748535
2026-04-28 09:45:37.932021,2026-04-28 09:45:37.932021,14.129056930541992
2026-04-28 09:45:38.134593,2026-04-28 09:45:38.134593,14.119072914123535
2026-04-28 09:45:38.332163,2026-04-28 09:45:38.332163,14.110587120056152
2026-04-28 09:45:38.533690,2026-04-28 09:45:38.533690,14.279155731201172
2026-04-28 09:45:38.732816,2026-04-28 09:45:38.732816,14.422438621520996
2026-04-28 09:45:38.934920,2026-04-28 09:45:38.934920,14.544228553771973
2026-04-28 09:45:39.132201,2026-04-28 09:45:39.132201,14.647750854492188
2026-04-28 09:45:39.332561,2026-04-28 09:45:39.332561,14.73574447631836
2026-04-28 09:45:39.534452,2026-04-28 09:45:39.534452,14.810539245605469
2026-04-28 09:45:39.732085,2026-04-28 09:45:39.732085,14.87411403656006
2026-04-28 09:45:39.932174,2026-04-28 09:45:39.932174,15.103934288024902
2026-04-28 09:45:40.132481,2026-04-28 09:45:40.132481,15.29928207397461
2026-04-28 09:45:40.333084,2026-04-28 09:45:40.333084,15.289546012878418
2026-04-28 09:45:40.533176,2026-04-28 09:45:40.533176,15.457051277160645
2026-04-28 09:45:40.734722,2026-04-28 09:45:40.734722,15.599431037902832
2026-04-28 09:45:40.933316,2026-04-28 09:45:40.933316,15.720454216003418
2026-04-28 09:45:41.132784,2026-04-28 09:45:41.132784,15.823323249816896
2026-04-28 09:45:41.332510,2026-04-28 09:45:41.332510,16.086544036865234
2026-04-28 09:45:41.532555,2026-04-28 09:45:41.532555,16.31028175354004
2026-04-28 09:45:41.732649,2026-04-28 09:45:41.732649,16.500457763671875
2026-04-28 09:45:41.932628,2026-04-28 09:45:41.932628,16.837888717651367
2026-04-28 09:45:42.132628,2026-04-28 09:45:42.132628,17.124706268310547
2026-04-28 09:45:42.335122,2026-04-28 09:45:42.335122,17.368499755859375
2026-04-28 09:45:42.534424,2026-04-28 09:45:42.534424,17.575725555419922
2026-04-28 09:45:42.735335,2026-04-28 09:45:42.735335,17.75186538696289
2026-04-28 09:45:42.932524,2026-04-28 09:45:42.932524,17.901586532592773
2026-04-28 09:45:43.132994,2026-04-28 09:45:43.132994,18.02884864807129
2026-04-28 09:45:43.332016,2026-04-28 09:45:43.332016,18.137020111083984
2026-04-28 09:45:43.532999,2026-04-28 09:45:43.532999,18.228967666625977
2026-04-28 09:45:43.732855,2026-04-28 09:45:43.732855,18.3071231842041
2026-04-28 09:45:43.933216,2026-04-28 09:45:43.933216,18.373554229736328
2026-04-28 09:45:44.133971,2026-04-28 09:45:44.133971,18.430021286010746
2026-04-28 09:45:44.335682,2026-04-28 09:45:44.335682,18.47801780700684
2026-04-28 09:45:57.432243,2026-04-28 09:45:57.432243,18.51881599426269
2026-04-28 09:45:57.635189,2026-04-28 09:45:57.635189,18.55349349975586
2026-04-28 09:45:57.845810,2026-04-28 09:45:57.845810,18.582969665527344
2026-04-28 09:45:58.033269,2026-04-28 09:45:58.033269,18.60802459716797
2026-04-28 09:45:58.232748,2026-04-28 09:45:58.232748,18.62932014465332
2026-04-28 09:45:58.434269,2026-04-28 09:45:58.434269,18.647422790527344
2026-04-28 09:45:58.632548,2026-04-28 09:45:58.632548,18.66280937194824
2026-04-28 09:45:58.832513,2026-04-28 09:45:58.832513,18.67588806152344
2026-04-28 09:45:59.032545,2026-04-28 09:45:59.032545,18.68700408935547
2026-04-28 09:45:59.233084,2026-04-28 09:45:59.233084,18.696453094482425
2026-04-28 09:45:59.432259,2026-04-28 09:45:59.432259,18.880266189575195
2026-04-28 09:45:59.632363,2026-04-28 09:45:59.632363,19.036508560180664
2026-04-28 09:45:59.835332,2026-04-28 09:45:59.835332,19.169313430786133
2026-04-28 09:46:00.032424,2026-04-28 09:46:00.032424,19.282197952270508
2026-04-28 09:46:00.232131,2026-04-28 09:46:00.232131,19.378149032592773
2026-04-28 09:46:00.432208,2026-04-28 09:46:00.432208,19.63548851013184
2026-04-28 09:46:00.632548,2026-04-28 09:46:00.632548,19.854228973388672
2026-04-28 09:46:00.833324,2026-04-28 09:46:00.833324,20.040157318115234
2026-04-28 09:46:01.036823,2026-04-28 09:46:01.036823,20.19819641113281
2026-04-28 09:46:01.232089,2026-04-28 09:46:01.232089,20.332529067993164
2026-04-28 09:46:01.435126,2026-04-28 09:46:01.435126,20.446712493896484
2026-04-28 09:46:01.636254,2026-04-28 09:46:01.636254,20.71954917907715
2026-04-28 09:46:01.836437,2026-04-28 09:46:01.836437,20.951459884643555
2026-04-28 09:46:02.036421,2026-04-28 09:46:02.036421,21.148584365844727
2026-04-28 09:46:02.233181,2026-04-28 09:46:02.233181,21.31614112854004
2026-04-28 09:46:02.435914,2026-04-28 09:46:02.435914,21.45856285095215
2026-04-28 09:46:02.635836,2026-04-28 09:46:02.635836,21.57962226867676
2026-04-28 09:46:02.831990,2026-04-28 09:46:02.831990,21.682523727416992
2026-04-28 09:46:03.035100,2026-04-28 09:46:03.035100,21.945770263671875
2026-04-28 09:46:03.233243,2026-04-28 09:46:03.233243,22.16952896118164
2026-04-28 09:46:03.433879,2026-04-28 09:46:03.433879,22.359724044799805
2026-04-28 09:46:03.632243,2026-04-28 09:46:03.632243,22.521390914916992
2026-04-28 09:46:03.836045,2026-04-28 09:46:03.836045,22.6588077545166
2026-04-28 09:46:04.035494,2026-04-28 09:46:04.035494,22.951393127441406
2026-04-28 09:46:04.233534,2026-04-28 09:46:04.233534,23.200090408325195
2026-04-28 09:46:04.435558,2026-04-28 09:46:04.435558,23.587263107299805
2026-04-28 09:46:04.632694,2026-04-28 09:46:04.632694,23.74058151245117
2026-04-28 09:46:04.832654,2026-04-28 09:46:04.832654,24.046680450439453
2026-04-28 09:46:05.032815,2026-04-28 09:46:05.032815,24.306865692138672
2026-04-28 09:46:05.234258,2026-04-28 09:46:05.234258,24.528024673461918
2026-04-28 09:46:05.433095,2026-04-28 09:46:05.433095,24.716007232666016
2026-04-28 09:46:05.635931,2026-04-28 09:46:05.635931,24.87579345703125
2026-04-28 09:46:05.837343,2026-04-28 09:46:05.837343,25.01161193847656
2026-04-28 09:46:06.035886,2026-04-28 09:46:06.035886,25.127058029174805
2026-04-28 09:46:06.231985,2026-04-28 09:46:06.231985,25.225187301635746
2026-04-28 09:46:06.432508,2026-04-28 09:46:06.432508,25.484376907348636
2026-04-28 09:46:06.633831,2026-04-28 09:46:06.633831,25.528907775878903
2026-04-28 09:46:06.836845,2026-04-28 09:46:06.836845,25.56675910949707
2026-04-28 09:46:07.034516,2026-04-28 09:46:07.034516,25.774715423583984
2026-04-28 09:46:07.232853,2026-04-28 09:46:07.232853,25.951475143432617
2026-04-28 09:46:07.434916,2026-04-28 09:46:07.434916,26.10172271728516
2026-04-28 09:46:07.635640,2026-04-28 09:46:07.635640,26.229433059692383
2026-04-28 09:46:07.834667,2026-04-28 09:46:07.834667,26.513769149780277
2026-04-28 09:46:08.032700,2026-04-28 09:46:08.032700,26.75545310974121
2026-04-28 09:46:08.237566,2026-04-28 09:46:08.237566,26.960886001586918
2026-04-28 09:46:08.435526,2026-04-28 09:46:08.435526,27.135501861572266
2026-04-28 09:46:08.637919,2026-04-28 09:46:08.637919,27.28392791748047
2026-04-28 09:46:08.837466,2026-04-28 09:46:08.837466,27.41008758544922
2026-04-28 09:46:09.036940,2026-04-28 09:46:09.036940,27.69310569763184
2026-04-28 09:46:09.235491,2026-04-28 09:46:09.235491,27.933671951293945
2026-04-28 09:46:09.433347,2026-04-28 09:46:09.433347,28.13815116882324
2026-04-28 09:46:09.636279,2026-04-28 09:46:09.636279,28.311960220336918
2026-04-28 09:46:09.835252,2026-04-28 09:46:09.835252,28.459697723388672
2026-04-28 09:46:10.032007,2026-04-28 09:46:10.032007,28.58527374267578
2026-04-28 09:46:10.236301,2026-04-28 09:46:10.236301,28.692014694213867
2026-04-28 09:46:10.438239,2026-04-28 09:46:10.438239,28.78274345397949
2026-04-28 09:46:10.636882,2026-04-28 09:46:10.636882,28.85986328125
2026-04-28 09:46:10.835972,2026-04-28 09:46:10.835972,28.9254150390625
2026-04-28 09:46:11.035580,2026-04-28 09:46:11.035580,28.98113441467285
2026-04-28 09:46:11.238139,2026-04-28 09:46:11.238139,29.02849578857422
2026-04-28 09:46:11.432189,2026-04-28 09:46:11.432189,29.06875228881836
2026-04-28 09:46:11.632647,2026-04-28 09:46:11.632647,26.114688873291016
2026-04-28 09:46:11.839519,2026-04-28 09:46:11.839519,23.603734970092773
2026-04-28 09:46:12.036699,2026-04-28 09:46:12.036699,21.469425201416016
2026-04-28 09:46:12.232167,2026-04-28 09:46:12.232167,19.655261993408203
2026-04-28 09:46:12.434618,2026-04-28 09:46:12.434618,18.289003372192383
2026-04-28 09:46:12.633202,2026-04-28 09:46:12.633202,17.127683639526367
2026-04-28 09:46:12.834426,2026-04-28 09:46:12.834426,16.140562057495117
2026-04-28 09:46:13.035698,2026-04-28 09:46:13.035698,15.301509857177734
2026-04-28 09:46:13.232574,2026-04-28 09:46:13.232574,14.7640962600708
2026-04-28 09:46:13.437029,2026-04-28 09:46:13.437029,16.944013595581055
2026-04-28 09:46:13.632379,2026-04-28 09:46:13.632379,16.16022300720215
2026-04-28 09:46:13.834146,2026-04-28 09:46:13.834146,15.66978359222412
2026-04-28 09:46:14.032579,2026-04-28 09:46:14.032579,15.252909660339355
2026-04-28 09:46:14.236014,2026-04-28 09:46:14.236014,15.074348449707031
2026-04-28 09:46:14.432756,2026-04-28 09:46:14.432756,14.746789932250977
2026-04-28 09:46:14.633760,2026-04-28 09:46:14.633760,14.468364715576172
2026-04-28 09:46:14.833102,2026-04-28 09:46:14.833102,14.231703758239746
2026-04-28 09:46:15.032626,2026-04-28 09:46:15.032626,14.030542373657228
2026-04-28 09:46:15.240726,2026-04-28 09:46:15.240726,13.683773040771484
2026-04-28 09:46:15.435960,2026-04-28 09:46:15.435960,13.564801216125488
2026-04-28 09:46:15.636038,2026-04-28 09:46:15.636038,13.287893295288086
2026-04-28 09:46:15.834287,2026-04-28 09:46:15.834287,13.05252170562744
2026-04-28 09:46:16.034333,2026-04-28 09:46:16.034333,12.852456092834473
2026-04-28 09:46:16.238423,2026-04-28 09:46:16.238423,12.85818099975586
2026-04-28 09:46:16.433303,2026-04-28 09:46:16.433303,12.86304759979248
2026-04-28 09:46:16.637571,2026-04-28 09:46:16.637571,12.86718463897705
2026-04-28 09:46:16.837337,2026-04-28 09:46:16.837337,12.87070083618164
2026-04-28 09:46:17.035251,2026-04-28 09:46:17.035251,12.873689651489258
2026-04-28 09:46:17.233812,2026-04-28 09:46:17.233812,12.876229286193848
2026-04-28 09:46:17.432297,2026-04-28 09:46:17.432297,12.878389358520508
2026-04-28 09:46:17.637633,2026-04-28 09:46:17.637633,12.880224227905272
2026-04-28 09:46:17.837245,2026-04-28 09:46:17.837245,12.706003189086914
2026-04-28 09:46:18.038231,2026-04-28 09:46:18.038231,12.557915687561035
2026-04-28 09:46:18.231895,2026-04-28 09:46:18.231895,12.432040214538574
2026-04-28 09:46:18.434677,2026-04-28 09:46:18.434677,12.50082778930664
2026-04-28 09:46:18.633279,2026-04-28 09:46:18.633279,12.735078811645508
2026-04-28 09:46:18.831958,2026-04-28 09:46:18.831958,12.934191703796388
2026-04-28 09:46:19.032900,2026-04-28 09:46:19.032900,13.279219627380373
2026-04-28 09:46:19.231935,2026-04-28 09:46:19.231935,13.748273849487305
2026-04-28 09:46:19.432567,2026-04-28 09:46:19.432567,14.146970748901367
2026-04-28 09:46:19.635955,2026-04-28 09:46:19.635955,14.661643981933594
2026-04-28 09:46:19.834351,2026-04-28 09:46:19.834351,15.099116325378418
2026-04-28 09:46:20.032304,2026-04-28 09:46:20.032304,15.470967292785645
2026-04-28 09:46:20.232469,2026-04-28 09:46:20.232469,15.78704071044922
2026-04-28 09:46:20.434242,2026-04-28 09:46:20.434242,16.23148536682129
2026-04-28 09:46:20.633166,2026-04-28 09:46:20.633166,16.433481216430664
2026-04-28 09:46:20.832489,2026-04-28 09:46:20.832489,16.60517692565918
2026-04-28 09:46:21.033073,2026-04-28 09:46:21.033073,16.92690086364746
2026-04-28 09:46:21.233834,2026-04-28 09:46:21.233834,17.02458381652832
2026-04-28 09:46:21.432664,2026-04-28 09:46:21.432664,17.283397674560547
2026-04-28 09:46:21.632879,2026-04-28 09:46:21.632879,17.503387451171875
2026-04-28 09:46:21.834864,2026-04-28 09:46:21.834864,17.690380096435547
2026-04-28 09:46:22.034333,2026-04-28 09:46:22.034333,17.849321365356445
2026-04-28 09:46:22.232136,2026-04-28 09:46:22.232136,17.984424591064453
2026-04-28 09:46:22.432745,2026-04-28 09:46:22.432745,18.099260330200195
2026-04-28 09:46:22.632195,2026-04-28 09:46:22.632195,18.196870803833008
2026-04-28 09:46:35.734623,2026-04-28 09:46:35.734623,18.27984046936035
2026-04-28 09:46:35.933719,2026-04-28 09:46:35.933719,18.350364685058597
2026-04-28 09:46:36.132088,2026-04-28 09:46:36.132088,18.410310745239254
2026-04-28 09:46:36.337197,2026-04-28 09:46:36.337197,18.63704490661621
2026-04-28 09:46:36.532128,2026-04-28 09:46:36.532128,18.829769134521484
2026-04-28 09:46:36.732098,2026-04-28 09:46:36.732098,18.99358558654785
2026-04-28 09:46:36.932506,2026-04-28 09:46:36.932506,19.132827758789062
2026-04-28 09:46:37.133707,2026-04-28 09:46:37.133707,19.25118637084961
2026-04-28 09:46:37.332592,2026-04-28 09:46:37.332592,19.351789474487305
2026-04-28 09:46:37.534223,2026-04-28 09:46:37.534223,19.437301635742188
2026-04-28 09:46:37.732855,2026-04-28 09:46:37.732855,19.509986877441406
2026-04-28 09:46:37.934803,2026-04-28 09:46:37.934803,19.7475528717041
2026-04-28 09:46:38.134245,2026-04-28 09:46:38.134245,19.773700714111328
2026-04-28 09:46:38.335394,2026-04-28 09:46:38.335394,19.97170829772949
2026-04-28 09:46:38.536001,2026-04-28 09:46:38.536001,20.1400146484375
2026-04-28 09:46:38.733503,2026-04-28 09:46:38.733503,20.1072940826416
2026-04-28 09:46:38.935704,2026-04-28 09:46:38.935704,20.07948112487793
2026-04-28 09:46:39.132699,2026-04-28 09:46:39.132699,20.05583953857422
2026-04-28 09:46:39.334359,2026-04-28 09:46:39.334359,20.03574562072754
2026-04-28 09:46:39.532798,2026-04-28 09:46:39.532798,20.018665313720703
2026-04-28 09:46:39.737339,2026-04-28 09:46:39.737339,20.00414657592773
2026-04-28 09:46:39.931953,2026-04-28 09:46:39.931953,19.99180603027344
2026-04-28 09:46:40.132086,2026-04-28 09:46:40.132086,19.98131561279297
2026-04-28 09:46:40.334045,2026-04-28 09:46:40.334045,19.972400665283203
2026-04-28 09:46:40.532734,2026-04-28 09:46:40.532734,19.964820861816406
2026-04-28 09:46:40.732578,2026-04-28 09:46:40.732578,19.9583797454834
2026-04-28 09:46:40.932092,2026-04-28 09:46:40.932092,19.952903747558597
2026-04-28 09:46:41.132475,2026-04-28 09:46:41.132475,19.94824981689453
2026-04-28 09:46:41.332007,2026-04-28 09:46:41.332007,19.94429397583008
2026-04-28 09:46:41.536621,2026-04-28 09:46:41.536621,19.94093132019043
2026-04-28 09:46:41.732758,2026-04-28 09:46:41.732758,19.938072204589844
2026-04-28 09:46:41.932497,2026-04-28 09:46:41.932497,19.93564224243164
2026-04-28 09:46:42.133733,2026-04-28 09:46:42.133733,19.933576583862305
2026-04-28 09:46:42.332262,2026-04-28 09:46:42.332262,19.93182182312012
2026-04-28 09:46:42.533756,2026-04-28 09:46:42.533756,19.930330276489254
2026-04-28 09:46:42.737810,2026-04-28 09:46:42.737810,19.75328063964844
2026-04-28 09:46:42.933548,2026-04-28 09:46:42.933548,19.6027889251709
2026-04-28 09:46:43.132089,2026-04-28 09:46:43.132089,19.65065193176269
2026-04-28 09:46:43.332021,2026-04-28 09:46:43.332021,19.691335678100582
2026-04-28 09:46:43.536053,2026-04-28 09:46:43.536053,19.55013465881348
2026-04-28 09:46:43.733740,2026-04-28 09:46:43.733740,19.43011474609375
2026-04-28 09:46:43.932235,2026-04-28 09:46:43.932235,19.503877639770508
2026-04-28 09:46:44.132782,2026-04-28 09:46:44.132782,19.390796661376957
2026-04-28 09:46:44.332237,2026-04-28 09:46:44.332237,19.470458984375
2026-04-28 09:46:44.534007,2026-04-28 09:46:44.534007,19.53817176818848
2026-04-28 09:46:44.735798,2026-04-28 09:46:44.735798,19.595726013183597
2026-04-28 09:46:44.933588,2026-04-28 09:46:44.933588,19.644649505615234
2026-04-28 09:46:45.134717,2026-04-28 09:46:45.134717,19.68623352050781
2026-04-28 09:46:45.332652,2026-04-28 09:46:45.332652,19.72157859802246
2026-04-28 09:46:45.534137,2026-04-28 09:46:45.534137,19.751623153686523
2026-04-28 09:46:45.733075,2026-04-28 09:46:45.733075,19.77716064453125
2026-04-28 09:46:45.935745,2026-04-28 09:46:45.935745,19.79886817932129
2026-04-28 09:46:46.133857,2026-04-28 09:46:46.133857,19.99310111999512
2026-04-28 09:46:46.336056,2026-04-28 09:46:46.336056,19.9824161529541
2026-04-28 09:46:46.533860,2026-04-28 09:46:46.533860,20.14911651611328
2026-04-28 09:46:46.733452,2026-04-28 09:46:46.733452,20.29081153869629
2026-04-28 09:46:46.932977,2026-04-28 09:46:46.932977,20.411252975463867
2026-04-28 09:46:47.133940,2026-04-28 09:46:47.133940,20.513628005981445
2026-04-28 09:46:47.333150,2026-04-28 09:46:47.333150,20.600645065307617
2026-04-28 09:46:47.534609,2026-04-28 09:46:47.534609,20.67461204528809
2026-04-28 09:46:47.748030,2026-04-28 09:46:47.748030,20.91326332092285
2026-04-28 09:46:47.933142,2026-04-28 09:46:47.933142,21.116117477416992
2026-04-28 09:46:48.137016,2026-04-28 09:46:48.137016,21.288543701171875
2026-04-28 09:46:48.336262,2026-04-28 09:46:48.336262,21.43510627746582
2026-04-28 09:46:48.532214,2026-04-28 09:46:48.532214,21.559682846069336
2026-04-28 09:46:48.732057,2026-04-28 09:46:48.732057,21.66557502746582
2026-04-28 09:46:48.932609,2026-04-28 09:46:48.932609,21.75558280944824
2026-04-28 09:46:49.141214,2026-04-28 09:46:49.141214,21.656307220458984
2026-04-28 09:46:49.332341,2026-04-28 09:46:49.332341,21.747705459594727
2026-04-28 09:46:49.533000,2026-04-28 09:46:49.533000,21.82539367675781
2026-04-28 09:46:49.739527,2026-04-28 09:46:49.739527,21.89142799377441
2026-04-28 09:46:49.937629,2026-04-28 09:46:49.937629,21.94755744934082
2026-04-28 09:46:50.135290,2026-04-28 09:46:50.135290,21.995267868041992
2026-04-28 09:46:50.339551,2026-04-28 09:46:50.339551,22.03582191467285
2026-04-28 09:46:50.537770,2026-04-28 09:46:50.537770,22.07029151916504
2026-04-28 09:46:50.732505,2026-04-28 09:46:50.732505,22.099592208862305
2026-04-28 09:46:50.933537,2026-04-28 09:46:50.933537,22.124496459960938
2026-04-28 09:46:51.132746,2026-04-28 09:46:51.132746,22.145666122436523
2026-04-28 09:46:51.335654,2026-04-28 09:46:51.335654,22.16366004943848
2026-04-28 09:46:51.537125,2026-04-28 09:46:51.537125,22.178955078125
2026-04-28 09:46:51.733858,2026-04-28 09:46:51.733858,22.19195556640625
2026-04-28 09:46:51.937292,2026-04-28 09:46:51.937292,22.027223587036133
2026-04-28 09:46:52.135735,2026-04-28 09:46:52.135735,22.06298446655273
2026-04-28 09:46:52.337535,2026-04-28 09:46:52.337535,22.093379974365234
2026-04-28 09:46:52.532693,2026-04-28 09:46:52.532693,21.943435668945312
2026-04-28 09:46:52.735419,2026-04-28 09:46:52.735419,21.99176406860352
2026-04-28 09:46:52.935672,2026-04-28 09:46:52.935672,22.0328426361084
2026-04-28 09:46:53.135115,2026-04-28 09:46:53.135115,22.067760467529297
2026-04-28 09:46:53.334819,2026-04-28 09:46:53.334819,22.09744071960449
2026-04-28 09:46:53.538611,2026-04-28 09:46:53.538611,22.12266731262207
2026-04-28 09:46:53.735191,2026-04-28 09:46:53.735191,22.14411163330078
2026-04-28 09:46:53.935414,2026-04-28 09:46:53.935414,22.162338256835938
2026-04-28 09:46:54.133953,2026-04-28 09:46:54.133953,22.002050399780277
2026-04-28 09:46:54.333639,2026-04-28 09:46:54.333639,21.86580467224121
2026-04-28 09:46:54.535130,2026-04-28 09:46:54.535130,21.74999618530273
2026-04-28 09:46:54.735147,2026-04-28 09:46:54.735147,21.475778579711918
2026-04-28 09:46:54.934305,2026-04-28 09:46:54.934305,21.24269294738769
2026-04-28 09:46:55.135455,2026-04-28 09:46:55.135455,21.04457092285156
2026-04-28 09:46:55.335117,2026-04-28 09:46:55.335117,20.87616539001465
2026-04-28 09:46:55.532830,2026-04-28 09:46:55.532830,20.733022689819336
2026-04-28 09:46:55.732136,2026-04-28 09:46:55.732136,20.611351013183597
2026-04-28 09:46:55.933059,2026-04-28 09:46:55.933059,20.5079288482666
2026-04-28 09:46:56.132462,2026-04-28 09:46:56.132462,20.420021057128903
2026-04-28 09:46:56.334466,2026-04-28 09:46:56.334466,20.345298767089844
2026-04-28 09:46:56.535053,2026-04-28 09:46:56.535053,20.28178596496582
2026-04-28 09:46:56.733949,2026-04-28 09:46:56.733949,20.227798461914062
2026-04-28 09:46:56.933747,2026-04-28 09:46:56.933747,20.181909561157227
2026-04-28 09:46:57.136340,2026-04-28 09:46:57.136340,20.14290428161621
2026-04-28 09:46:57.336882,2026-04-28 09:46:57.336882,20.109750747680664
2026-04-28 09:46:57.534954,2026-04-28 09:46:57.534954,20.08156967163086
2026-04-28 09:46:57.733044,2026-04-28 09:46:57.733044,20.057615280151367
2026-04-28 09:46:57.934022,2026-04-28 09:46:57.934022,20.037254333496094
2026-04-28 09:46:58.134783,2026-04-28 09:46:58.134783,20.019947052001957
2026-04-28 09:46:58.332968,2026-04-28 09:46:58.332968,20.00523567199707
2026-04-28 09:46:58.540222,2026-04-28 09:46:58.540222,20.168514251708984
2026-04-28 09:46:58.732730,2026-04-28 09:46:58.732730,20.30729866027832
2026-04-28 09:46:58.932885,2026-04-28 09:46:58.932885,20.60104751586914
2026-04-28 09:46:59.132031,2026-04-28 09:46:59.132031,20.85073471069336
2026-04-28 09:46:59.338685,2026-04-28 09:46:59.338685,21.23874855041504
2026-04-28 09:46:59.541628,2026-04-28 09:46:59.541628,21.39278030395508
2026-04-28 09:46:59.732943,2026-04-28 09:46:59.732943,21.699487686157227
2026-04-28 09:46:59.932690,2026-04-28 09:46:59.932690,21.960189819335938
2026-04-28 09:47:00.135866,2026-04-28 09:47:00.135866,22.357568740844727
2026-04-28 09:47:00.333730,2026-04-28 09:47:00.333730,23.04690170288086
2026-04-28 09:47:00.539580,2026-04-28 09:47:00.539580,23.457054138183597
2026-04-28 09:47:00.733191,2026-04-28 09:47:00.733191,23.629901885986328
2026-04-28 09:47:00.932676,2026-04-28 09:47:00.932676,23.77682304382324
2026-04-28 09:47:14.035572,2026-04-28 09:47:14.035572,23.901704788208008
2026-04-28 09:47:14.234498,2026-04-28 09:47:14.234498,24.007856369018555
2026-04-28 09:47:14.432076,2026-04-28 09:47:14.432076,24.09808349609375
2026-04-28 09:47:14.634945,2026-04-28 09:47:14.634945,24.17477798461914
2026-04-28 09:47:14.833253,2026-04-28 09:47:14.833253,24.064186096191406
2026-04-28 09:47:15.036063,2026-04-28 09:47:15.036063,23.97018241882324
2026-04-28 09:47:15.238359,2026-04-28 09:47:15.238359,23.89027976989746
2026-04-28 09:47:15.432520,2026-04-28 09:47:15.432520,23.998144149780277
2026-04-28 09:47:15.634735,2026-04-28 09:47:15.634735,24.089828491210938
2026-04-28 09:47:15.833801,2026-04-28 09:47:15.833801,21.706823348999023
2026-04-28 09:47:16.032661,2026-04-28 09:47:16.032661,19.6812686920166
2026-04-28 09:47:16.233980,2026-04-28 09:47:16.233980,17.95954704284668
2026-04-28 09:47:16.432818,2026-04-28 09:47:16.432818,16.496084213256836
2026-04-28 09:47:16.633995,2026-04-28 09:47:16.633995,17.888858795166016
2026-04-28 09:47:16.835513,2026-04-28 09:47:16.835513,19.072717666625977
2026-04-28 09:47:17.034967,2026-04-28 09:47:17.034967,20.078996658325195
2026-04-28 09:47:17.236376,2026-04-28 09:47:17.236376,20.934335708618164
2026-04-28 09:47:17.432080,2026-04-28 09:47:17.432080,19.20043563842773
2026-04-28 09:47:17.633009,2026-04-28 09:47:17.633009,17.726619720458984
2026-04-28 09:47:17.833951,2026-04-28 09:47:17.833951,16.473876953125
2026-04-28 09:47:18.034181,2026-04-28 09:47:18.034181,15.409045219421388
2026-04-28 09:47:18.239065,2026-04-28 09:47:18.239065,14.503938674926758
2026-04-28 09:47:18.434530,2026-04-28 09:47:18.434530,13.73459815979004
2026-04-28 09:47:18.637121,2026-04-28 09:47:18.637121,13.080657958984377
2026-04-28 09:47:18.837504,2026-04-28 09:47:18.837504,12.524808883666992
2026-04-28 09:47:19.032977,2026-04-28 09:47:19.032977,12.052337646484377
2026-04-28 09:47:19.234476,2026-04-28 09:47:19.234476,11.650736808776855
2026-04-28 09:47:19.433191,2026-04-28 09:47:19.433191,11.30937671661377
2026-04-28 09:47:19.633442,2026-04-28 09:47:19.633442,11.019220352172852
2026-04-28 09:47:19.832525,2026-04-28 09:47:19.832525,10.772586822509766
2026-04-28 09:47:20.032553,2026-04-28 09:47:20.032553,10.562949180603027
2026-04-28 09:47:20.232291,2026-04-28 09:47:20.232291,10.384757041931152
2026-04-28 09:47:20.432572,2026-04-28 09:47:20.432572,10.233293533325195
2026-04-28 09:47:20.636046,2026-04-28 09:47:20.636046,10.104549407958984
2026-04-28 09:47:20.832880,2026-04-28 09:47:20.832880,9.9951171875
2026-04-28 09:47:21.032144,2026-04-28 09:47:21.032144,9.902099609375
2026-04-28 09:47:21.233478,2026-04-28 09:47:21.233478,9.998815536499023
2026-04-28 09:47:21.432019,2026-04-28 09:47:21.432019,10.081024169921877
2026-04-28 09:47:21.637569,2026-04-28 09:47:21.637569,10.150901794433594
2026-04-28 09:47:21.833487,2026-04-28 09:47:21.833487,10.210297584533691
2026-04-28 09:47:22.033449,2026-04-28 09:47:22.033449,10.436565399169922
2026-04-28 09:47:22.232163,2026-04-28 09:47:22.232163,10.628893852233888
2026-04-28 09:47:22.432971,2026-04-28 09:47:22.432971,10.96815299987793
2026-04-28 09:47:22.634377,2026-04-28 09:47:22.634377,11.256524085998535
2026-04-28 09:47:22.833122,2026-04-28 09:47:22.833122,11.325858116149902
2026-04-28 09:47:23.034439,2026-04-28 09:47:23.034439,11.560572624206545
2026-04-28 09:47:23.232115,2026-04-28 09:47:23.232115,11.584299087524414
2026-04-28 09:47:23.432544,2026-04-28 09:47:23.432544,11.604467391967772
2026-04-28 09:47:23.635342,2026-04-28 09:47:23.635342,11.621609687805176
2026-04-28 09:47:23.833385,2026-04-28 09:47:23.833385,11.636180877685549
2026-04-28 09:47:24.033547,2026-04-28 09:47:24.033547,11.648566246032717
2026-04-28 09:47:24.232464,2026-04-28 09:47:24.232464,11.659093856811523
2026-04-28 09:47:24.434846,2026-04-28 09:47:24.434846,11.668042182922363
2026-04-28 09:47:24.632603,2026-04-28 09:47:24.632603,11.67564868927002
2026-04-28 09:47:24.832002,2026-04-28 09:47:24.832002,11.857894897460938
2026-04-28 09:47:25.034717,2026-04-28 09:47:25.034717,12.01280403137207
2026-04-28 09:47:25.238353,2026-04-28 09:47:25.238353,11.96869659423828
2026-04-28 09:47:25.432600,2026-04-28 09:47:25.432600,11.931203842163086
2026-04-28 09:47:25.633302,2026-04-28 09:47:25.633302,11.899335861206056
2026-04-28 09:47:25.833397,2026-04-28 09:47:25.833397,11.872248649597168
2026-04-28 09:47:26.033840,2026-04-28 09:47:26.033840,11.673441886901855
2026-04-28 09:47:26.232249,2026-04-28 09:47:26.232249,11.504457473754885
2026-04-28 09:47:26.435070,2026-04-28 09:47:26.435070,11.360819816589355
2026-04-28 09:47:26.635448,2026-04-28 09:47:26.635448,11.238728523254396
2026-04-28 09:47:26.833619,2026-04-28 09:47:26.833619,11.134949684143066
2026-04-28 09:47:27.034156,2026-04-28 09:47:27.034156,11.046738624572754
2026-04-28 09:47:27.233341,2026-04-28 09:47:27.233341,13.256915092468262
2026-04-28 09:47:27.434586,2026-04-28 09:47:27.434586,12.674628257751465
2026-04-28 09:47:27.634797,2026-04-28 09:47:27.634797,14.464839935302734
2026-04-28 09:47:27.834895,2026-04-28 09:47:27.834895,15.810739517211914
2026-04-28 09:47:28.036452,2026-04-28 09:47:28.036452,16.778972625732422
2026-04-28 09:47:28.235577,2026-04-28 09:47:28.235577,17.601970672607422
2026-04-28 09:47:28.435575,2026-04-28 09:47:28.435575,18.301517486572266
2026-04-28 09:47:28.634201,2026-04-28 09:47:28.634201,18.89613342285156
2026-04-28 09:47:28.834004,2026-04-28 09:47:28.834004,19.40155792236328
2026-04-28 09:47:29.032781,2026-04-28 09:47:29.032781,19.831167221069336
2026-04-28 09:47:29.232627,2026-04-28 09:47:29.232627,20.19633674621582
2026-04-28 09:47:29.432385,2026-04-28 09:47:29.432385,20.50672912597656
2026-04-28 09:47:29.642884,2026-04-28 09:47:29.642884,20.77056312561035
2026-04-28 09:47:29.837552,2026-04-28 09:47:29.837552,21.170604705810547
2026-04-28 09:47:30.033805,2026-04-28 09:47:30.033805,21.510639190673828
2026-04-28 09:47:30.233088,2026-04-28 09:47:30.233088,21.79966735839844
2026-04-28 09:47:30.433770,2026-04-28 09:47:30.433770,21.86956214904785
2026-04-28 09:47:30.633835,2026-04-28 09:47:30.633835,21.928970336914062
2026-04-28 09:47:30.839548,2026-04-28 09:47:30.839548,21.979469299316406
2026-04-28 09:47:31.037981,2026-04-28 09:47:31.037981,22.19817352294922
2026-04-28 09:47:31.234624,2026-04-28 09:47:31.234624,22.20829200744629
2026-04-28 09:47:31.435383,2026-04-28 09:47:31.435383,22.39267349243164
2026-04-28 09:47:31.637225,2026-04-28 09:47:31.637225,22.373615264892575
2026-04-28 09:47:31.835118,2026-04-28 09:47:31.835118,22.5331974029541
2026-04-28 09:47:32.034359,2026-04-28 09:47:32.034359,22.66884422302246
2026-04-28 09:47:32.233706,2026-04-28 09:47:32.233706,22.608360290527344
2026-04-28 09:47:32.432177,2026-04-28 09:47:32.432177,22.55694961547852
2026-04-28 09:47:32.636868,2026-04-28 09:47:32.636868,22.51325225830078
2026-04-28 09:47:32.836307,2026-04-28 09:47:32.836307,22.65188789367676
2026-04-28 09:47:33.036113,2026-04-28 09:47:33.036113,22.76972961425781
2026-04-28 09:47:33.233570,2026-04-28 09:47:33.233570,22.869895935058597
2026-04-28 09:47:33.432840,2026-04-28 09:47:33.432840,22.95503616333008
2026-04-28 09:47:33.634430,2026-04-28 09:47:33.634430,22.851625442504883
2026-04-28 09:47:33.832867,2026-04-28 09:47:33.832867,22.76372528076172
2026-04-28 09:47:34.034365,2026-04-28 09:47:34.034365,22.689010620117188
2026-04-28 09:47:34.232394,2026-04-28 09:47:34.232394,22.62550163269043
2026-04-28 09:47:34.433718,2026-04-28 09:47:34.433718,22.57151985168457
2026-04-28 09:47:34.637211,2026-04-28 09:47:34.637211,22.525636672973636
2026-04-28 09:47:34.836814,2026-04-28 09:47:34.836814,22.486635208129883
2026-04-28 09:47:35.035026,2026-04-28 09:47:35.035026,22.45348358154297
2026-04-28 09:47:35.237880,2026-04-28 09:47:35.237880,22.4253044128418
2026-04-28 09:47:35.432701,2026-04-28 09:47:35.432701,22.401351928710938
2026-04-28 09:47:35.633872,2026-04-28 09:47:35.633872,22.380992889404297
2026-04-28 09:47:35.833292,2026-04-28 09:47:35.833292,22.36368751525879
2026-04-28 09:47:36.032712,2026-04-28 09:47:36.032712,22.34897804260254
2026-04-28 09:47:36.234484,2026-04-28 09:47:36.234484,22.336475372314453
2026-04-28 09:47:36.432924,2026-04-28 09:47:36.432924,22.325847625732425
2026-04-28 09:47:36.635071,2026-04-28 09:47:36.635071,22.316814422607425
2026-04-28 09:47:36.833091,2026-04-28 09:47:36.833091,22.30913543701172
2026-04-28 09:47:37.036156,2026-04-28 09:47:37.036156,22.302610397338867
2026-04-28 09:47:37.235093,2026-04-28 09:47:37.235093,22.472843170166016
2026-04-28 09:47:37.432762,2026-04-28 09:47:37.432762,22.617542266845703
2026-04-28 09:47:37.632224,2026-04-28 09:47:37.632224,22.740535736083984
2026-04-28 09:47:37.833814,2026-04-28 09:47:37.833814,22.84507942199707
2026-04-28 09:47:38.032269,2026-04-28 09:47:38.032269,22.933942794799805
2026-04-28 09:47:38.235623,2026-04-28 09:47:38.235623,23.00947570800781
2026-04-28 09:47:38.437877,2026-04-28 09:47:38.437877,23.073680877685547
2026-04-28 09:47:38.635035,2026-04-28 09:47:38.635035,23.128253936767575
2026-04-28 09:47:38.835145,2026-04-28 09:47:38.835145,23.174640655517575
2026-04-28 09:47:39.035209,2026-04-28 09:47:39.035209,23.21406936645508
2026-04-28 09:47:39.237541,2026-04-28 09:47:39.237541,23.423364639282227
2026-04-28 09:47:52.333782,2026-04-28 09:47:52.333782,23.601266860961918
2026-04-28 09:47:52.532132,2026-04-28 09:47:52.532132,23.92826461791992
2026-04-28 09:47:52.736949,2026-04-28 09:47:52.736949,24.03042984008789
2026-04-28 09:47:52.933631,2026-04-28 09:47:52.933631,24.117271423339844
2026-04-28 09:47:53.134935,2026-04-28 09:47:53.134935,24.36686897277832
2026-04-28 09:47:53.333966,2026-04-28 09:47:53.333966,24.579025268554688
2026-04-28 09:47:53.532731,2026-04-28 09:47:53.532731,24.75935935974121
2026-04-28 09:47:53.736576,2026-04-28 09:47:53.736576,24.912643432617188
2026-04-28 09:47:53.935648,2026-04-28 09:47:53.935648,25.04293441772461
2026-04-28 09:47:54.138803,2026-04-28 09:47:54.138803,25.1536808013916
2026-04-28 09:47:54.332280,2026-04-28 09:47:54.332280,25.24781608581543
2026-04-28 09:47:54.532618,2026-04-28 09:47:54.532618,25.327831268310547
2026-04-28 09:47:54.734566,2026-04-28 09:47:54.734566,25.395845413208008
2026-04-28 09:47:54.936216,2026-04-28 09:47:54.936216,25.45365524291992
2026-04-28 09:47:55.135083,2026-04-28 09:47:55.135083,25.50279426574707
2026-04-28 09:47:55.332329,2026-04-28 09:47:55.332329,25.54456329345703
2026-04-28 09:47:55.532597,2026-04-28 09:47:55.532597,25.755847930908203
2026-04-28 09:47:55.732898,2026-04-28 09:47:55.732898,25.93543815612793
2026-04-28 09:47:55.932270,2026-04-28 09:47:55.932270,26.088090896606445
2026-04-28 09:47:56.133963,2026-04-28 09:47:56.133963,26.217845916748047
2026-04-28 09:47:56.335448,2026-04-28 09:47:56.335448,26.32813835144043
2026-04-28 09:47:56.532072,2026-04-28 09:47:56.532072,26.4218864440918
2026-04-28 09:47:56.736005,2026-04-28 09:47:56.736005,26.50157165527344
2026-04-28 09:47:56.935581,2026-04-28 09:47:56.935581,26.569305419921875
2026-04-28 09:47:57.137120,2026-04-28 09:47:57.137120,26.80265998840332
2026-04-28 09:47:57.332893,2026-04-28 09:47:57.332893,27.17679214477539
2026-04-28 09:47:57.532233,2026-04-28 09:47:57.532233,27.49480438232422
2026-04-28 09:47:57.734541,2026-04-28 09:47:57.734541,27.76511573791504
2026-04-28 09:47:57.934535,2026-04-28 09:47:57.934535,27.9948787689209
2026-04-28 09:47:58.134604,2026-04-28 09:47:58.134604,28.19017791748047
2026-04-28 09:47:58.332622,2026-04-28 09:47:58.332622,28.356182098388672
2026-04-28 09:47:58.535592,2026-04-28 09:47:58.535592,28.497285842895508
2026-04-28 09:47:58.735256,2026-04-28 09:47:58.735256,28.617225646972656
2026-04-28 09:47:58.932167,2026-04-28 09:47:58.932167,28.71917152404785
2026-04-28 09:47:59.134899,2026-04-28 09:47:59.134899,25.641765594482425
2026-04-28 09:47:59.333707,2026-04-28 09:47:59.333707,23.025968551635746
2026-04-28 09:47:59.532124,2026-04-28 09:47:59.532124,23.96660423278809
2026-04-28 09:47:59.734559,2026-04-28 09:47:59.734559,24.76614570617676
2026-04-28 09:47:59.934837,2026-04-28 09:47:59.934837,25.44575500488281
2026-04-28 09:48:00.136164,2026-04-28 09:48:00.136164,26.023422241210938
2026-04-28 09:48:00.334931,2026-04-28 09:48:00.334931,26.514440536499023
2026-04-28 09:48:00.532631,2026-04-28 09:48:00.532631,26.93180656433105
2026-04-28 09:48:00.732393,2026-04-28 09:48:00.732393,27.28656578063965
2026-04-28 09:48:00.934238,2026-04-28 09:48:00.934238,26.181861877441406
2026-04-28 09:48:01.133455,2026-04-28 09:48:01.133455,25.24286460876465
2026-04-28 09:48:01.332308,2026-04-28 09:48:01.332308,24.44471549987793
2026-04-28 09:48:01.532285,2026-04-28 09:48:01.532285,23.76629066467285
2026-04-28 09:48:01.731968,2026-04-28 09:48:01.731968,23.18962860107422
2026-04-28 09:48:01.933662,2026-04-28 09:48:01.933662,22.699464797973636
2026-04-28 09:48:02.134499,2026-04-28 09:48:02.134499,22.282825469970703
2026-04-28 09:48:02.333322,2026-04-28 09:48:02.333322,21.92868423461914
2026-04-28 09:48:02.544735,2026-04-28 09:48:02.544735,21.627662658691406
2026-04-28 09:48:02.735110,2026-04-28 09:48:02.735110,21.37179374694824
2026-04-28 09:48:02.933435,2026-04-28 09:48:02.933435,20.978525161743164
2026-04-28 09:48:03.134104,2026-04-28 09:48:03.134104,20.64424705505371
2026-04-28 09:48:03.334525,2026-04-28 09:48:03.334525,20.360109329223636
2026-04-28 09:48:03.532902,2026-04-28 09:48:03.532902,20.118593215942383
2026-04-28 09:48:03.733771,2026-04-28 09:48:03.733771,19.91330337524414
2026-04-28 09:48:03.932279,2026-04-28 09:48:03.932279,19.738807678222656
2026-04-28 09:48:04.132759,2026-04-28 09:48:04.132759,19.590486526489254
2026-04-28 09:48:04.334480,2026-04-28 09:48:04.334480,19.464414596557617
2026-04-28 09:48:04.536215,2026-04-28 09:48:04.536215,19.35725212097168
2026-04-28 09:48:04.732578,2026-04-28 09:48:04.732578,19.26616477966309
2026-04-28 09:48:04.933720,2026-04-28 09:48:04.933720,19.188739776611328
2026-04-28 09:48:05.137426,2026-04-28 09:48:05.137426,19.12292861938477
2026-04-28 09:48:05.333760,2026-04-28 09:48:05.333760,19.06698989868164
2026-04-28 09:48:05.533712,2026-04-28 09:48:05.533712,19.019441604614254
2026-04-28 09:48:05.735345,2026-04-28 09:48:05.735345,18.97902488708496
2026-04-28 09:48:05.932712,2026-04-28 09:48:05.932712,18.94467163085937
2026-04-28 09:48:06.134328,2026-04-28 09:48:06.134328,18.915470123291016
2026-04-28 09:48:06.332082,2026-04-28 09:48:06.332082,19.066431045532227
2026-04-28 09:48:06.532452,2026-04-28 09:48:06.532452,19.194747924804688
2026-04-28 09:48:06.736894,2026-04-28 09:48:06.736894,19.303815841674805
2026-04-28 09:48:06.938346,2026-04-28 09:48:06.938346,19.39652633666992
2026-04-28 09:48:07.134814,2026-04-28 09:48:07.134814,19.47532844543457
2026-04-28 09:48:07.332884,2026-04-28 09:48:07.332884,19.54231071472168
2026-04-28 09:48:07.533013,2026-04-28 09:48:07.533013,19.599245071411133
2026-04-28 09:48:07.735132,2026-04-28 09:48:07.735132,19.823421478271484
2026-04-28 09:48:07.932613,2026-04-28 09:48:07.932613,20.01396942138672
2026-04-28 09:48:08.134413,2026-04-28 09:48:08.134413,20.17593765258789
2026-04-28 09:48:08.332516,2026-04-28 09:48:08.332516,20.313608169555664
2026-04-28 09:48:08.533869,2026-04-28 09:48:08.533869,20.43062973022461
2026-04-28 09:48:08.743307,2026-04-28 09:48:08.743307,20.53009796142578
2026-04-28 09:48:08.935204,2026-04-28 09:48:08.935204,20.61464500427246
2026-04-28 09:48:09.133169,2026-04-28 09:48:09.133169,20.686511993408203
2026-04-28 09:48:09.339883,2026-04-28 09:48:09.339883,20.747596740722656
2026-04-28 09:48:09.535590,2026-04-28 09:48:09.535590,20.79952049255371
2026-04-28 09:48:09.732912,2026-04-28 09:48:09.732912,20.84365463256836
2026-04-28 09:48:09.933624,2026-04-28 09:48:09.933624,20.88116836547852
2026-04-28 09:48:10.138513,2026-04-28 09:48:10.138513,20.913055419921875
2026-04-28 09:48:10.337358,2026-04-28 09:48:10.337358,20.764379501342773
2026-04-28 09:48:10.534458,2026-04-28 09:48:10.534458,20.286439895629883
2026-04-28 09:48:10.734424,2026-04-28 09:48:10.734424,19.88019371032715
2026-04-28 09:48:10.935939,2026-04-28 09:48:10.935939,19.359102249145508
2026-04-28 09:48:11.134021,2026-04-28 09:48:11.134021,18.916173934936523
2026-04-28 09:48:11.335803,2026-04-28 09:48:11.335803,18.36390495300293
2026-04-28 09:48:11.535315,2026-04-28 09:48:11.535315,17.894474029541016
2026-04-28 09:48:11.732519,2026-04-28 09:48:11.732519,17.495460510253906
2026-04-28 09:48:11.933838,2026-04-28 09:48:11.933838,16.98051643371582
2026-04-28 09:48:12.135674,2026-04-28 09:48:12.135674,16.542814254760742
2026-04-28 09:48:12.333148,2026-04-28 09:48:12.333148,16.170766830444336
2026-04-28 09:48:12.534204,2026-04-28 09:48:12.534204,15.85452651977539
2026-04-28 09:48:12.733150,2026-04-28 09:48:12.733150,15.585722923278809
2026-04-28 09:48:12.936484,2026-04-28 09:48:12.936484,15.35723876953125
2026-04-28 09:48:13.132253,2026-04-28 09:48:13.132253,15.163028717041016
2026-04-28 09:48:13.332994,2026-04-28 09:48:13.332994,14.99794864654541
2026-04-28 09:48:13.535854,2026-04-28 09:48:13.535854,14.85763168334961
2026-04-28 09:48:13.733877,2026-04-28 09:48:13.733877,14.738362312316896
2026-04-28 09:48:13.932048,2026-04-28 09:48:13.932048,14.636982917785645
2026-04-28 09:48:14.136104,2026-04-28 09:48:14.136104,14.375028610229492
2026-04-28 09:48:14.341394,2026-04-28 09:48:14.341394,14.152368545532228
2026-04-28 09:48:14.532824,2026-04-28 09:48:14.532824,13.963107109069824
2026-04-28 09:48:14.734107,2026-04-28 09:48:14.734107,13.978015899658203
2026-04-28 09:48:14.939556,2026-04-28 09:48:14.939556,13.99068832397461
2026-04-28 09:48:15.137432,2026-04-28 09:48:15.137432,14.001460075378418
2026-04-28 09:48:15.336418,2026-04-28 09:48:15.336418,14.010616302490234
2026-04-28 09:48:15.535947,2026-04-28 09:48:15.535947,14.01839828491211
2026-04-28 09:48:15.736092,2026-04-28 09:48:15.736092,13.84923267364502
2026-04-28 09:48:15.931995,2026-04-28 09:48:15.931995,13.70544147491455
2026-04-28 09:48:16.133677,2026-04-28 09:48:16.133677,15.516813278198242
2026-04-28 09:48:16.332730,2026-04-28 09:48:16.332730,17.23225975036621
2026-04-28 09:48:16.533853,2026-04-28 09:48:16.533853,18.69038963317871
2026-04-28 09:48:16.732084,2026-04-28 09:48:16.732084,19.929800033569336
2026-04-28 09:48:16.935640,2026-04-28 09:48:16.935640,20.983299255371094
2026-04-28 09:48:17.132368,2026-04-28 09:48:17.132368,21.878772735595703
2026-04-28 09:48:17.334000,2026-04-28 09:48:17.334000,22.63992500305176
2026-04-28 09:48:17.538542,2026-04-28 09:48:17.538542,23.28690528869629
2026-04-28 09:48:30.632732,2026-04-28 09:48:30.632732,23.836837768554688
2026-04-28 09:48:30.834178,2026-04-28 09:48:30.834178,24.30428123474121
2026-04-28 09:48:31.035039,2026-04-28 09:48:31.035039,24.877389907836918
2026-04-28 09:48:31.233169,2026-04-28 09:48:31.233169,25.18874931335449
2026-04-28 09:48:31.433378,2026-04-28 09:48:31.433378,25.453405380249023
2026-04-28 09:48:31.632300,2026-04-28 09:48:31.632300,25.678363800048828
2026-04-28 09:48:31.831878,2026-04-28 09:48:31.831878,25.869577407836918
2026-04-28 09:48:32.032925,2026-04-28 09:48:32.032925,26.0321102142334
2026-04-28 09:48:32.244209,2026-04-28 09:48:32.244209,26.17026138305664
2026-04-28 09:48:32.435981,2026-04-28 09:48:32.435981,26.287691116333008
2026-04-28 09:48:32.638889,2026-04-28 09:48:32.638889,26.38750648498535
2026-04-28 09:48:32.837034,2026-04-28 09:48:32.837034,26.47234916687012
2026-04-28 09:48:33.033190,2026-04-28 09:48:33.033190,26.54446601867676
2026-04-28 09:48:33.233774,2026-04-28 09:48:33.233774,26.60576438903809
2026-04-28 09:48:33.432448,2026-04-28 09:48:33.432448,26.657869338989254
2026-04-28 09:48:33.636616,2026-04-28 09:48:33.636616,26.702157974243164
2026-04-28 09:48:33.833968,2026-04-28 09:48:33.833968,26.73980140686035
2026-04-28 09:48:34.034704,2026-04-28 09:48:34.034704,26.771800994873047
2026-04-28 09:48:34.241980,2026-04-28 09:48:34.241980,26.798999786376957
2026-04-28 09:48:34.432953,2026-04-28 09:48:34.432953,26.822118759155277
2026-04-28 09:48:34.632098,2026-04-28 09:48:34.632098,26.66598892211914
2026-04-28 09:48:34.832379,2026-04-28 09:48:34.832379,26.53327751159668
2026-04-28 09:48:35.035154,2026-04-28 09:48:35.035154,26.420473098754883
2026-04-28 09:48:35.232516,2026-04-28 09:48:35.232516,26.32458877563477
2026-04-28 09:48:35.432010,2026-04-28 09:48:35.432010,26.24308967590332
2026-04-28 09:48:35.635755,2026-04-28 09:48:35.635755,26.173812866210938
2026-04-28 09:48:35.832466,2026-04-28 09:48:35.832466,26.11492919921875
2026-04-28 09:48:36.033248,2026-04-28 09:48:36.033248,25.889095306396484
2026-04-28 09:48:36.232592,2026-04-28 09:48:36.232592,25.6971378326416
2026-04-28 09:48:36.432003,2026-04-28 09:48:36.432003,25.533973693847656
2026-04-28 09:48:36.633363,2026-04-28 09:48:36.633363,25.395282745361328
2026-04-28 09:48:36.836176,2026-04-28 09:48:36.836176,25.27739715576172
2026-04-28 09:48:37.033055,2026-04-28 09:48:37.033055,25.177194595336918
2026-04-28 09:48:37.232921,2026-04-28 09:48:37.232921,25.09202003479004
2026-04-28 09:48:37.432709,2026-04-28 09:48:37.432709,25.019624710083008
2026-04-28 09:48:37.634462,2026-04-28 09:48:37.634462,24.958086013793945
2026-04-28 09:48:37.838646,2026-04-28 09:48:37.838646,24.905780792236328
2026-04-28 09:48:38.034616,2026-04-28 09:48:38.034616,24.86131858825684
2026-04-28 09:48:38.232650,2026-04-28 09:48:38.232650,24.82352828979492
2026-04-28 09:48:38.444749,2026-04-28 09:48:38.444749,24.791404724121094
2026-04-28 09:48:38.644163,2026-04-28 09:48:38.644163,24.764101028442383
2026-04-28 09:48:38.832003,2026-04-28 09:48:38.832003,24.740890502929688
2026-04-28 09:48:39.032200,2026-04-28 09:48:39.032200,24.72116470336914
2026-04-28 09:48:39.233692,2026-04-28 09:48:39.233692,24.880176544189453
2026-04-28 09:48:39.432468,2026-04-28 09:48:39.432468,25.015336990356445
2026-04-28 09:48:39.631994,2026-04-28 09:48:39.631994,25.130224227905277
2026-04-28 09:48:39.833390,2026-04-28 09:48:39.833390,25.22787857055664
2026-04-28 09:48:40.032146,2026-04-28 09:48:40.032146,25.310884475708008
2026-04-28 09:48:40.232578,2026-04-28 09:48:40.232578,25.38143920898437
2026-04-28 09:48:40.434158,2026-04-28 09:48:40.434158,25.441410064697266
2026-04-28 09:48:40.633168,2026-04-28 09:48:40.633168,25.49238586425781
2026-04-28 09:48:40.835032,2026-04-28 09:48:40.835032,25.535717010498047
2026-04-28 09:48:41.033563,2026-04-28 09:48:41.033563,25.572546005249023
2026-04-28 09:48:41.233710,2026-04-28 09:48:41.233710,25.60385131835937
2026-04-28 09:48:41.434303,2026-04-28 09:48:41.434303,25.630460739135746
2026-04-28 09:48:41.632421,2026-04-28 09:48:41.632421,25.653079986572266
2026-04-28 09:48:41.833492,2026-04-28 09:48:41.833492,25.672306060791016
2026-04-28 09:48:42.033216,2026-04-28 09:48:42.033216,25.68864631652832
2026-04-28 09:48:42.234792,2026-04-28 09:48:42.234792,25.702537536621094
2026-04-28 09:48:42.432531,2026-04-28 09:48:42.432531,25.714344024658203
2026-04-28 09:48:42.638805,2026-04-28 09:48:42.638805,25.724380493164062
2026-04-28 09:48:42.832415,2026-04-28 09:48:42.832415,25.90869140625
2026-04-28 09:48:43.032718,2026-04-28 09:48:43.032718,26.065357208251957
2026-04-28 09:48:43.235506,2026-04-28 09:48:43.235506,24.792272567749023
2026-04-28 09:48:43.436720,2026-04-28 09:48:43.436720,23.71014976501465
2026-04-28 09:48:43.633624,2026-04-28 09:48:43.633624,22.790346145629883
2026-04-28 09:48:43.832985,2026-04-28 09:48:43.832985,22.00851249694824
2026-04-28 09:48:44.032802,2026-04-28 09:48:44.032802,21.34395408630371
2026-04-28 09:48:44.232657,2026-04-28 09:48:44.232657,20.60329818725586
2026-04-28 09:48:44.432166,2026-04-28 09:48:44.432166,19.97374153137207
2026-04-28 09:48:44.634054,2026-04-28 09:48:44.634054,19.262836456298828
2026-04-28 09:48:44.832095,2026-04-28 09:48:44.832095,18.834348678588867
2026-04-28 09:48:45.042767,2026-04-28 09:48:45.042767,18.294353485107425
2026-04-28 09:48:45.233629,2026-04-28 09:48:45.233629,17.835355758666992
2026-04-28 09:48:45.434353,2026-04-28 09:48:45.434353,17.445209503173828
2026-04-28 09:48:45.635138,2026-04-28 09:48:45.635138,17.113584518432617
2026-04-28 09:48:45.833721,2026-04-28 09:48:45.833721,16.655921936035156
2026-04-28 09:48:46.038360,2026-04-28 09:48:46.038360,16.266908645629883
2026-04-28 09:48:46.238470,2026-04-28 09:48:46.238470,15.936246871948242
2026-04-28 09:48:46.432341,2026-04-28 09:48:46.432341,15.655184745788574
2026-04-28 09:48:46.632982,2026-04-28 09:48:46.632982,15.416281700134276
2026-04-28 09:48:46.836008,2026-04-28 09:48:46.836008,15.037433624267578
2026-04-28 09:48:47.037580,2026-04-28 09:48:47.037580,14.539630889892578
2026-04-28 09:48:47.235505,2026-04-28 09:48:47.235505,14.292280197143556
2026-04-28 09:48:47.434835,2026-04-28 09:48:47.434835,13.906250953674316
2026-04-28 09:48:47.633046,2026-04-28 09:48:47.633046,13.578125953674316
2026-04-28 09:48:47.834332,2026-04-28 09:48:47.834332,13.299219131469728
2026-04-28 09:48:48.032106,2026-04-28 09:48:48.032106,12.886367797851562
2026-04-28 09:48:48.233165,2026-04-28 09:48:48.233165,12.711224555969238
2026-04-28 09:48:48.433616,2026-04-28 09:48:48.433616,12.56235408782959
2026-04-28 09:48:48.632607,2026-04-28 09:48:48.632607,15.072531700134276
2026-04-28 09:48:48.834545,2026-04-28 09:48:48.834545,14.569464683532717
2026-04-28 09:48:49.037071,2026-04-28 09:48:49.037071,16.778575897216797
2026-04-28 09:48:49.236393,2026-04-28 09:48:49.236393,16.019601821899414
2026-04-28 09:48:49.433780,2026-04-28 09:48:49.433780,15.37447452545166
2026-04-28 09:48:49.635031,2026-04-28 09:48:49.635031,14.826115608215332
2026-04-28 09:48:49.834799,2026-04-28 09:48:49.834799,14.360011100769045
2026-04-28 09:48:50.033546,2026-04-28 09:48:50.033546,13.963821411132812
2026-04-28 09:48:50.242730,2026-04-28 09:48:50.242730,13.451279640197754
2026-04-28 09:48:50.443255,2026-04-28 09:48:50.443255,13.015619277954102
2026-04-28 09:48:50.638329,2026-04-28 09:48:50.638329,12.469526290893556
2026-04-28 09:48:50.834278,2026-04-28 09:48:50.834278,12.18112850189209
2026-04-28 09:48:51.037790,2026-04-28 09:48:51.037790,11.935990333557127
2026-04-28 09:48:51.233655,2026-04-28 09:48:51.233655,11.727622985839844
2026-04-28 09:48:51.434764,2026-04-28 09:48:51.434764,11.550511360168455
2026-04-28 09:48:51.632493,2026-04-28 09:48:51.632493,11.399965286254885
2026-04-28 09:48:51.833638,2026-04-28 09:48:51.833638,11.272002220153809
2026-04-28 09:48:52.034963,2026-04-28 09:48:52.034963,11.163232803344728
2026-04-28 09:48:52.233840,2026-04-28 09:48:52.233840,11.246560096740724
2026-04-28 09:48:52.436036,2026-04-28 09:48:52.436036,11.317388534545898
2026-04-28 09:48:52.633010,2026-04-28 09:48:52.633010,11.377593040466309
2026-04-28 09:48:52.842777,2026-04-28 09:48:52.842777,11.428766250610352
2026-04-28 09:48:53.032143,2026-04-28 09:48:53.032143,11.472264289855955
2026-04-28 09:48:53.233113,2026-04-28 09:48:53.233113,11.509237289428713
2026-04-28 09:48:53.434543,2026-04-28 09:48:53.434543,11.540663719177246
2026-04-28 09:48:53.640397,2026-04-28 09:48:53.640397,11.567377090454102
2026-04-28 09:48:53.843802,2026-04-28 09:48:53.843802,14.226801872253418
2026-04-28 09:48:54.036767,2026-04-28 09:48:54.036767,16.48731231689453
2026-04-28 09:48:54.235529,2026-04-28 09:48:54.235529,18.40874671936035
2026-04-28 09:48:54.432070,2026-04-28 09:48:54.432070,20.04196548461914
2026-04-28 09:48:54.632388,2026-04-28 09:48:54.632388,18.96926498413086
2026-04-28 09:48:54.835605,2026-04-28 09:48:54.835605,18.05746841430664
2026-04-28 09:48:55.032986,2026-04-28 09:48:55.032986,17.282442092895508
2026-04-28 09:48:55.234383,2026-04-28 09:48:55.234383,16.62367057800293
2026-04-28 09:48:55.442952,2026-04-28 09:48:55.442952,15.887931823730469
2026-04-28 09:48:55.637331,2026-04-28 09:48:55.637331,15.438335418701172
2026-04-28 09:48:55.837556,2026-04-28 09:48:55.837556,15.05617904663086
2026-04-28 09:49:08.946273,2026-04-28 09:49:08.946273,14.731346130371094
2026-04-28 09:49:09.134613,2026-04-28 09:49:09.134613,14.455238342285156
2026-04-28 09:49:09.333046,2026-04-28 09:49:09.333046,14.044764518737791
2026-04-28 09:49:09.535796,2026-04-28 09:49:09.535796,13.520081520080566
2026-04-28 09:49:09.736052,2026-04-28 09:49:09.736052,13.249881744384766
2026-04-28 09:49:09.943773,2026-04-28 09:49:09.943773,12.844430923461914
2026-04-28 09:49:10.143676,2026-04-28 09:49:10.143676,12.675578117370604
2026-04-28 09:49:10.345201,2026-04-28 09:49:10.345201,12.35627269744873
2026-04-28 09:49:10.535140,2026-04-28 09:49:10.535140,12.260644912719728
2026-04-28 09:49:10.742916,2026-04-28 09:49:10.742916,12.179360389709473
2026-04-28 09:49:10.937491,2026-04-28 09:49:10.937491,12.286049842834473
2026-04-28 09:49:11.142766,2026-04-28 09:49:11.142766,12.552517890930176
2026-04-28 09:49:11.344501,2026-04-28 09:49:11.344501,12.954795837402344
2026-04-28 09:49:11.544303,2026-04-28 09:49:11.544303,13.120951652526855
2026-04-28 09:49:11.736310,2026-04-28 09:49:11.736310,13.437965393066406
2026-04-28 09:49:11.942516,2026-04-28 09:49:11.942516,13.531645774841309
2026-04-28 09:49:12.143382,2026-04-28 09:49:12.143382,13.611273765563965
2026-04-28 09:49:12.348053,2026-04-28 09:49:12.348053,13.85473918914795
2026-04-28 09:49:12.543024,2026-04-28 09:49:12.543024,13.885903358459473
2026-04-28 09:49:12.736599,2026-04-28 09:49:12.736599,13.912392616271973
2026-04-28 09:49:12.942032,2026-04-28 09:49:12.942032,13.934908866882324
2026-04-28 09:49:13.142885,2026-04-28 09:49:13.142885,13.954047203063965
2026-04-28 09:49:13.334234,2026-04-28 09:49:13.334234,13.970314979553224
2026-04-28 09:49:13.533448,2026-04-28 09:49:13.533448,13.984143257141112
2026-04-28 09:49:13.732801,2026-04-28 09:49:13.732801,13.995896339416504
2026-04-28 09:49:13.942724,2026-04-28 09:49:13.942724,14.005887031555176
2026-04-28 09:49:14.142440,2026-04-28 09:49:14.142440,14.014378547668455
2026-04-28 09:49:14.346582,2026-04-28 09:49:14.346582,14.021596908569336
2026-04-28 09:49:14.544538,2026-04-28 09:49:14.544538,14.027732849121094
2026-04-28 09:49:14.742500,2026-04-28 09:49:14.742500,14.032947540283203
2026-04-28 09:49:14.932925,2026-04-28 09:49:14.932925,14.03738021850586
2026-04-28 09:49:15.143633,2026-04-28 09:49:15.143633,14.04114818572998
2026-04-28 09:49:15.333008,2026-04-28 09:49:15.333008,14.044351577758787
2026-04-28 09:49:15.542409,2026-04-28 09:49:15.542409,14.047073364257812
2026-04-28 09:49:15.742084,2026-04-28 09:49:15.742084,14.04938793182373
2026-04-28 09:49:15.934608,2026-04-28 09:49:15.934608,14.22713565826416
2026-04-28 09:49:16.147480,2026-04-28 09:49:16.147480,14.37822151184082
2026-04-28 09:49:16.342191,2026-04-28 09:49:16.342191,14.506644248962402
2026-04-28 09:49:16.544272,2026-04-28 09:49:16.544272,14.440022468566896
2026-04-28 09:49:16.745130,2026-04-28 09:49:16.745130,14.559175491333008
2026-04-28 09:49:16.936102,2026-04-28 09:49:16.936102,14.660455703735352
2026-04-28 09:49:17.143925,2026-04-28 09:49:17.143925,14.746543884277344
2026-04-28 09:49:17.333522,2026-04-28 09:49:17.333522,14.81971836090088
2026-04-28 09:49:17.542186,2026-04-28 09:49:17.542186,14.881916999816896
2026-04-28 09:49:17.733368,2026-04-28 09:49:17.733368,14.934785842895508
2026-04-28 09:49:17.944996,2026-04-28 09:49:17.944996,14.979723930358888
2026-04-28 09:49:18.145814,2026-04-28 09:49:18.145814,15.017921447753906
2026-04-28 09:49:18.333759,2026-04-28 09:49:18.333759,15.050389289855955
2026-04-28 09:49:18.545187,2026-04-28 09:49:18.545187,14.902206420898438
2026-04-28 09:49:18.745137,2026-04-28 09:49:18.745137,14.776249885559082
2026-04-28 09:49:18.943428,2026-04-28 09:49:18.943428,14.669187545776367
2026-04-28 09:49:19.144255,2026-04-28 09:49:19.144255,14.578184127807615
2026-04-28 09:49:19.348265,2026-04-28 09:49:19.348265,14.500831604003906
2026-04-28 09:49:19.542318,2026-04-28 09:49:19.542318,14.43508243560791
2026-04-28 09:49:19.745017,2026-04-28 09:49:19.745017,14.379195213317873
2026-04-28 09:49:19.946895,2026-04-28 09:49:19.946895,14.155909538269045
2026-04-28 09:49:20.144213,2026-04-28 09:49:20.144213,13.966116905212402
2026-04-28 09:49:20.342408,2026-04-28 09:49:20.342408,13.80479335784912
2026-04-28 09:49:20.545956,2026-04-28 09:49:20.545956,13.667667388916016
2026-04-28 09:49:20.742758,2026-04-28 09:49:20.742758,13.551111221313477
2026-04-28 09:49:20.933496,2026-04-28 09:49:20.933496,13.452038764953612
2026-04-28 09:49:21.143544,2026-04-28 09:49:21.143544,13.367826461791992
2026-04-28 09:49:21.342807,2026-04-28 09:49:21.342807,13.296246528625488
2026-04-28 09:49:21.542801,2026-04-28 09:49:21.542801,13.235403060913086
2026-04-28 09:49:21.737353,2026-04-28 09:49:21.737353,13.183686256408691
2026-04-28 09:49:21.942919,2026-04-28 09:49:21.942919,13.139726638793944
2026-04-28 09:49:22.144874,2026-04-28 09:49:22.144874,13.102361679077148
2026-04-28 09:49:22.343537,2026-04-28 09:49:22.343537,13.070601463317873
2026-04-28 09:49:22.544875,2026-04-28 09:49:22.544875,13.043604850769045
2026-04-28 09:49:22.744462,2026-04-28 09:49:22.744462,12.844876289367676
2026-04-28 09:49:22.947109,2026-04-28 09:49:22.947109,12.851738929748535
2026-04-28 09:49:23.146338,2026-04-28 09:49:23.146338,12.681790351867676
2026-04-28 09:49:23.344779,2026-04-28 09:49:23.344779,12.537334442138672
2026-04-28 09:49:23.535613,2026-04-28 09:49:23.535613,12.414546966552734
2026-04-28 09:49:23.747730,2026-04-28 09:49:23.747730,12.310176849365234
2026-04-28 09:49:23.946425,2026-04-28 09:49:23.946425,12.221463203430176
2026-04-28 09:49:24.143428,2026-04-28 09:49:24.143428,12.146056175231934
2026-04-28 09:49:24.344563,2026-04-28 09:49:24.344563,12.081960678100586
2026-04-28 09:49:24.543696,2026-04-28 09:49:24.543696,12.02747917175293
2026-04-28 09:49:24.744974,2026-04-28 09:49:24.744974,11.98116970062256
2026-04-28 09:49:24.943518,2026-04-28 09:49:24.943518,11.94180679321289
2026-04-28 09:49:25.144425,2026-04-28 09:49:25.144425,11.908348083496094
2026-04-28 09:49:25.344722,2026-04-28 09:49:25.344722,11.879908561706545
2026-04-28 09:49:25.549364,2026-04-28 09:49:25.549364,12.031516075134276
2026-04-28 09:49:25.739532,2026-04-28 09:49:25.739532,12.160382270812988
2026-04-28 09:49:25.946765,2026-04-28 09:49:25.946765,12.26991844177246
2026-04-28 09:49:26.145716,2026-04-28 09:49:26.145716,12.363024711608888
2026-04-28 09:49:26.334493,2026-04-28 09:49:26.334493,12.442164421081545
2026-04-28 09:49:26.534429,2026-04-28 09:49:26.534429,12.50943374633789
2026-04-28 09:49:26.744308,2026-04-28 09:49:26.744308,12.566612243652344
2026-04-28 09:49:26.944652,2026-04-28 09:49:26.944652,12.615214347839355
2026-04-28 09:49:27.145921,2026-04-28 09:49:27.145921,12.65652561187744
2026-04-28 09:49:27.344086,2026-04-28 09:49:27.344086,12.691640853881836
2026-04-28 09:49:27.544782,2026-04-28 09:49:27.544782,12.721487998962402
2026-04-28 09:49:27.744476,2026-04-28 09:49:27.744476,12.746858596801758
2026-04-28 09:49:27.940783,2026-04-28 09:49:27.940783,12.768424034118652
2026-04-28 09:49:28.144902,2026-04-28 09:49:28.144902,12.78675365447998
2026-04-28 09:49:28.342688,2026-04-28 09:49:28.342688,12.626553535461426
2026-04-28 09:49:28.535610,2026-04-28 09:49:28.535610,12.66616439819336
2026-04-28 09:49:28.744506,2026-04-28 09:49:28.744506,12.699832916259766
2026-04-28 09:49:28.942553,2026-04-28 09:49:28.942553,12.9042329788208
2026-04-28 09:49:29.146726,2026-04-28 09:49:29.146726,13.077973365783691
2026-04-28 09:49:29.346117,2026-04-28 09:49:29.346117,13.401433944702148
2026-04-28 09:49:29.536936,2026-04-28 09:49:29.536936,13.500593185424805
2026-04-28 09:49:29.741936,2026-04-28 09:49:29.741936,13.760661125183104
2026-04-28 09:49:29.936133,2026-04-28 09:49:29.936133,14.157499313354492
2026-04-28 09:49:30.144901,2026-04-28 09:49:30.144901,14.49481201171875
2026-04-28 09:49:30.344245,2026-04-28 09:49:30.344245,14.957308769226074
2026-04-28 09:49:30.544785,2026-04-28 09:49:30.544785,15.174650192260742
2026-04-28 09:49:30.742017,2026-04-28 09:49:30.742017,15.359390258789062
2026-04-28 09:49:30.936053,2026-04-28 09:49:30.936053,15.692200660705566
2026-04-28 09:49:31.144622,2026-04-28 09:49:31.144622,15.975089073181152
2026-04-28 09:49:31.346918,2026-04-28 09:49:31.346918,16.039762496948242
2026-04-28 09:49:31.542224,2026-04-28 09:49:31.542224,16.094736099243164
2026-04-28 09:49:31.742429,2026-04-28 09:49:31.742429,16.141462326049805
2026-04-28 09:49:31.943524,2026-04-28 09:49:31.943524,16.181180953979492
2026-04-28 09:49:32.142141,2026-04-28 09:49:32.142141,16.214941024780273
2026-04-28 09:49:32.342000,2026-04-28 09:49:32.342000,16.243637084960938
2026-04-28 09:49:32.534547,2026-04-28 09:49:32.534547,16.268030166625977
2026-04-28 09:49:32.743687,2026-04-28 09:49:32.743687,16.28876304626465
2026-04-28 09:49:32.946833,2026-04-28 09:49:32.946833,16.130603790283203
2026-04-28 09:49:33.133919,2026-04-28 09:49:33.133919,15.996170043945312
2026-04-28 09:49:33.342970,2026-04-28 09:49:33.342970,16.057682037353516
2026-04-28 09:49:33.545148,2026-04-28 09:49:33.545148,16.109968185424805
2026-04-28 09:49:33.735758,2026-04-28 09:49:33.735758,15.978628158569336
2026-04-28 09:49:33.935950,2026-04-28 09:49:33.935950,15.866990089416504
2026-04-28 09:49:34.144772,2026-04-28 09:49:34.144772,15.596317291259766
2026-04-28 09:49:47.243223,2026-04-28 09:49:47.243223,15.366244316101074
2026-04-28 09:49:47.443834,2026-04-28 09:49:47.443834,15.346464157104492
2026-04-28 09:49:47.644005,2026-04-28 09:49:47.644005,15.15386962890625
2026-04-28 09:49:47.843702,2026-04-28 09:49:47.843702,14.990163803100586
2026-04-28 09:49:48.044499,2026-04-28 09:49:48.044499,14.851014137268066
2026-04-28 09:49:48.243088,2026-04-28 09:49:48.243088,14.73273754119873
2026-04-28 09:49:48.447948,2026-04-28 09:49:48.447948,14.632201194763184
2026-04-28 09:49:48.643116,2026-04-28 09:49:48.643116,14.370965003967283
2026-04-28 09:49:48.842242,2026-04-28 09:49:48.842242,14.148914337158203
2026-04-28 09:49:49.045304,2026-04-28 09:49:49.045304,13.96017074584961
2026-04-28 09:49:49.244787,2026-04-28 09:49:49.244787,13.799738883972168
2026-04-28 09:49:49.445357,2026-04-28 09:49:49.445357,13.663372039794922
2026-04-28 09:49:49.643662,2026-04-28 09:49:49.643662,13.371678352355955
2026-04-28 09:49:49.834788,2026-04-28 09:49:49.834788,13.123739242553713
2026-04-28 09:49:50.043214,2026-04-28 09:49:50.043214,12.91299057006836
2026-04-28 09:49:50.243680,2026-04-28 09:49:50.243680,12.733854293823242
2026-04-28 09:49:50.446069,2026-04-28 09:49:50.446069,12.581588745117188
2026-04-28 09:49:50.644866,2026-04-28 09:49:50.644866,12.452162742614746
2026-04-28 09:49:50.843729,2026-04-28 09:49:50.843729,12.342151641845703
2026-04-28 09:49:51.042703,2026-04-28 09:49:51.042703,12.24864101409912
2026-04-28 09:49:51.237135,2026-04-28 09:49:51.237135,12.169157028198242
2026-04-28 09:49:51.442018,2026-04-28 09:49:51.442018,12.101595878601074
2026-04-28 09:49:51.643108,2026-04-28 09:49:51.643108,12.044169425964355
2026-04-28 09:49:51.836941,2026-04-28 09:49:51.836941,11.819575309753418
2026-04-28 09:49:52.045893,2026-04-28 09:49:52.045893,11.628669738769531
2026-04-28 09:49:52.242524,2026-04-28 09:49:52.242524,11.642182350158691
2026-04-28 09:49:52.442376,2026-04-28 09:49:52.442376,11.653667449951172
2026-04-28 09:49:52.642906,2026-04-28 09:49:52.642906,11.663429260253906
2026-04-28 09:49:52.842086,2026-04-28 09:49:52.842086,11.495946884155272
2026-04-28 09:49:53.045927,2026-04-28 09:49:53.045927,11.353586196899414
2026-04-28 09:49:53.242650,2026-04-28 09:49:53.242650,11.232579231262209
2026-04-28 09:49:53.442187,2026-04-28 09:49:53.442187,11.12972354888916
2026-04-28 09:49:53.646182,2026-04-28 09:49:53.646182,11.042296409606934
2026-04-28 09:49:53.841970,2026-04-28 09:49:53.841970,10.96798324584961
2026-04-28 09:49:54.043589,2026-04-28 09:49:54.043589,10.90481662750244
2026-04-28 09:49:54.243613,2026-04-28 09:49:54.243613,10.851125717163086
2026-04-28 09:49:54.444041,2026-04-28 09:49:54.444041,10.981268882751465
2026-04-28 09:49:54.644113,2026-04-28 09:49:54.644113,11.091891288757324
2026-04-28 09:49:54.842139,2026-04-28 09:49:54.842139,11.361701011657717
2026-04-28 09:49:55.044461,2026-04-28 09:49:55.044461,11.415258407592772
2026-04-28 09:49:55.242933,2026-04-28 09:49:55.242933,11.636563301086426
2026-04-28 09:49:55.444837,2026-04-28 09:49:55.444837,11.64889144897461
2026-04-28 09:49:55.642152,2026-04-28 09:49:55.642152,11.65937042236328
2026-04-28 09:49:55.842582,2026-04-28 09:49:55.842582,11.668277740478516
2026-04-28 09:49:56.042218,2026-04-28 09:49:56.042218,11.675848007202148
2026-04-28 09:49:56.242088,2026-04-28 09:49:56.242088,11.682283401489258
2026-04-28 09:49:56.447601,2026-04-28 09:49:56.447601,13.094003677368164
2026-04-28 09:49:56.643123,2026-04-28 09:49:56.643123,14.293965339660645
2026-04-28 09:49:56.850104,2026-04-28 09:49:56.850104,15.31393337249756
2026-04-28 09:49:57.042763,2026-04-28 09:49:57.042763,16.180906295776367
2026-04-28 09:49:57.243686,2026-04-28 09:49:57.243686,16.917831420898438
2026-04-28 09:49:57.444901,2026-04-28 09:49:57.444901,17.544219970703125
2026-04-28 09:49:57.644508,2026-04-28 09:49:57.644508,18.076648712158203
2026-04-28 09:49:57.845176,2026-04-28 09:49:57.845176,18.52921485900879
2026-04-28 09:49:58.045105,2026-04-28 09:49:58.045105,18.913894653320312
2026-04-28 09:49:58.244488,2026-04-28 09:49:58.244488,19.240873336791992
2026-04-28 09:49:58.443337,2026-04-28 09:49:58.443337,19.5188045501709
2026-04-28 09:49:58.643764,2026-04-28 09:49:58.643764,19.755046844482425
2026-04-28 09:49:58.844902,2026-04-28 09:49:58.844902,19.78007125854492
2026-04-28 09:49:59.043344,2026-04-28 09:49:59.043344,19.977123260498047
2026-04-28 09:49:59.242147,2026-04-28 09:49:59.242147,19.96883583068848
2026-04-28 09:49:59.443439,2026-04-28 09:49:59.443439,19.9617919921875
2026-04-28 09:49:59.644877,2026-04-28 09:49:59.644877,19.9558048248291
2026-04-28 09:49:59.842471,2026-04-28 09:49:59.842471,20.126495361328125
2026-04-28 09:50:00.042425,2026-04-28 09:50:00.042425,20.271583557128903
2026-04-28 09:50:00.244503,2026-04-28 09:50:00.244503,20.394908905029297
2026-04-28 09:50:00.443591,2026-04-28 09:50:00.443591,20.49973487854004
2026-04-28 09:50:00.642061,2026-04-28 09:50:00.642061,20.588836669921875
2026-04-28 09:50:00.841967,2026-04-28 09:50:00.841967,20.664573669433597
2026-04-28 09:50:01.042524,2026-04-28 09:50:01.042524,20.72895050048828
2026-04-28 09:50:01.243159,2026-04-28 09:50:01.243159,20.78367042541504
2026-04-28 09:50:01.443893,2026-04-28 09:50:01.443893,20.830183029174805
2026-04-28 09:50:01.644549,2026-04-28 09:50:01.644549,20.86971664428711
2026-04-28 09:50:01.843487,2026-04-28 09:50:01.843487,20.903322219848636
2026-04-28 09:50:02.042921,2026-04-28 09:50:02.042921,20.931886672973636
2026-04-28 09:50:02.243008,2026-04-28 09:50:02.243008,21.131946563720703
2026-04-28 09:50:02.446726,2026-04-28 09:50:02.446726,21.30199813842773
2026-04-28 09:50:02.645468,2026-04-28 09:50:02.645468,21.446542739868164
2026-04-28 09:50:02.845881,2026-04-28 09:50:02.845881,21.56940460205078
2026-04-28 09:50:03.045117,2026-04-28 09:50:03.045117,21.673837661743164
2026-04-28 09:50:03.243912,2026-04-28 09:50:03.243912,21.762605667114254
2026-04-28 09:50:03.446390,2026-04-28 09:50:03.446390,21.838058471679688
2026-04-28 09:50:03.645649,2026-04-28 09:50:03.645649,21.902193069458008
2026-04-28 09:50:03.848670,2026-04-28 09:50:03.848670,21.95670890808105
2026-04-28 09:50:04.048966,2026-04-28 09:50:04.048966,22.0030460357666
2026-04-28 09:50:04.245956,2026-04-28 09:50:04.245956,22.04243278503418
2026-04-28 09:50:04.447780,2026-04-28 09:50:04.447780,22.075912475585938
2026-04-28 09:50:04.646590,2026-04-28 09:50:04.646590,22.104368209838867
2026-04-28 09:50:04.845035,2026-04-28 09:50:04.845035,22.128557205200195
2026-04-28 09:50:05.043289,2026-04-28 09:50:05.043289,22.14911651611328
2026-04-28 09:50:05.246227,2026-04-28 09:50:05.246227,22.166593551635746
2026-04-28 09:50:05.445802,2026-04-28 09:50:05.445802,22.18144798278809
2026-04-28 09:50:05.646268,2026-04-28 09:50:05.646268,22.194074630737305
2026-04-28 09:50:05.842999,2026-04-28 09:50:05.842999,22.38058853149414
2026-04-28 09:50:06.042987,2026-04-28 09:50:06.042987,22.539125442504883
2026-04-28 09:50:06.243650,2026-04-28 09:50:06.243650,22.49810028076172
2026-04-28 09:50:06.442379,2026-04-28 09:50:06.442379,22.639009475708008
2026-04-28 09:50:06.643897,2026-04-28 09:50:06.643897,22.7587833404541
2026-04-28 09:50:06.844554,2026-04-28 09:50:06.844554,22.86059188842773
2026-04-28 09:50:07.043280,2026-04-28 09:50:07.043280,22.94712829589844
2026-04-28 09:50:07.245278,2026-04-28 09:50:07.245278,23.02068328857422
2026-04-28 09:50:07.445641,2026-04-28 09:50:07.445641,23.08320617675781
2026-04-28 09:50:07.646932,2026-04-28 09:50:07.646932,23.136350631713867
2026-04-28 09:50:07.847454,2026-04-28 09:50:07.847454,23.35730361938477
2026-04-28 09:50:08.047333,2026-04-28 09:50:08.047333,23.545114517211918
2026-04-28 09:50:08.241898,2026-04-28 09:50:08.241898,23.704753875732425
2026-04-28 09:50:08.446075,2026-04-28 09:50:08.446075,23.84044647216797
2026-04-28 09:50:08.643564,2026-04-28 09:50:08.643564,23.076879501342773
2026-04-28 09:50:08.846971,2026-04-28 09:50:08.846971,23.482534408569336
2026-04-28 09:50:09.042408,2026-04-28 09:50:09.042408,22.596874237060547
2026-04-28 09:50:09.244153,2026-04-28 09:50:09.244153,21.84406089782715
2026-04-28 09:50:09.448108,2026-04-28 09:50:09.448108,21.20417022705078
2026-04-28 09:50:09.645472,2026-04-28 09:50:09.645472,20.66026496887207
2026-04-28 09:50:09.842302,2026-04-28 09:50:09.842302,20.02216148376465
2026-04-28 09:50:10.045494,2026-04-28 09:50:10.045494,19.479774475097656
2026-04-28 09:50:10.242780,2026-04-28 09:50:10.242780,19.018747329711918
2026-04-28 09:50:10.442733,2026-04-28 09:50:10.442733,18.62687110900879
2026-04-28 09:50:10.644050,2026-04-28 09:50:10.644050,18.293779373168945
2026-04-28 09:50:10.842026,2026-04-28 09:50:10.842026,18.010648727416992
2026-04-28 09:50:11.043864,2026-04-28 09:50:11.043864,17.594207763671875
2026-04-28 09:50:11.249743,2026-04-28 09:50:11.249743,17.240232467651367
2026-04-28 09:50:11.442257,2026-04-28 09:50:11.442257,16.939353942871094
2026-04-28 09:50:11.646060,2026-04-28 09:50:11.646060,16.68360710144043
2026-04-28 09:50:11.843810,2026-04-28 09:50:11.843810,16.466222763061523
2026-04-28 09:50:12.048241,2026-04-28 09:50:12.048241,16.28144645690918
2026-04-28 09:50:12.243300,2026-04-28 09:50:12.243300,16.124385833740234
2026-04-28 09:50:12.443905,2026-04-28 09:50:12.443905,15.990883827209473
2026-04-28 09:50:25.542592,2026-04-28 09:50:25.542592,15.87740707397461
2026-04-28 09:50:25.742349,2026-04-28 09:50:25.742349,15.78095245361328
2026-04-28 09:50:25.946146,2026-04-28 09:50:25.946146,15.698966026306152
2026-04-28 09:50:26.142611,2026-04-28 09:50:26.142611,15.629277229309082
2026-04-28 09:50:26.343975,2026-04-28 09:50:26.343975,15.57004165649414
2026-04-28 09:50:26.545192,2026-04-28 09:50:26.545192,15.519691467285156
2026-04-28 09:50:26.742143,2026-04-28 09:50:26.742143,15.47689437866211
2026-04-28 09:50:26.945996,2026-04-28 09:50:26.945996,15.440516471862791
2026-04-28 09:50:27.146109,2026-04-28 09:50:27.146109,15.409595489501951
2026-04-28 09:50:27.343602,2026-04-28 09:50:27.343602,15.383312225341797
2026-04-28 09:50:27.543021,2026-04-28 09:50:27.543021,15.360971450805664
2026-04-28 09:50:27.743443,2026-04-28 09:50:27.743443,15.341981887817385
2026-04-28 09:50:27.944999,2026-04-28 09:50:27.944999,15.325840950012209
2026-04-28 09:50:28.145584,2026-04-28 09:50:28.145584,15.312121391296388
2026-04-28 09:50:28.343110,2026-04-28 09:50:28.343110,15.476240158081056
2026-04-28 09:50:28.543347,2026-04-28 09:50:28.543347,15.439960479736328
2026-04-28 09:50:28.743695,2026-04-28 09:50:28.743695,15.409122467041016
2026-04-28 09:50:28.942528,2026-04-28 09:50:28.942528,15.38291072845459
2026-04-28 09:50:29.144655,2026-04-28 09:50:29.144655,15.18484878540039
2026-04-28 09:50:29.342894,2026-04-28 09:50:29.342894,14.840715408325195
2026-04-28 09:50:29.542228,2026-04-28 09:50:29.542228,14.72398281097412
2026-04-28 09:50:29.743386,2026-04-28 09:50:29.743386,14.800541877746582
2026-04-28 09:50:29.943147,2026-04-28 09:50:29.943147,15.04139804840088
2026-04-28 09:50:30.142543,2026-04-28 09:50:30.142543,15.070344924926758
2026-04-28 09:50:30.342160,2026-04-28 09:50:30.342160,14.919167518615724
2026-04-28 09:50:30.542964,2026-04-28 09:50:30.542964,14.790667533874512
2026-04-28 09:50:30.743948,2026-04-28 09:50:30.743948,14.857223510742188
2026-04-28 09:50:30.943358,2026-04-28 09:50:30.943358,14.913796424865724
2026-04-28 09:50:31.144348,2026-04-28 09:50:31.144348,14.961883544921877
2026-04-28 09:50:31.346700,2026-04-28 09:50:31.346700,15.00275707244873
2026-04-28 09:50:31.542763,2026-04-28 09:50:31.542763,15.03749942779541
2026-04-28 09:50:31.743675,2026-04-28 09:50:31.743675,14.891249656677246
2026-04-28 09:50:31.942034,2026-04-28 09:50:31.942034,14.766937255859377
2026-04-28 09:50:32.144853,2026-04-28 09:50:32.144853,14.661272048950195
2026-04-28 09:50:32.344128,2026-04-28 09:50:32.344128,14.395674705505373
2026-04-28 09:50:32.544343,2026-04-28 09:50:32.544343,14.345698356628418
2026-04-28 09:50:32.742461,2026-04-28 09:50:32.742461,14.303218841552734
2026-04-28 09:50:32.946342,2026-04-28 09:50:32.946342,14.26711082458496
2026-04-28 09:50:33.142161,2026-04-28 09:50:33.142161,14.236419677734377
2026-04-28 09:50:33.344084,2026-04-28 09:50:33.344084,14.210330963134766
2026-04-28 09:50:33.542187,2026-04-28 09:50:33.542187,14.012375831604004
2026-04-28 09:50:33.745461,2026-04-28 09:50:33.745461,13.844112396240234
2026-04-28 09:50:33.944378,2026-04-28 09:50:33.944378,13.525308609008787
2026-04-28 09:50:34.144008,2026-04-28 09:50:34.144008,13.254324913024902
2026-04-28 09:50:34.342813,2026-04-28 09:50:34.342813,13.023988723754885
2026-04-28 09:50:34.542458,2026-04-28 09:50:34.542458,12.828202247619627
2026-04-28 09:50:34.743421,2026-04-28 09:50:34.743421,12.661785125732422
2026-04-28 09:50:34.943143,2026-04-28 09:50:34.943143,12.520329475402832
2026-04-28 09:50:35.142427,2026-04-28 09:50:35.142427,12.40009307861328
2026-04-28 09:50:35.346190,2026-04-28 09:50:35.346190,12.297891616821287
2026-04-28 09:50:35.542026,2026-04-28 09:50:35.542026,12.211020469665527
2026-04-28 09:50:35.747462,2026-04-28 09:50:35.747462,12.137179374694824
2026-04-28 09:50:35.942148,2026-04-28 09:50:35.942148,12.07441520690918
2026-04-28 09:50:36.145509,2026-04-28 09:50:36.145509,12.021065711975098
2026-04-28 09:50:36.342821,2026-04-28 09:50:36.342821,11.97571849822998
2026-04-28 09:50:36.542964,2026-04-28 09:50:36.542964,11.937172889709473
2026-04-28 09:50:36.742844,2026-04-28 09:50:36.742844,11.904409408569336
2026-04-28 09:50:36.947357,2026-04-28 09:50:36.947357,11.87656021118164
2026-04-28 09:50:37.142331,2026-04-28 09:50:37.142331,11.85288906097412
2026-04-28 09:50:37.342744,2026-04-28 09:50:37.342744,11.832768440246582
2026-04-28 09:50:37.544821,2026-04-28 09:50:37.544821,11.815665245056152
2026-04-28 09:50:37.742419,2026-04-28 09:50:37.742419,11.801128387451172
2026-04-28 09:50:37.942746,2026-04-28 09:50:37.942746,11.788771629333496
2026-04-28 09:50:38.142074,2026-04-28 09:50:38.142074,11.778267860412598
2026-04-28 09:50:38.345330,2026-04-28 09:50:38.345330,11.76934051513672
2026-04-28 09:50:38.543055,2026-04-28 09:50:38.543055,11.761752128601074
2026-04-28 09:50:38.743876,2026-04-28 09:50:38.743876,11.755301475524902
2026-04-28 09:50:38.944340,2026-04-28 09:50:38.944340,11.749818801879885
2026-04-28 09:50:39.142077,2026-04-28 09:50:39.142077,11.569376945495604
2026-04-28 09:50:39.344214,2026-04-28 09:50:39.344214,11.41600227355957
2026-04-28 09:50:39.542200,2026-04-28 09:50:39.542200,11.285633087158203
2026-04-28 09:50:39.742023,2026-04-28 09:50:39.742023,11.174818992614746
2026-04-28 09:50:39.944332,2026-04-28 09:50:39.944332,11.08062744140625
2026-04-28 09:50:40.143125,2026-04-28 09:50:40.143125,13.813064575195312
2026-04-28 09:50:40.343272,2026-04-28 09:50:40.343272,16.135635375976562
2026-04-28 09:50:40.544455,2026-04-28 09:50:40.544455,15.297322273254396
2026-04-28 09:50:40.743887,2026-04-28 09:50:40.743887,17.397254943847656
2026-04-28 09:50:40.944719,2026-04-28 09:50:40.944719,19.18219757080078
2026-04-28 09:50:41.144497,2026-04-28 09:50:41.144497,20.69939994812012
2026-04-28 09:50:41.344460,2026-04-28 09:50:41.344460,21.98902130126953
2026-04-28 09:50:41.547356,2026-04-28 09:50:41.547356,23.0851993560791
2026-04-28 09:50:41.745198,2026-04-28 09:50:41.745198,24.016950607299805
2026-04-28 09:50:41.943800,2026-04-28 09:50:41.943800,24.80893898010254
2026-04-28 09:50:42.143490,2026-04-28 09:50:42.143490,25.48213005065918
2026-04-28 09:50:42.346294,2026-04-28 09:50:42.346294,26.054340362548828
2026-04-28 09:50:42.547485,2026-04-28 09:50:42.547485,26.540721893310547
2026-04-28 09:50:42.743307,2026-04-28 09:50:42.743307,26.95414352416992
2026-04-28 09:50:42.947295,2026-04-28 09:50:42.947295,27.305553436279297
2026-04-28 09:50:43.143548,2026-04-28 09:50:43.143548,27.604251861572266
2026-04-28 09:50:43.345203,2026-04-28 09:50:43.345203,27.85814476013184
2026-04-28 09:50:43.544851,2026-04-28 09:50:43.544851,28.073955535888672
2026-04-28 09:50:43.744507,2026-04-28 09:50:43.744507,28.25739288330078
2026-04-28 09:50:43.945725,2026-04-28 09:50:43.945725,28.413314819335938
2026-04-28 09:50:44.145297,2026-04-28 09:50:44.145297,28.545848846435547
2026-04-28 09:50:44.345743,2026-04-28 09:50:44.345743,28.65850257873535
2026-04-28 09:50:44.543607,2026-04-28 09:50:44.543607,28.75425910949707
2026-04-28 09:50:44.744648,2026-04-28 09:50:44.744648,28.83565139770508
2026-04-28 09:50:44.945816,2026-04-28 09:50:44.945816,28.904834747314453
2026-04-28 09:50:45.145650,2026-04-28 09:50:45.145650,28.96364021301269
2026-04-28 09:50:45.347138,2026-04-28 09:50:45.347138,29.01362609863281
2026-04-28 09:50:45.545901,2026-04-28 09:50:45.545901,28.880332946777344
2026-04-28 09:50:45.745744,2026-04-28 09:50:45.745744,28.767032623291016
2026-04-28 09:50:45.944210,2026-04-28 09:50:45.944210,28.670726776123047
2026-04-28 09:50:46.151544,2026-04-28 09:50:46.151544,28.588869094848636
2026-04-28 09:50:46.344324,2026-04-28 09:50:46.344324,28.343507766723636
2026-04-28 09:50:46.546605,2026-04-28 09:50:46.546605,28.13494873046875
2026-04-28 09:50:46.742502,2026-04-28 09:50:46.742502,27.95767593383789
2026-04-28 09:50:46.944769,2026-04-28 09:50:46.944769,27.80699348449707
2026-04-28 09:50:47.143789,2026-04-28 09:50:47.143789,27.67891311645508
2026-04-28 09:50:47.346886,2026-04-28 09:50:47.346886,27.394264221191406
2026-04-28 09:50:47.546855,2026-04-28 09:50:47.546855,27.15231132507324
2026-04-28 09:50:47.742584,2026-04-28 09:50:47.742584,26.946651458740234
2026-04-28 09:50:47.944458,2026-04-28 09:50:47.944458,26.771841049194336
2026-04-28 09:50:48.146075,2026-04-28 09:50:48.146075,26.623252868652344
2026-04-28 09:50:48.346828,2026-04-28 09:50:48.346828,26.49695205688477
2026-04-28 09:50:48.542428,2026-04-28 09:50:48.542428,26.389596939086918
2026-04-28 09:50:48.742545,2026-04-28 09:50:48.742545,26.2983455657959
2026-04-28 09:50:48.942721,2026-04-28 09:50:48.942721,26.220781326293945
2026-04-28 09:50:49.142867,2026-04-28 09:50:49.142867,25.97907066345215
2026-04-28 09:50:49.342828,2026-04-28 09:50:49.342828,25.77361488342285
2026-04-28 09:50:49.542393,2026-04-28 09:50:49.542393,25.59897994995117
2026-04-28 09:50:49.742648,2026-04-28 09:50:49.742648,25.450538635253903
2026-04-28 09:50:49.952256,2026-04-28 09:50:49.952256,25.324363708496094
2026-04-28 09:50:50.145644,2026-04-28 09:50:50.145644,25.21711540222168
2026-04-28 09:50:50.345602,2026-04-28 09:50:50.345602,24.95017433166504
2026-04-28 09:50:50.542324,2026-04-28 09:50:50.542324,24.7232723236084
2026-04-28 09:50:50.742598,2026-04-28 09:50:50.742598,24.530406951904297
2026-04-28 09:51:03.847454,2026-04-28 09:51:03.847454,24.190689086914062
2026-04-28 09:51:04.045907,2026-04-28 09:51:04.045907,23.90192985534668
2026-04-28 09:51:04.243690,2026-04-28 09:51:04.243690,23.65648460388184
2026-04-28 09:51:04.444378,2026-04-28 09:51:04.444378,23.44785499572754
2026-04-28 09:51:04.643539,2026-04-28 09:51:04.643539,23.27052116394043
2026-04-28 09:51:04.842346,2026-04-28 09:51:04.842346,23.119787216186523
2026-04-28 09:51:05.042203,2026-04-28 09:51:05.042203,22.991662979125977
2026-04-28 09:51:05.247685,2026-04-28 09:51:05.247685,22.88275718688965
2026-04-28 09:51:05.441998,2026-04-28 09:51:05.441998,22.790185928344727
2026-04-28 09:51:05.643203,2026-04-28 09:51:05.643203,22.711502075195312
2026-04-28 09:51:05.842306,2026-04-28 09:51:05.842306,22.820402145385746
2026-04-28 09:51:06.043332,2026-04-28 09:51:06.043332,22.91296768188477
2026-04-28 09:51:06.244079,2026-04-28 09:51:06.244079,22.991647720336918
2026-04-28 09:51:06.443567,2026-04-28 09:51:06.443567,23.05852508544922
2026-04-28 09:51:06.644686,2026-04-28 09:51:06.644686,23.11537170410156
2026-04-28 09:51:06.847838,2026-04-28 09:51:06.847838,23.1636905670166
2026-04-28 09:51:07.046638,2026-04-28 09:51:07.046638,23.380542755126957
2026-04-28 09:51:07.246680,2026-04-28 09:51:07.246680,23.56486701965332
2026-04-28 09:51:07.446366,2026-04-28 09:51:07.446366,23.72154426574707
2026-04-28 09:51:07.645102,2026-04-28 09:51:07.645102,23.854719161987305
2026-04-28 09:51:07.844529,2026-04-28 09:51:07.844529,23.96791648864746
2026-04-28 09:51:08.043283,2026-04-28 09:51:08.043283,24.064136505126957
2026-04-28 09:51:08.242675,2026-04-28 09:51:08.242675,24.14592170715332
2026-04-28 09:51:08.446143,2026-04-28 09:51:08.446143,24.21543884277344
2026-04-28 09:51:08.648905,2026-04-28 09:51:08.648905,24.2745304107666
2026-04-28 09:51:08.843648,2026-04-28 09:51:08.843648,24.148975372314453
2026-04-28 09:51:09.044926,2026-04-28 09:51:09.044926,24.21803474426269
2026-04-28 09:51:09.243840,2026-04-28 09:51:09.243840,24.27673721313477
2026-04-28 09:51:09.443804,2026-04-28 09:51:09.443804,24.326631546020508
2026-04-28 09:51:09.647335,2026-04-28 09:51:09.647335,24.369043350219727
2026-04-28 09:51:09.843202,2026-04-28 09:51:09.843202,24.40509414672852
2026-04-28 09:51:10.042017,2026-04-28 09:51:10.042017,24.43573570251465
2026-04-28 09:51:10.242695,2026-04-28 09:51:10.242695,24.461780548095703
2026-04-28 09:51:10.446980,2026-04-28 09:51:10.446980,24.48392105102539
2026-04-28 09:51:10.642923,2026-04-28 09:51:10.642923,24.50273895263672
2026-04-28 09:51:10.842165,2026-04-28 09:51:10.842165,24.518733978271484
2026-04-28 09:51:11.042175,2026-04-28 09:51:11.042175,24.53232955932617
2026-04-28 09:51:11.247211,2026-04-28 09:51:11.247211,24.543886184692383
2026-04-28 09:51:11.444919,2026-04-28 09:51:11.444919,24.5537109375
2026-04-28 09:51:11.641978,2026-04-28 09:51:11.641978,24.56205940246582
2026-04-28 09:51:11.842082,2026-04-28 09:51:11.842082,24.56915664672852
2026-04-28 09:51:12.042539,2026-04-28 09:51:12.042539,24.5751895904541
2026-04-28 09:51:12.243485,2026-04-28 09:51:12.243485,24.58031845092773
2026-04-28 09:51:12.444176,2026-04-28 09:51:12.444176,24.58467674255371
2026-04-28 09:51:12.642813,2026-04-28 09:51:12.642813,24.588380813598636
2026-04-28 09:51:12.842472,2026-04-28 09:51:12.842472,24.591529846191406
2026-04-28 09:51:13.044947,2026-04-28 09:51:13.044947,24.594207763671875
2026-04-28 09:51:13.242010,2026-04-28 09:51:13.242010,24.596481323242188
2026-04-28 09:51:13.444004,2026-04-28 09:51:13.444004,24.59841537475586
2026-04-28 09:51:13.645528,2026-04-28 09:51:13.645528,24.600059509277344
2026-04-28 09:51:13.844657,2026-04-28 09:51:13.844657,24.601457595825195
2026-04-28 09:51:14.042760,2026-04-28 09:51:14.042760,24.778425216674805
2026-04-28 09:51:14.244149,2026-04-28 09:51:14.244149,24.753068923950195
2026-04-28 09:51:14.442130,2026-04-28 09:51:14.442130,24.73151397705078
2026-04-28 09:51:14.644171,2026-04-28 09:51:14.644171,24.713193893432617
2026-04-28 09:51:14.844811,2026-04-28 09:51:14.844811,24.873401641845703
2026-04-28 09:51:15.042829,2026-04-28 09:51:15.042829,25.009578704833984
2026-04-28 09:51:15.242155,2026-04-28 09:51:15.242155,25.12532997131348
2026-04-28 09:51:15.449425,2026-04-28 09:51:15.449425,25.22371864318848
2026-04-28 09:51:15.645442,2026-04-28 09:51:15.645442,25.131567001342773
2026-04-28 09:51:15.842378,2026-04-28 09:51:15.842378,25.229019165039062
2026-04-28 09:51:16.047873,2026-04-28 09:51:16.047873,25.13607215881348
2026-04-28 09:51:16.244446,2026-04-28 09:51:16.244446,25.05706787109375
2026-04-28 09:51:16.442441,2026-04-28 09:51:16.442441,24.989913940429688
2026-04-28 09:51:16.642387,2026-04-28 09:51:16.642387,24.932832717895508
2026-04-28 09:51:16.844585,2026-04-28 09:51:16.844585,25.060094833374023
2026-04-28 09:51:17.044380,2026-04-28 09:51:17.044380,25.16826820373535
2026-04-28 09:51:17.242128,2026-04-28 09:51:17.242128,25.260215759277344
2026-04-28 09:51:17.445565,2026-04-28 09:51:17.445565,25.33837127685547
2026-04-28 09:51:17.642135,2026-04-28 09:51:17.642135,25.40480232238769
2026-04-28 09:51:17.842549,2026-04-28 09:51:17.842549,25.46126937866211
2026-04-28 09:51:18.043562,2026-04-28 09:51:18.043562,25.50926780700684
2026-04-28 09:51:18.244075,2026-04-28 09:51:18.244075,25.550064086914062
2026-04-28 09:51:18.445586,2026-04-28 09:51:18.445586,25.584741592407227
2026-04-28 09:51:18.642198,2026-04-28 09:51:18.642198,25.61421775817871
2026-04-28 09:51:18.843770,2026-04-28 09:51:18.843770,25.815053939819336
2026-04-28 09:51:19.042577,2026-04-28 09:51:19.042577,25.98576545715332
2026-04-28 09:51:19.242520,2026-04-28 09:51:19.242520,26.130868911743164
2026-04-28 09:51:19.445267,2026-04-28 09:51:19.445267,26.254207611083984
2026-04-28 09:51:19.643562,2026-04-28 09:51:19.643562,26.359045028686523
2026-04-28 09:51:19.849168,2026-04-28 09:51:19.849168,26.448156356811523
2026-04-28 09:51:20.042299,2026-04-28 09:51:20.042299,26.523902893066406
2026-04-28 09:51:20.243742,2026-04-28 09:51:20.243742,26.588285446166992
2026-04-28 09:51:20.444424,2026-04-28 09:51:20.444424,26.64301109313965
2026-04-28 09:51:20.644003,2026-04-28 09:51:20.644003,26.689529418945312
2026-04-28 09:51:20.845059,2026-04-28 09:51:20.845059,26.72906875610352
2026-04-28 09:51:21.043978,2026-04-28 09:51:21.043978,26.762676239013672
2026-04-28 09:51:21.242204,2026-04-28 09:51:21.242204,26.967025756835938
2026-04-28 09:51:21.444257,2026-04-28 09:51:21.444257,27.140722274780277
2026-04-28 09:51:21.642854,2026-04-28 09:51:21.642854,27.11258125305176
2026-04-28 09:51:21.842235,2026-04-28 09:51:21.842235,27.08866310119629
2026-04-28 09:51:22.042197,2026-04-28 09:51:22.042197,27.06833267211914
2026-04-28 09:51:22.244057,2026-04-28 09:51:22.244057,27.05105209350586
2026-04-28 09:51:22.442568,2026-04-28 09:51:22.442568,27.036361694335938
2026-04-28 09:51:22.648121,2026-04-28 09:51:22.648121,27.199657440185547
2026-04-28 09:51:22.843758,2026-04-28 09:51:22.843758,27.338459014892575
2026-04-28 09:51:23.044951,2026-04-28 09:51:23.044951,27.456439971923828
2026-04-28 09:51:23.247058,2026-04-28 09:51:23.247058,27.380943298339844
2026-04-28 09:51:23.448127,2026-04-28 09:51:23.448127,27.316770553588867
2026-04-28 09:51:23.644728,2026-04-28 09:51:23.644728,27.26222419738769
2026-04-28 09:51:23.844347,2026-04-28 09:51:23.844347,27.391639709472656
2026-04-28 09:51:24.047004,2026-04-28 09:51:24.047004,27.501644134521484
2026-04-28 09:51:24.243091,2026-04-28 09:51:24.243091,27.59514808654785
2026-04-28 09:51:24.445958,2026-04-28 09:51:24.445958,27.49884414672852
2026-04-28 09:51:24.642523,2026-04-28 09:51:24.642523,27.5927677154541
2026-04-28 09:51:24.848446,2026-04-28 09:51:24.848446,27.6726016998291
2026-04-28 09:51:25.043602,2026-04-28 09:51:25.043602,27.740461349487305
2026-04-28 09:51:25.244827,2026-04-28 09:51:25.244827,27.62236213684082
2026-04-28 09:51:25.445867,2026-04-28 09:51:25.445867,27.521976470947266
2026-04-28 09:51:25.642494,2026-04-28 09:51:25.642494,27.436647415161133
2026-04-28 09:51:25.844593,2026-04-28 09:51:25.844593,27.36412048339844
2026-04-28 09:51:26.046094,2026-04-28 09:51:26.046094,27.302471160888672
2026-04-28 09:51:26.246742,2026-04-28 09:51:26.246742,27.25006866455078
2026-04-28 09:51:26.445219,2026-04-28 09:51:26.445219,27.20552635192871
2026-04-28 09:51:26.642339,2026-04-28 09:51:26.642339,27.167667388916016
2026-04-28 09:51:26.848273,2026-04-28 09:51:26.848273,27.13548469543457
2026-04-28 09:51:27.043862,2026-04-28 09:51:27.043862,27.108131408691406
2026-04-28 09:51:27.245291,2026-04-28 09:51:27.245291,26.909099578857425
2026-04-28 09:51:27.444170,2026-04-28 09:51:27.444170,26.73992156982422
2026-04-28 09:51:27.642512,2026-04-28 09:51:27.642512,26.596120834350582
2026-04-28 09:51:27.843765,2026-04-28 09:51:27.843765,26.47389030456543
2026-04-28 09:51:28.042668,2026-04-28 09:51:28.042668,26.3699951171875
2026-04-28 09:51:28.244089,2026-04-28 09:51:28.244089,26.28168296813965
2026-04-28 09:51:28.448854,2026-04-28 09:51:28.448854,26.20661735534668
2026-04-28 09:51:28.643025,2026-04-28 09:51:28.643025,26.14281272888184
2026-04-28 09:51:28.844633,2026-04-28 09:51:28.844633,26.088579177856445
2026-04-28 09:51:29.042795,2026-04-28 09:51:29.042795,26.042478561401367
2026-04-28 09:51:42.144993,2026-04-28 09:51:42.144993,26.003293991088867
2026-04-28 09:51:42.344963,2026-04-28 09:51:42.344963,25.96998786926269
2026-04-28 09:51:42.546649,2026-04-28 09:51:42.546649,25.94167709350586
2026-04-28 09:51:42.744247,2026-04-28 09:51:42.744247,25.917613983154297
2026-04-28 09:51:42.942193,2026-04-28 09:51:42.942193,25.897159576416016
2026-04-28 09:51:43.143025,2026-04-28 09:51:43.143025,25.879772186279297
2026-04-28 09:51:43.343900,2026-04-28 09:51:43.343900,25.864994049072266
2026-04-28 09:51:43.544949,2026-04-28 09:51:43.544949,25.85243225097656
2026-04-28 09:51:43.746655,2026-04-28 09:51:43.746655,25.84175491333008
2026-04-28 09:51:43.942361,2026-04-28 09:51:43.942361,25.83267974853516
2026-04-28 09:51:44.145737,2026-04-28 09:51:44.145737,25.82496452331543
2026-04-28 09:51:44.341899,2026-04-28 09:51:44.341899,25.81840705871582
2026-04-28 09:51:44.545137,2026-04-28 09:51:44.545137,25.812833786010746
2026-04-28 09:51:44.745049,2026-04-28 09:51:44.745049,25.80809593200684
2026-04-28 09:51:44.946073,2026-04-28 09:51:44.946073,25.80406951904297
2026-04-28 09:51:45.144941,2026-04-28 09:51:45.144941,25.62486457824707
2026-04-28 09:51:45.342547,2026-04-28 09:51:45.342547,25.64832305908203
2026-04-28 09:51:45.548218,2026-04-28 09:51:45.548218,25.668262481689453
2026-04-28 09:51:45.741902,2026-04-28 09:51:45.741902,25.685211181640625
2026-04-28 09:51:45.943936,2026-04-28 09:51:45.943936,25.699615478515625
2026-04-28 09:51:46.143048,2026-04-28 09:51:46.143048,25.71186065673828
2026-04-28 09:51:46.344682,2026-04-28 09:51:46.344682,25.72226905822754
2026-04-28 09:51:46.546080,2026-04-28 09:51:46.546080,25.73111724853516
2026-04-28 09:51:46.748110,2026-04-28 09:51:46.748110,25.738636016845703
2026-04-28 09:51:46.946641,2026-04-28 09:51:46.946641,25.74502944946289
2026-04-28 09:51:47.143111,2026-04-28 09:51:47.143111,25.75046157836914
2026-04-28 09:51:47.344510,2026-04-28 09:51:47.344510,25.75507926940918
2026-04-28 09:51:47.546690,2026-04-28 09:51:47.546690,25.75900650024414
2026-04-28 09:51:47.743459,2026-04-28 09:51:47.743459,25.76234245300293
2026-04-28 09:51:47.943559,2026-04-28 09:51:47.943559,25.76517868041992
2026-04-28 09:51:48.143739,2026-04-28 09:51:48.143739,25.7675895690918
2026-04-28 09:51:48.342650,2026-04-28 09:51:48.342650,25.76963806152344
2026-04-28 09:51:48.542661,2026-04-28 09:51:48.542661,25.771379470825195
2026-04-28 09:51:48.745359,2026-04-28 09:51:48.745359,25.772859573364254
2026-04-28 09:51:48.943163,2026-04-28 09:51:48.943163,25.774118423461918
2026-04-28 09:51:49.144888,2026-04-28 09:51:49.144888,25.77518844604492
2026-04-28 09:51:49.345268,2026-04-28 09:51:49.345268,25.776098251342773
2026-04-28 09:51:49.543324,2026-04-28 09:51:49.543324,25.776870727539062
2026-04-28 09:51:49.743070,2026-04-28 09:51:49.743070,25.77752685546875
2026-04-28 09:51:49.944020,2026-04-28 09:51:49.944020,25.778085708618164
2026-04-28 09:51:50.146998,2026-04-28 09:51:50.146998,25.77856063842773
2026-04-28 09:51:50.342388,2026-04-28 09:51:50.342388,25.778963088989254
2026-04-28 09:51:50.543750,2026-04-28 09:51:50.543750,25.779306411743164
2026-04-28 09:51:50.743040,2026-04-28 09:51:50.743040,25.779598236083984
2026-04-28 09:51:50.942874,2026-04-28 09:51:50.942874,25.77984619140625
2026-04-28 09:51:51.143472,2026-04-28 09:51:51.143472,25.78005599975586
2026-04-28 09:51:51.342307,2026-04-28 09:51:51.342307,25.780235290527344
2026-04-28 09:51:51.543453,2026-04-28 09:51:51.543453,25.60460662841797
2026-04-28 09:51:51.744139,2026-04-28 09:51:51.744139,25.455322265625
2026-04-28 09:51:51.942952,2026-04-28 09:51:51.942952,25.15264892578125
2026-04-28 09:51:52.142597,2026-04-28 09:51:52.142597,24.895376205444336
2026-04-28 09:51:52.343656,2026-04-28 09:51:52.343656,24.67669486999512
2026-04-28 09:51:52.542804,2026-04-28 09:51:52.542804,24.490816116333008
2026-04-28 09:51:52.744537,2026-04-28 09:51:52.744537,24.33281898498535
2026-04-28 09:51:52.942653,2026-04-28 09:51:52.942653,24.19852066040039
2026-04-28 09:51:53.142434,2026-04-28 09:51:53.142434,24.084367752075195
2026-04-28 09:51:53.344766,2026-04-28 09:51:53.344766,23.98733711242676
2026-04-28 09:51:53.542106,2026-04-28 09:51:53.542106,23.904861450195312
2026-04-28 09:51:53.743593,2026-04-28 09:51:53.743593,23.65897560119629
2026-04-28 09:51:53.942158,2026-04-28 09:51:53.942158,23.625755310058597
2026-04-28 09:51:54.142261,2026-04-28 09:51:54.142261,23.597517013549805
2026-04-28 09:51:54.342173,2026-04-28 09:51:54.342173,23.57351493835449
2026-04-28 09:51:54.542672,2026-04-28 09:51:54.542672,23.553112030029297
2026-04-28 09:51:54.742893,2026-04-28 09:51:54.742893,23.53577041625977
2026-04-28 09:51:54.943969,2026-04-28 09:51:54.943969,23.52103042602539
2026-04-28 09:51:55.142411,2026-04-28 09:51:55.142411,23.508501052856445
2026-04-28 09:51:55.342673,2026-04-28 09:51:55.342673,23.49785041809082
2026-04-28 09:51:55.549131,2026-04-28 09:51:55.549131,23.48879814147949
2026-04-28 09:51:55.746571,2026-04-28 09:51:55.746571,23.481103897094727
2026-04-28 09:51:55.944121,2026-04-28 09:51:55.944121,23.47456169128418
2026-04-28 09:51:56.142097,2026-04-28 09:51:56.142097,23.293222427368164
2026-04-28 09:51:56.346453,2026-04-28 09:51:56.346453,23.31486320495605
2026-04-28 09:51:56.542110,2026-04-28 09:51:56.542110,23.15747833251953
2026-04-28 09:51:56.742010,2026-04-28 09:51:56.742010,23.023700714111328
2026-04-28 09:51:56.942281,2026-04-28 09:51:56.942281,22.909988403320312
2026-04-28 09:51:57.142518,2026-04-28 09:51:57.142518,22.63755226135254
2026-04-28 09:51:57.348174,2026-04-28 09:51:57.348174,22.405982971191406
2026-04-28 09:51:57.542720,2026-04-28 09:51:57.542720,22.209148406982425
2026-04-28 09:51:57.744816,2026-04-28 09:51:57.744816,22.041837692260746
2026-04-28 09:51:57.943154,2026-04-28 09:51:57.943154,21.72384262084961
2026-04-28 09:51:58.144196,2026-04-28 09:51:58.144196,21.453548431396484
2026-04-28 09:51:58.342161,2026-04-28 09:51:58.342161,21.048015594482425
2026-04-28 09:51:58.544359,2026-04-28 09:51:58.544359,20.70331382751465
2026-04-28 09:51:58.742234,2026-04-28 09:51:58.742234,20.41031646728516
2026-04-28 09:51:58.945987,2026-04-28 09:51:58.945987,20.16126823425293
2026-04-28 09:51:59.144032,2026-04-28 09:51:59.144032,19.9495792388916
2026-04-28 09:51:59.342218,2026-04-28 09:51:59.342218,19.593860626220703
2026-04-28 09:51:59.542542,2026-04-28 09:51:59.542542,19.29150009155273
2026-04-28 09:51:59.741944,2026-04-28 09:51:59.741944,19.03449440002441
2026-04-28 09:51:59.941963,2026-04-28 09:51:59.941963,18.816038131713867
2026-04-28 09:52:00.142941,2026-04-28 09:52:00.142941,18.630352020263672
2026-04-28 09:52:00.344962,2026-04-28 09:52:00.344962,18.472517013549805
2026-04-28 09:52:00.543734,2026-04-28 09:52:00.543734,18.33835792541504
2026-04-28 09:52:00.752419,2026-04-28 09:52:00.752419,18.22432327270508
2026-04-28 09:52:00.942106,2026-04-28 09:52:00.942106,18.12739372253418
2026-04-28 09:52:01.143130,2026-04-28 09:52:01.143130,18.04500389099121
2026-04-28 09:52:01.345641,2026-04-28 09:52:01.345641,17.974971771240234
2026-04-28 09:52:01.544556,2026-04-28 09:52:01.544556,17.91544532775879
2026-04-28 09:52:01.744459,2026-04-28 09:52:01.744459,17.86484718322754
2026-04-28 09:52:01.952332,2026-04-28 09:52:01.952332,17.82183837890625
2026-04-28 09:52:02.143435,2026-04-28 09:52:02.143435,17.609500885009766
2026-04-28 09:52:02.346090,2026-04-28 09:52:02.346090,17.429012298583984
2026-04-28 09:52:02.546065,2026-04-28 09:52:02.546065,17.275598526000977
2026-04-28 09:52:02.744170,2026-04-28 09:52:02.744170,17.14519691467285
2026-04-28 09:52:02.947104,2026-04-28 09:52:02.947104,17.034353256225586
2026-04-28 09:52:03.144203,2026-04-28 09:52:03.144203,16.94013786315918
2026-04-28 09:52:03.345643,2026-04-28 09:52:03.345643,16.860055923461914
2026-04-28 09:52:03.543436,2026-04-28 09:52:03.543436,16.79198455810547
2026-04-28 09:52:03.743510,2026-04-28 09:52:03.743510,16.7341251373291
2026-04-28 09:52:03.942288,2026-04-28 09:52:03.942288,16.6849422454834
2026-04-28 09:52:04.144949,2026-04-28 09:52:04.144949,16.643138885498047
2026-04-28 09:52:04.344449,2026-04-28 09:52:04.344449,16.60760498046875
2026-04-28 09:52:04.547291,2026-04-28 09:52:04.547291,16.577402114868164
2026-04-28 09:52:04.745041,2026-04-28 09:52:04.745041,16.551729202270508
2026-04-28 09:52:04.955067,2026-04-28 09:52:04.955067,16.5299072265625
2026-04-28 09:52:05.142793,2026-04-28 09:52:05.142793,16.5113582611084
2026-04-28 09:52:05.343548,2026-04-28 09:52:05.343548,16.49559211730957
2026-04-28 09:52:05.543291,2026-04-28 09:52:05.543291,16.48219108581543
2026-04-28 09:52:05.745971,2026-04-28 09:52:05.745971,16.470800399780273
2026-04-28 09:52:05.946506,2026-04-28 09:52:05.946506,16.285335540771484
2026-04-28 09:52:06.142162,2026-04-28 09:52:06.142162,16.1276912689209
2026-04-28 09:52:06.344515,2026-04-28 09:52:06.344515,15.993694305419922
2026-04-28 09:52:06.547395,2026-04-28 09:52:06.547395,15.879796981811523
2026-04-28 09:52:06.743314,2026-04-28 09:52:06.743314,15.782983779907228
2026-04-28 09:52:06.945742,2026-04-28 09:52:06.945742,15.700692176818848
2026-04-28 09:52:07.149919,2026-04-28 09:52:07.149919,15.630744934082031
2026-04-28 09:52:07.344743,2026-04-28 09:52:07.344743,15.7470703125
2026-04-28 09:52:20.447538,2026-04-28 09:52:20.447538,15.670166015625
2026-04-28 09:52:20.642440,2026-04-28 09:52:20.642440,15.60479736328125
2026-04-28 09:52:20.852442,2026-04-28 09:52:20.852442,15.549234390258787
2026-04-28 09:52:21.042680,2026-04-28 09:52:21.042680,15.502005577087402
2026-04-28 09:52:21.244830,2026-04-28 09:52:21.244830,15.46186065673828
2026-04-28 09:52:21.442069,2026-04-28 09:52:21.442069,15.427738189697266
2026-04-28 09:52:21.642317,2026-04-28 09:52:21.642317,15.222951889038086
2026-04-28 09:52:21.843885,2026-04-28 09:52:21.843885,15.224665641784668
2026-04-28 09:52:22.041938,2026-04-28 09:52:22.041938,15.05034065246582
2026-04-28 09:52:22.242773,2026-04-28 09:52:22.242773,15.077945709228516
2026-04-28 09:52:22.445858,2026-04-28 09:52:22.445858,14.925628662109377
2026-04-28 09:52:22.644450,2026-04-28 09:52:22.644450,14.620378494262695
2026-04-28 09:52:22.843280,2026-04-28 09:52:22.843280,14.360915184020996
2026-04-28 09:52:23.046230,2026-04-28 09:52:23.046230,14.140372276306152
2026-04-28 09:52:23.242114,2026-04-28 09:52:23.242114,13.952909469604492
2026-04-28 09:52:23.443897,2026-04-28 09:52:23.443897,13.969347953796388
2026-04-28 09:52:23.643366,2026-04-28 09:52:23.643366,13.983321189880373
2026-04-28 09:52:23.845019,2026-04-28 09:52:23.845019,13.819416999816896
2026-04-28 09:52:24.044455,2026-04-28 09:52:24.044455,13.680097579956056
2026-04-28 09:52:24.245270,2026-04-28 09:52:24.245270,13.56167697906494
2026-04-28 09:52:24.445421,2026-04-28 09:52:24.445421,13.461019515991213
2026-04-28 09:52:24.645206,2026-04-28 09:52:24.645206,13.375459671020508
2026-04-28 09:52:24.846481,2026-04-28 09:52:24.846481,13.302734375
2026-04-28 09:52:25.044833,2026-04-28 09:52:25.044833,13.240918159484863
2026-04-28 09:52:25.246152,2026-04-28 09:52:25.246152,13.188374519348145
2026-04-28 09:52:25.445511,2026-04-28 09:52:25.445511,13.143712043762209
2026-04-28 09:52:25.645106,2026-04-28 09:52:25.645106,13.105749130249023
2026-04-28 09:52:25.844621,2026-04-28 09:52:25.844621,13.073480606079102
2026-04-28 09:52:26.042216,2026-04-28 09:52:26.042216,12.87027072906494
2026-04-28 09:52:26.242160,2026-04-28 09:52:26.242160,12.697542190551758
2026-04-28 09:52:26.443980,2026-04-28 09:52:26.443980,12.550724029541016
2026-04-28 09:52:26.646441,2026-04-28 09:52:26.646441,12.425928115844728
2026-04-28 09:52:26.846724,2026-04-28 09:52:26.846724,12.49563217163086
2026-04-28 09:52:27.042142,2026-04-28 09:52:27.042142,12.20331859588623
2026-04-28 09:52:27.252735,2026-04-28 09:52:27.252735,11.954852104187012
2026-04-28 09:52:27.444966,2026-04-28 09:52:27.444966,11.56787395477295
2026-04-28 09:52:27.644594,2026-04-28 09:52:27.644594,11.238943099975586
2026-04-28 09:52:27.844842,2026-04-28 09:52:27.844842,10.959351539611816
2026-04-28 09:52:28.043710,2026-04-28 09:52:28.043710,10.721698760986328
2026-04-28 09:52:28.246062,2026-04-28 09:52:28.246062,10.519694328308104
2026-04-28 09:52:28.446741,2026-04-28 09:52:28.446741,10.172208786010742
2026-04-28 09:52:28.645593,2026-04-28 09:52:28.645593,11.107315063476562
2026-04-28 09:52:28.845811,2026-04-28 09:52:28.845811,11.902154922485352
2026-04-28 09:52:29.044593,2026-04-28 09:52:29.044593,12.75355052947998
2026-04-28 09:52:29.241976,2026-04-28 09:52:29.241976,13.4772367477417
2026-04-28 09:52:29.444050,2026-04-28 09:52:29.444050,14.09237003326416
2026-04-28 09:52:29.642488,2026-04-28 09:52:29.642488,14.615233421325684
2026-04-28 09:52:29.841956,2026-04-28 09:52:29.841956,15.059666633605955
2026-04-28 09:52:30.042191,2026-04-28 09:52:30.042191,15.4374361038208
2026-04-28 09:52:30.245024,2026-04-28 09:52:30.245024,15.758539199829102
2026-04-28 09:52:30.442515,2026-04-28 09:52:30.442515,15.855695724487305
2026-04-28 09:52:30.643457,2026-04-28 09:52:30.643457,15.938279151916504
2026-04-28 09:52:30.845595,2026-04-28 09:52:30.845595,16.008474349975586
2026-04-28 09:52:31.043224,2026-04-28 09:52:31.043224,16.068140029907227
2026-04-28 09:52:31.241898,2026-04-28 09:52:31.241898,16.29463768005371
2026-04-28 09:52:31.444955,2026-04-28 09:52:31.444955,16.31138038635254
2026-04-28 09:52:31.642038,2026-04-28 09:52:31.642038,16.501392364501953
2026-04-28 09:52:31.844963,2026-04-28 09:52:31.844963,15.080870628356934
2026-04-28 09:52:32.042051,2026-04-28 09:52:32.042051,13.873427391052246
2026-04-28 09:52:32.242838,2026-04-28 09:52:32.242838,12.847101211547852
2026-04-28 09:52:32.443634,2026-04-28 09:52:32.443634,11.974722862243652
2026-04-28 09:52:32.642325,2026-04-28 09:52:32.642325,11.23320198059082
2026-04-28 09:52:32.844474,2026-04-28 09:52:32.844474,10.778690338134766
2026-04-28 09:52:33.043742,2026-04-28 09:52:33.043742,10.392355918884276
2026-04-28 09:52:33.243766,2026-04-28 09:52:33.243766,10.063971519470217
2026-04-28 09:52:33.441916,2026-04-28 09:52:33.441916,9.784844398498535
2026-04-28 09:52:33.644802,2026-04-28 09:52:33.644802,9.54758644104004
2026-04-28 09:52:33.841973,2026-04-28 09:52:33.841973,9.345916748046877
2026-04-28 09:52:34.045581,2026-04-28 09:52:34.045581,9.350279808044434
2026-04-28 09:52:34.245629,2026-04-28 09:52:34.245629,9.35398769378662
2026-04-28 09:52:34.446793,2026-04-28 09:52:34.446793,9.532920837402344
2026-04-28 09:52:34.645497,2026-04-28 09:52:34.645497,9.685013771057127
2026-04-28 09:52:34.844473,2026-04-28 09:52:34.844473,9.990074157714844
2026-04-28 09:52:35.043795,2026-04-28 09:52:35.043795,10.249375343322754
2026-04-28 09:52:35.243003,2026-04-28 09:52:35.243003,10.469781875610352
2026-04-28 09:52:35.443020,2026-04-28 09:52:35.443020,10.832908630371094
2026-04-28 09:52:35.642061,2026-04-28 09:52:35.642061,11.141566276550291
2026-04-28 09:52:35.841859,2026-04-28 09:52:35.841859,11.403924942016602
2026-04-28 09:52:36.042000,2026-04-28 09:52:36.042000,11.62692928314209
2026-04-28 09:52:36.242994,2026-04-28 09:52:36.242994,11.816484451293944
2026-04-28 09:52:36.446569,2026-04-28 09:52:36.446569,11.977604866027832
2026-04-28 09:52:36.644985,2026-04-28 09:52:36.644985,11.938776969909668
2026-04-28 09:52:36.842196,2026-04-28 09:52:36.842196,11.905773162841797
2026-04-28 09:52:37.043284,2026-04-28 09:52:37.043284,11.87771987915039
2026-04-28 09:52:37.246479,2026-04-28 09:52:37.246479,12.029655456542969
2026-04-28 09:52:37.442471,2026-04-28 09:52:37.442471,12.158801078796388
2026-04-28 09:52:37.644344,2026-04-28 09:52:37.644344,12.268574714660645
2026-04-28 09:52:37.842294,2026-04-28 09:52:37.842294,12.537663459777832
2026-04-28 09:52:38.045187,2026-04-28 09:52:38.045187,12.76638889312744
2026-04-28 09:52:38.242645,2026-04-28 09:52:38.242645,12.960805892944336
2026-04-28 09:52:38.442790,2026-04-28 09:52:38.442790,13.126059532165527
2026-04-28 09:52:38.645431,2026-04-28 09:52:38.645431,13.090744018554688
2026-04-28 09:52:38.844585,2026-04-28 09:52:38.844585,13.236507415771484
2026-04-28 09:52:39.043051,2026-04-28 09:52:39.043051,13.360406875610352
2026-04-28 09:52:39.244020,2026-04-28 09:52:39.244020,13.465720176696776
2026-04-28 09:52:39.444526,2026-04-28 09:52:39.444526,13.555237770080566
2026-04-28 09:52:39.642981,2026-04-28 09:52:39.642981,13.63132667541504
2026-04-28 09:52:39.844091,2026-04-28 09:52:39.844091,13.696002960205078
2026-04-28 09:52:40.043685,2026-04-28 09:52:40.043685,13.750977516174316
2026-04-28 09:52:40.243327,2026-04-28 09:52:40.243327,13.79770565032959
2026-04-28 09:52:40.444242,2026-04-28 09:52:40.444242,13.837425231933594
2026-04-28 09:52:40.643318,2026-04-28 09:52:40.643318,13.871186256408691
2026-04-28 09:52:40.843928,2026-04-28 09:52:40.843928,13.899883270263672
2026-04-28 09:52:41.043052,2026-04-28 09:52:41.043052,13.924275398254396
2026-04-28 09:52:41.247703,2026-04-28 09:52:41.247703,13.769227981567385
2026-04-28 09:52:41.454035,2026-04-28 09:52:41.454035,13.81321907043457
2026-04-28 09:52:41.642754,2026-04-28 09:52:41.642754,13.850610733032228
2026-04-28 09:52:41.844630,2026-04-28 09:52:41.844630,13.882394790649414
2026-04-28 09:52:42.043142,2026-04-28 09:52:42.043142,13.90941047668457
2026-04-28 09:52:42.245481,2026-04-28 09:52:42.245481,13.932374000549316
2026-04-28 09:52:42.442518,2026-04-28 09:52:42.442518,13.951892852783203
2026-04-28 09:52:42.642997,2026-04-28 09:52:42.642997,13.968483924865724
2026-04-28 09:52:42.844042,2026-04-28 09:52:42.844042,13.982585906982422
2026-04-28 09:52:43.046999,2026-04-28 09:52:43.046999,13.994573593139648
2026-04-28 09:52:43.243361,2026-04-28 09:52:43.243361,14.004762649536133
2026-04-28 09:52:43.446488,2026-04-28 09:52:43.446488,14.013422966003418
2026-04-28 09:52:43.645225,2026-04-28 09:52:43.645225,14.020784378051758
2026-04-28 09:52:43.844109,2026-04-28 09:52:43.844109,14.0270414352417
2026-04-28 09:52:44.045013,2026-04-28 09:52:44.045013,14.032360076904297
2026-04-28 09:52:44.244883,2026-04-28 09:52:44.244883,14.03688144683838
2026-04-28 09:52:44.448044,2026-04-28 09:52:44.448044,14.04072380065918
2026-04-28 09:52:44.644730,2026-04-28 09:52:44.644730,14.043990135192873
2026-04-28 09:52:44.848886,2026-04-28 09:52:44.848886,13.870985984802246
2026-04-28 09:52:45.045746,2026-04-28 09:52:45.045746,13.723931312561035
2026-04-28 09:52:45.244595,2026-04-28 09:52:45.244595,13.423154830932615
2026-04-28 09:52:45.444438,2026-04-28 09:52:45.444438,13.16749382019043
2026-04-28 09:52:45.643678,2026-04-28 09:52:45.643678,12.95018196105957
2026-04-28 09:52:58.744141,2026-04-28 09:52:58.744141,12.589686393737791
2026-04-28 09:52:58.941900,2026-04-28 09:52:58.941900,12.28326416015625
2026-04-28 09:52:59.142726,2026-04-28 09:52:59.142726,12.19858741760254
2026-04-28 09:52:59.342023,2026-04-28 09:52:59.342023,12.126611709594728
2026-04-28 09:52:59.545435,2026-04-28 09:52:59.545435,12.06543254852295
2026-04-28 09:52:59.745053,2026-04-28 09:52:59.745053,12.013429641723633
2026-04-28 09:52:59.951971,2026-04-28 09:52:59.951971,11.79344654083252
2026-04-28 09:53:00.145042,2026-04-28 09:53:00.145042,11.606460571289062
2026-04-28 09:53:00.344248,2026-04-28 09:53:00.344248,11.44752311706543
2026-04-28 09:53:00.542030,2026-04-28 09:53:00.542030,11.31242561340332
2026-04-28 09:53:00.741951,2026-04-28 09:53:00.741951,11.197593688964844
2026-04-28 09:53:00.947554,2026-04-28 09:53:00.947554,11.099985122680664
2026-04-28 09:53:01.144588,2026-04-28 09:53:01.144588,11.017019271850586
2026-04-28 09:53:01.342909,2026-04-28 09:53:01.342909,10.946496963500977
2026-04-28 09:53:01.543096,2026-04-28 09:53:01.543096,10.710772514343262
2026-04-28 09:53:01.743054,2026-04-28 09:53:01.743054,10.510406494140623
2026-04-28 09:53:01.945516,2026-04-28 09:53:01.945516,10.340095520019531
2026-04-28 09:53:02.143577,2026-04-28 09:53:02.143577,10.195331573486328
2026-04-28 09:53:02.344122,2026-04-28 09:53:02.344122,10.07228183746338
2026-04-28 09:53:02.546856,2026-04-28 09:53:02.546856,9.967689514160156
2026-04-28 09:53:02.744748,2026-04-28 09:53:02.744748,9.878786087036133
2026-04-28 09:53:02.946419,2026-04-28 09:53:02.946419,9.803217887878418
2026-04-28 09:53:03.142268,2026-04-28 09:53:03.142268,9.738985061645508
2026-04-28 09:53:03.342346,2026-04-28 09:53:03.342346,9.68438720703125
2026-04-28 09:53:03.546611,2026-04-28 09:53:03.546611,9.637979507446287
2026-04-28 09:53:03.742587,2026-04-28 09:53:03.742587,9.598532676696776
2026-04-28 09:53:03.942575,2026-04-28 09:53:03.942575,9.56500244140625
2026-04-28 09:53:04.144235,2026-04-28 09:53:04.144235,9.53650188446045
2026-04-28 09:53:04.344871,2026-04-28 09:53:04.344871,9.512276649475098
2026-04-28 09:53:04.542134,2026-04-28 09:53:04.542134,9.667466163635254
2026-04-28 09:53:04.742247,2026-04-28 09:53:04.742247,9.79937744140625
2026-04-28 09:53:04.946621,2026-04-28 09:53:04.946621,9.911502838134766
2026-04-28 09:53:05.143423,2026-04-28 09:53:05.143423,10.006808280944824
2026-04-28 09:53:05.343097,2026-04-28 09:53:05.343097,10.087818145751951
2026-04-28 09:53:05.545027,2026-04-28 09:53:05.545027,10.15667724609375
2026-04-28 09:53:05.745910,2026-04-28 09:53:05.745910,10.390987396240234
2026-04-28 09:53:05.944957,2026-04-28 09:53:05.944957,10.4143705368042
2026-04-28 09:53:06.144929,2026-04-28 09:53:06.144929,10.610027313232422
2026-04-28 09:53:06.342286,2026-04-28 09:53:06.342286,10.77633571624756
2026-04-28 09:53:06.546947,2026-04-28 09:53:06.546947,10.91769790649414
2026-04-28 09:53:06.745842,2026-04-28 09:53:06.745842,11.213637351989746
2026-04-28 09:53:06.943610,2026-04-28 09:53:06.943610,11.465185165405272
2026-04-28 09:53:07.143791,2026-04-28 09:53:07.143791,11.679000854492188
2026-04-28 09:53:07.345104,2026-04-28 09:53:07.345104,11.86074447631836
2026-04-28 09:53:07.544732,2026-04-28 09:53:07.544732,12.01522731781006
2026-04-28 09:53:07.741887,2026-04-28 09:53:07.741887,12.146536827087402
2026-04-28 09:53:07.944603,2026-04-28 09:53:07.944603,12.258150100708008
2026-04-28 09:53:08.146549,2026-04-28 09:53:08.146549,12.353020668029783
2026-04-28 09:53:08.344882,2026-04-28 09:53:08.344882,12.433661460876465
2026-04-28 09:53:08.545108,2026-04-28 09:53:08.545108,12.502205848693848
2026-04-28 09:53:08.742013,2026-04-28 09:53:08.742013,12.560468673706056
2026-04-28 09:53:08.942340,2026-04-28 09:53:08.942340,12.609992027282717
2026-04-28 09:53:09.144621,2026-04-28 09:53:09.144621,12.652087211608888
2026-04-28 09:53:09.344622,2026-04-28 09:53:09.344622,12.687868118286133
2026-04-28 09:53:09.545669,2026-04-28 09:53:09.545669,12.542500495910645
2026-04-28 09:53:09.743487,2026-04-28 09:53:09.743487,12.418937683105469
2026-04-28 09:53:09.943666,2026-04-28 09:53:09.943666,12.489690780639648
2026-04-28 09:53:10.141945,2026-04-28 09:53:10.141945,12.72561264038086
2026-04-28 09:53:10.347043,2026-04-28 09:53:10.347043,12.926145553588867
2026-04-28 09:53:10.547903,2026-04-28 09:53:10.547903,13.096598625183104
2026-04-28 09:53:10.743284,2026-04-28 09:53:10.743284,13.241483688354492
2026-04-28 09:53:10.942623,2026-04-28 09:53:10.942623,13.540417671203612
2026-04-28 09:53:11.144089,2026-04-28 09:53:11.144089,13.618729591369627
2026-04-28 09:53:11.341985,2026-04-28 09:53:11.341985,13.685295104980469
2026-04-28 09:53:11.543210,2026-04-28 09:53:11.543210,13.741875648498535
2026-04-28 09:53:11.742422,2026-04-28 09:53:11.742422,13.789969444274902
2026-04-28 09:53:11.953456,2026-04-28 09:53:11.953456,13.830849647521973
2026-04-28 09:53:12.143496,2026-04-28 09:53:12.143496,13.865596771240234
2026-04-28 09:53:12.353672,2026-04-28 09:53:12.353672,13.895132064819336
2026-04-28 09:53:12.543943,2026-04-28 09:53:12.543943,13.74445629119873
2026-04-28 09:53:12.744465,2026-04-28 09:53:12.744465,13.616381645202637
2026-04-28 09:53:12.942521,2026-04-28 09:53:12.942521,13.50751781463623
2026-04-28 09:53:13.142962,2026-04-28 09:53:13.142962,13.414983749389648
2026-04-28 09:53:13.342003,2026-04-28 09:53:13.342003,13.33633041381836
2026-04-28 09:53:13.544802,2026-04-28 09:53:13.544802,13.269474029541016
2026-04-28 09:53:13.742046,2026-04-28 09:53:13.742046,13.212647438049316
2026-04-28 09:53:13.941933,2026-04-28 09:53:13.941933,12.98856258392334
2026-04-28 09:53:14.145413,2026-04-28 09:53:14.145413,12.798090934753418
2026-04-28 09:53:14.341973,2026-04-28 09:53:14.341973,12.636189460754396
2026-04-28 09:53:14.542836,2026-04-28 09:53:14.542836,12.498573303222656
2026-04-28 09:53:14.743745,2026-04-28 09:53:14.743745,12.381600379943848
2026-04-28 09:53:14.942308,2026-04-28 09:53:14.942308,12.282172203063965
2026-04-28 09:53:15.142883,2026-04-28 09:53:15.142883,12.197659492492676
2026-04-28 09:53:15.341925,2026-04-28 09:53:15.341925,12.12582302093506
2026-04-28 09:53:15.544496,2026-04-28 09:53:15.544496,12.064762115478516
2026-04-28 09:53:15.742651,2026-04-28 09:53:15.742651,12.012860298156738
2026-04-28 09:53:15.942590,2026-04-28 09:53:15.942590,11.968743324279783
2026-04-28 09:53:16.142221,2026-04-28 09:53:16.142221,11.931244850158691
2026-04-28 09:53:16.343517,2026-04-28 09:53:16.343517,11.899370193481444
2026-04-28 09:53:16.542363,2026-04-28 09:53:16.542363,11.87227725982666
2026-04-28 09:53:16.741870,2026-04-28 09:53:16.741870,11.849247932434082
2026-04-28 09:53:16.942180,2026-04-28 09:53:16.942180,11.829673767089844
2026-04-28 09:53:17.141914,2026-04-28 09:53:17.141914,11.813035011291504
2026-04-28 09:53:17.342559,2026-04-28 09:53:17.342559,11.6231107711792
2026-04-28 09:53:17.545640,2026-04-28 09:53:17.545640,11.637456893920898
2026-04-28 09:53:17.745331,2026-04-28 09:53:17.745331,11.473869323730469
2026-04-28 09:53:17.942815,2026-04-28 09:53:17.942815,11.510601997375488
2026-04-28 09:53:18.142143,2026-04-28 09:53:18.142143,11.366043090820312
2026-04-28 09:53:18.343062,2026-04-28 09:53:18.343062,11.418949127197266
2026-04-28 09:53:18.544266,2026-04-28 09:53:18.544266,11.288137435913086
2026-04-28 09:53:18.742005,2026-04-28 09:53:18.742005,11.17694854736328
2026-04-28 09:53:18.942348,2026-04-28 09:53:18.942348,11.082437515258787
2026-04-28 09:53:19.142032,2026-04-28 09:53:19.142032,11.002102851867676
2026-04-28 09:53:19.342214,2026-04-28 09:53:19.342214,10.933818817138672
2026-04-28 09:53:19.544469,2026-04-28 09:53:19.544469,10.875777244567873
2026-04-28 09:53:19.744066,2026-04-28 09:53:19.744066,10.826441764831545
2026-04-28 09:53:19.942571,2026-04-28 09:53:19.942571,10.960288047790527
2026-04-28 09:53:20.145501,2026-04-28 09:53:20.145501,11.074057579040527
2026-04-28 09:53:20.342796,2026-04-28 09:53:20.342796,10.994979858398438
2026-04-28 09:53:20.543090,2026-04-28 09:53:20.543090,10.927763938903809
2026-04-28 09:53:20.747094,2026-04-28 09:53:20.747094,11.046412467956545
2026-04-28 09:53:20.943150,2026-04-28 09:53:20.943150,11.147262573242188
2026-04-28 09:53:21.144240,2026-04-28 09:53:21.144240,11.232985496520996
2026-04-28 09:53:21.344062,2026-04-28 09:53:21.344062,11.4816312789917
2026-04-28 09:53:21.547741,2026-04-28 09:53:21.547741,11.692980766296388
2026-04-28 09:53:21.744262,2026-04-28 09:53:21.744262,11.69684600830078
2026-04-28 09:53:21.941990,2026-04-28 09:53:21.941990,11.8759126663208
2026-04-28 09:53:22.142113,2026-04-28 09:53:22.142113,12.028120040893556
2026-04-28 09:53:22.341861,2026-04-28 09:53:22.341861,12.157495498657228
2026-04-28 09:53:22.543724,2026-04-28 09:53:22.543724,12.619027137756348
2026-04-28 09:53:22.742642,2026-04-28 09:53:22.742642,12.659767150878906
2026-04-28 09:53:22.944810,2026-04-28 09:53:22.944810,12.694396018981934
2026-04-28 09:53:23.143854,2026-04-28 09:53:23.143854,12.548048973083496
2026-04-28 09:53:23.342010,2026-04-28 09:53:23.342010,12.423653602600098
2026-04-28 09:53:23.543080,2026-04-28 09:53:23.543080,12.31791877746582
2026-04-28 09:53:23.745023,2026-04-28 09:53:23.745023,12.22804355621338
2026-04-28 09:53:23.946264,2026-04-28 09:53:23.946264,11.975868225097656
2026-04-28 09:53:37.046564,2026-04-28 09:53:37.046564,11.761519432067873
2026-04-28 09:53:37.241871,2026-04-28 09:53:37.241871,11.579322814941406
2026-04-28 09:53:37.443626,2026-04-28 09:53:37.443626,11.424455642700195
2026-04-28 09:53:37.645347,2026-04-28 09:53:37.645347,11.292818069458008
2026-04-28 09:53:37.843061,2026-04-28 09:53:37.843061,11.180926322937012
2026-04-28 09:53:38.041939,2026-04-28 09:53:38.041939,11.085819244384766
2026-04-28 09:53:38.244578,2026-04-28 09:53:38.244578,11.004977226257324
2026-04-28 09:53:38.443395,2026-04-28 09:53:38.443395,10.936262130737305
2026-04-28 09:53:38.642560,2026-04-28 09:53:38.642560,10.877854347229004
2026-04-28 09:53:38.842010,2026-04-28 09:53:38.842010,10.828207015991213
2026-04-28 09:53:39.042669,2026-04-28 09:53:39.042669,10.786006927490234
2026-04-28 09:53:39.253537,2026-04-28 09:53:39.253537,10.750137329101562
2026-04-28 09:53:39.442436,2026-04-28 09:53:39.442436,10.543867111206056
2026-04-28 09:53:39.644439,2026-04-28 09:53:39.644439,13.356818199157717
2026-04-28 09:53:39.842015,2026-04-28 09:53:39.842015,15.74782657623291
2026-04-28 09:53:40.045923,2026-04-28 09:53:40.045923,17.780183792114258
2026-04-28 09:53:40.244676,2026-04-28 09:53:40.244676,19.507686614990234
2026-04-28 09:53:40.445235,2026-04-28 09:53:40.445235,20.97606658935547
2026-04-28 09:53:40.644376,2026-04-28 09:53:40.644376,22.22418785095215
2026-04-28 09:53:40.842782,2026-04-28 09:53:40.842782,23.28508949279785
2026-04-28 09:53:41.043859,2026-04-28 09:53:41.043859,24.186857223510746
2026-04-28 09:53:41.254076,2026-04-28 09:53:41.254076,24.95335960388184
2026-04-28 09:53:41.445284,2026-04-28 09:53:41.445284,25.604887008666992
2026-04-28 09:53:41.645888,2026-04-28 09:53:41.645888,26.1586856842041
2026-04-28 09:53:41.842255,2026-04-28 09:53:41.842255,26.629413604736328
2026-04-28 09:53:42.042166,2026-04-28 09:53:42.042166,27.02953338623047
2026-04-28 09:53:42.242514,2026-04-28 09:53:42.242514,27.1938533782959
2026-04-28 09:53:42.442744,2026-04-28 09:53:42.442744,27.33352470397949
2026-04-28 09:53:42.643941,2026-04-28 09:53:42.643941,27.452245712280277
2026-04-28 09:53:42.842576,2026-04-28 09:53:42.842576,27.02581596374512
2026-04-28 09:53:43.042725,2026-04-28 09:53:43.042725,27.014911651611328
2026-04-28 09:53:43.244390,2026-04-28 09:53:43.244390,27.00564384460449
2026-04-28 09:53:43.444452,2026-04-28 09:53:43.444452,26.821985244750977
2026-04-28 09:53:43.644788,2026-04-28 09:53:43.644788,26.66587448120117
2026-04-28 09:53:43.844561,2026-04-28 09:53:43.844561,26.533180236816406
2026-04-28 09:53:44.045323,2026-04-28 09:53:44.045323,26.420391082763672
2026-04-28 09:53:44.243500,2026-04-28 09:53:44.243500,26.324520111083984
2026-04-28 09:53:44.446877,2026-04-28 09:53:44.446877,26.243030548095703
2026-04-28 09:53:44.644283,2026-04-28 09:53:44.644283,26.173763275146484
2026-04-28 09:53:44.846239,2026-04-28 09:53:44.846239,26.114885330200195
2026-04-28 09:53:45.045807,2026-04-28 09:53:45.045807,26.06484031677246
2026-04-28 09:53:45.246068,2026-04-28 09:53:45.246068,26.02230262756348
2026-04-28 09:53:45.445281,2026-04-28 09:53:45.445281,25.98614501953125
2026-04-28 09:53:45.644438,2026-04-28 09:53:45.644438,25.95541000366211
2026-04-28 09:53:45.843161,2026-04-28 09:53:45.843161,25.92928504943848
2026-04-28 09:53:46.044848,2026-04-28 09:53:46.044848,25.731298446655277
2026-04-28 09:53:46.244581,2026-04-28 09:53:46.244581,25.563011169433597
2026-04-28 09:53:46.441954,2026-04-28 09:53:46.441954,25.419965744018555
2026-04-28 09:53:46.642470,2026-04-28 09:53:46.642470,25.298376083374023
2026-04-28 09:53:46.843606,2026-04-28 09:53:46.843606,25.19502639770508
2026-04-28 09:53:47.049497,2026-04-28 09:53:47.049497,25.107179641723636
2026-04-28 09:53:47.243511,2026-04-28 09:53:47.243511,25.032508850097656
2026-04-28 09:53:47.444059,2026-04-28 09:53:47.444059,24.793256759643555
2026-04-28 09:53:47.645490,2026-04-28 09:53:47.645490,24.589893341064453
2026-04-28 09:53:47.844154,2026-04-28 09:53:47.844154,24.41703414916992
2026-04-28 09:53:48.049295,2026-04-28 09:53:48.049295,24.270103454589844
2026-04-28 09:53:48.254678,2026-04-28 09:53:48.254678,24.145214080810547
2026-04-28 09:53:48.443068,2026-04-28 09:53:48.443068,24.0390567779541
2026-04-28 09:53:48.641864,2026-04-28 09:53:48.641864,23.948823928833008
2026-04-28 09:53:48.844264,2026-04-28 09:53:48.844264,23.87212371826172
2026-04-28 09:53:49.042326,2026-04-28 09:53:49.042326,23.806930541992188
2026-04-28 09:53:49.243018,2026-04-28 09:53:49.243018,23.75151634216309
2026-04-28 09:53:49.442693,2026-04-28 09:53:49.442693,23.70441436767578
2026-04-28 09:53:49.646043,2026-04-28 09:53:49.646043,23.66437721252441
2026-04-28 09:53:49.842144,2026-04-28 09:53:49.842144,23.63034439086914
2026-04-28 09:53:50.042767,2026-04-28 09:53:50.042767,23.601417541503903
2026-04-28 09:53:50.252817,2026-04-28 09:53:50.252817,23.57682991027832
2026-04-28 09:53:50.444353,2026-04-28 09:53:50.444353,23.555931091308597
2026-04-28 09:53:50.644115,2026-04-28 09:53:50.644115,23.538166046142575
2026-04-28 09:53:50.845452,2026-04-28 09:53:50.845452,23.5230655670166
2026-04-28 09:53:51.044642,2026-04-28 09:53:51.044642,23.510231018066406
2026-04-28 09:53:51.242421,2026-04-28 09:53:51.242421,23.49932098388672
2026-04-28 09:53:51.442103,2026-04-28 09:53:51.442103,23.490049362182617
2026-04-28 09:53:51.644539,2026-04-28 09:53:51.644539,23.482166290283203
2026-04-28 09:53:51.844086,2026-04-28 09:53:51.844086,23.475465774536133
2026-04-28 09:53:52.042173,2026-04-28 09:53:52.042173,23.469770431518555
2026-04-28 09:53:52.242321,2026-04-28 09:53:52.242321,23.46493148803711
2026-04-28 09:53:52.443586,2026-04-28 09:53:52.443586,23.4608154296875
2026-04-28 09:53:52.653571,2026-04-28 09:53:52.653571,23.457319259643555
2026-04-28 09:53:52.843501,2026-04-28 09:53:52.843501,23.630126953125
2026-04-28 09:53:53.042769,2026-04-28 09:53:53.042769,23.777013778686523
2026-04-28 09:53:53.244233,2026-04-28 09:53:53.244233,23.90186882019043
2026-04-28 09:53:53.442663,2026-04-28 09:53:53.442663,24.00799369812012
2026-04-28 09:53:53.645314,2026-04-28 09:53:53.645314,24.098201751708984
2026-04-28 09:53:53.842079,2026-04-28 09:53:53.842079,24.174877166748047
2026-04-28 09:53:54.055450,2026-04-28 09:53:54.055450,24.24005126953125
2026-04-28 09:53:54.243305,2026-04-28 09:53:54.243305,24.29545021057129
2026-04-28 09:53:54.453583,2026-04-28 09:53:54.453583,24.342538833618164
2026-04-28 09:53:54.642523,2026-04-28 09:53:54.642523,24.38256454467773
2026-04-28 09:53:54.846363,2026-04-28 09:53:54.846363,24.41658592224121
2026-04-28 09:53:55.044252,2026-04-28 09:53:55.044252,24.445505142211918
2026-04-28 09:53:55.242003,2026-04-28 09:53:55.242003,24.47008514404297
2026-04-28 09:53:55.454055,2026-04-28 09:53:55.454055,24.4909782409668
2026-04-28 09:53:55.642848,2026-04-28 09:53:55.642848,24.684518814086918
2026-04-28 09:53:55.842345,2026-04-28 09:53:55.842345,24.849029541015625
2026-04-28 09:53:56.043298,2026-04-28 09:53:56.043298,24.988862991333008
2026-04-28 09:53:56.245083,2026-04-28 09:53:56.245083,25.10771942138672
2026-04-28 09:53:56.442524,2026-04-28 09:53:56.442524,25.208749771118164
2026-04-28 09:53:56.645502,2026-04-28 09:53:56.645502,25.29462432861328
2026-04-28 09:53:56.843851,2026-04-28 09:53:56.843851,25.367618560791016
2026-04-28 09:53:57.052191,2026-04-28 09:53:57.052191,25.429662704467773
2026-04-28 09:53:57.243097,2026-04-28 09:53:57.243097,25.48240089416504
2026-04-28 09:53:57.455556,2026-04-28 09:53:57.455556,25.70301055908203
2026-04-28 09:53:57.654701,2026-04-28 09:53:57.654701,25.890527725219727
2026-04-28 09:53:57.846186,2026-04-28 09:53:57.846186,26.049917221069336
2026-04-28 09:53:58.043180,2026-04-28 09:53:58.043180,26.18539810180664
2026-04-28 09:53:58.242741,2026-04-28 09:53:58.242741,26.300556182861328
2026-04-28 09:53:58.442213,2026-04-28 09:53:58.442213,26.398441314697266
2026-04-28 09:53:58.653285,2026-04-28 09:53:58.653285,26.481645584106445
2026-04-28 09:53:58.855186,2026-04-28 09:53:58.855186,26.552366256713867
2026-04-28 09:53:59.054105,2026-04-28 09:53:59.054105,26.61248016357422
2026-04-28 09:53:59.242694,2026-04-28 09:53:59.242694,26.663578033447266
2026-04-28 09:53:59.443814,2026-04-28 09:53:59.443814,26.70701026916504
2026-04-28 09:53:59.647358,2026-04-28 09:53:59.647358,26.743927001953125
2026-04-28 09:53:59.844029,2026-04-28 09:53:59.844029,26.77530670166016
2026-04-28 09:54:00.043143,2026-04-28 09:54:00.043143,26.801979064941406
2026-04-28 09:54:00.253119,2026-04-28 09:54:00.253119,26.82465171813965
2026-04-28 09:54:00.443589,2026-04-28 09:54:00.443589,26.843921661376957
2026-04-28 09:54:00.654692,2026-04-28 09:54:00.654692,26.860301971435547
2026-04-28 09:54:00.844642,2026-04-28 09:54:00.844642,26.87422561645508
2026-04-28 09:54:01.044693,2026-04-28 09:54:01.044693,26.88606071472168
2026-04-28 09:54:01.253380,2026-04-28 09:54:01.253380,26.896120071411133
2026-04-28 09:54:01.447261,2026-04-28 09:54:01.447261,26.90467071533203
2026-04-28 09:54:01.647391,2026-04-28 09:54:01.647391,26.91193962097168
2026-04-28 09:54:01.852156,2026-04-28 09:54:01.852156,26.91811752319336
2026-04-28 09:54:02.044471,2026-04-28 09:54:02.044471,26.92336845397949
2026-04-28 09:54:02.259176,2026-04-28 09:54:02.259176,26.927831649780277
2026-04-28 09:54:15.353282,2026-04-28 09:54:15.353282,26.931625366210938
2026-04-28 09:54:15.553447,2026-04-28 09:54:15.553447,26.934850692749023
2026-04-28 09:54:15.753573,2026-04-28 09:54:15.753573,26.93759155273437
2026-04-28 09:54:15.950789,2026-04-28 09:54:15.950789,26.939922332763672
2026-04-28 09:54:16.155343,2026-04-28 09:54:16.155343,26.94190216064453
2026-04-28 09:54:16.353129,2026-04-28 09:54:16.353129,26.943586349487305
2026-04-28 09:54:16.552703,2026-04-28 09:54:16.552703,26.945016860961918
2026-04-28 09:54:16.755318,2026-04-28 09:54:16.755318,26.94623374938965
2026-04-28 09:54:16.956021,2026-04-28 09:54:16.956021,26.947267532348636
2026-04-28 09:54:17.156015,2026-04-28 09:54:17.156015,27.123926162719727
2026-04-28 09:54:17.353874,2026-04-28 09:54:17.353874,27.27408790588379
2026-04-28 09:54:17.555673,2026-04-28 09:54:17.555673,27.401723861694336
2026-04-28 09:54:17.756217,2026-04-28 09:54:17.756217,27.510215759277344
2026-04-28 09:54:17.954437,2026-04-28 09:54:17.954437,27.602434158325195
2026-04-28 09:54:18.158513,2026-04-28 09:54:18.158513,27.680818557739254
2026-04-28 09:54:18.356529,2026-04-28 09:54:18.356529,27.747446060180664
2026-04-28 09:54:18.553067,2026-04-28 09:54:18.553067,27.804079055786133
2026-04-28 09:54:18.745496,2026-04-28 09:54:18.745496,27.85221672058105
2026-04-28 09:54:18.954064,2026-04-28 09:54:18.954064,27.89313507080078
2026-04-28 09:54:19.143326,2026-04-28 09:54:19.143326,27.927913665771484
2026-04-28 09:54:19.356961,2026-04-28 09:54:19.356961,27.78169631958008
2026-04-28 09:54:19.552323,2026-04-28 09:54:19.552323,27.83319091796875
2026-04-28 09:54:19.744252,2026-04-28 09:54:19.744252,27.876962661743164
2026-04-28 09:54:19.955256,2026-04-28 09:54:19.955256,27.91416931152344
2026-04-28 09:54:20.153032,2026-04-28 09:54:20.153032,27.94579315185547
2026-04-28 09:54:20.343822,2026-04-28 09:54:20.343822,27.97267341613769
2026-04-28 09:54:20.552084,2026-04-28 09:54:20.552084,27.99552345275879
2026-04-28 09:54:20.756636,2026-04-28 09:54:20.756636,28.01494407653809
2026-04-28 09:54:20.952622,2026-04-28 09:54:20.952622,28.03145217895508
2026-04-28 09:54:21.146514,2026-04-28 09:54:21.146514,28.04548454284668
2026-04-28 09:54:21.345854,2026-04-28 09:54:21.345854,28.05741310119629
2026-04-28 09:54:21.553924,2026-04-28 09:54:21.553924,28.067550659179688
2026-04-28 09:54:21.757318,2026-04-28 09:54:21.757318,28.07616806030273
2026-04-28 09:54:21.957726,2026-04-28 09:54:21.957726,28.08349227905273
2026-04-28 09:54:22.153071,2026-04-28 09:54:22.153071,28.089717864990234
2026-04-28 09:54:22.354541,2026-04-28 09:54:22.354541,28.09501075744629
2026-04-28 09:54:22.552940,2026-04-28 09:54:22.552940,28.099510192871094
2026-04-28 09:54:22.754583,2026-04-28 09:54:22.754583,28.27911376953125
2026-04-28 09:54:22.955379,2026-04-28 09:54:22.955379,28.43177795410156
2026-04-28 09:54:23.143849,2026-04-28 09:54:23.143849,28.561542510986328
2026-04-28 09:54:23.346519,2026-04-28 09:54:23.346519,26.21090507507324
2026-04-28 09:54:23.553160,2026-04-28 09:54:23.553160,24.21286392211914
2026-04-28 09:54:23.752713,2026-04-28 09:54:23.752713,22.514528274536133
2026-04-28 09:54:23.954249,2026-04-28 09:54:23.954249,21.070941925048828
2026-04-28 09:54:24.155558,2026-04-28 09:54:24.155558,19.843894958496094
2026-04-28 09:54:24.354852,2026-04-28 09:54:24.354852,18.6251220703125
2026-04-28 09:54:24.555963,2026-04-28 09:54:24.555963,17.58916664123535
2026-04-28 09:54:24.744644,2026-04-28 09:54:24.744644,16.70860481262207
2026-04-28 09:54:24.943206,2026-04-28 09:54:24.943206,15.960125923156738
2026-04-28 09:54:25.145509,2026-04-28 09:54:25.145509,15.323919296264648
2026-04-28 09:54:25.354207,2026-04-28 09:54:25.354207,14.783143997192385
2026-04-28 09:54:25.553919,2026-04-28 09:54:25.553919,14.147704124450684
2026-04-28 09:54:25.752194,2026-04-28 09:54:25.752194,13.783360481262209
2026-04-28 09:54:25.958769,2026-04-28 09:54:25.958769,13.297887802124023
2026-04-28 09:54:26.152096,2026-04-28 09:54:26.152096,12.885235786437988
2026-04-28 09:54:26.356547,2026-04-28 09:54:26.356547,12.5344820022583
2026-04-28 09:54:26.555921,2026-04-28 09:54:26.555921,12.236340522766112
2026-04-28 09:54:26.745999,2026-04-28 09:54:26.745999,11.98292064666748
2026-04-28 09:54:26.946321,2026-04-28 09:54:26.946321,11.7675142288208
2026-04-28 09:54:27.152174,2026-04-28 09:54:27.152174,11.584418296813965
2026-04-28 09:54:27.347047,2026-04-28 09:54:27.347047,11.428786277770996
2026-04-28 09:54:27.552442,2026-04-28 09:54:27.552442,11.296500205993652
2026-04-28 09:54:27.746906,2026-04-28 09:54:27.746906,11.184056282043455
2026-04-28 09:54:27.952697,2026-04-28 09:54:27.952697,11.088479042053224
2026-04-28 09:54:28.152143,2026-04-28 09:54:28.152143,11.007238388061523
2026-04-28 09:54:28.352682,2026-04-28 09:54:28.352682,10.938183784484863
2026-04-28 09:54:28.554255,2026-04-28 09:54:28.554255,10.879487991333008
2026-04-28 09:54:28.752063,2026-04-28 09:54:28.752063,10.829595565795898
2026-04-28 09:54:28.952186,2026-04-28 09:54:28.952186,10.962968826293944
2026-04-28 09:54:29.147081,2026-04-28 09:54:29.147081,11.076335906982422
2026-04-28 09:54:29.344571,2026-04-28 09:54:29.344571,11.17269802093506
2026-04-28 09:54:29.546380,2026-04-28 09:54:29.546380,11.254606246948242
2026-04-28 09:54:29.752730,2026-04-28 09:54:29.752730,11.324227333068848
2026-04-28 09:54:29.944973,2026-04-28 09:54:29.944973,11.559186935424805
2026-04-28 09:54:30.156600,2026-04-28 09:54:30.156600,11.583121299743652
2026-04-28 09:54:30.344285,2026-04-28 09:54:30.344285,11.779247283935549
2026-04-28 09:54:30.542967,2026-04-28 09:54:30.542967,11.770172119140623
2026-04-28 09:54:30.757491,2026-04-28 09:54:30.757491,11.938240051269531
2026-04-28 09:54:30.952822,2026-04-28 09:54:30.952822,11.905317306518556
2026-04-28 09:54:31.144655,2026-04-28 09:54:31.144655,11.877331733703612
2026-04-28 09:54:31.353035,2026-04-28 09:54:31.353035,12.029325485229492
2026-04-28 09:54:31.554776,2026-04-28 09:54:31.554776,12.158520698547363
2026-04-28 09:54:31.752825,2026-04-28 09:54:31.752825,12.092555046081545
2026-04-28 09:54:31.953973,2026-04-28 09:54:31.953973,12.036484718322754
2026-04-28 09:54:32.157072,2026-04-28 09:54:32.157072,12.164605140686035
2026-04-28 09:54:32.354661,2026-04-28 09:54:32.354661,12.273508071899414
2026-04-28 09:54:32.556238,2026-04-28 09:54:32.556238,12.36607551574707
2026-04-28 09:54:32.753619,2026-04-28 09:54:32.753619,12.444758415222168
2026-04-28 09:54:32.952119,2026-04-28 09:54:32.952119,12.511638641357422
2026-04-28 09:54:33.153592,2026-04-28 09:54:33.153592,12.568486213684082
2026-04-28 09:54:33.354198,2026-04-28 09:54:33.354198,12.616806983947754
2026-04-28 09:54:33.552180,2026-04-28 09:54:33.552180,12.657879829406738
2026-04-28 09:54:33.753726,2026-04-28 09:54:33.753726,12.868573188781738
2026-04-28 09:54:33.958460,2026-04-28 09:54:33.958460,13.047661781311035
2026-04-28 09:54:34.152794,2026-04-28 09:54:34.152794,13.0241060256958
2026-04-28 09:54:34.351973,2026-04-28 09:54:34.351973,13.004084587097168
2026-04-28 09:54:34.552817,2026-04-28 09:54:34.552817,12.987065315246582
2026-04-28 09:54:34.754276,2026-04-28 09:54:34.754276,12.796817779541016
2026-04-28 09:54:34.943232,2026-04-28 09:54:34.943232,12.81088924407959
2026-04-28 09:54:35.156293,2026-04-28 09:54:35.156293,12.47128677368164
2026-04-28 09:54:35.353929,2026-04-28 09:54:35.353929,12.358406066894531
2026-04-28 09:54:35.543296,2026-04-28 09:54:35.543296,12.438239097595217
2026-04-28 09:54:35.752491,2026-04-28 09:54:35.752491,12.330315589904783
2026-04-28 09:54:35.952120,2026-04-28 09:54:35.952120,12.238580703735352
2026-04-28 09:54:36.153643,2026-04-28 09:54:36.153643,11.984825134277344
2026-04-28 09:54:36.354173,2026-04-28 09:54:36.354173,11.769132614135742
2026-04-28 09:54:36.553581,2026-04-28 09:54:36.553581,11.761574745178224
2026-04-28 09:54:36.754451,2026-04-28 09:54:36.754451,11.579370498657228
2026-04-28 09:54:36.955107,2026-04-28 09:54:36.955107,11.424495697021484
2026-04-28 09:54:37.144404,2026-04-28 09:54:37.144404,11.292852401733398
2026-04-28 09:54:37.352603,2026-04-28 09:54:37.352603,11.18095588684082
2026-04-28 09:54:37.553255,2026-04-28 09:54:37.553255,11.085844039916992
2026-04-28 09:54:37.753386,2026-04-28 09:54:37.753386,11.004998207092283
2026-04-28 09:54:37.944344,2026-04-28 09:54:37.944344,10.936280250549316
2026-04-28 09:54:38.145303,2026-04-28 09:54:38.145303,10.877869606018066
2026-04-28 09:54:38.353577,2026-04-28 09:54:38.353577,10.82822036743164
2026-04-28 09:54:38.553677,2026-04-28 09:54:38.553677,10.786018371582031
2026-04-28 09:54:38.754823,2026-04-28 09:54:38.754823,10.750146865844728
2026-04-28 09:54:38.944075,2026-04-28 09:54:38.944075,10.719655990600586
2026-04-28 09:54:39.152395,2026-04-28 09:54:39.152395,10.69373893737793
2026-04-28 09:54:39.353768,2026-04-28 09:54:39.353768,10.671709060668944
2026-04-28 09:54:39.557479,2026-04-28 09:54:39.557479,10.652984619140623
2026-04-28 09:54:39.760657,2026-04-28 09:54:39.760657,10.637067794799805
2026-04-28 09:54:39.953487,2026-04-28 09:54:39.953487,10.623538970947266
2026-04-28 09:54:40.152834,2026-04-28 09:54:40.152834,10.61203956604004
2026-04-28 09:54:40.344414,2026-04-28 09:54:40.344414,10.602264404296877
2026-04-28 09:54:40.553498,2026-04-28 09:54:40.553498,10.593955993652344
2026-04-28 09:54:53.652615,2026-04-28 09:54:53.652615,10.586894035339355
2026-04-28 09:54:53.853504,2026-04-28 09:54:53.853504,10.756672859191896
2026-04-28 09:54:54.054429,2026-04-28 09:54:54.054429,10.900983810424805
2026-04-28 09:54:54.252183,2026-04-28 09:54:54.252183,11.199430465698242
2026-04-28 09:54:54.455071,2026-04-28 09:54:54.455071,11.453109741210938
2026-04-28 09:54:54.653128,2026-04-28 09:54:54.653128,11.668736457824709
2026-04-28 09:54:54.854535,2026-04-28 09:54:54.854535,11.852020263671877
2026-04-28 09:54:55.045733,2026-04-28 09:54:55.045733,12.007810592651367
2026-04-28 09:54:55.252505,2026-04-28 09:54:55.252505,12.140233039855955
2026-04-28 09:54:55.453073,2026-04-28 09:54:55.453073,12.25279140472412
2026-04-28 09:54:55.654930,2026-04-28 09:54:55.654930,12.348466873168944
2026-04-28 09:54:55.853414,2026-04-28 09:54:55.853414,12.429790496826172
2026-04-28 09:54:56.052155,2026-04-28 09:54:56.052155,12.498915672302246
2026-04-28 09:54:56.254000,2026-04-28 09:54:56.254000,12.557672500610352
2026-04-28 09:54:56.453869,2026-04-28 09:54:56.453869,12.783395767211914
2026-04-28 09:54:56.656808,2026-04-28 09:54:56.656808,12.975261688232422
2026-04-28 09:54:56.857038,2026-04-28 09:54:56.857038,13.138347625732422
2026-04-28 09:54:57.054876,2026-04-28 09:54:57.054876,13.452752113342283
2026-04-28 09:54:57.257469,2026-04-28 09:54:57.257469,13.719995498657228
2026-04-28 09:54:57.460978,2026-04-28 09:54:57.460978,13.947152137756348
2026-04-28 09:54:57.654152,2026-04-28 09:54:57.654152,14.140235900878906
2026-04-28 09:54:57.858408,2026-04-28 09:54:57.858408,14.480137825012209
2026-04-28 09:54:58.055048,2026-04-28 09:54:58.055048,14.944835662841797
2026-04-28 09:54:58.255381,2026-04-28 09:54:58.255381,15.339829444885254
2026-04-28 09:54:58.453624,2026-04-28 09:54:58.453624,15.675573348999023
2026-04-28 09:54:58.657698,2026-04-28 09:54:58.657698,16.136737823486328
2026-04-28 09:54:58.854039,2026-04-28 09:54:58.854039,16.88028907775879
2026-04-28 09:54:59.055656,2026-04-28 09:54:59.055656,17.51230812072754
2026-04-28 09:54:59.252157,2026-04-28 09:54:59.252157,17.873743057250977
2026-04-28 09:54:59.456585,2026-04-28 09:54:59.456585,18.18096351623535
2026-04-28 09:54:59.654496,2026-04-28 09:54:59.654496,18.442100524902344
2026-04-28 09:54:59.855066,2026-04-28 09:54:59.855066,18.664066314697266
2026-04-28 09:55:00.053511,2026-04-28 09:55:00.053511,19.02851867675781
2026-04-28 09:55:00.255084,2026-04-28 09:55:00.255084,19.338302612304688
2026-04-28 09:55:00.453890,2026-04-28 09:55:00.453890,19.601619720458984
2026-04-28 09:55:00.655396,2026-04-28 09:55:00.655396,19.825439453125
2026-04-28 09:55:00.856499,2026-04-28 09:55:00.856499,20.01568603515625
2026-04-28 09:55:01.056655,2026-04-28 09:55:01.056655,20.177396774291992
2026-04-28 09:55:01.255541,2026-04-28 09:55:01.255541,20.314849853515625
2026-04-28 09:55:01.452723,2026-04-28 09:55:01.452723,20.431684494018555
2026-04-28 09:55:01.656534,2026-04-28 09:55:01.656534,20.530994415283203
2026-04-28 09:55:01.854111,2026-04-28 09:55:01.854111,20.615407943725582
2026-04-28 09:55:02.054010,2026-04-28 09:55:02.054010,20.687158584594727
2026-04-28 09:55:02.252432,2026-04-28 09:55:02.252432,20.74814796447754
2026-04-28 09:55:02.456576,2026-04-28 09:55:02.456576,20.79998779296875
2026-04-28 09:55:02.652167,2026-04-28 09:55:02.652167,20.844051361083984
2026-04-28 09:55:02.855114,2026-04-28 09:55:02.855114,20.881505966186523
2026-04-28 09:55:03.054911,2026-04-28 09:55:03.054911,21.08912467956543
2026-04-28 09:55:03.253771,2026-04-28 09:55:03.253771,21.265600204467773
2026-04-28 09:55:03.454787,2026-04-28 09:55:03.454787,21.415603637695312
2026-04-28 09:55:03.656424,2026-04-28 09:55:03.656424,21.54310607910156
2026-04-28 09:55:03.852834,2026-04-28 09:55:03.852834,21.4757022857666
2026-04-28 09:55:04.054003,2026-04-28 09:55:04.054003,21.59419059753418
2026-04-28 09:55:04.252374,2026-04-28 09:55:04.252374,21.51912498474121
2026-04-28 09:55:04.453358,2026-04-28 09:55:04.453358,21.63109970092773
2026-04-28 09:55:04.652541,2026-04-28 09:55:04.652541,21.72627830505371
2026-04-28 09:55:04.852441,2026-04-28 09:55:04.852441,21.80718040466309
2026-04-28 09:55:05.053830,2026-04-28 09:55:05.053830,21.700166702270508
2026-04-28 09:55:05.255504,2026-04-28 09:55:05.255504,21.784984588623047
2026-04-28 09:55:05.453156,2026-04-28 09:55:05.453156,21.681299209594727
2026-04-28 09:55:05.646761,2026-04-28 09:55:05.646761,21.593168258666992
2026-04-28 09:55:05.852183,2026-04-28 09:55:05.852183,21.69403648376465
2026-04-28 09:55:06.055677,2026-04-28 09:55:06.055677,21.603992462158203
2026-04-28 09:55:06.254698,2026-04-28 09:55:06.254698,21.527456283569336
2026-04-28 09:55:06.452626,2026-04-28 09:55:06.452626,21.462400436401367
2026-04-28 09:55:06.654987,2026-04-28 09:55:06.654987,21.407102584838867
2026-04-28 09:55:06.852983,2026-04-28 09:55:06.852983,21.36009979248047
2026-04-28 09:55:07.052770,2026-04-28 09:55:07.052770,21.320148468017575
2026-04-28 09:55:07.252639,2026-04-28 09:55:07.252639,21.28618812561035
2026-04-28 09:55:07.452136,2026-04-28 09:55:07.452136,21.257322311401367
2026-04-28 09:55:07.655825,2026-04-28 09:55:07.655825,21.232786178588867
2026-04-28 09:55:07.852283,2026-04-28 09:55:07.852283,21.21193122863769
2026-04-28 09:55:08.052912,2026-04-28 09:55:08.052912,21.194204330444336
2026-04-28 09:55:08.252824,2026-04-28 09:55:08.252824,21.17913627624512
2026-04-28 09:55:08.455207,2026-04-28 09:55:08.455207,21.16632843017578
2026-04-28 09:55:08.651927,2026-04-28 09:55:08.651927,20.979660034179688
2026-04-28 09:55:08.851992,2026-04-28 09:55:08.851992,20.82099151611328
2026-04-28 09:55:09.053071,2026-04-28 09:55:09.053071,20.686124801635746
2026-04-28 09:55:09.252807,2026-04-28 09:55:09.252807,20.57148742675781
2026-04-28 09:55:09.452561,2026-04-28 09:55:09.452561,20.298263549804688
2026-04-28 09:55:09.654266,2026-04-28 09:55:09.654266,20.24180603027344
2026-04-28 09:55:09.852219,2026-04-28 09:55:09.852219,20.01803398132324
2026-04-28 09:55:10.052032,2026-04-28 09:55:10.052032,19.827829360961918
2026-04-28 09:55:10.253918,2026-04-28 09:55:10.253918,19.666154861450195
2026-04-28 09:55:10.452572,2026-04-28 09:55:10.452572,19.352951049804688
2026-04-28 09:55:10.656986,2026-04-28 09:55:10.656986,19.086727142333984
2026-04-28 09:55:10.851939,2026-04-28 09:55:10.851939,18.86043739318848
2026-04-28 09:55:11.052291,2026-04-28 09:55:11.052291,18.668088912963867
2026-04-28 09:55:11.256456,2026-04-28 09:55:11.256456,18.504594802856445
2026-04-28 09:55:11.456063,2026-04-28 09:55:11.456063,18.365625381469727
2026-04-28 09:55:11.652408,2026-04-28 09:55:11.652408,18.247499465942383
2026-04-28 09:55:11.854500,2026-04-28 09:55:11.854500,18.147092819213867
2026-04-28 09:55:12.051973,2026-04-28 09:55:12.051973,18.061748504638672
2026-04-28 09:55:12.253447,2026-04-28 09:55:12.253447,17.81342315673828
2026-04-28 09:55:12.452955,2026-04-28 09:55:12.452955,17.60234832763672
2026-04-28 09:55:12.653252,2026-04-28 09:55:12.653252,17.42293357849121
2026-04-28 09:55:12.853133,2026-04-28 09:55:12.853133,17.270429611206055
2026-04-28 09:55:13.052942,2026-04-28 09:55:13.052942,17.14080238342285
2026-04-28 09:55:13.253342,2026-04-28 09:55:13.253342,17.030620574951172
2026-04-28 09:55:13.454256,2026-04-28 09:55:13.454256,16.93696403503418
2026-04-28 09:55:13.657498,2026-04-28 09:55:13.657498,16.857357025146484
2026-04-28 09:55:13.855523,2026-04-28 09:55:13.855523,16.789691925048828
2026-04-28 09:55:14.055773,2026-04-28 09:55:14.055773,16.732175827026367
2026-04-28 09:55:14.254627,2026-04-28 09:55:14.254627,16.683286666870117
2026-04-28 09:55:14.454768,2026-04-28 09:55:14.454768,16.64173126220703
2026-04-28 09:55:14.652767,2026-04-28 09:55:14.652767,16.606409072875977
2026-04-28 09:55:14.855300,2026-04-28 09:55:14.855300,16.400604248046875
2026-04-28 09:55:15.054629,2026-04-28 09:55:15.054629,16.049888610839844
2026-04-28 09:55:15.252879,2026-04-28 09:55:15.252879,15.927560806274414
2026-04-28 09:55:15.454115,2026-04-28 09:55:15.454115,15.823583602905272
2026-04-28 09:55:15.653540,2026-04-28 09:55:15.653540,15.735201835632324
2026-04-28 09:55:15.853691,2026-04-28 09:55:15.853691,15.835859298706056
2026-04-28 09:55:16.052619,2026-04-28 09:55:16.052619,15.92141819000244
2026-04-28 09:55:16.255536,2026-04-28 09:55:16.255536,15.994142532348633
2026-04-28 09:55:16.453670,2026-04-28 09:55:16.453670,16.055959701538086
2026-04-28 09:55:16.652682,2026-04-28 09:55:16.652682,16.108503341674805
2026-04-28 09:55:16.854612,2026-04-28 09:55:16.854612,16.32894515991211
2026-04-28 09:55:17.058306,2026-04-28 09:55:17.058306,16.51632308959961
2026-04-28 09:55:17.252807,2026-04-28 09:55:17.252807,16.67559242248535
2026-04-28 09:55:17.455599,2026-04-28 09:55:17.455599,16.810972213745117
2026-04-28 09:55:17.654985,2026-04-28 09:55:17.654985,16.92604637145996
2026-04-28 09:55:17.851943,2026-04-28 09:55:17.851943,15.96916961669922
2026-04-28 09:55:18.052056,2026-04-28 09:55:18.052056,15.1558256149292
2026-04-28 09:55:18.253499,2026-04-28 09:55:18.253499,14.464483261108398
2026-04-28 09:55:18.453721,2026-04-28 09:55:18.453721,13.87684154510498
2026-04-28 09:55:18.657212,2026-04-28 09:55:18.657212,14.607815742492676
2026-04-28 09:55:18.852513,2026-04-28 09:55:18.852513,13.822893142700195
2026-04-28 09:55:31.953473,2026-04-28 09:55:31.953473,13.155709266662598
2026-04-28 09:55:32.153359,2026-04-28 09:55:32.153359,14.170634269714355
2026-04-28 09:55:32.352287,2026-04-28 09:55:32.352287,13.451289176940918
2026-04-28 09:55:32.553367,2026-04-28 09:55:32.553367,12.839845657348633
2026-04-28 09:55:32.753925,2026-04-28 09:55:32.753925,13.90215015411377
2026-04-28 09:55:32.953106,2026-04-28 09:55:32.953106,14.805109024047852
2026-04-28 09:55:33.152148,2026-04-28 09:55:33.152148,15.572624206542969
2026-04-28 09:55:33.352631,2026-04-28 09:55:33.352631,16.225011825561523
2026-04-28 09:55:33.553196,2026-04-28 09:55:33.553196,16.955322265625
2026-04-28 09:55:33.753228,2026-04-28 09:55:33.753228,17.576086044311523
2026-04-28 09:55:33.952285,2026-04-28 09:55:33.952285,18.103736877441406
2026-04-28 09:55:34.152185,2026-04-28 09:55:34.152185,18.55223846435547
2026-04-28 09:55:34.353081,2026-04-28 09:55:34.353081,18.93346405029297
2026-04-28 09:55:34.552004,2026-04-28 09:55:34.552004,19.25750732421875
2026-04-28 09:55:34.752719,2026-04-28 09:55:34.752719,19.532943725585938
2026-04-28 09:55:34.954439,2026-04-28 09:55:34.954439,19.767065048217773
2026-04-28 09:55:35.152052,2026-04-28 09:55:35.152052,19.966068267822266
2026-04-28 09:55:35.353582,2026-04-28 09:55:35.353582,19.95943832397461
2026-04-28 09:55:35.553498,2026-04-28 09:55:35.553498,20.12958526611328
2026-04-28 09:55:35.753866,2026-04-28 09:55:35.753866,20.27420997619629
2026-04-28 09:55:35.952368,2026-04-28 09:55:35.952368,20.221359252929688
2026-04-28 09:55:36.154791,2026-04-28 09:55:36.154791,20.352218627929688
2026-04-28 09:55:36.355295,2026-04-28 09:55:36.355295,20.28766632080078
2026-04-28 09:55:36.554245,2026-04-28 09:55:36.554245,20.408578872680664
2026-04-28 09:55:36.752636,2026-04-28 09:55:36.752636,20.335573196411133
2026-04-28 09:55:36.956019,2026-04-28 09:55:36.956019,20.44930076599121
2026-04-28 09:55:37.157093,2026-04-28 09:55:37.157093,20.37018585205078
2026-04-28 09:55:37.356003,2026-04-28 09:55:37.356003,20.478721618652344
2026-04-28 09:55:37.556261,2026-04-28 09:55:37.556261,20.570974349975582
2026-04-28 09:55:37.754247,2026-04-28 09:55:37.754247,20.649391174316406
2026-04-28 09:55:37.954272,2026-04-28 09:55:37.954272,20.716045379638672
2026-04-28 09:55:38.155329,2026-04-28 09:55:38.155329,20.59692001342773
2026-04-28 09:55:38.354576,2026-04-28 09:55:38.354576,20.495662689208984
2026-04-28 09:55:38.555699,2026-04-28 09:55:38.555699,20.233814239501957
2026-04-28 09:55:38.755134,2026-04-28 09:55:38.755134,20.1870231628418
2026-04-28 09:55:38.954663,2026-04-28 09:55:38.954663,20.14725112915039
2026-04-28 09:55:39.154906,2026-04-28 09:55:39.154906,20.28922462463379
2026-04-28 09:55:39.353122,2026-04-28 09:55:39.353122,20.40990447998047
2026-04-28 09:55:39.556461,2026-04-28 09:55:39.556461,20.336700439453125
2026-04-28 09:55:39.754123,2026-04-28 09:55:39.754123,20.450258255004883
2026-04-28 09:55:39.955352,2026-04-28 09:55:39.955352,20.546781539916992
2026-04-28 09:55:40.152582,2026-04-28 09:55:40.152582,20.804607391357425
2026-04-28 09:55:40.353364,2026-04-28 09:55:40.353364,20.847978591918945
2026-04-28 09:55:40.552230,2026-04-28 09:55:40.552230,20.884843826293945
2026-04-28 09:55:40.753236,2026-04-28 09:55:40.753236,20.916179656982425
2026-04-28 09:55:40.957995,2026-04-28 09:55:40.957995,20.94281578063965
2026-04-28 09:55:41.155106,2026-04-28 09:55:41.155106,20.965456008911133
2026-04-28 09:55:41.352628,2026-04-28 09:55:41.352628,20.808917999267575
2026-04-28 09:55:41.553493,2026-04-28 09:55:41.553493,20.85164451599121
2026-04-28 09:55:41.755458,2026-04-28 09:55:41.755458,20.88796043395996
2026-04-28 09:55:41.951992,2026-04-28 09:55:41.951992,20.7430477142334
2026-04-28 09:55:42.152988,2026-04-28 09:55:42.152988,20.619871139526367
2026-04-28 09:55:42.356231,2026-04-28 09:55:42.356231,20.51517105102539
2026-04-28 09:55:42.553779,2026-04-28 09:55:42.553779,20.426177978515625
2026-04-28 09:55:42.758284,2026-04-28 09:55:42.758284,20.35053253173828
2026-04-28 09:55:42.951930,2026-04-28 09:55:42.951930,20.28623390197754
2026-04-28 09:55:43.153596,2026-04-28 09:55:43.153596,20.231578826904297
2026-04-28 09:55:43.352741,2026-04-28 09:55:43.352741,20.18512344360352
2026-04-28 09:55:43.557023,2026-04-28 09:55:43.557023,20.1456356048584
2026-04-28 09:55:43.757268,2026-04-28 09:55:43.757268,20.1120719909668
2026-04-28 09:55:43.952654,2026-04-28 09:55:43.952654,20.083541870117188
2026-04-28 09:55:44.152502,2026-04-28 09:55:44.152502,20.05929183959961
2026-04-28 09:55:44.352881,2026-04-28 09:55:44.352881,18.280866622924805
2026-04-28 09:55:44.553208,2026-04-28 09:55:44.553208,16.769207000732422
2026-04-28 09:55:44.759050,2026-04-28 09:55:44.759050,15.484293937683104
2026-04-28 09:55:44.951961,2026-04-28 09:55:44.951961,14.392118453979492
2026-04-28 09:55:45.152111,2026-04-28 09:55:45.152111,13.463769912719728
2026-04-28 09:55:45.354740,2026-04-28 09:55:45.354740,12.674673080444336
2026-04-28 09:55:45.552650,2026-04-28 09:55:45.552650,12.00394058227539
2026-04-28 09:55:45.756529,2026-04-28 09:55:45.756529,11.433817863464355
2026-04-28 09:55:45.954364,2026-04-28 09:55:45.954364,10.949213981628418
2026-04-28 09:55:46.153113,2026-04-28 09:55:46.153113,10.537301063537598
2026-04-28 09:55:46.353594,2026-04-28 09:55:46.353594,10.187174797058104
2026-04-28 09:55:46.552116,2026-04-28 09:55:46.552116,10.768473625183104
2026-04-28 09:55:46.753579,2026-04-28 09:55:46.753579,11.262577056884766
2026-04-28 09:55:46.954391,2026-04-28 09:55:46.954391,11.682565689086914
2026-04-28 09:55:47.154743,2026-04-28 09:55:47.154743,11.863774299621582
2026-04-28 09:55:47.352985,2026-04-28 09:55:47.352985,11.842020988464355
2026-04-28 09:55:47.552091,2026-04-28 09:55:47.552091,11.999311447143556
2026-04-28 09:55:47.753027,2026-04-28 09:55:47.753027,11.95722770690918
2026-04-28 09:55:47.956904,2026-04-28 09:55:47.956904,12.27301788330078
2026-04-28 09:55:48.152455,2026-04-28 09:55:48.152455,12.365659713745115
2026-04-28 09:55:48.352163,2026-04-28 09:55:48.352163,12.268622398376465
2026-04-28 09:55:48.552176,2026-04-28 09:55:48.552176,12.186141967773438
2026-04-28 09:55:48.752642,2026-04-28 09:55:48.752642,12.116033554077148
2026-04-28 09:55:48.957415,2026-04-28 09:55:48.957415,11.880659103393556
2026-04-28 09:55:49.151985,2026-04-28 09:55:49.151985,11.856372833251951
2026-04-28 09:55:49.356936,2026-04-28 09:55:49.356936,11.659948348999023
2026-04-28 09:55:49.552235,2026-04-28 09:55:49.552235,11.492987632751465
2026-04-28 09:55:49.752073,2026-04-28 09:55:49.752073,11.351070404052734
2026-04-28 09:55:49.952731,2026-04-28 09:55:49.952731,11.230441093444824
2026-04-28 09:55:50.152115,2026-04-28 09:55:50.152115,11.12790584564209
2026-04-28 09:55:50.352412,2026-04-28 09:55:50.352412,11.040751457214355
2026-04-28 09:55:50.556494,2026-04-28 09:55:50.556494,10.966670036315918
2026-04-28 09:55:50.754115,2026-04-28 09:55:50.754115,10.903700828552246
2026-04-28 09:55:50.953189,2026-04-28 09:55:50.953189,10.850176811218262
2026-04-28 09:55:51.152594,2026-04-28 09:55:51.152594,10.804681777954102
2026-04-28 09:55:51.355897,2026-04-28 09:55:51.355897,10.766010284423828
2026-04-28 09:55:51.552695,2026-04-28 09:55:51.552695,10.733139991760254
2026-04-28 09:55:51.752737,2026-04-28 09:55:51.752737,10.7052001953125
2026-04-28 09:55:51.952644,2026-04-28 09:55:51.952644,10.681451797485352
2026-04-28 09:55:52.152386,2026-04-28 09:55:52.152386,10.66126537322998
2026-04-28 09:55:52.352915,2026-04-28 09:55:52.352915,10.8198881149292
2026-04-28 09:55:52.552050,2026-04-28 09:55:52.552050,10.778936386108398
2026-04-28 09:55:52.753051,2026-04-28 09:55:52.753051,10.74412727355957
2026-04-28 09:55:52.954541,2026-04-28 09:55:52.954541,10.71453857421875
2026-04-28 09:55:53.153339,2026-04-28 09:55:53.153339,10.6893892288208
2026-04-28 09:55:53.355618,2026-04-28 09:55:53.355618,10.668012619018556
2026-04-28 09:55:53.552837,2026-04-28 09:55:53.552837,10.64984130859375
2026-04-28 09:55:53.753234,2026-04-28 09:55:53.753234,10.63439655303955
2026-04-28 09:55:53.951950,2026-04-28 09:55:53.951950,10.621268272399902
2026-04-28 09:55:54.153941,2026-04-28 09:55:54.153941,10.610109329223633
2026-04-28 09:55:54.353879,2026-04-28 09:55:54.353879,10.600624084472656
2026-04-28 09:55:54.552930,2026-04-28 09:55:54.552930,10.592561721801758
2026-04-28 09:55:54.755904,2026-04-28 09:55:54.755904,10.585708618164062
2026-04-28 09:55:54.954550,2026-04-28 09:55:54.954550,10.579883575439451
2026-04-28 09:55:55.153930,2026-04-28 09:55:55.153930,10.574932098388672
2026-04-28 09:55:55.352903,2026-04-28 09:55:55.352903,10.570723533630373
2026-04-28 09:55:55.553581,2026-04-28 09:55:55.553581,10.567146301269531
2026-04-28 09:55:55.752257,2026-04-28 09:55:55.752257,10.564105987548828
2026-04-28 09:55:55.954796,2026-04-28 09:55:55.954796,10.561521530151367
2026-04-28 09:55:56.154853,2026-04-28 09:55:56.154853,10.559324264526367
2026-04-28 09:55:56.353587,2026-04-28 09:55:56.353587,10.381675720214844
2026-04-28 09:55:56.554473,2026-04-28 09:55:56.554473,10.230673789978027
2026-04-28 09:55:56.754291,2026-04-28 09:55:56.754291,10.102323532104492
2026-04-28 09:55:56.954904,2026-04-28 09:55:56.954904,9.99322509765625
2026-04-28 09:55:57.156017,2026-04-28 09:55:57.156017,9.900490760803224
2026-04-28 09:56:10.252328,2026-04-28 09:56:10.252328,9.997448921203612
2026-04-28 09:56:10.452154,2026-04-28 09:56:10.452154,9.904081344604492
2026-04-28 09:56:10.653478,2026-04-28 09:56:10.653478,9.824719429016112
2026-04-28 09:56:10.853408,2026-04-28 09:56:10.853408,9.757261276245115
2026-04-28 09:56:11.052053,2026-04-28 09:56:11.052053,9.699921607971191
2026-04-28 09:56:11.253956,2026-04-28 09:56:11.253956,9.65118408203125
2026-04-28 09:56:11.452920,2026-04-28 09:56:11.452920,9.609756469726562
2026-04-28 09:56:11.652710,2026-04-28 09:56:11.652710,9.574542999267578
2026-04-28 09:56:11.852588,2026-04-28 09:56:11.852588,9.368829727172852
2026-04-28 09:56:12.054120,2026-04-28 09:56:12.054120,9.193974494934082
2026-04-28 09:56:12.257373,2026-04-28 09:56:12.257373,9.045347213745115
2026-04-28 09:56:12.452000,2026-04-28 09:56:12.452000,8.919013977050781
2026-04-28 09:56:12.654686,2026-04-28 09:56:12.654686,8.811630249023438
2026-04-28 09:56:12.856608,2026-04-28 09:56:12.856608,8.720354080200195
2026-04-28 09:56:13.055621,2026-04-28 09:56:13.055621,8.642769813537598
2026-04-28 09:56:13.252056,2026-04-28 09:56:13.252056,8.576823234558105
2026-04-28 09:56:13.453310,2026-04-28 09:56:13.453310,8.520768165588379
2026-04-28 09:56:13.652992,2026-04-28 09:56:13.652992,10.055152893066406
2026-04-28 09:56:13.852703,2026-04-28 09:56:13.852703,11.359380722045898
2026-04-28 09:56:14.053246,2026-04-28 09:56:14.053246,12.643754959106444
2026-04-28 09:56:14.252038,2026-04-28 09:56:14.252038,13.735472679138184
2026-04-28 09:56:14.452178,2026-04-28 09:56:14.452178,14.663433074951172
2026-04-28 09:56:14.655287,2026-04-28 09:56:14.655287,15.45219898223877
2026-04-28 09:56:14.853143,2026-04-28 09:56:14.853143,16.122650146484375
2026-04-28 09:56:15.052867,2026-04-28 09:56:15.052867,16.692533493041992
2026-04-28 09:56:15.254593,2026-04-28 09:56:15.254593,17.17693519592285
2026-04-28 09:56:15.457558,2026-04-28 09:56:15.457558,17.58867645263672
2026-04-28 09:56:15.653331,2026-04-28 09:56:15.653331,17.938655853271484
2026-04-28 09:56:15.854577,2026-04-28 09:56:15.854577,18.23613929748535
2026-04-28 09:56:16.055300,2026-04-28 09:56:16.055300,18.488998413085938
2026-04-28 09:56:16.253092,2026-04-28 09:56:16.253092,18.703929901123047
2026-04-28 09:56:16.452839,2026-04-28 09:56:16.452839,18.886621475219727
2026-04-28 09:56:16.655151,2026-04-28 09:56:16.655151,19.04191017150879
2026-04-28 09:56:16.855604,2026-04-28 09:56:16.855604,19.173904418945312
2026-04-28 09:56:17.054087,2026-04-28 09:56:17.054087,19.28610038757324
2026-04-28 09:56:17.252801,2026-04-28 09:56:17.252801,19.381465911865234
2026-04-28 09:56:17.455371,2026-04-28 09:56:17.455371,19.46252822875977
2026-04-28 09:56:17.655138,2026-04-28 09:56:17.655138,19.355648040771484
2026-04-28 09:56:17.857213,2026-04-28 09:56:17.857213,19.264801025390625
2026-04-28 09:56:18.054777,2026-04-28 09:56:18.054777,19.18758201599121
2026-04-28 09:56:18.251996,2026-04-28 09:56:18.251996,19.121944427490234
2026-04-28 09:56:18.456924,2026-04-28 09:56:18.456924,19.24193382263184
2026-04-28 09:56:18.652165,2026-04-28 09:56:18.652165,19.34392547607422
2026-04-28 09:56:18.856169,2026-04-28 09:56:18.856169,19.25483703613281
2026-04-28 09:56:19.053876,2026-04-28 09:56:19.053876,19.35489273071289
2026-04-28 09:56:19.254620,2026-04-28 09:56:19.254620,19.264158248901367
2026-04-28 09:56:19.456936,2026-04-28 09:56:19.456936,19.362815856933597
2026-04-28 09:56:19.653744,2026-04-28 09:56:19.653744,19.446674346923828
2026-04-28 09:56:19.855627,2026-04-28 09:56:19.855627,19.693735122680664
2026-04-28 09:56:20.056654,2026-04-28 09:56:20.056654,19.727956771850582
2026-04-28 09:56:20.252274,2026-04-28 09:56:20.252274,19.757043838500977
2026-04-28 09:56:20.453745,2026-04-28 09:56:20.453745,19.781768798828125
2026-04-28 09:56:20.654936,2026-04-28 09:56:20.654936,19.62700462341309
2026-04-28 09:56:20.852072,2026-04-28 09:56:20.852072,19.49545288085937
2026-04-28 09:56:21.055007,2026-04-28 09:56:21.055007,19.383634567260746
2026-04-28 09:56:21.252573,2026-04-28 09:56:21.252573,19.464370727539062
2026-04-28 09:56:21.455625,2026-04-28 09:56:21.455625,19.532997131347656
2026-04-28 09:56:21.653739,2026-04-28 09:56:21.653739,19.591327667236328
2026-04-28 09:56:21.852355,2026-04-28 09:56:21.852355,19.64091110229492
2026-04-28 09:56:22.054808,2026-04-28 09:56:22.054808,19.858837127685547
2026-04-28 09:56:22.255703,2026-04-28 09:56:22.255703,20.0440731048584
2026-04-28 09:56:22.453924,2026-04-28 09:56:22.453924,20.20152473449707
2026-04-28 09:56:22.653328,2026-04-28 09:56:22.653328,20.335359573364254
2026-04-28 09:56:22.852101,2026-04-28 09:56:22.852101,20.44911766052246
2026-04-28 09:56:23.056213,2026-04-28 09:56:23.056213,20.545812606811523
2026-04-28 09:56:23.257193,2026-04-28 09:56:23.257193,20.628002166748047
2026-04-28 09:56:23.453512,2026-04-28 09:56:23.453512,20.697864532470703
2026-04-28 09:56:23.656692,2026-04-28 09:56:23.656692,20.757247924804688
2026-04-28 09:56:23.855834,2026-04-28 09:56:23.855834,20.80772399902344
2026-04-28 09:56:24.055396,2026-04-28 09:56:24.055396,21.02640914916992
2026-04-28 09:56:24.254094,2026-04-28 09:56:24.254094,21.212291717529297
2026-04-28 09:56:24.456845,2026-04-28 09:56:24.456845,21.370290756225582
2026-04-28 09:56:24.653689,2026-04-28 09:56:24.653689,21.32880973815918
2026-04-28 09:56:24.854200,2026-04-28 09:56:24.854200,21.293550491333008
2026-04-28 09:56:25.054977,2026-04-28 09:56:25.054977,21.263580322265625
2026-04-28 09:56:25.252463,2026-04-28 09:56:25.252463,21.23810577392578
2026-04-28 09:56:25.452083,2026-04-28 09:56:25.452083,21.216453552246094
2026-04-28 09:56:25.654144,2026-04-28 09:56:25.654144,21.198047637939453
2026-04-28 09:56:25.854128,2026-04-28 09:56:25.854128,21.182403564453125
2026-04-28 09:56:26.052097,2026-04-28 09:56:26.052097,21.16910552978516
2026-04-28 09:56:26.252623,2026-04-28 09:56:26.252623,21.15780067443848
2026-04-28 09:56:26.452569,2026-04-28 09:56:26.452569,20.972412109375
2026-04-28 09:56:26.653563,2026-04-28 09:56:26.653563,20.99061393737793
2026-04-28 09:56:26.852159,2026-04-28 09:56:26.852159,21.006084442138672
2026-04-28 09:56:27.053663,2026-04-28 09:56:27.053663,21.01923370361328
2026-04-28 09:56:27.252447,2026-04-28 09:56:27.252447,21.03041076660156
2026-04-28 09:56:27.452792,2026-04-28 09:56:27.452792,21.0399112701416
2026-04-28 09:56:27.652513,2026-04-28 09:56:27.652513,21.04798698425293
2026-04-28 09:56:27.856580,2026-04-28 09:56:27.856580,21.054851531982425
2026-04-28 09:56:28.054624,2026-04-28 09:56:28.054624,21.060686111450195
2026-04-28 09:56:28.252063,2026-04-28 09:56:28.252063,21.06564712524414
2026-04-28 09:56:28.452597,2026-04-28 09:56:28.452597,21.069862365722656
2026-04-28 09:56:28.653259,2026-04-28 09:56:28.653259,21.07344436645508
2026-04-28 09:56:28.852608,2026-04-28 09:56:28.852608,21.07649040222168
2026-04-28 09:56:29.052716,2026-04-28 09:56:29.052716,20.90329933166504
2026-04-28 09:56:29.252337,2026-04-28 09:56:29.252337,20.931865692138672
2026-04-28 09:56:29.454320,2026-04-28 09:56:29.454320,20.956148147583008
2026-04-28 09:56:29.654717,2026-04-28 09:56:29.654717,21.152570724487305
2026-04-28 09:56:29.854493,2026-04-28 09:56:29.854493,21.495309829711918
2026-04-28 09:56:30.054305,2026-04-28 09:56:30.054305,21.78663825988769
2026-04-28 09:56:30.253140,2026-04-28 09:56:30.253140,22.21004867553711
2026-04-28 09:56:30.452809,2026-04-28 09:56:30.452809,22.745729446411133
2026-04-28 09:56:30.652025,2026-04-28 09:56:30.652025,23.20105743408203
2026-04-28 09:56:30.852292,2026-04-28 09:56:30.852292,23.588085174560547
2026-04-28 09:56:31.052101,2026-04-28 09:56:31.052101,24.09284210205078
2026-04-28 09:56:31.252104,2026-04-28 09:56:31.252104,24.52188491821289
2026-04-28 09:56:31.453277,2026-04-28 09:56:31.453277,24.88656997680664
2026-04-28 09:56:31.652165,2026-04-28 09:56:31.652165,25.37233543395996
2026-04-28 09:56:31.857695,2026-04-28 09:56:31.857695,25.785234451293945
2026-04-28 09:56:32.052695,2026-04-28 09:56:32.052695,26.136199951171875
2026-04-28 09:56:32.252976,2026-04-28 09:56:32.252976,26.258737564086918
2026-04-28 09:56:32.452240,2026-04-28 09:56:32.452240,26.53867721557617
2026-04-28 09:56:32.653232,2026-04-28 09:56:32.653232,26.776626586914062
2026-04-28 09:56:32.852218,2026-04-28 09:56:32.852218,26.9788818359375
2026-04-28 09:56:33.052633,2026-04-28 09:56:33.052633,27.150798797607425
2026-04-28 09:56:33.255572,2026-04-28 09:56:33.255572,27.29693031311035
2026-04-28 09:56:33.452230,2026-04-28 09:56:33.452230,27.421140670776367
2026-04-28 09:56:33.656064,2026-04-28 09:56:33.656064,27.52672004699707
2026-04-28 09:56:33.852013,2026-04-28 09:56:33.852013,27.6164608001709
2026-04-28 09:56:34.054343,2026-04-28 09:56:34.054343,27.69274139404297
2026-04-28 09:56:34.252758,2026-04-28 09:56:34.252758,27.75758171081543
2026-04-28 09:56:34.453853,2026-04-28 09:56:34.453853,27.812694549560547
2026-04-28 09:56:34.654133,2026-04-28 09:56:34.654133,27.859539031982425
2026-04-28 09:56:34.856216,2026-04-28 09:56:34.856216,27.89935874938965
2026-04-28 09:56:35.053278,2026-04-28 09:56:35.053278,27.933204650878903
2026-04-28 09:56:35.253723,2026-04-28 09:56:35.253723,27.96197509765625
2026-04-28 09:56:35.454185,2026-04-28 09:56:35.454185,27.986427307128903
2026-04-28 09:56:48.554036,2026-04-28 09:56:48.554036,28.007213592529297
2026-04-28 09:56:48.752165,2026-04-28 09:56:48.752165,28.02488136291504
2026-04-28 09:56:48.953683,2026-04-28 09:56:48.953683,28.039899826049805
2026-04-28 09:56:49.152271,2026-04-28 09:56:49.152271,28.052663803100582
2026-04-28 09:56:49.353102,2026-04-28 09:56:49.353102,28.063514709472656
2026-04-28 09:56:49.555348,2026-04-28 09:56:49.555348,28.072736740112305
2026-04-28 09:56:49.752465,2026-04-28 09:56:49.752465,28.0805778503418
2026-04-28 09:56:49.952899,2026-04-28 09:56:49.952899,28.08724021911621
2026-04-28 09:56:50.154309,2026-04-28 09:56:50.154309,28.092905044555664
2026-04-28 09:56:50.356231,2026-04-28 09:56:50.356231,28.097719192504883
2026-04-28 09:56:50.554357,2026-04-28 09:56:50.554357,28.101810455322266
2026-04-28 09:56:50.753415,2026-04-28 09:56:50.753415,28.10528945922852
2026-04-28 09:56:50.954718,2026-04-28 09:56:50.954718,28.10824584960937
2026-04-28 09:56:51.151990,2026-04-28 09:56:51.151990,28.110759735107425
2026-04-28 09:56:51.353962,2026-04-28 09:56:51.353962,28.11289596557617
2026-04-28 09:56:51.552292,2026-04-28 09:56:51.552292,28.11471176147461
2026-04-28 09:56:51.757697,2026-04-28 09:56:51.757697,28.116254806518555
2026-04-28 09:56:51.954089,2026-04-28 09:56:51.954089,28.11756706237793
2026-04-28 09:56:52.155365,2026-04-28 09:56:52.155365,28.11868095397949
2026-04-28 09:56:52.354320,2026-04-28 09:56:52.354320,28.11962890625
2026-04-28 09:56:52.552160,2026-04-28 09:56:52.552160,28.120433807373047
2026-04-28 09:56:52.752168,2026-04-28 09:56:52.752168,28.121118545532227
2026-04-28 09:56:52.953885,2026-04-28 09:56:52.953885,28.121702194213867
2026-04-28 09:56:53.153721,2026-04-28 09:56:53.153721,28.12219619750977
2026-04-28 09:56:53.353451,2026-04-28 09:56:53.353451,28.298398971557617
2026-04-28 09:56:53.555449,2026-04-28 09:56:53.555449,28.448169708251957
2026-04-28 09:56:53.753588,2026-04-28 09:56:53.753588,28.575475692749023
2026-04-28 09:56:53.952180,2026-04-28 09:56:53.952180,28.50790405273437
2026-04-28 09:56:54.155314,2026-04-28 09:56:54.155314,28.45046806335449
2026-04-28 09:56:54.353389,2026-04-28 09:56:54.353389,28.401647567749023
2026-04-28 09:56:54.555694,2026-04-28 09:56:54.555694,28.360151290893555
2026-04-28 09:56:54.754035,2026-04-28 09:56:54.754035,28.324878692626957
2026-04-28 09:56:54.952744,2026-04-28 09:56:54.952744,28.294897079467773
2026-04-28 09:56:55.152443,2026-04-28 09:56:55.152443,28.26941299438477
2026-04-28 09:56:55.356889,2026-04-28 09:56:55.356889,28.247751235961918
2026-04-28 09:56:55.554849,2026-04-28 09:56:55.554849,28.229337692260746
2026-04-28 09:56:55.755025,2026-04-28 09:56:55.755025,28.21368789672852
2026-04-28 09:56:55.955567,2026-04-28 09:56:55.955567,28.20038414001465
2026-04-28 09:56:56.153555,2026-04-28 09:56:56.153555,28.189075469970703
2026-04-28 09:56:56.355160,2026-04-28 09:56:56.355160,28.17946434020996
2026-04-28 09:56:56.553925,2026-04-28 09:56:56.553925,28.171295166015625
2026-04-28 09:56:56.755078,2026-04-28 09:56:56.755078,28.164350509643555
2026-04-28 09:56:56.956513,2026-04-28 09:56:56.956513,28.158449172973636
2026-04-28 09:56:57.152560,2026-04-28 09:56:57.152560,28.153430938720703
2026-04-28 09:56:57.352603,2026-04-28 09:56:57.352603,28.14916610717773
2026-04-28 09:56:57.552977,2026-04-28 09:56:57.552977,28.14554214477539
2026-04-28 09:56:57.757363,2026-04-28 09:56:57.757363,28.14245986938477
2026-04-28 09:56:57.954993,2026-04-28 09:56:57.954993,28.139841079711918
2026-04-28 09:56:58.155309,2026-04-28 09:56:58.155309,28.137615203857425
2026-04-28 09:56:58.356196,2026-04-28 09:56:58.356196,28.135723114013672
2026-04-28 09:56:58.554304,2026-04-28 09:56:58.554304,28.13411521911621
2026-04-28 09:56:58.757588,2026-04-28 09:56:58.757588,28.132747650146484
2026-04-28 09:56:58.954560,2026-04-28 09:56:58.954560,28.13158416748047
2026-04-28 09:56:59.155339,2026-04-28 09:56:59.155339,28.130598068237305
2026-04-28 09:56:59.356314,2026-04-28 09:56:59.356314,28.129756927490234
2026-04-28 09:56:59.552922,2026-04-28 09:56:59.552922,28.12904357910156
2026-04-28 09:56:59.753529,2026-04-28 09:56:59.753529,28.128437042236328
2026-04-28 09:56:59.956845,2026-04-28 09:56:59.956845,28.12792205810547
2026-04-28 09:57:00.153316,2026-04-28 09:57:00.153316,28.12748336791992
2026-04-28 09:57:00.354779,2026-04-28 09:57:00.354779,28.127111434936523
2026-04-28 09:57:00.555993,2026-04-28 09:57:00.555993,28.12679481506348
2026-04-28 09:57:00.753570,2026-04-28 09:57:00.753570,28.12652587890625
2026-04-28 09:57:00.953376,2026-04-28 09:57:00.953376,28.126296997070312
2026-04-28 09:57:01.155297,2026-04-28 09:57:01.155297,28.12610244750977
2026-04-28 09:57:01.351997,2026-04-28 09:57:01.351997,28.12593650817871
2026-04-28 09:57:01.552335,2026-04-28 09:57:01.552335,28.125795364379883
2026-04-28 09:57:01.752683,2026-04-28 09:57:01.752683,28.12567710876465
2026-04-28 09:57:01.952541,2026-04-28 09:57:01.952541,28.12557601928711
2026-04-28 09:57:02.152961,2026-04-28 09:57:02.152961,27.94970703125
2026-04-28 09:57:02.356090,2026-04-28 09:57:02.356090,27.976001739501957
2026-04-28 09:57:02.558891,2026-04-28 09:57:02.558891,27.99835205078125
2026-04-28 09:57:02.752578,2026-04-28 09:57:02.752578,28.017349243164062
2026-04-28 09:57:02.952125,2026-04-28 09:57:02.952125,28.033496856689453
2026-04-28 09:57:03.154912,2026-04-28 09:57:03.154912,27.87144088745117
2026-04-28 09:57:03.354972,2026-04-28 09:57:03.354972,27.73369407653809
2026-04-28 09:57:03.554032,2026-04-28 09:57:03.554032,27.616607666015625
2026-04-28 09:57:03.753426,2026-04-28 09:57:03.753426,27.51708602905273
2026-04-28 09:57:03.952860,2026-04-28 09:57:03.952860,27.256710052490234
2026-04-28 09:57:04.153303,2026-04-28 09:57:04.153303,27.03539085388184
2026-04-28 09:57:04.352280,2026-04-28 09:57:04.352280,26.84727096557617
2026-04-28 09:57:04.552062,2026-04-28 09:57:04.552062,26.687366485595703
2026-04-28 09:57:04.752010,2026-04-28 09:57:04.752010,26.551448822021484
2026-04-28 09:57:04.952468,2026-04-28 09:57:04.952468,26.4359188079834
2026-04-28 09:57:05.152390,2026-04-28 09:57:05.152390,25.107250213623047
2026-04-28 09:57:05.355569,2026-04-28 09:57:05.355569,23.802101135253903
2026-04-28 09:57:05.558747,2026-04-28 09:57:05.558747,22.69272232055664
2026-04-28 09:57:05.753383,2026-04-28 09:57:05.753383,21.74975204467773
2026-04-28 09:57:05.957621,2026-04-28 09:57:05.957621,20.596664428710938
2026-04-28 09:57:06.155002,2026-04-28 09:57:06.155002,19.616539001464844
2026-04-28 09:57:06.357806,2026-04-28 09:57:06.357806,18.78343391418457
2026-04-28 09:57:06.554251,2026-04-28 09:57:06.554251,18.251073837280277
2026-04-28 09:57:06.752053,2026-04-28 09:57:06.752053,17.62278938293457
2026-04-28 09:57:06.952763,2026-04-28 09:57:06.952763,17.0887451171875
2026-04-28 09:57:07.152132,2026-04-28 09:57:07.152132,16.634807586669922
2026-04-28 09:57:07.355587,2026-04-28 09:57:07.355587,16.07318115234375
2026-04-28 09:57:07.555557,2026-04-28 09:57:07.555557,15.595797538757324
2026-04-28 09:57:07.754454,2026-04-28 09:57:07.754454,15.190021514892578
2026-04-28 09:57:07.952857,2026-04-28 09:57:07.952857,14.845111846923828
2026-04-28 09:57:08.152171,2026-04-28 09:57:08.152171,14.551939010620115
2026-04-28 09:57:08.353499,2026-04-28 09:57:08.353499,14.302742004394531
2026-04-28 09:57:08.556677,2026-04-28 09:57:08.556677,13.915143013000488
2026-04-28 09:57:08.753317,2026-04-28 09:57:08.753317,13.761465072631836
2026-04-28 09:57:08.953735,2026-04-28 09:57:08.953735,13.630839347839355
2026-04-28 09:57:09.156608,2026-04-28 09:57:09.156608,13.51980686187744
2026-04-28 09:57:09.355294,2026-04-28 09:57:09.355294,13.249649047851562
2026-04-28 09:57:09.553487,2026-04-28 09:57:09.553487,13.020013809204102
2026-04-28 09:57:09.754542,2026-04-28 09:57:09.754542,12.824824333190918
2026-04-28 09:57:09.955631,2026-04-28 09:57:09.955631,12.658912658691406
2026-04-28 09:57:10.154497,2026-04-28 09:57:10.154497,12.517889022827148
2026-04-28 09:57:10.355855,2026-04-28 09:57:10.355855,12.39801788330078
2026-04-28 09:57:10.552320,2026-04-28 09:57:10.552320,12.296127319335938
2026-04-28 09:57:10.752144,2026-04-28 09:57:10.752144,12.209521293640137
2026-04-28 09:57:10.953178,2026-04-28 09:57:10.953178,12.135905265808104
2026-04-28 09:57:11.152519,2026-04-28 09:57:11.152519,12.073331832885742
2026-04-28 09:57:11.354627,2026-04-28 09:57:11.354627,12.02014446258545
2026-04-28 09:57:11.554312,2026-04-28 09:57:11.554312,11.974935531616213
2026-04-28 09:57:11.753460,2026-04-28 09:57:11.753460,11.936508178710938
2026-04-28 09:57:11.952186,2026-04-28 09:57:11.952186,11.903843879699709
2026-04-28 09:57:12.152035,2026-04-28 09:57:12.152035,11.876079559326172
2026-04-28 09:57:12.356537,2026-04-28 09:57:12.356537,11.8524808883667
2026-04-28 09:57:12.555387,2026-04-28 09:57:12.555387,11.83242130279541
2026-04-28 09:57:12.752428,2026-04-28 09:57:12.752428,11.991151809692385
2026-04-28 09:57:12.952245,2026-04-28 09:57:12.952245,12.126072883605955
2026-04-28 09:57:13.154155,2026-04-28 09:57:13.154155,12.240755081176758
2026-04-28 09:57:13.354087,2026-04-28 09:57:13.354087,12.33823585510254
2026-04-28 09:57:13.553144,2026-04-28 09:57:13.553144,12.596875190734863
2026-04-28 09:57:13.752702,2026-04-28 09:57:13.752702,12.64093780517578
2026-04-28 09:57:26.852485,2026-04-28 09:57:26.852485,12.854171752929688
2026-04-28 09:57:27.054530,2026-04-28 09:57:27.054530,13.03542137145996
2026-04-28 09:57:27.255356,2026-04-28 09:57:27.255356,13.189483642578123
2026-04-28 09:57:27.454065,2026-04-28 09:57:27.454065,13.320435523986816
2026-04-28 09:57:27.652302,2026-04-28 09:57:27.652302,13.431745529174805
2026-04-28 09:57:27.852188,2026-04-28 09:57:27.852188,13.526358604431152
2026-04-28 09:57:28.055952,2026-04-28 09:57:28.055952,13.78256130218506
2026-04-28 09:57:28.252192,2026-04-28 09:57:28.252192,14.000332832336426
2026-04-28 09:57:28.452438,2026-04-28 09:57:28.452438,14.361220359802246
2026-04-28 09:57:28.652041,2026-04-28 09:57:28.652041,14.492194175720217
2026-04-28 09:57:28.852192,2026-04-28 09:57:28.852192,14.603521347045898
2026-04-28 09:57:29.054239,2026-04-28 09:57:29.054239,14.873929977416992
2026-04-28 09:57:29.252470,2026-04-28 09:57:29.252470,15.103777885437012
2026-04-28 09:57:29.460606,2026-04-28 09:57:29.460606,15.299149513244627
2026-04-28 09:57:29.656938,2026-04-28 09:57:29.656938,15.465213775634766
2026-04-28 09:57:29.852109,2026-04-28 09:57:29.852109,15.606369972229004
2026-04-28 09:57:30.052052,2026-04-28 09:57:30.052052,15.726351737976074
2026-04-28 09:57:30.253770,2026-04-28 09:57:30.253770,15.828336715698242
2026-04-28 09:57:30.452346,2026-04-28 09:57:30.452346,15.915023803710938
2026-04-28 09:57:30.652882,2026-04-28 09:57:30.652882,15.988707542419434
2026-04-28 09:57:30.852732,2026-04-28 09:57:30.852732,16.05133819580078
2026-04-28 09:57:31.052029,2026-04-28 09:57:31.052029,16.104576110839844
2026-04-28 09:57:31.252603,2026-04-28 09:57:31.252603,16.149826049804688
2026-04-28 09:57:31.452043,2026-04-28 09:57:31.452043,16.012508392333984
2026-04-28 09:57:31.651928,2026-04-28 09:57:31.651928,16.071569442749023
2026-04-28 09:57:31.854831,2026-04-28 09:57:31.854831,16.12177276611328
2026-04-28 09:57:32.053954,2026-04-28 09:57:32.053954,16.164443969726562
2026-04-28 09:57:32.255220,2026-04-28 09:57:32.255220,16.200714111328125
2026-04-28 09:57:32.454330,2026-04-28 09:57:32.454330,16.231544494628906
2026-04-28 09:57:32.652491,2026-04-28 09:57:32.652491,16.25775146484375
2026-04-28 09:57:32.853983,2026-04-28 09:57:32.853983,16.104244232177734
2026-04-28 09:57:33.052230,2026-04-28 09:57:33.052230,15.973764419555664
2026-04-28 09:57:33.254729,2026-04-28 09:57:33.254729,15.862855911254885
2026-04-28 09:57:33.453334,2026-04-28 09:57:33.453334,15.768583297729492
2026-04-28 09:57:33.652049,2026-04-28 09:57:33.652049,15.68845272064209
2026-04-28 09:57:33.853039,2026-04-28 09:57:33.853039,15.62034034729004
2026-04-28 09:57:34.052161,2026-04-28 09:57:34.052161,15.562445640563965
2026-04-28 09:57:34.252789,2026-04-28 09:57:34.252789,15.513235092163086
2026-04-28 09:57:34.454436,2026-04-28 09:57:34.454436,15.471405982971191
2026-04-28 09:57:34.652852,2026-04-28 09:57:34.652852,15.435851097106934
2026-04-28 09:57:34.856280,2026-04-28 09:57:34.856280,15.405630111694336
2026-04-28 09:57:35.058258,2026-04-28 09:57:35.058258,15.379941940307615
2026-04-28 09:57:35.253007,2026-04-28 09:57:35.253007,15.35810661315918
2026-04-28 09:57:35.455228,2026-04-28 09:57:35.455228,15.339547157287598
2026-04-28 09:57:35.653821,2026-04-28 09:57:35.653821,15.323771476745604
2026-04-28 09:57:35.852801,2026-04-28 09:57:35.852801,15.310361862182615
2026-04-28 09:57:36.053155,2026-04-28 09:57:36.053155,15.29896354675293
2026-04-28 09:57:36.252908,2026-04-28 09:57:36.252908,15.28927516937256
2026-04-28 09:57:36.453197,2026-04-28 09:57:36.453197,15.28104019165039
2026-04-28 09:57:36.656147,2026-04-28 09:57:36.656147,15.098258972167969
2026-04-28 09:57:36.854092,2026-04-28 09:57:36.854092,15.118677139282228
2026-04-28 09:57:37.055136,2026-04-28 09:57:37.055136,15.136031150817873
2026-04-28 09:57:37.254439,2026-04-28 09:57:37.254439,15.150782585144045
2026-04-28 09:57:37.456803,2026-04-28 09:57:37.456803,15.163321495056152
2026-04-28 09:57:37.654656,2026-04-28 09:57:37.654656,15.173979759216309
2026-04-28 09:57:37.852319,2026-04-28 09:57:37.852319,15.183038711547852
2026-04-28 09:57:38.052112,2026-04-28 09:57:38.052112,15.190739631652832
2026-04-28 09:57:38.254844,2026-04-28 09:57:38.254844,15.197284698486328
2026-04-28 09:57:38.454253,2026-04-28 09:57:38.454253,15.202848434448242
2026-04-28 09:57:38.654677,2026-04-28 09:57:38.654677,15.2075777053833
2026-04-28 09:57:38.853598,2026-04-28 09:57:38.853598,15.211596488952637
2026-04-28 09:57:39.055007,2026-04-28 09:57:39.055007,15.21501350402832
2026-04-28 09:57:39.252039,2026-04-28 09:57:39.252039,15.042136192321776
2026-04-28 09:57:39.456219,2026-04-28 09:57:39.456219,15.070972442626951
2026-04-28 09:57:39.652348,2026-04-28 09:57:39.652348,14.91970157623291
2026-04-28 09:57:39.854866,2026-04-28 09:57:39.854866,14.79112148284912
2026-04-28 09:57:40.053785,2026-04-28 09:57:40.053785,14.681828498840332
2026-04-28 09:57:40.255073,2026-04-28 09:57:40.255073,14.588929176330566
2026-04-28 09:57:40.455636,2026-04-28 09:57:40.455636,14.509964942932127
2026-04-28 09:57:40.655847,2026-04-28 09:57:40.655847,14.44284439086914
2026-04-28 09:57:40.857683,2026-04-28 09:57:40.857683,14.38579273223877
2026-04-28 09:57:41.058384,2026-04-28 09:57:41.058384,14.513080596923828
2026-04-28 09:57:41.255115,2026-04-28 09:57:41.255115,14.621274948120115
2026-04-28 09:57:41.452008,2026-04-28 09:57:41.452008,14.713239669799805
2026-04-28 09:57:41.653405,2026-04-28 09:57:41.653405,14.791409492492676
2026-04-28 09:57:41.855679,2026-04-28 09:57:41.855679,14.857854843139648
2026-04-28 09:57:42.052803,2026-04-28 09:57:42.052803,14.914332389831545
2026-04-28 09:57:42.252785,2026-04-28 09:57:42.252785,14.962339401245115
2026-04-28 09:57:42.455037,2026-04-28 09:57:42.455037,15.003144264221191
2026-04-28 09:57:42.655916,2026-04-28 09:57:42.655916,15.037829399108888
2026-04-28 09:57:42.854095,2026-04-28 09:57:42.854095,15.06731128692627
2026-04-28 09:57:43.056792,2026-04-28 09:57:43.056792,15.268152236938477
2026-04-28 09:57:43.254586,2026-04-28 09:57:43.254586,15.26308536529541
2026-04-28 09:57:43.454717,2026-04-28 09:57:43.454717,15.25877857208252
2026-04-28 09:57:43.653439,2026-04-28 09:57:43.653439,15.430899620056152
2026-04-28 09:57:43.852665,2026-04-28 09:57:43.852665,15.57720184326172
2026-04-28 09:57:44.054495,2026-04-28 09:57:44.054495,15.52577781677246
2026-04-28 09:57:44.252449,2026-04-28 09:57:44.252449,15.482067108154297
2026-04-28 09:57:44.452615,2026-04-28 09:57:44.452615,15.444913864135742
2026-04-28 09:57:44.655659,2026-04-28 09:57:44.655659,15.41333293914795
2026-04-28 09:57:44.852732,2026-04-28 09:57:44.852732,15.562270164489746
2026-04-28 09:57:45.054993,2026-04-28 09:57:45.054993,15.688867568969728
2026-04-28 09:57:45.254113,2026-04-28 09:57:45.254113,15.79647445678711
2026-04-28 09:57:45.452007,2026-04-28 09:57:45.452007,15.887941360473633
2026-04-28 09:57:45.653936,2026-04-28 09:57:45.653936,15.96568775177002
2026-04-28 09:57:45.852201,2026-04-28 09:57:45.852201,16.03177261352539
2026-04-28 09:57:46.052845,2026-04-28 09:57:46.052845,16.08794403076172
2026-04-28 09:57:46.255016,2026-04-28 09:57:46.255016,16.13568878173828
2026-04-28 09:57:46.453526,2026-04-28 09:57:46.453526,16.176273345947266
2026-04-28 09:57:46.657339,2026-04-28 09:57:46.657339,16.210769653320312
2026-04-28 09:57:46.853732,2026-04-28 09:57:46.853732,16.24009132385254
2026-04-28 09:57:47.055531,2026-04-28 09:57:47.055531,16.265016555786133
2026-04-28 09:57:47.252669,2026-04-28 09:57:47.252669,16.28620147705078
2026-04-28 09:57:47.452082,2026-04-28 09:57:47.452082,16.304208755493164
2026-04-28 09:57:47.652096,2026-04-28 09:57:47.652096,16.319515228271484
2026-04-28 09:57:47.857823,2026-04-28 09:57:47.857823,16.3325252532959
2026-04-28 09:57:48.052952,2026-04-28 09:57:48.052952,16.343584060668945
2026-04-28 09:57:48.253048,2026-04-28 09:57:48.253048,16.352983474731445
2026-04-28 09:57:48.462720,2026-04-28 09:57:48.462720,16.360973358154297
2026-04-28 09:57:48.652255,2026-04-28 09:57:48.652255,16.367765426635742
2026-04-28 09:57:48.852274,2026-04-28 09:57:48.852274,16.373537063598633
2026-04-28 09:57:49.056551,2026-04-28 09:57:49.056551,16.37844467163086
2026-04-28 09:57:49.252214,2026-04-28 09:57:49.252214,16.38261604309082
2026-04-28 09:57:49.452466,2026-04-28 09:57:49.452466,16.386159896850586
2026-04-28 09:57:49.653784,2026-04-28 09:57:49.653784,16.38917350769043
2026-04-28 09:57:49.856519,2026-04-28 09:57:49.856519,16.391735076904297
2026-04-28 09:57:50.055195,2026-04-28 09:57:50.055195,16.39391326904297
2026-04-28 09:57:50.252893,2026-04-28 09:57:50.252893,16.395763397216797
2026-04-28 09:57:50.454859,2026-04-28 09:57:50.454859,16.397336959838867
2026-04-28 09:57:50.653866,2026-04-28 09:57:50.653866,16.39867401123047
2026-04-28 09:57:50.853631,2026-04-28 09:57:50.853631,16.399808883666992
2026-04-28 09:57:51.052436,2026-04-28 09:57:51.052436,16.400775909423828
2026-04-28 09:57:51.252312,2026-04-28 09:57:51.252312,16.401596069335938
2026-04-28 09:57:51.467781,2026-04-28 09:57:51.467781,16.402294158935547
2026-04-28 09:57:51.652437,2026-04-28 09:57:51.652437,16.40288734436035
2026-04-28 09:57:51.852953,2026-04-28 09:57:51.852953,16.403392791748047
2026-04-28 09:57:52.052577,2026-04-28 09:57:52.052577,16.22804069519043
2026-04-28 09:58:05.153799,2026-04-28 09:58:05.153799,16.078990936279297
2026-04-28 09:58:05.355740,2026-04-28 09:58:05.355740,15.952298164367676
2026-04-28 09:58:05.553601,2026-04-28 09:58:05.553601,16.0203914642334
2026-04-28 09:58:05.754950,2026-04-28 09:58:05.754950,16.078269958496094
2026-04-28 09:58:05.956418,2026-04-28 09:58:05.956418,16.127466201782227
2026-04-28 09:58:06.153246,2026-04-28 09:58:06.153246,16.16928482055664
2026-04-28 09:58:06.355878,2026-04-28 09:58:06.355878,16.2048282623291
2026-04-28 09:58:06.556508,2026-04-28 09:58:06.556508,16.235042572021484
2026-04-28 09:58:06.758500,2026-04-28 09:58:06.758500,16.260723114013672
2026-04-28 09:58:06.956599,2026-04-28 09:58:06.956599,16.28255271911621
2026-04-28 09:58:07.151934,2026-04-28 09:58:07.151934,16.30110740661621
2026-04-28 09:58:07.353050,2026-04-28 09:58:07.353050,16.316879272460938
2026-04-28 09:58:07.553239,2026-04-28 09:58:07.553239,16.506065368652344
2026-04-28 09:58:07.752681,2026-04-28 09:58:07.752681,16.666873931884766
2026-04-28 09:58:07.954120,2026-04-28 09:58:07.954120,16.80356216430664
2026-04-28 09:58:08.152185,2026-04-28 09:58:08.152185,16.91974639892578
2026-04-28 09:58:08.352014,2026-04-28 09:58:08.352014,17.194284439086914
2026-04-28 09:58:08.552539,2026-04-28 09:58:08.552539,17.251859664916992
2026-04-28 09:58:08.753235,2026-04-28 09:58:08.753235,16.246112823486328
2026-04-28 09:58:08.952810,2026-04-28 09:58:08.952810,16.62169647216797
2026-04-28 09:58:09.153528,2026-04-28 09:58:09.153528,16.940940856933594
2026-04-28 09:58:09.352870,2026-04-28 09:58:09.352870,15.981831550598145
2026-04-28 09:58:09.555154,2026-04-28 09:58:09.555154,15.166587829589844
2026-04-28 09:58:09.752804,2026-04-28 09:58:09.752804,14.473630905151367
2026-04-28 09:58:09.952069,2026-04-28 09:58:09.952069,13.884617805480955
2026-04-28 09:58:10.154982,2026-04-28 09:58:10.154982,13.208174705505373
2026-04-28 09:58:10.352350,2026-04-28 09:58:10.352350,14.215229988098145
2026-04-28 09:58:10.553757,2026-04-28 09:58:10.553757,15.071227073669434
2026-04-28 09:58:10.752104,2026-04-28 09:58:10.752104,15.798824310302734
2026-04-28 09:58:10.955887,2026-04-28 09:58:10.955887,16.417282104492188
2026-04-28 09:58:11.153361,2026-04-28 09:58:11.153361,17.118751525878906
2026-04-28 09:58:11.353483,2026-04-28 09:58:11.353483,15.781408309936523
2026-04-28 09:58:11.555542,2026-04-28 09:58:11.555542,16.578258514404297
2026-04-28 09:58:11.752582,2026-04-28 09:58:11.752582,17.255582809448242
2026-04-28 09:58:11.952303,2026-04-28 09:58:11.952303,15.897713661193848
2026-04-28 09:58:12.158690,2026-04-28 09:58:12.158690,16.677120208740234
2026-04-28 09:58:12.352096,2026-04-28 09:58:12.352096,17.339614868164062
2026-04-28 09:58:12.552763,2026-04-28 09:58:12.552763,17.902734756469727
2026-04-28 09:58:12.753288,2026-04-28 09:58:12.753288,18.55716896057129
2026-04-28 09:58:12.955133,2026-04-28 09:58:12.955133,18.937654495239254
2026-04-28 09:58:13.152158,2026-04-28 09:58:13.152158,19.436851501464844
2026-04-28 09:58:13.353688,2026-04-28 09:58:13.353688,19.86116600036621
2026-04-28 09:58:13.554188,2026-04-28 09:58:13.554188,20.22183609008789
2026-04-28 09:58:13.754450,2026-04-28 09:58:13.754450,20.528404235839844
2026-04-28 09:58:13.957508,2026-04-28 09:58:13.957508,20.78898811340332
2026-04-28 09:58:14.159653,2026-04-28 09:58:14.159653,21.010482788085938
2026-04-28 09:58:14.355392,2026-04-28 09:58:14.355392,21.198753356933597
2026-04-28 09:58:14.555012,2026-04-28 09:58:14.555012,21.35878562927246
2026-04-28 09:58:14.762185,2026-04-28 09:58:14.762185,21.67059135437012
2026-04-28 09:58:14.954441,2026-04-28 09:58:14.954441,21.93562889099121
2026-04-28 09:58:15.153020,2026-04-28 09:58:15.153020,22.16090965270996
2026-04-28 09:58:15.353421,2026-04-28 09:58:15.353421,22.35239791870117
2026-04-28 09:58:15.552533,2026-04-28 09:58:15.552533,22.51516342163086
2026-04-28 09:58:15.754008,2026-04-28 09:58:15.754008,22.653512954711918
2026-04-28 09:58:15.953237,2026-04-28 09:58:15.953237,22.7711124420166
2026-04-28 09:58:16.162187,2026-04-28 09:58:16.162187,22.871068954467773
2026-04-28 09:58:16.352644,2026-04-28 09:58:16.352644,22.95603370666504
2026-04-28 09:58:16.553494,2026-04-28 09:58:16.553494,23.02825355529785
2026-04-28 09:58:16.752059,2026-04-28 09:58:16.752059,23.08964157104492
2026-04-28 09:58:16.956074,2026-04-28 09:58:16.956074,23.14181900024414
2026-04-28 09:58:17.152964,2026-04-28 09:58:17.152964,23.18617248535156
2026-04-28 09:58:17.354568,2026-04-28 09:58:17.354568,23.3996524810791
2026-04-28 09:58:17.554614,2026-04-28 09:58:17.554614,23.58111000061035
2026-04-28 09:58:17.756716,2026-04-28 09:58:17.756716,23.735349655151367
2026-04-28 09:58:17.955672,2026-04-28 09:58:17.955672,23.866453170776367
2026-04-28 09:58:18.156002,2026-04-28 09:58:18.156002,23.97789192199707
2026-04-28 09:58:18.356232,2026-04-28 09:58:18.356232,22.139020919799805
2026-04-28 09:58:18.556826,2026-04-28 09:58:18.556826,20.57598114013672
2026-04-28 09:58:18.754735,2026-04-28 09:58:18.754735,19.24739646911621
2026-04-28 09:58:18.955744,2026-04-28 09:58:18.955744,18.118099212646484
2026-04-28 09:58:19.154269,2026-04-28 09:58:19.154269,17.1581974029541
2026-04-28 09:58:19.354553,2026-04-28 09:58:19.354553,16.3422794342041
2026-04-28 09:58:19.555218,2026-04-28 09:58:19.555218,15.64875030517578
2026-04-28 09:58:19.757897,2026-04-28 09:58:19.757897,15.059249877929688
2026-04-28 09:58:19.955907,2026-04-28 09:58:19.955907,14.558175086975098
2026-04-28 09:58:20.156294,2026-04-28 09:58:20.156294,14.132261276245115
2026-04-28 09:58:20.362121,2026-04-28 09:58:20.362121,13.770235061645508
2026-04-28 09:58:20.554609,2026-04-28 09:58:20.554609,15.396105766296388
2026-04-28 09:58:20.756483,2026-04-28 09:58:20.756483,14.844502449035645
2026-04-28 09:58:20.956296,2026-04-28 09:58:20.956296,14.375639915466309
2026-04-28 09:58:21.155876,2026-04-28 09:58:21.155876,13.977106094360352
2026-04-28 09:58:21.355567,2026-04-28 09:58:21.355567,13.814133644104004
2026-04-28 09:58:21.553947,2026-04-28 09:58:21.553947,15.433420181274414
2026-04-28 09:58:21.753632,2026-04-28 09:58:21.753632,16.809812545776367
2026-04-28 09:58:21.954314,2026-04-28 09:58:21.954314,17.803966522216797
2026-04-28 09:58:22.153306,2026-04-28 09:58:22.153306,17.066965103149414
2026-04-28 09:58:22.355903,2026-04-28 09:58:22.355903,16.616294860839844
2026-04-28 09:58:22.553774,2026-04-28 09:58:22.553774,16.233226776123047
2026-04-28 09:58:22.756000,2026-04-28 09:58:22.756000,16.083398818969727
2026-04-28 09:58:22.952969,2026-04-28 09:58:22.952969,15.780263900756836
2026-04-28 09:58:23.153312,2026-04-28 09:58:23.153312,15.69838047027588
2026-04-28 09:58:23.355841,2026-04-28 09:58:23.355841,15.452998161315918
2026-04-28 09:58:23.554710,2026-04-28 09:58:23.554710,15.420205116271973
2026-04-28 09:58:23.755935,2026-04-28 09:58:23.755935,15.392330169677734
2026-04-28 09:58:23.954024,2026-04-28 09:58:23.954024,15.368637084960938
2026-04-28 09:58:24.156144,2026-04-28 09:58:24.156144,15.34849739074707
2026-04-28 09:58:24.352851,2026-04-28 09:58:24.352851,15.858722686767578
2026-04-28 09:58:24.552648,2026-04-28 09:58:24.552648,16.46819496154785
2026-04-28 09:58:24.754354,2026-04-28 09:58:24.754354,16.986248016357422
2026-04-28 09:58:24.956106,2026-04-28 09:58:24.956106,17.250810623168945
2026-04-28 09:58:25.155867,2026-04-28 09:58:25.155867,17.299907684326172
2026-04-28 09:58:25.359362,2026-04-28 09:58:25.359362,17.34164047241211
2026-04-28 09:58:25.553149,2026-04-28 09:58:25.553149,17.377113342285156
2026-04-28 09:58:25.754596,2026-04-28 09:58:25.754596,16.704139709472656
2026-04-28 09:58:25.953584,2026-04-28 09:58:25.953584,16.835237503051758
2026-04-28 09:58:26.152048,2026-04-28 09:58:26.152048,16.946670532226562
2026-04-28 09:58:26.352910,2026-04-28 09:58:26.352910,17.04138946533203
2026-04-28 09:58:26.552526,2026-04-28 09:58:26.552526,17.121898651123047
2026-04-28 09:58:26.753116,2026-04-28 09:58:26.753116,17.190332412719727
2026-04-28 09:58:26.953212,2026-04-28 09:58:26.953212,17.248502731323242
2026-04-28 09:58:27.153834,2026-04-28 09:58:27.153834,17.297945022583008
2026-04-28 09:58:27.355561,2026-04-28 09:58:27.355561,17.1641902923584
2026-04-28 09:58:27.552346,2026-04-28 09:58:27.552346,17.226280212402344
2026-04-28 09:58:27.758487,2026-04-28 09:58:27.758487,17.1032772064209
2026-04-28 09:58:27.953363,2026-04-28 09:58:27.953363,16.998722076416016
2026-04-28 09:58:28.154957,2026-04-28 09:58:28.154957,16.90985107421875
2026-04-28 09:58:28.353606,2026-04-28 09:58:28.353606,16.65852928161621
2026-04-28 09:58:28.553736,2026-04-28 09:58:28.553736,16.44490623474121
2026-04-28 09:58:28.753258,2026-04-28 09:58:28.753258,16.26332664489746
2026-04-28 09:58:28.965968,2026-04-28 09:58:28.965968,16.108983993530273
2026-04-28 09:58:29.152891,2026-04-28 09:58:29.152891,15.977792739868164
2026-04-28 09:58:29.353336,2026-04-28 09:58:29.353336,15.866280555725098
2026-04-28 09:58:29.552289,2026-04-28 09:58:29.552289,15.77149486541748
2026-04-28 09:58:29.754332,2026-04-28 09:58:29.754332,15.690926551818848
2026-04-28 09:58:29.952772,2026-04-28 09:58:29.952772,15.446662902832031
2026-04-28 09:58:30.154697,2026-04-28 09:58:30.154697,15.239038467407228
2026-04-28 09:58:30.352136,2026-04-28 09:58:30.352136,15.062557220458984
2026-04-28 09:58:43.453127,2026-04-28 09:58:43.453127,14.912549018859863
2026-04-28 09:58:43.653738,2026-04-28 09:58:43.653738,14.785041809082031
2026-04-28 09:58:43.857551,2026-04-28 09:58:43.857551,14.676660537719728
2026-04-28 09:58:44.065248,2026-04-28 09:58:44.065248,14.5845365524292
2026-04-28 09:58:44.252620,2026-04-28 09:58:44.252620,14.506230354309082
2026-04-28 09:58:44.454910,2026-04-28 09:58:44.454910,14.439671516418455
2026-04-28 09:58:44.656409,2026-04-28 09:58:44.656409,14.383095741271973
2026-04-28 09:58:44.855996,2026-04-28 09:58:44.855996,14.159224510192873
2026-04-28 09:58:45.053468,2026-04-28 09:58:45.053468,13.968935012817385
2026-04-28 09:58:45.256806,2026-04-28 09:58:45.256806,13.807188034057615
2026-04-28 09:58:45.461786,2026-04-28 09:58:45.461786,13.669703483581545
2026-04-28 09:58:45.652055,2026-04-28 09:58:45.652055,13.552842140197754
2026-04-28 09:58:45.852297,2026-04-28 09:58:45.852297,13.453509330749512
2026-04-28 09:58:46.053956,2026-04-28 09:58:46.053956,13.3690767288208
2026-04-28 09:58:46.252254,2026-04-28 09:58:46.252254,13.297308921813965
2026-04-28 09:58:46.452909,2026-04-28 09:58:46.452909,13.236306190490724
2026-04-28 09:58:46.653517,2026-04-28 09:58:46.653517,13.184453964233398
2026-04-28 09:58:46.852047,2026-04-28 09:58:46.852047,13.140379905700684
2026-04-28 09:58:47.054380,2026-04-28 09:58:47.054380,13.102916717529297
2026-04-28 09:58:47.252948,2026-04-28 09:58:47.252948,13.071072578430176
2026-04-28 09:58:47.452801,2026-04-28 09:58:47.452801,13.044005393981934
2026-04-28 09:58:47.652679,2026-04-28 09:58:47.652679,13.19678020477295
2026-04-28 09:58:47.863437,2026-04-28 09:58:47.863437,13.326638221740724
2026-04-28 09:58:48.054265,2026-04-28 09:58:48.054265,13.261236190795898
2026-04-28 09:58:48.252128,2026-04-28 09:58:48.252128,13.381425857543944
2026-04-28 09:58:48.456454,2026-04-28 09:58:48.456454,14.889836311340332
2026-04-28 09:58:48.664008,2026-04-28 09:58:48.664008,16.171985626220703
2026-04-28 09:58:48.855336,2026-04-28 09:58:48.855336,17.26181411743164
2026-04-28 09:58:49.053328,2026-04-28 09:58:49.053328,18.18816566467285
2026-04-28 09:58:49.257671,2026-04-28 09:58:49.257671,18.975566864013672
2026-04-28 09:58:49.454171,2026-04-28 09:58:49.454171,19.644855499267575
2026-04-28 09:58:49.651991,2026-04-28 09:58:49.651991,20.21375274658203
2026-04-28 09:58:49.852730,2026-04-28 09:58:49.852730,20.697315216064453
2026-04-28 09:58:50.065690,2026-04-28 09:58:50.065690,21.10834312438965
2026-04-28 09:58:50.251979,2026-04-28 09:58:50.251979,21.63349723815918
2026-04-28 09:58:50.452163,2026-04-28 09:58:50.452163,22.079879760742188
2026-04-28 09:58:50.653389,2026-04-28 09:58:50.653389,22.45930290222168
2026-04-28 09:58:50.867988,2026-04-28 09:58:50.867988,22.781814575195312
2026-04-28 09:58:51.052742,2026-04-28 09:58:51.052742,21.12235450744629
2026-04-28 09:58:51.252596,2026-04-28 09:58:51.252596,19.711814880371094
2026-04-28 09:58:51.452924,2026-04-28 09:58:51.452924,18.512853622436523
2026-04-28 09:58:51.662770,2026-04-28 09:58:51.662770,17.493738174438477
2026-04-28 09:58:51.853039,2026-04-28 09:58:51.853039,18.736865997314453
2026-04-28 09:58:52.053155,2026-04-28 09:58:52.053155,19.96930503845215
2026-04-28 09:58:52.264207,2026-04-28 09:58:52.264207,20.84109687805176
2026-04-28 09:58:52.464912,2026-04-28 09:58:52.464912,21.75790023803711
2026-04-28 09:58:52.652988,2026-04-28 09:58:52.652988,22.53718376159668
2026-04-28 09:58:52.859420,2026-04-28 09:58:52.859420,23.023794174194336
2026-04-28 09:58:53.056285,2026-04-28 09:58:53.056285,23.61319351196289
2026-04-28 09:58:53.255487,2026-04-28 09:58:53.255487,24.28996467590332
2026-04-28 09:58:53.462824,2026-04-28 09:58:53.462824,25.041000366210938
2026-04-28 09:58:53.655393,2026-04-28 09:58:53.655393,25.67938232421875
2026-04-28 09:58:53.866480,2026-04-28 09:58:53.866480,26.22200584411621
2026-04-28 09:58:54.063779,2026-04-28 09:58:54.063779,26.683237075805664
2026-04-28 09:58:54.263460,2026-04-28 09:58:54.263460,26.89950180053711
2026-04-28 09:58:54.452318,2026-04-28 09:58:54.452318,27.08332633972168
2026-04-28 09:58:54.652754,2026-04-28 09:58:54.652754,27.23957633972168
2026-04-28 09:58:54.862743,2026-04-28 09:58:54.862743,27.372390747070312
2026-04-28 09:58:55.054433,2026-04-28 09:58:55.054433,27.485280990600582
2026-04-28 09:58:55.266943,2026-04-28 09:58:55.266943,27.581239700317383
2026-04-28 09:58:55.463779,2026-04-28 09:58:55.463779,27.662803649902344
2026-04-28 09:58:55.662416,2026-04-28 09:58:55.662416,27.732133865356445
2026-04-28 09:58:55.866260,2026-04-28 09:58:55.866260,25.50590705871582
2026-04-28 09:58:56.063805,2026-04-28 09:58:56.063805,23.613615036010746
2026-04-28 09:58:56.256828,2026-04-28 09:58:56.256828,22.00516700744629
2026-04-28 09:58:56.452813,2026-04-28 09:58:56.452813,20.637985229492188
2026-04-28 09:58:56.653042,2026-04-28 09:58:56.653042,19.47588157653809
2026-04-28 09:58:56.852774,2026-04-28 09:58:56.852774,18.48809242248535
2026-04-28 09:58:57.054397,2026-04-28 09:58:57.054397,17.64847183227539
2026-04-28 09:58:57.262316,2026-04-28 09:58:57.262316,16.934795379638672
2026-04-28 09:58:57.462581,2026-04-28 09:58:57.462581,16.328168869018555
2026-04-28 09:58:57.653746,2026-04-28 09:58:57.653746,15.812538146972656
2026-04-28 09:58:57.862214,2026-04-28 09:58:57.862214,15.37425136566162
2026-04-28 09:58:58.052782,2026-04-28 09:58:58.052782,15.001707077026367
2026-04-28 09:58:58.268409,2026-04-28 09:58:58.268409,14.68504524230957
2026-04-28 09:58:58.453221,2026-04-28 09:58:58.453221,14.415882110595703
2026-04-28 09:58:58.663558,2026-04-28 09:58:58.663558,14.187093734741213
2026-04-28 09:58:58.852864,2026-04-28 09:58:58.852864,13.992623329162598
2026-04-28 09:58:59.054841,2026-04-28 09:58:59.054841,13.651541709899902
2026-04-28 09:58:59.253197,2026-04-28 09:58:59.253197,13.537405014038086
2026-04-28 09:58:59.453574,2026-04-28 09:58:59.453574,13.440387725830078
2026-04-28 09:58:59.653757,2026-04-28 09:58:59.653757,13.35792350769043
2026-04-28 09:58:59.861967,2026-04-28 09:58:59.861967,13.28782844543457
2026-04-28 09:59:00.065126,2026-04-28 09:59:00.065126,13.22824764251709
2026-04-28 09:59:00.258520,2026-04-28 09:59:00.258520,13.177604675292969
2026-04-28 09:59:00.465255,2026-04-28 09:59:00.465255,12.958776473999023
2026-04-28 09:59:00.654586,2026-04-28 09:59:00.654586,12.948554039001465
2026-04-28 09:59:00.854257,2026-04-28 09:59:00.854257,12.939864158630373
2026-04-28 09:59:01.063436,2026-04-28 09:59:01.063436,12.93247890472412
2026-04-28 09:59:01.256100,2026-04-28 09:59:01.256100,12.75041961669922
2026-04-28 09:59:01.467339,2026-04-28 09:59:01.467339,12.59566879272461
2026-04-28 09:59:01.655443,2026-04-28 09:59:01.655443,12.464131355285645
2026-04-28 09:59:01.853166,2026-04-28 09:59:01.853166,12.352323532104492
2026-04-28 09:59:02.062201,2026-04-28 09:59:02.062201,12.257287979125977
2026-04-28 09:59:02.262660,2026-04-28 09:59:02.262660,12.176506996154783
2026-04-28 09:59:02.464740,2026-04-28 09:59:02.464740,12.107843399047852
2026-04-28 09:59:02.653744,2026-04-28 09:59:02.653744,11.873698234558104
2026-04-28 09:59:02.862138,2026-04-28 09:59:02.862138,11.674674987792969
2026-04-28 09:59:03.062804,2026-04-28 09:59:03.062804,11.505504608154297
2026-04-28 09:59:03.266130,2026-04-28 09:59:03.266130,11.36171054840088
2026-04-28 09:59:03.463393,2026-04-28 09:59:03.463393,11.239484786987305
2026-04-28 09:59:03.662346,2026-04-28 09:59:03.662346,11.13559341430664
2026-04-28 09:59:03.862413,2026-04-28 09:59:03.862413,11.047286033630373
2026-04-28 09:59:04.053976,2026-04-28 09:59:04.053976,10.796442985534668
2026-04-28 09:59:04.264532,2026-04-28 09:59:04.264532,10.583226203918455
2026-04-28 09:59:04.462931,2026-04-28 09:59:04.462931,10.401992797851562
2026-04-28 09:59:04.668170,2026-04-28 09:59:04.668170,10.247943878173828
2026-04-28 09:59:04.862573,2026-04-28 09:59:04.862573,10.117002487182615
2026-04-28 09:59:05.063690,2026-04-28 09:59:05.063690,10.005702018737791
2026-04-28 09:59:05.268046,2026-04-28 09:59:05.268046,9.911096572875977
2026-04-28 09:59:05.462761,2026-04-28 09:59:05.462761,9.830681800842283
2026-04-28 09:59:05.662277,2026-04-28 09:59:05.662277,9.762330055236816
2026-04-28 09:59:05.853617,2026-04-28 09:59:05.853617,9.704230308532717
2026-04-28 09:59:06.054489,2026-04-28 09:59:06.054489,9.65484619140625
2026-04-28 09:59:06.264287,2026-04-28 09:59:06.264287,9.612869262695312
2026-04-28 09:59:06.459760,2026-04-28 09:59:06.459760,9.577188491821287
2026-04-28 09:59:06.666655,2026-04-28 09:59:06.666655,9.546860694885254
2026-04-28 09:59:06.862929,2026-04-28 09:59:06.862929,9.52108097076416
2026-04-28 09:59:07.053370,2026-04-28 09:59:07.053370,9.49916934967041
2026-04-28 09:59:07.262037,2026-04-28 09:59:07.262037,9.480544090270996
2026-04-28 09:59:07.467710,2026-04-28 09:59:07.467710,9.464712142944336
2026-04-28 09:59:07.655159,2026-04-28 09:59:07.655159,9.451254844665527
2026-04-28 09:59:07.862035,2026-04-28 09:59:07.862035,9.439817428588867
2026-04-28 09:59:08.056669,2026-04-28 09:59:08.056669,9.430094718933104
2026-04-28 09:59:08.262284,2026-04-28 09:59:08.262284,9.421830177307127
2026-04-28 09:59:08.462590,2026-04-28 09:59:08.462590,9.41480541229248
2026-04-28 09:59:08.655601,2026-04-28 09:59:08.655601,9.40883445739746
2026-04-28 09:59:21.765033,2026-04-28 09:59:21.765033,9.403759956359863
2026-04-28 09:59:21.962645,2026-04-28 09:59:21.962645,9.39944553375244
2026-04-28 09:59:22.162445,2026-04-28 09:59:22.162445,9.39577865600586
2026-04-28 09:59:22.357126,2026-04-28 09:59:22.357126,9.392662048339844
2026-04-28 09:59:22.562404,2026-04-28 09:59:22.562404,9.390012741088867
2026-04-28 09:59:22.764086,2026-04-28 09:59:22.764086,9.387761116027832
2026-04-28 09:59:22.957526,2026-04-28 09:59:22.957526,9.385847091674805
2026-04-28 09:59:23.156126,2026-04-28 09:59:23.156126,9.560001373291016
2026-04-28 09:59:23.366822,2026-04-28 09:59:23.366822,9.70803165435791
2026-04-28 09:59:23.562471,2026-04-28 09:59:23.562471,9.833858489990234
2026-04-28 09:59:23.762415,2026-04-28 09:59:23.762415,9.940811157226562
2026-04-28 09:59:23.957970,2026-04-28 09:59:23.957970,10.031720161437988
2026-04-28 09:59:24.157447,2026-04-28 09:59:24.157447,10.284774780273438
2026-04-28 09:59:24.361485,2026-04-28 09:59:24.361485,10.499871253967283
2026-04-28 09:59:24.554424,2026-04-28 09:59:24.554424,10.682703018188477
2026-04-28 09:59:24.761980,2026-04-28 09:59:24.761980,10.838109970092772
2026-04-28 09:59:24.956876,2026-04-28 09:59:24.956876,11.145987510681152
2026-04-28 09:59:25.165946,2026-04-28 09:59:25.165946,11.58346462249756
2026-04-28 09:59:25.354520,2026-04-28 09:59:25.354520,12.13110065460205
2026-04-28 09:59:25.556176,2026-04-28 09:59:25.556176,12.59659194946289
2026-04-28 09:59:25.762463,2026-04-28 09:59:25.762463,12.99225902557373
2026-04-28 09:59:25.964878,2026-04-28 09:59:25.964878,13.328577041625977
2026-04-28 09:59:26.162034,2026-04-28 09:59:26.162034,13.614446640014648
2026-04-28 09:59:26.353881,2026-04-28 09:59:26.353881,13.857436180114746
2026-04-28 09:59:26.565318,2026-04-28 09:59:26.565318,14.063976287841797
2026-04-28 09:59:26.764555,2026-04-28 09:59:26.764555,14.23953628540039
2026-04-28 09:59:26.955981,2026-04-28 09:59:26.955981,14.56454372406006
2026-04-28 09:59:27.163820,2026-04-28 09:59:27.163820,14.84079933166504
2026-04-28 09:59:27.361979,2026-04-28 09:59:27.361979,15.075616836547852
2026-04-28 09:59:27.565454,2026-04-28 09:59:27.565454,15.450993537902832
2026-04-28 09:59:27.762182,2026-04-28 09:59:27.762182,15.770063400268556
2026-04-28 09:59:27.962355,2026-04-28 09:59:27.962355,16.21705436706543
2026-04-28 09:59:28.164065,2026-04-28 09:59:28.164065,16.596996307373047
2026-04-28 09:59:28.361923,2026-04-28 09:59:28.361923,16.919946670532227
2026-04-28 09:59:28.565075,2026-04-28 09:59:28.565075,17.194454193115234
2026-04-28 09:59:28.759154,2026-04-28 09:59:28.759154,17.427785873413086
2026-04-28 09:59:28.963417,2026-04-28 09:59:28.963417,17.626117706298828
2026-04-28 09:59:29.162646,2026-04-28 09:59:29.162646,17.794700622558594
2026-04-28 09:59:29.364524,2026-04-28 09:59:29.364524,17.93799591064453
2026-04-28 09:59:29.562752,2026-04-28 09:59:29.562752,18.059795379638672
2026-04-28 09:59:29.753457,2026-04-28 09:59:29.753457,18.16332626342773
2026-04-28 09:59:29.968769,2026-04-28 09:59:29.968769,18.42710876464844
2026-04-28 09:59:30.166156,2026-04-28 09:59:30.166156,18.651323318481445
2026-04-28 09:59:30.365366,2026-04-28 09:59:30.365366,18.84190559387207
2026-04-28 09:59:30.564281,2026-04-28 09:59:30.564281,19.00390243530273
2026-04-28 09:59:30.763225,2026-04-28 09:59:30.763225,19.14159774780273
2026-04-28 09:59:30.968593,2026-04-28 09:59:30.968593,19.43442153930664
2026-04-28 09:59:31.168517,2026-04-28 09:59:31.168517,19.683319091796875
2026-04-28 09:59:31.367184,2026-04-28 09:59:31.367184,19.89488410949707
2026-04-28 09:59:31.565461,2026-04-28 09:59:31.565461,20.07471466064453
2026-04-28 09:59:31.771134,2026-04-28 09:59:31.771134,20.227569580078125
2026-04-28 09:59:31.962745,2026-04-28 09:59:31.962745,20.35749626159668
2026-04-28 09:59:32.162442,2026-04-28 09:59:32.162442,20.46793556213379
2026-04-28 09:59:32.365736,2026-04-28 09:59:32.365736,20.73758888244629
2026-04-28 09:59:32.557116,2026-04-28 09:59:32.557116,20.96679306030273
2026-04-28 09:59:32.767895,2026-04-28 09:59:32.767895,21.161619186401367
2026-04-28 09:59:32.953235,2026-04-28 09:59:32.953235,21.32721900939941
2026-04-28 09:59:33.156992,2026-04-28 09:59:33.156992,21.467979431152344
2026-04-28 09:59:33.365387,2026-04-28 09:59:33.365387,21.587627410888672
2026-04-28 09:59:33.566481,2026-04-28 09:59:33.566481,21.689327239990234
2026-04-28 09:59:33.763915,2026-04-28 09:59:33.763915,21.77577209472656
2026-04-28 09:59:33.966802,2026-04-28 09:59:33.966802,21.8492488861084
2026-04-28 09:59:34.165238,2026-04-28 09:59:34.165238,21.911705017089844
2026-04-28 09:59:34.363040,2026-04-28 09:59:34.363040,21.789012908935547
2026-04-28 09:59:34.564570,2026-04-28 09:59:34.564570,21.860504150390625
2026-04-28 09:59:34.754015,2026-04-28 09:59:34.754015,21.92127227783203
2026-04-28 09:59:34.954242,2026-04-28 09:59:34.954242,22.148706436157227
2026-04-28 09:59:35.153988,2026-04-28 09:59:35.153988,22.517807006835938
