log_time,publish_time,data
2026-04-26 21:51:01.398504,2026-04-26 21:51:01.398504,23.87214088439941
2026-04-26 21:51:01.594167,2026-04-26 21:51:01.594167,23.982725143432617
2026-04-26 21:51:01.793930,2026-04-26 21:51:01.793930,23.900941848754883
2026-04-26 21:51:01.994724,2026-04-26 21:51:01.994724,24.00720596313477
2026-04-26 21:51:02.195001,2026-04-26 21:51:02.195001,24.097532272338867
2026-04-26 21:51:02.395059,2026-04-26 21:51:02.395059,24.17430877685547
2026-04-26 21:51:02.592386,2026-04-26 21:51:02.592386,24.23956871032715
2026-04-26 21:51:02.792894,2026-04-26 21:51:02.792894,24.295040130615234
2026-04-26 21:51:02.996750,2026-04-26 21:51:02.996750,24.34218978881836
2026-04-26 21:51:03.192465,2026-04-26 21:51:03.192465,24.382266998291016
2026-04-26 21:51:03.394411,2026-04-26 21:51:03.394411,24.41633415222168
2026-04-26 21:51:03.593387,2026-04-26 21:51:03.593387,24.269508361816406
2026-04-26 21:51:03.792696,2026-04-26 21:51:03.792696,24.32048797607422
2026-04-26 21:51:03.992825,2026-04-26 21:51:03.992825,24.36382102966309
2026-04-26 21:51:04.192699,2026-04-26 21:51:04.192699,24.400653839111328
2026-04-26 21:51:04.396737,2026-04-26 21:51:04.396737,24.431962966918945
2026-04-26 21:51:04.592882,2026-04-26 21:51:04.592882,24.458574295043945
2026-04-26 21:51:04.793527,2026-04-26 21:51:04.793527,24.4811954498291
2026-04-26 21:51:04.994511,2026-04-26 21:51:04.994511,24.50042152404785
2026-04-26 21:51:05.192883,2026-04-26 21:51:05.192883,24.51676368713379
2026-04-26 21:51:05.393201,2026-04-26 21:51:05.393201,24.530656814575195
2026-04-26 21:51:05.593182,2026-04-26 21:51:05.593182,24.542463302612305
2026-04-26 21:51:05.792665,2026-04-26 21:51:05.792665,24.552499771118164
2026-04-26 21:51:05.993155,2026-04-26 21:51:05.993155,24.38525009155273
2026-04-26 21:51:06.195398,2026-04-26 21:51:06.195398,24.243087768554688
2026-04-26 21:51:06.393985,2026-04-26 21:51:06.393985,24.122249603271484
2026-04-26 21:51:06.594374,2026-04-26 21:51:06.594374,23.8437557220459
2026-04-26 21:51:06.792447,2026-04-26 21:51:06.792447,23.60703659057617
2026-04-26 21:51:06.992578,2026-04-26 21:51:06.992578,23.405824661254883
2026-04-26 21:51:07.193663,2026-04-26 21:51:07.193663,22.00432586669922
2026-04-26 21:51:07.395293,2026-04-26 21:51:07.395293,20.813051223754883
2026-04-26 21:51:07.593419,2026-04-26 21:51:07.593419,19.44890594482422
2026-04-26 21:51:07.792524,2026-04-26 21:51:07.792524,18.640945434570312
2026-04-26 21:51:07.993133,2026-04-26 21:51:07.993133,18.129961013793945
2026-04-26 21:51:08.193227,2026-04-26 21:51:08.193227,17.519840240478516
2026-04-26 21:51:08.394496,2026-04-26 21:51:08.394496,16.825458526611328
2026-04-26 21:51:08.593272,2026-04-26 21:51:08.593272,16.586795806884766
2026-04-26 21:51:08.793835,2026-04-26 21:51:08.793835,16.55971336364746
2026-04-26 21:51:08.994052,2026-04-26 21:51:08.994052,16.36091423034668
2026-04-26 21:51:09.192452,2026-04-26 21:51:09.192452,16.367713928222656
2026-04-26 21:51:09.393763,2026-04-26 21:51:09.393763,16.37349510192871
2026-04-26 21:51:09.592907,2026-04-26 21:51:09.592907,16.202627182006836
2026-04-26 21:51:09.794104,2026-04-26 21:51:09.794104,15.881607055664062
2026-04-26 21:51:09.993543,2026-04-26 21:51:09.993543,15.784523010253906
2026-04-26 21:51:10.192926,2026-04-26 21:51:10.192926,15.526219367980955
2026-04-26 21:51:10.392960,2026-04-26 21:51:10.392960,15.30666160583496
2026-04-26 21:51:10.592874,2026-04-26 21:51:10.592874,15.120037078857422
2026-04-26 21:51:10.793001,2026-04-26 21:51:10.793001,14.961406707763672
2026-04-26 21:51:10.993397,2026-04-26 21:51:10.993397,14.826570510864258
2026-04-26 21:51:11.193515,2026-04-26 21:51:11.193515,14.711959838867188
2026-04-26 21:51:11.393193,2026-04-26 21:51:11.393193,14.438759803771973
2026-04-26 21:51:11.593757,2026-04-26 21:51:11.593757,14.206539154052734
2026-04-26 21:51:11.789007,2026-04-26 21:51:11.789007,14.18493366241455
2026-04-26 21:51:11.993366,2026-04-26 21:51:11.993366,14.166568756103516
2026-04-26 21:51:12.192661,2026-04-26 21:51:12.192661,14.150958061218262
2026-04-26 21:51:12.395697,2026-04-26 21:51:12.395697,14.137689590454102
2026-04-26 21:51:12.592912,2026-04-26 21:51:12.592912,14.12641143798828
2026-04-26 21:51:12.797250,2026-04-26 21:51:12.797250,14.11682415008545
2026-04-26 21:51:12.992760,2026-04-26 21:51:12.992760,14.108675956726074
2026-04-26 21:51:13.192977,2026-04-26 21:51:13.192977,14.101749420166016
2026-04-26 21:51:13.392531,2026-04-26 21:51:13.392531,13.92008113861084
2026-04-26 21:51:13.594145,2026-04-26 21:51:13.594145,13.94144344329834
2026-04-26 21:51:13.792679,2026-04-26 21:51:13.792679,13.783821105957031
2026-04-26 21:51:13.992947,2026-04-26 21:51:13.992947,13.64984130859375
2026-04-26 21:51:14.193932,2026-04-26 21:51:14.193932,13.535959243774414
2026-04-26 21:51:14.394106,2026-04-26 21:51:14.394106,13.43915843963623
2026-04-26 21:51:14.593421,2026-04-26 21:51:14.593421,13.356879234313965
2026-04-26 21:51:14.792567,2026-04-26 21:51:14.792567,13.286940574645996
2026-04-26 21:51:14.995120,2026-04-26 21:51:14.995120,13.227493286132812
2026-04-26 21:51:15.193001,2026-04-26 21:51:15.193001,13.176962852478027
2026-04-26 21:51:15.393668,2026-04-26 21:51:15.393668,13.13401222229004
2026-04-26 21:51:15.593325,2026-04-26 21:51:15.593325,13.097504615783691
2026-04-26 21:51:15.793620,2026-04-26 21:51:15.793620,12.890690803527832
2026-04-26 21:51:15.993092,2026-04-26 21:51:15.993092,12.714900016784668
2026-04-26 21:51:16.192508,2026-04-26 21:51:16.192508,12.56547737121582
2026-04-26 21:51:16.393608,2026-04-26 21:51:16.393608,12.438467979431152
2026-04-26 21:51:16.593812,2026-04-26 21:51:16.593812,12.330510139465332
2026-04-26 21:51:16.793396,2026-04-26 21:51:16.793396,12.238746643066406
2026-04-26 21:51:16.993315,2026-04-26 21:51:16.993315,12.160746574401855
2026-04-26 21:51:30.093780,2026-04-26 21:51:30.093780,12.270228385925291
2026-04-26 21:51:30.292682,2026-04-26 21:51:30.292682,12.363287925720217
2026-04-26 21:51:30.493111,2026-04-26 21:51:30.493111,12.442388534545898
2026-04-26 21:51:30.692509,2026-04-26 21:51:30.692509,12.509624481201172
2026-04-26 21:51:30.892415,2026-04-26 21:51:30.892415,12.566774368286133
2026-04-26 21:51:31.093100,2026-04-26 21:51:31.093100,12.615351676940918
2026-04-26 21:51:31.292704,2026-04-26 21:51:31.292704,12.83242416381836
2026-04-26 21:51:31.492748,2026-04-26 21:51:31.492748,13.016935348510742
2026-04-26 21:51:31.693650,2026-04-26 21:51:31.693650,13.1737699508667
2026-04-26 21:51:31.893665,2026-04-26 21:51:31.893665,13.307079315185549
2026-04-26 21:51:32.092872,2026-04-26 21:51:32.092872,13.244611740112305
2026-04-26 21:51:32.292899,2026-04-26 21:51:32.292899,13.367294311523438
2026-04-26 21:51:32.493337,2026-04-26 21:51:32.493337,13.471575736999512
2026-04-26 21:51:32.693629,2026-04-26 21:51:32.693629,13.560214042663574
2026-04-26 21:51:32.893096,2026-04-26 21:51:32.893096,13.635557174682615
2026-04-26 21:51:33.092936,2026-04-26 21:51:33.092936,13.69959831237793
2026-04-26 21:51:33.293114,2026-04-26 21:51:33.293114,13.754034042358398
2026-04-26 21:51:33.493162,2026-04-26 21:51:33.493162,13.80030345916748
2026-04-26 21:51:33.692586,2026-04-26 21:51:33.692586,13.839632987976074
2026-04-26 21:51:33.893217,2026-04-26 21:51:33.893217,14.04884433746338
2026-04-26 21:51:34.092552,2026-04-26 21:51:34.092552,14.22667407989502
2026-04-26 21:51:34.292973,2026-04-26 21:51:34.292973,14.377829551696776
2026-04-26 21:51:34.492971,2026-04-26 21:51:34.492971,14.506311416625977
2026-04-26 21:51:34.692933,2026-04-26 21:51:34.692933,14.615520477294922
2026-04-26 21:51:34.892789,2026-04-26 21:51:34.892789,14.708349227905272
2026-04-26 21:51:35.092743,2026-04-26 21:51:35.092743,14.78725242614746
2026-04-26 21:51:35.292628,2026-04-26 21:51:35.292628,15.030102729797363
2026-04-26 21:51:35.494283,2026-04-26 21:51:35.494283,15.23652458190918
2026-04-26 21:51:35.692645,2026-04-26 21:51:35.692645,15.236202239990234
2026-04-26 21:51:35.892835,2026-04-26 21:51:35.892835,15.23592758178711
2026-04-26 21:51:36.093241,2026-04-26 21:51:36.093241,15.411476135253906
2026-04-26 21:51:36.293304,2026-04-26 21:51:36.293304,15.56069278717041
2026-04-26 21:51:36.492949,2026-04-26 21:51:36.492949,15.687525749206545
2026-04-26 21:51:36.694980,2026-04-26 21:51:36.694980,15.795334815979004
2026-04-26 21:51:36.893041,2026-04-26 21:51:36.893041,15.886971473693848
2026-04-26 21:51:37.096185,2026-04-26 21:51:37.096185,15.964863777160645
2026-04-26 21:51:37.293999,2026-04-26 21:51:37.293999,16.031070709228516
2026-04-26 21:51:37.492735,2026-04-26 21:51:37.492735,16.08734893798828
2026-04-26 21:51:37.694029,2026-04-26 21:51:37.694029,16.135183334350586
2026-04-26 21:51:37.892869,2026-04-26 21:51:37.892869,16.175844192504883
2026-04-26 21:51:38.092582,2026-04-26 21:51:38.092582,16.210405349731445
2026-04-26 21:51:38.294398,2026-04-26 21:51:38.294398,16.23978042602539
2026-04-26 21:51:38.493804,2026-04-26 21:51:38.493804,16.264751434326172
2026-04-26 21:51:38.693263,2026-04-26 21:51:38.693263,16.28597640991211
2026-04-26 21:51:38.892602,2026-04-26 21:51:38.892602,16.304018020629883
2026-04-26 21:51:39.092482,2026-04-26 21:51:39.092482,16.319353103637695
2026-04-26 21:51:39.293406,2026-04-26 21:51:39.293406,16.332387924194336
2026-04-26 21:51:39.494880,2026-04-26 21:51:39.494880,16.34346580505371
2026-04-26 21:51:39.692569,2026-04-26 21:51:39.692569,16.52866554260254
2026-04-26 21:51:39.893144,2026-04-26 21:51:39.893144,16.686084747314453
2026-04-26 21:51:40.093696,2026-04-26 21:51:40.093696,16.81989097595215
2026-04-26 21:51:40.296214,2026-04-26 21:51:40.296214,16.757844924926758
2026-04-26 21:51:40.494588,2026-04-26 21:51:40.494588,16.70510482788086
2026-04-26 21:51:40.695648,2026-04-26 21:51:40.695648,16.660276412963867
2026-04-26 21:51:40.894997,2026-04-26 21:51:40.894997,16.797954559326172
2026-04-26 21:51:41.095405,2026-04-26 21:51:41.095405,16.914979934692383
2026-04-26 21:51:41.293919,2026-04-26 21:51:41.293919,17.01445198059082
2026-04-26 21:51:41.493678,2026-04-26 21:51:41.493678,17.099002838134766
2026-04-26 21:51:41.692975,2026-04-26 21:51:41.692975,17.34665298461914
2026-04-26 21:51:41.894968,2026-04-26 21:51:41.894968,17.557153701782227
2026-04-26 21:51:42.096642,2026-04-26 21:51:42.096642,17.736082077026367
2026-04-26 21:51:42.294679,2026-04-26 21:51:42.294679,17.888168334960938
2026-04-26 21:51:42.494540,2026-04-26 21:51:42.494540,18.01744270324707
2026-04-26 21:51:42.694784,2026-04-26 21:51:42.694784,18.12732696533203
2026-04-26 21:51:42.892940,2026-04-26 21:51:42.892940,18.220727920532227
2026-04-26 21:51:43.092764,2026-04-26 21:51:43.092764,18.30011940002441
2026-04-26 21:51:43.292705,2026-04-26 21:51:43.292705,18.19182014465332
2026-04-26 21:51:43.493465,2026-04-26 21:51:43.493465,18.09976577758789
2026-04-26 21:51:43.693015,2026-04-26 21:51:43.693015,18.02151870727539
2026-04-26 21:51:43.895392,2026-04-26 21:51:43.895392,17.95500946044922
2026-04-26 21:51:44.094539,2026-04-26 21:51:44.094539,17.89847755432129
2026-04-26 21:51:44.293339,2026-04-26 21:51:44.293339,17.85042381286621
2026-04-26 21:51:44.495126,2026-04-26 21:51:44.495126,17.809579849243164
2026-04-26 21:51:44.695634,2026-04-26 21:51:44.695634,17.77486228942871
2026-04-26 21:51:44.892941,2026-04-26 21:51:44.892941,17.745351791381836
2026-04-26 21:51:45.092611,2026-04-26 21:51:45.092611,17.720266342163086
2026-04-26 21:51:45.293003,2026-04-26 21:51:45.293003,17.698945999145508
2026-04-26 21:51:45.493361,2026-04-26 21:51:45.493361,17.680822372436523
2026-04-26 21:51:45.692574,2026-04-26 21:51:45.692574,17.66541862487793
2026-04-26 21:51:45.892650,2026-04-26 21:51:45.892650,17.476543426513672
2026-04-26 21:51:46.092484,2026-04-26 21:51:46.092484,17.491779327392578
2026-04-26 21:51:46.294326,2026-04-26 21:51:46.294326,17.328950881958008
2026-04-26 21:51:46.493125,2026-04-26 21:51:46.493125,17.1905460357666
2026-04-26 21:51:46.693172,2026-04-26 21:51:46.693172,17.248682022094727
2026-04-26 21:51:46.893136,2026-04-26 21:51:46.893136,17.122318267822266
2026-04-26 21:51:47.092530,2026-04-26 21:51:47.092530,17.014907836914062
2026-04-26 21:51:47.294235,2026-04-26 21:51:47.294235,16.923608779907227
2026-04-26 21:51:47.493500,2026-04-26 21:51:47.493500,16.846004486083984
2026-04-26 21:51:47.696367,2026-04-26 21:51:47.696367,16.78004264831543
2026-04-26 21:51:47.893366,2026-04-26 21:51:47.893366,16.72397232055664
2026-04-26 21:51:48.092990,2026-04-26 21:51:48.092990,16.676315307617188
2026-04-26 21:51:48.293064,2026-04-26 21:51:48.293064,16.635805130004883
2026-04-26 21:51:48.493228,2026-04-26 21:51:48.493228,16.42559051513672
2026-04-26 21:51:48.692996,2026-04-26 21:51:48.692996,16.24690818786621
2026-04-26 21:51:48.893678,2026-04-26 21:51:48.893678,16.095027923583984
2026-04-26 21:51:49.093223,2026-04-26 21:51:49.093223,15.965929985046388
2026-04-26 21:51:49.293486,2026-04-26 21:51:49.293486,15.680415153503418
2026-04-26 21:51:49.493682,2026-04-26 21:51:49.493682,15.43772792816162
2026-04-26 21:51:49.694037,2026-04-26 21:51:49.694037,15.055663108825684
2026-04-26 21:51:49.892562,2026-04-26 21:51:49.892562,14.906688690185549
2026-04-26 21:51:50.092828,2026-04-26 21:51:50.092828,14.604278564453123
2026-04-26 21:51:50.292978,2026-04-26 21:51:50.292978,14.347230911254885
2026-04-26 21:51:50.492516,2026-04-26 21:51:50.492516,14.128740310668944
2026-04-26 21:51:50.693413,2026-04-26 21:51:50.693413,13.943022727966309
2026-04-26 21:51:50.893876,2026-04-26 21:51:50.893876,13.785162925720217
2026-04-26 21:51:51.092818,2026-04-26 21:51:51.092818,13.650981903076172
2026-04-26 21:51:51.295364,2026-04-26 21:51:51.295364,13.5369291305542
2026-04-26 21:51:51.502512,2026-04-26 21:51:51.502512,13.439983367919922
2026-04-26 21:51:51.693768,2026-04-26 21:51:51.693768,13.357579231262209
2026-04-26 21:51:51.893387,2026-04-26 21:51:51.893387,13.28753662109375
2026-04-26 21:51:52.093290,2026-04-26 21:51:52.093290,13.227999687194824
2026-04-26 21:51:52.292778,2026-04-26 21:51:52.292778,13.001611709594728
2026-04-26 21:51:52.493917,2026-04-26 21:51:52.493917,12.98496437072754
2026-04-26 21:51:52.692861,2026-04-26 21:51:52.692861,12.970812797546388
2026-04-26 21:51:52.893089,2026-04-26 21:51:52.893089,12.783003807067873
2026-04-26 21:51:53.093724,2026-04-26 21:51:53.093724,12.62336540222168
2026-04-26 21:51:53.293760,2026-04-26 21:51:53.293760,12.31189250946045
2026-04-26 21:51:53.495983,2026-04-26 21:51:53.495983,12.047139167785645
2026-04-26 21:51:53.692508,2026-04-26 21:51:53.692508,11.997880935668944
2026-04-26 21:51:53.893173,2026-04-26 21:51:53.893173,11.780230522155762
2026-04-26 21:51:54.093656,2026-04-26 21:51:54.093656,11.595227241516112
2026-04-26 21:51:54.293620,2026-04-26 21:51:54.293620,11.613755226135254
2026-04-26 21:51:54.495187,2026-04-26 21:51:54.495187,11.453722953796388
2026-04-26 21:51:54.693079,2026-04-26 21:51:54.693079,11.31769561767578
2026-04-26 21:51:54.895196,2026-04-26 21:51:54.895196,11.202073097229004
2026-04-26 21:51:55.092598,2026-04-26 21:51:55.092598,11.103793144226074
2026-04-26 21:51:55.293514,2026-04-26 21:51:55.293514,11.020255088806152
2026-04-26 21:52:08.392689,2026-04-26 21:52:08.392689,10.949248313903809
2026-04-26 21:52:08.592314,2026-04-26 21:52:08.592314,10.71311092376709
2026-04-26 21:52:08.792905,2026-04-26 21:52:08.792905,10.512394905090332
2026-04-26 21:52:08.993026,2026-04-26 21:52:08.993026,10.166004180908203
2026-04-26 21:52:09.204418,2026-04-26 21:52:09.204418,9.871572494506836
2026-04-26 21:52:09.393195,2026-04-26 21:52:09.393195,9.621305465698242
2026-04-26 21:52:09.592995,2026-04-26 21:52:09.592995,9.584359169006348
2026-04-26 21:52:09.793149,2026-04-26 21:52:09.793149,9.377174377441406
2026-04-26 21:52:09.993529,2026-04-26 21:52:09.993529,9.201066970825195
2026-04-26 21:52:10.192359,2026-04-26 21:52:10.192359,9.22715663909912
2026-04-26 21:52:10.403138,2026-04-26 21:52:10.403138,9.249333381652832
2026-04-26 21:52:10.592583,2026-04-26 21:52:10.592583,9.268183708190918
2026-04-26 21:52:10.802928,2026-04-26 21:52:10.802928,9.459986686706545
2026-04-26 21:52:10.993162,2026-04-26 21:52:10.993162,9.44723892211914
2026-04-26 21:52:11.193583,2026-04-26 21:52:11.193583,9.436403274536133
2026-04-26 21:52:11.393906,2026-04-26 21:52:11.393906,9.42719268798828
2026-04-26 21:52:11.604085,2026-04-26 21:52:11.604085,9.419363975524902
2026-04-26 21:52:11.793849,2026-04-26 21:52:11.793849,9.41270923614502
2026-04-26 21:52:11.993859,2026-04-26 21:52:11.993859,9.407052993774414
2026-04-26 21:52:12.203433,2026-04-26 21:52:12.203433,9.402244567871094
2026-04-26 21:52:12.404552,2026-04-26 21:52:12.404552,11.331751823425291
2026-04-26 21:52:12.593055,2026-04-26 21:52:12.593055,12.97183322906494
2026-04-26 21:52:12.792663,2026-04-26 21:52:12.792663,12.432308197021484
2026-04-26 21:52:12.992720,2026-04-26 21:52:12.992720,11.973711967468262
2026-04-26 21:52:13.193018,2026-04-26 21:52:13.193018,13.517498970031738
2026-04-26 21:52:13.392880,2026-04-26 21:52:13.392880,15.005498886108398
2026-04-26 21:52:13.594836,2026-04-26 21:52:13.594836,16.270299911499023
2026-04-26 21:52:13.792930,2026-04-26 21:52:13.792930,17.345378875732422
2026-04-26 21:52:13.992518,2026-04-26 21:52:13.992518,18.259197235107425
2026-04-26 21:52:14.192506,2026-04-26 21:52:14.192506,19.03594207763672
2026-04-26 21:52:14.393177,2026-04-26 21:52:14.393177,19.696176528930664
2026-04-26 21:52:14.603530,2026-04-26 21:52:14.603530,20.25737571716309
2026-04-26 21:52:14.792477,2026-04-26 21:52:14.792477,20.734394073486328
2026-04-26 21:52:14.992742,2026-04-26 21:52:14.992742,21.13986015319824
2026-04-26 21:52:15.193222,2026-04-26 21:52:15.193222,21.484506607055664
2026-04-26 21:52:15.393011,2026-04-26 21:52:15.393011,21.777454376220703
2026-04-26 21:52:15.592791,2026-04-26 21:52:15.592791,22.026460647583008
2026-04-26 21:52:15.804553,2026-04-26 21:52:15.804553,22.238117218017575
2026-04-26 21:52:15.992944,2026-04-26 21:52:15.992944,22.41802406311035
2026-04-26 21:52:16.193096,2026-04-26 21:52:16.193096,22.570945739746094
2026-04-26 21:52:16.392899,2026-04-26 21:52:16.392899,22.700929641723636
2026-04-26 21:52:16.602592,2026-04-26 21:52:16.602592,22.81141471862793
2026-04-26 21:52:16.794466,2026-04-26 21:52:16.794466,22.90532684326172
2026-04-26 21:52:16.995515,2026-04-26 21:52:16.995515,22.985153198242188
2026-04-26 21:52:17.192650,2026-04-26 21:52:17.192650,23.05300521850586
2026-04-26 21:52:17.392385,2026-04-26 21:52:17.392385,23.110679626464844
2026-04-26 21:52:17.592976,2026-04-26 21:52:17.592976,23.15970230102539
2026-04-26 21:52:17.793237,2026-04-26 21:52:17.793237,23.377153396606445
2026-04-26 21:52:18.004703,2026-04-26 21:52:18.004703,23.561986923217773
2026-04-26 21:52:18.192917,2026-04-26 21:52:18.192917,23.71909523010254
2026-04-26 21:52:18.392416,2026-04-26 21:52:18.392416,23.676855087280277
2026-04-26 21:52:18.593048,2026-04-26 21:52:18.593048,23.816734313964844
2026-04-26 21:52:18.792881,2026-04-26 21:52:18.792881,23.75984764099121
2026-04-26 21:52:18.992903,2026-04-26 21:52:18.992903,23.71149635314941
2026-04-26 21:52:19.194614,2026-04-26 21:52:19.194614,23.67039680480957
2026-04-26 21:52:19.393381,2026-04-26 21:52:19.393381,23.635461807250977
2026-04-26 21:52:19.593973,2026-04-26 21:52:19.593973,23.60576820373535
2026-04-26 21:52:19.792419,2026-04-26 21:52:19.792419,23.580528259277344
2026-04-26 21:52:19.994396,2026-04-26 21:52:19.994396,23.55907440185547
2026-04-26 21:52:20.194258,2026-04-26 21:52:20.194258,23.54083824157715
2026-04-26 21:52:20.394129,2026-04-26 21:52:20.394129,23.52533721923828
2026-04-26 21:52:20.593979,2026-04-26 21:52:20.593979,23.68794250488281
2026-04-26 21:52:20.793705,2026-04-26 21:52:20.793705,23.826156616210938
2026-04-26 21:52:20.993970,2026-04-26 21:52:20.993970,23.943639755249023
2026-04-26 21:52:21.196492,2026-04-26 21:52:21.196492,24.043500900268555
2026-04-26 21:52:21.392609,2026-04-26 21:52:21.392609,24.128381729125977
2026-04-26 21:52:21.603151,2026-04-26 21:52:21.603151,24.20053100585937
2026-04-26 21:52:21.794085,2026-04-26 21:52:21.794085,24.261857986450195
2026-04-26 21:52:22.005010,2026-04-26 21:52:22.005010,24.48976707458496
2026-04-26 21:52:22.194501,2026-04-26 21:52:22.194501,24.507707595825195
2026-04-26 21:52:22.393675,2026-04-26 21:52:22.393675,24.69873809814453
2026-04-26 21:52:22.594454,2026-04-26 21:52:22.594454,24.86111640930176
2026-04-26 21:52:22.795947,2026-04-26 21:52:22.795947,24.999135971069336
2026-04-26 21:52:22.995104,2026-04-26 21:52:22.995104,25.116453170776367
2026-04-26 21:52:23.195080,2026-04-26 21:52:23.195080,25.21617317199707
2026-04-26 21:52:23.402657,2026-04-26 21:52:23.402657,25.300933837890625
2026-04-26 21:52:23.596197,2026-04-26 21:52:23.596197,25.372982025146484
2026-04-26 21:52:23.793722,2026-04-26 21:52:23.793722,25.434221267700195
2026-04-26 21:52:24.003429,2026-04-26 21:52:24.003429,25.486276626586918
2026-04-26 21:52:24.196331,2026-04-26 21:52:24.196331,25.530521392822266
2026-04-26 21:52:24.402865,2026-04-26 21:52:24.402865,25.568130493164062
2026-04-26 21:52:24.603455,2026-04-26 21:52:24.603455,25.600099563598636
2026-04-26 21:52:24.802925,2026-04-26 21:52:24.802925,25.62727165222168
2026-04-26 21:52:24.994570,2026-04-26 21:52:24.994570,25.650367736816406
2026-04-26 21:52:25.193491,2026-04-26 21:52:25.193491,25.670000076293945
2026-04-26 21:52:25.395051,2026-04-26 21:52:25.395051,25.686687469482425
2026-04-26 21:52:25.593322,2026-04-26 21:52:25.593322,25.70087242126465
2026-04-26 21:52:25.794892,2026-04-26 21:52:25.794892,25.712928771972656
2026-04-26 21:52:26.003717,2026-04-26 21:52:26.003717,25.72317695617676
2026-04-26 21:52:26.194142,2026-04-26 21:52:26.194142,25.73188781738281
2026-04-26 21:52:26.402373,2026-04-26 21:52:26.402373,25.73929214477539
2026-04-26 21:52:26.602424,2026-04-26 21:52:26.602424,25.745586395263672
2026-04-26 21:52:26.793096,2026-04-26 21:52:26.793096,25.75093650817871
2026-04-26 21:52:27.003261,2026-04-26 21:52:27.003261,25.755483627319336
2026-04-26 21:52:27.195717,2026-04-26 21:52:27.195717,25.75934791564941
2026-04-26 21:52:27.394384,2026-04-26 21:52:27.394384,25.76263236999512
2026-04-26 21:52:27.603930,2026-04-26 21:52:27.603930,25.589645385742188
2026-04-26 21:52:27.802418,2026-04-26 21:52:27.802418,25.442604064941406
2026-04-26 21:52:27.995276,2026-04-26 21:52:27.995276,25.31761932373047
2026-04-26 21:52:28.192809,2026-04-26 21:52:28.192809,25.21138381958008
2026-04-26 21:52:28.394597,2026-04-26 21:52:28.394597,25.121082305908203
2026-04-26 21:52:28.592610,2026-04-26 21:52:28.592610,24.86854362487793
2026-04-26 21:52:28.802994,2026-04-26 21:52:28.802994,24.653888702392575
2026-04-26 21:52:28.992403,2026-04-26 21:52:28.992403,24.4714298248291
2026-04-26 21:52:29.193447,2026-04-26 21:52:29.193447,24.31633949279785
2026-04-26 21:52:29.392535,2026-04-26 21:52:29.392535,24.18451499938965
2026-04-26 21:52:29.592474,2026-04-26 21:52:29.592474,24.07246208190918
2026-04-26 21:52:29.792754,2026-04-26 21:52:29.792754,23.977218627929688
2026-04-26 21:52:30.002496,2026-04-26 21:52:30.002496,22.314228057861328
2026-04-26 21:52:30.193209,2026-04-26 21:52:30.193209,22.48271942138672
2026-04-26 21:52:30.393892,2026-04-26 21:52:30.393892,22.45015525817871
2026-04-26 21:52:30.603164,2026-04-26 21:52:30.603164,21.016225814819336
2026-04-26 21:52:30.802999,2026-04-26 21:52:30.802999,19.797386169433597
2026-04-26 21:52:31.004476,2026-04-26 21:52:31.004476,20.167621612548828
2026-04-26 21:52:31.192841,2026-04-26 21:52:31.192841,20.306541442871094
2026-04-26 21:52:31.393307,2026-04-26 21:52:31.393307,20.42462158203125
2026-04-26 21:52:31.602555,2026-04-26 21:52:31.602555,20.349210739135746
2026-04-26 21:52:31.793110,2026-04-26 21:52:31.793110,20.28511047363281
2026-04-26 21:52:31.992775,2026-04-26 21:52:31.992775,18.82437515258789
2026-04-26 21:52:32.193566,2026-04-26 21:52:32.193566,17.58275032043457
2026-04-26 21:52:32.398675,2026-04-26 21:52:32.398675,16.527368545532227
2026-04-26 21:52:32.605135,2026-04-26 21:52:32.605135,15.630294799804688
2026-04-26 21:52:32.804498,2026-04-26 21:52:32.804498,14.86778163909912
2026-04-26 21:52:33.002836,2026-04-26 21:52:33.002836,15.098551750183104
2026-04-26 21:52:33.193749,2026-04-26 21:52:33.193749,15.294706344604492
2026-04-26 21:52:33.404598,2026-04-26 21:52:33.404598,15.461438179016112
2026-04-26 21:52:33.606206,2026-04-26 21:52:33.606206,15.60315990447998
2026-04-26 21:52:46.702706,2026-04-26 21:52:46.702706,15.723623275756836
2026-04-26 21:52:46.902511,2026-04-26 21:52:46.902511,15.826017379760742
2026-04-26 21:52:47.103191,2026-04-26 21:52:47.103191,15.913052558898926
2026-04-26 21:52:47.303010,2026-04-26 21:52:47.303010,15.987031936645508
2026-04-26 21:52:47.502457,2026-04-26 21:52:47.502457,15.874133110046388
2026-04-26 21:52:47.693060,2026-04-26 21:52:47.693060,15.778169631958008
2026-04-26 21:52:47.902460,2026-04-26 21:52:47.902460,15.520818710327148
2026-04-26 21:52:48.103159,2026-04-26 21:52:48.103159,15.302071571350098
2026-04-26 21:52:48.304297,2026-04-26 21:52:48.304297,15.116135597229004
2026-04-26 21:52:48.502998,2026-04-26 21:52:48.502998,14.958089828491213
2026-04-26 21:52:48.702865,2026-04-26 21:52:48.702865,14.82375144958496
2026-04-26 21:52:48.902717,2026-04-26 21:52:48.902717,14.709564208984377
2026-04-26 21:52:49.102499,2026-04-26 21:52:49.102499,14.436722755432127
2026-04-26 21:52:49.303181,2026-04-26 21:52:49.303181,14.204808235168455
2026-04-26 21:52:49.502426,2026-04-26 21:52:49.502426,14.007680892944336
2026-04-26 21:52:49.702468,2026-04-26 21:52:49.702468,13.84012222290039
2026-04-26 21:52:49.903646,2026-04-26 21:52:49.903646,13.697697639465332
2026-04-26 21:52:50.103031,2026-04-26 21:52:50.103031,13.576637268066406
2026-04-26 21:52:50.303101,2026-04-26 21:52:50.303101,13.473734855651855
2026-04-26 21:52:50.503411,2026-04-26 21:52:50.503411,13.386268615722656
2026-04-26 21:52:50.702594,2026-04-26 21:52:50.702594,13.311922073364258
2026-04-26 21:52:50.895322,2026-04-26 21:52:50.895322,13.248727798461914
2026-04-26 21:52:51.103643,2026-04-26 21:52:51.103643,13.019230842590332
2026-04-26 21:52:51.303468,2026-04-26 21:52:51.303468,12.824158668518066
2026-04-26 21:52:51.503250,2026-04-26 21:52:51.503250,12.658347129821776
2026-04-26 21:52:51.702716,2026-04-26 21:52:51.702716,12.517407417297363
2026-04-26 21:52:51.908441,2026-04-26 21:52:51.908441,12.397608757019045
2026-04-26 21:52:52.104230,2026-04-26 21:52:52.104230,12.295780181884766
2026-04-26 21:52:52.303499,2026-04-26 21:52:52.303499,12.20922565460205
2026-04-26 21:52:52.504331,2026-04-26 21:52:52.504331,12.13565444946289
2026-04-26 21:52:52.703681,2026-04-26 21:52:52.703681,12.073119163513184
2026-04-26 21:52:52.903355,2026-04-26 21:52:52.903355,12.019963264465332
2026-04-26 21:52:53.102676,2026-04-26 21:52:53.102676,11.974781036376951
2026-04-26 21:52:53.302500,2026-04-26 21:52:53.302500,11.936376571655272
2026-04-26 21:52:53.502426,2026-04-26 21:52:53.502426,11.727951049804688
2026-04-26 21:52:53.703549,2026-04-26 21:52:53.703549,11.726571083068848
2026-04-26 21:52:53.905037,2026-04-26 21:52:53.905037,11.725398063659668
2026-04-26 21:52:54.105114,2026-04-26 21:52:54.105114,11.548619270324709
2026-04-26 21:52:54.302917,2026-04-26 21:52:54.302917,11.398358345031738
2026-04-26 21:52:54.504165,2026-04-26 21:52:54.504165,11.270635604858398
2026-04-26 21:52:54.704130,2026-04-26 21:52:54.704130,11.162071228027344
2026-04-26 21:52:54.904436,2026-04-26 21:52:54.904436,11.069791793823242
2026-04-26 21:52:55.104524,2026-04-26 21:52:55.104524,10.99135398864746
2026-04-26 21:52:55.303200,2026-04-26 21:52:55.303200,10.9246826171875
2026-04-26 21:52:55.502680,2026-04-26 21:52:55.502680,10.868011474609377
2026-04-26 21:52:55.704444,2026-04-26 21:52:55.704444,10.81984043121338
2026-04-26 21:52:55.903759,2026-04-26 21:52:55.903759,10.77889633178711
2026-04-26 21:52:56.104601,2026-04-26 21:52:56.104601,10.74409294128418
2026-04-26 21:52:56.303354,2026-04-26 21:52:56.303354,10.714509963989258
2026-04-26 21:52:56.507061,2026-04-26 21:52:56.507061,10.689364433288574
2026-04-26 21:52:56.705394,2026-04-26 21:52:56.705394,10.667991638183594
2026-04-26 21:52:56.893993,2026-04-26 21:52:56.893993,10.649824142456056
2026-04-26 21:52:57.104406,2026-04-26 21:52:57.104406,10.634381294250488
2026-04-26 21:52:57.305282,2026-04-26 21:52:57.305282,10.621255874633787
2026-04-26 21:52:57.504056,2026-04-26 21:52:57.504056,10.610098838806152
2026-04-26 21:52:57.705188,2026-04-26 21:52:57.705188,13.413114547729492
2026-04-26 21:52:57.904955,2026-04-26 21:52:57.904955,15.795679092407228
2026-04-26 21:52:58.093383,2026-04-26 21:52:58.093383,17.820858001708984
2026-04-26 21:52:58.308089,2026-04-26 21:52:58.308089,19.542261123657227
2026-04-26 21:52:58.506155,2026-04-26 21:52:58.506155,21.00545310974121
2026-04-26 21:52:58.693735,2026-04-26 21:52:58.693735,22.24916648864746
2026-04-26 21:52:58.904562,2026-04-26 21:52:58.904562,23.30632209777832
2026-04-26 21:52:59.103138,2026-04-26 21:52:59.103138,24.20490455627441
2026-04-26 21:52:59.303332,2026-04-26 21:52:59.303332,24.968700408935547
2026-04-26 21:52:59.503845,2026-04-26 21:52:59.503845,25.61792755126953
2026-04-26 21:52:59.702876,2026-04-26 21:52:59.702876,26.16976928710937
2026-04-26 21:52:59.903098,2026-04-26 21:52:59.903098,23.650554656982425
2026-04-26 21:53:00.102860,2026-04-26 21:53:00.102860,21.509220123291016
2026-04-26 21:53:00.304939,2026-04-26 21:53:00.304939,19.6890869140625
2026-04-26 21:53:00.504534,2026-04-26 21:53:00.504534,18.14197540283203
2026-04-26 21:53:00.704466,2026-04-26 21:53:00.704466,16.826929092407227
2026-04-26 21:53:00.905099,2026-04-26 21:53:00.905099,15.709138870239258
2026-04-26 21:53:01.108086,2026-04-26 21:53:01.108086,14.759017944335938
2026-04-26 21:53:01.294736,2026-04-26 21:53:01.294736,13.951415061950684
2026-04-26 21:53:01.494872,2026-04-26 21:53:01.494872,13.26495361328125
2026-04-26 21:53:01.704232,2026-04-26 21:53:01.704232,12.6814603805542
2026-04-26 21:53:01.905714,2026-04-26 21:53:01.905714,12.185491561889648
2026-04-26 21:53:02.105627,2026-04-26 21:53:02.105627,11.763917922973633
2026-04-26 21:53:02.303242,2026-04-26 21:53:02.303242,11.405579566955566
2026-04-26 21:53:02.503211,2026-04-26 21:53:02.503211,11.276774406433104
2026-04-26 21:53:02.706143,2026-04-26 21:53:02.706143,11.16728973388672
2026-04-26 21:53:02.903073,2026-04-26 21:53:02.903073,13.886727333068848
2026-04-26 21:53:03.102917,2026-04-26 21:53:03.102917,13.385748863220217
2026-04-26 21:53:03.303446,2026-04-26 21:53:03.303446,15.772418022155762
2026-04-26 21:53:03.493912,2026-04-26 21:53:03.493912,14.98858642578125
2026-04-26 21:53:03.702734,2026-04-26 21:53:03.702734,17.134830474853516
2026-04-26 21:53:03.894694,2026-04-26 21:53:03.894694,16.322418212890625
2026-04-26 21:53:04.104326,2026-04-26 21:53:04.104326,15.63186740875244
2026-04-26 21:53:04.302953,2026-04-26 21:53:04.302953,15.044899940490724
2026-04-26 21:53:04.503152,2026-04-26 21:53:04.503152,14.545977592468262
2026-04-26 21:53:04.704196,2026-04-26 21:53:04.704196,14.121893882751465
2026-04-26 21:53:04.905042,2026-04-26 21:53:04.905042,13.585640907287598
2026-04-26 21:53:05.104043,2026-04-26 21:53:05.104043,13.129825592041016
2026-04-26 21:53:05.303123,2026-04-26 21:53:05.303123,12.742383003234863
2026-04-26 21:53:05.503181,2026-04-26 21:53:05.503181,12.413057327270508
2026-04-26 21:53:05.702528,2026-04-26 21:53:05.702528,12.133130073547363
2026-04-26 21:53:05.902701,2026-04-26 21:53:05.902701,11.895191192626951
2026-04-26 21:53:06.102343,2026-04-26 21:53:06.102343,11.692943572998049
2026-04-26 21:53:06.302488,2026-04-26 21:53:06.302488,11.52103328704834
2026-04-26 21:53:06.502619,2026-04-26 21:53:06.502619,11.19912815093994
2026-04-26 21:53:06.702411,2026-04-26 21:53:06.702411,10.925509452819824
2026-04-26 21:53:06.902914,2026-04-26 21:53:06.902914,10.868714332580566
2026-04-26 21:53:07.103735,2026-04-26 21:53:07.103735,10.644657135009766
2026-04-26 21:53:07.304241,2026-04-26 21:53:07.304241,10.454208374023438
2026-04-26 21:53:07.502960,2026-04-26 21:53:07.502960,10.46810817718506
2026-04-26 21:53:07.702646,2026-04-26 21:53:07.702646,10.479923248291016
2026-04-26 21:53:07.902559,2026-04-26 21:53:07.902559,10.48996639251709
2026-04-26 21:53:08.102545,2026-04-26 21:53:08.102545,10.498502731323242
2026-04-26 21:53:08.303279,2026-04-26 21:53:08.303279,10.32997703552246
2026-04-26 21:53:08.502958,2026-04-26 21:53:08.502958,10.36251163482666
2026-04-26 21:53:08.696168,2026-04-26 21:53:08.696168,10.390166282653809
2026-04-26 21:53:08.902658,2026-04-26 21:53:08.902658,10.23789119720459
2026-04-26 21:53:09.102554,2026-04-26 21:53:09.102554,10.108457565307615
2026-04-26 21:53:09.302816,2026-04-26 21:53:09.302816,9.998438835144045
2026-04-26 21:53:09.504167,2026-04-26 21:53:09.504167,9.90492343902588
2026-04-26 21:53:09.703927,2026-04-26 21:53:09.703927,9.825434684753418
2026-04-26 21:53:09.904519,2026-04-26 21:53:09.904519,9.757869720458984
2026-04-26 21:53:10.104672,2026-04-26 21:53:10.104672,9.700439453125
2026-04-26 21:53:10.302541,2026-04-26 21:53:10.302541,9.651622772216797
2026-04-26 21:53:10.506087,2026-04-26 21:53:10.506087,9.610129356384276
2026-04-26 21:53:10.702647,2026-04-26 21:53:10.702647,9.57486057281494
2026-04-26 21:53:10.902794,2026-04-26 21:53:10.902794,9.544880867004396
2026-04-26 21:53:11.102943,2026-04-26 21:53:11.102943,9.51939868927002
2026-04-26 21:53:11.302993,2026-04-26 21:53:11.302993,9.4977388381958
2026-04-26 21:53:11.503623,2026-04-26 21:53:11.503623,9.479328155517578
2026-04-26 21:53:11.702689,2026-04-26 21:53:11.702689,9.463679313659668
2026-04-26 21:53:11.903021,2026-04-26 21:53:11.903021,9.274596214294434
2026-04-26 21:53:25.003195,2026-04-26 21:53:25.003195,9.11387538909912
2026-04-26 21:53:25.202720,2026-04-26 21:53:25.202720,8.977262496948242
2026-04-26 21:53:25.404217,2026-04-26 21:53:25.404217,8.8611421585083
2026-04-26 21:53:25.602569,2026-04-26 21:53:25.602569,8.762439727783203
2026-04-26 21:53:25.803220,2026-04-26 21:53:25.803220,8.678542137145996
2026-04-26 21:53:26.002515,2026-04-26 21:53:26.002515,8.607230186462402
2026-04-26 21:53:26.203142,2026-04-26 21:53:26.203142,8.546613693237305
2026-04-26 21:53:26.403058,2026-04-26 21:53:26.403058,8.49509048461914
2026-04-26 21:53:26.603253,2026-04-26 21:53:26.603253,8.451295852661133
2026-04-26 21:53:26.803744,2026-04-26 21:53:26.803744,8.414070129394531
2026-04-26 21:53:27.002495,2026-04-26 21:53:27.002495,8.558209419250488
2026-04-26 21:53:27.204019,2026-04-26 21:53:27.204019,8.6807279586792
2026-04-26 21:53:27.403377,2026-04-26 21:53:27.403377,8.784869194030762
2026-04-26 21:53:27.602603,2026-04-26 21:53:27.602603,11.685888290405272
2026-04-26 21:53:27.803416,2026-04-26 21:53:27.803416,14.151755332946776
2026-04-26 21:53:28.003263,2026-04-26 21:53:28.003263,13.43524169921875
2026-04-26 21:53:28.202991,2026-04-26 21:53:28.202991,15.63870620727539
2026-04-26 21:53:28.403345,2026-04-26 21:53:28.403345,17.33586883544922
2026-04-26 21:53:28.602557,2026-04-26 21:53:28.602557,18.95423889160156
2026-04-26 21:53:28.803818,2026-04-26 21:53:28.803818,20.154071807861328
2026-04-26 21:53:29.003448,2026-04-26 21:53:29.003448,21.17392921447754
2026-04-26 21:53:29.203450,2026-04-26 21:53:29.203450,22.040809631347656
2026-04-26 21:53:29.402937,2026-04-26 21:53:29.402937,22.77765655517578
2026-04-26 21:53:29.602770,2026-04-26 21:53:29.602770,23.403976440429688
2026-04-26 21:53:29.802626,2026-04-26 21:53:29.802626,23.93634796142578
2026-04-26 21:53:30.003035,2026-04-26 21:53:30.003035,24.388864517211918
2026-04-26 21:53:30.202473,2026-04-26 21:53:30.202473,24.77350425720215
2026-04-26 21:53:30.403591,2026-04-26 21:53:30.403591,24.924665451049805
2026-04-26 21:53:30.602636,2026-04-26 21:53:30.602636,25.22893524169922
2026-04-26 21:53:30.802934,2026-04-26 21:53:30.802934,25.487564086914062
2026-04-26 21:53:31.002594,2026-04-26 21:53:31.002594,25.5316162109375
2026-04-26 21:53:31.203091,2026-04-26 21:53:31.203091,25.569061279296875
2026-04-26 21:53:31.403351,2026-04-26 21:53:31.403351,23.315732955932617
2026-04-26 21:53:31.603570,2026-04-26 21:53:31.603570,23.68556022644043
2026-04-26 21:53:31.802538,2026-04-26 21:53:31.802538,23.999914169311523
2026-04-26 21:53:31.994741,2026-04-26 21:53:31.994741,24.267114639282227
2026-04-26 21:53:32.202964,2026-04-26 21:53:32.202964,24.494234085083008
2026-04-26 21:53:32.403483,2026-04-26 21:53:32.403483,24.687286376953125
2026-04-26 21:53:32.602880,2026-04-26 21:53:32.602880,24.675600051879883
2026-04-26 21:53:32.803897,2026-04-26 21:53:32.803897,24.665666580200195
2026-04-26 21:53:33.003271,2026-04-26 21:53:33.003271,24.65722274780273
2026-04-26 21:53:33.195345,2026-04-26 21:53:33.195345,24.65004539489746
2026-04-26 21:53:33.403280,2026-04-26 21:53:33.403280,24.643945693969727
2026-04-26 21:53:33.602617,2026-04-26 21:53:33.602617,24.63875961303711
2026-04-26 21:53:33.802463,2026-04-26 21:53:33.802463,24.63435173034668
2026-04-26 21:53:34.004081,2026-04-26 21:53:34.004081,24.63060569763184
2026-04-26 21:53:34.205453,2026-04-26 21:53:34.205453,24.62742042541504
2026-04-26 21:53:34.402595,2026-04-26 21:53:34.402595,24.62471389770508
2026-04-26 21:53:34.603585,2026-04-26 21:53:34.603585,24.622413635253903
2026-04-26 21:53:34.802980,2026-04-26 21:53:34.802980,24.62045669555664
2026-04-26 21:53:35.004215,2026-04-26 21:53:35.004215,24.61879539489746
2026-04-26 21:53:35.206145,2026-04-26 21:53:35.206145,24.617382049560547
2026-04-26 21:53:35.405885,2026-04-26 21:53:35.405885,24.616180419921875
2026-04-26 21:53:35.604903,2026-04-26 21:53:35.604903,24.61515998840332
2026-04-26 21:53:35.803041,2026-04-26 21:53:35.803041,24.61429214477539
2026-04-26 21:53:36.003422,2026-04-26 21:53:36.003422,24.61355400085449
2026-04-26 21:53:36.204251,2026-04-26 21:53:36.204251,24.61292839050293
2026-04-26 21:53:36.403958,2026-04-26 21:53:36.403958,24.612394332885746
2026-04-26 21:53:36.603927,2026-04-26 21:53:36.603927,24.43616104125977
2026-04-26 21:53:36.804816,2026-04-26 21:53:36.804816,24.462142944335938
2026-04-26 21:53:37.003102,2026-04-26 21:53:37.003102,24.484228134155277
2026-04-26 21:53:37.203863,2026-04-26 21:53:37.203863,24.32721900939941
2026-04-26 21:53:37.403468,2026-04-26 21:53:37.403468,24.36954116821289
2026-04-26 21:53:37.604205,2026-04-26 21:53:37.604205,24.405517578125
2026-04-26 21:53:37.804912,2026-04-26 21:53:37.804912,24.43609619140625
2026-04-26 21:53:38.008649,2026-04-26 21:53:38.008649,23.231618881225582
2026-04-26 21:53:38.202785,2026-04-26 21:53:38.202785,23.438282012939453
2026-04-26 21:53:38.403022,2026-04-26 21:53:38.403022,23.78972816467285
2026-04-26 21:53:38.603741,2026-04-26 21:53:38.603741,24.088455200195312
2026-04-26 21:53:38.803287,2026-04-26 21:53:38.803287,22.760343551635746
2026-04-26 21:53:39.002421,2026-04-26 21:53:39.002421,21.63144874572754
2026-04-26 21:53:39.203979,2026-04-26 21:53:39.203979,20.6718864440918
2026-04-26 21:53:39.404269,2026-04-26 21:53:39.404269,19.856260299682617
2026-04-26 21:53:39.602679,2026-04-26 21:53:39.602679,19.16297721862793
2026-04-26 21:53:39.794618,2026-04-26 21:53:39.794618,18.573686599731445
2026-04-26 21:53:40.003170,2026-04-26 21:53:40.003170,18.072790145874023
2026-04-26 21:53:40.202602,2026-04-26 21:53:40.202602,19.22905921936035
2026-04-26 21:53:40.403129,2026-04-26 21:53:40.403129,18.62985610961914
2026-04-26 21:53:40.603511,2026-04-26 21:53:40.603511,18.120534896850582
2026-04-26 21:53:40.803730,2026-04-26 21:53:40.803730,17.687610626220703
2026-04-26 21:53:41.002555,2026-04-26 21:53:41.002555,17.319625854492188
2026-04-26 21:53:41.203855,2026-04-26 21:53:41.203855,17.006837844848633
2026-04-26 21:53:41.403387,2026-04-26 21:53:41.403387,16.740968704223633
2026-04-26 21:53:41.594361,2026-04-26 21:53:41.594361,16.514978408813477
2026-04-26 21:53:41.803633,2026-04-26 21:53:41.803633,16.32288932800293
2026-04-26 21:53:42.002677,2026-04-26 21:53:42.002677,16.159610748291016
2026-04-26 21:53:42.202555,2026-04-26 21:53:42.202555,16.02082633972168
2026-04-26 21:53:42.395678,2026-04-26 21:53:42.395678,15.90285873413086
2026-04-26 21:53:42.605091,2026-04-26 21:53:42.605091,15.80258560180664
2026-04-26 21:53:42.803195,2026-04-26 21:53:42.803195,15.71735382080078
2026-04-26 21:53:43.005835,2026-04-26 21:53:43.005835,15.644906997680664
2026-04-26 21:53:43.202557,2026-04-26 21:53:43.202557,15.583327293395996
2026-04-26 21:53:43.403102,2026-04-26 21:53:43.403102,15.53098487854004
2026-04-26 21:53:43.603133,2026-04-26 21:53:43.603133,15.486493110656738
2026-04-26 21:53:43.802619,2026-04-26 21:53:43.802619,15.448675155639648
2026-04-26 21:53:44.003111,2026-04-26 21:53:44.003111,15.41653060913086
2026-04-26 21:53:44.202353,2026-04-26 21:53:44.202353,15.389206886291504
2026-04-26 21:53:44.394489,2026-04-26 21:53:44.394489,15.365982055664062
2026-04-26 21:53:44.602750,2026-04-26 21:53:44.602750,15.346240997314451
2026-04-26 21:53:44.803727,2026-04-26 21:53:44.803727,15.329461097717283
2026-04-26 21:53:45.004203,2026-04-26 21:53:45.004203,15.315197944641112
2026-04-26 21:53:45.202517,2026-04-26 21:53:45.202517,15.303074836730955
2026-04-26 21:53:45.403151,2026-04-26 21:53:45.403151,15.292769432067873
2026-04-26 21:53:45.602352,2026-04-26 21:53:45.602352,15.284010887145996
2026-04-26 21:53:45.803128,2026-04-26 21:53:45.803128,15.452346801757812
2026-04-26 21:53:46.003158,2026-04-26 21:53:46.003158,15.59543228149414
2026-04-26 21:53:46.202699,2026-04-26 21:53:46.202699,15.71705436706543
2026-04-26 21:53:46.403612,2026-04-26 21:53:46.403612,15.644652366638184
2026-04-26 21:53:46.603298,2026-04-26 21:53:46.603298,15.758892059326172
2026-04-26 21:53:46.802931,2026-04-26 21:53:46.802931,15.855996131896973
2026-04-26 21:53:47.002693,2026-04-26 21:53:47.002693,15.938533782958984
2026-04-26 21:53:47.202508,2026-04-26 21:53:47.202508,16.008691787719727
2026-04-26 21:53:47.402799,2026-04-26 21:53:47.402799,16.06832504272461
2026-04-26 21:53:47.603025,2026-04-26 21:53:47.603025,16.294795989990234
2026-04-26 21:53:47.803538,2026-04-26 21:53:47.803538,16.487295150756836
2026-04-26 21:53:48.003105,2026-04-26 21:53:48.003105,16.47513771057129
2026-04-26 21:53:48.202632,2026-04-26 21:53:48.202632,16.464805603027344
2026-04-26 21:53:48.405745,2026-04-26 21:53:48.405745,16.631803512573242
2026-04-26 21:53:48.603409,2026-04-26 21:53:48.603409,16.77375030517578
2026-04-26 21:53:48.803396,2026-04-26 21:53:48.803396,16.718626022338867
2026-04-26 21:53:49.003034,2026-04-26 21:53:49.003034,16.847551345825195
2026-04-26 21:53:49.202833,2026-04-26 21:53:49.202833,16.957136154174805
2026-04-26 21:53:49.402992,2026-04-26 21:53:49.402992,16.87450408935547
2026-04-26 21:53:49.602944,2026-04-26 21:53:49.602944,16.80426597595215
2026-04-26 21:53:49.803499,2026-04-26 21:53:49.803499,16.744564056396484
2026-04-26 21:53:50.002411,2026-04-26 21:53:50.002411,16.693817138671875
2026-04-26 21:53:50.203626,2026-04-26 21:53:50.203626,16.650680541992188
2026-04-26 21:54:03.302444,2026-04-26 21:54:03.302444,16.614017486572266
2026-04-26 21:54:03.503189,2026-04-26 21:54:03.503189,16.58285140991211
2026-04-26 21:54:03.702998,2026-04-26 21:54:03.702998,16.55636215209961
2026-04-26 21:54:03.902497,2026-04-26 21:54:03.902497,16.533843994140625
2026-04-26 21:54:04.102519,2026-04-26 21:54:04.102519,16.338924407958984
2026-04-26 21:54:04.303163,2026-04-26 21:54:04.303163,16.349023818969727
2026-04-26 21:54:04.502319,2026-04-26 21:54:04.502319,16.181825637817383
2026-04-26 21:54:04.702501,2026-04-26 21:54:04.702501,16.039709091186523
2026-04-26 21:54:04.903394,2026-04-26 21:54:04.903394,15.91890811920166
2026-04-26 21:54:05.105314,2026-04-26 21:54:05.105314,15.816227912902832
2026-04-26 21:54:05.303329,2026-04-26 21:54:05.303329,15.72895050048828
2026-04-26 21:54:05.503812,2026-04-26 21:54:05.503812,15.65476417541504
2026-04-26 21:54:05.702937,2026-04-26 21:54:05.702937,15.591705322265623
2026-04-26 21:54:05.903109,2026-04-26 21:54:05.903109,15.538105964660645
2026-04-26 21:54:06.103029,2026-04-26 21:54:06.103029,15.492546081542969
2026-04-26 21:54:06.302682,2026-04-26 21:54:06.302682,15.45382022857666
2026-04-26 21:54:06.502569,2026-04-26 21:54:06.502569,15.420904159545898
2026-04-26 21:54:06.702304,2026-04-26 21:54:06.702304,15.392924308776855
2026-04-26 21:54:06.902469,2026-04-26 21:54:06.902469,15.193361282348633
2026-04-26 21:54:07.102894,2026-04-26 21:54:07.102894,15.02373218536377
2026-04-26 21:54:07.304131,2026-04-26 21:54:07.304131,14.879547119140623
2026-04-26 21:54:07.503370,2026-04-26 21:54:07.503370,14.75698947906494
2026-04-26 21:54:07.702463,2026-04-26 21:54:07.702463,14.652816772460938
2026-04-26 21:54:07.903489,2026-04-26 21:54:07.903489,14.564269065856934
2026-04-26 21:54:08.103253,2026-04-26 21:54:08.103253,14.48900318145752
2026-04-26 21:54:08.302353,2026-04-26 21:54:08.302353,14.42502784729004
2026-04-26 21:54:08.502919,2026-04-26 21:54:08.502919,14.370649337768556
2026-04-26 21:54:08.702432,2026-04-26 21:54:08.702432,14.324426651000977
2026-04-26 21:54:08.903214,2026-04-26 21:54:08.903214,14.285137176513672
2026-04-26 21:54:09.102625,2026-04-26 21:54:09.102625,14.075961112976074
2026-04-26 21:54:09.302850,2026-04-26 21:54:09.302850,13.898159980773926
2026-04-26 21:54:09.503420,2026-04-26 21:54:09.503420,13.747030258178713
2026-04-26 21:54:09.702833,2026-04-26 21:54:09.702833,13.618569374084473
2026-04-26 21:54:09.902274,2026-04-26 21:54:09.902274,13.509377479553224
2026-04-26 21:54:10.102864,2026-04-26 21:54:10.102864,13.41656494140625
2026-04-26 21:54:10.303801,2026-04-26 21:54:10.303801,13.337674140930176
2026-04-26 21:54:10.503027,2026-04-26 21:54:10.503027,13.27061653137207
2026-04-26 21:54:10.702944,2026-04-26 21:54:10.702944,13.213617324829102
2026-04-26 21:54:10.902309,2026-04-26 21:54:10.902309,13.165168762207031
2026-04-26 21:54:11.103940,2026-04-26 21:54:11.103940,13.123987197875977
2026-04-26 21:54:11.303489,2026-04-26 21:54:11.303489,13.088982582092283
2026-04-26 21:54:11.502359,2026-04-26 21:54:11.502359,13.059228897094728
2026-04-26 21:54:11.703645,2026-04-26 21:54:11.703645,13.03393840789795
2026-04-26 21:54:11.902518,2026-04-26 21:54:11.902518,13.012441635131836
2026-04-26 21:54:12.102434,2026-04-26 21:54:12.102434,12.994169235229492
2026-04-26 21:54:12.302369,2026-04-26 21:54:12.302369,12.9786376953125
2026-04-26 21:54:12.504037,2026-04-26 21:54:12.504037,12.965435981750488
2026-04-26 21:54:12.702821,2026-04-26 21:54:12.702821,12.954214096069336
2026-04-26 21:54:12.902998,2026-04-26 21:54:12.902998,12.76889419555664
2026-04-26 21:54:13.102894,2026-04-26 21:54:13.102894,12.611372947692873
2026-04-26 21:54:13.303467,2026-04-26 21:54:13.303467,12.477478981018066
2026-04-26 21:54:13.502339,2026-04-26 21:54:13.502339,12.539451599121094
2026-04-26 21:54:13.703794,2026-04-26 21:54:13.703794,12.592126846313477
2026-04-26 21:54:13.894359,2026-04-26 21:54:13.894359,12.63690185546875
2026-04-26 21:54:14.103228,2026-04-26 21:54:14.103228,12.499178886413574
2026-04-26 21:54:14.303986,2026-04-26 21:54:14.303986,12.38211441040039
2026-04-26 21:54:14.504517,2026-04-26 21:54:14.504517,12.282609939575195
2026-04-26 21:54:14.704961,2026-04-26 21:54:14.704961,12.198031425476074
2026-04-26 21:54:14.904255,2026-04-26 21:54:14.904255,11.950357437133787
2026-04-26 21:54:15.103311,2026-04-26 21:54:15.103311,11.739834785461426
2026-04-26 21:54:15.304081,2026-04-26 21:54:15.304081,11.736672401428224
2026-04-26 21:54:15.505023,2026-04-26 21:54:15.505023,11.558202743530272
2026-04-26 21:54:15.703394,2026-04-26 21:54:15.703394,11.582284927368164
2026-04-26 21:54:15.902870,2026-04-26 21:54:15.902870,11.602754592895508
2026-04-26 21:54:16.102472,2026-04-26 21:54:16.102472,11.44437313079834
2026-04-26 21:54:16.305811,2026-04-26 21:54:16.305811,11.309747695922852
2026-04-26 21:54:16.504833,2026-04-26 21:54:16.504833,11.195317268371582
2026-04-26 21:54:16.706031,2026-04-26 21:54:16.706031,11.098051071166992
2026-04-26 21:54:16.904898,2026-04-26 21:54:16.904898,11.015374183654783
2026-04-26 21:54:17.103752,2026-04-26 21:54:17.103752,10.94509983062744
2026-04-26 21:54:17.304930,2026-04-26 21:54:17.304930,10.88536548614502
2026-04-26 21:54:17.504839,2026-04-26 21:54:17.504839,10.83459186553955
2026-04-26 21:54:17.704381,2026-04-26 21:54:17.704381,10.791434288024902
2026-04-26 21:54:17.904453,2026-04-26 21:54:17.904453,10.75475025177002
2026-04-26 21:54:18.102844,2026-04-26 21:54:18.102844,10.7235689163208
2026-04-26 21:54:18.302448,2026-04-26 21:54:18.302448,10.697065353393556
2026-04-26 21:54:18.502957,2026-04-26 21:54:18.502957,10.67453670501709
2026-04-26 21:54:18.704423,2026-04-26 21:54:18.704423,10.655387878417969
2026-04-26 21:54:18.902974,2026-04-26 21:54:18.902974,10.463329315185549
2026-04-26 21:54:19.103204,2026-04-26 21:54:19.103204,10.30008029937744
2026-04-26 21:54:19.302926,2026-04-26 21:54:19.302926,10.337099075317385
2026-04-26 21:54:19.502725,2026-04-26 21:54:19.502725,10.192784309387209
2026-04-26 21:54:19.702620,2026-04-26 21:54:19.702620,10.070116996765137
2026-04-26 21:54:19.902616,2026-04-26 21:54:19.902616,10.141630172729492
2026-04-26 21:54:20.102987,2026-04-26 21:54:20.102987,10.202417373657228
2026-04-26 21:54:20.303941,2026-04-26 21:54:20.303941,10.254085540771484
2026-04-26 21:54:20.504382,2026-04-26 21:54:20.504382,10.298004150390623
2026-04-26 21:54:20.704226,2026-04-26 21:54:20.704226,10.335334777832031
2026-04-26 21:54:20.902962,2026-04-26 21:54:20.902962,10.3670654296875
2026-04-26 21:54:21.102521,2026-04-26 21:54:21.102521,10.218255996704102
2026-04-26 21:54:21.302663,2026-04-26 21:54:21.302663,10.091767311096191
2026-04-26 21:54:21.503492,2026-04-26 21:54:21.503492,9.984251976013184
2026-04-26 21:54:21.706475,2026-04-26 21:54:21.706475,10.068645477294922
2026-04-26 21:54:21.903343,2026-04-26 21:54:21.903343,9.964598655700684
2026-04-26 21:54:22.102474,2026-04-26 21:54:22.102474,10.051939964294434
2026-04-26 21:54:22.302444,2026-04-26 21:54:22.302444,10.126180648803713
2026-04-26 21:54:22.509255,2026-04-26 21:54:22.509255,10.189284324645996
2026-04-26 21:54:22.704324,2026-04-26 21:54:22.704324,10.24292278289795
2026-04-26 21:54:22.903907,2026-04-26 21:54:22.903907,10.2885160446167
2026-04-26 21:54:23.102415,2026-04-26 21:54:23.102415,10.327269554138184
2026-04-26 21:54:23.302367,2026-04-26 21:54:23.302367,10.360210418701172
2026-04-26 21:54:23.503736,2026-04-26 21:54:23.503736,10.38821029663086
2026-04-26 21:54:23.702517,2026-04-26 21:54:23.702517,10.412010192871094
2026-04-26 21:54:23.907100,2026-04-26 21:54:23.907100,10.432239532470703
2026-04-26 21:54:24.102348,2026-04-26 21:54:24.102348,10.449435234069824
2026-04-26 21:54:24.303000,2026-04-26 21:54:24.303000,10.464051246643066
2026-04-26 21:54:24.502854,2026-04-26 21:54:24.502854,10.47647476196289
2026-04-26 21:54:24.702418,2026-04-26 21:54:24.702418,10.487034797668455
2026-04-26 21:54:24.902474,2026-04-26 21:54:24.902474,10.496010780334473
2026-04-26 21:54:25.104190,2026-04-26 21:54:25.104190,10.327858924865724
2026-04-26 21:54:25.302494,2026-04-26 21:54:25.302494,10.360711097717283
2026-04-26 21:54:25.503134,2026-04-26 21:54:25.503134,10.388635635375977
2026-04-26 21:54:25.703466,2026-04-26 21:54:25.703466,10.412371635437012
2026-04-26 21:54:25.902801,2026-04-26 21:54:25.902801,10.432547569274902
2026-04-26 21:54:26.106238,2026-04-26 21:54:26.106238,10.44969654083252
2026-04-26 21:54:26.302742,2026-04-26 21:54:26.302742,10.464273452758787
2026-04-26 21:54:26.502597,2026-04-26 21:54:26.502597,10.47666358947754
2026-04-26 21:54:26.706214,2026-04-26 21:54:26.706214,10.487195014953612
2026-04-26 21:54:26.902621,2026-04-26 21:54:26.902621,10.49614715576172
2026-04-26 21:54:27.103189,2026-04-26 21:54:27.103189,10.503756523132324
2026-04-26 21:54:27.302412,2026-04-26 21:54:27.302412,10.686005592346191
2026-04-26 21:54:27.502453,2026-04-26 21:54:27.502453,10.840916633605955
2026-04-26 21:54:27.703106,2026-04-26 21:54:27.703106,10.7968111038208
2026-04-26 21:54:27.902365,2026-04-26 21:54:27.902365,10.759320259094238
2026-04-26 21:54:28.102874,2026-04-26 21:54:28.102874,10.903234481811523
2026-04-26 21:54:28.302559,2026-04-26 21:54:28.302559,11.025562286376951
2026-04-26 21:54:28.502445,2026-04-26 21:54:28.502445,11.12954044342041
2026-04-26 21:54:41.603294,2026-04-26 21:54:41.603294,11.21792221069336
2026-04-26 21:54:41.802499,2026-04-26 21:54:41.802499,12.875077247619627
2026-04-26 21:54:42.003336,2026-04-26 21:54:42.003336,12.701627731323242
2026-04-26 21:54:42.202404,2026-04-26 21:54:42.202404,12.55419635772705
2026-04-26 21:54:42.402415,2026-04-26 21:54:42.402415,14.010910987854004
2026-04-26 21:54:42.603132,2026-04-26 21:54:42.603132,13.667086601257324
2026-04-26 21:54:42.805437,2026-04-26 21:54:42.805437,14.956867218017578
2026-04-26 21:54:43.002988,2026-04-26 21:54:43.002988,16.053180694580078
2026-04-26 21:54:43.203090,2026-04-26 21:54:43.203090,16.985048294067383
2026-04-26 21:54:43.403765,2026-04-26 21:54:43.403765,17.77713394165039
2026-04-26 21:54:43.602994,2026-04-26 21:54:43.602994,18.45040702819824
2026-04-26 21:54:43.802854,2026-04-26 21:54:43.802854,19.022689819335938
2026-04-26 21:54:44.002415,2026-04-26 21:54:44.002415,19.333349227905277
2026-04-26 21:54:44.202415,2026-04-26 21:54:44.202415,18.015378952026367
2026-04-26 21:54:44.404233,2026-04-26 21:54:44.404233,16.719322204589844
2026-04-26 21:54:44.602564,2026-04-26 21:54:44.602564,15.61767292022705
2026-04-26 21:54:44.802377,2026-04-26 21:54:44.802377,14.681272506713867
2026-04-26 21:54:45.002608,2026-04-26 21:54:45.002608,13.885331153869627
2026-04-26 21:54:45.202953,2026-04-26 21:54:45.202953,13.208781242370604
2026-04-26 21:54:45.403700,2026-04-26 21:54:45.403700,12.63371467590332
2026-04-26 21:54:45.603745,2026-04-26 21:54:45.603745,12.144906997680664
2026-04-26 21:54:45.802465,2026-04-26 21:54:45.802465,11.729421615600586
2026-04-26 21:54:46.002357,2026-04-26 21:54:46.002357,11.37625789642334
2026-04-26 21:54:46.204512,2026-04-26 21:54:46.204512,11.076068878173828
2026-04-26 21:54:46.402937,2026-04-26 21:54:46.402937,10.820908546447754
2026-04-26 21:54:46.603220,2026-04-26 21:54:46.603220,10.604022979736328
2026-04-26 21:54:46.803134,2026-04-26 21:54:46.803134,10.419669151306152
2026-04-26 21:54:47.003976,2026-04-26 21:54:47.003976,10.262969017028809
2026-04-26 21:54:47.202544,2026-04-26 21:54:47.202544,10.305554389953612
2026-04-26 21:54:47.403355,2026-04-26 21:54:47.403355,10.165971755981444
2026-04-26 21:54:47.603248,2026-04-26 21:54:47.603248,10.04732608795166
2026-04-26 21:54:47.802845,2026-04-26 21:54:47.802845,10.122258186340332
2026-04-26 21:54:48.003718,2026-04-26 21:54:48.003718,10.18595027923584
2026-04-26 21:54:48.202361,2026-04-26 21:54:48.202361,10.240089416503906
2026-04-26 21:54:48.402345,2026-04-26 21:54:48.402345,10.286107063293455
2026-04-26 21:54:48.602437,2026-04-26 21:54:48.602437,10.14944076538086
2026-04-26 21:54:48.802465,2026-04-26 21:54:48.802465,10.20905590057373
2026-04-26 21:54:49.002821,2026-04-26 21:54:49.002821,10.083948135375977
2026-04-26 21:54:49.202418,2026-04-26 21:54:49.202418,9.977605819702148
2026-04-26 21:54:49.402854,2026-04-26 21:54:49.402854,10.238777160644531
2026-04-26 21:54:49.602415,2026-04-26 21:54:49.602415,10.284992218017578
2026-04-26 21:54:49.804143,2026-04-26 21:54:49.804143,10.500055313110352
2026-04-26 21:54:50.003034,2026-04-26 21:54:50.003034,10.858640670776367
2026-04-26 21:54:50.204620,2026-04-26 21:54:50.204620,11.16343879699707
2026-04-26 21:54:50.404143,2026-04-26 21:54:50.404143,11.42251682281494
2026-04-26 21:54:50.604773,2026-04-26 21:54:50.604773,11.642732620239258
2026-04-26 21:54:50.802420,2026-04-26 21:54:50.802420,11.829916954040527
2026-04-26 21:54:51.003455,2026-04-26 21:54:51.003455,11.989023208618164
2026-04-26 21:54:51.203111,2026-04-26 21:54:51.203111,11.948481559753418
2026-04-26 21:54:51.402413,2026-04-26 21:54:51.402413,12.089803695678713
2026-04-26 21:54:51.603490,2026-04-26 21:54:51.603490,12.03414535522461
2026-04-26 21:54:51.803338,2026-04-26 21:54:51.803338,11.986836433410645
2026-04-26 21:54:52.003485,2026-04-26 21:54:52.003485,11.946622848510742
2026-04-26 21:54:52.202531,2026-04-26 21:54:52.202531,11.912442207336426
2026-04-26 21:54:52.403383,2026-04-26 21:54:52.403383,11.88338851928711
2026-04-26 21:54:52.602972,2026-04-26 21:54:52.602972,11.858692169189451
2026-04-26 21:54:52.802774,2026-04-26 21:54:52.802774,11.837700843811035
2026-04-26 21:54:53.003526,2026-04-26 21:54:53.003526,11.81985855102539
2026-04-26 21:54:53.202396,2026-04-26 21:54:53.202396,11.804692268371582
2026-04-26 21:54:53.405171,2026-04-26 21:54:53.405171,11.791800498962402
2026-04-26 21:54:53.602561,2026-04-26 21:54:53.602561,11.780843734741213
2026-04-26 21:54:53.802824,2026-04-26 21:54:53.802824,11.771529197692873
2026-04-26 21:54:54.004071,2026-04-26 21:54:54.004071,11.763612747192385
2026-04-26 21:54:54.202736,2026-04-26 21:54:54.202736,11.756882667541504
2026-04-26 21:54:54.403673,2026-04-26 21:54:54.403673,11.751163482666016
2026-04-26 21:54:54.603487,2026-04-26 21:54:54.603487,11.74630069732666
2026-04-26 21:54:54.802869,2026-04-26 21:54:54.802869,11.742168426513672
2026-04-26 21:54:55.003034,2026-04-26 21:54:55.003034,11.738656044006348
2026-04-26 21:54:55.202911,2026-04-26 21:54:55.202911,11.91145133972168
2026-04-26 21:54:55.404169,2026-04-26 21:54:55.404169,12.058326721191406
2026-04-26 21:54:55.603356,2026-04-26 21:54:55.603356,12.007390975952148
2026-04-26 21:54:55.804067,2026-04-26 21:54:55.804067,11.964094161987305
2026-04-26 21:54:56.004192,2026-04-26 21:54:56.004192,11.927292823791504
2026-04-26 21:54:56.204071,2026-04-26 21:54:56.204071,11.896011352539062
2026-04-26 21:54:56.404185,2026-04-26 21:54:56.404185,11.86942195892334
2026-04-26 21:54:56.604853,2026-04-26 21:54:56.604853,11.846821784973145
2026-04-26 21:54:56.805360,2026-04-26 21:54:56.805360,11.827610969543455
2026-04-26 21:54:57.005153,2026-04-26 21:54:57.005153,11.811281204223633
2026-04-26 21:54:57.204612,2026-04-26 21:54:57.204612,11.797401428222656
2026-04-26 21:54:57.403395,2026-04-26 21:54:57.403395,11.961385726928713
2026-04-26 21:54:57.606061,2026-04-26 21:54:57.606061,12.100770950317385
2026-04-26 21:54:57.803138,2026-04-26 21:54:57.803138,12.219249725341797
2026-04-26 21:54:58.004971,2026-04-26 21:54:58.004971,12.319955825805664
2026-04-26 21:54:58.205530,2026-04-26 21:54:58.205530,12.405555725097656
2026-04-26 21:54:58.402678,2026-04-26 21:54:58.402678,12.478316307067873
2026-04-26 21:54:58.604445,2026-04-26 21:54:58.604445,12.540163040161133
2026-04-26 21:54:58.804244,2026-04-26 21:54:58.804244,12.592732429504396
2026-04-26 21:54:59.003899,2026-04-26 21:54:59.003899,12.637415885925291
2026-04-26 21:54:59.204078,2026-04-26 21:54:59.204078,12.675396919250488
2026-04-26 21:54:59.403538,2026-04-26 21:54:59.403538,12.707681655883787
2026-04-26 21:54:59.603689,2026-04-26 21:54:59.603689,12.735122680664062
2026-04-26 21:54:59.805221,2026-04-26 21:54:59.805221,12.758448600769045
2026-04-26 21:55:00.005724,2026-04-26 21:55:00.005724,12.778274536132812
2026-04-26 21:55:00.202341,2026-04-26 21:55:00.202341,12.795126914978027
2026-04-26 21:55:00.403774,2026-04-26 21:55:00.403774,12.809452056884766
2026-04-26 21:55:00.603556,2026-04-26 21:55:00.603556,12.821627616882324
2026-04-26 21:55:00.804001,2026-04-26 21:55:00.804001,12.83197784423828
2026-04-26 21:55:01.003079,2026-04-26 21:55:01.003079,12.840774536132812
2026-04-26 21:55:01.202820,2026-04-26 21:55:01.202820,12.848252296447754
2026-04-26 21:55:01.403451,2026-04-26 21:55:01.403451,12.854608535766602
2026-04-26 21:55:01.602470,2026-04-26 21:55:01.602470,12.860011100769045
2026-04-26 21:55:01.804987,2026-04-26 21:55:01.804987,12.86460304260254
2026-04-26 21:55:01.997260,2026-04-26 21:55:01.997260,12.86850643157959
2026-04-26 21:55:02.203418,2026-04-26 21:55:02.203418,12.871824264526367
2026-04-26 21:55:02.402874,2026-04-26 21:55:02.402874,12.87464427947998
2026-04-26 21:55:02.602474,2026-04-26 21:55:02.602474,13.05282211303711
2026-04-26 21:55:02.802856,2026-04-26 21:55:02.802856,13.20427417755127
2026-04-26 21:55:03.003225,2026-04-26 21:55:03.003225,13.3330078125
2026-04-26 21:55:03.202342,2026-04-26 21:55:03.202342,13.442431449890137
2026-04-26 21:55:03.402608,2026-04-26 21:55:03.402608,13.535442352294922
2026-04-26 21:55:03.602654,2026-04-26 21:55:03.602654,13.614500999450684
2026-04-26 21:55:03.802637,2026-04-26 21:55:03.802637,13.681700706481934
2026-04-26 21:55:04.002526,2026-04-26 21:55:04.002526,13.73882007598877
2026-04-26 21:55:04.208485,2026-04-26 21:55:04.208485,13.787372589111328
2026-04-26 21:55:04.403081,2026-04-26 21:55:04.403081,13.828641891479492
2026-04-26 21:55:04.604105,2026-04-26 21:55:04.604105,13.863719940185549
2026-04-26 21:55:04.804182,2026-04-26 21:55:04.804182,13.717756271362305
2026-04-26 21:55:05.005576,2026-04-26 21:55:05.005576,13.5936861038208
2026-04-26 21:55:05.202517,2026-04-26 21:55:05.202517,13.488226890563965
2026-04-26 21:55:05.403175,2026-04-26 21:55:05.403175,13.574368476867676
2026-04-26 21:55:05.602471,2026-04-26 21:55:05.602471,13.647587776184082
2026-04-26 21:55:05.802979,2026-04-26 21:55:05.802979,13.709824562072754
2026-04-26 21:55:06.002392,2026-04-26 21:55:06.002392,13.938507080078123
2026-04-26 21:55:06.203787,2026-04-26 21:55:06.203787,13.957106590270996
2026-04-26 21:55:06.403071,2026-04-26 21:55:06.403071,13.797134399414062
2026-04-26 21:55:06.602462,2026-04-26 21:55:06.602462,13.836938858032228
2026-04-26 21:55:06.802441,2026-04-26 21:55:06.802441,13.870773315429688
2026-04-26 21:55:19.905646,2026-04-26 21:55:19.905646,14.075313568115234
2026-04-26 21:55:20.103032,2026-04-26 21:55:20.103032,14.07339096069336
2026-04-26 21:55:20.303542,2026-04-26 21:55:20.303542,13.895976066589355
2026-04-26 21:55:20.503311,2026-04-26 21:55:20.503311,13.745173454284668
2026-04-26 21:55:20.704349,2026-04-26 21:55:20.704349,13.61699104309082
2026-04-26 21:55:20.902391,2026-04-26 21:55:20.902391,13.508036613464355
2026-04-26 21:55:21.102802,2026-04-26 21:55:21.102802,13.415424346923828
2026-04-26 21:55:21.303463,2026-04-26 21:55:21.303463,13.336705207824709
2026-04-26 21:55:21.504586,2026-04-26 21:55:21.504586,14.500261306762695
2026-04-26 21:55:21.704224,2026-04-26 21:55:21.704224,15.48928451538086
2026-04-26 21:55:21.903754,2026-04-26 21:55:21.903754,16.329954147338867
2026-04-26 21:55:22.104221,2026-04-26 21:55:22.104221,17.220304489135742
2026-04-26 21:55:22.304700,2026-04-26 21:55:22.304700,17.977102279663086
2026-04-26 21:55:22.502588,2026-04-26 21:55:22.502588,18.79616355895996
2026-04-26 21:55:22.703573,2026-04-26 21:55:22.703573,17.55876922607422
2026-04-26 21:55:22.902904,2026-04-26 21:55:22.902904,18.44057846069336
2026-04-26 21:55:23.102973,2026-04-26 21:55:23.102973,19.19011688232422
2026-04-26 21:55:23.302985,2026-04-26 21:55:23.302985,17.717849731445312
2026-04-26 21:55:23.503982,2026-04-26 21:55:23.503982,18.75157928466797
2026-04-26 21:55:23.702504,2026-04-26 21:55:23.702504,19.630247116088867
2026-04-26 21:55:23.902392,2026-04-26 21:55:23.902392,20.377117156982425
2026-04-26 21:55:24.102962,2026-04-26 21:55:24.102962,21.01195526123047
2026-04-26 21:55:24.305279,2026-04-26 21:55:24.305279,21.55156898498535
2026-04-26 21:55:24.503239,2026-04-26 21:55:24.503239,22.010238647460938
2026-04-26 21:55:24.704940,2026-04-26 21:55:24.704940,22.400110244750977
2026-04-26 21:55:24.903073,2026-04-26 21:55:24.903073,22.73149871826172
2026-04-26 21:55:25.103061,2026-04-26 21:55:25.103061,23.188962936401367
2026-04-26 21:55:25.302399,2026-04-26 21:55:25.302399,23.577804565429688
2026-04-26 21:55:25.502992,2026-04-26 21:55:25.502992,23.908321380615234
2026-04-26 21:55:25.702373,2026-04-26 21:55:25.702373,24.18926048278809
2026-04-26 21:55:25.904271,2026-04-26 21:55:25.904271,24.428058624267575
2026-04-26 21:55:26.102571,2026-04-26 21:55:26.102571,24.631038665771484
2026-04-26 21:55:26.302693,2026-04-26 21:55:26.302693,24.80356979370117
2026-04-26 21:55:26.503151,2026-04-26 21:55:26.503151,24.95022201538086
2026-04-26 21:55:26.702392,2026-04-26 21:55:26.702392,25.07487678527832
2026-04-26 21:55:26.904011,2026-04-26 21:55:26.904011,25.180831909179688
2026-04-26 21:55:27.102727,2026-04-26 21:55:27.102727,25.27089500427246
2026-04-26 21:55:27.303381,2026-04-26 21:55:27.303381,25.347448348999023
2026-04-26 21:55:27.503270,2026-04-26 21:55:27.503270,25.412517547607425
2026-04-26 21:55:27.702996,2026-04-26 21:55:27.702996,25.46782875061035
2026-04-26 21:55:27.903043,2026-04-26 21:55:27.903043,25.514841079711918
2026-04-26 21:55:28.102890,2026-04-26 21:55:28.102890,25.55480194091797
2026-04-26 21:55:28.302359,2026-04-26 21:55:28.302359,25.588769912719727
2026-04-26 21:55:28.502641,2026-04-26 21:55:28.502641,25.61764144897461
2026-04-26 21:55:28.702476,2026-04-26 21:55:28.702476,25.642183303833008
2026-04-26 21:55:28.903598,2026-04-26 21:55:28.903598,25.66304397583008
2026-04-26 21:55:29.103153,2026-04-26 21:55:29.103153,25.680774688720703
2026-04-26 21:55:29.303224,2026-04-26 21:55:29.303224,25.695844650268555
2026-04-26 21:55:29.503263,2026-04-26 21:55:29.503263,25.70865631103516
2026-04-26 21:55:29.702823,2026-04-26 21:55:29.702823,25.719545364379883
2026-04-26 21:55:29.903363,2026-04-26 21:55:29.903363,25.55302047729492
2026-04-26 21:55:30.102969,2026-04-26 21:55:30.102969,25.41147232055664
2026-04-26 21:55:30.302566,2026-04-26 21:55:30.302566,25.29115867614746
2026-04-26 21:55:30.503058,2026-04-26 21:55:30.503058,25.18889045715332
2026-04-26 21:55:30.702493,2026-04-26 21:55:30.702493,25.10196304321289
2026-04-26 21:55:30.902794,2026-04-26 21:55:30.902794,25.028074264526367
2026-04-26 21:55:31.103411,2026-04-26 21:55:31.103411,24.96527099609375
2026-04-26 21:55:31.304123,2026-04-26 21:55:31.304123,24.91188621520996
2026-04-26 21:55:31.503556,2026-04-26 21:55:31.503556,24.86650848388672
2026-04-26 21:55:31.702716,2026-04-26 21:55:31.702716,24.827939987182617
2026-04-26 21:55:31.902707,2026-04-26 21:55:31.902707,24.795154571533203
2026-04-26 21:55:32.103155,2026-04-26 21:55:32.103155,24.59150695800781
2026-04-26 21:55:32.302394,2026-04-26 21:55:32.302394,24.594186782836918
2026-04-26 21:55:32.505220,2026-04-26 21:55:32.505220,24.42068290710449
2026-04-26 21:55:32.702804,2026-04-26 21:55:32.702804,24.27320671081543
2026-04-26 21:55:32.903352,2026-04-26 21:55:32.903352,24.147850036621094
2026-04-26 21:55:33.103494,2026-04-26 21:55:33.103494,24.041297912597656
2026-04-26 21:55:33.303179,2026-04-26 21:55:33.303179,23.950727462768555
2026-04-26 21:55:33.503495,2026-04-26 21:55:33.503495,23.697961807250977
2026-04-26 21:55:33.705419,2026-04-26 21:55:33.705419,23.65889358520508
2026-04-26 21:55:33.902465,2026-04-26 21:55:33.902465,23.62568473815918
2026-04-26 21:55:34.102556,2026-04-26 21:55:34.102556,23.421674728393555
2026-04-26 21:55:34.303526,2026-04-26 21:55:34.303526,23.248268127441406
2026-04-26 21:55:34.502953,2026-04-26 21:55:34.502953,23.10087203979492
2026-04-26 21:55:34.703645,2026-04-26 21:55:34.703645,22.975584030151367
2026-04-26 21:55:34.903623,2026-04-26 21:55:34.903623,22.869091033935547
2026-04-26 21:55:35.104362,2026-04-26 21:55:35.104362,22.7785701751709
2026-04-26 21:55:35.303643,2026-04-26 21:55:35.303643,22.525848388671875
2026-04-26 21:55:35.502364,2026-04-26 21:55:35.502364,22.486814498901367
2026-04-26 21:55:35.702614,2026-04-26 21:55:35.702614,22.277854919433597
2026-04-26 21:55:35.902522,2026-04-26 21:55:35.902522,22.100238800048828
2026-04-26 21:55:36.103802,2026-04-26 21:55:36.103802,21.94926643371582
2026-04-26 21:55:36.302541,2026-04-26 21:55:36.302541,21.82093811035156
2026-04-26 21:55:36.504688,2026-04-26 21:55:36.504688,21.53607940673828
2026-04-26 21:55:36.703159,2026-04-26 21:55:36.703159,21.293947219848636
2026-04-26 21:55:36.903660,2026-04-26 21:55:36.903660,21.088136672973636
2026-04-26 21:55:37.105508,2026-04-26 21:55:37.105508,20.913198471069336
2026-04-26 21:55:37.303964,2026-04-26 21:55:37.303964,20.76449966430664
2026-04-26 21:55:37.505715,2026-04-26 21:55:37.505715,20.63810539245605
2026-04-26 21:55:37.704772,2026-04-26 21:55:37.704772,20.530672073364254
2026-04-26 21:55:37.902378,2026-04-26 21:55:37.902378,20.43935203552246
2026-04-26 21:55:38.102881,2026-04-26 21:55:38.102881,20.185949325561523
2026-04-26 21:55:38.310411,2026-04-26 21:55:38.310411,19.970556259155277
2026-04-26 21:55:38.504070,2026-04-26 21:55:38.504070,19.787473678588867
2026-04-26 21:55:38.704768,2026-04-26 21:55:38.704768,19.63185310363769
2026-04-26 21:55:38.904859,2026-04-26 21:55:38.904859,19.499574661254883
2026-04-26 21:55:39.103905,2026-04-26 21:55:39.103905,19.38713836669922
2026-04-26 21:55:39.304837,2026-04-26 21:55:39.304837,19.115785598754883
2026-04-26 21:55:39.505144,2026-04-26 21:55:39.505144,18.8851375579834
2026-04-26 21:55:39.705075,2026-04-26 21:55:39.705075,18.689085006713867
2026-04-26 21:55:39.904767,2026-04-26 21:55:39.904767,18.522441864013672
2026-04-26 21:55:40.104340,2026-04-26 21:55:40.104340,18.380794525146484
2026-04-26 21:55:40.303123,2026-04-26 21:55:40.303123,18.260393142700195
2026-04-26 21:55:40.502441,2026-04-26 21:55:40.502441,18.158052444458008
2026-04-26 21:55:40.704443,2026-04-26 21:55:40.704443,17.895282745361328
2026-04-26 21:55:40.902461,2026-04-26 21:55:40.902461,17.67192840576172
2026-04-26 21:55:41.103820,2026-04-26 21:55:41.103820,17.48207664489746
2026-04-26 21:55:41.306258,2026-04-26 21:55:41.306258,17.320701599121094
2026-04-26 21:55:41.503578,2026-04-26 21:55:41.503578,17.183534622192383
2026-04-26 21:55:41.703332,2026-04-26 21:55:41.703332,17.06694221496582
2026-04-26 21:55:41.902828,2026-04-26 21:55:41.902828,16.967838287353516
2026-04-26 21:55:42.102332,2026-04-26 21:55:42.102332,16.88360023498535
2026-04-26 21:55:42.303183,2026-04-26 21:55:42.303183,16.811996459960938
2026-04-26 21:55:42.502850,2026-04-26 21:55:42.502850,16.926916122436523
2026-04-26 21:55:42.703323,2026-04-26 21:55:42.703323,17.02459716796875
2026-04-26 21:55:42.903864,2026-04-26 21:55:42.903864,17.10762596130371
2026-04-26 21:55:43.104386,2026-04-26 21:55:43.104386,17.17820167541504
2026-04-26 21:55:43.303613,2026-04-26 21:55:43.303613,17.238189697265625
2026-04-26 21:55:43.502586,2026-04-26 21:55:43.502586,17.289180755615234
2026-04-26 21:55:43.703010,2026-04-26 21:55:43.703010,17.332521438598633
2026-04-26 21:55:43.902781,2026-04-26 21:55:43.902781,17.369361877441406
2026-04-26 21:55:44.102346,2026-04-26 21:55:44.102346,17.400676727294922
2026-04-26 21:55:44.303585,2026-04-26 21:55:44.303585,17.42729377746582
2026-04-26 21:55:44.504042,2026-04-26 21:55:44.504042,17.449918746948242
2026-04-26 21:55:44.703516,2026-04-26 21:55:44.703516,17.46915054321289
2026-04-26 21:55:44.902377,2026-04-26 21:55:44.902377,17.485496520996094
2026-04-26 21:55:45.103673,2026-04-26 21:55:45.103673,17.4993896484375
2026-04-26 21:55:58.206157,2026-04-26 21:55:58.206157,17.511199951171875
2026-04-26 21:55:58.402897,2026-04-26 21:55:58.402897,17.521238327026367
2026-04-26 21:55:58.603159,2026-04-26 21:55:58.603159,17.52977180480957
2026-04-26 21:55:58.803499,2026-04-26 21:55:58.803499,17.537025451660156
2026-04-26 21:55:59.002969,2026-04-26 21:55:59.002969,17.543190002441406
2026-04-26 21:55:59.204733,2026-04-26 21:55:59.204733,17.548429489135742
2026-04-26 21:55:59.402549,2026-04-26 21:55:59.402549,17.552885055541992
2026-04-26 21:55:59.602984,2026-04-26 21:55:59.602984,17.556671142578125
2026-04-26 21:55:59.802850,2026-04-26 21:55:59.802850,17.55988883972168
2026-04-26 21:56:00.003518,2026-04-26 21:56:00.003518,17.562623977661133
2026-04-26 21:56:00.202763,2026-04-26 21:56:00.202763,17.56494903564453
2026-04-26 21:56:00.402306,2026-04-26 21:56:00.402306,17.566925048828125
2026-04-26 21:56:00.603952,2026-04-26 21:56:00.603952,17.568605422973633
2026-04-26 21:56:00.803917,2026-04-26 21:56:00.803917,17.57003402709961
2026-04-26 21:56:01.003022,2026-04-26 21:56:01.003022,17.571247100830078
2026-04-26 21:56:01.205064,2026-04-26 21:56:01.205064,17.57227897644043
2026-04-26 21:56:01.403340,2026-04-26 21:56:01.403340,17.748937606811523
2026-04-26 21:56:01.603327,2026-04-26 21:56:01.603327,17.89909553527832
2026-04-26 21:56:01.802452,2026-04-26 21:56:01.802452,18.026731491088867
2026-04-26 21:56:02.003347,2026-04-26 21:56:02.003347,18.13522148132324
2026-04-26 21:56:02.203653,2026-04-26 21:56:02.203653,18.05165672302246
2026-04-26 21:56:02.404040,2026-04-26 21:56:02.404040,17.980627059936523
2026-04-26 21:56:02.606566,2026-04-26 21:56:02.606566,17.920251846313477
2026-04-26 21:56:02.804043,2026-04-26 21:56:02.804043,17.868932723999023
2026-04-26 21:56:03.005290,2026-04-26 21:56:03.005290,17.8253116607666
2026-04-26 21:56:03.202499,2026-04-26 21:56:03.202499,17.78823471069336
2026-04-26 21:56:03.405306,2026-04-26 21:56:03.405306,17.756717681884766
2026-04-26 21:56:03.602401,2026-04-26 21:56:03.602401,17.729928970336914
2026-04-26 21:56:03.802954,2026-04-26 21:56:03.802954,17.7071590423584
2026-04-26 21:56:04.003956,2026-04-26 21:56:04.003956,17.687803268432617
2026-04-26 21:56:04.206451,2026-04-26 21:56:04.206451,17.67135238647461
2026-04-26 21:56:04.404893,2026-04-26 21:56:04.404893,17.657367706298828
2026-04-26 21:56:04.602686,2026-04-26 21:56:04.602686,17.82126235961914
2026-04-26 21:56:04.803745,2026-04-26 21:56:04.803745,17.784791946411133
2026-04-26 21:56:05.002505,2026-04-26 21:56:05.002505,17.75379180908203
2026-04-26 21:56:05.203300,2026-04-26 21:56:05.203300,17.727441787719727
2026-04-26 21:56:05.403752,2026-04-26 21:56:05.403752,17.70504379272461
2026-04-26 21:56:05.603624,2026-04-26 21:56:05.603624,17.686006546020508
2026-04-26 21:56:05.803392,2026-04-26 21:56:05.803392,17.669824600219727
2026-04-26 21:56:06.004144,2026-04-26 21:56:06.004144,17.304506301879883
2026-04-26 21:56:06.202593,2026-04-26 21:56:06.202593,16.818204879760742
2026-04-26 21:56:06.403060,2026-04-26 21:56:06.403060,16.229068756103516
2026-04-26 21:56:06.603080,2026-04-26 21:56:06.603080,15.728302001953123
2026-04-26 21:56:06.802512,2026-04-26 21:56:06.802512,15.302650451660156
2026-04-26 21:56:07.002448,2026-04-26 21:56:07.002448,14.76506519317627
2026-04-26 21:56:07.202320,2026-04-26 21:56:07.202320,14.308117866516112
2026-04-26 21:56:07.402636,2026-04-26 21:56:07.402636,13.919713020324709
2026-04-26 21:56:07.603043,2026-04-26 21:56:07.603043,13.58956813812256
2026-04-26 21:56:07.802454,2026-04-26 21:56:07.802454,13.308945655822754
2026-04-26 21:56:08.003346,2026-04-26 21:56:08.003346,13.070416450500488
2026-04-26 21:56:08.202844,2026-04-26 21:56:08.202844,12.867666244506836
2026-04-26 21:56:08.402853,2026-04-26 21:56:08.402853,12.69532871246338
2026-04-26 21:56:08.603427,2026-04-26 21:56:08.603427,12.548842430114746
2026-04-26 21:56:08.802527,2026-04-26 21:56:08.802527,12.248546600341797
2026-04-26 21:56:09.005396,2026-04-26 21:56:09.005396,12.16907787322998
2026-04-26 21:56:09.203296,2026-04-26 21:56:09.203296,12.10152816772461
2026-04-26 21:56:09.402365,2026-04-26 21:56:09.402365,11.868330001831056
2026-04-26 21:56:09.603013,2026-04-26 21:56:09.603013,11.845892906188965
2026-04-26 21:56:09.803085,2026-04-26 21:56:09.803085,11.826822280883787
2026-04-26 21:56:10.004137,2026-04-26 21:56:10.004137,11.8106107711792
2026-04-26 21:56:10.203247,2026-04-26 21:56:10.203247,11.796832084655762
2026-04-26 21:56:10.403125,2026-04-26 21:56:10.403125,11.785120010375977
2026-04-26 21:56:10.602726,2026-04-26 21:56:10.602726,11.775164604187012
2026-04-26 21:56:10.802402,2026-04-26 21:56:10.802402,11.766701698303224
2026-04-26 21:56:11.002696,2026-04-26 21:56:11.002696,13.693102836608888
2026-04-26 21:56:11.203484,2026-04-26 21:56:11.203484,15.330543518066406
2026-04-26 21:56:11.402598,2026-04-26 21:56:11.402598,14.612993240356444
2026-04-26 21:56:11.604852,2026-04-26 21:56:11.604852,16.112451553344727
2026-04-26 21:56:11.803670,2026-04-26 21:56:11.803670,17.38698959350586
2026-04-26 21:56:12.003543,2026-04-26 21:56:12.003543,18.646127700805664
2026-04-26 21:56:12.202587,2026-04-26 21:56:12.202587,19.71639633178711
2026-04-26 21:56:12.403857,2026-04-26 21:56:12.403857,20.80190658569336
2026-04-26 21:56:12.603914,2026-04-26 21:56:12.603914,21.72458839416504
2026-04-26 21:56:12.802906,2026-04-26 21:56:12.802906,22.508869171142575
2026-04-26 21:56:13.002376,2026-04-26 21:56:13.002376,23.175508499145508
2026-04-26 21:56:13.202974,2026-04-26 21:56:13.202974,23.742149353027344
2026-04-26 21:56:13.402994,2026-04-26 21:56:13.402994,24.223796844482425
2026-04-26 21:56:13.604521,2026-04-26 21:56:13.604521,24.633195877075195
2026-04-26 21:56:13.803019,2026-04-26 21:56:13.803019,24.981185913085938
2026-04-26 21:56:14.005412,2026-04-26 21:56:14.005412,25.276975631713867
2026-04-26 21:56:14.202497,2026-04-26 21:56:14.202497,25.528398513793945
2026-04-26 21:56:14.403242,2026-04-26 21:56:14.403242,25.742107391357425
2026-04-26 21:56:14.603540,2026-04-26 21:56:14.603540,25.92375946044922
2026-04-26 21:56:14.804958,2026-04-26 21:56:14.804958,26.25394630432129
2026-04-26 21:56:15.005491,2026-04-26 21:56:15.005491,26.53460502624512
2026-04-26 21:56:15.202722,2026-04-26 21:56:15.202722,26.773162841796875
2026-04-26 21:56:15.403809,2026-04-26 21:56:15.403809,26.97593879699707
2026-04-26 21:56:15.602468,2026-04-26 21:56:15.602468,27.148298263549805
2026-04-26 21:56:15.803982,2026-04-26 21:56:15.803982,27.29480361938477
2026-04-26 21:56:16.002636,2026-04-26 21:56:16.002636,27.59511375427246
2026-04-26 21:56:16.203251,2026-04-26 21:56:16.203251,27.850378036499023
2026-04-26 21:56:16.404121,2026-04-26 21:56:16.404121,27.891571044921875
2026-04-26 21:56:16.603754,2026-04-26 21:56:16.603754,27.926586151123047
2026-04-26 21:56:16.803928,2026-04-26 21:56:16.803928,28.132129669189453
2026-04-26 21:56:17.004641,2026-04-26 21:56:17.004641,28.306840896606445
2026-04-26 21:56:17.204194,2026-04-26 21:56:17.204194,28.279565811157227
2026-04-26 21:56:17.404105,2026-04-26 21:56:17.404105,28.25638008117676
2026-04-26 21:56:17.603690,2026-04-26 21:56:17.603690,28.23667335510254
2026-04-26 21:56:17.804822,2026-04-26 21:56:17.804822,28.21992301940918
2026-04-26 21:56:18.003581,2026-04-26 21:56:18.003581,28.205684661865234
2026-04-26 21:56:18.203625,2026-04-26 21:56:18.203625,28.193580627441406
2026-04-26 21:56:18.404498,2026-04-26 21:56:18.404498,28.18329429626465
2026-04-26 21:56:18.604306,2026-04-26 21:56:18.604306,28.174549102783203
2026-04-26 21:56:18.806152,2026-04-26 21:56:18.806152,28.16711807250977
2026-04-26 21:56:19.003781,2026-04-26 21:56:19.003781,28.160799026489254
2026-04-26 21:56:19.204059,2026-04-26 21:56:19.204059,28.15542984008789
2026-04-26 21:56:19.403517,2026-04-26 21:56:19.403517,28.15086555480957
2026-04-26 21:56:19.604238,2026-04-26 21:56:19.604238,28.14698600769043
2026-04-26 21:56:19.804095,2026-04-26 21:56:19.804095,28.143688201904297
2026-04-26 21:56:20.003988,2026-04-26 21:56:20.003988,28.140884399414062
2026-04-26 21:56:20.204000,2026-04-26 21:56:20.204000,28.13850212097168
2026-04-26 21:56:20.403445,2026-04-26 21:56:20.403445,28.136476516723636
2026-04-26 21:56:20.603027,2026-04-26 21:56:20.603027,28.134754180908203
2026-04-26 21:56:20.805649,2026-04-26 21:56:20.805649,28.13329124450684
2026-04-26 21:56:21.005467,2026-04-26 21:56:21.005467,26.02267265319824
2026-04-26 21:56:21.202504,2026-04-26 21:56:21.202504,24.228647232055664
2026-04-26 21:56:21.403795,2026-04-26 21:56:21.403795,22.703725814819336
2026-04-26 21:56:21.604260,2026-04-26 21:56:21.604260,21.23176002502441
2026-04-26 21:56:21.803250,2026-04-26 21:56:21.803250,19.980588912963867
2026-04-26 21:56:22.004065,2026-04-26 21:56:22.004065,18.91709518432617
2026-04-26 21:56:22.203131,2026-04-26 21:56:22.203131,18.013124465942383
2026-04-26 21:56:22.402918,2026-04-26 21:56:22.402918,17.244749069213867
2026-04-26 21:56:22.603755,2026-04-26 21:56:22.603755,16.591630935668945
2026-04-26 21:56:22.803581,2026-04-26 21:56:22.803581,16.212261199951172
2026-04-26 21:56:23.006347,2026-04-26 21:56:23.006347,15.71401596069336
2026-04-26 21:56:23.203824,2026-04-26 21:56:23.203824,15.290507316589355
2026-04-26 21:56:23.403346,2026-04-26 21:56:23.403346,14.754743576049805
2026-04-26 21:56:36.503986,2026-04-26 21:56:36.503986,14.299345016479492
2026-04-26 21:56:36.706796,2026-04-26 21:56:36.706796,13.91225528717041
2026-04-26 21:56:36.903015,2026-04-26 21:56:36.903015,13.583230018615724
2026-04-26 21:56:37.102557,2026-04-26 21:56:37.102557,13.30355739593506
2026-04-26 21:56:37.305429,2026-04-26 21:56:37.305429,13.065836906433104
2026-04-26 21:56:37.504094,2026-04-26 21:56:37.504094,13.039554595947266
2026-04-26 21:56:37.705065,2026-04-26 21:56:37.705065,14.599246978759766
2026-04-26 21:56:37.903879,2026-04-26 21:56:37.903879,15.9249849319458
2026-04-26 21:56:38.102745,2026-04-26 21:56:38.102745,17.051862716674805
2026-04-26 21:56:38.302631,2026-04-26 21:56:38.302631,18.009708404541016
2026-04-26 21:56:38.503857,2026-04-26 21:56:38.503857,18.823877334594727
2026-04-26 21:56:38.704082,2026-04-26 21:56:38.704082,19.51592063903809
2026-04-26 21:56:38.904400,2026-04-26 21:56:38.904400,20.104156494140625
2026-04-26 21:56:39.104351,2026-04-26 21:56:39.104351,20.604158401489254
2026-04-26 21:56:39.304372,2026-04-26 21:56:39.304372,21.02915954589844
2026-04-26 21:56:39.504193,2026-04-26 21:56:39.504193,21.390411376953125
2026-04-26 21:56:39.702536,2026-04-26 21:56:39.702536,21.697473526000977
2026-04-26 21:56:39.903994,2026-04-26 21:56:39.903994,21.958478927612305
2026-04-26 21:56:40.106056,2026-04-26 21:56:40.106056,22.18033218383789
2026-04-26 21:56:40.303462,2026-04-26 21:56:40.303462,22.368906021118164
2026-04-26 21:56:40.505596,2026-04-26 21:56:40.505596,22.52919578552246
2026-04-26 21:56:40.703218,2026-04-26 21:56:40.703218,22.665441513061523
2026-04-26 21:56:40.904396,2026-04-26 21:56:40.904396,22.78125
2026-04-26 21:56:41.102772,2026-04-26 21:56:41.102772,22.879688262939453
2026-04-26 21:56:41.304786,2026-04-26 21:56:41.304786,21.205547332763672
2026-04-26 21:56:41.503892,2026-04-26 21:56:41.503892,21.540340423583984
2026-04-26 21:56:41.704445,2026-04-26 21:56:41.704445,20.067100524902344
2026-04-26 21:56:41.903675,2026-04-26 21:56:41.903675,18.814847946166992
2026-04-26 21:56:42.102913,2026-04-26 21:56:42.102913,17.75043296813965
2026-04-26 21:56:42.302528,2026-04-26 21:56:42.302528,16.84568214416504
2026-04-26 21:56:42.504744,2026-04-26 21:56:42.504744,16.076641082763672
2026-04-26 21:56:42.702501,2026-04-26 21:56:42.702501,15.42295742034912
2026-04-26 21:56:42.903121,2026-04-26 21:56:42.903121,14.867326736450195
2026-04-26 21:56:43.102470,2026-04-26 21:56:43.102470,14.39504051208496
2026-04-26 21:56:43.303349,2026-04-26 21:56:43.303349,13.817815780639648
2026-04-26 21:56:43.502942,2026-04-26 21:56:43.502942,13.502955436706545
2026-04-26 21:56:43.702837,2026-04-26 21:56:43.702837,13.05954360961914
2026-04-26 21:56:43.902443,2026-04-26 21:56:43.902443,12.682642936706545
2026-04-26 21:56:44.103608,2026-04-26 21:56:44.103608,12.36227798461914
2026-04-26 21:56:44.303548,2026-04-26 21:56:44.303548,14.023561477661133
2026-04-26 21:56:44.503249,2026-04-26 21:56:44.503249,15.259870529174805
2026-04-26 21:56:44.703601,2026-04-26 21:56:44.703601,16.310733795166016
2026-04-26 21:56:44.908417,2026-04-26 21:56:44.908417,17.379749298095703
2026-04-26 21:56:45.103058,2026-04-26 21:56:45.103058,18.11263084411621
2026-04-26 21:56:45.302810,2026-04-26 21:56:45.302810,18.911361694335938
2026-04-26 21:56:45.503262,2026-04-26 21:56:45.503262,19.414501190185547
2026-04-26 21:56:45.703017,2026-04-26 21:56:45.703017,19.8421688079834
2026-04-26 21:56:45.903453,2026-04-26 21:56:45.903453,20.205686569213867
2026-04-26 21:56:46.102793,2026-04-26 21:56:46.102793,20.514678955078125
2026-04-26 21:56:46.304220,2026-04-26 21:56:46.304220,20.777320861816406
2026-04-26 21:56:46.503074,2026-04-26 21:56:46.503074,21.000566482543945
2026-04-26 21:56:46.703499,2026-04-26 21:56:46.703499,21.190324783325195
2026-04-26 21:56:46.903621,2026-04-26 21:56:46.903621,21.175838470458984
2026-04-26 21:56:47.105770,2026-04-26 21:56:47.105770,21.163524627685547
2026-04-26 21:56:47.302570,2026-04-26 21:56:47.302570,21.328840255737305
2026-04-26 21:56:47.502442,2026-04-26 21:56:47.502442,21.293577194213867
2026-04-26 21:56:47.703039,2026-04-26 21:56:47.703039,21.26360321044922
2026-04-26 21:56:47.902472,2026-04-26 21:56:47.902472,21.23812484741211
2026-04-26 21:56:48.104948,2026-04-26 21:56:48.104948,21.21646881103516
2026-04-26 21:56:48.302619,2026-04-26 21:56:48.302619,21.198060989379883
2026-04-26 21:56:48.504166,2026-04-26 21:56:48.504166,21.18241500854492
2026-04-26 21:56:48.702559,2026-04-26 21:56:48.702559,21.16911506652832
2026-04-26 21:56:48.902757,2026-04-26 21:56:48.902757,21.15781021118164
2026-04-26 21:56:49.103262,2026-04-26 21:56:49.103262,21.14820098876953
2026-04-26 21:56:49.304160,2026-04-26 21:56:49.304160,21.140033721923828
2026-04-26 21:56:49.503393,2026-04-26 21:56:49.503393,21.13309097290039
2026-04-26 21:56:49.702780,2026-04-26 21:56:49.702780,21.12718963623047
2026-04-26 21:56:49.902879,2026-04-26 21:56:49.902879,20.94639205932617
2026-04-26 21:56:50.102988,2026-04-26 21:56:50.102988,20.96849632263184
2026-04-26 21:56:50.303023,2026-04-26 21:56:50.303023,20.98728370666504
2026-04-26 21:56:50.503098,2026-04-26 21:56:50.503098,21.003253936767575
2026-04-26 21:56:50.704387,2026-04-26 21:56:50.704387,21.016828536987305
2026-04-26 21:56:50.902493,2026-04-26 21:56:50.902493,21.028366088867188
2026-04-26 21:56:51.102922,2026-04-26 21:56:51.102922,21.03817367553711
2026-04-26 21:56:51.303168,2026-04-26 21:56:51.303168,21.046510696411133
2026-04-26 21:56:51.502590,2026-04-26 21:56:51.502590,21.05359649658203
2026-04-26 21:56:51.703169,2026-04-26 21:56:51.703169,21.059619903564453
2026-04-26 21:56:51.902979,2026-04-26 21:56:51.902979,21.06473922729492
2026-04-26 21:56:52.103180,2026-04-26 21:56:52.103180,21.069089889526367
2026-04-26 21:56:52.302929,2026-04-26 21:56:52.302929,20.897008895874023
2026-04-26 21:56:52.503203,2026-04-26 21:56:52.503203,20.7507381439209
2026-04-26 21:56:52.702667,2026-04-26 21:56:52.702667,20.62640953063965
2026-04-26 21:56:52.903606,2026-04-26 21:56:52.903606,20.520729064941406
2026-04-26 21:56:53.102502,2026-04-26 21:56:53.102502,20.43090057373047
2026-04-26 21:56:53.303252,2026-04-26 21:56:53.303252,20.35454750061035
2026-04-26 21:56:53.503371,2026-04-26 21:56:53.503371,20.28964614868164
2026-04-26 21:56:53.703005,2026-04-26 21:56:53.703005,20.234479904174805
2026-04-26 21:56:53.903149,2026-04-26 21:56:53.903149,20.187589645385746
2026-04-26 21:56:54.102563,2026-04-26 21:56:54.102563,20.14773178100586
2026-04-26 21:56:54.302500,2026-04-26 21:56:54.302500,20.113853454589844
2026-04-26 21:56:54.502583,2026-04-26 21:56:54.502583,20.08505630493164
2026-04-26 21:56:54.702618,2026-04-26 21:56:54.702618,19.88479804992676
2026-04-26 21:56:54.903041,2026-04-26 21:56:54.903041,19.71457862854004
2026-04-26 21:56:55.103082,2026-04-26 21:56:55.103082,19.56989097595215
2026-04-26 21:56:55.303086,2026-04-26 21:56:55.303086,19.271127700805664
2026-04-26 21:56:55.504435,2026-04-26 21:56:55.504435,19.01717567443848
2026-04-26 21:56:55.704578,2026-04-26 21:56:55.704578,18.801319122314453
2026-04-26 21:56:55.902899,2026-04-26 21:56:55.902899,18.617839813232425
2026-04-26 21:56:56.102504,2026-04-26 21:56:56.102504,18.46188163757324
2026-04-26 21:56:56.303298,2026-04-26 21:56:56.303298,18.32931900024414
2026-04-26 21:56:56.505480,2026-04-26 21:56:56.505480,18.04085922241211
2026-04-26 21:56:56.702519,2026-04-26 21:56:56.702519,17.97144889831543
2026-04-26 21:56:56.903486,2026-04-26 21:56:56.903486,17.912450790405273
2026-04-26 21:56:57.104844,2026-04-26 21:56:57.104844,17.686519622802734
2026-04-26 21:56:57.303063,2026-04-26 21:56:57.303063,17.49448013305664
2026-04-26 21:56:57.503708,2026-04-26 21:56:57.503708,17.15546417236328
2026-04-26 21:56:57.704537,2026-04-26 21:56:57.704537,16.867300033569336
2026-04-26 21:56:57.903272,2026-04-26 21:56:57.903272,16.62236213684082
2026-04-26 21:56:58.103284,2026-04-26 21:56:58.103284,16.41416358947754
2026-04-26 21:56:58.302757,2026-04-26 21:56:58.302757,16.23719596862793
2026-04-26 21:56:58.504397,2026-04-26 21:56:58.504397,16.086772918701172
2026-04-26 21:56:58.704146,2026-04-26 21:56:58.704146,15.95891284942627
2026-04-26 21:56:58.905676,2026-04-26 21:56:58.905676,15.674450874328612
2026-04-26 21:56:59.103608,2026-04-26 21:56:59.103608,15.432658195495604
2026-04-26 21:56:59.303956,2026-04-26 21:56:59.303956,15.227134704589844
2026-04-26 21:56:59.503803,2026-04-26 21:56:59.503803,15.05243968963623
2026-04-26 21:56:59.706030,2026-04-26 21:56:59.706030,14.903948783874512
2026-04-26 21:56:59.904034,2026-04-26 21:56:59.904034,14.60194969177246
2026-04-26 21:57:00.103099,2026-04-26 21:57:00.103099,14.521032333374023
2026-04-26 21:57:00.303688,2026-04-26 21:57:00.303688,14.452252388000488
2026-04-26 21:57:00.503894,2026-04-26 21:57:00.503894,14.393789291381836
2026-04-26 21:57:00.705195,2026-04-26 21:57:00.705195,14.344096183776855
2026-04-26 21:57:00.903832,2026-04-26 21:57:00.903832,14.301856994628906
2026-04-26 21:57:01.102537,2026-04-26 21:57:01.102537,14.265953063964844
2026-04-26 21:57:01.302635,2026-04-26 21:57:01.302635,14.059654235839844
2026-04-26 21:57:01.502593,2026-04-26 21:57:01.502593,13.884299278259276
2026-04-26 21:57:01.702574,2026-04-26 21:57:01.702574,13.735248565673828
2026-04-26 21:57:14.803054,2026-04-26 21:57:14.803054,13.60855484008789
2026-04-26 21:57:15.003411,2026-04-26 21:57:15.003411,13.50086498260498
2026-04-26 21:57:15.203945,2026-04-26 21:57:15.203945,13.233548164367676
2026-04-26 21:57:15.402797,2026-04-26 21:57:15.402797,13.006328582763672
2026-04-26 21:57:15.605063,2026-04-26 21:57:15.605063,12.813191413879396
2026-04-26 21:57:15.803017,2026-04-26 21:57:15.803017,12.473243713378906
2026-04-26 21:57:16.002478,2026-04-26 21:57:16.002478,12.18428897857666
2026-04-26 21:57:16.203482,2026-04-26 21:57:16.203482,11.938676834106444
2026-04-26 21:57:16.402396,2026-04-26 21:57:16.402396,11.72990608215332
2026-04-26 21:57:16.602616,2026-04-26 21:57:16.602616,11.552452087402344
2026-04-26 21:57:16.803145,2026-04-26 21:57:16.803145,11.225833892822266
2026-04-26 21:57:17.003111,2026-04-26 21:57:17.003111,10.948208808898926
2026-04-26 21:57:17.202500,2026-04-26 21:57:17.202500,10.712227821350098
2026-04-26 21:57:17.406540,2026-04-26 21:57:17.406540,10.511643409729004
2026-04-26 21:57:17.605021,2026-04-26 21:57:17.605021,10.341146469116213
2026-04-26 21:57:17.803150,2026-04-26 21:57:17.803150,10.1962251663208
2026-04-26 21:57:18.003507,2026-04-26 21:57:18.003507,10.073040962219238
2026-04-26 21:57:18.204153,2026-04-26 21:57:18.204153,9.792553901672363
2026-04-26 21:57:18.404513,2026-04-26 21:57:18.404513,9.554139137268066
2026-04-26 21:57:18.605033,2026-04-26 21:57:18.605033,9.351487159729004
2026-04-26 21:57:18.804049,2026-04-26 21:57:18.804049,9.179232597351074
2026-04-26 21:57:19.004465,2026-04-26 21:57:19.004465,10.614848136901855
2026-04-26 21:57:19.203650,2026-04-26 21:57:19.203650,10.253089904785156
2026-04-26 21:57:19.403332,2026-04-26 21:57:19.403332,9.945594787597656
2026-04-26 21:57:19.604092,2026-04-26 21:57:19.604092,11.266255378723145
2026-04-26 21:57:19.804428,2026-04-26 21:57:19.804428,12.388816833496094
2026-04-26 21:57:20.004901,2026-04-26 21:57:20.004901,13.342994689941406
2026-04-26 21:57:20.203960,2026-04-26 21:57:20.203960,12.572013854980469
2026-04-26 21:57:20.406663,2026-04-26 21:57:20.406663,11.916681289672852
2026-04-26 21:57:20.602947,2026-04-26 21:57:20.602947,11.183866500854492
2026-04-26 21:57:20.807947,2026-04-26 21:57:20.807947,10.56097412109375
2026-04-26 21:57:21.007170,2026-04-26 21:57:21.007170,10.03151512145996
2026-04-26 21:57:21.204927,2026-04-26 21:57:21.204927,9.581475257873535
2026-04-26 21:57:21.404326,2026-04-26 21:57:21.404326,9.198941230773926
2026-04-26 21:57:21.603148,2026-04-26 21:57:21.603148,8.873787879943848
2026-04-26 21:57:21.804769,2026-04-26 21:57:21.804769,8.597407341003418
2026-04-26 21:57:22.005641,2026-04-26 21:57:22.005641,8.538265228271484
2026-04-26 21:57:22.202751,2026-04-26 21:57:22.202751,8.487994194030762
2026-04-26 21:57:22.405316,2026-04-26 21:57:22.405316,8.445263862609863
2026-04-26 21:57:22.603346,2026-04-26 21:57:22.603346,8.408943176269531
2026-04-26 21:57:22.804129,2026-04-26 21:57:22.804129,8.378069877624512
2026-04-26 21:57:23.002958,2026-04-26 21:57:23.002958,8.351828575134277
2026-04-26 21:57:23.202868,2026-04-26 21:57:23.202868,8.329523086547852
2026-04-26 21:57:23.404032,2026-04-26 21:57:23.404032,8.486344337463379
2026-04-26 21:57:23.602561,2026-04-26 21:57:23.602561,8.619643211364746
2026-04-26 21:57:23.802533,2026-04-26 21:57:23.802533,8.732946395874023
2026-04-26 21:57:24.002597,2026-04-26 21:57:24.002597,8.829254150390625
2026-04-26 21:57:24.205065,2026-04-26 21:57:24.205065,9.08689785003662
2026-04-26 21:57:24.403777,2026-04-26 21:57:24.403777,9.305893898010254
2026-04-26 21:57:24.602874,2026-04-26 21:57:24.602874,9.49204158782959
2026-04-26 21:57:24.803849,2026-04-26 21:57:24.803849,9.650266647338867
2026-04-26 21:57:25.002967,2026-04-26 21:57:25.002967,9.784757614135742
2026-04-26 21:57:25.202856,2026-04-26 21:57:25.202856,9.899075508117676
2026-04-26 21:57:25.402430,2026-04-26 21:57:25.402430,10.172026634216309
2026-04-26 21:57:25.603487,2026-04-26 21:57:25.603487,10.404034614562988
2026-04-26 21:57:25.804494,2026-04-26 21:57:25.804494,10.601242065429688
2026-04-26 21:57:26.002708,2026-04-26 21:57:26.002708,10.768868446350098
2026-04-26 21:57:26.203106,2026-04-26 21:57:26.203106,11.08713150024414
2026-04-26 21:57:26.402880,2026-04-26 21:57:26.402880,11.35765552520752
2026-04-26 21:57:26.605073,2026-04-26 21:57:26.605073,12.993851661682127
2026-04-26 21:57:26.802928,2026-04-26 21:57:26.802928,12.97836685180664
2026-04-26 21:57:27.002933,2026-04-26 21:57:27.002933,14.547237396240234
2026-04-26 21:57:27.202907,2026-04-26 21:57:27.202907,16.75968360900879
2026-04-26 21:57:27.403179,2026-04-26 21:57:27.403179,17.761356353759766
2026-04-26 21:57:27.602686,2026-04-26 21:57:27.602686,18.612777709960938
2026-04-26 21:57:27.803056,2026-04-26 21:57:27.803056,19.336484909057617
2026-04-26 21:57:28.002823,2026-04-26 21:57:28.002823,20.830543518066406
2026-04-26 21:57:28.204009,2026-04-26 21:57:28.204009,22.100494384765625
2026-04-26 21:57:28.403144,2026-04-26 21:57:28.403144,23.179950714111328
2026-04-26 21:57:28.606758,2026-04-26 21:57:28.606758,24.097490310668945
2026-04-26 21:57:28.804190,2026-04-26 21:57:28.804190,24.877397537231445
2026-04-26 21:57:29.002864,2026-04-26 21:57:29.002864,25.540319442749023
2026-04-26 21:57:29.203177,2026-04-26 21:57:29.203177,26.10380172729492
2026-04-26 21:57:29.402825,2026-04-26 21:57:29.402825,26.582763671875
2026-04-26 21:57:29.602537,2026-04-26 21:57:29.602537,26.989879608154297
2026-04-26 21:57:29.805900,2026-04-26 21:57:29.805900,27.33592987060547
2026-04-26 21:57:30.002845,2026-04-26 21:57:30.002845,27.63007164001465
2026-04-26 21:57:30.204003,2026-04-26 21:57:30.204003,27.88009262084961
2026-04-26 21:57:30.402651,2026-04-26 21:57:30.402651,28.092609405517575
2026-04-26 21:57:30.603183,2026-04-26 21:57:30.603183,28.27324867248535
2026-04-26 21:57:30.803514,2026-04-26 21:57:30.803514,28.42679214477539
2026-04-26 21:57:31.002388,2026-04-26 21:57:31.002388,28.55730438232422
2026-04-26 21:57:31.202508,2026-04-26 21:57:31.202508,28.66824150085449
2026-04-26 21:57:31.402922,2026-04-26 21:57:31.402922,28.762535095214844
2026-04-26 21:57:31.602624,2026-04-26 21:57:31.602624,28.842687606811523
2026-04-26 21:57:31.802534,2026-04-26 21:57:31.802534,28.91081428527832
2026-04-26 21:57:32.002608,2026-04-26 21:57:32.002608,28.96872329711914
2026-04-26 21:57:32.204898,2026-04-26 21:57:32.204898,29.017946243286133
2026-04-26 21:57:32.402694,2026-04-26 21:57:32.402694,29.059785842895508
2026-04-26 21:57:32.602446,2026-04-26 21:57:32.602446,29.095348358154297
2026-04-26 21:57:32.803521,2026-04-26 21:57:32.803521,28.949796676635746
2026-04-26 21:57:33.002601,2026-04-26 21:57:33.002601,28.82607650756836
2026-04-26 21:57:33.202601,2026-04-26 21:57:33.202601,28.72091484069824
2026-04-26 21:57:33.402998,2026-04-26 21:57:33.402998,28.63152885437012
2026-04-26 21:57:33.602466,2026-04-26 21:57:33.602466,28.55554962158203
2026-04-26 21:57:33.802471,2026-04-26 21:57:33.802471,28.490966796875
2026-04-26 21:57:34.003342,2026-04-26 21:57:34.003342,28.436071395874023
2026-04-26 21:57:34.202461,2026-04-26 21:57:34.202461,28.38941192626953
2026-04-26 21:57:34.403667,2026-04-26 21:57:34.403667,28.349748611450195
2026-04-26 21:57:34.602688,2026-04-26 21:57:34.602688,28.316036224365234
2026-04-26 21:57:34.804057,2026-04-26 21:57:34.804057,28.28738212585449
2026-04-26 21:57:35.003083,2026-04-26 21:57:35.003083,28.263023376464844
2026-04-26 21:57:35.206398,2026-04-26 21:57:35.206398,28.242321014404297
2026-04-26 21:57:35.403161,2026-04-26 21:57:35.403161,28.224721908569336
2026-04-26 21:57:35.603344,2026-04-26 21:57:35.603344,28.20976448059082
2026-04-26 21:57:35.803617,2026-04-26 21:57:35.803617,28.19705009460449
2026-04-26 21:57:36.006669,2026-04-26 21:57:36.006669,28.186241149902344
2026-04-26 21:57:36.203637,2026-04-26 21:57:36.203637,28.17705535888672
2026-04-26 21:57:36.403071,2026-04-26 21:57:36.403071,28.169246673583984
2026-04-26 21:57:36.603526,2026-04-26 21:57:36.603526,28.16261100769043
2026-04-26 21:57:36.802746,2026-04-26 21:57:36.802746,28.33275032043457
2026-04-26 21:57:37.003121,2026-04-26 21:57:37.003121,28.47736930847168
2026-04-26 21:57:37.202663,2026-04-26 21:57:37.202663,28.60029411315918
2026-04-26 21:57:37.403900,2026-04-26 21:57:37.403900,28.704782485961918
2026-04-26 21:57:37.604788,2026-04-26 21:57:37.604788,28.793596267700195
2026-04-26 21:57:37.806108,2026-04-26 21:57:37.806108,28.86908721923828
2026-04-26 21:57:38.002906,2026-04-26 21:57:38.002906,28.933256149291992
2026-04-26 21:57:38.204834,2026-04-26 21:57:38.204834,28.9877986907959
2026-04-26 21:57:38.404340,2026-04-26 21:57:38.404340,29.034160614013672
2026-04-26 21:57:38.603539,2026-04-26 21:57:38.603539,27.491535186767575
2026-04-26 21:57:38.804360,2026-04-26 21:57:38.804360,26.18030548095703
2026-04-26 21:57:39.004045,2026-04-26 21:57:39.004045,25.06575965881348
2026-04-26 21:57:39.203431,2026-04-26 21:57:39.203431,24.118396759033203
2026-04-26 21:57:39.403157,2026-04-26 21:57:39.403157,24.89516830444336
2026-04-26 21:57:39.604577,2026-04-26 21:57:39.604577,25.555423736572266
2026-04-26 21:57:39.803013,2026-04-26 21:57:39.803013,26.116641998291016
2026-04-26 21:57:40.003920,2026-04-26 21:57:40.003920,26.59367561340332
2026-04-26 21:57:53.103060,2026-04-26 21:57:53.103060,26.999156951904297
2026-04-26 21:57:53.304270,2026-04-26 21:57:53.304270,27.34381484985352
2026-04-26 21:57:53.504920,2026-04-26 21:57:53.504920,27.63677406311035
2026-04-26 21:57:53.702645,2026-04-26 21:57:53.702645,27.885787963867188
2026-04-26 21:57:53.903042,2026-04-26 21:57:53.903042,28.09745216369629
2026-04-26 21:57:54.102622,2026-04-26 21:57:54.102622,28.27736473083496
2026-04-26 21:57:54.303416,2026-04-26 21:57:54.303416,28.4302921295166
2026-04-26 21:57:54.504590,2026-04-26 21:57:54.504590,28.560279846191406
2026-04-26 21:57:54.703252,2026-04-26 21:57:54.703252,28.67076873779297
2026-04-26 21:57:54.902854,2026-04-26 21:57:54.902854,28.764684677124023
2026-04-26 21:57:55.102568,2026-04-26 21:57:55.102568,28.844512939453125
2026-04-26 21:57:55.303775,2026-04-26 21:57:55.303775,28.91236686706543
2026-04-26 21:57:55.502880,2026-04-26 21:57:55.502880,28.970043182373047
2026-04-26 21:57:55.703362,2026-04-26 21:57:55.703362,29.019067764282227
2026-04-26 21:57:55.902768,2026-04-26 21:57:55.902768,28.884958267211918
2026-04-26 21:57:56.103539,2026-04-26 21:57:56.103539,28.77096366882324
2026-04-26 21:57:56.302692,2026-04-26 21:57:56.302692,28.674070358276367
2026-04-26 21:57:56.503109,2026-04-26 21:57:56.503109,28.59170913696289
2026-04-26 21:57:56.703362,2026-04-26 21:57:56.703362,28.521703720092773
2026-04-26 21:57:56.903506,2026-04-26 21:57:56.903506,28.46219825744629
2026-04-26 21:57:57.103898,2026-04-26 21:57:57.103898,28.41161727905273
2026-04-26 21:57:57.302625,2026-04-26 21:57:57.302625,28.19284439086914
2026-04-26 21:57:57.503004,2026-04-26 21:57:57.503004,28.182666778564453
2026-04-26 21:57:57.704893,2026-04-26 21:57:57.704893,28.17401695251465
2026-04-26 21:57:57.903991,2026-04-26 21:57:57.903991,28.16666412353516
2026-04-26 21:57:58.103970,2026-04-26 21:57:58.103970,28.160415649414062
2026-04-26 21:57:58.303437,2026-04-26 21:57:58.303437,28.155101776123047
2026-04-26 21:57:58.504958,2026-04-26 21:57:58.504958,28.15058708190918
2026-04-26 21:57:58.702470,2026-04-26 21:57:58.702470,28.14674949645996
2026-04-26 21:57:58.903666,2026-04-26 21:57:58.903666,28.31926727294922
2026-04-26 21:57:59.102473,2026-04-26 21:57:59.102473,28.290128707885746
2026-04-26 21:57:59.302785,2026-04-26 21:57:59.302785,28.441139221191406
2026-04-26 21:57:59.503871,2026-04-26 21:57:59.503871,28.569499969482425
2026-04-26 21:57:59.702518,2026-04-26 21:57:59.702518,28.678606033325195
2026-04-26 21:57:59.903234,2026-04-26 21:57:59.903234,28.77134704589844
2026-04-26 21:58:00.102721,2026-04-26 21:58:00.102721,28.850175857543945
2026-04-26 21:58:00.302454,2026-04-26 21:58:00.302454,28.91718101501465
2026-04-26 21:58:00.503971,2026-04-26 21:58:00.503971,28.97413444519043
2026-04-26 21:58:00.703313,2026-04-26 21:58:00.703313,29.02254676818848
2026-04-26 21:58:00.903956,2026-04-26 21:58:00.903956,29.063695907592773
2026-04-26 21:58:01.104773,2026-04-26 21:58:01.104773,29.09867286682129
2026-04-26 21:58:01.304941,2026-04-26 21:58:01.304941,29.128402709960938
2026-04-26 21:58:01.503773,2026-04-26 21:58:01.503773,29.15367317199707
2026-04-26 21:58:01.706920,2026-04-26 21:58:01.706920,29.175153732299805
2026-04-26 21:58:01.902423,2026-04-26 21:58:01.902423,29.19341278076172
2026-04-26 21:58:02.103258,2026-04-26 21:58:02.103258,29.20893096923828
2026-04-26 21:58:02.303210,2026-04-26 21:58:02.303210,29.22212219238281
2026-04-26 21:58:02.503781,2026-04-26 21:58:02.503781,29.23333549499512
2026-04-26 21:58:02.703843,2026-04-26 21:58:02.703843,29.24286651611328
2026-04-26 21:58:02.903026,2026-04-26 21:58:02.903026,29.25096702575684
2026-04-26 21:58:03.103880,2026-04-26 21:58:03.103880,29.25785446166992
2026-04-26 21:58:03.302880,2026-04-26 21:58:03.302880,29.26370620727539
2026-04-26 21:58:03.505083,2026-04-26 21:58:03.505083,29.2686824798584
2026-04-26 21:58:03.704229,2026-04-26 21:58:03.704229,29.272911071777344
2026-04-26 21:58:03.902962,2026-04-26 21:58:03.902962,29.276506423950195
2026-04-26 21:58:04.107255,2026-04-26 21:58:04.107255,29.27956199645996
2026-04-26 21:58:04.302882,2026-04-26 21:58:04.302882,29.28215789794922
2026-04-26 21:58:04.504840,2026-04-26 21:58:04.504840,29.284366607666016
2026-04-26 21:58:04.702956,2026-04-26 21:58:04.702956,29.28624153137207
2026-04-26 21:58:04.903216,2026-04-26 21:58:04.903216,29.28783798217773
2026-04-26 21:58:05.104660,2026-04-26 21:58:05.104660,29.28919219970703
2026-04-26 21:58:05.302444,2026-04-26 21:58:05.302444,29.29034423828125
2026-04-26 21:58:05.502340,2026-04-26 21:58:05.502340,29.29132461547852
2026-04-26 21:58:05.703074,2026-04-26 21:58:05.703074,29.292156219482425
2026-04-26 21:58:05.902477,2026-04-26 21:58:05.902477,29.292865753173828
2026-04-26 21:58:06.102627,2026-04-26 21:58:06.102627,29.293466567993164
2026-04-26 21:58:06.303657,2026-04-26 21:58:06.303657,29.29397773742676
2026-04-26 21:58:06.502477,2026-04-26 21:58:06.502477,29.29441261291504
2026-04-26 21:58:06.703032,2026-04-26 21:58:06.703032,29.29478073120117
2026-04-26 21:58:06.904608,2026-04-26 21:58:06.904608,29.295095443725582
2026-04-26 21:58:07.103458,2026-04-26 21:58:07.103458,29.29536247253418
2026-04-26 21:58:07.303042,2026-04-26 21:58:07.303042,29.295589447021484
2026-04-26 21:58:07.502566,2026-04-26 21:58:07.502566,29.2957820892334
2026-04-26 21:58:07.703804,2026-04-26 21:58:07.703804,29.29594612121582
2026-04-26 21:58:07.905349,2026-04-26 21:58:07.905349,29.296085357666016
2026-04-26 21:58:08.103785,2026-04-26 21:58:08.103785,29.29620361328125
2026-04-26 21:58:08.302728,2026-04-26 21:58:08.302728,29.29630470275879
2026-04-26 21:58:08.502832,2026-04-26 21:58:08.502832,29.296390533447266
2026-04-26 21:58:08.702684,2026-04-26 21:58:08.702684,29.296463012695312
2026-04-26 21:58:08.902383,2026-04-26 21:58:08.902383,29.12074279785156
2026-04-26 21:58:09.102282,2026-04-26 21:58:09.102282,28.97138214111328
2026-04-26 21:58:09.302537,2026-04-26 21:58:09.302537,28.844425201416016
2026-04-26 21:58:09.502451,2026-04-26 21:58:09.502451,28.56072998046875
2026-04-26 21:58:09.703722,2026-04-26 21:58:09.703722,28.319589614868164
2026-04-26 21:58:09.905278,2026-04-26 21:58:09.905278,28.114620208740234
2026-04-26 21:58:10.102957,2026-04-26 21:58:10.102957,27.94039535522461
2026-04-26 21:58:10.304244,2026-04-26 21:58:10.304244,27.79230499267578
2026-04-26 21:58:10.502600,2026-04-26 21:58:10.502600,27.666427612304688
2026-04-26 21:58:10.703696,2026-04-26 21:58:10.703696,27.55943298339844
2026-04-26 21:58:10.902297,2026-04-26 21:58:10.902297,27.468486785888672
2026-04-26 21:58:11.102983,2026-04-26 21:58:11.102983,27.39118194580078
2026-04-26 21:58:11.304473,2026-04-26 21:58:11.304473,27.32547378540039
2026-04-26 21:58:11.503644,2026-04-26 21:58:11.503644,27.269620895385746
2026-04-26 21:58:11.703712,2026-04-26 21:58:11.703712,27.22214698791504
2026-04-26 21:58:11.903572,2026-04-26 21:58:11.903572,27.181793212890625
2026-04-26 21:58:12.102482,2026-04-26 21:58:12.102482,27.14749336242676
2026-04-26 21:58:12.303043,2026-04-26 21:58:12.303043,27.118337631225582
2026-04-26 21:58:12.502916,2026-04-26 21:58:12.502916,27.093555450439453
2026-04-26 21:58:12.702358,2026-04-26 21:58:12.702358,27.072490692138672
2026-04-26 21:58:12.903540,2026-04-26 21:58:12.903540,27.05458641052246
2026-04-26 21:58:13.102337,2026-04-26 21:58:13.102337,27.03936767578125
2026-04-26 21:58:13.302494,2026-04-26 21:58:13.302494,27.026430130004883
2026-04-26 21:58:13.502406,2026-04-26 21:58:13.502406,27.01543426513672
2026-04-26 21:58:13.702979,2026-04-26 21:58:13.702979,27.006088256835938
2026-04-26 21:58:13.904569,2026-04-26 21:58:13.904569,26.998144149780277
2026-04-26 21:58:14.103572,2026-04-26 21:58:14.103572,26.991390228271484
2026-04-26 21:58:14.303196,2026-04-26 21:58:14.303196,26.98565101623535
2026-04-26 21:58:14.503436,2026-04-26 21:58:14.503436,26.980772018432617
2026-04-26 21:58:14.702510,2026-04-26 21:58:14.702510,26.976625442504883
2026-04-26 21:58:14.903306,2026-04-26 21:58:14.903306,26.973100662231445
2026-04-26 21:58:15.104547,2026-04-26 21:58:15.104547,26.970104217529297
2026-04-26 21:58:15.302575,2026-04-26 21:58:15.302575,26.96755790710449
2026-04-26 21:58:15.504168,2026-04-26 21:58:15.504168,26.96539306640625
2026-04-26 21:58:15.704247,2026-04-26 21:58:15.704247,26.787771224975582
2026-04-26 21:58:15.902557,2026-04-26 21:58:15.902557,26.63679313659668
2026-04-26 21:58:16.103878,2026-04-26 21:58:16.103878,26.50846099853516
2026-04-26 21:58:16.302479,2026-04-26 21:58:16.302479,26.39937973022461
2026-04-26 21:58:16.505561,2026-04-26 21:58:16.505561,26.306659698486328
2026-04-26 21:58:16.703095,2026-04-26 21:58:16.703095,26.22784805297852
2026-04-26 21:58:16.902928,2026-04-26 21:58:16.902928,26.160858154296875
2026-04-26 21:58:17.103591,2026-04-26 21:58:17.103591,26.103918075561523
2026-04-26 21:58:17.303682,2026-04-26 21:58:17.303682,25.879735946655277
2026-04-26 21:58:17.505263,2026-04-26 21:58:17.505263,25.68918228149414
2026-04-26 21:58:17.706209,2026-04-26 21:58:17.706209,25.527210235595703
2026-04-26 21:58:17.903520,2026-04-26 21:58:17.903520,25.389535903930664
2026-04-26 21:58:18.104822,2026-04-26 21:58:18.104822,25.272510528564453
2026-04-26 21:58:18.304814,2026-04-26 21:58:18.304814,25.17304039001465
2026-04-26 21:58:31.404276,2026-04-26 21:58:31.404276,25.088491439819336
2026-04-26 21:58:31.602390,2026-04-26 21:58:31.602390,25.016624450683597
2026-04-26 21:58:31.802718,2026-04-26 21:58:31.802718,24.955535888671875
2026-04-26 21:58:32.003652,2026-04-26 21:58:32.003652,24.90361213684082
2026-04-26 21:58:32.202481,2026-04-26 21:58:32.202481,24.68369483947754
2026-04-26 21:58:32.403256,2026-04-26 21:58:32.403256,24.67254638671875
2026-04-26 21:58:32.603598,2026-04-26 21:58:32.603598,24.487289428710938
2026-04-26 21:58:32.802406,2026-04-26 21:58:32.802406,24.505603790283203
2026-04-26 21:58:33.003031,2026-04-26 21:58:33.003031,24.345388412475582
2026-04-26 21:58:33.203400,2026-04-26 21:58:33.203400,24.209203720092773
2026-04-26 21:58:33.403484,2026-04-26 21:58:33.403484,24.093448638916016
2026-04-26 21:58:33.603528,2026-04-26 21:58:33.603528,23.99505615234375
2026-04-26 21:58:33.803222,2026-04-26 21:58:33.803222,23.911422729492188
2026-04-26 21:58:34.002977,2026-04-26 21:58:34.002977,23.840333938598636
2026-04-26 21:58:34.202803,2026-04-26 21:58:34.202803,23.779909133911133
2026-04-26 21:58:34.402418,2026-04-26 21:58:34.402418,23.72854804992676
2026-04-26 21:58:34.602433,2026-04-26 21:58:34.602433,23.509109497070312
2026-04-26 21:58:34.804244,2026-04-26 21:58:34.804244,23.322586059570312
2026-04-26 21:58:35.003261,2026-04-26 21:58:35.003261,23.164043426513672
2026-04-26 21:58:35.205758,2026-04-26 21:58:35.205758,23.029279708862305
2026-04-26 21:58:35.402489,2026-04-26 21:58:35.402489,22.91473197937012
2026-04-26 21:58:35.604318,2026-04-26 21:58:35.604318,22.817365646362305
2026-04-26 21:58:35.802622,2026-04-26 21:58:35.802622,22.734603881835938
2026-04-26 21:58:36.002698,2026-04-26 21:58:36.002698,22.664257049560547
2026-04-26 21:58:36.203223,2026-04-26 21:58:36.203223,22.604463577270508
2026-04-26 21:58:36.402376,2026-04-26 21:58:36.402376,22.55363655090332
2026-04-26 21:58:36.604075,2026-04-26 21:58:36.604075,22.51043510437012
2026-04-26 21:58:36.803327,2026-04-26 21:58:36.803327,22.649494171142575
2026-04-26 21:58:37.002542,2026-04-26 21:58:37.002542,22.767696380615234
2026-04-26 21:58:37.202454,2026-04-26 21:58:37.202454,22.868165969848636
2026-04-26 21:58:37.404377,2026-04-26 21:58:37.404377,22.77778434753418
2026-04-26 21:58:37.603348,2026-04-26 21:58:37.603348,22.87674331665039
2026-04-26 21:58:37.802502,2026-04-26 21:58:37.802502,22.96085548400879
2026-04-26 21:58:38.004565,2026-04-26 21:58:38.004565,23.03235244750977
2026-04-26 21:58:38.206245,2026-04-26 21:58:38.206245,23.09312438964844
2026-04-26 21:58:38.403622,2026-04-26 21:58:38.403622,23.1447811126709
2026-04-26 21:58:38.604440,2026-04-26 21:58:38.604440,23.18868827819824
2026-04-26 21:58:38.804154,2026-04-26 21:58:38.804154,23.22601127624512
2026-04-26 21:58:39.003289,2026-04-26 21:58:39.003289,23.25773429870605
2026-04-26 21:58:39.207042,2026-04-26 21:58:39.207042,23.284698486328125
2026-04-26 21:58:39.404902,2026-04-26 21:58:39.404902,23.483400344848636
2026-04-26 21:58:39.603194,2026-04-26 21:58:39.603194,23.47651481628418
2026-04-26 21:58:39.803760,2026-04-26 21:58:39.803760,23.64644432067871
2026-04-26 21:58:40.003443,2026-04-26 21:58:40.003443,23.790884017944336
2026-04-26 21:58:40.203760,2026-04-26 21:58:40.203760,23.913658142089844
2026-04-26 21:58:40.403877,2026-04-26 21:58:40.403877,24.018014907836918
2026-04-26 21:58:40.608002,2026-04-26 21:58:40.608002,24.106719970703125
2026-04-26 21:58:40.807847,2026-04-26 21:58:40.807847,24.182117462158203
2026-04-26 21:58:41.004086,2026-04-26 21:58:41.004086,24.421987533569336
2026-04-26 21:58:41.212685,2026-04-26 21:58:41.212685,24.625877380371094
2026-04-26 21:58:41.404305,2026-04-26 21:58:41.404305,24.799182891845703
2026-04-26 21:58:41.603300,2026-04-26 21:58:41.603300,24.94649314880371
2026-04-26 21:58:41.803859,2026-04-26 21:58:41.803859,25.071706771850582
2026-04-26 21:58:42.004708,2026-04-26 21:58:42.004708,25.17813873291016
2026-04-26 21:58:42.204719,2026-04-26 21:58:42.204719,25.268604278564453
2026-04-26 21:58:42.403196,2026-04-26 21:58:42.403196,25.34550094604492
2026-04-26 21:58:42.604204,2026-04-26 21:58:42.604204,25.410863876342773
2026-04-26 21:58:42.803345,2026-04-26 21:58:42.803345,25.466421127319336
2026-04-26 21:58:43.005208,2026-04-26 21:58:43.005208,25.51364517211914
2026-04-26 21:58:43.206611,2026-04-26 21:58:43.206611,25.729568481445312
2026-04-26 21:58:43.404453,2026-04-26 21:58:43.404453,25.913101196289062
2026-04-26 21:58:43.602984,2026-04-26 21:58:43.602984,26.06910514831543
2026-04-26 21:58:43.804037,2026-04-26 21:58:43.804037,26.37748908996582
2026-04-26 21:58:44.005709,2026-04-26 21:58:44.005709,26.63961601257324
2026-04-26 21:58:44.202473,2026-04-26 21:58:44.202473,26.862422943115234
2026-04-26 21:58:44.405370,2026-04-26 21:58:44.405370,27.05180931091309
2026-04-26 21:58:44.602833,2026-04-26 21:58:44.602833,27.212787628173828
2026-04-26 21:58:44.802347,2026-04-26 21:58:44.802347,27.3496208190918
2026-04-26 21:58:45.006439,2026-04-26 21:58:45.006439,27.46592712402344
2026-04-26 21:58:45.202376,2026-04-26 21:58:45.202376,27.56478881835937
2026-04-26 21:58:45.402483,2026-04-26 21:58:45.402483,27.64881896972656
2026-04-26 21:58:45.602805,2026-04-26 21:58:45.602805,27.72024726867676
2026-04-26 21:58:45.803928,2026-04-26 21:58:45.803928,27.95674133300781
2026-04-26 21:58:46.003187,2026-04-26 21:58:46.003187,27.981979370117188
2026-04-26 21:58:46.203840,2026-04-26 21:58:46.203840,28.179214477539062
2026-04-26 21:58:46.404561,2026-04-26 21:58:46.404561,28.34686279296875
2026-04-26 21:58:46.603831,2026-04-26 21:58:46.603831,28.48936462402344
2026-04-26 21:58:46.802613,2026-04-26 21:58:46.802613,28.610490798950195
2026-04-26 21:58:47.003230,2026-04-26 21:58:47.003230,28.53766822814941
2026-04-26 21:58:47.202895,2026-04-26 21:58:47.202895,28.47576713562012
2026-04-26 21:58:47.402575,2026-04-26 21:58:47.402575,28.423152923583984
2026-04-26 21:58:47.603442,2026-04-26 21:58:47.603442,28.3784294128418
2026-04-26 21:58:47.802332,2026-04-26 21:58:47.802332,28.340415954589844
2026-04-26 21:58:48.002926,2026-04-26 21:58:48.002926,28.308103561401367
2026-04-26 21:58:48.203327,2026-04-26 21:58:48.203327,28.280637741088867
2026-04-26 21:58:48.403032,2026-04-26 21:58:48.403032,28.25729179382324
2026-04-26 21:58:48.602688,2026-04-26 21:58:48.602688,28.06166648864746
2026-04-26 21:58:48.807536,2026-04-26 21:58:48.807536,27.8953857421875
2026-04-26 21:58:49.003888,2026-04-26 21:58:49.003888,27.754047393798828
2026-04-26 21:58:49.204307,2026-04-26 21:58:49.204307,27.633907318115234
2026-04-26 21:58:49.402424,2026-04-26 21:58:49.402424,27.53179168701172
2026-04-26 21:58:49.613941,2026-04-26 21:58:49.613941,27.44499015808105
2026-04-26 21:58:49.802419,2026-04-26 21:58:49.802419,27.3712100982666
2026-04-26 21:58:50.002578,2026-04-26 21:58:50.002578,27.30849838256836
2026-04-26 21:58:50.202427,2026-04-26 21:58:50.202427,27.25519180297852
2026-04-26 21:58:50.403879,2026-04-26 21:58:50.403879,27.03410148620605
2026-04-26 21:58:50.604521,2026-04-26 21:58:50.604521,27.021953582763672
2026-04-26 21:58:50.802546,2026-04-26 21:58:50.802546,26.835847854614254
2026-04-26 21:58:51.002434,2026-04-26 21:58:51.002434,26.853439331054688
2026-04-26 21:58:51.202446,2026-04-26 21:58:51.202446,26.692611694335938
2026-04-26 21:58:51.402875,2026-04-26 21:58:51.402875,26.555908203125
2026-04-26 21:58:51.605475,2026-04-26 21:58:51.605475,24.3303337097168
2026-04-26 21:58:51.802698,2026-04-26 21:58:51.802698,22.262815475463867
2026-04-26 21:58:52.002369,2026-04-26 21:58:52.002369,20.50542449951172
2026-04-26 21:58:52.202877,2026-04-26 21:58:52.202877,19.011642456054688
2026-04-26 21:58:52.402771,2026-04-26 21:58:52.402771,17.741926193237305
2026-04-26 21:58:52.602657,2026-04-26 21:58:52.602657,16.662668228149414
2026-04-26 21:58:52.802866,2026-04-26 21:58:52.802866,15.745299339294434
2026-04-26 21:58:53.003142,2026-04-26 21:58:53.003142,14.965536117553713
2026-04-26 21:58:53.202426,2026-04-26 21:58:53.202426,14.30273723602295
2026-04-26 21:58:53.402426,2026-04-26 21:58:53.402426,13.563576698303224
2026-04-26 21:58:53.602428,2026-04-26 21:58:53.602428,12.935290336608888
2026-04-26 21:58:53.802679,2026-04-26 21:58:53.802679,12.577027320861816
2026-04-26 21:58:54.003668,2026-04-26 21:58:54.003668,12.272504806518556
2026-04-26 21:58:54.203739,2026-04-26 21:58:54.203739,12.013660430908203
2026-04-26 21:58:54.402905,2026-04-26 21:58:54.402905,11.7936429977417
2026-04-26 21:58:54.603295,2026-04-26 21:58:54.603295,11.606627464294434
2026-04-26 21:58:54.803264,2026-04-26 21:58:54.803264,11.447664260864258
2026-04-26 21:58:55.004290,2026-04-26 21:58:55.004290,11.312545776367188
2026-04-26 21:58:55.203638,2026-04-26 21:58:55.203638,11.3734769821167
2026-04-26 21:58:55.403799,2026-04-26 21:58:55.403799,11.425267219543455
2026-04-26 21:58:55.603211,2026-04-26 21:58:55.603211,11.469289779663086
2026-04-26 21:58:55.802662,2026-04-26 21:58:55.802662,11.682490348815918
2026-04-26 21:58:56.002402,2026-04-26 21:58:56.002402,11.687929153442385
2026-04-26 21:58:56.202534,2026-04-26 21:58:56.202534,11.69255256652832
2026-04-26 21:58:56.402750,2026-04-26 21:58:56.402750,11.696481704711914
2026-04-26 21:58:56.607867,2026-04-26 21:58:56.607867,11.699822425842283
2026-04-26 21:59:09.702994,2026-04-26 21:59:09.702994,11.702661514282228
2026-04-26 21:59:09.904648,2026-04-26 21:59:09.904648,11.705074310302734
2026-04-26 21:59:10.104186,2026-04-26 21:59:10.104186,11.882906913757324
2026-04-26 21:59:10.303754,2026-04-26 21:59:10.303754,11.858283996582031
2026-04-26 21:59:10.504817,2026-04-26 21:59:10.504817,12.013134956359863
2026-04-26 21:59:10.703072,2026-04-26 21:59:10.703072,12.144758224487305
2026-04-26 21:59:10.902403,2026-04-26 21:59:10.902403,14.190232276916504
2026-04-26 21:59:11.102751,2026-04-26 21:59:11.102751,15.928884506225586
2026-04-26 21:59:11.302933,2026-04-26 21:59:11.302933,17.406740188598633
2026-04-26 21:59:11.503232,2026-04-26 21:59:11.503232,18.66291618347168
2026-04-26 21:59:11.703079,2026-04-26 21:59:11.703079,17.797073364257812
2026-04-26 21:59:11.902814,2026-04-26 21:59:11.902814,17.061105728149414
2026-04-26 21:59:12.104702,2026-04-26 21:59:12.104702,16.43553352355957
2026-04-26 21:59:12.303530,2026-04-26 21:59:12.303530,15.903797149658203
2026-04-26 21:59:12.503108,2026-04-26 21:59:12.503108,15.276040077209473
2026-04-26 21:59:12.703149,2026-04-26 21:59:12.703149,14.918228149414062
2026-04-26 21:59:12.902427,2026-04-26 21:59:12.902427,14.614087104797363
2026-04-26 21:59:13.102889,2026-04-26 21:59:13.102889,14.355567932128906
2026-04-26 21:59:13.302963,2026-04-26 21:59:13.302963,14.135826110839844
2026-04-26 21:59:13.502538,2026-04-26 21:59:13.502538,13.94904613494873
2026-04-26 21:59:13.702884,2026-04-26 21:59:13.702884,13.614501953125
2026-04-26 21:59:13.902486,2026-04-26 21:59:13.902486,13.33013916015625
2026-04-26 21:59:14.102902,2026-04-26 21:59:14.102902,13.264211654663086
2026-04-26 21:59:14.302953,2026-04-26 21:59:14.302953,13.208173751831056
2026-04-26 21:59:14.503322,2026-04-26 21:59:14.503322,13.160541534423828
2026-04-26 21:59:14.702338,2026-04-26 21:59:14.702338,13.295835494995115
2026-04-26 21:59:14.902462,2026-04-26 21:59:14.902462,13.58661651611328
2026-04-26 21:59:15.104238,2026-04-26 21:59:15.104238,14.009561538696287
2026-04-26 21:59:15.303042,2026-04-26 21:59:15.303042,14.544845581054688
2026-04-26 21:59:15.503480,2026-04-26 21:59:15.503480,14.999837875366213
2026-04-26 21:59:15.702508,2026-04-26 21:59:15.702508,15.38658046722412
2026-04-26 21:59:15.903029,2026-04-26 21:59:15.903029,15.715312004089355
2026-04-26 21:59:16.102436,2026-04-26 21:59:16.102436,15.99473476409912
2026-04-26 21:59:16.302276,2026-04-26 21:59:16.302276,16.232242584228516
2026-04-26 21:59:16.503046,2026-04-26 21:59:16.503046,16.434125900268555
2026-04-26 21:59:16.704265,2026-04-26 21:59:16.704265,16.605724334716797
2026-04-26 21:59:16.902710,2026-04-26 21:59:16.902710,16.751585006713867
2026-04-26 21:59:17.102904,2026-04-26 21:59:17.102904,17.051347732543945
2026-04-26 21:59:17.303887,2026-04-26 21:59:17.303887,17.13036346435547
2026-04-26 21:59:17.503511,2026-04-26 21:59:17.503511,17.197528839111328
2026-04-26 21:59:17.703912,2026-04-26 21:59:17.703912,17.25461769104004
2026-04-26 21:59:17.903504,2026-04-26 21:59:17.903504,17.478925704956055
2026-04-26 21:59:18.112774,2026-04-26 21:59:18.112774,17.669586181640625
2026-04-26 21:59:18.303237,2026-04-26 21:59:18.303237,17.831647872924805
2026-04-26 21:59:18.503309,2026-04-26 21:59:18.503309,17.96940040588379
2026-04-26 21:59:18.704685,2026-04-26 21:59:18.704685,18.08649063110352
2026-04-26 21:59:18.903106,2026-04-26 21:59:18.903106,18.186017990112305
2026-04-26 21:59:19.103982,2026-04-26 21:59:19.103982,18.27061462402344
2026-04-26 21:59:19.303271,2026-04-26 21:59:19.303271,18.16674041748047
2026-04-26 21:59:19.503597,2026-04-26 21:59:19.503597,18.254230499267575
2026-04-26 21:59:19.703420,2026-04-26 21:59:19.703420,18.152814865112305
2026-04-26 21:59:19.905399,2026-04-26 21:59:19.905399,18.06661033630371
2026-04-26 21:59:20.103933,2026-04-26 21:59:20.103933,17.993337631225586
2026-04-26 21:59:20.305912,2026-04-26 21:59:20.305912,17.93105697631836
2026-04-26 21:59:20.505020,2026-04-26 21:59:20.505020,17.878116607666016
2026-04-26 21:59:20.704743,2026-04-26 21:59:20.704743,17.833118438720703
2026-04-26 21:59:20.912758,2026-04-26 21:59:20.912758,17.79486846923828
2026-04-26 21:59:21.103043,2026-04-26 21:59:21.103043,17.762357711791992
2026-04-26 21:59:21.304319,2026-04-26 21:59:21.304319,17.734722137451172
2026-04-26 21:59:21.502901,2026-04-26 21:59:21.502901,17.711233139038086
2026-04-26 21:59:21.704334,2026-04-26 21:59:21.704334,17.691267013549805
2026-04-26 21:59:21.904979,2026-04-26 21:59:21.904979,17.67429542541504
2026-04-26 21:59:22.112774,2026-04-26 21:59:22.112774,17.659870147705078
2026-04-26 21:59:22.304518,2026-04-26 21:59:22.304518,17.471826553344727
2026-04-26 21:59:22.514683,2026-04-26 21:59:22.514683,17.48777198791504
2026-04-26 21:59:22.703126,2026-04-26 21:59:22.703126,17.501323699951172
2026-04-26 21:59:22.902718,2026-04-26 21:59:22.902718,17.68862533569336
2026-04-26 21:59:23.102496,2026-04-26 21:59:23.102496,17.67205047607422
2026-04-26 21:59:23.303727,2026-04-26 21:59:23.303727,17.657962799072266
2026-04-26 21:59:23.503476,2026-04-26 21:59:23.503476,17.645986557006836
2026-04-26 21:59:23.702969,2026-04-26 21:59:23.702969,17.635807037353516
2026-04-26 21:59:23.912988,2026-04-26 21:59:23.912988,17.627155303955078
2026-04-26 21:59:24.102768,2026-04-26 21:59:24.102768,17.795581817626953
2026-04-26 21:59:24.313844,2026-04-26 21:59:24.313844,17.938743591308594
2026-04-26 21:59:24.512581,2026-04-26 21:59:24.512581,18.06043243408203
2026-04-26 21:59:24.703191,2026-04-26 21:59:24.703191,17.988086700439453
2026-04-26 21:59:24.902941,2026-04-26 21:59:24.902941,17.926591873168945
2026-04-26 21:59:25.113411,2026-04-26 21:59:25.113411,17.87432289123535
2026-04-26 21:59:25.303475,2026-04-26 21:59:25.303475,17.829893112182617
2026-04-26 21:59:25.502805,2026-04-26 21:59:25.502805,17.79212760925293
2026-04-26 21:59:25.703444,2026-04-26 21:59:25.703444,17.760026931762695
2026-04-26 21:59:25.903202,2026-04-26 21:59:25.903202,17.908523559570312
2026-04-26 21:59:26.102635,2026-04-26 21:59:26.102635,17.858963012695312
2026-04-26 21:59:26.312495,2026-04-26 21:59:26.312495,17.992618560791016
2026-04-26 21:59:26.503247,2026-04-26 21:59:26.503247,18.106225967407227
2026-04-26 21:59:26.702674,2026-04-26 21:59:26.702674,18.027009963989254
2026-04-26 21:59:26.903966,2026-04-26 21:59:26.903966,17.959678649902344
2026-04-26 21:59:27.102950,2026-04-26 21:59:27.102950,17.90244483947754
2026-04-26 21:59:27.302388,2026-04-26 21:59:27.302388,18.029579162597656
2026-04-26 21:59:27.514154,2026-04-26 21:59:27.514154,17.96186065673828
2026-04-26 21:59:27.713025,2026-04-26 21:59:27.713025,17.904300689697266
2026-04-26 21:59:27.913248,2026-04-26 21:59:27.913248,17.85537338256836
2026-04-26 21:59:28.112918,2026-04-26 21:59:28.112918,17.813785552978516
2026-04-26 21:59:28.313955,2026-04-26 21:59:28.313955,17.7784366607666
2026-04-26 21:59:28.503989,2026-04-26 21:59:28.503989,17.748390197753906
2026-04-26 21:59:28.702740,2026-04-26 21:59:28.702740,17.722850799560547
2026-04-26 21:59:28.903409,2026-04-26 21:59:28.903409,17.701141357421875
2026-04-26 21:59:29.113066,2026-04-26 21:59:29.113066,17.682689666748047
2026-04-26 21:59:29.302490,2026-04-26 21:59:29.302490,17.66700553894043
2026-04-26 21:59:29.512578,2026-04-26 21:59:29.512578,17.65367317199707
2026-04-26 21:59:29.713490,2026-04-26 21:59:29.713490,17.6423397064209
2026-04-26 21:59:29.914133,2026-04-26 21:59:29.914133,17.632707595825195
2026-04-26 21:59:30.112571,2026-04-26 21:59:30.112571,17.624521255493164
2026-04-26 21:59:30.313450,2026-04-26 21:59:30.313450,17.61756134033203
2026-04-26 21:59:30.512552,2026-04-26 21:59:30.512552,17.78742790222168
2026-04-26 21:59:30.714825,2026-04-26 21:59:30.714825,17.931812286376953
2026-04-26 21:59:30.913649,2026-04-26 21:59:30.913649,18.054540634155277
2026-04-26 21:59:31.114153,2026-04-26 21:59:31.114153,18.158859252929688
2026-04-26 21:59:31.303270,2026-04-26 21:59:31.303270,18.24753189086914
2026-04-26 21:59:31.513150,2026-04-26 21:59:31.513150,18.322900772094727
2026-04-26 21:59:31.713601,2026-04-26 21:59:31.713601,18.386966705322266
2026-04-26 21:59:31.902948,2026-04-26 21:59:31.902948,18.441421508789062
2026-04-26 21:59:32.114301,2026-04-26 21:59:32.114301,18.487707138061523
2026-04-26 21:59:32.303670,2026-04-26 21:59:32.303670,18.52705192565918
2026-04-26 21:59:32.514219,2026-04-26 21:59:32.514219,18.56049346923828
2026-04-26 21:59:32.716406,2026-04-26 21:59:32.716406,18.58892059326172
2026-04-26 21:59:32.915761,2026-04-26 21:59:32.915761,18.437301635742188
2026-04-26 21:59:33.114572,2026-04-26 21:59:33.114572,18.30842399597168
2026-04-26 21:59:33.313430,2026-04-26 21:59:33.313430,18.19887924194336
2026-04-26 21:59:33.515080,2026-04-26 21:59:33.515080,18.10576629638672
2026-04-26 21:59:33.713707,2026-04-26 21:59:33.713707,18.026620864868164
2026-04-26 21:59:33.914755,2026-04-26 21:59:33.914755,18.135128021240234
2026-04-26 21:59:34.115122,2026-04-26 21:59:34.115122,18.227357864379883
2026-04-26 21:59:34.304032,2026-04-26 21:59:34.304032,18.129972457885746
2026-04-26 21:59:34.514005,2026-04-26 21:59:34.514005,18.047195434570312
2026-04-26 21:59:34.714216,2026-04-26 21:59:34.714216,17.976835250854492
2026-04-26 21:59:34.913325,2026-04-26 21:59:34.913325,17.917028427124023
2026-04-26 21:59:48.014056,2026-04-26 21:59:48.014056,17.866193771362305
2026-04-26 21:59:48.212548,2026-04-26 21:59:48.212548,17.822982788085938
2026-04-26 21:59:48.413519,2026-04-26 21:59:48.413519,17.7862548828125
2026-04-26 21:59:48.614300,2026-04-26 21:59:48.614300,17.579254150390625
2026-04-26 21:59:48.813562,2026-04-26 21:59:48.813562,17.227521896362305
2026-04-26 21:59:49.012869,2026-04-26 21:59:49.012869,16.928550720214844
2026-04-26 21:59:49.212759,2026-04-26 21:59:49.212759,16.674423217773438
2026-04-26 21:59:49.413321,2026-04-26 21:59:49.413321,16.634197235107422
2026-04-26 21:59:49.613743,2026-04-26 21:59:49.613743,16.775787353515625
2026-04-26 21:59:49.812750,2026-04-26 21:59:49.812750,16.896137237548828
2026-04-26 21:59:50.015608,2026-04-26 21:59:50.015608,16.822654724121094
2026-04-26 21:59:50.213015,2026-04-26 21:59:50.213015,16.76019287109375
2026-04-26 21:59:50.413290,2026-04-26 21:59:50.413290,16.707101821899414
2026-04-26 21:59:50.612567,2026-04-26 21:59:50.612567,16.66197395324707
2026-04-26 21:59:50.812517,2026-04-26 21:59:50.812517,16.623615264892578
2026-04-26 21:59:51.013896,2026-04-26 21:59:51.013896,16.59101104736328
2026-04-26 21:59:51.215301,2026-04-26 21:59:51.215301,16.563297271728516
2026-04-26 21:59:51.413373,2026-04-26 21:59:51.413373,16.36395835876465
2026-04-26 21:59:51.613492,2026-04-26 21:59:51.613492,16.370302200317383
2026-04-26 21:59:51.814410,2026-04-26 21:59:51.814410,16.024131774902344
2026-04-26 21:59:52.014755,2026-04-26 21:59:52.014755,15.554105758666992
2026-04-26 21:59:52.214819,2026-04-26 21:59:52.214819,14.978802680969238
2026-04-26 21:59:52.414562,2026-04-26 21:59:52.414562,14.489794731140137
2026-04-26 21:59:52.614988,2026-04-26 21:59:52.614988,14.074137687683104
2026-04-26 21:59:52.813617,2026-04-26 21:59:52.813617,13.720829963684082
2026-04-26 21:59:53.014195,2026-04-26 21:59:53.014195,13.420517921447754
2026-04-26 21:59:53.213087,2026-04-26 21:59:53.213087,13.165252685546877
2026-04-26 21:59:53.415295,2026-04-26 21:59:53.415295,14.354527473449709
2026-04-26 21:59:53.613583,2026-04-26 21:59:53.613583,13.959160804748535
2026-04-26 21:59:53.814300,2026-04-26 21:59:53.814300,13.447318077087402
2026-04-26 21:59:54.014628,2026-04-26 21:59:54.014628,13.012250900268556
2026-04-26 21:59:54.213017,2026-04-26 21:59:54.213017,12.642444610595703
2026-04-26 21:59:54.414914,2026-04-26 21:59:54.414914,12.328109741210938
2026-04-26 21:59:54.613092,2026-04-26 21:59:54.613092,12.060924530029297
2026-04-26 21:59:54.814361,2026-04-26 21:59:54.814361,11.833816528320312
2026-04-26 21:59:55.014783,2026-04-26 21:59:55.014783,11.640775680541992
2026-04-26 21:59:55.213313,2026-04-26 21:59:55.213313,11.300909042358398
2026-04-26 21:59:55.415779,2026-04-26 21:59:55.415779,11.012022972106934
2026-04-26 21:59:55.615980,2026-04-26 21:59:55.615980,10.76646900177002
2026-04-26 21:59:55.814405,2026-04-26 21:59:55.814405,10.557748794555664
2026-04-26 21:59:56.013725,2026-04-26 21:59:56.013725,10.38033676147461
2026-04-26 21:59:56.212364,2026-04-26 21:59:56.212364,10.229536056518556
2026-04-26 21:59:56.415581,2026-04-26 21:59:56.415581,10.10135555267334
2026-04-26 21:59:56.614082,2026-04-26 21:59:56.614082,9.992402076721191
2026-04-26 21:59:56.813576,2026-04-26 21:59:56.813576,9.899791717529297
2026-04-26 21:59:57.013442,2026-04-26 21:59:57.013442,9.821073532104492
2026-04-26 21:59:57.216219,2026-04-26 21:59:57.216219,9.754161834716797
2026-04-26 21:59:57.414494,2026-04-26 21:59:57.414494,9.697287559509276
2026-04-26 21:59:57.604277,2026-04-26 21:59:57.604277,9.648944854736328
2026-04-26 21:59:57.813174,2026-04-26 21:59:57.813174,9.607852935791016
2026-04-26 21:59:58.012488,2026-04-26 21:59:58.012488,9.572924613952637
2026-04-26 21:59:58.212593,2026-04-26 21:59:58.212593,9.54323673248291
2026-04-26 21:59:58.415366,2026-04-26 21:59:58.415366,9.518000602722168
2026-04-26 21:59:58.613309,2026-04-26 21:59:58.613309,9.49655055999756
2026-04-26 21:59:58.813229,2026-04-26 21:59:58.813229,9.302536964416504
2026-04-26 21:59:59.004381,2026-04-26 21:59:59.004381,9.137624740600586
2026-04-26 21:59:59.212714,2026-04-26 21:59:59.212714,8.99744987487793
2026-04-26 21:59:59.413166,2026-04-26 21:59:59.413166,8.878301620483398
2026-04-26 21:59:59.612942,2026-04-26 21:59:59.612942,8.77702522277832
2026-04-26 21:59:59.812470,2026-04-26 21:59:59.812470,8.690939903259277
2026-04-26 22:00:00.013841,2026-04-26 22:00:00.013841,8.617767333984375
2026-04-26 22:00:00.212498,2026-04-26 22:00:00.212498,8.731352806091309
2026-04-26 22:00:00.413732,2026-04-26 22:00:00.413732,8.827899932861328
2026-04-26 22:00:00.613281,2026-04-26 22:00:00.613281,8.909964561462402
2026-04-26 22:00:00.813225,2026-04-26 22:00:00.813225,9.15550136566162
2026-04-26 22:00:01.012972,2026-04-26 22:00:01.012972,9.18842601776123
2026-04-26 22:00:01.213530,2026-04-26 22:00:01.213530,9.392193794250488
2026-04-26 22:00:01.406675,2026-04-26 22:00:01.406675,9.56539535522461
2026-04-26 22:00:01.613240,2026-04-26 22:00:01.613240,9.888399124145508
2026-04-26 22:00:01.812533,2026-04-26 22:00:01.812533,9.987170219421388
2026-04-26 22:00:02.015094,2026-04-26 22:00:02.015094,10.246907234191896
2026-04-26 22:00:02.213087,2026-04-26 22:00:02.213087,10.291902542114258
2026-04-26 22:00:02.412476,2026-04-26 22:00:02.412476,10.505929946899414
2026-04-26 22:00:02.614975,2026-04-26 22:00:02.614975,10.68785285949707
2026-04-26 22:00:02.812765,2026-04-26 22:00:02.812765,11.018268585205078
2026-04-26 22:00:03.013709,2026-04-26 22:00:03.013709,11.299121856689451
2026-04-26 22:00:03.212519,2026-04-26 22:00:03.212519,11.537847518920898
2026-04-26 22:00:03.412544,2026-04-26 22:00:03.412544,11.564982414245604
2026-04-26 22:00:03.612606,2026-04-26 22:00:03.612606,11.763829231262209
2026-04-26 22:00:03.813080,2026-04-26 22:00:03.813080,11.932848930358888
2026-04-26 22:00:04.013048,2026-04-26 22:00:04.013048,12.076515197753906
2026-04-26 22:00:04.213267,2026-04-26 22:00:04.213267,12.198631286621094
2026-04-26 22:00:04.413242,2026-04-26 22:00:04.413242,12.302430152893066
2026-04-26 22:00:04.612730,2026-04-26 22:00:04.612730,12.56644058227539
2026-04-26 22:00:04.812619,2026-04-26 22:00:04.812619,12.615068435668944
2026-04-26 22:00:05.019544,2026-04-26 22:00:05.019544,12.656401634216309
2026-04-26 22:00:05.212861,2026-04-26 22:00:05.212861,12.691534996032717
2026-04-26 22:00:05.412812,2026-04-26 22:00:05.412812,12.721399307250977
2026-04-26 22:00:05.613380,2026-04-26 22:00:05.613380,12.746783256530762
2026-04-26 22:00:05.813144,2026-04-26 22:00:05.813144,12.768359184265137
2026-04-26 22:00:06.012869,2026-04-26 22:00:06.012869,12.786699295043944
2026-04-26 22:00:06.214195,2026-04-26 22:00:06.214195,12.802288055419922
2026-04-26 22:00:06.413703,2026-04-26 22:00:06.413703,12.81553840637207
2026-04-26 22:00:06.612937,2026-04-26 22:00:06.612937,12.651020050048828
2026-04-26 22:00:06.812455,2026-04-26 22:00:06.812455,12.51117992401123
2026-04-26 22:00:07.013076,2026-04-26 22:00:07.013076,12.568096160888672
2026-04-26 22:00:07.212574,2026-04-26 22:00:07.212574,12.61647605895996
2026-04-26 22:00:07.414435,2026-04-26 22:00:07.414435,12.657598495483398
2026-04-26 22:00:07.613154,2026-04-26 22:00:07.613154,15.15349006652832
2026-04-26 22:00:07.812666,2026-04-26 22:00:07.812666,17.27499771118164
2026-04-26 22:00:08.012936,2026-04-26 22:00:08.012936,19.078279495239254
2026-04-26 22:00:08.213527,2026-04-26 22:00:08.213527,17.798568725585938
2026-04-26 22:00:08.412479,2026-04-26 22:00:08.412479,19.523313522338867
2026-04-26 22:00:08.613173,2026-04-26 22:00:08.613173,20.98934936523437
2026-04-26 22:00:08.812940,2026-04-26 22:00:08.812940,22.23547744750977
2026-04-26 22:00:09.014971,2026-04-26 22:00:09.014971,23.294687271118164
2026-04-26 22:00:09.214337,2026-04-26 22:00:09.214337,24.19501495361328
2026-04-26 22:00:09.414539,2026-04-26 22:00:09.414539,24.960294723510746
2026-04-26 22:00:09.613467,2026-04-26 22:00:09.613467,25.610780715942383
2026-04-26 22:00:09.813414,2026-04-26 22:00:09.813414,26.1636962890625
2026-04-26 22:00:10.013948,2026-04-26 22:00:10.013948,26.6336727142334
2026-04-26 22:00:10.213144,2026-04-26 22:00:10.213144,26.681591033935547
2026-04-26 22:00:10.413029,2026-04-26 22:00:10.413029,26.370758056640625
2026-04-26 22:00:10.613289,2026-04-26 22:00:10.613289,26.106550216674805
2026-04-26 22:00:10.813241,2026-04-26 22:00:10.813241,25.88197326660156
2026-04-26 22:00:11.017213,2026-04-26 22:00:11.017213,25.69108390808105
2026-04-26 22:00:11.212940,2026-04-26 22:00:11.212940,25.528827667236328
2026-04-26 22:00:11.412431,2026-04-26 22:00:11.412431,25.39090919494629
2026-04-26 22:00:11.613167,2026-04-26 22:00:11.613167,25.273679733276367
2026-04-26 22:00:11.813156,2026-04-26 22:00:11.813156,25.349815368652344
2026-04-26 22:00:12.013754,2026-04-26 22:00:12.013754,25.41452980041504
2026-04-26 22:00:12.213675,2026-04-26 22:00:12.213675,25.46953773498535
2026-04-26 22:00:12.414429,2026-04-26 22:00:12.414429,25.51629447937012
2026-04-26 22:00:12.613823,2026-04-26 22:00:12.613823,25.55603790283203
2026-04-26 22:00:12.813889,2026-04-26 22:00:12.813889,25.589820861816406
2026-04-26 22:00:13.017024,2026-04-26 22:00:13.017024,25.61853408813477
2026-04-26 22:00:13.214677,2026-04-26 22:00:13.214677,25.642942428588867
2026-04-26 22:00:26.312719,2026-04-26 22:00:26.312719,25.66368865966797
2026-04-26 22:00:26.512413,2026-04-26 22:00:26.512413,25.68132209777832
2026-04-26 22:00:26.714842,2026-04-26 22:00:26.714842,25.696311950683597
2026-04-26 22:00:26.912358,2026-04-26 22:00:26.912358,25.70905303955078
2026-04-26 22:00:27.112839,2026-04-26 22:00:27.112839,25.719881057739254
2026-04-26 22:00:27.312959,2026-04-26 22:00:27.312959,25.729087829589844
2026-04-26 22:00:27.513886,2026-04-26 22:00:27.513886,25.73691177368164
2026-04-26 22:00:27.712409,2026-04-26 22:00:27.712409,25.743562698364254
2026-04-26 22:00:27.912446,2026-04-26 22:00:27.912446,25.749216079711918
2026-04-26 22:00:28.113009,2026-04-26 22:00:28.113009,25.75402069091797
2026-04-26 22:00:28.316904,2026-04-26 22:00:28.316904,25.75810432434082
2026-04-26 22:00:28.513069,2026-04-26 22:00:28.513069,25.76157760620117
2026-04-26 22:00:28.712897,2026-04-26 22:00:28.712897,25.764528274536133
2026-04-26 22:00:28.913645,2026-04-26 22:00:28.913645,25.76703643798828
2026-04-26 22:00:29.106306,2026-04-26 22:00:29.106306,25.76916885375977
2026-04-26 22:00:29.313054,2026-04-26 22:00:29.313054,25.770980834960938
2026-04-26 22:00:29.512595,2026-04-26 22:00:29.512595,25.772520065307617
2026-04-26 22:00:29.713311,2026-04-26 22:00:29.713311,25.77383041381836
2026-04-26 22:00:29.913904,2026-04-26 22:00:29.913904,25.77494239807129
2026-04-26 22:00:30.114687,2026-04-26 22:00:30.114687,25.775888442993164
2026-04-26 22:00:30.313291,2026-04-26 22:00:30.313291,25.77669334411621
2026-04-26 22:00:30.512722,2026-04-26 22:00:30.512722,25.77737617492676
2026-04-26 22:00:30.712650,2026-04-26 22:00:30.712650,25.77795791625977
2026-04-26 22:00:30.913967,2026-04-26 22:00:30.913967,25.778451919555664
2026-04-26 22:00:31.114376,2026-04-26 22:00:31.114376,25.778871536254883
2026-04-26 22:00:31.313162,2026-04-26 22:00:31.313162,25.77922821044922
2026-04-26 22:00:31.514742,2026-04-26 22:00:31.514742,25.77953147888184
2026-04-26 22:00:31.714638,2026-04-26 22:00:31.714638,25.779788970947266
2026-04-26 22:00:31.912450,2026-04-26 22:00:31.912450,25.60422706604004
2026-04-26 22:00:32.114128,2026-04-26 22:00:32.114128,25.45499992370605
2026-04-26 22:00:32.313995,2026-04-26 22:00:32.313995,25.328155517578125
2026-04-26 22:00:32.513083,2026-04-26 22:00:32.513083,25.220338821411133
2026-04-26 22:00:32.715731,2026-04-26 22:00:32.715731,25.12869453430176
2026-04-26 22:00:32.913602,2026-04-26 22:00:32.913602,25.050796508789062
2026-04-26 22:00:33.115345,2026-04-26 22:00:33.115345,24.984582901000977
2026-04-26 22:00:33.314568,2026-04-26 22:00:33.314568,24.928300857543945
2026-04-26 22:00:33.514962,2026-04-26 22:00:33.514962,24.70468139648437
2026-04-26 22:00:33.713574,2026-04-26 22:00:33.713574,24.514604568481445
2026-04-26 22:00:33.913027,2026-04-26 22:00:33.913027,24.5288200378418
2026-04-26 22:00:34.113536,2026-04-26 22:00:34.113536,24.540903091430664
2026-04-26 22:00:34.313555,2026-04-26 22:00:34.313555,24.55117416381836
2026-04-26 22:00:34.513492,2026-04-26 22:00:34.513492,24.559904098510746
2026-04-26 22:00:34.712783,2026-04-26 22:00:34.712783,24.567325592041016
2026-04-26 22:00:34.915454,2026-04-26 22:00:34.915454,24.573633193969727
2026-04-26 22:00:35.113381,2026-04-26 22:00:35.113381,24.40321159362793
2026-04-26 22:00:35.313202,2026-04-26 22:00:35.313202,24.25835609436035
2026-04-26 22:00:35.512755,2026-04-26 22:00:35.512755,23.95944595336914
2026-04-26 22:00:35.712495,2026-04-26 22:00:35.712495,23.70537376403809
2026-04-26 22:00:35.914097,2026-04-26 22:00:35.914097,23.489410400390625
2026-04-26 22:00:36.115212,2026-04-26 22:00:36.115212,23.305843353271484
2026-04-26 22:00:36.313613,2026-04-26 22:00:36.313613,23.149810791015625
2026-04-26 22:00:36.513184,2026-04-26 22:00:36.513184,23.017183303833008
2026-04-26 22:00:36.712765,2026-04-26 22:00:36.712765,22.728668212890625
2026-04-26 22:00:36.913423,2026-04-26 22:00:36.913423,22.483428955078125
2026-04-26 22:00:37.113533,2026-04-26 22:00:37.113533,22.274978637695312
2026-04-26 22:00:37.313804,2026-04-26 22:00:37.313804,22.27357482910156
2026-04-26 22:00:37.512588,2026-04-26 22:00:37.512588,22.09660148620605
2026-04-26 22:00:37.713042,2026-04-26 22:00:37.713042,21.9461727142334
2026-04-26 22:00:37.912385,2026-04-26 22:00:37.912385,21.818309783935547
2026-04-26 22:00:38.113034,2026-04-26 22:00:38.113034,21.885406494140625
2026-04-26 22:00:38.312491,2026-04-26 22:00:38.312491,21.942440032958984
2026-04-26 22:00:38.512428,2026-04-26 22:00:38.512428,21.990917205810547
2026-04-26 22:00:38.716085,2026-04-26 22:00:38.716085,22.032123565673828
2026-04-26 22:00:38.912716,2026-04-26 22:00:38.912716,21.891366958618164
2026-04-26 22:00:39.113714,2026-04-26 22:00:39.113714,21.77172470092773
2026-04-26 22:00:39.312341,2026-04-26 22:00:39.312341,21.67002868652344
2026-04-26 22:00:39.513295,2026-04-26 22:00:39.513295,21.58358764648437
2026-04-26 22:00:39.712352,2026-04-26 22:00:39.712352,21.51011085510254
2026-04-26 22:00:39.912295,2026-04-26 22:00:39.912295,21.447656631469727
2026-04-26 22:00:40.112705,2026-04-26 22:00:40.112705,21.39457130432129
2026-04-26 22:00:40.313035,2026-04-26 22:00:40.313035,21.34944725036621
2026-04-26 22:00:40.514213,2026-04-26 22:00:40.514213,21.311092376708984
2026-04-26 22:00:40.713190,2026-04-26 22:00:40.713190,21.278491973876957
2026-04-26 22:00:40.912437,2026-04-26 22:00:40.912437,21.25078010559082
2026-04-26 22:00:41.112545,2026-04-26 22:00:41.112545,21.22722625732422
2026-04-26 22:00:41.312699,2026-04-26 22:00:41.312699,21.207204818725582
2026-04-26 22:00:41.512968,2026-04-26 22:00:41.512968,21.190185546875
2026-04-26 22:00:41.713071,2026-04-26 22:00:41.713071,21.17572021484375
2026-04-26 22:00:41.912597,2026-04-26 22:00:41.912597,21.16342544555664
2026-04-26 22:00:42.112342,2026-04-26 22:00:42.112342,21.152973175048828
2026-04-26 22:00:42.312871,2026-04-26 22:00:42.312871,21.14409065246582
2026-04-26 22:00:42.512952,2026-04-26 22:00:42.512952,21.13653945922852
2026-04-26 22:00:42.712991,2026-04-26 22:00:42.712991,21.1301212310791
2026-04-26 22:00:42.912909,2026-04-26 22:00:42.912909,21.124666213989254
2026-04-26 22:00:43.113591,2026-04-26 22:00:43.113591,21.120027542114254
2026-04-26 22:00:43.313122,2026-04-26 22:00:43.313122,21.116086959838867
2026-04-26 22:00:43.512965,2026-04-26 22:00:43.512965,21.112735748291016
2026-04-26 22:00:43.712790,2026-04-26 22:00:43.712790,21.109888076782227
2026-04-26 22:00:43.913462,2026-04-26 22:00:43.913462,21.283248901367188
2026-04-26 22:00:44.113777,2026-04-26 22:00:44.113777,21.254823684692383
2026-04-26 22:00:44.312399,2026-04-26 22:00:44.312399,21.406444549560547
2026-04-26 22:00:44.513089,2026-04-26 22:00:44.513089,21.535320281982425
2026-04-26 22:00:44.713031,2026-04-26 22:00:44.713031,21.82064819335937
2026-04-26 22:00:44.913323,2026-04-26 22:00:44.913323,22.063175201416016
2026-04-26 22:00:45.112755,2026-04-26 22:00:45.112755,22.269325256347656
2026-04-26 22:00:45.313047,2026-04-26 22:00:45.313047,22.444551467895508
2026-04-26 22:00:45.512476,2026-04-26 22:00:45.512476,22.59349250793457
2026-04-26 22:00:45.712283,2026-04-26 22:00:45.712283,22.895875930786133
2026-04-26 22:00:45.913111,2026-04-26 22:00:45.913111,23.15290069580078
2026-04-26 22:00:46.114456,2026-04-26 22:00:46.114456,23.37137222290039
2026-04-26 22:00:46.312433,2026-04-26 22:00:46.312433,23.557071685791016
2026-04-26 22:00:46.514014,2026-04-26 22:00:46.514014,23.71491813659668
2026-04-26 22:00:46.715415,2026-04-26 22:00:46.715415,23.84908676147461
2026-04-26 22:00:46.913113,2026-04-26 22:00:46.913113,23.9631290435791
2026-04-26 22:00:47.112709,2026-04-26 22:00:47.112709,24.23584747314453
2026-04-26 22:00:47.312526,2026-04-26 22:00:47.312526,24.4676570892334
2026-04-26 22:00:47.512313,2026-04-26 22:00:47.512313,24.664697647094727
2026-04-26 22:00:47.712416,2026-04-26 22:00:47.712416,24.83218002319336
2026-04-26 22:00:47.912986,2026-04-26 22:00:47.912986,24.97454071044922
2026-04-26 22:00:48.112479,2026-04-26 22:00:48.112479,25.09554672241211
2026-04-26 22:00:48.312684,2026-04-26 22:00:48.312684,25.19840240478516
2026-04-26 22:00:48.512911,2026-04-26 22:00:48.512911,25.285829544067383
2026-04-26 22:00:48.714402,2026-04-26 22:00:48.714402,25.36014175415039
2026-04-26 22:00:48.913452,2026-04-26 22:00:48.913452,25.423309326171875
2026-04-26 22:00:49.112477,2026-04-26 22:00:49.112477,25.476999282836918
2026-04-26 22:00:49.313066,2026-04-26 22:00:49.313066,25.69841766357422
2026-04-26 22:00:49.514326,2026-04-26 22:00:49.514326,25.710844039916992
2026-04-26 22:00:49.713157,2026-04-26 22:00:49.713157,25.721405029296875
2026-04-26 22:00:49.912438,2026-04-26 22:00:49.912438,25.90616226196289
2026-04-26 22:00:50.112404,2026-04-26 22:00:50.112404,26.063207626342773
2026-04-26 22:00:50.313533,2026-04-26 22:00:50.313533,26.19669532775879
2026-04-26 22:00:50.512979,2026-04-26 22:00:50.512979,26.31015968322754
2026-04-26 22:00:50.712935,2026-04-26 22:00:50.712935,26.406604766845703
2026-04-26 22:00:50.912750,2026-04-26 22:00:50.912750,26.488582611083984
2026-04-26 22:00:51.113510,2026-04-26 22:00:51.113510,26.558263778686523
2026-04-26 22:00:51.313148,2026-04-26 22:00:51.313148,26.61749267578125
2026-04-26 22:00:51.512488,2026-04-26 22:00:51.512488,26.667837142944336
2026-04-26 22:01:04.614524,2026-04-26 22:01:04.614524,26.71063041687012
2026-04-26 22:01:04.812498,2026-04-26 22:01:04.812498,26.747005462646484
2026-04-26 22:01:05.013879,2026-04-26 22:01:05.013879,26.95370483398437
2026-04-26 22:01:05.213907,2026-04-26 22:01:05.213907,27.129398345947266
2026-04-26 22:01:05.412950,2026-04-26 22:01:05.412950,27.278738021850582
2026-04-26 22:01:05.613478,2026-04-26 22:01:05.613478,27.22989654541016
2026-04-26 22:01:05.813989,2026-04-26 22:01:05.813989,27.36416244506836
2026-04-26 22:01:06.012323,2026-04-26 22:01:06.012323,27.47828865051269
2026-04-26 22:01:06.212506,2026-04-26 22:01:06.212506,27.575294494628903
2026-04-26 22:01:06.413493,2026-04-26 22:01:06.413493,27.657751083374023
2026-04-26 22:01:06.612363,2026-04-26 22:01:06.612363,27.72783851623535
2026-04-26 22:01:06.812503,2026-04-26 22:01:06.812503,27.787412643432617
2026-04-26 22:01:07.012758,2026-04-26 22:01:07.012758,27.83805084228516
2026-04-26 22:01:07.212973,2026-04-26 22:01:07.212973,27.881092071533203
2026-04-26 22:01:07.413163,2026-04-26 22:01:07.413163,27.91767883300781
2026-04-26 22:01:07.612512,2026-04-26 22:01:07.612512,27.948776245117188
2026-04-26 22:01:07.812452,2026-04-26 22:01:07.812452,27.975210189819336
2026-04-26 22:01:08.012401,2026-04-26 22:01:08.012401,27.997678756713867
2026-04-26 22:01:08.212582,2026-04-26 22:01:08.212582,28.01677703857422
2026-04-26 22:01:08.413370,2026-04-26 22:01:08.413370,28.03301048278809
2026-04-26 22:01:08.612727,2026-04-26 22:01:08.612727,28.22258949279785
2026-04-26 22:01:08.813029,2026-04-26 22:01:08.813029,28.38373374938965
2026-04-26 22:01:09.013692,2026-04-26 22:01:09.013692,28.52070426940918
2026-04-26 22:01:09.212635,2026-04-26 22:01:09.212635,28.637130737304688
2026-04-26 22:01:09.412555,2026-04-26 22:01:09.412555,28.73609161376953
2026-04-26 22:01:09.612596,2026-04-26 22:01:09.612596,28.820209503173828
2026-04-26 22:01:09.813156,2026-04-26 22:01:09.813156,28.89170837402344
2026-04-26 22:01:10.013424,2026-04-26 22:01:10.013424,28.95248413085937
2026-04-26 22:01:10.212969,2026-04-26 22:01:10.212969,29.00414276123047
2026-04-26 22:01:10.413448,2026-04-26 22:01:10.413448,29.048051834106445
2026-04-26 22:01:10.614014,2026-04-26 22:01:10.614014,29.085376739501957
2026-04-26 22:01:10.812939,2026-04-26 22:01:10.812939,29.11709976196289
2026-04-26 22:01:11.013870,2026-04-26 22:01:11.013870,29.144067764282227
2026-04-26 22:01:11.212566,2026-04-26 22:01:11.212566,29.16698837280273
2026-04-26 22:01:11.413671,2026-04-26 22:01:11.413671,29.186471939086918
2026-04-26 22:01:11.613687,2026-04-26 22:01:11.613687,29.203031539916992
2026-04-26 22:01:11.813365,2026-04-26 22:01:11.813365,26.22882652282715
2026-04-26 22:01:12.013397,2026-04-26 22:01:12.013397,23.70075225830078
2026-04-26 22:01:12.212970,2026-04-26 22:01:12.212970,24.540170669555664
2026-04-26 22:01:12.413422,2026-04-26 22:01:12.413422,25.253677368164062
2026-04-26 22:01:12.613283,2026-04-26 22:01:12.613283,25.860157012939453
2026-04-26 22:01:12.815273,2026-04-26 22:01:12.815273,23.38738250732422
2026-04-26 22:01:13.017435,2026-04-26 22:01:13.017435,24.27380752563477
2026-04-26 22:01:13.213456,2026-04-26 22:01:13.213456,25.027267456054688
2026-04-26 22:01:13.413151,2026-04-26 22:01:13.413151,22.679426193237305
2026-04-26 22:01:13.615306,2026-04-26 22:01:13.615306,23.67204475402832
2026-04-26 22:01:13.814076,2026-04-26 22:01:13.814076,21.52748680114746
2026-04-26 22:01:14.014432,2026-04-26 22:01:14.014432,19.704614639282227
2026-04-26 22:01:14.215497,2026-04-26 22:01:14.215497,18.15517234802246
2026-04-26 22:01:14.416900,2026-04-26 22:01:14.416900,16.838146209716797
2026-04-26 22:01:14.614372,2026-04-26 22:01:14.614372,15.718674659729004
2026-04-26 22:01:14.813649,2026-04-26 22:01:14.813649,14.767123222351074
2026-04-26 22:01:15.016041,2026-04-26 22:01:15.016041,13.958304405212402
2026-04-26 22:01:15.212704,2026-04-26 22:01:15.212704,13.270809173583984
2026-04-26 22:01:15.415060,2026-04-26 22:01:15.415060,12.686437606811523
2026-04-26 22:01:15.613195,2026-04-26 22:01:15.613195,12.189722061157228
2026-04-26 22:01:15.813378,2026-04-26 22:01:15.813378,11.767513275146484
2026-04-26 22:01:16.013091,2026-04-26 22:01:16.013091,11.232855796813965
2026-04-26 22:01:16.214095,2026-04-26 22:01:16.214095,10.778395652770996
2026-04-26 22:01:16.414822,2026-04-26 22:01:16.414822,10.567886352539062
2026-04-26 22:01:16.613455,2026-04-26 22:01:16.613455,10.21317195892334
2026-04-26 22:01:16.814125,2026-04-26 22:01:16.814125,10.087446212768556
2026-04-26 22:01:17.015794,2026-04-26 22:01:17.015794,9.804798126220703
2026-04-26 22:01:17.212613,2026-04-26 22:01:17.212613,9.564547538757324
2026-04-26 22:01:17.412476,2026-04-26 22:01:17.412476,9.536114692687988
2026-04-26 22:01:17.612785,2026-04-26 22:01:17.612785,9.511947631835938
2026-04-26 22:01:17.813053,2026-04-26 22:01:17.813053,9.491405487060549
2026-04-26 22:01:18.013130,2026-04-26 22:01:18.013130,9.473944664001465
2026-04-26 22:01:18.212554,2026-04-26 22:01:18.212554,9.63488483428955
2026-04-26 22:01:18.412427,2026-04-26 22:01:18.412427,9.771682739257812
2026-04-26 22:01:18.613852,2026-04-26 22:01:18.613852,9.887961387634276
2026-04-26 22:01:18.813583,2026-04-26 22:01:18.813583,9.986798286437988
2026-04-26 22:01:19.014048,2026-04-26 22:01:19.014048,9.895029067993164
2026-04-26 22:01:19.212434,2026-04-26 22:01:19.212434,9.817024230957031
2026-04-26 22:01:19.413025,2026-04-26 22:01:19.413025,9.750720977783203
2026-04-26 22:01:19.615025,2026-04-26 22:01:19.615025,9.69436264038086
2026-04-26 22:01:19.812856,2026-04-26 22:01:19.812856,9.646458625793455
2026-04-26 22:01:20.013881,2026-04-26 22:01:20.013881,9.60573959350586
2026-04-26 22:01:20.212475,2026-04-26 22:01:20.212475,9.571128845214844
2026-04-26 22:01:20.413908,2026-04-26 22:01:20.413908,9.717490196228027
2026-04-26 22:01:20.615337,2026-04-26 22:01:20.615337,9.84189796447754
2026-04-26 22:01:20.813168,2026-04-26 22:01:20.813168,9.94764518737793
2026-04-26 22:01:21.012715,2026-04-26 22:01:21.012715,10.03752899169922
2026-04-26 22:01:21.212354,2026-04-26 22:01:21.212354,10.113930702209473
2026-04-26 22:01:21.412700,2026-04-26 22:01:21.412700,10.178873062133787
2026-04-26 22:01:21.613281,2026-04-26 22:01:21.613281,10.2340726852417
2026-04-26 22:01:21.815204,2026-04-26 22:01:21.815204,10.280993461608888
2026-04-26 22:01:22.012503,2026-04-26 22:01:22.012503,10.32087516784668
2026-04-26 22:01:22.212480,2026-04-26 22:01:22.212480,10.354775428771973
2026-04-26 22:01:22.413135,2026-04-26 22:01:22.413135,10.383590698242188
2026-04-26 22:01:22.614930,2026-04-26 22:01:22.614930,10.408082962036133
2026-04-26 22:01:22.813671,2026-04-26 22:01:22.813671,10.42890167236328
2026-04-26 22:01:23.013897,2026-04-26 22:01:23.013897,10.446598052978516
2026-04-26 22:01:23.212861,2026-04-26 22:01:23.212861,10.285858154296877
2026-04-26 22:01:23.413170,2026-04-26 22:01:23.413170,10.325010299682615
2026-04-26 22:01:23.615314,2026-04-26 22:01:23.615314,10.358290672302246
2026-04-26 22:01:23.813404,2026-04-26 22:01:23.813404,10.386577606201172
2026-04-26 22:01:24.013653,2026-04-26 22:01:24.013653,10.410622596740724
2026-04-26 22:01:24.212509,2026-04-26 22:01:24.212509,10.606842041015623
2026-04-26 22:01:24.412970,2026-04-26 22:01:24.412970,10.77362823486328
2026-04-26 22:01:24.612930,2026-04-26 22:01:24.612930,10.739615440368652
2026-04-26 22:01:24.812477,2026-04-26 22:01:24.812477,10.71070384979248
2026-04-26 22:01:25.012434,2026-04-26 22:01:25.012434,10.686129570007324
2026-04-26 22:01:25.212365,2026-04-26 22:01:25.212365,10.489459991455078
2026-04-26 22:01:25.412573,2026-04-26 22:01:25.412573,10.498072624206545
2026-04-26 22:01:25.612547,2026-04-26 22:01:25.612547,10.505393028259276
2026-04-26 22:01:25.812885,2026-04-26 22:01:25.812885,10.511614799499512
2026-04-26 22:01:26.012752,2026-04-26 22:01:26.012752,10.3411226272583
2026-04-26 22:01:26.212519,2026-04-26 22:01:26.212519,10.19620418548584
2026-04-26 22:01:26.413106,2026-04-26 22:01:26.413106,10.073023796081545
2026-04-26 22:01:26.612826,2026-04-26 22:01:26.612826,9.9683198928833
2026-04-26 22:01:26.813126,2026-04-26 22:01:26.813126,10.055103302001951
2026-04-26 22:01:27.013018,2026-04-26 22:01:27.013018,9.95308780670166
2026-04-26 22:01:27.212458,2026-04-26 22:01:27.212458,10.042156219482422
2026-04-26 22:01:27.412669,2026-04-26 22:01:27.412669,10.117863655090332
2026-04-26 22:01:27.613394,2026-04-26 22:01:27.613394,10.709559440612791
2026-04-26 22:01:27.813031,2026-04-26 22:01:27.813031,11.38828182220459
2026-04-26 22:01:28.014011,2026-04-26 22:01:28.014011,11.789414405822754
2026-04-26 22:01:28.213005,2026-04-26 22:01:28.213005,11.251470565795898
2026-04-26 22:01:28.413977,2026-04-26 22:01:28.413977,11.848906517028809
2026-04-26 22:01:28.615625,2026-04-26 22:01:28.615625,12.35672664642334
2026-04-26 22:01:28.813939,2026-04-26 22:01:28.813939,12.788373947143556
2026-04-26 22:01:29.012662,2026-04-26 22:01:29.012662,13.155274391174316
2026-04-26 22:01:29.212825,2026-04-26 22:01:29.212825,12.23667049407959
2026-04-26 22:01:29.413217,2026-04-26 22:01:29.413217,11.455857276916504
2026-04-26 22:01:29.612563,2026-04-26 22:01:29.612563,10.792166709899902
2026-04-26 22:01:29.813817,2026-04-26 22:01:29.813817,10.228029251098633
2026-04-26 22:01:42.913145,2026-04-26 22:01:42.913145,12.736793518066406
2026-04-26 22:01:43.113019,2026-04-26 22:01:43.113019,14.869242668151855
2026-04-26 22:01:43.313890,2026-04-26 22:01:43.313890,16.857606887817383
2026-04-26 22:01:43.512549,2026-04-26 22:01:43.512549,18.37193489074707
2026-04-26 22:01:43.712680,2026-04-26 22:01:43.712680,19.65911293029785
2026-04-26 22:01:43.912769,2026-04-26 22:01:43.912769,20.75321388244629
2026-04-26 22:01:44.112417,2026-04-26 22:01:44.112417,21.68320083618164
2026-04-26 22:01:44.312468,2026-04-26 22:01:44.312468,22.473690032958984
2026-04-26 22:01:44.512433,2026-04-26 22:01:44.512433,23.145605087280277
2026-04-26 22:01:44.713012,2026-04-26 22:01:44.713012,23.71673393249512
2026-04-26 22:01:44.913492,2026-04-26 22:01:44.913492,24.202192306518555
2026-04-26 22:01:45.113122,2026-04-26 22:01:45.113122,24.61483192443848
2026-04-26 22:01:45.313573,2026-04-26 22:01:45.313573,24.965576171875
2026-04-26 22:01:45.513015,2026-04-26 22:01:45.513015,25.263708114624023
2026-04-26 22:01:45.712542,2026-04-26 22:01:45.712542,25.517120361328125
2026-04-26 22:01:45.912929,2026-04-26 22:01:45.912929,25.908302307128903
2026-04-26 22:01:46.112599,2026-04-26 22:01:46.112599,26.240806579589844
2026-04-26 22:01:46.312993,2026-04-26 22:01:46.312993,23.535154342651367
2026-04-26 22:01:46.513039,2026-04-26 22:01:46.513039,21.235349655151367
2026-04-26 22:01:46.712926,2026-04-26 22:01:46.712926,19.456296920776367
2026-04-26 22:01:46.914063,2026-04-26 22:01:46.914063,17.944103240966797
2026-04-26 22:01:47.112907,2026-04-26 22:01:47.112907,16.482955932617188
2026-04-26 22:01:47.313345,2026-04-26 22:01:47.313345,15.416763305664062
2026-04-26 22:01:47.512616,2026-04-26 22:01:47.512616,14.510499000549316
2026-04-26 22:01:47.713030,2026-04-26 22:01:47.713030,13.91595458984375
2026-04-26 22:01:47.913556,2026-04-26 22:01:47.913556,13.234811782836914
2026-04-26 22:01:48.112646,2026-04-26 22:01:48.112646,12.655839920043944
2026-04-26 22:01:48.313257,2026-04-26 22:01:48.313257,12.163714408874512
2026-04-26 22:01:48.513234,2026-04-26 22:01:48.513234,11.745407104492188
2026-04-26 22:01:48.712404,2026-04-26 22:01:48.712404,11.389845848083496
2026-04-26 22:01:48.912506,2026-04-26 22:01:48.912506,11.263400077819824
2026-04-26 22:01:49.113288,2026-04-26 22:01:49.113288,10.98013973236084
2026-04-26 22:01:49.312896,2026-04-26 22:01:49.312896,10.73936939239502
2026-04-26 22:01:49.513386,2026-04-26 22:01:49.513386,10.534713745117188
2026-04-26 22:01:49.712556,2026-04-26 22:01:49.712556,10.536538124084473
2026-04-26 22:01:49.914729,2026-04-26 22:01:49.914729,10.36230754852295
2026-04-26 22:01:50.112843,2026-04-26 22:01:50.112843,10.214211463928224
2026-04-26 22:01:50.314349,2026-04-26 22:01:50.314349,10.088329315185549
2026-04-26 22:01:50.512644,2026-04-26 22:01:50.512644,9.981329917907717
2026-04-26 22:01:50.712900,2026-04-26 22:01:50.712900,9.890380859375
2026-04-26 22:01:50.913597,2026-04-26 22:01:50.913597,9.81307315826416
2026-04-26 22:01:51.113737,2026-04-26 22:01:51.113737,9.74736213684082
2026-04-26 22:01:51.313197,2026-04-26 22:01:51.313197,9.691508293151855
2026-04-26 22:01:51.513068,2026-04-26 22:01:51.513068,9.644031524658203
2026-04-26 22:01:51.713192,2026-04-26 22:01:51.713192,9.603676795959473
2026-04-26 22:01:51.914071,2026-04-26 22:01:51.914071,9.569375991821287
2026-04-26 22:01:52.113009,2026-04-26 22:01:52.113009,9.5402193069458
2026-04-26 22:01:52.313496,2026-04-26 22:01:52.313496,9.515436172485352
2026-04-26 22:01:52.513499,2026-04-26 22:01:52.513499,9.494370460510254
2026-04-26 22:01:52.712829,2026-04-26 22:01:52.712829,9.476465225219728
2026-04-26 22:01:52.912703,2026-04-26 22:01:52.912703,9.4612455368042
2026-04-26 22:01:53.113439,2026-04-26 22:01:53.113439,9.448308944702148
2026-04-26 22:01:53.316004,2026-04-26 22:01:53.316004,9.261530876159668
2026-04-26 22:01:53.512450,2026-04-26 22:01:53.512450,9.10276985168457
2026-04-26 22:01:53.713173,2026-04-26 22:01:53.713173,9.143604278564451
2026-04-26 22:01:53.913182,2026-04-26 22:01:53.913182,9.178314208984377
2026-04-26 22:01:54.112833,2026-04-26 22:01:54.112833,9.20781707763672
2026-04-26 22:01:54.312955,2026-04-26 22:01:54.312955,9.23289394378662
2026-04-26 22:01:54.513147,2026-04-26 22:01:54.513147,9.254210472106934
2026-04-26 22:01:54.715084,2026-04-26 22:01:54.715084,9.27232837677002
2026-04-26 22:01:54.915282,2026-04-26 22:01:54.915282,9.287729263305664
2026-04-26 22:01:55.112491,2026-04-26 22:01:55.112491,9.300820350646973
2026-04-26 22:01:55.314221,2026-04-26 22:01:55.314221,9.311946868896484
2026-04-26 22:01:55.512455,2026-04-26 22:01:55.512455,9.321404457092283
2026-04-26 22:01:55.712346,2026-04-26 22:01:55.712346,9.32944393157959
2026-04-26 22:01:55.912864,2026-04-26 22:01:55.912864,9.336277961730955
2026-04-26 22:01:56.114228,2026-04-26 22:01:56.114228,9.342085838317873
2026-04-26 22:01:56.313960,2026-04-26 22:01:56.313960,9.347023010253906
2026-04-26 22:01:56.515840,2026-04-26 22:01:56.515840,9.527000427246094
2026-04-26 22:01:56.713380,2026-04-26 22:01:56.713380,9.67998218536377
2026-04-26 22:01:56.913239,2026-04-26 22:01:56.913239,9.985796928405762
2026-04-26 22:01:57.114595,2026-04-26 22:01:57.114595,10.069958686828612
2026-04-26 22:01:57.312590,2026-04-26 22:01:57.312590,10.141496658325195
2026-04-26 22:01:57.512403,2026-04-26 22:01:57.512403,10.202302932739258
2026-04-26 22:01:57.713208,2026-04-26 22:01:57.713208,10.429770469665527
2026-04-26 22:01:57.912926,2026-04-26 22:01:57.912926,10.623117446899414
2026-04-26 22:01:58.112860,2026-04-26 22:01:58.112860,10.96324348449707
2026-04-26 22:01:58.314844,2026-04-26 22:01:58.314844,11.42813205718994
2026-04-26 22:01:58.512639,2026-04-26 22:01:58.512639,11.823287010192873
2026-04-26 22:01:58.712555,2026-04-26 22:01:58.712555,12.15916919708252
2026-04-26 22:01:58.914669,2026-04-26 22:01:58.914669,12.268887519836426
2026-04-26 22:01:59.114480,2026-04-26 22:01:59.114480,12.53792953491211
2026-04-26 22:01:59.313752,2026-04-26 22:01:59.313752,12.76661491394043
2026-04-26 22:01:59.513421,2026-04-26 22:01:59.513421,12.960997581481934
2026-04-26 22:01:59.714873,2026-04-26 22:01:59.714873,13.126222610473633
2026-04-26 22:01:59.912666,2026-04-26 22:01:59.912666,13.266664505004885
2026-04-26 22:02:00.113025,2026-04-26 22:02:00.113025,13.38603973388672
2026-04-26 22:02:00.315183,2026-04-26 22:02:00.315183,13.487508773803713
2026-04-26 22:02:00.514414,2026-04-26 22:02:00.514414,13.39797592163086
2026-04-26 22:02:00.712890,2026-04-26 22:02:00.712890,13.321873664855955
2026-04-26 22:02:00.912415,2026-04-26 22:02:00.912415,13.25718593597412
2026-04-26 22:02:01.113306,2026-04-26 22:02:01.113306,13.20220184326172
2026-04-26 22:02:01.312470,2026-04-26 22:02:01.312470,13.155465126037598
2026-04-26 22:02:01.512855,2026-04-26 22:02:01.512855,13.115739822387695
2026-04-26 22:02:01.712874,2026-04-26 22:02:01.712874,13.081972122192385
2026-04-26 22:02:01.912567,2026-04-26 22:02:01.912567,13.05327033996582
2026-04-26 22:02:02.112449,2026-04-26 22:02:02.112449,13.028873443603516
2026-04-26 22:02:02.313027,2026-04-26 22:02:02.313027,12.832354545593262
2026-04-26 22:02:02.512313,2026-04-26 22:02:02.512313,12.665313720703123
2026-04-26 22:02:02.713418,2026-04-26 22:02:02.713418,12.699110984802246
2026-04-26 22:02:02.913624,2026-04-26 22:02:02.913624,12.727837562561035
2026-04-26 22:02:03.114020,2026-04-26 22:02:03.114020,12.752256393432615
2026-04-26 22:02:03.312537,2026-04-26 22:02:03.312537,12.773011207580566
2026-04-26 22:02:03.512785,2026-04-26 22:02:03.512785,12.790653228759766
2026-04-26 22:02:03.713196,2026-04-26 22:02:03.713196,12.805648803710938
2026-04-26 22:02:03.912595,2026-04-26 22:02:03.912595,12.818395614624023
2026-04-26 22:02:04.116798,2026-04-26 22:02:04.116798,12.829230308532717
2026-04-26 22:02:04.312615,2026-04-26 22:02:04.312615,12.838438987731934
2026-04-26 22:02:04.514145,2026-04-26 22:02:04.514145,12.846266746520996
2026-04-26 22:02:04.712298,2026-04-26 22:02:04.712298,12.852920532226562
2026-04-26 22:02:04.913290,2026-04-26 22:02:04.913290,12.858576774597168
2026-04-26 22:02:05.113030,2026-04-26 22:02:05.113030,12.863383293151855
2026-04-26 22:02:05.313107,2026-04-26 22:02:05.313107,12.867469787597656
2026-04-26 22:02:05.512537,2026-04-26 22:02:05.512537,12.870943069458008
2026-04-26 22:02:05.713680,2026-04-26 22:02:05.713680,12.873895645141602
2026-04-26 22:02:05.912493,2026-04-26 22:02:05.912493,12.876404762268066
2026-04-26 22:02:06.112719,2026-04-26 22:02:06.112719,12.878538131713867
2026-04-26 22:02:06.312999,2026-04-26 22:02:06.312999,12.880351066589355
2026-04-26 22:02:06.512489,2026-04-26 22:02:06.512489,12.881892204284668
2026-04-26 22:02:06.713032,2026-04-26 22:02:06.713032,12.883201599121094
2026-04-26 22:02:06.912787,2026-04-26 22:02:06.912787,12.884315490722656
2026-04-26 22:02:07.113086,2026-04-26 22:02:07.113086,12.885261535644531
2026-04-26 22:02:07.313170,2026-04-26 22:02:07.313170,12.886066436767578
2026-04-26 22:02:07.512584,2026-04-26 22:02:07.512584,12.88675022125244
2026-04-26 22:02:07.713402,2026-04-26 22:02:07.713402,12.887331008911133
2026-04-26 22:02:07.913325,2026-04-26 22:02:07.913325,12.712043762207031
2026-04-26 22:02:08.113557,2026-04-26 22:02:08.113557,12.738831520080566
2026-04-26 22:02:21.213105,2026-04-26 22:02:21.213105,12.761600494384766
2026-04-26 22:02:21.412500,2026-04-26 22:02:21.412500,12.780954360961914
2026-04-26 22:02:21.612794,2026-04-26 22:02:21.612794,12.797404289245604
2026-04-26 22:02:21.813191,2026-04-26 22:02:21.813191,12.81138801574707
2026-04-26 22:02:22.012826,2026-04-26 22:02:22.012826,12.82327365875244
2026-04-26 22:02:22.212487,2026-04-26 22:02:22.212487,13.009157180786133
2026-04-26 22:02:22.413110,2026-04-26 22:02:22.413110,13.167159080505373
2026-04-26 22:02:22.613347,2026-04-26 22:02:22.613347,13.30146026611328
2026-04-26 22:02:22.813531,2026-04-26 22:02:22.813531,13.415616035461426
2026-04-26 22:02:23.014455,2026-04-26 22:02:23.014455,13.512648582458496
2026-04-26 22:02:23.213541,2026-04-26 22:02:23.213541,13.595126152038574
2026-04-26 22:02:23.413193,2026-04-26 22:02:23.413193,15.07148265838623
2026-04-26 22:02:23.612644,2026-04-26 22:02:23.612644,14.92013454437256
2026-04-26 22:02:23.812459,2026-04-26 22:02:23.812459,16.19774055480957
2026-04-26 22:02:24.012922,2026-04-26 22:02:24.012922,16.053234100341797
2026-04-26 22:02:24.213237,2026-04-26 22:02:24.213237,15.930405616760254
2026-04-26 22:02:24.412493,2026-04-26 22:02:24.412493,17.05647087097168
2026-04-26 22:02:24.612405,2026-04-26 22:02:24.612405,18.01362419128418
2026-04-26 22:02:24.812328,2026-04-26 22:02:24.812328,18.827205657958984
2026-04-26 22:02:25.012604,2026-04-26 22:02:25.012604,19.518749237060547
2026-04-26 22:02:25.212532,2026-04-26 22:02:25.212532,19.9307804107666
2026-04-26 22:02:25.414267,2026-04-26 22:02:25.414267,20.281007766723636
2026-04-26 22:02:25.614307,2026-04-26 22:02:25.614307,20.40291976928711
2026-04-26 22:02:25.813267,2026-04-26 22:02:25.813267,20.50654411315918
2026-04-26 22:02:26.013123,2026-04-26 22:02:26.013123,20.59462547302246
2026-04-26 22:02:26.214667,2026-04-26 22:02:26.214667,20.845273971557617
2026-04-26 22:02:26.412874,2026-04-26 22:02:26.412874,21.058326721191406
2026-04-26 22:02:26.613560,2026-04-26 22:02:26.613560,21.239421844482425
2026-04-26 22:02:26.812900,2026-04-26 22:02:26.812900,21.39335250854492
2026-04-26 22:02:27.013203,2026-04-26 22:02:27.013203,21.524192810058597
2026-04-26 22:02:27.213148,2026-04-26 22:02:27.213148,21.635408401489254
2026-04-26 22:02:27.413181,2026-04-26 22:02:27.413181,21.72994041442871
2026-04-26 22:02:27.614925,2026-04-26 22:02:27.614925,21.81029319763184
2026-04-26 22:02:27.812348,2026-04-26 22:02:27.812348,21.87859344482422
2026-04-26 22:02:28.012840,2026-04-26 22:02:28.012840,21.936647415161133
2026-04-26 22:02:28.212336,2026-04-26 22:02:28.212336,22.161775588989254
2026-04-26 22:02:28.412756,2026-04-26 22:02:28.412756,22.35313415527344
2026-04-26 22:02:28.612800,2026-04-26 22:02:28.612800,22.340007781982425
2026-04-26 22:02:28.812982,2026-04-26 22:02:28.812982,22.50463104248047
2026-04-26 22:02:29.012437,2026-04-26 22:02:29.012437,22.644561767578125
2026-04-26 22:02:29.214808,2026-04-26 22:02:29.214808,22.76350212097168
2026-04-26 22:02:29.412812,2026-04-26 22:02:29.412812,22.86460304260254
2026-04-26 22:02:29.615491,2026-04-26 22:02:29.615491,22.950536727905277
2026-04-26 22:02:29.813312,2026-04-26 22:02:29.813312,23.02358055114746
2026-04-26 22:02:30.013506,2026-04-26 22:02:30.013506,22.909887313842773
2026-04-26 22:02:30.212859,2026-04-26 22:02:30.212859,22.813247680664062
2026-04-26 22:02:30.415022,2026-04-26 22:02:30.415022,22.73110580444336
2026-04-26 22:02:30.614271,2026-04-26 22:02:30.614271,22.661283493041992
2026-04-26 22:02:30.813012,2026-04-26 22:02:30.813012,22.6019344329834
2026-04-26 22:02:31.013778,2026-04-26 22:02:31.013778,22.55148696899414
2026-04-26 22:02:31.212946,2026-04-26 22:02:31.212946,22.508607864379883
2026-04-26 22:02:31.413547,2026-04-26 22:02:31.413547,22.47216033935547
2026-04-26 22:02:31.612911,2026-04-26 22:02:31.612911,22.441181182861328
2026-04-26 22:02:31.813070,2026-04-26 22:02:31.813070,22.41484642028809
2026-04-26 22:02:32.012901,2026-04-26 22:02:32.012901,22.39246368408203
2026-04-26 22:02:32.214839,2026-04-26 22:02:32.214839,22.373437881469727
2026-04-26 22:02:32.414765,2026-04-26 22:02:32.414765,22.35726547241211
2026-04-26 22:02:32.614236,2026-04-26 22:02:32.614236,22.34351921081543
2026-04-26 22:02:32.813555,2026-04-26 22:02:32.813555,22.33183479309082
2026-04-26 22:02:33.014536,2026-04-26 22:02:33.014536,22.14612197875977
2026-04-26 22:02:33.212614,2026-04-26 22:02:33.212614,21.988265991210938
2026-04-26 22:02:33.412727,2026-04-26 22:02:33.412727,20.27205848693848
2026-04-26 22:02:33.613312,2026-04-26 22:02:33.613312,20.39531135559082
2026-04-26 22:02:33.813528,2026-04-26 22:02:33.813528,18.918046951293945
2026-04-26 22:02:34.015491,2026-04-26 22:02:34.015491,17.662370681762695
2026-04-26 22:02:34.213790,2026-04-26 22:02:34.213790,16.595046997070312
2026-04-26 22:02:34.414476,2026-04-26 22:02:34.414476,15.687820434570312
2026-04-26 22:02:34.613956,2026-04-26 22:02:34.613956,14.916678428649902
2026-04-26 22:02:34.813715,2026-04-26 22:02:34.813715,15.491677284240724
2026-04-26 22:02:35.013494,2026-04-26 22:02:35.013494,15.980425834655762
2026-04-26 22:02:35.214751,2026-04-26 22:02:35.214751,16.22007942199707
2026-04-26 22:02:35.415218,2026-04-26 22:02:35.415218,16.423786163330078
2026-04-26 22:02:35.615742,2026-04-26 22:02:35.615742,16.59693717956543
2026-04-26 22:02:35.812848,2026-04-26 22:02:35.812848,16.744115829467773
2026-04-26 22:02:36.014446,2026-04-26 22:02:36.014446,16.869216918945312
2026-04-26 22:02:36.212610,2026-04-26 22:02:36.212610,16.799772262573242
2026-04-26 22:02:36.412941,2026-04-26 22:02:36.412941,16.91652488708496
2026-04-26 22:02:36.613375,2026-04-26 22:02:36.613375,16.839982986450195
2026-04-26 22:02:36.814237,2026-04-26 22:02:36.814237,16.95070457458496
2026-04-26 22:02:37.015146,2026-04-26 22:02:37.015146,16.869037628173828
2026-04-26 22:02:37.212915,2026-04-26 22:02:37.212915,16.799619674682617
2026-04-26 22:02:37.415208,2026-04-26 22:02:37.415208,16.74061393737793
2026-04-26 22:02:37.612548,2026-04-26 22:02:37.612548,16.690458297729492
2026-04-26 22:02:37.813179,2026-04-26 22:02:37.813179,16.6478271484375
2026-04-26 22:02:38.013242,2026-04-26 22:02:38.013242,16.611591339111328
2026-04-26 22:02:38.212512,2026-04-26 22:02:38.212512,16.58078956604004
2026-04-26 22:02:38.415095,2026-04-26 22:02:38.415095,16.554609298706055
2026-04-26 22:02:38.613169,2026-04-26 22:02:38.613169,16.5323543548584
2026-04-26 22:02:38.814165,2026-04-26 22:02:38.814165,16.513439178466797
2026-04-26 22:02:39.013088,2026-04-26 22:02:39.013088,16.497360229492188
2026-04-26 22:02:39.213022,2026-04-26 22:02:39.213022,16.483694076538086
2026-04-26 22:02:39.413232,2026-04-26 22:02:39.413232,16.472078323364258
2026-04-26 22:02:39.612388,2026-04-26 22:02:39.612388,16.462203979492188
2026-04-26 22:02:39.814206,2026-04-26 22:02:39.814206,16.45380973815918
2026-04-26 22:02:40.012837,2026-04-26 22:02:40.012837,16.44667625427246
2026-04-26 22:02:40.212897,2026-04-26 22:02:40.212897,16.61639404296875
2026-04-26 22:02:40.415910,2026-04-26 22:02:40.415910,16.760652542114258
2026-04-26 22:02:40.612379,2026-04-26 22:02:40.612379,16.88327407836914
2026-04-26 22:02:40.813422,2026-04-26 22:02:40.813422,17.16328239440918
2026-04-26 22:02:41.012939,2026-04-26 22:02:41.012939,17.225509643554688
2026-04-26 22:02:41.214362,2026-04-26 22:02:41.214362,17.27840232849121
2026-04-26 22:02:41.412413,2026-04-26 22:02:41.412413,17.323360443115234
2026-04-26 22:02:41.613253,2026-04-26 22:02:41.613253,17.361574172973633
2026-04-26 22:02:41.813174,2026-04-26 22:02:41.813174,17.394058227539062
2026-04-26 22:02:42.012674,2026-04-26 22:02:42.012674,17.597448348999023
2026-04-26 22:02:42.214009,2026-04-26 22:02:42.214009,17.77033233642578
2026-04-26 22:02:42.412397,2026-04-26 22:02:42.412397,17.917282104492188
2026-04-26 22:02:42.612419,2026-04-26 22:02:42.612419,18.04218864440918
2026-04-26 22:02:42.817543,2026-04-26 22:02:42.817543,18.148361206054688
2026-04-26 22:02:43.013236,2026-04-26 22:02:43.013236,18.23860740661621
2026-04-26 22:02:43.212564,2026-04-26 22:02:43.212564,18.49109649658203
2026-04-26 22:02:43.412938,2026-04-26 22:02:43.412938,18.705713272094727
2026-04-26 22:02:43.612340,2026-04-26 22:02:43.612340,19.06391906738281
2026-04-26 22:02:43.812400,2026-04-26 22:02:43.812400,20.598861694335938
2026-04-26 22:02:44.012562,2026-04-26 22:02:44.012562,21.903564453125
2026-04-26 22:02:44.213796,2026-04-26 22:02:44.213796,21.957874298095703
2026-04-26 22:02:44.413479,2026-04-26 22:02:44.413479,22.17981719970703
2026-04-26 22:02:44.613003,2026-04-26 22:02:44.613003,22.36846923828125
2026-04-26 22:02:44.812281,2026-04-26 22:02:44.812281,23.407730102539062
2026-04-26 22:02:45.012408,2026-04-26 22:02:45.012408,24.29110145568848
2026-04-26 22:02:45.212776,2026-04-26 22:02:45.212776,25.041967391967773
2026-04-26 22:02:45.412609,2026-04-26 22:02:45.412609,25.50442314147949
2026-04-26 22:02:45.612344,2026-04-26 22:02:45.612344,25.89750862121582
2026-04-26 22:02:45.813302,2026-04-26 22:02:45.813302,26.231632232666016
2026-04-26 22:02:46.013241,2026-04-26 22:02:46.013241,26.51563835144043
2026-04-26 22:02:46.213308,2026-04-26 22:02:46.213308,26.757041931152344
2026-04-26 22:02:46.412644,2026-04-26 22:02:46.412644,26.962236404418945
2026-04-26 22:02:59.512696,2026-04-26 22:02:59.512696,27.13665008544922
2026-04-26 22:02:59.712601,2026-04-26 22:02:59.712601,27.46068382263184
2026-04-26 22:02:59.913404,2026-04-26 22:02:59.913404,27.56033134460449
2026-04-26 22:03:00.112978,2026-04-26 22:03:00.112978,27.6450309753418
2026-04-26 22:03:00.313194,2026-04-26 22:03:00.313194,27.71702766418457
2026-04-26 22:03:00.512946,2026-04-26 22:03:00.512946,27.778223037719727
2026-04-26 22:03:00.713067,2026-04-26 22:03:00.713067,27.83024024963379
2026-04-26 22:03:00.912330,2026-04-26 22:03:00.912330,28.050235748291016
2026-04-26 22:03:01.112455,2026-04-26 22:03:01.112455,28.23723030090332
2026-04-26 22:03:01.312407,2026-04-26 22:03:01.312407,28.39617729187012
2026-04-26 22:03:01.513539,2026-04-26 22:03:01.513539,28.53128242492676
2026-04-26 22:03:01.715586,2026-04-26 22:03:01.715586,28.64612197875977
2026-04-26 22:03:01.914039,2026-04-26 22:03:01.914039,28.74373435974121
2026-04-26 22:03:02.112698,2026-04-26 22:03:02.112698,28.826705932617188
2026-04-26 22:03:02.313147,2026-04-26 22:03:02.313147,28.89723014831543
2026-04-26 22:03:02.512455,2026-04-26 22:03:02.512455,28.957178115844727
2026-04-26 22:03:02.712638,2026-04-26 22:03:02.712638,29.008132934570312
2026-04-26 22:03:02.913613,2026-04-26 22:03:02.913613,29.051443099975582
2026-04-26 22:03:03.113632,2026-04-26 22:03:03.113632,29.088258743286133
2026-04-26 22:03:03.313536,2026-04-26 22:03:03.313536,28.24064445495605
2026-04-26 22:03:03.512614,2026-04-26 22:03:03.512614,27.520172119140625
2026-04-26 22:03:03.713825,2026-04-26 22:03:03.713825,26.907772064208984
2026-04-26 22:03:03.914233,2026-04-26 22:03:03.914233,26.387231826782227
2026-04-26 22:03:04.112964,2026-04-26 22:03:04.112964,25.94477081298828
2026-04-26 22:03:04.312747,2026-04-26 22:03:04.312747,25.568679809570312
2026-04-26 22:03:04.512602,2026-04-26 22:03:04.512602,25.249004364013672
2026-04-26 22:03:04.712915,2026-04-26 22:03:04.712915,24.977277755737305
2026-04-26 22:03:04.912358,2026-04-26 22:03:04.912358,24.74631118774414
2026-04-26 22:03:05.112602,2026-04-26 22:03:05.112602,24.549989700317383
2026-04-26 22:03:05.313050,2026-04-26 22:03:05.313050,24.383115768432617
2026-04-26 22:03:05.512818,2026-04-26 22:03:05.512818,24.241273880004883
2026-04-26 22:03:05.713369,2026-04-26 22:03:05.713369,24.12070846557617
2026-04-26 22:03:05.912755,2026-04-26 22:03:05.912755,24.01822662353516
2026-04-26 22:03:06.113254,2026-04-26 22:03:06.113254,23.75533676147461
2026-04-26 22:03:06.313968,2026-04-26 22:03:06.313968,23.531879425048828
2026-04-26 22:03:06.512568,2026-04-26 22:03:06.512568,23.341941833496094
2026-04-26 22:03:06.714401,2026-04-26 22:03:06.714401,23.18049430847168
2026-04-26 22:03:06.913210,2026-04-26 22:03:06.913210,23.04326438903809
2026-04-26 22:03:07.112931,2026-04-26 22:03:07.112931,23.981306076049805
2026-04-26 22:03:07.314397,2026-04-26 22:03:07.314397,24.778640747070312
2026-04-26 22:03:07.512475,2026-04-26 22:03:07.512475,25.456375122070312
2026-04-26 22:03:07.713401,2026-04-26 22:03:07.713401,26.032451629638672
2026-04-26 22:03:07.913634,2026-04-26 22:03:07.913634,26.522113800048828
2026-04-26 22:03:08.113046,2026-04-26 22:03:08.113046,26.93832778930664
2026-04-26 22:03:08.312661,2026-04-26 22:03:08.312661,27.292110443115234
2026-04-26 22:03:08.512925,2026-04-26 22:03:08.512925,27.59282493591309
2026-04-26 22:03:08.713337,2026-04-26 22:03:08.713337,27.848432540893555
2026-04-26 22:03:08.912684,2026-04-26 22:03:08.912684,28.065698623657227
2026-04-26 22:03:09.113332,2026-04-26 22:03:09.113332,28.250375747680664
2026-04-26 22:03:09.312660,2026-04-26 22:03:09.312660,28.407350540161133
2026-04-26 22:03:09.512507,2026-04-26 22:03:09.512507,28.54077911376953
2026-04-26 22:03:09.712488,2026-04-26 22:03:09.712488,28.654193878173828
2026-04-26 22:03:09.913796,2026-04-26 22:03:09.913796,28.75059509277344
2026-04-26 22:03:10.112992,2026-04-26 22:03:10.112992,28.83253669738769
2026-04-26 22:03:10.315690,2026-04-26 22:03:10.315690,28.90218734741211
2026-04-26 22:03:10.513312,2026-04-26 22:03:10.513312,28.96139144897461
2026-04-26 22:03:10.714428,2026-04-26 22:03:10.714428,29.0117130279541
2026-04-26 22:03:10.912716,2026-04-26 22:03:10.912716,29.054487228393555
2026-04-26 22:03:11.112857,2026-04-26 22:03:11.112857,29.090845108032227
2026-04-26 22:03:11.312773,2026-04-26 22:03:11.312773,29.121749877929688
2026-04-26 22:03:11.513028,2026-04-26 22:03:11.513028,29.14801979064941
2026-04-26 22:03:11.712697,2026-04-26 22:03:11.712697,29.17034721374512
2026-04-26 22:03:11.913068,2026-04-26 22:03:11.913068,29.189327239990234
2026-04-26 22:03:12.112999,2026-04-26 22:03:12.112999,29.20545959472656
2026-04-26 22:03:12.313399,2026-04-26 22:03:12.313399,29.21917152404785
2026-04-26 22:03:12.513399,2026-04-26 22:03:12.513399,29.23082733154297
2026-04-26 22:03:12.712587,2026-04-26 22:03:12.712587,29.2407341003418
2026-04-26 22:03:12.912525,2026-04-26 22:03:12.912525,29.249155044555664
2026-04-26 22:03:13.112677,2026-04-26 22:03:13.112677,29.25631332397461
2026-04-26 22:03:13.312425,2026-04-26 22:03:13.312425,29.26239776611328
2026-04-26 22:03:13.516089,2026-04-26 22:03:13.516089,29.26756858825684
2026-04-26 22:03:13.714535,2026-04-26 22:03:13.714535,29.27196502685547
2026-04-26 22:03:13.912630,2026-04-26 22:03:13.912630,29.27570152282715
2026-04-26 22:03:14.114048,2026-04-26 22:03:14.114048,29.27887725830078
2026-04-26 22:03:14.314955,2026-04-26 22:03:14.314955,29.281578063964844
2026-04-26 22:03:14.514479,2026-04-26 22:03:14.514479,29.28387260437012
2026-04-26 22:03:14.713662,2026-04-26 22:03:14.713662,29.28582191467285
2026-04-26 22:03:14.914451,2026-04-26 22:03:14.914451,29.28747940063477
2026-04-26 22:03:15.114963,2026-04-26 22:03:15.114963,29.28888893127441
2026-04-26 22:03:15.313745,2026-04-26 22:03:15.313745,29.29008674621582
2026-04-26 22:03:15.514675,2026-04-26 22:03:15.514675,29.291105270385746
2026-04-26 22:03:15.715553,2026-04-26 22:03:15.715553,29.29197120666504
2026-04-26 22:03:15.912771,2026-04-26 22:03:15.912771,29.292705535888672
2026-04-26 22:03:16.112634,2026-04-26 22:03:16.112634,29.293331146240234
2026-04-26 22:03:16.313965,2026-04-26 22:03:16.313965,29.29386329650879
2026-04-26 22:03:16.514692,2026-04-26 22:03:16.514692,29.29431533813477
2026-04-26 22:03:16.712952,2026-04-26 22:03:16.712952,29.29469871520996
2026-04-26 22:03:16.913165,2026-04-26 22:03:16.913165,29.29502487182617
2026-04-26 22:03:17.113745,2026-04-26 22:03:17.113745,29.29530334472656
2026-04-26 22:03:17.313732,2026-04-26 22:03:17.313732,29.2955379486084
2026-04-26 22:03:17.512856,2026-04-26 22:03:17.512856,29.295738220214844
2026-04-26 22:03:17.714348,2026-04-26 22:03:17.714348,29.2959098815918
2026-04-26 22:03:17.915248,2026-04-26 22:03:17.915248,29.29605484008789
2026-04-26 22:03:18.113399,2026-04-26 22:03:18.113399,29.29617691040039
2026-04-26 22:03:18.312704,2026-04-26 22:03:18.312704,26.483781814575195
2026-04-26 22:03:18.513154,2026-04-26 22:03:18.513154,24.093246459960938
2026-04-26 22:03:18.715460,2026-04-26 22:03:18.715460,22.0612907409668
2026-04-26 22:03:18.913311,2026-04-26 22:03:18.913311,20.33412742614746
2026-04-26 22:03:19.112601,2026-04-26 22:03:19.112601,21.678539276123047
2026-04-26 22:03:19.312573,2026-04-26 22:03:19.312573,22.821290969848636
2026-04-26 22:03:19.513284,2026-04-26 22:03:19.513284,20.980127334594727
2026-04-26 22:03:19.712423,2026-04-26 22:03:19.712423,19.41514015197754
2026-04-26 22:03:19.914258,2026-04-26 22:03:19.914258,17.90911865234375
2026-04-26 22:03:20.115501,2026-04-26 22:03:20.115501,16.62900161743164
2026-04-26 22:03:20.312478,2026-04-26 22:03:20.312478,15.540901184082031
2026-04-26 22:03:20.513546,2026-04-26 22:03:20.513546,14.616015434265137
2026-04-26 22:03:20.712756,2026-04-26 22:03:20.712756,13.829863548278809
2026-04-26 22:03:20.913364,2026-04-26 22:03:20.913364,13.161633491516112
2026-04-26 22:03:21.112664,2026-04-26 22:03:21.112664,12.41785717010498
2026-04-26 22:03:21.313243,2026-04-26 22:03:21.313243,11.78564739227295
2026-04-26 22:03:21.512795,2026-04-26 22:03:21.512795,11.248269081115724
2026-04-26 22:03:21.713394,2026-04-26 22:03:21.713394,10.791497230529783
2026-04-26 22:03:21.912591,2026-04-26 22:03:21.912591,13.567304611206056
2026-04-26 22:03:22.112796,2026-04-26 22:03:22.112796,15.926739692687988
2026-04-26 22:03:22.313737,2026-04-26 22:03:22.313737,17.932260513305664
2026-04-26 22:03:22.513479,2026-04-26 22:03:22.513479,19.636951446533203
2026-04-26 22:03:22.712768,2026-04-26 22:03:22.712768,21.085941314697266
2026-04-26 22:03:22.913356,2026-04-26 22:03:22.913356,22.31758117675781
2026-04-26 22:03:23.113058,2026-04-26 22:03:23.113058,20.20041275024414
2026-04-26 22:03:23.314074,2026-04-26 22:03:23.314074,20.334413528442383
2026-04-26 22:03:23.513012,2026-04-26 22:03:23.513012,20.44831275939941
2026-04-26 22:03:23.712605,2026-04-26 22:03:23.712605,20.545129776000977
2026-04-26 22:03:23.913174,2026-04-26 22:03:23.913174,20.627422332763672
2026-04-26 22:03:24.113447,2026-04-26 22:03:24.113447,20.697370529174805
2026-04-26 22:03:24.315299,2026-04-26 22:03:24.315299,20.75682830810547
2026-04-26 22:03:24.512965,2026-04-26 22:03:24.512965,20.8073673248291
2026-04-26 22:03:24.712481,2026-04-26 22:03:24.712481,20.850324630737305
2026-04-26 22:03:37.816584,2026-04-26 22:03:37.816584,20.711055755615234
2026-04-26 22:03:38.012622,2026-04-26 22:03:38.012622,20.592679977416992
2026-04-26 22:03:38.213656,2026-04-26 22:03:38.213656,20.66783905029297
2026-04-26 22:03:38.412857,2026-04-26 22:03:38.412857,18.973913192749023
2026-04-26 22:03:38.613302,2026-04-26 22:03:38.613302,19.116107940673828
2026-04-26 22:03:38.812788,2026-04-26 22:03:38.812788,19.41275405883789
2026-04-26 22:03:39.012899,2026-04-26 22:03:39.012899,19.66490364074707
2026-04-26 22:03:39.212625,2026-04-26 22:03:39.212625,19.879230499267575
2026-04-26 22:03:39.414671,2026-04-26 22:03:39.414671,20.41297149658203
2026-04-26 22:03:39.612787,2026-04-26 22:03:39.612787,20.866649627685547
2026-04-26 22:03:39.813876,2026-04-26 22:03:39.813876,21.252277374267575
2026-04-26 22:03:40.012829,2026-04-26 22:03:40.012829,21.404279708862305
2026-04-26 22:03:40.212523,2026-04-26 22:03:40.212523,21.53348159790039
2026-04-26 22:03:40.412538,2026-04-26 22:03:40.412538,21.64330291748047
2026-04-26 22:03:40.613125,2026-04-26 22:03:40.613125,21.736652374267575
2026-04-26 22:03:40.813221,2026-04-26 22:03:40.813221,21.640216827392575
2026-04-26 22:03:41.013431,2026-04-26 22:03:41.013431,21.734027862548828
2026-04-26 22:03:41.213213,2026-04-26 22:03:41.213213,21.813766479492188
2026-04-26 22:03:41.414292,2026-04-26 22:03:41.414292,21.70576477050781
2026-04-26 22:03:41.612390,2026-04-26 22:03:41.612390,21.613962173461918
2026-04-26 22:03:41.813650,2026-04-26 22:03:41.813650,21.71171188354492
2026-04-26 22:03:42.015034,2026-04-26 22:03:42.015034,21.619016647338867
2026-04-26 22:03:42.214409,2026-04-26 22:03:42.214409,21.54022789001465
2026-04-26 22:03:42.412821,2026-04-26 22:03:42.412821,20.242786407470703
2026-04-26 22:03:42.612749,2026-04-26 22:03:42.612749,18.96418190002441
2026-04-26 22:03:42.812963,2026-04-26 22:03:42.812963,18.05314826965332
2026-04-26 22:03:43.013240,2026-04-26 22:03:43.013240,17.454551696777344
2026-04-26 22:03:43.213164,2026-04-26 22:03:43.213164,16.769962310791016
2026-04-26 22:03:43.413651,2026-04-26 22:03:43.413651,16.012279510498047
2026-04-26 22:03:43.612434,2026-04-26 22:03:43.612434,15.368250846862791
2026-04-26 22:03:43.812369,2026-04-26 22:03:43.812369,14.996606826782228
2026-04-26 22:03:44.012695,2026-04-26 22:03:44.012695,14.680709838867188
2026-04-26 22:03:44.212397,2026-04-26 22:03:44.212397,14.23641586303711
2026-04-26 22:03:44.412720,2026-04-26 22:03:44.412720,13.858765602111816
2026-04-26 22:03:44.612699,2026-04-26 22:03:44.612699,13.713544845581056
2026-04-26 22:03:44.812996,2026-04-26 22:03:44.812996,13.590106964111328
2026-04-26 22:03:45.015621,2026-04-26 22:03:45.015621,13.309403419494627
2026-04-26 22:03:45.212971,2026-04-26 22:03:45.212971,13.246586799621582
2026-04-26 22:03:45.413205,2026-04-26 22:03:45.413205,13.193192481994627
2026-04-26 22:03:45.612633,2026-04-26 22:03:45.612633,13.147807121276855
2026-04-26 22:03:45.812404,2026-04-26 22:03:45.812404,13.109230041503906
2026-04-26 22:03:46.012708,2026-04-26 22:03:46.012708,13.076438903808594
2026-04-26 22:03:46.212926,2026-04-26 22:03:46.212926,12.872785568237305
2026-04-26 22:03:46.412784,2026-04-26 22:03:46.412784,12.69968032836914
2026-04-26 22:03:46.612311,2026-04-26 22:03:46.612311,12.55254077911377
2026-04-26 22:03:46.812358,2026-04-26 22:03:46.812358,12.427472114562988
2026-04-26 22:03:47.013620,2026-04-26 22:03:47.013620,12.32116413116455
2026-04-26 22:03:47.212467,2026-04-26 22:03:47.212467,12.230801582336426
2026-04-26 22:03:47.413233,2026-04-26 22:03:47.413233,12.153993606567385
2026-04-26 22:03:47.612903,2026-04-26 22:03:47.612903,12.088706970214844
2026-04-26 22:03:47.812518,2026-04-26 22:03:47.812518,12.03321361541748
2026-04-26 22:03:48.012987,2026-04-26 22:03:48.012987,11.986043930053713
2026-04-26 22:03:48.213047,2026-04-26 22:03:48.213047,11.945950508117676
2026-04-26 22:03:48.414547,2026-04-26 22:03:48.414547,11.911870002746582
2026-04-26 22:03:48.613251,2026-04-26 22:03:48.613251,11.882902145385742
2026-04-26 22:03:48.814532,2026-04-26 22:03:48.814532,11.85827922821045
2026-04-26 22:03:49.012879,2026-04-26 22:03:49.012879,11.837349891662598
2026-04-26 22:03:49.214907,2026-04-26 22:03:49.214907,11.819560050964355
2026-04-26 22:03:49.412496,2026-04-26 22:03:49.412496,11.804438591003418
2026-04-26 22:03:49.613968,2026-04-26 22:03:49.613968,11.791584968566896
2026-04-26 22:03:49.812549,2026-04-26 22:03:49.812549,11.780659675598145
2026-04-26 22:03:50.012816,2026-04-26 22:03:50.012816,11.771373748779297
2026-04-26 22:03:50.212555,2026-04-26 22:03:50.212555,11.763480186462402
2026-04-26 22:03:50.413541,2026-04-26 22:03:50.413541,11.756770133972168
2026-04-26 22:03:50.613185,2026-04-26 22:03:50.613185,11.75106716156006
2026-04-26 22:03:50.812555,2026-04-26 22:03:50.812555,11.922000885009766
2026-04-26 22:03:51.015375,2026-04-26 22:03:51.015375,12.067294120788574
2026-04-26 22:03:51.215036,2026-04-26 22:03:51.215036,12.190793991088867
2026-04-26 22:03:51.413069,2026-04-26 22:03:51.413069,12.295768737792969
2026-04-26 22:03:51.613693,2026-04-26 22:03:51.613693,12.209216117858888
2026-04-26 22:03:51.813533,2026-04-26 22:03:51.813533,12.311427116394045
2026-04-26 22:03:52.012823,2026-04-26 22:03:52.012823,12.398306846618652
2026-04-26 22:03:52.212429,2026-04-26 22:03:52.212429,12.47215461730957
2026-04-26 22:03:52.415674,2026-04-26 22:03:52.415674,12.53492546081543
2026-04-26 22:03:52.612882,2026-04-26 22:03:52.612882,12.588279724121094
2026-04-26 22:03:52.813249,2026-04-26 22:03:52.813249,12.633631706237791
2026-04-26 22:03:53.014273,2026-04-26 22:03:53.014273,12.672181129455566
2026-04-26 22:03:53.213617,2026-04-26 22:03:53.213617,12.880728721618652
2026-04-26 22:03:53.415533,2026-04-26 22:03:53.415533,13.057994842529297
2026-04-26 22:03:53.615856,2026-04-26 22:03:53.615856,13.208670616149902
2026-04-26 22:03:53.814151,2026-04-26 22:03:53.814151,13.16096305847168
2026-04-26 22:03:54.013510,2026-04-26 22:03:54.013510,13.296194076538086
2026-04-26 22:03:54.214325,2026-04-26 22:03:54.214325,13.411139488220217
2026-04-26 22:03:54.413564,2026-04-26 22:03:54.413564,13.508843421936035
2026-04-26 22:03:54.613449,2026-04-26 22:03:54.613449,13.59189224243164
2026-04-26 22:03:54.814054,2026-04-26 22:03:54.814054,13.662483215332031
2026-04-26 22:03:55.014958,2026-04-26 22:03:55.014958,13.898266792297363
2026-04-26 22:03:55.212383,2026-04-26 22:03:55.212383,14.09868335723877
2026-04-26 22:03:55.412816,2026-04-26 22:03:55.412816,14.269037246704102
2026-04-26 22:03:55.612791,2026-04-26 22:03:55.612791,14.589618682861328
2026-04-26 22:03:55.812416,2026-04-26 22:03:55.812416,14.68633270263672
2026-04-26 22:03:56.012518,2026-04-26 22:03:56.012518,14.94431972503662
2026-04-26 22:03:56.215792,2026-04-26 22:03:56.215792,15.163609504699709
2026-04-26 22:03:56.414919,2026-04-26 22:03:56.414919,15.350005149841309
2026-04-26 22:03:56.617130,2026-04-26 22:03:56.617130,15.508441925048828
2026-04-26 22:03:56.822843,2026-04-26 22:03:56.822843,15.643113136291504
2026-04-26 22:03:57.013581,2026-04-26 22:03:57.013581,15.757583618164062
2026-04-26 22:03:57.212490,2026-04-26 22:03:57.212490,15.854884147644045
2026-04-26 22:03:57.414104,2026-04-26 22:03:57.414104,15.937588691711426
2026-04-26 22:03:57.615149,2026-04-26 22:03:57.615149,16.007888793945312
2026-04-26 22:03:57.813099,2026-04-26 22:03:57.813099,16.067642211914062
2026-04-26 22:03:58.014144,2026-04-26 22:03:58.014144,16.118432998657227
2026-04-26 22:03:58.213246,2026-04-26 22:03:58.213246,16.161605834960938
2026-04-26 22:03:58.413354,2026-04-26 22:03:58.413354,16.02252197265625
2026-04-26 22:03:58.613080,2026-04-26 22:03:58.613080,15.90429973602295
2026-04-26 22:03:58.812992,2026-04-26 22:03:58.812992,15.979592323303224
2026-04-26 22:03:59.012628,2026-04-26 22:03:59.012628,16.043590545654297
2026-04-26 22:03:59.212885,2026-04-26 22:03:59.212885,16.097990036010742
2026-04-26 22:03:59.413716,2026-04-26 22:03:59.413716,16.144227981567383
2026-04-26 22:03:59.613005,2026-04-26 22:03:59.613005,16.18353271484375
2026-04-26 22:03:59.813548,2026-04-26 22:03:59.813548,16.21693992614746
2026-04-26 22:04:00.013860,2026-04-26 22:04:00.013860,16.245336532592773
2026-04-26 22:04:00.212900,2026-04-26 22:04:00.212900,16.445255279541016
2026-04-26 22:04:00.412714,2026-04-26 22:04:00.412714,16.615184783935547
2026-04-26 22:04:00.613504,2026-04-26 22:04:00.613504,16.759626388549805
2026-04-26 22:04:00.813687,2026-04-26 22:04:00.813687,16.882400512695312
2026-04-26 22:04:01.016309,2026-04-26 22:04:01.016309,16.986759185791016
2026-04-26 22:04:01.212530,2026-04-26 22:04:01.212530,17.251245498657227
2026-04-26 22:04:01.413453,2026-04-26 22:04:01.413453,17.476058959960938
2026-04-26 22:04:01.613207,2026-04-26 22:04:01.613207,17.667150497436523
2026-04-26 22:04:01.812819,2026-04-26 22:04:01.812819,17.82957649230957
2026-04-26 22:04:02.014464,2026-04-26 22:04:02.014464,17.967639923095703
2026-04-26 22:04:02.213438,2026-04-26 22:04:02.213438,18.08499526977539
2026-04-26 22:04:02.412391,2026-04-26 22:04:02.412391,18.18474578857422
2026-04-26 22:04:02.614982,2026-04-26 22:04:02.614982,18.269533157348636
2026-04-26 22:04:02.812928,2026-04-26 22:04:02.812928,18.51738548278809
2026-04-26 22:04:03.012786,2026-04-26 22:04:03.012786,18.728057861328125
2026-04-26 22:04:16.114381,2026-04-26 22:04:16.114381,18.90713119506836
2026-04-26 22:04:16.314263,2026-04-26 22:04:16.314263,19.05934333801269
2026-04-26 22:04:16.512816,2026-04-26 22:04:16.512816,19.188722610473636
2026-04-26 22:04:16.712584,2026-04-26 22:04:16.712584,19.298694610595703
2026-04-26 22:04:16.914165,2026-04-26 22:04:16.914165,19.39217185974121
2026-04-26 22:04:17.113164,2026-04-26 22:04:17.113164,19.471628189086918
2026-04-26 22:04:17.314738,2026-04-26 22:04:17.314738,19.53916549682617
2026-04-26 22:04:17.515095,2026-04-26 22:04:17.515095,19.77235221862793
2026-04-26 22:04:17.723367,2026-04-26 22:04:17.723367,19.97056198120117
2026-04-26 22:04:17.912500,2026-04-26 22:04:17.912500,20.139039993286133
2026-04-26 22:04:18.113578,2026-04-26 22:04:18.113578,20.28224754333496
2026-04-26 22:04:18.312590,2026-04-26 22:04:18.312590,20.228191375732425
2026-04-26 22:04:18.513620,2026-04-26 22:04:18.513620,20.18224334716797
2026-04-26 22:04:18.720053,2026-04-26 22:04:18.720053,20.1431884765625
2026-04-26 22:04:18.912789,2026-04-26 22:04:18.912789,20.1099910736084
2026-04-26 22:04:19.113220,2026-04-26 22:04:19.113220,20.08177375793457
2026-04-26 22:04:19.312707,2026-04-26 22:04:19.312707,20.057788848876957
2026-04-26 22:04:19.512792,2026-04-26 22:04:19.512792,20.03740119934082
2026-04-26 22:04:19.712650,2026-04-26 22:04:19.712650,20.02007293701172
2026-04-26 22:04:19.912832,2026-04-26 22:04:19.912832,19.829561233520508
2026-04-26 22:04:20.113195,2026-04-26 22:04:20.113195,19.667627334594727
2026-04-26 22:04:20.314473,2026-04-26 22:04:20.314473,19.52998352050781
2026-04-26 22:04:20.514941,2026-04-26 22:04:20.514941,19.412986755371094
2026-04-26 22:04:20.713418,2026-04-26 22:04:20.713418,19.31353759765625
2026-04-26 22:04:20.914271,2026-04-26 22:04:20.914271,19.229007720947266
2026-04-26 22:04:21.115789,2026-04-26 22:04:21.115789,19.157155990600582
2026-04-26 22:04:21.312360,2026-04-26 22:04:21.312360,18.92030143737793
2026-04-26 22:04:21.514125,2026-04-26 22:04:21.514125,18.718975067138672
2026-04-26 22:04:21.712451,2026-04-26 22:04:21.712451,18.54784774780273
2026-04-26 22:04:21.912923,2026-04-26 22:04:21.912923,18.578170776367188
2026-04-26 22:04:22.112476,2026-04-26 22:04:22.112476,18.603944778442383
2026-04-26 22:04:22.312902,2026-04-26 22:04:22.312902,18.450071334838867
2026-04-26 22:04:22.512835,2026-04-26 22:04:22.512835,18.49506187438965
2026-04-26 22:04:22.713428,2026-04-26 22:04:22.713428,18.357521057128903
2026-04-26 22:04:22.913904,2026-04-26 22:04:22.913904,18.240612030029297
2026-04-26 22:04:23.112497,2026-04-26 22:04:23.112497,18.14123916625977
2026-04-26 22:04:23.314552,2026-04-26 22:04:23.314552,18.056772232055664
2026-04-26 22:04:23.513004,2026-04-26 22:04:23.513004,17.809192657470703
2026-04-26 22:04:23.712480,2026-04-26 22:04:23.712480,17.598751068115234
2026-04-26 22:04:23.925403,2026-04-26 22:04:23.925403,17.419876098632812
2026-04-26 22:04:24.112421,2026-04-26 22:04:24.112421,17.267831802368164
2026-04-26 22:04:24.313283,2026-04-26 22:04:24.313283,17.138595581054688
2026-04-26 22:04:24.512521,2026-04-26 22:04:24.512521,16.852962493896484
2026-04-26 22:04:24.713174,2026-04-26 22:04:24.713174,16.25861167907715
2026-04-26 22:04:24.912443,2026-04-26 22:04:24.912443,15.753413200378418
2026-04-26 22:04:25.113428,2026-04-26 22:04:25.113428,15.14821434020996
2026-04-26 22:04:25.312921,2026-04-26 22:04:25.312921,14.633794784545898
2026-04-26 22:04:25.513141,2026-04-26 22:04:25.513141,14.196537971496582
2026-04-26 22:04:25.712871,2026-04-26 22:04:25.712871,13.824869155883787
2026-04-26 22:04:25.912952,2026-04-26 22:04:25.912952,13.508951187133787
2026-04-26 22:04:26.115053,2026-04-26 22:04:26.115053,13.240421295166016
2026-04-26 22:04:26.312926,2026-04-26 22:04:26.312926,13.012170791625977
2026-04-26 22:04:26.512396,2026-04-26 22:04:26.512396,12.642375946044922
2026-04-26 22:04:26.713728,2026-04-26 22:04:26.713728,12.328051567077637
2026-04-26 22:04:26.913133,2026-04-26 22:04:26.913133,12.060874938964844
2026-04-26 22:04:27.112835,2026-04-26 22:04:27.112835,11.83377456665039
2026-04-26 22:04:27.312768,2026-04-26 22:04:27.312768,11.640739440917969
2026-04-26 22:04:27.512599,2026-04-26 22:04:27.512599,11.476659774780272
2026-04-26 22:04:27.714164,2026-04-26 22:04:27.714164,11.33719253540039
2026-04-26 22:04:27.912983,2026-04-26 22:04:27.912983,11.218645095825195
2026-04-26 22:04:28.124209,2026-04-26 22:04:28.124209,11.117878913879396
2026-04-26 22:04:28.312675,2026-04-26 22:04:28.312675,11.032228469848633
2026-04-26 22:04:28.513094,2026-04-26 22:04:28.513094,10.959425926208496
2026-04-26 22:04:28.722656,2026-04-26 22:04:28.722656,10.897542953491213
2026-04-26 22:04:28.913141,2026-04-26 22:04:28.913141,10.844943046569824
2026-04-26 22:04:29.113198,2026-04-26 22:04:29.113198,10.800232887268066
2026-04-26 22:04:29.312259,2026-04-26 22:04:29.312259,12.344260215759276
2026-04-26 22:04:29.527014,2026-04-26 22:04:29.527014,13.656683921813965
2026-04-26 22:04:29.712803,2026-04-26 22:04:29.712803,14.77224349975586
2026-04-26 22:04:29.914497,2026-04-26 22:04:29.914497,15.72046947479248
2026-04-26 22:04:30.113012,2026-04-26 22:04:30.113012,16.52646255493164
2026-04-26 22:04:30.323306,2026-04-26 22:04:30.323306,17.21155548095703
2026-04-26 22:04:30.513313,2026-04-26 22:04:30.513313,17.79388427734375
2026-04-26 22:04:30.712771,2026-04-26 22:04:30.712771,18.464645385742188
2026-04-26 22:04:30.922876,2026-04-26 22:04:30.922876,19.034791946411133
2026-04-26 22:04:31.113166,2026-04-26 22:04:31.113166,19.51941680908203
2026-04-26 22:04:31.323127,2026-04-26 22:04:31.323127,19.93134880065918
2026-04-26 22:04:31.526647,2026-04-26 22:04:31.526647,20.28149032592773
2026-04-26 22:04:31.714451,2026-04-26 22:04:31.714451,20.57910919189453
2026-04-26 22:04:31.923303,2026-04-26 22:04:31.923303,20.83208656311035
2026-04-26 22:04:32.113058,2026-04-26 22:04:32.113058,21.047117233276367
2026-04-26 22:04:32.323606,2026-04-26 22:04:32.323606,21.229894638061523
2026-04-26 22:04:32.513386,2026-04-26 22:04:32.513386,21.38525390625
2026-04-26 22:04:32.715159,2026-04-26 22:04:32.715159,21.517309188842773
2026-04-26 22:04:32.913450,2026-04-26 22:04:32.913450,21.45377540588379
2026-04-26 22:04:33.123504,2026-04-26 22:04:33.123504,21.399770736694336
2026-04-26 22:04:33.314178,2026-04-26 22:04:33.314178,21.35386848449707
2026-04-26 22:04:33.514902,2026-04-26 22:04:33.514902,21.314849853515625
2026-04-26 22:04:33.723171,2026-04-26 22:04:33.723171,19.69965362548828
2026-04-26 22:04:33.914057,2026-04-26 22:04:33.914057,19.732988357543945
2026-04-26 22:04:34.122832,2026-04-26 22:04:34.122832,19.761320114135746
2026-04-26 22:04:34.322926,2026-04-26 22:04:34.322926,19.609622955322266
2026-04-26 22:04:34.515033,2026-04-26 22:04:34.515033,19.48067855834961
2026-04-26 22:04:34.722915,2026-04-26 22:04:34.722915,19.195295333862305
2026-04-26 22:04:34.917137,2026-04-26 22:04:34.917137,18.952720642089844
2026-04-26 22:04:35.114211,2026-04-26 22:04:35.114211,18.570749282836918
2026-04-26 22:04:35.313494,2026-04-26 22:04:35.313494,17.718730926513672
2026-04-26 22:04:35.522473,2026-04-26 22:04:35.522473,17.52185821533203
2026-04-26 22:04:35.713827,2026-04-26 22:04:35.713827,17.002954483032227
2026-04-26 22:04:35.923053,2026-04-26 22:04:35.923053,16.561887741088867
2026-04-26 22:04:36.122389,2026-04-26 22:04:36.122389,16.538541793823242
2026-04-26 22:04:36.313639,2026-04-26 22:04:36.313639,16.51869773864746
2026-04-26 22:04:36.513836,2026-04-26 22:04:36.513836,16.5018310546875
2026-04-26 22:04:36.714427,2026-04-26 22:04:36.714427,16.31171226501465
2026-04-26 22:04:36.923919,2026-04-26 22:04:36.923919,16.15011215209961
2026-04-26 22:04:37.115641,2026-04-26 22:04:37.115641,16.01275062561035
2026-04-26 22:04:37.316732,2026-04-26 22:04:37.316732,15.895995140075684
2026-04-26 22:04:37.524219,2026-04-26 22:04:37.524219,15.796751976013184
2026-04-26 22:04:37.722563,2026-04-26 22:04:37.722563,15.712395668029783
2026-04-26 22:04:37.913859,2026-04-26 22:04:37.913859,15.640691757202148
2026-04-26 22:04:38.125615,2026-04-26 22:04:38.125615,15.579744338989258
2026-04-26 22:04:38.322431,2026-04-26 22:04:38.322431,15.527938842773438
2026-04-26 22:04:38.515187,2026-04-26 22:04:38.515187,15.483904838562012
2026-04-26 22:04:38.714993,2026-04-26 22:04:38.714993,15.2706937789917
2026-04-26 22:04:38.922327,2026-04-26 22:04:38.922327,15.089465141296388
2026-04-26 22:04:39.123943,2026-04-26 22:04:39.123943,15.111201286315918
2026-04-26 22:04:39.322624,2026-04-26 22:04:39.322624,15.129677772521973
2026-04-26 22:04:39.523350,2026-04-26 22:04:39.523350,15.145381927490234
2026-04-26 22:04:39.723229,2026-04-26 22:04:39.723229,14.982949256896973
2026-04-26 22:04:39.922985,2026-04-26 22:04:39.922985,15.020663261413574
2026-04-26 22:04:40.123218,2026-04-26 22:04:40.123218,15.052720069885254
2026-04-26 22:04:40.323314,2026-04-26 22:04:40.323314,15.079968452453612
2026-04-26 22:04:40.513372,2026-04-26 22:04:40.513372,15.103129386901855
2026-04-26 22:04:40.722697,2026-04-26 22:04:40.722697,15.12281608581543
2026-04-26 22:04:40.922949,2026-04-26 22:04:40.922949,15.13955020904541
2026-04-26 22:04:41.122393,2026-04-26 22:04:41.122393,15.15377426147461
2026-04-26 22:04:41.323138,2026-04-26 22:04:41.323138,14.990082740783691
2026-04-26 22:04:54.414647,2026-04-26 22:04:54.414647,14.850945472717283
2026-04-26 22:04:54.623648,2026-04-26 22:04:54.623648,14.732678413391112
2026-04-26 22:04:54.815191,2026-04-26 22:04:54.815191,14.63215160369873
2026-04-26 22:04:55.022822,2026-04-26 22:04:55.022822,14.546704292297363
2026-04-26 22:04:55.222342,2026-04-26 22:04:55.222342,14.47407341003418
2026-04-26 22:04:55.423197,2026-04-26 22:04:55.423197,14.23655605316162
2026-04-26 22:04:55.623168,2026-04-26 22:04:55.623168,14.210447311401367
2026-04-26 22:04:55.824215,2026-04-26 22:04:55.824215,14.188255310058594
2026-04-26 22:04:56.022959,2026-04-26 22:04:56.022959,13.993611335754396
2026-04-26 22:04:56.222975,2026-04-26 22:04:56.222975,13.828163146972656
2026-04-26 22:04:56.414647,2026-04-26 22:04:56.414647,13.687532424926758
2026-04-26 22:04:56.624576,2026-04-26 22:04:56.624576,13.56799602508545
2026-04-26 22:04:56.822515,2026-04-26 22:04:56.822515,13.466390609741213
2026-04-26 22:04:57.016727,2026-04-26 22:04:57.016727,13.38002586364746
2026-04-26 22:04:57.222511,2026-04-26 22:04:57.222511,13.306615829467772
2026-04-26 22:04:57.422410,2026-04-26 22:04:57.422410,13.244216918945312
2026-04-26 22:04:57.622393,2026-04-26 22:04:57.622393,13.19117832183838
2026-04-26 22:04:57.823159,2026-04-26 22:04:57.823159,13.146095275878906
2026-04-26 22:04:58.022383,2026-04-26 22:04:58.022383,13.10777473449707
2026-04-26 22:04:58.222512,2026-04-26 22:04:58.222512,13.075201988220217
2026-04-26 22:04:58.422813,2026-04-26 22:04:58.422813,13.047515869140623
2026-04-26 22:04:58.623732,2026-04-26 22:04:58.623732,13.023982048034668
2026-04-26 22:04:58.822421,2026-04-26 22:04:58.822421,13.003978729248049
2026-04-26 22:04:59.023138,2026-04-26 22:04:59.023138,14.74478816986084
2026-04-26 22:04:59.222396,2026-04-26 22:04:59.222396,14.466663360595703
2026-04-26 22:04:59.422530,2026-04-26 22:04:59.422530,16.163850784301758
2026-04-26 22:04:59.614755,2026-04-26 22:04:59.614755,17.606460571289062
2026-04-26 22:04:59.823068,2026-04-26 22:04:59.823068,16.723304748535156
2026-04-26 22:05:00.023967,2026-04-26 22:05:00.023967,15.972620964050291
2026-04-26 22:05:00.223167,2026-04-26 22:05:00.223167,15.334540367126465
2026-04-26 22:05:00.423243,2026-04-26 22:05:00.423243,14.7921724319458
2026-04-26 22:05:00.622816,2026-04-26 22:05:00.622816,16.440534591674805
2026-04-26 22:05:00.822449,2026-04-26 22:05:00.822449,15.732266426086426
2026-04-26 22:05:01.022398,2026-04-26 22:05:01.022398,14.95445728302002
2026-04-26 22:05:01.222492,2026-04-26 22:05:01.222492,14.469100952148438
2026-04-26 22:05:01.423453,2026-04-26 22:05:01.423453,13.880767822265623
2026-04-26 22:05:01.622468,2026-04-26 22:05:01.622468,13.55646514892578
2026-04-26 22:05:01.824641,2026-04-26 22:05:01.824641,13.105026245117188
2026-04-26 22:05:02.023011,2026-04-26 22:05:02.023011,12.721303939819336
2026-04-26 22:05:02.223460,2026-04-26 22:05:02.223460,12.570920944213867
2026-04-26 22:05:02.422806,2026-04-26 22:05:02.422806,12.267313957214355
2026-04-26 22:05:02.623192,2026-04-26 22:05:02.623192,12.009247779846191
2026-04-26 22:05:02.822566,2026-04-26 22:05:02.822566,11.789892196655272
2026-04-26 22:05:03.022990,2026-04-26 22:05:03.022990,11.603439331054688
2026-04-26 22:05:03.222826,2026-04-26 22:05:03.222826,11.444954872131348
2026-04-26 22:05:03.424031,2026-04-26 22:05:03.424031,11.310242652893066
2026-04-26 22:05:03.623751,2026-04-26 22:05:03.623751,11.195737838745115
2026-04-26 22:05:03.824074,2026-04-26 22:05:03.824074,11.098408699035645
2026-04-26 22:05:04.023289,2026-04-26 22:05:04.023289,10.83989715576172
2026-04-26 22:05:04.223073,2026-04-26 22:05:04.223073,10.795943260192873
2026-04-26 22:05:04.423840,2026-04-26 22:05:04.423840,10.582801818847656
2026-04-26 22:05:04.624399,2026-04-26 22:05:04.624399,10.401631355285645
2026-04-26 22:05:04.823191,2026-04-26 22:05:04.823191,10.247636795043944
2026-04-26 22:05:05.024492,2026-04-26 22:05:05.024492,10.116741180419922
2026-04-26 22:05:05.223087,2026-04-26 22:05:05.223087,10.18126106262207
2026-04-26 22:05:05.424318,2026-04-26 22:05:05.424318,10.236104011535645
2026-04-26 22:05:05.622793,2026-04-26 22:05:05.622793,10.458500862121582
2026-04-26 22:05:05.823029,2026-04-26 22:05:05.823029,10.647538185119627
2026-04-26 22:05:06.022677,2026-04-26 22:05:06.022677,10.808219909667969
2026-04-26 22:05:06.223913,2026-04-26 22:05:06.223913,10.944799423217772
2026-04-26 22:05:06.424891,2026-04-26 22:05:06.424891,11.06089210510254
2026-04-26 22:05:06.622545,2026-04-26 22:05:06.622545,11.159570693969728
2026-04-26 22:05:06.822694,2026-04-26 22:05:06.822694,11.419228553771973
2026-04-26 22:05:07.014061,2026-04-26 22:05:07.014061,11.639938354492188
2026-04-26 22:05:07.224101,2026-04-26 22:05:07.224101,11.82754135131836
2026-04-26 22:05:07.423777,2026-04-26 22:05:07.423777,11.987003326416016
2026-04-26 22:05:07.623570,2026-04-26 22:05:07.623570,12.122547149658203
2026-04-26 22:05:07.824215,2026-04-26 22:05:07.824215,12.23775863647461
2026-04-26 22:05:08.014109,2026-04-26 22:05:08.014109,12.335688591003418
2026-04-26 22:05:08.222396,2026-04-26 22:05:08.222396,12.41892910003662
2026-04-26 22:05:08.424642,2026-04-26 22:05:08.424642,12.489683151245115
2026-04-26 22:05:08.624087,2026-04-26 22:05:08.624087,12.549824714660645
2026-04-26 22:05:08.825620,2026-04-26 22:05:08.825620,12.600944519042969
2026-04-26 22:05:09.027275,2026-04-26 22:05:09.027275,12.644396781921388
2026-04-26 22:05:09.223294,2026-04-26 22:05:09.223294,12.681330680847168
2026-04-26 22:05:09.414245,2026-04-26 22:05:09.414245,12.888505935668944
2026-04-26 22:05:09.623165,2026-04-26 22:05:09.623165,13.064605712890623
2026-04-26 22:05:09.823486,2026-04-26 22:05:09.823486,13.038508415222168
2026-04-26 22:05:10.023745,2026-04-26 22:05:10.023745,13.01632595062256
2026-04-26 22:05:10.223070,2026-04-26 22:05:10.223070,13.17325210571289
2026-04-26 22:05:10.423791,2026-04-26 22:05:10.423791,13.306638717651367
2026-04-26 22:05:10.622464,2026-04-26 22:05:10.622464,13.420018196105955
2026-04-26 22:05:10.824079,2026-04-26 22:05:10.824079,13.516390800476074
2026-04-26 22:05:11.023957,2026-04-26 22:05:11.023957,13.422525405883787
2026-04-26 22:05:11.225260,2026-04-26 22:05:11.225260,14.748991012573242
2026-04-26 22:05:11.422627,2026-04-26 22:05:11.422627,15.87648582458496
2026-04-26 22:05:11.626303,2026-04-26 22:05:11.626303,16.659074783325195
2026-04-26 22:05:11.824149,2026-04-26 22:05:11.824149,16.796932220458984
2026-04-26 22:05:12.023911,2026-04-26 22:05:12.023911,16.914112091064453
2026-04-26 22:05:12.224162,2026-04-26 22:05:12.224162,17.013713836669922
2026-04-26 22:05:12.423136,2026-04-26 22:05:12.423136,17.27415657043457
2026-04-26 22:05:12.623156,2026-04-26 22:05:12.623156,17.495532989501953
2026-04-26 22:05:12.823616,2026-04-26 22:05:12.823616,17.68370246887207
2026-04-26 22:05:13.023781,2026-04-26 22:05:13.023781,17.492084503173828
2026-04-26 22:05:13.223816,2026-04-26 22:05:13.223816,17.68077278137207
2026-04-26 22:05:13.423107,2026-04-26 22:05:13.423107,18.01693725585937
2026-04-26 22:05:13.623067,2026-04-26 22:05:13.623067,18.12689781188965
2026-04-26 22:05:13.823096,2026-04-26 22:05:13.823096,18.396142959594727
2026-04-26 22:05:14.022627,2026-04-26 22:05:14.022627,18.625003814697266
2026-04-26 22:05:14.222875,2026-04-26 22:05:14.222875,18.81953430175781
2026-04-26 22:05:14.422507,2026-04-26 22:05:14.422507,18.809104919433597
2026-04-26 22:05:14.622449,2026-04-26 22:05:14.622449,19.15180015563965
2026-04-26 22:05:14.823106,2026-04-26 22:05:14.823106,19.26731300354004
2026-04-26 22:05:15.022931,2026-04-26 22:05:15.022931,19.36549568176269
2026-04-26 22:05:15.222616,2026-04-26 22:05:15.222616,19.27317237854004
2026-04-26 22:05:15.414934,2026-04-26 22:05:15.414934,19.1946964263916
2026-04-26 22:05:15.622525,2026-04-26 22:05:15.622525,19.127992630004883
2026-04-26 22:05:15.823593,2026-04-26 22:05:15.823593,19.071292877197266
2026-04-26 22:05:16.023602,2026-04-26 22:05:16.023602,19.023099899291992
2026-04-26 22:05:16.222857,2026-04-26 22:05:16.222857,18.982133865356445
2026-04-26 22:05:16.423003,2026-04-26 22:05:16.423003,18.94731330871582
2026-04-26 22:05:16.623303,2026-04-26 22:05:16.623303,18.74193572998047
2026-04-26 22:05:16.822505,2026-04-26 22:05:16.822505,18.743144989013672
2026-04-26 22:05:17.022672,2026-04-26 22:05:17.022672,19.27151679992676
2026-04-26 22:05:17.215450,2026-04-26 22:05:17.215450,19.896413803100582
2026-04-26 22:05:17.423499,2026-04-26 22:05:17.423499,20.42757797241211
2026-04-26 22:05:17.623500,2026-04-26 22:05:17.623500,20.00016021728516
2026-04-26 22:05:17.823894,2026-04-26 22:05:17.823894,20.69154167175293
2026-04-26 22:05:18.022467,2026-04-26 22:05:18.022467,21.279216766357425
2026-04-26 22:05:18.222803,2026-04-26 22:05:18.222803,21.77873992919922
2026-04-26 22:05:18.422422,2026-04-26 22:05:18.422422,22.20333671569824
2026-04-26 22:05:18.622387,2026-04-26 22:05:18.622387,22.56424140930176
2026-04-26 22:05:18.824460,2026-04-26 22:05:18.824460,23.04679298400879
2026-04-26 22:05:19.022369,2026-04-26 22:05:19.022369,23.281179428100582
2026-04-26 22:05:19.223172,2026-04-26 22:05:19.223172,23.480409622192383
2026-04-26 22:05:19.425336,2026-04-26 22:05:19.425336,23.64975357055664
2026-04-26 22:05:19.623232,2026-04-26 22:05:19.623232,23.79369735717773
2026-04-26 22:05:32.724196,2026-04-26 22:05:32.724196,23.91604995727539
2026-04-26 22:05:32.922634,2026-04-26 22:05:32.922634,24.02004814147949
2026-04-26 22:05:33.123275,2026-04-26 22:05:33.123275,24.10844612121582
2026-04-26 22:05:33.324534,2026-04-26 22:05:33.324534,22.60155487060547
2026-04-26 22:05:33.514922,2026-04-26 22:05:33.514922,21.320695877075195
2026-04-26 22:05:33.724266,2026-04-26 22:05:33.724266,20.23196792602539
2026-04-26 22:05:33.923443,2026-04-26 22:05:33.923443,19.306547164916992
2026-04-26 22:05:34.122811,2026-04-26 22:05:34.122811,18.344158172607425
2026-04-26 22:05:34.322407,2026-04-26 22:05:34.322407,17.5261287689209
2026-04-26 22:05:34.522540,2026-04-26 22:05:34.522540,16.83080291748047
2026-04-26 22:05:34.724377,2026-04-26 22:05:34.724377,16.239776611328125
2026-04-26 22:05:34.923672,2026-04-26 22:05:34.923672,15.737403869628906
2026-04-26 22:05:35.122969,2026-04-26 22:05:35.122969,15.310386657714844
2026-04-26 22:05:35.325057,2026-04-26 22:05:35.325057,14.947422981262209
2026-04-26 22:05:35.522682,2026-04-26 22:05:35.522682,14.46312141418457
2026-04-26 22:05:35.722333,2026-04-26 22:05:35.722333,14.05146598815918
2026-04-26 22:05:35.922379,2026-04-26 22:05:35.922379,13.701558113098145
2026-04-26 22:05:36.122676,2026-04-26 22:05:36.122676,13.40413761138916
2026-04-26 22:05:36.323281,2026-04-26 22:05:36.323281,12.975547790527344
2026-04-26 22:05:36.523329,2026-04-26 22:05:36.523329,12.611247062683104
2026-04-26 22:05:36.722590,2026-04-26 22:05:36.722590,12.301590919494627
2026-04-26 22:05:36.922367,2026-04-26 22:05:36.922367,12.03838348388672
2026-04-26 22:05:37.122531,2026-04-26 22:05:37.122531,11.814657211303713
2026-04-26 22:05:37.322382,2026-04-26 22:05:37.322382,11.624489784240724
2026-04-26 22:05:37.522856,2026-04-26 22:05:37.522856,11.462847709655762
2026-04-26 22:05:37.722382,2026-04-26 22:05:37.722382,11.325451850891112
2026-04-26 22:05:37.922382,2026-04-26 22:05:37.922382,11.208664894104004
2026-04-26 22:05:38.122976,2026-04-26 22:05:38.122976,11.109396934509276
2026-04-26 22:05:38.323890,2026-04-26 22:05:38.323890,11.025018692016602
2026-04-26 22:05:38.523742,2026-04-26 22:05:38.523742,10.953296661376951
2026-04-26 22:05:38.723379,2026-04-26 22:05:38.723379,10.716552734375
2026-04-26 22:05:38.922353,2026-04-26 22:05:38.922353,10.51531982421875
2026-04-26 22:05:39.122945,2026-04-26 22:05:39.122945,10.344271659851074
2026-04-26 22:05:39.322448,2026-04-26 22:05:39.322448,10.198881149291992
2026-04-26 22:05:39.524100,2026-04-26 22:05:39.524100,10.075298309326172
2026-04-26 22:05:39.722617,2026-04-26 22:05:39.722617,9.970253944396973
2026-04-26 22:05:39.923022,2026-04-26 22:05:39.923022,9.880966186523438
2026-04-26 22:05:40.123155,2026-04-26 22:05:40.123155,9.805070877075195
2026-04-26 22:05:40.323167,2026-04-26 22:05:40.323167,9.740560531616213
2026-04-26 22:05:40.523610,2026-04-26 22:05:40.523610,9.685726165771484
2026-04-26 22:05:40.724106,2026-04-26 22:05:40.724106,9.639117240905762
2026-04-26 22:05:40.923245,2026-04-26 22:05:40.923245,9.599499702453612
2026-04-26 22:05:41.123607,2026-04-26 22:05:41.123607,9.565824508666992
2026-04-26 22:05:41.324053,2026-04-26 22:05:41.324053,9.537200927734377
2026-04-26 22:05:41.523967,2026-04-26 22:05:41.523967,9.51287078857422
2026-04-26 22:05:41.722810,2026-04-26 22:05:41.722810,9.49219036102295
2026-04-26 22:05:41.923102,2026-04-26 22:05:41.923102,9.474611282348633
2026-04-26 22:05:42.123007,2026-04-26 22:05:42.123007,9.459670066833496
2026-04-26 22:05:42.322497,2026-04-26 22:05:42.322497,9.446969032287598
2026-04-26 22:05:42.523453,2026-04-26 22:05:42.523453,9.436174392700195
2026-04-26 22:05:42.724362,2026-04-26 22:05:42.724362,9.426998138427734
2026-04-26 22:05:42.923052,2026-04-26 22:05:42.923052,9.419198036193848
2026-04-26 22:05:43.122576,2026-04-26 22:05:43.122576,9.236786842346191
2026-04-26 22:05:43.323612,2026-04-26 22:05:43.323612,9.081737518310549
2026-04-26 22:05:43.523503,2026-04-26 22:05:43.523503,10.707758903503418
2026-04-26 22:05:43.722800,2026-04-26 22:05:43.722800,10.332063674926758
2026-04-26 22:05:43.922502,2026-04-26 22:05:43.922502,10.188504219055176
2026-04-26 22:05:44.122542,2026-04-26 22:05:44.122542,11.648509979248049
2026-04-26 22:05:44.325317,2026-04-26 22:05:44.325317,12.889513969421388
2026-04-26 22:05:44.524349,2026-04-26 22:05:44.524349,12.362337112426758
2026-04-26 22:05:44.722402,2026-04-26 22:05:44.722402,11.914237022399902
2026-04-26 22:05:44.922822,2026-04-26 22:05:44.922822,11.533350944519045
2026-04-26 22:05:45.123436,2026-04-26 22:05:45.123436,11.209598541259766
2026-04-26 22:05:45.325042,2026-04-26 22:05:45.325042,10.934409141540527
2026-04-26 22:05:45.523122,2026-04-26 22:05:45.523122,10.7004976272583
2026-04-26 22:05:45.725676,2026-04-26 22:05:45.725676,10.501672744750977
2026-04-26 22:05:45.922395,2026-04-26 22:05:45.922395,10.332672119140623
2026-04-26 22:05:46.122974,2026-04-26 22:05:46.122974,10.189021110534668
2026-04-26 22:05:46.322618,2026-04-26 22:05:46.322618,10.06691837310791
2026-04-26 22:05:46.524165,2026-04-26 22:05:46.524165,9.963129997253418
2026-04-26 22:05:46.723819,2026-04-26 22:05:46.723819,9.874910354614258
2026-04-26 22:05:46.924314,2026-04-26 22:05:46.924314,9.79992389678955
2026-04-26 22:05:47.124190,2026-04-26 22:05:47.124190,9.91196632385254
2026-04-26 22:05:47.324062,2026-04-26 22:05:47.324062,10.182984352111816
2026-04-26 22:05:47.523301,2026-04-26 22:05:47.523301,10.413349151611328
2026-04-26 22:05:47.724428,2026-04-26 22:05:47.724428,10.784940719604492
2026-04-26 22:05:47.924252,2026-04-26 22:05:47.924252,11.10079288482666
2026-04-26 22:05:48.123145,2026-04-26 22:05:48.123145,11.545048713684082
2026-04-26 22:05:48.323126,2026-04-26 22:05:48.323126,11.746885299682615
2026-04-26 22:05:48.522461,2026-04-26 22:05:48.522461,11.91844654083252
2026-04-26 22:05:48.724524,2026-04-26 22:05:48.724524,12.2400541305542
2026-04-26 22:05:48.924949,2026-04-26 22:05:48.924949,12.513421058654783
2026-04-26 22:05:49.123122,2026-04-26 22:05:49.123122,12.570001602172852
2026-04-26 22:05:49.325205,2026-04-26 22:05:49.325205,12.79387664794922
2026-04-26 22:05:49.524426,2026-04-26 22:05:49.524426,12.984169960021973
2026-04-26 22:05:49.727423,2026-04-26 22:05:49.727423,13.321701049804688
2026-04-26 22:05:49.924292,2026-04-26 22:05:49.924292,13.432820320129396
2026-04-26 22:05:50.122476,2026-04-26 22:05:50.122476,13.52727222442627
2026-04-26 22:05:50.323134,2026-04-26 22:05:50.323134,13.607556343078612
2026-04-26 22:05:50.524107,2026-04-26 22:05:50.524107,13.675798416137695
2026-04-26 22:05:50.723635,2026-04-26 22:05:50.723635,13.733803749084473
2026-04-26 22:05:50.922992,2026-04-26 22:05:50.922992,13.78310775756836
2026-04-26 22:05:51.123495,2026-04-26 22:05:51.123495,13.825016975402832
2026-04-26 22:05:51.324296,2026-04-26 22:05:51.324296,13.860639572143556
2026-04-26 22:05:51.523443,2026-04-26 22:05:51.523443,13.890918731689451
2026-04-26 22:05:51.723078,2026-04-26 22:05:51.723078,13.916655540466309
2026-04-26 22:05:51.924165,2026-04-26 22:05:51.924165,13.762750625610352
2026-04-26 22:05:52.125154,2026-04-26 22:05:52.125154,13.631932258605955
2026-04-26 22:05:52.322414,2026-04-26 22:05:52.322414,13.52073574066162
2026-04-26 22:05:52.523553,2026-04-26 22:05:52.523553,13.42621898651123
2026-04-26 22:05:52.723088,2026-04-26 22:05:52.723088,13.345880508422852
2026-04-26 22:05:52.922858,2026-04-26 22:05:52.922858,13.277591705322266
2026-04-26 22:05:53.123461,2026-04-26 22:05:53.123461,13.219547271728516
2026-04-26 22:05:53.323712,2026-04-26 22:05:53.323712,13.170208930969238
2026-04-26 22:05:53.522519,2026-04-26 22:05:53.522519,13.128271102905272
2026-04-26 22:05:53.723822,2026-04-26 22:05:53.723822,13.092623710632324
2026-04-26 22:05:53.922737,2026-04-26 22:05:53.922737,13.06232452392578
2026-04-26 22:05:54.123000,2026-04-26 22:05:54.123000,13.036569595336914
2026-04-26 22:05:54.322599,2026-04-26 22:05:54.322599,13.014678001403809
2026-04-26 22:05:54.522941,2026-04-26 22:05:54.522941,12.99606990814209
2026-04-26 22:05:54.722393,2026-04-26 22:05:54.722393,13.156034469604492
2026-04-26 22:05:54.922508,2026-04-26 22:05:54.922508,13.116223335266112
2026-04-26 22:05:55.123233,2026-04-26 22:05:55.123233,13.082383155822754
2026-04-26 22:05:55.315272,2026-04-26 22:05:55.315272,13.053619384765623
2026-04-26 22:05:55.524300,2026-04-26 22:05:55.524300,13.029170036315918
2026-04-26 22:05:55.723527,2026-04-26 22:05:55.723527,13.00838851928711
2026-04-26 22:05:55.923246,2026-04-26 22:05:55.923246,12.990723609924316
2026-04-26 22:05:56.117988,2026-04-26 22:05:56.117988,12.975708961486816
2026-04-26 22:05:56.322505,2026-04-26 22:05:56.322505,12.962946891784668
2026-04-26 22:05:56.522456,2026-04-26 22:05:56.522456,12.95209789276123
2026-04-26 22:05:56.724065,2026-04-26 22:05:56.724065,12.767096519470217
2026-04-26 22:05:56.922425,2026-04-26 22:05:56.922425,12.609844207763672
2026-04-26 22:05:57.122934,2026-04-26 22:05:57.122934,15.11289882659912
2026-04-26 22:05:57.322267,2026-04-26 22:05:57.322267,17.240495681762695
2026-04-26 22:05:57.523236,2026-04-26 22:05:57.523236,19.048952102661133
2026-04-26 22:05:57.722751,2026-04-26 22:05:57.722751,20.58613967895508
2026-04-26 22:05:57.922356,2026-04-26 22:05:57.922356,21.892751693725582
2026-04-26 22:06:11.025211,2026-04-26 22:06:11.025211,23.00337028503418
2026-04-26 22:06:11.224045,2026-04-26 22:06:11.224045,23.94739532470703
2026-04-26 22:06:11.427083,2026-04-26 22:06:11.427083,24.74981689453125
2026-04-26 22:06:11.625109,2026-04-26 22:06:11.625109,25.43187522888184
2026-04-26 22:06:11.824329,2026-04-26 22:06:11.824329,26.011625289916992
2026-04-26 22:06:12.025239,2026-04-26 22:06:12.025239,26.504413604736328
2026-04-26 22:06:12.222370,2026-04-26 22:06:12.222370,26.923282623291016
2026-04-26 22:06:12.422396,2026-04-26 22:06:12.422396,27.279321670532227
2026-04-26 22:06:12.624172,2026-04-26 22:06:12.624172,27.581954956054688
2026-04-26 22:06:12.822868,2026-04-26 22:06:12.822868,27.66341209411621
2026-04-26 22:06:13.023668,2026-04-26 22:06:13.023668,27.732648849487305
2026-04-26 22:06:13.222627,2026-04-26 22:06:13.222627,27.791501998901367
2026-04-26 22:06:13.422655,2026-04-26 22:06:13.422655,27.84152603149414
2026-04-26 22:06:13.622465,2026-04-26 22:06:13.622465,27.708267211914062
2026-04-26 22:06:13.823281,2026-04-26 22:06:13.823281,27.594995498657227
2026-04-26 22:06:14.023177,2026-04-26 22:06:14.023177,27.498714447021484
2026-04-26 22:06:14.223130,2026-04-26 22:06:14.223130,27.4168758392334
2026-04-26 22:06:14.422918,2026-04-26 22:06:14.422918,27.347312927246094
2026-04-26 22:06:14.622681,2026-04-26 22:06:14.622681,27.288185119628903
2026-04-26 22:06:14.823012,2026-04-26 22:06:14.823012,27.237926483154297
2026-04-26 22:06:15.022797,2026-04-26 22:06:15.022797,27.19520568847656
2026-04-26 22:06:15.223171,2026-04-26 22:06:15.223171,26.98311233520508
2026-04-26 22:06:15.423709,2026-04-26 22:06:15.423709,26.802833557128903
2026-04-26 22:06:15.623271,2026-04-26 22:06:15.623271,26.64959526062012
2026-04-26 22:06:15.822547,2026-04-26 22:06:15.822547,26.519344329833984
2026-04-26 22:06:16.022948,2026-04-26 22:06:16.022948,26.40863037109375
2026-04-26 22:06:16.222560,2026-04-26 22:06:16.222560,26.31452369689941
2026-04-26 22:06:16.422946,2026-04-26 22:06:16.422946,26.23453140258789
2026-04-26 22:06:16.628566,2026-04-26 22:06:16.628566,26.166540145874023
2026-04-26 22:06:16.822661,2026-04-26 22:06:16.822661,26.10874557495117
2026-04-26 22:06:17.025409,2026-04-26 22:06:17.025409,26.05962181091309
2026-04-26 22:06:17.222939,2026-04-26 22:06:17.222939,26.017866134643555
2026-04-26 22:06:17.423033,2026-04-26 22:06:17.423033,25.80659294128418
2026-04-26 22:06:17.622460,2026-04-26 22:06:17.622460,25.627010345458984
2026-04-26 22:06:17.823071,2026-04-26 22:06:17.823071,25.474365234375
2026-04-26 22:06:18.022697,2026-04-26 22:06:18.022697,25.344615936279297
2026-04-26 22:06:18.222396,2026-04-26 22:06:18.222396,25.23432922363281
2026-04-26 22:06:18.422436,2026-04-26 22:06:18.422436,25.140586853027344
2026-04-26 22:06:18.624641,2026-04-26 22:06:18.624641,25.06090545654297
2026-04-26 22:06:18.825333,2026-04-26 22:06:18.825333,24.8173942565918
2026-04-26 22:06:19.023250,2026-04-26 22:06:19.023250,24.610410690307617
2026-04-26 22:06:19.223470,2026-04-26 22:06:19.223470,24.434473037719727
2026-04-26 22:06:19.423779,2026-04-26 22:06:19.423779,24.284927368164062
2026-04-26 22:06:19.622603,2026-04-26 22:06:19.622603,23.982032775878903
2026-04-26 22:06:19.823295,2026-04-26 22:06:19.823295,23.724571228027344
2026-04-26 22:06:20.022942,2026-04-26 22:06:20.022942,23.50572967529297
2026-04-26 22:06:20.222363,2026-04-26 22:06:20.222363,23.319713592529297
2026-04-26 22:06:20.422866,2026-04-26 22:06:20.422866,23.16160011291504
2026-04-26 22:06:20.623569,2026-04-26 22:06:20.623569,23.027204513549805
2026-04-26 22:06:20.822394,2026-04-26 22:06:20.822394,22.91296768188477
2026-04-26 22:06:21.022460,2026-04-26 22:06:21.022460,22.815866470336918
2026-04-26 22:06:21.222336,2026-04-26 22:06:21.222336,22.73332977294922
2026-04-26 22:06:21.422540,2026-04-26 22:06:21.422540,22.66317367553711
2026-04-26 22:06:21.623563,2026-04-26 22:06:21.623563,22.60354232788086
2026-04-26 22:06:21.823181,2026-04-26 22:06:21.823181,22.552854537963867
2026-04-26 22:06:22.022974,2026-04-26 22:06:22.022974,20.576175689697266
2026-04-26 22:06:22.222468,2026-04-26 22:06:22.222468,20.829593658447266
2026-04-26 22:06:22.422768,2026-04-26 22:06:22.422768,21.044998168945312
2026-04-26 22:06:22.624236,2026-04-26 22:06:22.624236,21.22809219360352
2026-04-26 22:06:22.822666,2026-04-26 22:06:22.822666,21.38372230529785
2026-04-26 22:06:23.022382,2026-04-26 22:06:23.022382,21.516008377075195
2026-04-26 22:06:23.223500,2026-04-26 22:06:23.223500,21.62845039367676
2026-04-26 22:06:23.423340,2026-04-26 22:06:23.423340,21.54824447631836
2026-04-26 22:06:23.622975,2026-04-26 22:06:23.622975,21.480070114135746
2026-04-26 22:06:23.823198,2026-04-26 22:06:23.823198,21.597904205322266
2026-04-26 22:06:24.022467,2026-04-26 22:06:24.022467,21.52228164672852
2026-04-26 22:06:24.222478,2026-04-26 22:06:24.222478,21.4580020904541
2026-04-26 22:06:24.422872,2026-04-26 22:06:24.422872,21.403364181518555
2026-04-26 22:06:24.628987,2026-04-26 22:06:24.628987,21.356922149658203
2026-04-26 22:06:24.823622,2026-04-26 22:06:24.823622,21.317445755004883
2026-04-26 22:06:25.015894,2026-04-26 22:06:25.015894,21.283891677856445
2026-04-26 22:06:25.222731,2026-04-26 22:06:25.222731,21.25537109375
2026-04-26 22:06:25.424763,2026-04-26 22:06:25.424763,21.23112678527832
2026-04-26 22:06:25.623873,2026-04-26 22:06:25.623873,21.38630104064941
2026-04-26 22:06:25.824366,2026-04-26 22:06:25.824366,21.518199920654297
2026-04-26 22:06:26.025171,2026-04-26 22:06:26.025171,21.806095123291016
2026-04-26 22:06:26.224065,2026-04-26 22:06:26.224065,21.875024795532227
2026-04-26 22:06:26.423671,2026-04-26 22:06:26.423671,22.10939598083496
2026-04-26 22:06:26.624517,2026-04-26 22:06:26.624517,22.30861091613769
2026-04-26 22:06:26.823312,2026-04-26 22:06:26.823312,22.47794532775879
2026-04-26 22:06:27.023252,2026-04-26 22:06:27.023252,22.62187767028809
2026-04-26 22:06:27.223021,2026-04-26 22:06:27.223021,22.744220733642575
2026-04-26 22:06:27.423534,2026-04-26 22:06:27.423534,23.37555694580078
2026-04-26 22:06:27.622433,2026-04-26 22:06:27.622433,24.08797264099121
2026-04-26 22:06:27.823865,2026-04-26 22:06:27.823865,24.869308471679688
2026-04-26 22:06:28.023632,2026-04-26 22:06:28.023632,25.53344345092773
2026-04-26 22:06:28.222693,2026-04-26 22:06:28.222693,25.922176361083984
2026-04-26 22:06:28.422476,2026-04-26 22:06:28.422476,26.252599716186523
2026-04-26 22:06:28.624767,2026-04-26 22:06:28.624767,26.70924186706543
2026-04-26 22:06:28.822832,2026-04-26 22:06:28.822832,27.097387313842773
2026-04-26 22:06:29.028188,2026-04-26 22:06:29.028188,27.427309036254883
2026-04-26 22:06:29.223275,2026-04-26 22:06:29.223275,27.531963348388672
2026-04-26 22:06:29.426778,2026-04-26 22:06:29.426778,27.62091827392578
2026-04-26 22:06:29.624019,2026-04-26 22:06:29.624019,27.872312545776367
2026-04-26 22:06:29.824509,2026-04-26 22:06:29.824509,28.085996627807617
2026-04-26 22:06:30.023705,2026-04-26 22:06:30.023705,28.267627716064453
2026-04-26 22:06:30.223280,2026-04-26 22:06:30.223280,28.422016143798828
2026-04-26 22:06:30.423281,2026-04-26 22:06:30.423281,28.55324363708496
2026-04-26 22:06:30.626400,2026-04-26 22:06:30.626400,28.6647891998291
2026-04-26 22:06:30.825955,2026-04-26 22:06:30.825955,28.759601593017575
2026-04-26 22:06:31.024718,2026-04-26 22:06:31.024718,28.840192794799805
2026-04-26 22:06:31.225034,2026-04-26 22:06:31.225034,28.908695220947266
2026-04-26 22:06:31.423932,2026-04-26 22:06:31.423932,28.96692276000977
2026-04-26 22:06:31.622584,2026-04-26 22:06:31.622584,29.016414642333984
2026-04-26 22:06:31.822613,2026-04-26 22:06:31.822613,29.058483123779297
2026-04-26 22:06:32.023419,2026-04-26 22:06:32.023419,29.094242095947266
2026-04-26 22:06:32.222487,2026-04-26 22:06:32.222487,29.12463760375977
2026-04-26 22:06:32.423247,2026-04-26 22:06:32.423247,29.15047264099121
2026-04-26 22:06:32.622853,2026-04-26 22:06:32.622853,29.17243385314941
2026-04-26 22:06:32.822659,2026-04-26 22:06:32.822659,29.19109916687012
2026-04-26 22:06:33.022934,2026-04-26 22:06:33.022934,29.206966400146484
2026-04-26 22:06:33.222476,2026-04-26 22:06:33.222476,29.2204532623291
2026-04-26 22:06:33.425260,2026-04-26 22:06:33.425260,29.231916427612305
2026-04-26 22:06:33.625480,2026-04-26 22:06:33.625480,29.24165916442871
2026-04-26 22:06:33.823029,2026-04-26 22:06:33.823029,29.249942779541016
2026-04-26 22:06:34.023844,2026-04-26 22:06:34.023844,29.256982803344727
2026-04-26 22:06:34.223191,2026-04-26 22:06:34.223191,29.26296615600586
2026-04-26 22:06:34.422501,2026-04-26 22:06:34.422501,29.26805305480957
2026-04-26 22:06:34.625574,2026-04-26 22:06:34.625574,29.272375106811523
2026-04-26 22:06:34.822455,2026-04-26 22:06:34.822455,29.276050567626957
2026-04-26 22:06:35.022364,2026-04-26 22:06:35.022364,29.2791748046875
2026-04-26 22:06:35.223125,2026-04-26 22:06:35.223125,29.28182983398437
2026-04-26 22:06:35.423268,2026-04-26 22:06:35.423268,29.284086227416992
2026-04-26 22:06:35.623195,2026-04-26 22:06:35.623195,29.1102237701416
2026-04-26 22:06:35.822342,2026-04-26 22:06:35.822342,28.962440490722656
2026-04-26 22:06:36.022794,2026-04-26 22:06:36.022794,28.836824417114254
2026-04-26 22:06:36.222617,2026-04-26 22:06:36.222617,28.73005104064941
2026-04-26 22:06:49.325226,2026-04-26 22:06:49.325226,26.881479263305664
2026-04-26 22:06:49.526990,2026-04-26 22:06:49.526990,25.31019592285156
2026-04-26 22:06:49.723944,2026-04-26 22:06:49.723944,23.7988224029541
2026-04-26 22:06:49.924725,2026-04-26 22:06:49.924725,22.51415634155273
2026-04-26 22:06:50.123238,2026-04-26 22:06:50.123238,21.42218780517578
2026-04-26 22:06:50.323961,2026-04-26 22:06:50.323961,20.494016647338867
2026-04-26 22:06:50.522604,2026-04-26 22:06:50.522604,19.70507049560547
2026-04-26 22:06:50.723387,2026-04-26 22:06:50.723387,19.21024703979492
2026-04-26 22:06:50.922789,2026-04-26 22:06:50.922789,18.789648056030277
2026-04-26 22:06:51.123276,2026-04-26 22:06:51.123276,18.783700942993164
2026-04-26 22:06:51.323228,2026-04-26 22:06:51.323228,18.778644561767575
2026-04-26 22:06:51.522797,2026-04-26 22:06:51.522797,18.950130462646484
2026-04-26 22:06:51.722367,2026-04-26 22:06:51.722367,19.09589195251465
2026-04-26 22:06:51.923583,2026-04-26 22:06:51.923583,19.044008255004883
2026-04-26 22:06:52.122666,2026-04-26 22:06:52.122666,19.175687789916992
2026-04-26 22:06:52.322524,2026-04-26 22:06:52.322524,19.111835479736328
2026-04-26 22:06:52.523193,2026-04-26 22:06:52.523193,18.881778717041016
2026-04-26 22:06:52.725096,2026-04-26 22:06:52.725096,18.862010955810547
2026-04-26 22:06:52.923912,2026-04-26 22:06:52.923912,18.6694278717041
2026-04-26 22:06:53.123299,2026-04-26 22:06:53.123299,18.505733489990234
2026-04-26 22:06:53.323104,2026-04-26 22:06:53.323104,18.19081115722656
2026-04-26 22:06:53.523552,2026-04-26 22:06:53.523552,18.098907470703125
2026-04-26 22:06:53.722808,2026-04-26 22:06:53.722808,18.020790100097656
2026-04-26 22:06:53.922815,2026-04-26 22:06:53.922815,17.954389572143555
2026-04-26 22:06:54.122666,2026-04-26 22:06:54.122666,17.897951126098633
2026-04-26 22:06:54.322589,2026-04-26 22:06:54.322589,17.849977493286133
2026-04-26 22:06:54.523211,2026-04-26 22:06:54.523211,17.8091983795166
2026-04-26 22:06:54.723767,2026-04-26 22:06:54.723767,17.598756790161133
2026-04-26 22:06:54.922665,2026-04-26 22:06:54.922665,17.419879913330078
2026-04-26 22:06:55.123237,2026-04-26 22:06:55.123237,17.09205436706543
2026-04-26 22:06:55.322940,2026-04-26 22:06:55.322940,16.81340217590332
2026-04-26 22:06:55.522411,2026-04-26 22:06:55.522411,16.576549530029297
2026-04-26 22:06:55.723222,2026-04-26 22:06:55.723222,16.37522315979004
2026-04-26 22:06:55.923576,2026-04-26 22:06:55.923576,16.2040958404541
2026-04-26 22:06:56.122526,2026-04-26 22:06:56.122526,16.058637619018555
2026-04-26 22:06:56.323190,2026-04-26 22:06:56.323190,15.759217262268066
2026-04-26 22:06:56.523080,2026-04-26 22:06:56.523080,15.328927993774414
2026-04-26 22:06:56.722522,2026-04-26 22:06:56.722522,15.13896369934082
2026-04-26 22:06:56.922537,2026-04-26 22:06:56.922537,14.977494239807127
2026-04-26 22:06:57.122756,2026-04-26 22:06:57.122756,14.664463996887209
2026-04-26 22:06:57.323219,2026-04-26 22:06:57.323219,14.398387908935549
2026-04-26 22:06:57.523054,2026-04-26 22:06:57.523054,14.172224044799805
2026-04-26 22:06:57.722546,2026-04-26 22:06:57.722546,13.97998332977295
2026-04-26 22:06:57.922708,2026-04-26 22:06:57.922708,13.816579818725586
2026-04-26 22:06:58.122762,2026-04-26 22:06:58.122762,13.67768669128418
2026-04-26 22:06:58.322639,2026-04-26 22:06:58.322639,13.559627532958984
2026-04-26 22:06:58.523742,2026-04-26 22:06:58.523742,13.459277153015137
2026-04-26 22:06:58.722379,2026-04-26 22:06:58.722379,13.373979568481444
2026-04-26 22:06:58.922848,2026-04-26 22:06:58.922848,13.12569522857666
2026-04-26 22:06:59.123029,2026-04-26 22:06:59.123029,12.914652824401855
2026-04-26 22:06:59.322628,2026-04-26 22:06:59.322628,12.735267639160156
2026-04-26 22:06:59.522593,2026-04-26 22:06:59.522593,12.58279037475586
2026-04-26 22:06:59.722461,2026-04-26 22:06:59.722461,12.628965377807615
2026-04-26 22:06:59.922717,2026-04-26 22:06:59.922717,12.668213844299316
2026-04-26 22:07:00.123058,2026-04-26 22:07:00.123058,12.701576232910156
2026-04-26 22:07:00.322430,2026-04-26 22:07:00.322430,12.72993278503418
2026-04-26 22:07:00.522435,2026-04-26 22:07:00.522435,12.754036903381348
2026-04-26 22:07:00.725582,2026-04-26 22:07:00.725582,12.59874439239502
2026-04-26 22:07:00.923059,2026-04-26 22:07:00.923059,12.642525672912598
2026-04-26 22:07:01.123124,2026-04-26 22:07:01.123124,12.50395965576172
2026-04-26 22:07:01.322430,2026-04-26 22:07:01.322430,12.561959266662598
2026-04-26 22:07:01.523555,2026-04-26 22:07:01.523555,12.43547821044922
2026-04-26 22:07:01.724743,2026-04-26 22:07:01.724743,12.32796859741211
2026-04-26 22:07:01.923499,2026-04-26 22:07:01.923499,12.41236686706543
2026-04-26 22:07:02.122970,2026-04-26 22:07:02.122970,12.484106063842772
2026-04-26 22:07:02.323871,2026-04-26 22:07:02.323871,12.545083999633787
2026-04-26 22:07:02.523083,2026-04-26 22:07:02.523083,12.772696495056152
2026-04-26 22:07:02.723229,2026-04-26 22:07:02.723229,12.790385246276855
2026-04-26 22:07:02.922462,2026-04-26 22:07:02.922462,12.805421829223633
2026-04-26 22:07:03.123183,2026-04-26 22:07:03.123183,12.818202018737791
2026-04-26 22:07:03.323025,2026-04-26 22:07:03.323025,13.004846572875977
2026-04-26 22:07:03.522722,2026-04-26 22:07:03.522722,12.987713813781738
2026-04-26 22:07:03.723077,2026-04-26 22:07:03.723077,13.148931503295898
2026-04-26 22:07:03.924039,2026-04-26 22:07:03.924039,13.110185623168944
2026-04-26 22:07:04.123079,2026-04-26 22:07:04.123079,13.253032684326172
2026-04-26 22:07:04.322478,2026-04-26 22:07:04.322478,13.374452590942385
2026-04-26 22:07:04.522712,2026-04-26 22:07:04.522712,13.301878929138184
2026-04-26 22:07:04.722552,2026-04-26 22:07:04.722552,13.415971755981444
2026-04-26 22:07:04.922708,2026-04-26 22:07:04.922708,13.161388397216797
2026-04-26 22:07:05.123182,2026-04-26 22:07:05.123182,12.769211769104004
2026-04-26 22:07:05.322668,2026-04-26 22:07:05.322668,12.435860633850098
2026-04-26 22:07:05.522630,2026-04-26 22:07:05.522630,13.20720100402832
2026-04-26 22:07:05.724069,2026-04-26 22:07:05.724069,13.862839698791504
2026-04-26 22:07:05.922918,2026-04-26 22:07:05.922918,14.59591293334961
2026-04-26 22:07:06.123078,2026-04-26 22:07:06.123078,15.219026565551758
2026-04-26 22:07:06.322603,2026-04-26 22:07:06.322603,15.748672485351562
2026-04-26 22:07:06.523865,2026-04-26 22:07:06.523865,16.198871612548828
2026-04-26 22:07:06.724162,2026-04-26 22:07:06.724162,16.757322311401367
2026-04-26 22:07:06.922625,2026-04-26 22:07:06.922625,17.232004165649414
2026-04-26 22:07:07.125744,2026-04-26 22:07:07.125744,17.63548469543457
2026-04-26 22:07:07.322640,2026-04-26 22:07:07.322640,17.978443145751953
2026-04-26 22:07:07.524220,2026-04-26 22:07:07.524220,18.26995849609375
2026-04-26 22:07:07.723634,2026-04-26 22:07:07.723634,18.517745971679688
2026-04-26 22:07:07.927597,2026-04-26 22:07:07.927597,18.728364944458008
2026-04-26 22:07:08.123351,2026-04-26 22:07:08.123351,18.90739250183105
2026-04-26 22:07:08.325075,2026-04-26 22:07:08.325075,19.2353458404541
2026-04-26 22:07:08.524307,2026-04-26 22:07:08.524307,19.51410675048828
2026-04-26 22:07:08.727502,2026-04-26 22:07:08.727502,19.751052856445312
2026-04-26 22:07:08.922702,2026-04-26 22:07:08.922702,19.95245742797852
2026-04-26 22:07:09.126837,2026-04-26 22:07:09.126837,20.2994327545166
2026-04-26 22:07:09.323754,2026-04-26 22:07:09.323754,20.594362258911133
2026-04-26 22:07:09.524811,2026-04-26 22:07:09.524811,20.845050811767575
2026-04-26 22:07:09.723874,2026-04-26 22:07:09.723874,21.05813789367676
2026-04-26 22:07:09.924055,2026-04-26 22:07:09.924055,21.239259719848636
2026-04-26 22:07:10.126176,2026-04-26 22:07:10.126176,21.39321517944336
2026-04-26 22:07:10.323978,2026-04-26 22:07:10.323978,21.524076461791992
2026-04-26 22:07:10.522576,2026-04-26 22:07:10.522576,21.63530921936035
2026-04-26 22:07:10.724167,2026-04-26 22:07:10.724167,21.905637741088867
2026-04-26 22:07:10.923165,2026-04-26 22:07:10.923165,22.13541603088379
2026-04-26 22:07:11.129526,2026-04-26 22:07:11.129526,22.33072853088379
2026-04-26 22:07:11.324091,2026-04-26 22:07:11.324091,22.49674415588379
2026-04-26 22:07:11.523612,2026-04-26 22:07:11.523612,22.63785743713379
2026-04-26 22:07:11.724528,2026-04-26 22:07:11.724528,22.75780487060547
2026-04-26 22:07:11.925129,2026-04-26 22:07:11.925129,22.859758377075195
2026-04-26 22:07:12.122806,2026-04-26 22:07:12.122806,22.946420669555664
2026-04-26 22:07:12.324588,2026-04-26 22:07:12.324588,23.020082473754883
2026-04-26 22:07:12.525946,2026-04-26 22:07:12.525946,23.08269500732422
2026-04-26 22:07:12.723289,2026-04-26 22:07:12.723289,23.135915756225582
2026-04-26 22:07:12.922565,2026-04-26 22:07:12.922565,23.18115234375
2026-04-26 22:07:13.123053,2026-04-26 22:07:13.123053,23.2196044921875
2026-04-26 22:07:13.323782,2026-04-26 22:07:13.323782,23.25228881835937
2026-04-26 22:07:13.522906,2026-04-26 22:07:13.522906,23.28007125854492
2026-04-26 22:07:13.722498,2026-04-26 22:07:13.722498,23.127904891967773
2026-04-26 22:07:13.922986,2026-04-26 22:07:13.922986,22.99856185913086
2026-04-26 22:07:14.123460,2026-04-26 22:07:14.123460,22.888622283935547
2026-04-26 22:07:14.322685,2026-04-26 22:07:14.322685,22.7951717376709
2026-04-26 22:07:14.522550,2026-04-26 22:07:14.522550,22.715740203857425
2026-04-26 22:07:27.620351,2026-04-26 22:07:27.620351,22.64822196960449
2026-04-26 22:07:27.822938,2026-04-26 22:07:27.822938,22.59083366394043
2026-04-26 22:07:28.025288,2026-04-26 22:07:28.025288,22.542051315307617
2026-04-26 22:07:28.227110,2026-04-26 22:07:28.227110,22.500587463378903
2026-04-26 22:07:28.423976,2026-04-26 22:07:28.423976,22.4653434753418
2026-04-26 22:07:28.625260,2026-04-26 22:07:28.625260,22.25960350036621
2026-04-26 22:07:28.825933,2026-04-26 22:07:28.825933,22.084726333618164
2026-04-26 22:07:29.025037,2026-04-26 22:07:29.025037,21.936079025268555
2026-04-26 22:07:29.223485,2026-04-26 22:07:29.223485,21.80973052978516
2026-04-26 22:07:29.424953,2026-04-26 22:07:29.424953,21.526552200317383
2026-04-26 22:07:29.623033,2026-04-26 22:07:29.623033,21.285850524902344
2026-04-26 22:07:29.822738,2026-04-26 22:07:29.822738,21.081254959106445
2026-04-26 22:07:30.023690,2026-04-26 22:07:30.023690,20.907346725463867
2026-04-26 22:07:30.223866,2026-04-26 22:07:30.223866,20.7595272064209
2026-04-26 22:07:30.424109,2026-04-26 22:07:30.424109,20.633878707885746
2026-04-26 22:07:30.625713,2026-04-26 22:07:30.625713,20.52707862854004
2026-04-26 22:07:30.826074,2026-04-26 22:07:30.826074,20.436298370361328
2026-04-26 22:07:31.022933,2026-04-26 22:07:31.022933,20.359134674072266
2026-04-26 22:07:31.222728,2026-04-26 22:07:31.222728,20.29354476928711
2026-04-26 22:07:31.427659,2026-04-26 22:07:31.427659,20.062013626098636
2026-04-26 22:07:31.625825,2026-04-26 22:07:31.625825,19.865211486816406
2026-04-26 22:07:31.825360,2026-04-26 22:07:31.825360,19.69792938232422
2026-04-26 22:07:32.026297,2026-04-26 22:07:32.026297,19.555740356445312
2026-04-26 22:07:32.223080,2026-04-26 22:07:32.223080,19.43487930297852
2026-04-26 22:07:32.423088,2026-04-26 22:07:32.423088,19.3321475982666
2026-04-26 22:07:32.623539,2026-04-26 22:07:32.623539,19.24482536315918
2026-04-26 22:07:32.825991,2026-04-26 22:07:32.825991,19.17060089111328
2026-04-26 22:07:33.023060,2026-04-26 22:07:33.023060,19.107511520385746
2026-04-26 22:07:33.223606,2026-04-26 22:07:33.223606,19.053884506225582
2026-04-26 22:07:33.422659,2026-04-26 22:07:33.422659,19.008302688598636
2026-04-26 22:07:33.622547,2026-04-26 22:07:33.622547,18.96955680847168
2026-04-26 22:07:33.822539,2026-04-26 22:07:33.822539,18.936622619628903
2026-04-26 22:07:34.023110,2026-04-26 22:07:34.023110,18.90863037109375
2026-04-26 22:07:34.222483,2026-04-26 22:07:34.222483,18.88483428955078
2026-04-26 22:07:34.424067,2026-04-26 22:07:34.424067,18.86461067199707
2026-04-26 22:07:34.623425,2026-04-26 22:07:34.623425,18.8474178314209
2026-04-26 22:07:34.823144,2026-04-26 22:07:34.823144,18.65702438354492
2026-04-26 22:07:35.022366,2026-04-26 22:07:35.022366,18.670970916748047
2026-04-26 22:07:35.222785,2026-04-26 22:07:35.222785,18.858606338500977
2026-04-26 22:07:35.422746,2026-04-26 22:07:35.422746,19.018096923828125
2026-04-26 22:07:35.624070,2026-04-26 22:07:35.624070,19.329444885253903
2026-04-26 22:07:35.822605,2026-04-26 22:07:35.822605,19.594091415405277
2026-04-26 22:07:36.023226,2026-04-26 22:07:36.023226,19.819040298461918
2026-04-26 22:07:36.222405,2026-04-26 22:07:36.222405,20.01024627685547
2026-04-26 22:07:36.423313,2026-04-26 22:07:36.423313,20.172771453857425
2026-04-26 22:07:36.623859,2026-04-26 22:07:36.623859,21.5413875579834
2026-04-26 22:07:36.822959,2026-04-26 22:07:36.822959,22.704710006713867
2026-04-26 22:07:37.022457,2026-04-26 22:07:37.022457,23.69353485107422
2026-04-26 22:07:37.222369,2026-04-26 22:07:37.222369,24.53403663635254
2026-04-26 22:07:37.422607,2026-04-26 22:07:37.422607,25.248462677001957
2026-04-26 22:07:37.622490,2026-04-26 22:07:37.622490,25.8557243347168
2026-04-26 22:07:37.823622,2026-04-26 22:07:37.823622,26.37189674377441
2026-04-26 22:07:38.022410,2026-04-26 22:07:38.022410,26.810644149780277
2026-04-26 22:07:38.222482,2026-04-26 22:07:38.222482,27.183578491210938
2026-04-26 22:07:38.423331,2026-04-26 22:07:38.423331,27.500572204589844
2026-04-26 22:07:38.623186,2026-04-26 22:07:38.623186,27.770017623901367
2026-04-26 22:07:38.822914,2026-04-26 22:07:38.822914,27.999046325683597
2026-04-26 22:07:39.022911,2026-04-26 22:07:39.022911,28.1937198638916
2026-04-26 22:07:39.223246,2026-04-26 22:07:39.223246,28.359193801879883
2026-04-26 22:07:39.422982,2026-04-26 22:07:39.422982,28.499845504760746
2026-04-26 22:07:39.622611,2026-04-26 22:07:39.622611,28.443618774414062
2026-04-26 22:07:39.822532,2026-04-26 22:07:39.822532,28.39582633972168
2026-04-26 22:07:40.025809,2026-04-26 22:07:40.025809,28.355201721191406
2026-04-26 22:07:40.223160,2026-04-26 22:07:40.223160,28.32067108154297
2026-04-26 22:07:40.423169,2026-04-26 22:07:40.423169,28.11553955078125
2026-04-26 22:07:40.623174,2026-04-26 22:07:40.623174,27.941177368164062
2026-04-26 22:07:40.823872,2026-04-26 22:07:40.823872,27.792970657348636
2026-04-26 22:07:41.022828,2026-04-26 22:07:41.022828,27.8427734375
2026-04-26 22:07:41.222426,2026-04-26 22:07:41.222426,27.709327697753903
2026-04-26 22:07:41.423687,2026-04-26 22:07:41.423687,27.595895767211918
2026-04-26 22:07:41.624000,2026-04-26 22:07:41.624000,27.499481201171875
2026-04-26 22:07:41.822455,2026-04-26 22:07:41.822455,27.59330940246582
2026-04-26 22:07:42.022625,2026-04-26 22:07:42.022625,27.67306327819824
2026-04-26 22:07:42.222677,2026-04-26 22:07:42.222677,27.74085235595703
2026-04-26 22:07:42.423405,2026-04-26 22:07:42.423405,27.79847526550293
2026-04-26 22:07:42.623161,2026-04-26 22:07:42.623161,27.84745407104492
2026-04-26 22:07:42.822678,2026-04-26 22:07:42.822678,27.88908576965332
2026-04-26 22:07:43.022464,2026-04-26 22:07:43.022464,27.92447280883789
2026-04-26 22:07:43.223196,2026-04-26 22:07:43.223196,27.954551696777344
2026-04-26 22:07:43.422740,2026-04-26 22:07:43.422740,27.980119705200195
2026-04-26 22:07:43.622575,2026-04-26 22:07:43.622575,28.00185203552246
2026-04-26 22:07:43.823048,2026-04-26 22:07:43.823048,28.020322799682617
2026-04-26 22:07:44.023023,2026-04-26 22:07:44.023023,28.03602600097656
2026-04-26 22:07:44.223065,2026-04-26 22:07:44.223065,28.04937171936035
2026-04-26 22:07:44.425533,2026-04-26 22:07:44.425533,28.060714721679688
2026-04-26 22:07:44.623564,2026-04-26 22:07:44.623564,28.070358276367188
2026-04-26 22:07:44.822862,2026-04-26 22:07:44.822862,28.078554153442383
2026-04-26 22:07:45.026836,2026-04-26 22:07:45.026836,28.085521697998047
2026-04-26 22:07:45.223354,2026-04-26 22:07:45.223354,25.98206901550293
2026-04-26 22:07:45.423480,2026-04-26 22:07:45.423480,24.19413375854492
2026-04-26 22:07:45.624054,2026-04-26 22:07:45.624054,22.674388885498047
2026-04-26 22:07:45.823469,2026-04-26 22:07:45.823469,21.382604598999023
2026-04-26 22:07:46.023754,2026-04-26 22:07:46.023754,20.46037101745605
2026-04-26 22:07:46.223680,2026-04-26 22:07:46.223680,19.67647171020508
2026-04-26 22:07:46.424073,2026-04-26 22:07:46.424073,19.010156631469727
2026-04-26 22:07:46.624762,2026-04-26 22:07:46.624762,18.619569778442383
2026-04-26 22:07:46.824506,2026-04-26 22:07:46.824506,18.287572860717773
2026-04-26 22:07:47.022547,2026-04-26 22:07:47.022547,18.005374908447266
2026-04-26 22:07:47.223460,2026-04-26 22:07:47.223460,17.765504837036133
2026-04-26 22:07:47.427103,2026-04-26 22:07:47.427103,17.561616897583008
2026-04-26 22:07:47.625985,2026-04-26 22:07:47.625985,17.2125301361084
2026-04-26 22:07:47.825361,2026-04-26 22:07:47.825361,16.915807723999023
2026-04-26 22:07:48.023229,2026-04-26 22:07:48.023229,16.839374542236328
2026-04-26 22:07:48.224970,2026-04-26 22:07:48.224970,16.598623275756836
2026-04-26 22:07:48.426943,2026-04-26 22:07:48.426943,16.393985748291016
2026-04-26 22:07:48.624664,2026-04-26 22:07:48.624664,16.22004508972168
2026-04-26 22:07:48.823153,2026-04-26 22:07:48.823153,16.072195053100586
2026-04-26 22:07:49.022860,2026-04-26 22:07:49.022860,15.946521759033203
2026-04-26 22:07:49.224428,2026-04-26 22:07:49.224428,15.839699745178224
2026-04-26 22:07:49.425966,2026-04-26 22:07:49.425966,15.748900413513184
2026-04-26 22:07:49.626232,2026-04-26 22:07:49.626232,15.671722412109377
2026-04-26 22:07:49.825729,2026-04-26 22:07:49.825729,15.606120109558104
2026-04-26 22:07:50.023233,2026-04-26 22:07:50.023233,15.374576568603516
2026-04-26 22:07:50.223209,2026-04-26 22:07:50.223209,15.17776584625244
2026-04-26 22:07:50.422750,2026-04-26 22:07:50.422750,15.010475158691406
2026-04-26 22:07:50.622483,2026-04-26 22:07:50.622483,14.868279457092283
2026-04-26 22:07:50.824138,2026-04-26 22:07:50.824138,14.74741268157959
2026-04-26 22:07:51.023289,2026-04-26 22:07:51.023289,14.644675254821776
2026-04-26 22:07:51.222544,2026-04-26 22:07:51.222544,14.55734920501709
2026-04-26 22:07:51.422842,2026-04-26 22:07:51.422842,14.483121871948242
2026-04-26 22:07:51.623558,2026-04-26 22:07:51.623558,14.420028686523438
2026-04-26 22:07:51.823303,2026-04-26 22:07:51.823303,14.366398811340332
2026-04-26 22:07:52.023285,2026-04-26 22:07:52.023285,14.32081413269043
2026-04-26 22:07:52.223206,2026-04-26 22:07:52.223206,14.28206729888916
2026-04-26 22:07:52.423232,2026-04-26 22:07:52.423232,14.24913215637207
2026-04-26 22:07:52.623284,2026-04-26 22:07:52.623284,14.045355796813965
2026-04-26 22:07:52.822794,2026-04-26 22:07:52.822794,14.047927856445312
2026-04-26 22:08:05.924186,2026-04-26 22:08:05.924186,14.050113677978516
2026-04-26 22:08:06.126131,2026-04-26 22:08:06.126131,14.051971435546877
2026-04-26 22:08:06.324442,2026-04-26 22:08:06.324442,13.877769470214844
2026-04-26 22:08:06.522690,2026-04-26 22:08:06.522690,13.729698181152344
2026-04-26 22:08:06.725960,2026-04-26 22:08:06.725960,13.779618263244627
2026-04-26 22:08:06.924256,2026-04-26 22:08:06.924256,13.822050094604492
2026-04-26 22:08:07.122630,2026-04-26 22:08:07.122630,13.858118057250977
2026-04-26 22:08:07.323521,2026-04-26 22:08:07.323521,13.888774871826172
2026-04-26 22:08:07.523319,2026-04-26 22:08:07.523319,13.914834022521973
2026-04-26 22:08:07.723942,2026-04-26 22:08:07.723942,13.936984062194824
2026-04-26 22:08:07.922916,2026-04-26 22:08:07.922916,13.955811500549316
2026-04-26 22:08:08.122914,2026-04-26 22:08:08.122914,13.971814155578612
2026-04-26 22:08:08.324404,2026-04-26 22:08:08.324404,13.985417366027832
2026-04-26 22:08:08.525726,2026-04-26 22:08:08.525726,13.99697971343994
2026-04-26 22:08:08.725977,2026-04-26 22:08:08.725977,14.006808280944824
2026-04-26 22:08:08.925617,2026-04-26 22:08:08.925617,14.015161514282228
2026-04-26 22:08:09.124145,2026-04-26 22:08:09.124145,14.022262573242188
2026-04-26 22:08:09.323751,2026-04-26 22:08:09.323751,14.028298377990724
2026-04-26 22:08:09.524703,2026-04-26 22:08:09.524703,14.033428192138672
2026-04-26 22:08:09.723403,2026-04-26 22:08:09.723403,13.862008094787598
2026-04-26 22:08:09.922935,2026-04-26 22:08:09.922935,13.892081260681152
2026-04-26 22:08:10.123235,2026-04-26 22:08:10.123235,13.917644500732422
2026-04-26 22:08:10.322622,2026-04-26 22:08:10.322622,13.763591766357422
2026-04-26 22:08:10.526207,2026-04-26 22:08:10.526207,13.632646560668944
2026-04-26 22:08:10.725939,2026-04-26 22:08:10.725939,13.697124481201172
2026-04-26 22:08:10.924662,2026-04-26 22:08:10.924662,13.576149940490724
2026-04-26 22:08:11.122757,2026-04-26 22:08:11.122757,13.473320960998535
2026-04-26 22:08:11.324134,2026-04-26 22:08:11.324134,13.385916709899902
2026-04-26 22:08:11.523452,2026-04-26 22:08:11.523452,13.311622619628906
2026-04-26 22:08:11.722639,2026-04-26 22:08:11.722639,13.248473167419434
2026-04-26 22:08:11.924411,2026-04-26 22:08:11.924411,13.194795608520508
2026-04-26 22:08:12.123009,2026-04-26 22:08:12.123009,13.149169921875
2026-04-26 22:08:12.330664,2026-04-26 22:08:12.330664,13.28617000579834
2026-04-26 22:08:12.524452,2026-04-26 22:08:12.524452,13.40261936187744
2026-04-26 22:08:12.727804,2026-04-26 22:08:12.727804,13.501601219177246
2026-04-26 22:08:12.922694,2026-04-26 22:08:12.922694,13.585736274719238
2026-04-26 22:08:13.123241,2026-04-26 22:08:13.123241,13.48146915435791
2026-04-26 22:08:13.322579,2026-04-26 22:08:13.322579,13.39284324645996
2026-04-26 22:08:13.523075,2026-04-26 22:08:13.523075,13.317510604858398
2026-04-26 22:08:13.722858,2026-04-26 22:08:13.722858,13.253477096557615
2026-04-26 22:08:13.922609,2026-04-26 22:08:13.922609,13.199049949645996
2026-04-26 22:08:14.122787,2026-04-26 22:08:14.122787,13.152786254882812
2026-04-26 22:08:14.326942,2026-04-26 22:08:14.326942,13.1134614944458
2026-04-26 22:08:14.523343,2026-04-26 22:08:14.523343,12.904254913330078
2026-04-26 22:08:14.722605,2026-04-26 22:08:14.722605,12.726428985595703
2026-04-26 22:08:14.922937,2026-04-26 22:08:14.922937,12.575277328491213
2026-04-26 22:08:15.122949,2026-04-26 22:08:15.122949,12.44679832458496
2026-04-26 22:08:15.323560,2026-04-26 22:08:15.323560,12.337591171264648
2026-04-26 22:08:15.523017,2026-04-26 22:08:15.523017,12.244765281677246
2026-04-26 22:08:15.725698,2026-04-26 22:08:15.725698,12.165863037109377
2026-04-26 22:08:15.922466,2026-04-26 22:08:15.922466,12.098795890808104
2026-04-26 22:08:16.122969,2026-04-26 22:08:16.122969,12.217570304870604
2026-04-26 22:08:16.324655,2026-04-26 22:08:16.324655,12.142746925354004
2026-04-26 22:08:16.522616,2026-04-26 22:08:16.522616,12.254928588867188
2026-04-26 22:08:16.722569,2026-04-26 22:08:16.722569,12.3502836227417
2026-04-26 22:08:16.922694,2026-04-26 22:08:16.922694,12.431334495544434
2026-04-26 22:08:17.122537,2026-04-26 22:08:17.122537,12.32444667816162
2026-04-26 22:08:17.322579,2026-04-26 22:08:17.322579,12.23359203338623
2026-04-26 22:08:17.523064,2026-04-26 22:08:17.523064,12.156366348266602
2026-04-26 22:08:17.722552,2026-04-26 22:08:17.722552,12.090723991394045
2026-04-26 22:08:17.922671,2026-04-26 22:08:17.922671,12.210708618164062
2026-04-26 22:08:18.122790,2026-04-26 22:08:18.122790,12.13691520690918
2026-04-26 22:08:18.322989,2026-04-26 22:08:18.322989,12.074190139770508
2026-04-26 22:08:18.523509,2026-04-26 22:08:18.523509,12.0208740234375
2026-04-26 22:08:18.723462,2026-04-26 22:08:18.723462,13.909149169921877
2026-04-26 22:08:18.922467,2026-04-26 22:08:18.922467,15.514183044433594
2026-04-26 22:08:19.122768,2026-04-26 22:08:19.122768,16.878461837768555
2026-04-26 22:08:19.325318,2026-04-26 22:08:19.325318,18.03809928894043
2026-04-26 22:08:19.522418,2026-04-26 22:08:19.522418,19.02379035949707
2026-04-26 22:08:19.722704,2026-04-26 22:08:19.722704,19.86162757873535
2026-04-26 22:08:19.924319,2026-04-26 22:08:19.924319,20.573789596557617
2026-04-26 22:08:20.125607,2026-04-26 22:08:20.125607,21.354909896850582
2026-04-26 22:08:20.323027,2026-04-26 22:08:20.323027,22.01885986328125
2026-04-26 22:08:20.523267,2026-04-26 22:08:20.523267,22.58321952819824
2026-04-26 22:08:20.723498,2026-04-26 22:08:20.723498,23.062923431396484
2026-04-26 22:08:20.922339,2026-04-26 22:08:20.922339,23.470672607421875
2026-04-26 22:08:21.122908,2026-04-26 22:08:21.122908,23.817258834838867
2026-04-26 22:08:21.322661,2026-04-26 22:08:21.322661,24.11185836791992
2026-04-26 22:08:21.523354,2026-04-26 22:08:21.523354,24.362266540527344
2026-04-26 22:08:21.722508,2026-04-26 22:08:21.722508,24.57511329650879
2026-04-26 22:08:21.924346,2026-04-26 22:08:21.924346,24.75603485107422
2026-04-26 22:08:22.123139,2026-04-26 22:08:22.123139,25.08559799194336
2026-04-26 22:08:22.322872,2026-04-26 22:08:22.322872,25.365726470947266
2026-04-26 22:08:22.522601,2026-04-26 22:08:22.522601,25.603836059570312
2026-04-26 22:08:22.723074,2026-04-26 22:08:22.723074,25.806230545043945
2026-04-26 22:08:22.923327,2026-04-26 22:08:22.923327,26.15404510498047
2026-04-26 22:08:23.122404,2026-04-26 22:08:23.122404,26.449687957763672
2026-04-26 22:08:23.323999,2026-04-26 22:08:23.323999,26.700984954833984
2026-04-26 22:08:23.526039,2026-04-26 22:08:23.526039,26.914587020874023
2026-04-26 22:08:23.722436,2026-04-26 22:08:23.722436,27.09614944458008
2026-04-26 22:08:23.923733,2026-04-26 22:08:23.923733,27.250476837158203
2026-04-26 22:08:24.123396,2026-04-26 22:08:24.123396,27.381654739379883
2026-04-26 22:08:24.323339,2026-04-26 22:08:24.323339,27.49315643310547
2026-04-26 22:08:24.523296,2026-04-26 22:08:24.523296,27.587934494018555
2026-04-26 22:08:24.723590,2026-04-26 22:08:24.723590,27.668493270874023
2026-04-26 22:08:24.922848,2026-04-26 22:08:24.922848,27.912750244140625
2026-04-26 22:08:25.122560,2026-04-26 22:08:25.122560,27.94458770751953
2026-04-26 22:08:25.322520,2026-04-26 22:08:25.322520,28.147430419921875
2026-04-26 22:08:25.522499,2026-04-26 22:08:25.522499,28.319847106933597
2026-04-26 22:08:25.724417,2026-04-26 22:08:25.724417,28.466402053833008
2026-04-26 22:08:25.923907,2026-04-26 22:08:25.923907,28.590972900390625
2026-04-26 22:08:26.123386,2026-04-26 22:08:26.123386,28.696857452392575
2026-04-26 22:08:26.322649,2026-04-26 22:08:26.322649,28.78686141967773
2026-04-26 22:08:26.526990,2026-04-26 22:08:26.526990,28.86336326599121
2026-04-26 22:08:26.726542,2026-04-26 22:08:26.726542,28.928390502929688
2026-04-26 22:08:26.924095,2026-04-26 22:08:26.924095,28.983661651611328
2026-04-26 22:08:27.124526,2026-04-26 22:08:27.124526,29.03064346313477
2026-04-26 22:08:27.323102,2026-04-26 22:08:27.323102,29.070579528808597
2026-04-26 22:08:27.522801,2026-04-26 22:08:27.522801,29.104522705078125
2026-04-26 22:08:27.724324,2026-04-26 22:08:27.724324,29.13337516784668
2026-04-26 22:08:27.923177,2026-04-26 22:08:27.923177,29.157901763916016
2026-04-26 22:08:28.125984,2026-04-26 22:08:28.125984,29.178747177124023
2026-04-26 22:08:28.324217,2026-04-26 22:08:28.324217,29.19646644592285
2026-04-26 22:08:28.526232,2026-04-26 22:08:28.526232,29.21152687072754
2026-04-26 22:08:28.725200,2026-04-26 22:08:28.725200,29.224328994750977
2026-04-26 22:08:28.924524,2026-04-26 22:08:28.924524,29.235212326049805
2026-04-26 22:08:29.124659,2026-04-26 22:08:29.124659,29.244461059570312
2026-04-26 22:08:29.326731,2026-04-26 22:08:29.326731,29.25232315063477
2026-04-26 22:08:29.524826,2026-04-26 22:08:29.524826,29.25900650024414
2026-04-26 22:08:29.724018,2026-04-26 22:08:29.724018,29.264686584472656
2026-04-26 22:08:29.926179,2026-04-26 22:08:29.926179,29.269514083862305
2026-04-26 22:08:30.122879,2026-04-26 22:08:30.122879,29.27361869812012
2026-04-26 22:08:30.324805,2026-04-26 22:08:30.324805,29.27710723876953
2026-04-26 22:08:30.523763,2026-04-26 22:08:30.523763,29.280073165893555
2026-04-26 22:08:30.723451,2026-04-26 22:08:30.723451,29.2825927734375
2026-04-26 22:08:30.923759,2026-04-26 22:08:30.923759,29.28473472595215
2026-04-26 22:08:31.124027,2026-04-26 22:08:31.124027,29.286556243896484
2026-04-26 22:08:44.223445,2026-04-26 22:08:44.223445,29.28810310363769
2026-04-26 22:08:44.422548,2026-04-26 22:08:44.422548,29.289419174194336
2026-04-26 22:08:44.623298,2026-04-26 22:08:44.623298,29.2905387878418
2026-04-26 22:08:44.823277,2026-04-26 22:08:44.823277,29.291488647460938
2026-04-26 22:08:45.023316,2026-04-26 22:08:45.023316,29.29229736328125
2026-04-26 22:08:45.222600,2026-04-26 22:08:45.222600,26.304702758789062
2026-04-26 22:08:45.423027,2026-04-26 22:08:45.423027,23.765247344970703
2026-04-26 22:08:45.623016,2026-04-26 22:08:45.623016,21.60671043395996
2026-04-26 22:08:45.824079,2026-04-26 22:08:45.824079,19.771953582763672
2026-04-26 22:08:46.022406,2026-04-26 22:08:46.022406,18.21240997314453
2026-04-26 22:08:46.224201,2026-04-26 22:08:46.224201,16.886798858642578
2026-04-26 22:08:46.423058,2026-04-26 22:08:46.423058,15.760028839111328
2026-04-26 22:08:46.623363,2026-04-26 22:08:46.623363,14.802274703979492
2026-04-26 22:08:46.823606,2026-04-26 22:08:46.823606,13.98818302154541
2026-04-26 22:08:47.022868,2026-04-26 22:08:47.022868,13.296205520629885
2026-04-26 22:08:47.222658,2026-04-26 22:08:47.222658,12.708024978637695
2026-04-26 22:08:47.425282,2026-04-26 22:08:47.425282,12.2080717086792
2026-04-26 22:08:47.623585,2026-04-26 22:08:47.623585,11.958891868591309
2026-04-26 22:08:47.822447,2026-04-26 22:08:47.822447,11.571308135986328
2026-04-26 22:08:48.024021,2026-04-26 22:08:48.024021,11.241862297058104
2026-04-26 22:08:48.223367,2026-04-26 22:08:48.223367,11.137614250183104
2026-04-26 22:08:48.426050,2026-04-26 22:08:48.426050,12.982596397399902
2026-04-26 22:08:48.624934,2026-04-26 22:08:48.624934,14.55083179473877
2026-04-26 22:08:48.823541,2026-04-26 22:08:48.823541,15.883831977844238
2026-04-26 22:08:49.026217,2026-04-26 22:08:49.026217,17.016881942749023
2026-04-26 22:08:49.224520,2026-04-26 22:08:49.224520,17.9799747467041
2026-04-26 22:08:49.424177,2026-04-26 22:08:49.424177,16.865009307861328
2026-04-26 22:08:49.624501,2026-04-26 22:08:49.624501,15.91728973388672
2026-04-26 22:08:49.823376,2026-04-26 22:08:49.823376,15.111727714538574
2026-04-26 22:08:50.024028,2026-04-26 22:08:50.024028,14.427000045776367
2026-04-26 22:08:50.222890,2026-04-26 22:08:50.222890,13.84498119354248
2026-04-26 22:08:50.423887,2026-04-26 22:08:50.423887,13.350265502929688
2026-04-26 22:08:50.624875,2026-04-26 22:08:50.624875,12.92975616455078
2026-04-26 22:08:50.825613,2026-04-26 22:08:50.825613,12.572324752807615
2026-04-26 22:08:51.025041,2026-04-26 22:08:51.025041,12.26850700378418
2026-04-26 22:08:51.224573,2026-04-26 22:08:51.224573,12.010262489318848
2026-04-26 22:08:51.423617,2026-04-26 22:08:51.423617,11.790754318237305
2026-04-26 22:08:51.623488,2026-04-26 22:08:51.623488,11.604171752929688
2026-04-26 22:08:51.823065,2026-04-26 22:08:51.823065,11.44557762145996
2026-04-26 22:08:52.023476,2026-04-26 22:08:52.023476,11.310771942138672
2026-04-26 22:08:52.225389,2026-04-26 22:08:52.225389,11.37196922302246
2026-04-26 22:08:52.423347,2026-04-26 22:08:52.423347,11.423986434936523
2026-04-26 22:08:52.632490,2026-04-26 22:08:52.632490,11.46820068359375
2026-04-26 22:08:52.823232,2026-04-26 22:08:52.823232,11.330001831054688
2026-04-26 22:08:53.023558,2026-04-26 22:08:53.023558,11.212532997131348
2026-04-26 22:08:53.223208,2026-04-26 22:08:53.223208,11.11268424987793
2026-04-26 22:08:53.422255,2026-04-26 22:08:53.422255,11.027812957763672
2026-04-26 22:08:53.623509,2026-04-26 22:08:53.623509,11.13145351409912
2026-04-26 22:08:53.824994,2026-04-26 22:08:53.824994,11.746891975402832
2026-04-26 22:08:54.023422,2026-04-26 22:08:54.023422,12.445795059204102
2026-04-26 22:08:54.222441,2026-04-26 22:08:54.222441,13.03986358642578
2026-04-26 22:08:54.422541,2026-04-26 22:08:54.422541,13.544821739196776
2026-04-26 22:08:54.624431,2026-04-26 22:08:54.624431,13.79825496673584
2026-04-26 22:08:54.822748,2026-04-26 22:08:54.822748,14.189454078674316
2026-04-26 22:08:55.022518,2026-04-26 22:08:55.022518,14.346192359924316
2026-04-26 22:08:55.222933,2026-04-26 22:08:55.222933,14.479419708251951
2026-04-26 22:08:55.422748,2026-04-26 22:08:55.422748,14.592662811279297
2026-04-26 22:08:55.623610,2026-04-26 22:08:55.623610,14.688920021057127
2026-04-26 22:08:55.824630,2026-04-26 22:08:55.824630,14.770737648010254
2026-04-26 22:08:56.022493,2026-04-26 22:08:56.022493,14.840283393859863
2026-04-26 22:08:56.222504,2026-04-26 22:08:56.222504,15.075178146362305
2026-04-26 22:08:56.422351,2026-04-26 22:08:56.422351,15.274839401245115
2026-04-26 22:08:56.623519,2026-04-26 22:08:56.623519,15.444550514221191
2026-04-26 22:08:56.822366,2026-04-26 22:08:56.822366,15.58880615234375
2026-04-26 22:08:57.022485,2026-04-26 22:08:57.022485,15.711421966552734
2026-04-26 22:08:57.222891,2026-04-26 22:08:57.222891,15.815646171569824
2026-04-26 22:08:57.423308,2026-04-26 22:08:57.423308,15.904236793518066
2026-04-26 22:08:57.624023,2026-04-26 22:08:57.624023,15.979538917541504
2026-04-26 22:08:57.823836,2026-04-26 22:08:57.823836,16.04354476928711
2026-04-26 22:08:58.022763,2026-04-26 22:08:58.022763,16.273733139038086
2026-04-26 22:08:58.223404,2026-04-26 22:08:58.223404,16.469390869140625
2026-04-26 22:08:58.423344,2026-04-26 22:08:58.423344,16.63570213317871
2026-04-26 22:08:58.624356,2026-04-26 22:08:58.624356,16.77706527709961
2026-04-26 22:08:58.822431,2026-04-26 22:08:58.822431,16.89722442626953
2026-04-26 22:08:59.022805,2026-04-26 22:08:59.022805,17.175140380859375
2026-04-26 22:08:59.222643,2026-04-26 22:08:59.222643,17.41136932373047
2026-04-26 22:08:59.422519,2026-04-26 22:08:59.422519,17.612163543701172
2026-04-26 22:08:59.622690,2026-04-26 22:08:59.622690,17.782838821411133
2026-04-26 22:08:59.822306,2026-04-26 22:08:59.822306,17.927913665771484
2026-04-26 22:09:00.022431,2026-04-26 22:09:00.022431,18.051225662231445
2026-04-26 22:09:00.223176,2026-04-26 22:09:00.223176,18.156042098999023
2026-04-26 22:09:00.422410,2026-04-26 22:09:00.422410,18.245136260986328
2026-04-26 22:09:00.622408,2026-04-26 22:09:00.622408,18.49664688110352
2026-04-26 22:09:00.823292,2026-04-26 22:09:00.823292,18.710432052612305
2026-04-26 22:09:01.022433,2026-04-26 22:09:01.022433,18.892147064208984
2026-04-26 22:09:01.223219,2026-04-26 22:09:01.223219,19.046606063842773
2026-04-26 22:09:01.423774,2026-04-26 22:09:01.423774,19.17789649963379
2026-04-26 22:09:01.623900,2026-04-26 22:09:01.623900,19.289493560791016
2026-04-26 22:09:01.823522,2026-04-26 22:09:01.823522,19.38435173034668
2026-04-26 22:09:02.024330,2026-04-26 22:09:02.024330,19.46497917175293
2026-04-26 22:09:02.223475,2026-04-26 22:09:02.223475,19.53351402282715
2026-04-26 22:09:02.423043,2026-04-26 22:09:02.423043,19.591768264770508
2026-04-26 22:09:02.623025,2026-04-26 22:09:02.623025,19.641284942626957
2026-04-26 22:09:02.822688,2026-04-26 22:09:02.822688,19.683372497558597
2026-04-26 22:09:03.022762,2026-04-26 22:09:03.022762,19.719148635864254
2026-04-26 22:09:03.222514,2026-04-26 22:09:03.222514,19.925338745117188
2026-04-26 22:09:03.423568,2026-04-26 22:09:03.423568,20.10059928894043
2026-04-26 22:09:03.622368,2026-04-26 22:09:03.622368,20.42535400390625
2026-04-26 22:09:03.822355,2026-04-26 22:09:03.822355,20.52561378479004
2026-04-26 22:09:04.022776,2026-04-26 22:09:04.022776,20.7866153717041
2026-04-26 22:09:04.223820,2026-04-26 22:09:04.223820,21.36002922058105
2026-04-26 22:09:04.422406,2026-04-26 22:09:04.422406,21.847431182861328
2026-04-26 22:09:04.632718,2026-04-26 22:09:04.632718,22.261722564697266
2026-04-26 22:09:04.822409,2026-04-26 22:09:04.822409,22.61387062072754
2026-04-26 22:09:05.023615,2026-04-26 22:09:05.023615,23.088977813720703
2026-04-26 22:09:05.223494,2026-04-26 22:09:05.223494,23.49281883239746
2026-04-26 22:09:05.423983,2026-04-26 22:09:05.423983,23.836082458496094
2026-04-26 22:09:05.622615,2026-04-26 22:09:05.622615,23.952075958251957
2026-04-26 22:09:05.822943,2026-04-26 22:09:05.822943,24.050670623779297
2026-04-26 22:09:06.022827,2026-04-26 22:09:06.022827,24.134477615356445
2026-04-26 22:09:06.223610,2026-04-26 22:09:06.223610,24.205711364746094
2026-04-26 22:09:06.422397,2026-04-26 22:09:06.422397,24.26626205444336
2026-04-26 22:09:06.623737,2026-04-26 22:09:06.623737,24.31772804260254
2026-04-26 22:09:06.823610,2026-04-26 22:09:06.823610,24.361474990844727
2026-04-26 22:09:07.023631,2026-04-26 22:09:07.023631,24.39866065979004
2026-04-26 22:09:07.223444,2026-04-26 22:09:07.223444,24.43026733398437
2026-04-26 22:09:07.423848,2026-04-26 22:09:07.423848,24.45713424682617
2026-04-26 22:09:07.623499,2026-04-26 22:09:07.623499,24.479969024658203
2026-04-26 22:09:07.824138,2026-04-26 22:09:07.824138,24.499380111694336
2026-04-26 22:09:08.024099,2026-04-26 22:09:08.024099,24.6916618347168
2026-04-26 22:09:08.224892,2026-04-26 22:09:08.224892,24.679317474365234
2026-04-26 22:09:08.423531,2026-04-26 22:09:08.423531,24.84460830688477
2026-04-26 22:09:08.624464,2026-04-26 22:09:08.624464,24.98510360717773
2026-04-26 22:09:08.824908,2026-04-26 22:09:08.824908,25.10452651977539
2026-04-26 22:09:09.024762,2026-04-26 22:09:09.024762,25.206035614013672
2026-04-26 22:09:09.223452,2026-04-26 22:09:09.223452,25.292316436767575
2026-04-26 22:09:09.424711,2026-04-26 22:09:09.424711,25.541439056396484
2026-04-26 22:09:22.534069,2026-04-26 22:09:22.534069,25.75319099426269
2026-04-26 22:09:22.722699,2026-04-26 22:09:22.722699,25.933181762695312
2026-04-26 22:09:22.934015,2026-04-26 22:09:22.934015,26.08617210388184
2026-04-26 22:09:23.135300,2026-04-26 22:09:23.135300,26.216215133666992
2026-04-26 22:09:23.334293,2026-04-26 22:09:23.334293,26.50253295898437
2026-04-26 22:09:23.533634,2026-04-26 22:09:23.533634,26.74590301513672
2026-04-26 22:09:23.737821,2026-04-26 22:09:23.737821,26.952768325805664
2026-04-26 22:09:23.933655,2026-04-26 22:09:23.933655,27.304384231567383
2026-04-26 22:09:24.136220,2026-04-26 22:09:24.136220,27.60325813293457
2026-04-26 22:09:24.337189,2026-04-26 22:09:24.337189,27.8572998046875
2026-04-26 22:09:24.524211,2026-04-26 22:09:24.524211,28.0732364654541
2026-04-26 22:09:24.734438,2026-04-26 22:09:24.734438,28.25678253173828
2026-04-26 22:09:24.934512,2026-04-26 22:09:24.934512,28.41279602050781
2026-04-26 22:09:25.133999,2026-04-26 22:09:25.133999,28.545408248901367
2026-04-26 22:09:25.333360,2026-04-26 22:09:25.333360,28.65812873840332
2026-04-26 22:09:25.533855,2026-04-26 22:09:25.533855,28.75394058227539
2026-04-26 22:09:25.733246,2026-04-26 22:09:25.733246,28.83538055419922
2026-04-26 22:09:25.934191,2026-04-26 22:09:25.934191,28.904603958129883
2026-04-26 22:09:26.133029,2026-04-26 22:09:26.133029,28.96344566345215
2026-04-26 22:09:26.333755,2026-04-26 22:09:26.333755,29.01346015930176
2026-04-26 22:09:26.533005,2026-04-26 22:09:26.533005,29.055971145629883
2026-04-26 22:09:26.734502,2026-04-26 22:09:26.734502,29.09210777282715
2026-04-26 22:09:26.937300,2026-04-26 22:09:26.937300,29.122821807861328
2026-04-26 22:09:27.134027,2026-04-26 22:09:27.134027,29.148929595947266
2026-04-26 22:09:27.333811,2026-04-26 22:09:27.333811,29.17112159729004
2026-04-26 22:09:27.535975,2026-04-26 22:09:27.535975,29.189985275268555
2026-04-26 22:09:27.733315,2026-04-26 22:09:27.733315,29.206018447875977
2026-04-26 22:09:27.932847,2026-04-26 22:09:27.932847,29.219646453857425
2026-04-26 22:09:28.134772,2026-04-26 22:09:28.134772,29.231231689453125
2026-04-26 22:09:28.332976,2026-04-26 22:09:28.332976,29.241077423095703
2026-04-26 22:09:28.533046,2026-04-26 22:09:28.533046,29.249446868896484
2026-04-26 22:09:28.724813,2026-04-26 22:09:28.724813,29.256561279296875
2026-04-26 22:09:28.926143,2026-04-26 22:09:28.926143,29.26260757446289
2026-04-26 22:09:29.132951,2026-04-26 22:09:29.132951,29.26774787902832
2026-04-26 22:09:29.332654,2026-04-26 22:09:29.332654,29.272117614746094
2026-04-26 22:09:29.532658,2026-04-26 22:09:29.532658,29.27583122253418
2026-04-26 22:09:29.726271,2026-04-26 22:09:29.726271,29.278987884521484
2026-04-26 22:09:29.933012,2026-04-26 22:09:29.933012,29.28167152404785
2026-04-26 22:09:30.123536,2026-04-26 22:09:30.123536,26.295669555664062
2026-04-26 22:09:30.333959,2026-04-26 22:09:30.333959,26.745851516723636
2026-04-26 22:09:30.534218,2026-04-26 22:09:30.534218,24.14022254943848
2026-04-26 22:09:30.722492,2026-04-26 22:09:30.722492,21.749658584594727
2026-04-26 22:09:30.934107,2026-04-26 22:09:30.934107,19.71767807006836
2026-04-26 22:09:31.133389,2026-04-26 22:09:31.133389,17.990495681762695
2026-04-26 22:09:31.332428,2026-04-26 22:09:31.332428,16.522390365600586
2026-04-26 22:09:31.533577,2026-04-26 22:09:31.533577,18.43856239318848
2026-04-26 22:09:31.732436,2026-04-26 22:09:31.732436,20.067310333251957
2026-04-26 22:09:31.932624,2026-04-26 22:09:31.932624,21.451744079589844
2026-04-26 22:09:32.132983,2026-04-26 22:09:32.132983,19.46445083618164
2026-04-26 22:09:32.332458,2026-04-26 22:09:32.332458,20.93931579589844
2026-04-26 22:09:32.533791,2026-04-26 22:09:32.533791,22.192949295043945
2026-04-26 22:09:32.733094,2026-04-26 22:09:32.733094,20.09447479248047
2026-04-26 22:09:32.932529,2026-04-26 22:09:32.932529,21.474834442138672
2026-04-26 22:09:33.132666,2026-04-26 22:09:33.132666,21.241891860961918
2026-04-26 22:09:33.333128,2026-04-26 22:09:33.333128,21.043888092041016
2026-04-26 22:09:33.532595,2026-04-26 22:09:33.532595,20.875587463378903
2026-04-26 22:09:33.732498,2026-04-26 22:09:33.732498,20.73253059387207
2026-04-26 22:09:33.933557,2026-04-26 22:09:33.933557,20.61093139648437
2026-04-26 22:09:34.133071,2026-04-26 22:09:34.133071,20.5075740814209
2026-04-26 22:09:34.333484,2026-04-26 22:09:34.333484,19.18924903869629
2026-04-26 22:09:34.532901,2026-04-26 22:09:34.532901,18.06867408752441
2026-04-26 22:09:34.733095,2026-04-26 22:09:34.733095,18.346654891967773
2026-04-26 22:09:34.932666,2026-04-26 22:09:34.932666,18.407155990600582
2026-04-26 22:09:35.134180,2026-04-26 22:09:35.134180,18.45858383178711
2026-04-26 22:09:35.333065,2026-04-26 22:09:35.333065,18.502296447753903
2026-04-26 22:09:35.532957,2026-04-26 22:09:35.532957,18.539451599121094
2026-04-26 22:09:35.732565,2026-04-26 22:09:35.732565,18.571033477783203
2026-04-26 22:09:35.932422,2026-04-26 22:09:35.932422,18.59787940979004
2026-04-26 22:09:36.133296,2026-04-26 22:09:36.133296,18.62069702148437
2026-04-26 22:09:36.333892,2026-04-26 22:09:36.333892,18.640092849731445
2026-04-26 22:09:36.533327,2026-04-26 22:09:36.533327,18.480796813964844
2026-04-26 22:09:36.732980,2026-04-26 22:09:36.732980,18.34539604187012
2026-04-26 22:09:36.933471,2026-04-26 22:09:36.933471,18.054523468017575
2026-04-26 22:09:37.134205,2026-04-26 22:09:37.134205,17.807283401489258
2026-04-26 22:09:37.333457,2026-04-26 22:09:37.333457,17.59712791442871
2026-04-26 22:09:37.535604,2026-04-26 22:09:37.535604,17.41849708557129
2026-04-26 22:09:37.733153,2026-04-26 22:09:37.733153,17.442440032958984
2026-04-26 22:09:37.922543,2026-04-26 22:09:37.922543,17.287012100219727
2026-04-26 22:09:38.132603,2026-04-26 22:09:38.132603,17.330678939819336
2026-04-26 22:09:38.333995,2026-04-26 22:09:38.333995,17.192014694213867
2026-04-26 22:09:38.533145,2026-04-26 22:09:38.533145,17.24993133544922
2026-04-26 22:09:38.733530,2026-04-26 22:09:38.733530,17.29916000366211
2026-04-26 22:09:38.933193,2026-04-26 22:09:38.933193,17.165224075317383
2026-04-26 22:09:39.134499,2026-04-26 22:09:39.134499,17.22715950012207
2026-04-26 22:09:39.332495,2026-04-26 22:09:39.332495,17.279804229736328
2026-04-26 22:09:39.533181,2026-04-26 22:09:39.533181,17.324552536010742
2026-04-26 22:09:39.733049,2026-04-26 22:09:39.733049,17.36258888244629
2026-04-26 22:09:39.934430,2026-04-26 22:09:39.934430,17.39491844177246
2026-04-26 22:09:40.135690,2026-04-26 22:09:40.135690,17.598180770874023
2026-04-26 22:09:40.332595,2026-04-26 22:09:40.332595,17.770954132080078
2026-04-26 22:09:40.533015,2026-04-26 22:09:40.533015,17.917810440063477
2026-04-26 22:09:40.734258,2026-04-26 22:09:40.734258,18.042638778686523
2026-04-26 22:09:40.935550,2026-04-26 22:09:40.935550,18.14874267578125
2026-04-26 22:09:41.133892,2026-04-26 22:09:41.133892,18.23893165588379
2026-04-26 22:09:41.334173,2026-04-26 22:09:41.334173,18.49137306213379
2026-04-26 22:09:41.534215,2026-04-26 22:09:41.534215,18.70594787597656
2026-04-26 22:09:41.732760,2026-04-26 22:09:41.732760,18.888338088989254
2026-04-26 22:09:41.934269,2026-04-26 22:09:41.934269,19.043367385864254
2026-04-26 22:09:42.134202,2026-04-26 22:09:42.134202,19.17514419555664
2026-04-26 22:09:42.324943,2026-04-26 22:09:42.324943,19.287153244018555
2026-04-26 22:09:42.535248,2026-04-26 22:09:42.535248,19.382362365722656
2026-04-26 22:09:42.734496,2026-04-26 22:09:42.734496,19.639070510864254
2026-04-26 22:09:42.934706,2026-04-26 22:09:42.934706,19.857271194458008
2026-04-26 22:09:43.133270,2026-04-26 22:09:43.133270,20.042743682861328
2026-04-26 22:09:43.337940,2026-04-26 22:09:43.337940,20.200395584106445
2026-04-26 22:09:43.534552,2026-04-26 22:09:43.534552,20.33439826965332
2026-04-26 22:09:43.734740,2026-04-26 22:09:43.734740,20.448301315307617
2026-04-26 22:09:43.933397,2026-04-26 22:09:43.933397,20.54511833190918
2026-04-26 22:09:44.135701,2026-04-26 22:09:44.135701,20.627412796020508
2026-04-26 22:09:44.334395,2026-04-26 22:09:44.334395,20.697362899780277
2026-04-26 22:09:44.532825,2026-04-26 22:09:44.532825,20.756820678710938
2026-04-26 22:09:44.734394,2026-04-26 22:09:44.734394,20.807361602783203
2026-04-26 22:09:44.933535,2026-04-26 22:09:44.933535,20.850318908691406
2026-04-26 22:09:45.132875,2026-04-26 22:09:45.132875,20.88683319091797
2026-04-26 22:09:45.333303,2026-04-26 22:09:45.333303,21.093652725219727
2026-04-26 22:09:45.533054,2026-04-26 22:09:45.533054,21.26944923400879
2026-04-26 22:09:45.733181,2026-04-26 22:09:45.733181,21.418874740600582
2026-04-26 22:09:45.933588,2026-04-26 22:09:45.933588,21.545886993408203
2026-04-26 22:09:46.132532,2026-04-26 22:09:46.132532,21.65384864807129
2026-04-26 22:09:46.332470,2026-04-26 22:09:46.332470,21.745615005493164
2026-04-26 22:09:46.533190,2026-04-26 22:09:46.533190,21.82361602783203
2026-04-26 22:09:46.735476,2026-04-26 22:09:46.735476,21.889917373657227
2026-04-26 22:09:46.933075,2026-04-26 22:09:46.933075,21.946273803710938
2026-04-26 22:09:47.132546,2026-04-26 22:09:47.132546,21.994176864624023
2026-04-26 22:09:47.333089,2026-04-26 22:09:47.333089,22.034893035888672
2026-04-26 22:09:47.534639,2026-04-26 22:09:47.534639,22.069503784179688
2026-04-26 22:09:47.734317,2026-04-26 22:09:47.734317,22.098920822143555
2026-04-26 22:10:00.833837,2026-04-26 22:10:00.833837,22.123926162719727
2026-04-26 22:10:01.034487,2026-04-26 22:10:01.034487,22.14518165588379
2026-04-26 22:10:01.233686,2026-04-26 22:10:01.233686,22.16324806213379
2026-04-26 22:10:01.433608,2026-04-26 22:10:01.433608,22.17860412597656
2026-04-26 22:10:01.633869,2026-04-26 22:10:01.633869,22.19165802001953
2026-04-26 22:10:01.834980,2026-04-26 22:10:01.834980,22.2027530670166
2026-04-26 22:10:02.038242,2026-04-26 22:10:02.038242,22.212182998657227
2026-04-26 22:10:02.235055,2026-04-26 22:10:02.235055,22.044418334960938
2026-04-26 22:10:02.434782,2026-04-26 22:10:02.434782,22.253381729125977
2026-04-26 22:10:02.637324,2026-04-26 22:10:02.637324,22.430997848510746
2026-04-26 22:10:02.833837,2026-04-26 22:10:02.833837,22.581974029541016
2026-04-26 22:10:03.035409,2026-04-26 22:10:03.035409,22.007177352905277
2026-04-26 22:10:03.236559,2026-04-26 22:10:03.236559,21.518600463867188
2026-04-26 22:10:03.436731,2026-04-26 22:10:03.436731,20.92753028869629
2026-04-26 22:10:03.635271,2026-04-26 22:10:03.635271,20.42511940002441
2026-04-26 22:10:03.840206,2026-04-26 22:10:03.840206,19.998069763183597
2026-04-26 22:10:04.039103,2026-04-26 22:10:04.039103,19.45929718017578
2026-04-26 22:10:04.235570,2026-04-26 22:10:04.235570,20.407588958740234
2026-04-26 22:10:04.432835,2026-04-26 22:10:04.432835,19.807388305664062
2026-04-26 22:10:04.624768,2026-04-26 22:10:04.624768,19.297218322753903
2026-04-26 22:10:04.833921,2026-04-26 22:10:04.833921,18.86357307434082
2026-04-26 22:10:05.032480,2026-04-26 22:10:05.032480,18.31919288635254
2026-04-26 22:10:05.232862,2026-04-26 22:10:05.232862,17.856470108032227
2026-04-26 22:10:05.435259,2026-04-26 22:10:05.435259,17.46315574645996
2026-04-26 22:10:05.633407,2026-04-26 22:10:05.633407,17.12883949279785
2026-04-26 22:10:05.834579,2026-04-26 22:10:05.834579,16.844669342041016
2026-04-26 22:10:06.035201,2026-04-26 22:10:06.035201,16.603124618530273
2026-04-26 22:10:06.232577,2026-04-26 22:10:06.232577,16.222030639648438
2026-04-26 22:10:06.434500,2026-04-26 22:10:06.434500,15.898101806640623
2026-04-26 22:10:06.633097,2026-04-26 22:10:06.633097,15.446980476379396
2026-04-26 22:10:06.833269,2026-04-26 22:10:06.833269,15.23930835723877
2026-04-26 22:10:07.034005,2026-04-26 22:10:07.034005,14.887005805969238
2026-04-26 22:10:07.232647,2026-04-26 22:10:07.232647,14.58754825592041
2026-04-26 22:10:07.432882,2026-04-26 22:10:07.432882,14.333009719848633
2026-04-26 22:10:07.636547,2026-04-26 22:10:07.636547,14.292433738708496
2026-04-26 22:10:07.832962,2026-04-26 22:10:07.832962,14.257943153381348
2026-04-26 22:10:08.034531,2026-04-26 22:10:08.034531,14.22862720489502
2026-04-26 22:10:08.232651,2026-04-26 22:10:08.232651,14.203707695007324
2026-04-26 22:10:08.433047,2026-04-26 22:10:08.433047,14.18252658843994
2026-04-26 22:10:08.632973,2026-04-26 22:10:08.632973,14.164523124694824
2026-04-26 22:10:08.833061,2026-04-26 22:10:08.833061,14.149219512939451
2026-04-26 22:10:09.033250,2026-04-26 22:10:09.033250,14.136211395263672
2026-04-26 22:10:09.232489,2026-04-26 22:10:09.232489,14.125154495239258
2026-04-26 22:10:09.434234,2026-04-26 22:10:09.434234,14.115756034851074
2026-04-26 22:10:09.633060,2026-04-26 22:10:09.633060,14.107768058776855
2026-04-26 22:10:09.832847,2026-04-26 22:10:09.832847,14.276759147644045
2026-04-26 22:10:10.032880,2026-04-26 22:10:10.032880,14.420401573181152
2026-04-26 22:10:10.233208,2026-04-26 22:10:10.233208,14.366716384887695
2026-04-26 22:10:10.435223,2026-04-26 22:10:10.435223,14.496865272521973
2026-04-26 22:10:10.635252,2026-04-26 22:10:10.635252,14.607491493225098
2026-04-26 22:10:10.835272,2026-04-26 22:10:10.835272,14.701523780822754
2026-04-26 22:10:11.033324,2026-04-26 22:10:11.033324,14.781452178955078
2026-04-26 22:10:11.234056,2026-04-26 22:10:11.234056,14.849390029907228
2026-04-26 22:10:11.433717,2026-04-26 22:10:11.433717,14.907137870788574
2026-04-26 22:10:11.632473,2026-04-26 22:10:11.632473,14.956223487854004
2026-04-26 22:10:11.832475,2026-04-26 22:10:11.832475,15.17372703552246
2026-04-26 22:10:12.032902,2026-04-26 22:10:12.032902,15.35860538482666
2026-04-26 22:10:12.232749,2026-04-26 22:10:12.232749,15.515752792358398
2026-04-26 22:10:12.433358,2026-04-26 22:10:12.433358,15.825108528137209
2026-04-26 22:10:12.632659,2026-04-26 22:10:12.632659,16.08806037902832
2026-04-26 22:10:12.832450,2026-04-26 22:10:12.832450,16.48735237121582
2026-04-26 22:10:13.032361,2026-04-26 22:10:13.032361,16.650968551635742
2026-04-26 22:10:13.233188,2026-04-26 22:10:13.233188,16.790040969848633
2026-04-26 22:10:13.433241,2026-04-26 22:10:13.433241,17.084035873413086
2026-04-26 22:10:13.632736,2026-04-26 22:10:13.632736,17.33392906188965
2026-04-26 22:10:13.833058,2026-04-26 22:10:13.833058,17.370559692382812
2026-04-26 22:10:14.033302,2026-04-26 22:10:14.033302,17.40169334411621
2026-04-26 22:10:14.232827,2026-04-26 22:10:14.232827,17.428157806396484
2026-04-26 22:10:14.433274,2026-04-26 22:10:14.433274,17.450653076171875
2026-04-26 22:10:14.633522,2026-04-26 22:10:14.633522,17.46977424621582
2026-04-26 22:10:14.833009,2026-04-26 22:10:14.833009,17.661808013916016
2026-04-26 22:10:15.033562,2026-04-26 22:10:15.033562,17.825037002563477
2026-04-26 22:10:15.232569,2026-04-26 22:10:15.232569,17.963781356811523
2026-04-26 22:10:15.432761,2026-04-26 22:10:15.432761,18.081714630126957
2026-04-26 22:10:15.634852,2026-04-26 22:10:15.634852,18.181957244873047
2026-04-26 22:10:15.833021,2026-04-26 22:10:15.833021,18.26716423034668
2026-04-26 22:10:16.034458,2026-04-26 22:10:16.034458,18.339588165283203
2026-04-26 22:10:16.234328,2026-04-26 22:10:16.234328,18.40114974975586
2026-04-26 22:10:16.432865,2026-04-26 22:10:16.432865,18.45347785949707
2026-04-26 22:10:16.633164,2026-04-26 22:10:16.633164,18.322175979614254
2026-04-26 22:10:16.835982,2026-04-26 22:10:16.835982,18.210567474365234
2026-04-26 22:10:17.032636,2026-04-26 22:10:17.032636,18.11570167541504
2026-04-26 22:10:17.236133,2026-04-26 22:10:17.236133,18.035064697265625
2026-04-26 22:10:17.433787,2026-04-26 22:10:17.433787,17.966524124145508
2026-04-26 22:10:17.632935,2026-04-26 22:10:17.632935,18.08404541015625
2026-04-26 22:10:17.834629,2026-04-26 22:10:17.834629,18.18393898010254
2026-04-26 22:10:18.033599,2026-04-26 22:10:18.033599,18.268848419189453
2026-04-26 22:10:18.235561,2026-04-26 22:10:18.235561,18.341020584106445
2026-04-26 22:10:18.432564,2026-04-26 22:10:18.432564,18.226585388183597
2026-04-26 22:10:18.634007,2026-04-26 22:10:18.634007,18.30509757995605
2026-04-26 22:10:18.832705,2026-04-26 22:10:18.832705,18.19605255126953
2026-04-26 22:10:19.033443,2026-04-26 22:10:19.033443,18.10336303710937
2026-04-26 22:10:19.234753,2026-04-26 22:10:19.234753,18.024578094482425
2026-04-26 22:10:19.433510,2026-04-26 22:10:19.433510,18.133390426635746
2026-04-26 22:10:19.637381,2026-04-26 22:10:19.637381,18.22588157653809
2026-04-26 22:10:19.833242,2026-04-26 22:10:19.833242,18.128719329833984
2026-04-26 22:10:20.034253,2026-04-26 22:10:20.034253,18.04612922668457
2026-04-26 22:10:20.233415,2026-04-26 22:10:20.233415,17.975929260253906
2026-04-26 22:10:20.434950,2026-04-26 22:10:20.434950,17.916257858276367
2026-04-26 22:10:20.635957,2026-04-26 22:10:20.635957,18.041318893432617
2026-04-26 22:10:20.833701,2026-04-26 22:10:20.833701,18.14762115478516
2026-04-26 22:10:21.033073,2026-04-26 22:10:21.033073,18.237977981567383
2026-04-26 22:10:21.236868,2026-04-26 22:10:21.236868,18.314781188964844
2026-04-26 22:10:21.433511,2026-04-26 22:10:21.433511,18.38006401062012
2026-04-26 22:10:21.634660,2026-04-26 22:10:21.634660,18.43555450439453
2026-04-26 22:10:21.837687,2026-04-26 22:10:21.837687,18.48272132873535
2026-04-26 22:10:22.034914,2026-04-26 22:10:22.034914,18.52281379699707
2026-04-26 22:10:22.234393,2026-04-26 22:10:22.234393,18.7326717376709
2026-04-26 22:10:22.435459,2026-04-26 22:10:22.435459,18.911052703857425
2026-04-26 22:10:22.632699,2026-04-26 22:10:22.632699,19.06267547607422
2026-04-26 22:10:22.833911,2026-04-26 22:10:22.833911,19.191556930541992
2026-04-26 22:10:23.033177,2026-04-26 22:10:23.033177,19.301103591918945
2026-04-26 22:10:23.235476,2026-04-26 22:10:23.235476,19.39422035217285
2026-04-26 22:10:23.432685,2026-04-26 22:10:23.432685,19.47336769104004
2026-04-26 22:10:23.633722,2026-04-26 22:10:23.633722,19.5406436920166
2026-04-26 22:10:23.834962,2026-04-26 22:10:23.834962,19.597827911376957
2026-04-26 22:10:24.032767,2026-04-26 22:10:24.032767,19.646434783935547
2026-04-26 22:10:24.233942,2026-04-26 22:10:24.233942,19.68775177001953
2026-04-26 22:10:24.432850,2026-04-26 22:10:24.432850,19.722869873046875
2026-04-26 22:10:24.633489,2026-04-26 22:10:24.633489,19.75271987915039
2026-04-26 22:10:24.833165,2026-04-26 22:10:24.833165,19.77809333801269
2026-04-26 22:10:25.032566,2026-04-26 22:10:25.032566,19.97544288635254
2026-04-26 22:10:25.234138,2026-04-26 22:10:25.234138,20.1431884765625
2026-04-26 22:10:25.433022,2026-04-26 22:10:25.433022,20.2857723236084
2026-04-26 22:10:25.634850,2026-04-26 22:10:25.634850,20.40696907043457
2026-04-26 22:10:25.832757,2026-04-26 22:10:25.832757,20.509986877441406
2026-04-26 22:10:26.033305,2026-04-26 22:10:26.033305,20.597551345825195
2026-04-26 22:10:39.133743,2026-04-26 22:10:39.133743,20.671979904174805
2026-04-26 22:10:39.332910,2026-04-26 22:10:39.332910,20.735246658325195
2026-04-26 22:10:39.534223,2026-04-26 22:10:39.534223,20.96480369567871
2026-04-26 22:10:39.732702,2026-04-26 22:10:39.732702,21.15992546081543
2026-04-26 22:10:39.933205,2026-04-26 22:10:39.933205,21.325780868530277
2026-04-26 22:10:40.135529,2026-04-26 22:10:40.135529,21.46675682067871
2026-04-26 22:10:40.335803,2026-04-26 22:10:40.335803,21.76236915588379
2026-04-26 22:10:40.536690,2026-04-26 22:10:40.536690,22.01363945007324
2026-04-26 22:10:40.736346,2026-04-26 22:10:40.736346,22.227218627929688
2026-04-26 22:10:40.935487,2026-04-26 22:10:40.935487,22.40876007080078
2026-04-26 22:10:41.135641,2026-04-26 22:10:41.135641,22.73885154724121
2026-04-26 22:10:41.335690,2026-04-26 22:10:41.335690,23.01943016052246
2026-04-26 22:10:41.535108,2026-04-26 22:10:41.535108,23.257923126220703
2026-04-26 22:10:41.734808,2026-04-26 22:10:41.734808,23.46063995361328
2026-04-26 22:10:41.936065,2026-04-26 22:10:41.936065,23.63294982910156
2026-04-26 22:10:42.134481,2026-04-26 22:10:42.134481,23.779415130615234
2026-04-26 22:10:42.334577,2026-04-26 22:10:42.334577,23.903907775878903
2026-04-26 22:10:42.532567,2026-04-26 22:10:42.532567,24.185508728027344
2026-04-26 22:10:42.735926,2026-04-26 22:10:42.735926,24.42487144470215
2026-04-26 22:10:42.933870,2026-04-26 22:10:42.933870,24.628328323364254
2026-04-26 22:10:43.136425,2026-04-26 22:10:43.136425,24.80126571655273
2026-04-26 22:10:43.332514,2026-04-26 22:10:43.332514,24.94826316833496
2026-04-26 22:10:43.536157,2026-04-26 22:10:43.536157,25.073211669921875
2026-04-26 22:10:43.735034,2026-04-26 22:10:43.735034,25.17941665649414
2026-04-26 22:10:43.940024,2026-04-26 22:10:43.940024,25.26969146728516
2026-04-26 22:10:44.133904,2026-04-26 22:10:44.133904,25.34642601013184
2026-04-26 22:10:44.333458,2026-04-26 22:10:44.333458,25.41164970397949
2026-04-26 22:10:44.533301,2026-04-26 22:10:44.533301,25.46708869934082
2026-04-26 22:10:44.733129,2026-04-26 22:10:44.733129,25.51421356201172
2026-04-26 22:10:44.933652,2026-04-26 22:10:44.933652,25.55426979064941
2026-04-26 22:10:45.133251,2026-04-26 22:10:45.133251,25.58831596374512
2026-04-26 22:10:45.332976,2026-04-26 22:10:45.332976,25.61725616455078
2026-04-26 22:10:45.534559,2026-04-26 22:10:45.534559,25.641855239868164
2026-04-26 22:10:45.732954,2026-04-26 22:10:45.732954,25.66276359558105
2026-04-26 22:10:45.933069,2026-04-26 22:10:45.933069,25.680538177490234
2026-04-26 22:10:46.132804,2026-04-26 22:10:46.132804,25.87142562866211
2026-04-26 22:10:46.333780,2026-04-26 22:10:46.333780,26.033679962158203
2026-04-26 22:10:46.532876,2026-04-26 22:10:46.532876,25.99581527709961
2026-04-26 22:10:46.733315,2026-04-26 22:10:46.733315,25.96363067626953
2026-04-26 22:10:46.933040,2026-04-26 22:10:46.933040,25.9362735748291
2026-04-26 22:10:47.133237,2026-04-26 22:10:47.133237,25.913021087646484
2026-04-26 22:10:47.333984,2026-04-26 22:10:47.333984,25.89325523376465
2026-04-26 22:10:47.533169,2026-04-26 22:10:47.533169,25.876453399658203
2026-04-26 22:10:47.733898,2026-04-26 22:10:47.733898,25.862173080444336
2026-04-26 22:10:47.934443,2026-04-26 22:10:47.934443,23.56487846374512
2026-04-26 22:10:48.132920,2026-04-26 22:10:48.132920,23.897335052490234
2026-04-26 22:10:48.333370,2026-04-26 22:10:48.333370,21.89476585388184
2026-04-26 22:10:48.533153,2026-04-26 22:10:48.533153,20.19258117675781
2026-04-26 22:10:48.732725,2026-04-26 22:10:48.732725,18.745725631713867
2026-04-26 22:10:48.932579,2026-04-26 22:10:48.932579,17.515897750854492
2026-04-26 22:10:49.132597,2026-04-26 22:10:49.132597,16.470544815063477
2026-04-26 22:10:49.333161,2026-04-26 22:10:49.333161,15.58199405670166
2026-04-26 22:10:49.533781,2026-04-26 22:10:49.533781,14.826725959777832
2026-04-26 22:10:49.732749,2026-04-26 22:10:49.732749,14.184748649597168
2026-04-26 22:10:49.932957,2026-04-26 22:10:49.932957,13.639067649841309
2026-04-26 22:10:50.132690,2026-04-26 22:10:50.132690,13.351019859313965
2026-04-26 22:10:50.332441,2026-04-26 22:10:50.332441,14.688210487365724
2026-04-26 22:10:50.532675,2026-04-26 22:10:50.532675,15.824822425842283
2026-04-26 22:10:50.733727,2026-04-26 22:10:50.733727,16.790943145751953
2026-04-26 22:10:50.933463,2026-04-26 22:10:50.933463,17.612146377563477
2026-04-26 22:10:51.132718,2026-04-26 22:10:51.132718,17.07969856262207
2026-04-26 22:10:51.332551,2026-04-26 22:10:51.332551,16.451337814331055
2026-04-26 22:10:51.533270,2026-04-26 22:10:51.533270,15.917230606079102
2026-04-26 22:10:51.733852,2026-04-26 22:10:51.733852,15.463239669799805
2026-04-26 22:10:51.932987,2026-04-26 22:10:51.932987,15.077347755432127
2026-04-26 22:10:52.132501,2026-04-26 22:10:52.132501,14.74933910369873
2026-04-26 22:10:52.334280,2026-04-26 22:10:52.334280,14.470532417297363
2026-04-26 22:10:52.532733,2026-04-26 22:10:52.532733,14.233546257019045
2026-04-26 22:10:52.734678,2026-04-26 22:10:52.734678,14.032108306884766
2026-04-26 22:10:52.933370,2026-04-26 22:10:52.933370,13.860885620117188
2026-04-26 22:10:53.134086,2026-04-26 22:10:53.134086,13.715346336364746
2026-04-26 22:10:53.334466,2026-04-26 22:10:53.334466,13.591638565063477
2026-04-26 22:10:53.533059,2026-04-26 22:10:53.533059,13.486486434936523
2026-04-26 22:10:53.733512,2026-04-26 22:10:53.733512,13.221325874328612
2026-04-26 22:10:53.934113,2026-04-26 22:10:53.934113,13.171720504760742
2026-04-26 22:10:54.132558,2026-04-26 22:10:54.132558,12.953775405883787
2026-04-26 22:10:54.333836,2026-04-26 22:10:54.333836,12.768521308898926
2026-04-26 22:10:54.533975,2026-04-26 22:10:54.533975,12.611055374145508
2026-04-26 22:10:54.734285,2026-04-26 22:10:54.734285,12.65299129486084
2026-04-26 22:10:54.932652,2026-04-26 22:10:54.932652,12.68863582611084
2026-04-26 22:10:55.132558,2026-04-26 22:10:55.132558,12.543152809143066
2026-04-26 22:10:55.333060,2026-04-26 22:10:55.333060,12.419492721557615
2026-04-26 22:10:55.532591,2026-04-26 22:10:55.532591,12.49016284942627
2026-04-26 22:10:55.733440,2026-04-26 22:10:55.733440,12.55023193359375
2026-04-26 22:10:55.934715,2026-04-26 22:10:55.934715,12.601290702819824
2026-04-26 22:10:56.132782,2026-04-26 22:10:56.132782,12.644691467285156
2026-04-26 22:10:56.332998,2026-04-26 22:10:56.332998,12.681581497192385
2026-04-26 22:10:56.533310,2026-04-26 22:10:56.533310,12.712937355041504
2026-04-26 22:10:56.732453,2026-04-26 22:10:56.732453,12.739590644836426
2026-04-26 22:10:56.933693,2026-04-26 22:10:56.933693,12.762246131896973
2026-04-26 22:10:57.133651,2026-04-26 22:10:57.133651,12.781502723693848
2026-04-26 22:10:57.333379,2026-04-26 22:10:57.333379,12.797870635986328
2026-04-26 22:10:57.533280,2026-04-26 22:10:57.533280,12.98756504058838
2026-04-26 22:10:57.733081,2026-04-26 22:10:57.733081,13.148805618286133
2026-04-26 22:10:57.934216,2026-04-26 22:10:57.934216,13.285860061645508
2026-04-26 22:10:58.133767,2026-04-26 22:10:58.133767,13.226574897766112
2026-04-26 22:10:58.332601,2026-04-26 22:10:58.332601,13.35196304321289
2026-04-26 22:10:58.533028,2026-04-26 22:10:58.533028,13.63432502746582
2026-04-26 22:10:58.733288,2026-04-26 22:10:58.733288,13.874332427978516
2026-04-26 22:10:58.932946,2026-04-26 22:10:58.932946,14.254119873046877
2026-04-26 22:10:59.134212,2026-04-26 22:10:59.134212,14.401158332824709
2026-04-26 22:10:59.332892,2026-04-26 22:10:59.332892,14.701922416687012
2026-04-26 22:10:59.532887,2026-04-26 22:10:59.532887,15.133352279663086
2026-04-26 22:10:59.732808,2026-04-26 22:10:59.732808,15.50006866455078
2026-04-26 22:10:59.933485,2026-04-26 22:10:59.933485,15.811777114868164
2026-04-26 22:11:00.133399,2026-04-26 22:11:00.133399,16.07672882080078
2026-04-26 22:11:00.333784,2026-04-26 22:11:00.333784,16.477720260620117
2026-04-26 22:11:00.533536,2026-04-26 22:11:00.533536,16.818561553955078
2026-04-26 22:11:00.736084,2026-04-26 22:11:00.736084,17.284059524536133
2026-04-26 22:11:00.933779,2026-04-26 22:11:00.933779,17.679731369018555
2026-04-26 22:11:01.134825,2026-04-26 22:11:01.134825,18.01605224609375
2026-04-26 22:11:01.336873,2026-04-26 22:11:01.336873,18.301925659179688
2026-04-26 22:11:01.534459,2026-04-26 22:11:01.534459,18.36913681030273
2026-04-26 22:11:01.740301,2026-04-26 22:11:01.740301,18.42626571655273
2026-04-26 22:11:01.934128,2026-04-26 22:11:01.934128,18.47482681274414
2026-04-26 22:11:02.134600,2026-04-26 22:11:02.134600,18.516101837158203
2026-04-26 22:11:02.334087,2026-04-26 22:11:02.334087,18.72696876525879
2026-04-26 22:11:02.532578,2026-04-26 22:11:02.532578,18.90620422363281
2026-04-26 22:11:02.734274,2026-04-26 22:11:02.734274,19.058555603027344
2026-04-26 22:11:02.933107,2026-04-26 22:11:02.933107,19.18805313110352
2026-04-26 22:11:03.135597,2026-04-26 22:11:03.135597,19.298126220703125
2026-04-26 22:11:03.335226,2026-04-26 22:11:03.335226,19.39168930053711
2026-04-26 22:11:03.534425,2026-04-26 22:11:03.534425,19.471216201782227
2026-04-26 22:11:03.733834,2026-04-26 22:11:03.733834,19.53881454467773
2026-04-26 22:11:03.934227,2026-04-26 22:11:03.934227,19.59627342224121
2026-04-26 22:11:04.134646,2026-04-26 22:11:04.134646,19.64511489868164
2026-04-26 22:11:04.332932,2026-04-26 22:11:04.332932,19.686628341674805
2026-04-26 22:11:17.434262,2026-04-26 22:11:17.434262,19.72191619873047
2026-04-26 22:11:17.634371,2026-04-26 22:11:17.634371,19.751909255981445
2026-04-26 22:11:17.833077,2026-04-26 22:11:17.833077,19.77740478515625
2026-04-26 22:11:18.034518,2026-04-26 22:11:18.034518,19.799074172973636
2026-04-26 22:11:18.233736,2026-04-26 22:11:18.233736,19.817495346069336
2026-04-26 22:11:18.434661,2026-04-26 22:11:18.434661,19.657371520996094
2026-04-26 22:11:18.632995,2026-04-26 22:11:18.632995,19.521265029907227
2026-04-26 22:11:18.834048,2026-04-26 22:11:18.834048,19.405574798583984
2026-04-26 22:11:19.036095,2026-04-26 22:11:19.036095,19.307239532470703
2026-04-26 22:11:19.234089,2026-04-26 22:11:19.234089,19.22365379333496
2026-04-26 22:11:19.434675,2026-04-26 22:11:19.434675,19.15260505676269
2026-04-26 22:11:19.634579,2026-04-26 22:11:19.634579,19.092214584350582
2026-04-26 22:11:19.838284,2026-04-26 22:11:19.838284,19.040882110595703
2026-04-26 22:11:20.032766,2026-04-26 22:11:20.032766,18.997249603271484
2026-04-26 22:11:20.234821,2026-04-26 22:11:20.234821,18.96016311645508
2026-04-26 22:11:20.434982,2026-04-26 22:11:20.434982,18.928638458251957
2026-04-26 22:11:20.634646,2026-04-26 22:11:20.634646,18.72606086730957
2026-04-26 22:11:20.838646,2026-04-26 22:11:20.838646,18.72965240478516
2026-04-26 22:11:21.033138,2026-04-26 22:11:21.033138,18.732704162597656
2026-04-26 22:11:21.234226,2026-04-26 22:11:21.234226,18.73529815673828
2026-04-26 22:11:21.432596,2026-04-26 22:11:21.432596,18.73750305175781
2026-04-26 22:11:21.634351,2026-04-26 22:11:21.634351,18.563596725463867
2026-04-26 22:11:21.835823,2026-04-26 22:11:21.835823,18.415775299072266
2026-04-26 22:11:22.034795,2026-04-26 22:11:22.034795,18.290128707885746
2026-04-26 22:11:22.233193,2026-04-26 22:11:22.233193,18.00754737854004
2026-04-26 22:11:22.433335,2026-04-26 22:11:22.433335,17.943134307861328
2026-04-26 22:11:22.633337,2026-04-26 22:11:22.633337,17.888381958007812
2026-04-26 22:11:22.833856,2026-04-26 22:11:22.833856,17.841842651367188
2026-04-26 22:11:23.036715,2026-04-26 22:11:23.036715,17.62650489807129
2026-04-26 22:11:23.236493,2026-04-26 22:11:23.236493,17.443466186523438
2026-04-26 22:11:23.433922,2026-04-26 22:11:23.433922,17.287883758544922
2026-04-26 22:11:23.632429,2026-04-26 22:11:23.632429,16.9798583984375
2026-04-26 22:11:23.835628,2026-04-26 22:11:23.835628,16.718034744262695
2026-04-26 22:11:24.033231,2026-04-26 22:11:24.033231,16.495485305786133
2026-04-26 22:11:24.235840,2026-04-26 22:11:24.235840,16.306320190429688
2026-04-26 22:11:24.435675,2026-04-26 22:11:24.435675,16.145526885986328
2026-04-26 22:11:24.634675,2026-04-26 22:11:24.634675,16.00885581970215
2026-04-26 22:11:24.833570,2026-04-26 22:11:24.833570,15.892683029174805
2026-04-26 22:11:25.035433,2026-04-26 22:11:25.035433,15.793936729431152
2026-04-26 22:11:25.234484,2026-04-26 22:11:25.234484,15.710002899169922
2026-04-26 22:11:25.436062,2026-04-26 22:11:25.436062,15.63865852355957
2026-04-26 22:11:25.632697,2026-04-26 22:11:25.632697,15.40223503112793
2026-04-26 22:11:25.833120,2026-04-26 22:11:25.833120,15.201274871826172
2026-04-26 22:11:26.032993,2026-04-26 22:11:26.032993,15.206239700317385
2026-04-26 22:11:26.236036,2026-04-26 22:11:26.236036,15.21045970916748
2026-04-26 22:11:26.432960,2026-04-26 22:11:26.432960,15.2140474319458
2026-04-26 22:11:26.633932,2026-04-26 22:11:26.633932,15.041315078735352
2026-04-26 22:11:26.833497,2026-04-26 22:11:26.833497,14.894493103027344
2026-04-26 22:11:27.033156,2026-04-26 22:11:27.033156,14.945475578308104
2026-04-26 22:11:27.233068,2026-04-26 22:11:27.233068,16.92240333557129
2026-04-26 22:11:27.433187,2026-04-26 22:11:27.433187,18.602792739868164
2026-04-26 22:11:27.632559,2026-04-26 22:11:27.632559,20.031124114990234
2026-04-26 22:11:27.832409,2026-04-26 22:11:27.832409,21.24520492553711
2026-04-26 22:11:28.033228,2026-04-26 22:11:28.033228,22.27717399597168
2026-04-26 22:11:28.233690,2026-04-26 22:11:28.233690,23.15434837341309
2026-04-26 22:11:28.432370,2026-04-26 22:11:28.432370,23.899946212768555
2026-04-26 22:11:28.632578,2026-04-26 22:11:28.632578,24.53370475769043
2026-04-26 22:11:28.833183,2026-04-26 22:11:28.833183,25.072399139404297
2026-04-26 22:11:29.033099,2026-04-26 22:11:29.033099,25.530288696289062
2026-04-26 22:11:29.232502,2026-04-26 22:11:29.232502,25.91949462890625
2026-04-26 22:11:29.432544,2026-04-26 22:11:29.432544,26.250320434570312
2026-04-26 22:11:29.633156,2026-04-26 22:11:29.633156,26.53152275085449
2026-04-26 22:11:29.834343,2026-04-26 22:11:29.834343,26.770544052124023
2026-04-26 22:11:30.032430,2026-04-26 22:11:30.032430,26.797931671142575
2026-04-26 22:11:30.233190,2026-04-26 22:11:30.233190,26.82121086120605
2026-04-26 22:11:30.433939,2026-04-26 22:11:30.433939,26.84099769592285
2026-04-26 22:11:30.633090,2026-04-26 22:11:30.633090,26.857816696166992
2026-04-26 22:11:30.834152,2026-04-26 22:11:30.834152,26.87211227416992
2026-04-26 22:11:31.033900,2026-04-26 22:11:31.033900,26.88426399230957
2026-04-26 22:11:31.233075,2026-04-26 22:11:31.233075,26.894594192504883
2026-04-26 22:11:31.433775,2026-04-26 22:11:31.433775,26.90337371826172
2026-04-26 22:11:31.633715,2026-04-26 22:11:31.633715,26.910837173461918
2026-04-26 22:11:31.833973,2026-04-26 22:11:31.833973,26.917179107666016
2026-04-26 22:11:32.033365,2026-04-26 22:11:32.033365,27.098352432250977
2026-04-26 22:11:32.233235,2026-04-26 22:11:32.233235,27.076568603515625
2026-04-26 22:11:32.432940,2026-04-26 22:11:32.432940,27.05805206298828
2026-04-26 22:11:32.633320,2026-04-26 22:11:32.633320,27.042312622070312
2026-04-26 22:11:32.834052,2026-04-26 22:11:32.834052,27.02893447875977
2026-04-26 22:11:33.033560,2026-04-26 22:11:33.033560,27.017562866210938
2026-04-26 22:11:33.232502,2026-04-26 22:11:33.232502,27.00789833068848
2026-04-26 22:11:33.434040,2026-04-26 22:11:33.434040,26.99968147277832
2026-04-26 22:11:33.633238,2026-04-26 22:11:33.633238,26.992698669433597
2026-04-26 22:11:33.832486,2026-04-26 22:11:33.832486,26.98676300048828
2026-04-26 22:11:34.033673,2026-04-26 22:11:34.033673,26.98171615600586
2026-04-26 22:11:34.233432,2026-04-26 22:11:34.233432,26.977428436279297
2026-04-26 22:11:34.433318,2026-04-26 22:11:34.433318,26.97378158569336
2026-04-26 22:11:34.632347,2026-04-26 22:11:34.632347,26.970684051513672
2026-04-26 22:11:34.832512,2026-04-26 22:11:34.832512,26.96805000305176
2026-04-26 22:11:35.032430,2026-04-26 22:11:35.032430,26.96581077575684
2026-04-26 22:11:35.233945,2026-04-26 22:11:35.233945,26.96390914916992
2026-04-26 22:11:35.432580,2026-04-26 22:11:35.432580,26.962291717529297
2026-04-26 22:11:35.632734,2026-04-26 22:11:35.632734,26.96091651916504
2026-04-26 22:11:35.832904,2026-04-26 22:11:35.832904,26.959747314453125
2026-04-26 22:11:36.032673,2026-04-26 22:11:36.032673,26.95875358581543
2026-04-26 22:11:36.233250,2026-04-26 22:11:36.233250,26.957910537719727
2026-04-26 22:11:36.433021,2026-04-26 22:11:36.433021,26.95719146728516
2026-04-26 22:11:36.636662,2026-04-26 22:11:36.636662,26.956581115722656
2026-04-26 22:11:36.832791,2026-04-26 22:11:36.832791,26.956064224243164
2026-04-26 22:11:37.032517,2026-04-26 22:11:37.032517,26.95562171936035
2026-04-26 22:11:37.233501,2026-04-26 22:11:37.233501,26.95524787902832
2026-04-26 22:11:37.433289,2026-04-26 22:11:37.433289,26.95492935180664
2026-04-26 22:11:37.632525,2026-04-26 22:11:37.632525,26.95465850830078
2026-04-26 22:11:37.832570,2026-04-26 22:11:37.832570,26.954429626464844
2026-04-26 22:11:38.032485,2026-04-26 22:11:38.032485,26.954233169555664
2026-04-26 22:11:38.232778,2026-04-26 22:11:38.232778,26.95406723022461
2026-04-26 22:11:38.433918,2026-04-26 22:11:38.433918,26.95392608642578
2026-04-26 22:11:38.632658,2026-04-26 22:11:38.632658,26.953805923461918
2026-04-26 22:11:38.832927,2026-04-26 22:11:38.832927,26.953702926635746
2026-04-26 22:11:39.033888,2026-04-26 22:11:39.033888,26.953617095947266
2026-04-26 22:11:39.233095,2026-04-26 22:11:39.233095,26.953542709350582
2026-04-26 22:11:39.433480,2026-04-26 22:11:39.433480,26.953479766845703
2026-04-26 22:11:39.632986,2026-04-26 22:11:39.632986,26.953426361083984
2026-04-26 22:11:39.832705,2026-04-26 22:11:39.832705,26.95338249206543
2026-04-26 22:11:40.033444,2026-04-26 22:11:40.033444,26.95334243774414
2026-04-26 22:11:40.235441,2026-04-26 22:11:40.235441,26.777528762817383
2026-04-26 22:11:40.433944,2026-04-26 22:11:40.433944,26.628087997436523
2026-04-26 22:11:40.633152,2026-04-26 22:11:40.633152,26.50106239318848
2026-04-26 22:11:40.833014,2026-04-26 22:11:40.833014,26.393089294433597
2026-04-26 22:11:41.033512,2026-04-26 22:11:41.033512,26.301313400268555
2026-04-26 22:11:41.233189,2026-04-26 22:11:41.233189,26.22330474853516
2026-04-26 22:11:41.434295,2026-04-26 22:11:41.434295,26.15699577331543
2026-04-26 22:11:41.634591,2026-04-26 22:11:41.634591,26.10063362121582
2026-04-26 22:11:41.833938,2026-04-26 22:11:41.833938,26.05272674560547
2026-04-26 22:11:42.034405,2026-04-26 22:11:42.034405,26.01200485229492
2026-04-26 22:11:42.235384,2026-04-26 22:11:42.235384,25.977392196655277
2026-04-26 22:11:42.434813,2026-04-26 22:11:42.434813,25.94797134399414
2026-04-26 22:11:42.635274,2026-04-26 22:11:42.635274,25.922962188720703
2026-04-26 22:11:55.733865,2026-04-26 22:11:55.733865,25.901704788208008
2026-04-26 22:11:55.934229,2026-04-26 22:11:55.934229,25.88363647460937
2026-04-26 22:11:56.133920,2026-04-26 22:11:56.133920,25.69249725341797
2026-04-26 22:11:56.333017,2026-04-26 22:11:56.333017,25.530029296875
2026-04-26 22:11:56.538260,2026-04-26 22:11:56.538260,25.39193153381348
2026-04-26 22:11:56.735473,2026-04-26 22:11:56.735473,25.274547576904297
2026-04-26 22:11:56.934277,2026-04-26 22:11:56.934277,25.17477226257324
2026-04-26 22:11:57.135021,2026-04-26 22:11:57.135021,25.089962005615234
2026-04-26 22:11:57.336069,2026-04-26 22:11:57.336069,25.01787376403809
2026-04-26 22:11:57.533886,2026-04-26 22:11:57.533886,24.956600189208984
2026-04-26 22:11:57.733192,2026-04-26 22:11:57.733192,24.904516220092773
2026-04-26 22:11:57.933520,2026-04-26 22:11:57.933520,24.86024475097656
2026-04-26 22:11:58.133097,2026-04-26 22:11:58.133097,24.822614669799805
2026-04-26 22:11:58.337236,2026-04-26 22:11:58.337236,24.79062843322754
2026-04-26 22:11:58.533466,2026-04-26 22:11:58.533466,24.76344108581543
2026-04-26 22:11:58.733004,2026-04-26 22:11:58.733004,24.74032974243164
2026-04-26 22:11:58.933600,2026-04-26 22:11:58.933600,24.720687866210938
2026-04-26 22:11:59.132902,2026-04-26 22:11:59.132902,24.703990936279297
2026-04-26 22:11:59.333563,2026-04-26 22:11:59.333563,24.68979835510254
2026-04-26 22:11:59.532849,2026-04-26 22:11:59.532849,24.677734375
2026-04-26 22:11:59.733692,2026-04-26 22:11:59.733692,24.66748046875
2026-04-26 22:11:59.933672,2026-04-26 22:11:59.933672,24.834545135498047
2026-04-26 22:12:00.133611,2026-04-26 22:12:00.133611,24.976551055908203
2026-04-26 22:12:00.334377,2026-04-26 22:12:00.334377,25.09725570678711
2026-04-26 22:12:00.534200,2026-04-26 22:12:00.534200,25.19985580444336
2026-04-26 22:12:00.734129,2026-04-26 22:12:00.734129,25.287065505981445
2026-04-26 22:12:00.932976,2026-04-26 22:12:00.932976,25.36119270324707
2026-04-26 22:12:01.134602,2026-04-26 22:12:01.134602,25.42420196533203
2026-04-26 22:12:01.334146,2026-04-26 22:12:01.334146,25.477758407592773
2026-04-26 22:12:01.533193,2026-04-26 22:12:01.533193,25.523283004760746
2026-04-26 22:12:01.732659,2026-04-26 22:12:01.732659,25.56197738647461
2026-04-26 22:12:01.933241,2026-04-26 22:12:01.933241,25.594867706298828
2026-04-26 22:12:02.134750,2026-04-26 22:12:02.134750,25.622825622558597
2026-04-26 22:12:02.332763,2026-04-26 22:12:02.332763,25.646589279174805
2026-04-26 22:12:02.534704,2026-04-26 22:12:02.534704,25.84256935119629
2026-04-26 22:12:02.732625,2026-04-26 22:12:02.732625,26.009153366088867
2026-04-26 22:12:02.933007,2026-04-26 22:12:02.933007,25.97496795654297
2026-04-26 22:12:03.134598,2026-04-26 22:12:03.134598,26.12169075012207
2026-04-26 22:12:03.333778,2026-04-26 22:12:03.333778,26.24640655517578
2026-04-26 22:12:03.535633,2026-04-26 22:12:03.535633,26.352413177490234
2026-04-26 22:12:03.734338,2026-04-26 22:12:03.734338,26.44252014160156
2026-04-26 22:12:03.937051,2026-04-26 22:12:03.937051,26.51911163330078
2026-04-26 22:12:04.134438,2026-04-26 22:12:04.134438,26.584213256835938
2026-04-26 22:12:04.332608,2026-04-26 22:12:04.332608,26.639549255371094
2026-04-26 22:12:04.535012,2026-04-26 22:12:04.535012,26.686586380004883
